band,mjd,survey_id,ra,dec,oid,measurement_id,parentDiaSourceId,diaObjectId,psfFlux,psfFluxErr,psfFlux_flag,psfFlux_flag_edge,psfFlux_flag_noGoodPixels,scienceFlux,scienceFluxErr,has_stamp,visit,detector,ssObjectId,raErr,decErr,ra_dec_Cov,x,xErr,y,yErr,centroid_flag,apFlux,apFluxErr,apFlux_flag,apFlux_flag_apertureTruncated,isNegative,snr,psfLnL,psfChi2,psfNdata,trailFlux,trailFluxErr,trailRa,trailRaErr,trailDec,trailDecErr,trailLength,trailLengthErr,trailAngle,trailAngleErr,trailChi2,trailNdata,trail_flag_edge,dipoleMeanFlux,dipoleMeanFluxErr,dipoleFluxDiff,dipoleFluxDiffErr,dipoleLength,dipoleAngle,dipoleChi2,dipoleNdata,forced_PsfFlux_flag,forced_PsfFlux_flag_edge,forced_PsfFlux_flag_noGoodPixels,templateFlux,templateFluxErr,ixx,iyy,ixy,ixxPSF,iyyPSF,ixyPSF,shape_flag,shape_flag_no_pixels,shape_flag_not_contained,shape_flag_parent_source,extendedness,reliability,isDipole,dipoleFitAttempted,timeProcessedMjdTai,timeWithdrawnMjdTai,bboxSize,pixelFlags,pixelFlags_bad,pixelFlags_cr,pixelFlags_crCenter,pixelFlags_edge,pixelFlags_nodata,pixelFlags_nodataCenter,pixelFlags_interpolated,pixelFlags_interpolatedCenter,pixelFlags_offimage,pixelFlags_saturated,pixelFlags_saturatedCenter,pixelFlags_suspect,pixelFlags_suspectCenter,pixelFlags_streak,pixelFlags_streakCenter,pixelFlags_injected,pixelFlags_injectedCenter,pixelFlags_injected_template,pixelFlags_injected_templateCenter,glint_trail,band_name
3,61090.2484597937,lsst,186.91011386181495,8.014839705785743,170028526740701203,170028526608580692,0,170028526740701203,21573.92,425.35745,0,0,0,129116.68,429.08737,False,2026021800361,70,,5.12719e-06,5.314676e-06,-2.024943e-12,1142.6836,0.09016695,2865.0403,0.09782571,False,22570.559,789.9673,False,False,False,50.42993,,1705.8649,1681,21254.799,2.0053427,186.91011516836514,,8.014841513741333,,0.85611933,,107.725876,,,0,False,,,,,,,,0,False,False,False,106892.805,19.436436,0.32556057,0.33580008,0.031892166,0.32712862,0.3585255,0.03952599,False,False,False,False,0.010721289,0.9504922,False,False,61090.25026274209,,38,False,False,False,False,False,False,False,False,False,False,False,False,False,False,False,False,False,False,False,False,False,i
3,61090.24892803998,lsst,186.91010199651126,8.014842477338389,170028526740701203,170028526740701203,0,170028526740701203,21021.926,417.85425,0,0,0,123935.32,421.04333,False,2026021800362,66,,5.222503e-06,5.298616e-06,-1.1650264e-12,1863.9152,0.092667826,701.0686,0.0968402,False,23131.42,779.55884,False,False,False,50.082863,,1753.8507,1681,20838.646,0.7110007,186.9101039248925,,8.01484400125513,,0.95579106,,101.53787,,,0,False,,,,,,,,0,False,False,False,102428.81,24.932985,0.32547298,0.32906294,0.040818583,0.3203842,0.34661317,0.035338484,False,False,False,False,0.002911213,0.9470405,False,False,61090.25069874489,,38,False,False,False,False,False,False,False,False,False,False,False,False,False,False,False,False,False,False,False,False,False,i
3,61090.250326740745,lsst,186.9101134445951,8.014843737653905,170028526740701203,170028527165374510,0,170028526740701203,21015.385,413.98865,0,0,0,123620.69,416.0134,False,2026021800365,108,,5.4348907e-06,5.44639e-06,-2.0225815e-12,3672.7441,0.094631314,1980.5701,0.10124016,False,23735.549,778.7918,False,False,False,49.853897,,1712.5863,1681,19809.129,0.51776105,186.91011390297047,,8.01484396344972,,0.4456425,,-23.858307,,,0,False,,,,,,,,0,False,False,False,102078.28,21.630917,0.33954751,0.35236034,-0.0054250974,0.30798674,0.33749896,0.006247727,False,False,False,False,0.04092516,0.9461321,False,False,61090.252143908656,,39,False,False,False,False,False,False,False,False,False,False,False,False,False,False,False,False,False,False,False,False,False,i
3,61090.25122729094,lsst,186.91010829313961,8.01484150178444,170028526740701203,170028527435382786,0,170028526740701203,21812.57,406.64032,0,0,0,123188.55,412.1891,False,2026021800367,111,,4.9541977e-06,5.089344e-06,3.893014e-12,1279.9943,0.09730119,33.483044,0.083013535,False,24499.23,780.67334,False,False,False,53.304832,,1759.6294,1681,21883.588,0.46183497,186.91010989618565,,8.014842554015274,,1.1669204,,12.353123,,,0,False,,,,,,,,0,False,False,False,100263.47,19.560188,0.3862259,0.31495944,-0.051530205,0.31395945,0.2862025,-0.019128352,False,False,False,False,0.19161893,0.95489734,False,False,61090.25302647472,,36,False,False,False,False,False,False,False,False,False,False,False,False,False,False,False,False,False,False,False,False,False,i
3,61090.25215792912,lsst,186.91010099422172,8.014841735108384,170028526740701203,170028527703818297,0,170028526740701203,20666.762,398.45682,0,0,0,114938.914,401.70044,False,2026021800369,111,,4.985409e-06,4.729731e-06,-3.0903138e-12,3151.492,0.081144825,2279.369,0.093438774,False,21898.652,779.54553,False,False,False,51.56781,,1870.943,1681,20047.48,0.35848424,186.9101017583621,,8.014842023603448,,0.8907043,,-46.28797,,,0,False,,,,,,,,0,False,False,False,93721.83,18.02662,0.2643465,0.33107445,-0.011734733,0.27858508,0.30006936,-0.0039474326,False,False,False,False,0.0060607465,0.8967187,False,False,61090.25397985299,,32,False,False,False,False,False,False,False,False,False,False,False,False,False,False,False,False,False,False,False,False,False,i
3,61090.25262407558,lsst,186.91010802317493,8.014840961897855,170028526740701203,170028527838036006,0,170028526740701203,21236.824,401.15125,0,0,0,117265.82,403.5212,False,2026021800370,111,,5.3657463e-06,4.9935534e-06,-3.6535614e-12,1914.8914,0.08588948,1477.2733,0.10021006,False,25257.988,781.4639,False,False,False,52.779774,,1799.6027,1681,20567.234,0.24390681,186.91010795515032,,8.014841493893568,,0.77321154,,114.17815,,,0,False,,,,,,,,0,False,False,False,95345.664,19.315428,0.32172173,0.37224987,0.006215911,0.27908862,0.32330358,0.008805714,False,False,False,False,0.15984417,0.9656333,False,False,61090.25430639316,,40,False,False,False,False,False,False,False,False,False,False,False,False,False,False,False,False,False,False,False,False,False,i
3,61090.25309120117,lsst,186.91011522965377,8.014839902699604,170028526740701203,170028527970680902,0,170028526740701203,21276.35,378.5889,1,0,0,106303.15,380.25745,False,2026021800371,108,,4.3865243e-06,4.0902632e-06,-1.8835534e-12,510.9975,0.07141609,2795.274,0.08099139,True,22673.314,775.3506,True,False,False,56.083553,,1769.9935,1681,,,,,,,,,,,,0,False,,,,,,,,0,True,False,False,84547.51,19.393707,0.24777436,0.28260508,0.009913172,0.24132824,0.28125045,0.013172135,True,False,False,False,,0.96135247,False,False,61090.25501546818,,48,False,False,False,False,False,False,False,False,False,False,False,False,False,False,False,False,False,False,False,False,False,i
3,61090.25355513746,lsst,186.91011560140282,8.014838956017973,170028526740701203,170028528129015870,0,170028526740701203,20419.734,396.5535,0,0,0,113128.14,399.2459,False,2026021800372,154,,5.3636386e-06,4.5082866e-06,-5.029356e-12,1562.667,0.076446205,2061.4277,0.100446306,False,20612.443,783.109,False,False,False,51.32504,,1740.9451,1681,20574.129,1.2251863,186.91011707010998,,8.014838493763609,,1.0191737,,98.357574,,,0,False,,,,,,,,0,False,False,False,92207.36,30.6484,0.25987136,0.33903387,0.02585427,0.25355166,0.33882377,0.02357052,False,False,False,False,0.00090115017,0.9593941,False,False,61090.25532884087,,30,False,False,False,False,False,False,False,False,False,False,False,False,False,False,False,False,False,False,False,False,False,i
3,61090.254021007175,lsst,186.91010534039188,8.014840765266227,170028526740701203,170028528243310702,0,170028526740701203,21457.21,432.53265,0,0,0,126436.766,433.78717,False,2026021800373,116,,6.3261896e-06,5.239884e-06,-6.1698142e-12,521.4729,0.090080746,3556.099,0.11747336,False,24262.48,805.4764,False,False,False,48.66736,,1749.7468,1681,21346.637,0.5382481,186.9101054552243,,8.014841209625292,,1.0677088,,-50.688576,,,0,False,,,,,,,,0,False,False,False,104571.945,20.926659,0.3315253,0.41631085,-0.028935127,0.28527617,0.3800311,-0.002540999,False,False,False,False,0.1204343,0.93645245,False,False,61090.25576794062,,37,False,False,False,False,False,False,False,False,False,False,False,False,False,False,False,False,False,False,False,False,False,i
1,61090.25633787492,lsst,186.9101210402962,8.01486509041694,170028526740701203,170028528487628819,0,170028526740701203,6617.025,223.92389,0,0,0,56935.742,224.76355,False,2026021800375,70,,9.732753e-06,9.812924e-06,-7.514969e-12,1870.9882,0.16901122,611.7003,0.18275344,False,6917.0186,387.93814,False,False,False,29.071903,,1729.6299,1681,6963.536,2.219719,186.91012173486402,,8.014866328338982,,1.4357102,,94.28773,,,0,False,,,,,,,,0,False,False,False,50121.625,9.6675205,0.41189113,0.4180978,0.09751649,0.37253934,0.44244045,0.04710307,False,False,False,False,0.003453625,0.64961356,False,False,61090.258047764364,,35,False,False,False,False,False,False,False,False,False,False,False,False,False,False,False,False,False,False,False,False,False,g
1,61090.25679239822,lsst,186.9101270054148,8.014849837590464,170028526740701203,170028528642293765,0,170028526740701203,6022.0054,236.1077,0,0,0,64954.945,238.93535,False,2026021800376,109,,1.1606386e-05,1.23770615e-05,-2.7310647e-11,1555.9738,0.19332649,182.8047,0.23654872,False,6230.8784,388.46478,False,False,False,25.276798,,1767.7507,1681,6322.5044,2.8220181,186.91012958398565,,8.01485044743562,,1.3328624,,122.256256,,,0,False,,,,,,,,0,False,False,False,58662.33,10.269789,0.39072597,0.50784004,0.057238903,0.40777236,0.5269896,0.048640117,False,False,False,False,0.017380886,0.58137625,False,False,61090.2585845234,,37,False,False,False,False,False,False,False,False,False,False,False,False,False,False,False,False,False,False,False,False,False,g
1,61090.25725973866,lsst,186.91011257969774,8.014859809550124,170028526740701203,170028528753967142,0,170028526740701203,5915.3047,231.11021,0,0,0,60505.035,231.71747,False,2026021800377,66,,1.1054378e-05,1.1298597e-05,-1.2150018e-11,2687.7373,0.1910374,2058.2515,0.21099225,False,6102.628,387.50537,False,False,False,25.29132,,1578.4243,1681,6236.894,7.215244,186.9101160310537,,8.01485892773201,,1.4862723,,103.25669,,,0,False,,,,,,,,0,False,False,False,54420.07,12.454484,0.409215,0.45706165,0.10216263,0.42402005,0.4956426,0.10397566,False,False,False,False,0.0380269,0.60623294,False,False,61090.25915606687,,37,False,False,False,False,False,False,False,False,False,False,False,False,False,False,False,False,False,False,False,False,False,g
1,61090.25772315839,lsst,186.91010560863157,8.01486067171117,170028526740701203,170028528890282043,0,170028526740701203,6235.12,212.51001,0,0,0,52211.586,214.05084,True,2026021800378,70,0.0,9.504639e-06,9.731199e-06,-1.7563105e-11,414.57773,0.15583758,2643.3843,0.18894187,False,6900.6064,386.9803,False,False,False,29.279308,,1680.6521,1681,6266.931,0.22172831,186.9101057449095,,8.014861715597478,,0.9364694,,128.9205,,,0,False,,,,,,,,0,False,False,False,45781.36,10.109376,0.31322485,0.3866606,0.012954323,0.3245358,0.39477366,0.025828827,False,False,False,False,0.006539958,0.62922835,False,False,61090.25953088909,,35,False,False,False,False,False,False,False,False,False,False,False,False,False,False,False,False,False,False,False,False,False,g
1,61090.2581880138,lsst,186.91010701179954,8.014846623467653,170028526740701203,170028529045995579,0,170028526740701203,5980.5557,201.88223,0,0,0,49308.05,203.49881,False,2026021800379,111,,9.541314e-06,9.518019e-06,2.3490834e-11,1154.7979,0.19250932,3452.5613,0.14761354,False,6172.96,380.2192,False,False,False,28.980572,,1794.5342,1681,6257.1763,1.7606354,186.91010915081952,,8.014849909665363,,1.4728268,,21.44551,,,0,False,,,,,,,,0,False,False,False,43212.746,9.378952,0.43078026,0.28849316,-0.078056104,0.3296947,0.30139363,-0.032245938,False,False,False,False,0.14272973,0.61540085,False,False,61090.26020583525,,31,False,False,False,False,False,False,False,False,False,False,False,False,False,False,False,False,False,False,False,False,False,g
1,61090.25865463237,lsst,186.91011275970996,8.014826082568888,170028526740701203,170028529178640449,0,170028526740701203,6481.6504,231.29369,0,0,0,61459.516,231.94148,False,2026021800380,108,,9.804322e-06,9.906743e-06,1.1459428e-11,3886.54,0.1877586,3404.5737,0.16651751,False,6868.214,396.2202,False,False,False,27.10005,,1721.7604,1681,6357.001,3.2338912,186.9101145366195,,8.014818846184815,,1.0679357,,4.1901755,,,0,False,,,,,,,,0,False,False,False,54725.777,15.621537,0.3796928,0.3555387,-0.049980823,0.40420228,0.35821962,-0.051188704,False,False,False,False,0.01205385,0.58123827,False,False,61090.26067392074,,36,False,False,False,False,False,False,False,False,False,False,False,False,False,False,False,False,False,False,False,False,False,g
1,61090.25955613576,lsst,186.91010651049217,8.01484846538127,170028526740701203,170028529448648736,0,170028526740701203,6200.445,221.84514,0,0,0,57644.027,222.73267,False,2026021800382,111,,8.835698e-06,9.289364e-06,1.3343896e-11,1355.4058,0.17656846,1294.1809,0.1486039,False,6032.269,381.75037,False,False,False,27.366405,,1672.5421,1681,5823.7495,4.166852,186.91011022889327,,8.01483721405488,,0.83301425,,6.6465774,,,0,False,,,,,,,,0,False,False,False,51312.234,17.246992,0.34070495,0.3097591,-0.02630214,0.40820104,0.3425075,-0.036098436,False,False,False,False,0.15407115,0.59653723,False,False,61090.26137385778,,34,False,False,False,False,False,False,False,False,False,False,False,False,False,False,False,False,False,False,False,False,False,g
1,61090.260022685645,lsst,186.9101229673693,8.014865091876917,170028526740701203,170028529584963656,0,170028526740701203,6695.767,225.01094,0,0,0,56199.047,226.11856,False,2026021800383,115,,8.676669e-06,8.946162e-06,5.36533e-12,2568.3499,0.16474058,3643.0254,0.15251414,False,7403.8765,396.11203,False,False,False,29.144276,,1676.0432,1681,6525.341,1.1683478,186.91012518845176,,8.014868728908603,,1.0623078,,6.8579335,,,0,False,,,,,,,,0,False,False,False,49238.406,18.598307,0.42276,0.361735,-0.040344656,0.3767653,0.33399934,-0.04241004,False,False,False,False,0.09129957,0.6275677,False,False,61090.26185013912,,34,False,False,False,False,False,False,False,False,False,False,False,False,False,False,False,False,False,False,False,False,False,g
1,61090.260488989894,lsst,186.91010697204868,8.014854706412306,170028526740701203,170028529717084230,0,170028526740701203,5947.8584,206.20767,0,0,0,49717.67,206.68825,False,2026021800384,111,,8.4548765e-06,8.744773e-06,4.4385186e-12,3094.6094,0.16016057,3663.1663,0.14934534,False,5744.791,382.6158,False,False,False,28.844675,,1747.2341,1681,5767.162,0.831318,186.91010852265805,,8.014852433198106,,0.9514615,,-25.78683,,,0,False,,,,,,,,0,False,False,False,43680.113,14.5500145,0.27892584,0.3099632,-0.037717693,0.3426167,0.27792522,-0.026119407,False,False,False,False,0.019985747,0.6070628,False,False,61090.26258281151,,42,False,False,False,False,False,False,False,False,False,False,False,False,False,False,False,False,False,False,False,False,False,g
1,61090.2609555277,lsst,186.91011796538436,8.014846795536227,170028526740701203,170028529851301941,0,170028526740701203,6049.2236,194.17563,0,0,0,45483.6,194.88576,False,2026021800385,111,,7.201722e-06,8.053663e-06,9.252983e-12,1917.8103,0.15030743,2792.488,0.12343052,False,6352.7715,381.271,False,False,False,30.3831,,1684.3583,1681,5820.0405,1.0053333,186.91011934927994,,8.014844776020634,,0.9678873,,-0.3142084,,,0,False,,,,,,,,0,False,False,False,39222.793,14.751725,0.295392,0.2471635,-0.035144072,0.29390362,0.24899349,-0.01423298,False,False,False,False,2.6869163e-06,0.6274576,False,False,61090.262812531524,,28,False,False,False,False,False,False,False,False,False,False,False,False,False,False,False,False,False,False,False,False,False,g
1,61090.26188379151,lsst,186.91011057851244,8.014830060539818,170028526740701203,170028530142281799,0,170028526740701203,6121.186,203.67079,0,0,0,48829.32,205.58713,False,2026021800387,154,,8.084313e-06,8.721308e-06,4.8084223e-12,982.7154,0.15905559,3605.9067,0.14346968,False,6360.312,388.8268,False,False,False,29.894926,,1727.3308,1681,5883.24,0.67483765,186.91011125101093,,8.014830731143183,,0.8165442,,39.670845,,,0,False,,,,,,,,0,False,False,False,42468.6,11.308916,0.3253658,0.27832732,0.017603572,0.3099711,0.2806711,0.012559735,False,False,False,False,0.0036027706,0.6339299,False,False,61090.26379397656,,31,False,False,False,False,False,False,False,False,False,False,False,False,False,False,False,False,False,False,False,False,False,g
1,61090.262350704,lsst,186.91011107203587,8.014854392498517,170028526740701203,170028530277023778,0,170028526740701203,5811.837,198.12518,0,0,0,43322.383,198.25758,False,2026021800388,155,,9.557524e-06,7.982169e-06,-1.0458329e-11,104.47336,0.13988598,1059.8176,0.17534907,False,5451.0986,393.3804,False,False,False,29.240208,,1712.7933,1681,6042.135,0.42767605,186.91011301056645,,8.014856653371208,,1.2160457,,91.5886,,,0,False,,,,,,,,0,False,False,False,37535.7,13.645586,0.23513453,0.35165563,0.039037038,0.27055153,0.2849759,0.006414097,False,False,False,False,0.021790585,0.6412137,False,False,61090.26418051178,,27,False,False,False,False,False,False,False,False,False,False,False,False,False,False,False,False,False,False,False,False,False,g
1,61090.26281811891,lsst,186.91011566746536,8.014867009010175,170028526740701203,170028530405998633,0,170028526740701203,6554.9834,192.56563,0,0,0,44241.285,192.49919,False,2026021800389,145,,7.318139e-06,6.944242e-06,-1.6184606e-12,3672.3352,0.12436725,837.14087,0.13221179,False,6434.7827,376.40933,False,False,False,33.723656,,1751.7853,1681,6252.483,0.78379405,186.91011557583147,,8.014868625266706,,0.63773984,,78.54001,,,0,False,,,,,,,,0,False,False,False,37730.99,11.948161,0.259058,0.279853,0.014204645,0.27925172,0.28305626,0.016637737,False,False,False,False,0.012084964,0.6430187,False,False,61090.26466076146,,28,False,False,False,False,False,False,False,False,False,False,False,False,False,False,False,False,False,False,False,False,False,g
2,61090.266171857664,lsst,186.91011829006013,8.014849104868548,170028526740701203,170028530948636680,0,170028526740701203,14894.673,274.7352,0,0,0,78853.77,275.10767,False,2026021800393,156,,4.8253387e-06,4.0325376e-06,-5.375598e-13,3348.0144,0.07257978,338.33322,0.086969644,False,15608.97,540.6446,False,False,False,53.921017,,1591.3069,1681,14637.936,0.29409257,186.91011836236774,,8.014850889795987,,0.8313798,,-67.60331,,,0,False,,,,,,,,0,False,False,False,63517.645,15.483964,0.23743518,0.28699976,-0.018272305,0.25241673,0.3070249,-0.0048453757,False,False,False,False,0.027052889,0.95655406,False,False,61090.26782850138,,33,False,False,False,False,False,False,False,False,False,False,False,False,False,False,False,False,False,False,False,False,False,r
2,61090.26663871494,lsst,186.91010727573956,8.014839124917378,170028526740701203,170028531080232969,0,170028526740701203,14315.652,275.7721,0,0,0,80867.18,275.89795,False,2026021800394,151,,5.238575e-06,4.575124e-06,-1.4081579e-13,2826.3604,0.082354955,322.5216,0.0943267,False,14692.661,539.75116,False,False,False,50.580338,,1672.5166,1681,13846.539,0.29088542,186.91010763796268,,8.014841236992261,,0.6021723,,70.4387,,,0,False,,,,,,,,0,False,False,False,66169.13,11.478358,0.2756276,0.29907477,0.01028617,0.26607874,0.31530434,-0.009796323,False,False,False,False,0.00095952227,0.93563336,False,False,61090.26825642843,,34,False,False,False,False,False,False,False,False,False,False,False,False,False,False,False,False,False,False,False,False,False,r
2,61090.26757220684,lsst,186.91010921991304,8.01483683990825,170028526740701203,170028531347619905,0,170028526740701203,13672.69,257.37128,0,0,0,69611.73,254.68652,False,2026021800396,149,,4.23496e-06,4.2968836e-06,-6.120913e-14,662.5764,0.07737547,2741.1384,0.07622627,False,13759.323,543.41254,False,False,False,53.197533,,1751.6927,1681,13083.597,0.22383726,186.91010952960934,,8.014837455227172,,0.60185474,,-27.683329,,,0,False,,,,,,,,0,False,False,False,55741.094,14.5038185,0.24815217,0.22617292,-0.011191738,0.2377712,0.24220341,-0.015096115,False,False,False,False,0.0008311831,0.9662942,False,False,61090.26949081353,,28,False,False,False,False,False,False,False,False,False,False,False,False,False,False,False,False,False,False,False,False,False,r
2,61090.26850118982,lsst,186.91011205160183,8.014845383376938,170028526740701203,170028531632832626,0,170028526740701203,14336.29,262.62393,0,0,0,66507.01,261.3367,False,2026021800398,181,,3.95457e-06,4.2620327e-06,-5.3416803e-13,3732.0652,0.07699019,3198.7988,0.071027145,False,14973.866,559.67126,False,False,False,54.21356,,1725.4917,1681,13373.037,0.037146546,186.9101111094432,,8.014843974858291,,0.5159618,,-13.611528,,,0,False,,,,,,,,0,False,False,False,52097.996,15.456603,0.24234359,0.21959849,-0.0010252381,0.22918227,0.21314129,0.005779546,False,False,False,False,0.010838147,0.9814354,False,False,61090.27035553655,,29,False,False,False,False,False,False,False,False,False,False,False,False,False,False,False,False,False,False,False,False,False,r
2,61090.26896759249,lsst,186.91010897347803,8.014839755251858,170028526740701203,170028531751321648,0,170028526740701203,14582.952,256.09277,0,0,0,68961.28,254.3873,False,2026021800399,151,,3.851572e-06,4.1113904e-06,-5.588916e-13,4036.087,0.074332245,1842.9749,0.06902894,False,16066.048,536.5722,False,False,False,56.625496,,1667.7473,1681,13760.123,0.2062946,186.91010944957023,,8.014838775609398,,0.5889288,,-48.404045,,,0,False,,,,,,,,0,False,False,False,54199.34,15.074917,0.24112685,0.23046303,-0.0140173985,0.24308158,0.21401218,-0.0032709632,False,False,False,False,0.00573412,0.9851386,False,False,61090.27084955624,,30,False,False,False,False,False,False,False,False,False,False,False,False,False,False,False,False,False,False,False,False,False,r
2,61090.26943373301,lsst,186.91010835725675,8.014843808752207,170028526740701203,170028531885539340,0,170028526740701203,14153.73,260.7839,0,0,0,72004.87,260.22733,False,2026021800400,151,,4.2627726e-06,4.3458303e-06,-2.5450654e-13,3805.974,0.07840322,390.2031,0.07658014,False,14367.939,539.95294,False,False,False,54.24002,,1746.2317,1681,13799.786,0.391909,186.91010741250008,,8.014844457753888,,0.763605,,28.820227,,,0,False,,,,,,,,0,False,False,False,57452.434,13.657957,0.2477775,0.24880524,0.025778629,0.2529579,0.23547113,0.007055183,False,False,False,False,0.0017007194,0.9746063,False,False,61090.271212026564,,29,False,False,False,False,False,False,False,False,False,False,False,False,False,False,False,False,False,False,False,False,False,r
2,61090.26989990595,lsst,186.91010944745486,8.014843844103641,170028526740701203,170028532018708540,0,170028526740701203,14602.808,266.20828,0,0,0,74044.984,264.49164,False,2026021800401,149,,4.0317186e-06,4.214762e-06,-6.370517e-13,808.63007,0.07637572,1626.9438,0.07204976,False,14082.767,543.22394,False,False,False,54.928005,,1709.3909,1681,13700.35,1.042636,186.91011077649296,,8.014844411362725,,0.38451746,,2.6535063,,,0,False,,,,,,,,0,False,False,False,59267.875,13.26904,0.24470398,0.23581897,0.0044053034,0.2613909,0.24242388,0.0030677177,False,False,False,False,0.013372468,0.9884488,False,False,61090.27178151249,,30,False,False,False,False,False,False,False,False,False,False,False,False,False,False,False,False,False,False,False,False,False,r
2,61090.2703637893,lsst,186.91010649869128,8.014839973673734,170028526740701203,170028532170752021,0,170028526740701203,14267.044,275.0775,0,0,0,69801.31,274.68555,False,2026021800402,183,,4.370314e-06,4.480666e-06,-5.3512126e-13,3884.6956,0.08114975,854.84326,0.07828765,False,14440.185,579.1152,False,False,False,52.009995,,1682.1223,1681,13496.851,0.34616005,186.91010647752793,,8.014838652877081,,0.46610993,,-62.782585,,,0,False,,,,,,,,0,False,False,False,55260.69,14.549282,0.2375454,0.23419665,-0.009111798,0.24274665,0.22708671,-0.008781491,False,False,False,False,9.7087264e-05,0.98909026,False,False,61090.272056752365,,30,False,False,False,False,False,False,False,False,False,False,False,False,False,False,False,False,False,False,False,False,False,r
2,61090.27082932774,lsst,186.91011251804767,8.014851058144732,170028526740701203,170028532305494039,0,170028526740701203,14882.888,315.9087,0,0,0,93348.79,318.21625,False,2026021800403,184,,5.3244107e-06,6.5605823e-06,-9.37459e-12,3833.8567,0.1242861,1359.8955,0.08793142,False,17399.182,576.7246,False,False,False,46.512413,,1695.2991,1681,15073.849,1.9659026,186.9101141726158,,8.014855050470402,,1.2650459,,-29.049568,,,0,False,,,,,,,,0,False,False,False,78081.1,14.046721,0.45707121,0.3096041,-0.008223068,0.39473578,0.274454,0.009931164,False,False,False,False,0.1630097,0.97874445,False,False,61090.27244378362,,36,False,False,False,False,False,False,False,False,False,False,False,False,False,False,False,False,False,False,False,False,False,r
2,61090.27129490509,lsst,186.91010560366755,8.014853001129032,170028526740701203,170028532418215944,0,170028526740701203,14571.194,266.9689,0,0,0,74272.94,265.29688,False,2026021800404,143,,4.1853796e-06,4.2295624e-06,-3.0337812e-13,2940.4158,0.076466605,334.04242,0.07497072,False,14283.331,540.3867,False,False,False,53.61875,,1613.4097,1681,13774.704,1.3750026,186.91010643889337,,8.014856385169143,,0.5371434,,22.684555,,,0,False,,,,,,,,0,False,False,False,59393.77,13.360922,0.23439084,0.24007192,0.012065532,0.26548102,0.24186064,0.024777185,False,False,False,False,0.026274072,0.9796699,False,False,61090.27302276432,,29,False,False,False,False,False,False,False,False,False,False,False,False,False,False,False,False,False,False,False,False,False,r
3,61090.27370151827,lsst,186.91011036395105,8.014838138763965,170028526740701203,170028532692418578,0,170028526740701203,20264.738,366.3653,0,0,0,92453.22,367.70798,False,2026021800406,154,,3.7401087e-06,3.886608e-06,6.406544e-13,1354.0121,0.07074378,540.32294,0.06664479,False,17934.076,805.3445,False,False,False,55.392258,,1748.3372,1681,18586.404,0.77741355,186.9101086679892,,8.014836394578147,,0.21917622,,33.359592,,,0,False,,,,,,,,0,False,False,False,71702.92,26.955496,0.20525087,0.20139983,0.00058856216,0.22645995,0.20553744,-0.0023059554,False,False,False,False,0.018454798,0.92243236,False,False,61090.27523352287,,27,False,False,False,False,False,False,False,False,False,False,False,False,False,False,False,False,False,False,False,False,False,i
3,61090.31436872244,lsst,186.9101079241128,8.014839545100951,170028526740701203,170028533627748418,0,170028526740701203,22178.043,465.3892,0,0,0,148148.53,469.79623,False,2026021800413,146,,6.1843066e-06,7.433792e-06,3.1044347e-12,3632.1594,0.13454871,2478.0789,0.110529326,False,25216.201,806.5781,False,False,False,47.290268,,1776.4569,1681,22409.605,0.39952624,186.91010889928555,,8.014838505197309,,1.223226,,-7.040086,,,0,False,,,,,,,,0,False,False,False,125343.62,14.605356,0.5408924,0.42948994,-0.03799908,0.42487952,0.35277778,-0.027116474,False,False,False,False,0.44978696,0.96978253,False,False,61090.31616563033,,38,False,False,False,False,False,False,False,False,False,False,False,False,False,False,False,False,False,False,False,False,False,i
3,61090.315331790545,lsst,186.91011173163875,8.014845851990435,170028526740701203,170028533897756681,0,170028526740701203,21363.645,428.4599,0,0,0,129152.85,435.09213,False,2026021800415,149,,4.388377e-06,5.648415e-06,-4.4204755e-13,3072.495,0.10175333,358.27856,0.07897976,False,22608.572,801.63855,False,False,False,49.32188,,1745.3058,1681,21351.012,6.1604853,186.91011435323293,,8.014848168824393,,1.1582509,,-19.709127,,,0,False,,,,,,,,0,False,False,False,107058.586,22.532103,0.36157286,0.26001498,-0.03630786,0.3594555,0.28262484,-0.018948032,False,False,False,False,0.008148783,0.9788613,False,False,61090.3169590728,,38,False,False,False,False,False,False,False,False,False,False,False,False,False,False,False,False,False,False,False,False,False,i
3,61090.31719297204,lsst,186.91011078145849,8.014839344344193,170028526740701203,170028534433579086,0,170028526740701203,20068.834,409.34344,0,0,0,121598.4,414.7245,False,2026021800419,147,,4.7759804e-06,5.2636587e-06,-1.3114489e-12,2468.183,0.09528301,2726.6902,0.08535541,False,19251.314,785.6548,False,False,False,48.569736,,1726.8315,1681,18361.17,0.6744672,186.91011166656526,,8.014840015001257,,0.5241423,,-4.4703813,,,0,False,,,,,,,,0,False,False,False,100902.34,17.82689,0.28450325,0.26230556,0.0038256005,0.30796614,0.2681489,0.0004777808,False,False,False,False,0.018459637,0.9872578,False,False,61090.31910566997,,30,False,False,False,False,False,False,False,False,False,False,False,False,False,False,False,False,False,False,False,False,False,i
1,61090.31913197208,lsst,186.91009511205667,8.014830631748575,170028526740701203,170028534523756581,0,170028526740701203,6424.855,222.11789,0,0,0,58328.543,224.03268,False,2026021800420,63,,1.0170267e-05,1.120878e-05,-1.2414619e-11,1870.5991,0.1782479,1848.2766,0.20626071,False,7255.423,389.17014,False,False,False,28.739763,,1683.0952,1681,6733.448,0.2747958,186.9100953221579,,8.014828754752559,,1.467755,,15.213826,,,0,False,,,,,,,,0,False,False,False,51703.582,9.088538,0.44512936,0.48700693,-0.0988564,0.33433616,0.42849767,-0.047984675,False,False,False,False,0.37520397,0.6475448,False,False,61090.32087130092,,34,False,False,False,False,False,False,False,False,False,False,False,False,False,False,False,False,False,False,False,False,False,g
3,61090.3212037643,lsst,186.9101205521493,8.014845472369068,170028526740701203,170028534716694596,0,170028526740701203,21064.398,413.08875,0,0,0,122907.164,416.351,False,2026021800421,175,,5.2377263e-06,5.21732e-06,-1.7621115e-12,3137.7842,0.097110115,2272.7102,0.091164984,False,23769.807,785.69037,False,False,False,50.832718,,1697.1715,1681,20394.402,0.030578727,186.91012298010887,,8.014846815540292,,0.97801465,,-13.675011,,,0,False,,,,,,,,0,False,False,False,101307.42,18.853971,0.35741398,0.32278052,0.03914407,0.30694807,0.2903955,0.038975887,False,False,False,False,0.13404909,0.99752265,False,False,61090.32288997686,,36,False,False,False,False,False,False,False,False,False,False,False,False,False,False,False,False,False,False,False,False,False,i
3,61090.32166972708,lsst,186.91011097592775,8.014844235424606,170028526740701203,170028534855106580,0,170028526740701203,20909.256,403.66187,1,0,0,117536.85,407.01697,False,2026021800422,183,,4.6216933e-06,4.519974e-06,-2.790586e-12,1712.2997,0.087711014,513.97644,0.07662863,True,21181.99,788.3845,True,False,False,51.0128,,1806.55,1681,,,,,,,,,,,,0,False,,,,,,,,0,True,False,False,96159.234,18.826614,0.28118953,0.24366012,0.038348515,0.2951762,0.26488575,0.038026027,True,False,False,False,,0.9957135,False,False,61090.32346600006,,56,False,False,False,False,False,False,False,False,False,False,False,False,False,False,False,False,False,False,False,False,False,i
3,61090.32213603017,lsst,186.91011505991634,8.014856080925863,170028526740701203,170028534985654313,0,170028526740701203,21960.215,435.30127,0,0,0,132955.62,439.06796,False,2026021800423,176,,5.4513384e-06,5.42008e-06,-5.870081e-13,877.478,0.098879814,1486.2268,0.09698141,False,23911.232,791.255,False,False,False,49.161663,,1600.8278,1681,21504.857,1.0845853,186.91011693168048,,8.014855982721,,1.1978489,,-6.431528,,,0,False,,,,,,,,0,False,False,False,110215.66,17.168358,0.35427532,0.3601544,0.066179164,0.3394788,0.32736468,0.035919245,False,False,False,False,0.041636582,0.99259263,False,False,61090.32396684543,,43,False,False,False,False,False,False,False,False,False,False,False,False,False,False,False,False,False,False,False,False,False,i
3,61090.32260453269,lsst,186.91011200210187,8.01483823716256,170028526740701203,170028535117250577,0,170028526740701203,20534.504,409.3348,0,0,0,122244.96,412.3272,False,2026021800424,171,,4.7186372e-06,4.802097e-06,9.782595e-13,930.6686,0.0836657,489.42477,0.087727875,False,20942.602,785.27106,False,False,False,49.372665,,1629.2471,1681,18922.625,0.24125499,186.91011333619304,,8.014840899534443,,0.7691535,,-8.238921,,,0,False,,,,,,,,0,False,False,False,101176.41,18.110134,0.2671844,0.27166983,0.02596103,0.2694611,0.30357552,0.02875232,False,False,False,False,0.025182705,0.99247676,False,False,61090.32444887764,,33,False,False,False,False,False,False,False,False,False,False,False,False,False,False,False,False,False,False,False,False,False,i
1,61090.32442600619,lsst,186.91009868059302,8.01483823647602,170028526740701203,170028535241506834,0,170028526740701203,6828.363,242.7473,0,0,0,71097.164,245.6668,False,2026021800425,152,,1.1288786e-05,1.3625816e-05,-8.0541945e-12,2047.0963,0.24601156,934.84515,0.20235404,False,8042.4663,385.18484,False,False,False,27.725971,,1655.2971,1681,6846.833,1.0824362,186.91010278280677,,8.014834949588254,,1.1553615,,6.8753304,,,0,False,,,,,,,,0,False,False,False,64023.01,6.902544,0.6620359,0.5591335,0.028425924,0.5087755,0.4413649,0.009508704,False,False,False,False,0.61963934,0.6256116,False,False,61090.32624367348,,45,False,False,False,False,False,False,False,False,False,False,False,False,False,False,False,False,False,False,False,False,False,g
1,61090.325354844725,lsst,186.91010478955306,8.014857843140323,170028526740701203,170028535509417992,0,170028526740701203,5685.7656,249.52132,0,0,0,73668.055,252.1465,False,2026021800427,151,,1.2901094e-05,1.5652447e-05,-2.0101485e-11,3021.593,0.2844438,336.72403,0.22879925,False,5138.506,385.04956,False,False,False,22.924536,,1829.8016,1681,5789.527,1.4476548,186.91010563296865,,8.014856004974677,,1.3421404,,-42.633385,,,0,False,,,,,,,,0,False,False,False,67629.42,7.5841446,0.5435628,0.45734033,-0.07006573,0.56274664,0.48652,0.020684011,False,False,False,False,0.027471617,0.58526886,False,False,61090.327276046315,,37,False,False,False,False,False,False,False,False,False,False,False,False,False,False,False,False,False,False,False,False,False,g
1,61090.32581730404,lsst,186.91010269180495,8.01486747616972,170028526740701203,170028535660937223,0,170028526740701203,5279.117,251.51991,0,0,0,66978.92,256.7596,False,2026021800428,184,,1.2096333e-05,1.3230105e-05,-9.6925116e-12,1457.1392,0.24019486,266.69907,0.21575674,False,4401.301,406.4964,False,False,False,20.87956,,1770.0292,1681,5068.8174,4.3687325,186.9101021372711,,8.014863640939941,,0.63504016,,9.175849,,,0,False,,,,,,,,0,False,False,False,61292.043,8.984958,0.32435435,0.30286643,0.013630752,0.48339427,0.4230358,0.012225857,False,False,False,False,0.65920156,0.594701,False,False,61090.32756669728,,69,False,False,False,False,False,False,False,False,False,False,False,False,False,False,False,False,False,False,False,False,False,g
1,61090.32628183023,lsst,186.91011156560302,8.014867731039297,170028526740701203,170028535777853502,0,170028526740701203,6028.269,233.0787,0,0,0,63005.47,234.8188,False,2026021800429,151,,9.917317e-06,1.17536265e-05,-1.6229622e-11,2330.8677,0.21590954,3191.4016,0.17325242,False,6209.399,387.39728,False,False,False,25.595177,,1683.8351,1681,5931.3237,1.255391,186.9101120528543,,8.014869606798552,,1.1109226,,-31.535519,,,0,False,,,,,,,,0,False,False,False,56747.34,7.8314257,0.4122095,0.30978686,-0.02290299,0.45415384,0.39025894,0.028853081,False,False,False,False,0.19899137,0.6368002,False,False,61090.32838312685,,68,False,False,False,False,False,False,False,False,False,False,False,False,False,False,False,False,False,False,False,False,False,g
1,61090.32674744644,lsst,186.9100870279187,8.014845787970433,170028526740701203,170028535912071210,0,170028526740701203,6039.0645,245.91414,0,0,0,71432.02,247.86385,False,2026021800430,151,,1.2458543e-05,1.2580041e-05,-1.7090624e-12,2256.1208,0.22695541,1731.6544,0.22373287,False,5797.626,386.96048,False,False,False,24.406258,,1639.0641,1681,5975.9272,1.3320897,186.91008882683892,,8.01484318351636,,0.814675,,-108.780045,,,0,False,,,,,,,,0,False,False,False,65161.465,7.6103263,0.43892804,0.49580112,-0.003581046,0.53813326,0.46282506,0.014895954,False,False,False,False,0.05330337,0.60449725,False,False,61090.32870018867,,36,False,False,False,False,False,False,False,False,False,False,False,False,False,False,False,False,False,False,False,False,False,g
1,61090.32721584685,lsst,186.91009101095966,8.014840641751192,170028526740701203,170028536044716078,0,170028526740701203,6357.1636,241.12874,0,0,0,68225.24,241.83772,False,2026021800431,148,,1.239665e-05,1.45656395e-05,-3.6061966e-11,3766.0518,0.27255654,3095.8303,0.21027638,False,7509.828,386.8948,False,False,False,26.069567,,1680.907,1681,7074.2026,0.17202756,186.91008980178216,,8.014837857787178,,1.9095508,,-1.5723376,,,0,False,,,,,,,,0,False,False,False,61720.582,8.164022,0.79173374,0.556471,0.1290571,0.49933434,0.42202878,0.031963088,False,False,False,False,0.9155223,0.62377155,False,False,61090.32911493683,,40,False,False,False,False,False,False,False,False,False,False,False,False,False,False,False,False,False,False,False,False,False,g
1,61090.32768241157,lsst,186.91011710151486,8.014833871183036,170028526740701203,170028536197283874,0,170028526740701203,6086.953,229.95107,0,0,0,55387.6,231.7528,False,2026021800432,183,,1.0867549e-05,1.2255913e-05,-2.5307447e-11,1446.1262,0.2306016,1746.5791,0.18397067,False,6597.7583,415.80548,False,False,False,26.197412,,1755.5969,1681,6108.383,0.41597012,186.9101192126011,,8.014834902689005,,1.2419002,,8.073788,,,0,False,,,,,,,,0,False,False,False,49096.43,11.773783,0.4387017,0.39891198,0.0677279,0.38083488,0.296743,0.03276212,False,False,False,False,0.37693605,0.67867357,False,False,61090.32952979295,,31,False,False,False,False,False,False,False,False,False,False,False,False,False,False,False,False,False,False,False,False,False,g
1,61090.328149445515,lsst,186.9101075441244,8.014858171728463,170028526740701203,170028536332025943,0,170028526740701203,6383.145,220.55443,0,0,0,50965.285,221.6138,False,2026021800433,184,,8.4696285e-06,9.401132e-06,-1.6673864e-11,1289.012,0.17887393,2684.483,0.14129215,False,6659.769,407.31824,False,False,False,28.53364,,1765.5724,1681,6149.4717,0.62089425,186.91011075775043,,8.014857377475066,,0.98433435,,-43.557808,,,0,False,,,,,,,,0,False,False,False,44447.97,10.522513,0.3683999,0.28885067,-0.017639238,0.33706072,0.28520107,0.023484724,False,False,False,False,0.024337076,0.6937578,False,False,61090.330241883654,,31,False,False,False,False,False,False,False,False,False,False,False,False,False,False,False,False,False,False,False,False,False,g
1,61090.32861646849,lsst,186.9101211738584,8.01486073692617,170028526740701203,170028536444747789,0,170028526740701203,6422.277,224.76178,0,0,0,62768.094,228.80688,False,2026021800434,143,,1.1026385e-05,1.1136012e-05,-3.2301364e-12,1443.9679,0.20209947,752.262,0.19661641,False,7292.1396,378.72205,False,False,False,28.16866,,1667.5591,1681,6535.9897,0.7508723,186.91012587371762,,8.014858490138415,,1.5319197,,11.4524,,,0,False,,,,,,,,0,False,False,False,56014.535,8.667363,0.52809465,0.53531086,0.10941776,0.40739512,0.39550343,0.037651185,False,False,False,False,0.6520298,0.650706,False,False,61090.33045185567,,36,False,False,False,False,False,False,False,False,False,False,False,False,False,False,False,False,False,False,False,False,False,g
1,61090.329082858196,lsst,186.91010035840117,8.014856561083995,170028526740701203,170028536600461341,0,170028526740701203,7044.882,240.85767,0,0,0,60724.62,244.08649,False,2026021800435,184,,1.0039847e-05,1.0345761e-05,-1.2059597e-11,1018.83093,0.19422376,1069.4006,0.17237237,False,8141.457,410.11972,False,False,False,28.716377,,1762.8821,1681,6803.247,0.099254236,186.91010377059362,,8.014857668779213,,1.0117619,,-5.6121817,,,0,False,,,,,,,,0,False,False,False,53406.633,9.150659,0.4552906,0.41531178,0.04061656,0.39714822,0.36469907,0.03775287,False,False,False,False,0.17664488,0.7254949,False,False,61090.33084037069,,44,False,False,False,False,False,False,False,False,False,False,False,False,False,False,False,False,False,False,False,False,False,g
1,61090.329583423256,lsst,186.91012693301082,8.01484526194971,170028526740701203,170028536733106284,0,170028526740701203,6399.9546,247.66635,0,0,0,66262.234,254.51346,False,2026021800436,181,,1.1654766e-05,1.2543114e-05,-9.783937e-12,1533.3523,0.22852364,3411.211,0.20704678,False,7194.1465,413.00418,False,False,False,25.40118,,1700.6783,1681,6040.8887,0.6899007,186.91013223438972,,8.0148476030598,,0.5917637,,57.583557,,,0,False,,,,,,,,0,False,False,False,59632.62,9.826189,0.45123944,0.47855246,0.005882356,0.4503832,0.3616915,0.041920688,False,False,False,False,0.19229409,0.6438305,False,False,61090.33143895382,,36,False,False,False,False,False,False,False,False,False,False,False,False,False,False,False,False,False,False,False,False,False,g
1,61090.33005047487,lsst,186.91009177092016,8.014852194361476,170028526740701203,170028536852119607,0,170028526740701203,6489.8096,220.97017,0,0,0,57454.246,222.21683,False,2026021800437,152,,8.965399e-06,1.0569183e-05,-1.7179683e-11,2881.14,0.19667678,3027.6326,0.15365295,False,7262.005,385.1191,False,False,False,28.75304,,1683.4635,1681,6431.8433,0.92935574,186.9100912126572,,8.014854686391296,,1.2920872,,-1.4108196,,,0,False,,,,,,,,0,False,False,False,50800.39,11.263043,0.44712096,0.3365531,0.05441369,0.38687396,0.33301193,0.023483615,False,False,False,False,0.06827427,0.69339764,False,False,61090.331831943695,,36,False,False,False,False,False,False,False,False,False,False,False,False,False,False,False,False,False,False,False,False,False,g
1,61090.33051614552,lsst,186.91011472430807,8.0148583599608,170028526740701203,170028537001541693,0,170028526740701203,6069.8623,203.15202,0,0,0,45053.5,204.54088,False,2026021800438,181,,7.107255e-06,8.243998e-06,-1.1866213e-11,2950.3918,0.15484525,1855.265,0.12019216,False,6048.6025,397.0592,False,False,False,29.049227,,1698.7891,1681,5939.1284,2.533401,186.91011416752949,,8.014860690380903,,1.1130997,,-2.5965044,,,0,False,,,,,,,,0,False,False,False,38826.543,13.936,0.28122804,0.20281725,0.04393108,0.30545524,0.24424532,0.031029562,False,False,False,False,0.09346986,0.69737446,False,False,61090.33225089774,,28,False,False,False,False,False,False,False,False,False,False,False,False,False,False,False,False,False,False,False,False,False,g
2,61090.33241178416,lsst,186.9101079987445,8.014847361661985,170028526740701203,170028537117409363,0,170028526740701203,15807.901,312.8391,0,0,0,104689.086,315.46628,False,2026021800439,146,,5.288915e-06,6.1999785e-06,4.0572255e-12,2656.2517,0.11364879,3865.6934,0.0928063,False,16925.271,540.124,False,False,False,48.705193,,1763.4718,1681,15598.932,1.3256747,186.91010908900228,,8.014848115892145,,1.1704158,,15.190267,,,0,False,,,,,,,,0,False,False,False,88406.35,10.844883,0.45115256,0.3273871,-0.00825746,0.3886947,0.3350043,-0.0068861097,False,False,False,False,0.050642073,0.91125065,False,False,61090.33458500369,,53,False,False,False,False,False,False,False,False,False,False,False,False,False,False,False,False,False,False,False,False,False,r
2,61090.33287569441,lsst,186.91011265226422,8.014847167936297,170028526740701203,170028537255297057,0,170028526740701203,14690.215,298.57004,0,0,0,96284.16,300.4408,False,2026021800440,153,,5.47868e-06,6.0595817e-06,2.0582913e-12,2726.3103,0.110039555,1294.4993,0.09766931,False,16626.08,540.92206,False,False,False,48.387688,,1713.4363,1681,14106.614,0.21816376,186.91011102748953,,8.014847285573186,,0.8960262,,4.10615,,,0,False,,,,,,,,0,False,False,False,81043.58,10.982871,0.41233382,0.34770054,-0.014173552,0.34921914,0.32346034,-0.018366184,False,False,False,False,0.13234109,0.8762528,False,False,61090.3346783724,,36,False,False,False,False,False,False,False,False,False,False,False,False,False,False,False,False,False,False,False,False,False,r
2,61090.333342192745,lsst,186.91011444678227,8.014848631631452,170028526740701203,170028537385844768,0,170028526740701203,16185.14,335.23102,1,0,0,119197.96,341.4085,False,2026021800441,146,,5.9148892e-06,6.935716e-06,3.1887258e-12,4056.6606,0.12585883,1502.3159,0.10533813,True,19603.836,554.95764,True,False,False,47.61863,,1917.9548,1681,,,,,,,,,,,,0,False,,,,,,,,0,True,False,False,102066.984,10.798934,0.6359359,0.4818895,-0.011165355,0.44213718,0.3686662,-0.008264363,True,False,False,False,,0.901904,False,False,61090.33524487093,,60,False,False,False,False,False,False,False,False,False,False,False,False,False,False,False,False,False,False,False,False,False,r
2,61090.33380825304,lsst,186.9101136467819,8.014836759730455,170028526740701203,170028537520062514,0,170028526740701203,14606.871,298.92075,0,0,0,94958.2,299.37677,False,2026021800442,146,,5.5046194e-06,5.8525447e-06,7.006218e-13,3771.7944,0.105587095,2039.6477,0.09887688,False,15260.941,539.4974,False,False,False,48.507393,,1776.266,1681,13507.012,0.12734964,186.91011432445313,,8.014838513934826,,0.5089672,,-9.382948,,,0,False,,,,,,,,0,False,False,False,80091.91,12.684421,0.36774877,0.35064128,-0.00690152,0.3423939,0.3002459,-0.0060391854,False,False,False,False,0.10565262,0.9278329,False,False,61090.335635773125,,35,False,False,False,False,False,False,False,False,False,False,False,False,False,False,False,False,False,False,False,False,False,r
2,61090.334272098335,lsst,186.91012638285403,8.014840012686278,170028526740701203,170028537661095982,0,170028526740701203,14795.492,313.94107,0,0,0,103678.516,316.49976,True,2026021800443,159,0.0,5.6415493e-06,6.5255763e-06,1.2514981e-12,1441.7754,0.11778605,1918.5767,0.101395205,False,15563.511,549.5516,False,False,False,46.61757,,1735.5955,1681,14378.093,0.26832277,186.91012710408614,,8.01484189788512,,0.9017052,,-11.414402,,,0,False,,,,,,,,0,False,False,False,88212.42,10.732221,0.40635604,0.3488297,-0.021271124,0.39060926,0.34055087,-0.01507511,False,False,False,False,0.009837853,0.9266866,False,False,61090.33610498981,,63,False,False,False,False,False,False,False,False,False,False,False,False,False,False,False,False,False,False,False,False,False,r
2,61090.335206879136,lsst,186.91011081608698,8.014842000401774,170028526740701203,170028537922715727,0,170028526740701203,15922.015,343.86368,0,0,0,124299.8,342.83093,False,2026021800445,146,,7.4965187e-06,6.61306e-06,-2.8424146e-13,3588.7988,0.11906104,3605.2737,0.13492838,False,17896.162,542.0895,False,False,False,45.818024,,1789.5383,1681,16606.8,0.43599248,186.9101032385657,,8.014843822661927,,1.4118445,,-73.74284,,,0,False,,,,,,,,0,False,False,False,108236.24,11.160611,0.5609299,0.7162475,-0.045315195,0.5228315,0.5464343,-0.04496009,False,False,False,False,0.39674956,0.8160861,False,False,61090.337236912674,,43,False,False,False,False,False,False,False,False,False,False,False,False,False,False,False,False,False,False,False,False,False,r
2,61090.33567374662,lsst,186.91011065585806,8.014846291593406,170028526740701203,170028538056933386,0,170028526740701203,14434.521,329.50894,0,0,0,115306.945,330.41647,False,2026021800446,146,,6.786866e-06,6.8778754e-06,-6.901718e-14,3828.1404,0.123839185,386.26852,0.1221266,False,14488.021,541.3795,False,False,False,43.541912,,1710.717,1681,14503.298,3.941288,186.91010955188457,,8.014846336833806,,1.0225768,,-40.72869,,,0,False,,,,,,,,0,False,False,False,100320.516,10.802922,0.4407365,0.4212725,-0.045296684,0.45471427,0.44673452,-0.021786135,False,False,False,False,0.021338468,0.8492831,False,False,61090.337565446214,,38,False,False,False,False,False,False,False,False,False,False,False,False,False,False,False,False,False,False,False,False,False,r
2,61090.33613610585,lsst,186.91011026483298,8.014846396369158,170028526740701203,170028538210025490,0,170028526740701203,14068.217,371.42197,0,0,0,125102.77,371.51242,False,2026021800447,182,,7.735009e-06,8.171424e-06,-7.363739e-13,2362.9023,0.14725718,705.5691,0.13927707,False,13724.978,584.7732,False,False,False,37.471542,,1612.5436,1681,14638.004,6.9710402,186.91010624313077,,8.014851182665714,,1.0966916,,-39.61367,,,0,False,,,,,,,,0,False,False,False,110633.19,9.342973,0.525064,0.48676175,-0.049658097,0.5266826,0.51463735,-0.052212354,False,False,False,False,0.0104043,0.76654017,False,False,61090.33809387958,,45,False,False,False,False,False,False,False,False,False,False,False,False,False,False,False,False,False,False,False,False,False,r
2,61090.337069737274,lsst,186.91011241395523,8.01484215088231,170028526740701203,170028538460110909,0,170028526740701203,15750.527,295.67053,1,0,0,94088.76,294.59763,False,2026021800449,147,,5.012915e-06,5.5510254e-06,-1.1603984e-12,3135.8213,0.10024137,2211.2922,0.08980487,True,18459.588,537.7087,True,False,False,52.93266,,1775.453,1681,,,,,,,,,,,,0,False,,,,,,,,0,True,False,False,78073.41,12.30458,0.40114382,0.3678452,-0.037498668,0.3543814,0.3096841,-0.014974397,True,False,False,False,,0.9741977,False,False,61090.33889511839,,52,False,False,False,False,False,False,False,False,False,False,False,False,False,False,False,False,False,False,False,False,False,r
2,61090.33753527522,lsst,186.9101096590419,8.014850163233142,170028526740701203,170028538600620106,0,170028526740701203,14910.251,288.6918,0,0,0,86135.42,288.16168,False,2026021800450,159,,4.551886e-06,5.30998e-06,-2.030116e-12,1329.0223,0.09654343,2853.4375,0.08097167,False,15162.848,542.7193,False,False,False,51.080757,,1857.232,1681,14328.665,0.91547763,186.91011047279272,,8.01485184214105,,0.8911965,,-31.026901,,,0,False,,,,,,,,0,False,False,False,70916.625,11.653125,0.32821044,0.26951772,-0.019797536,0.32608265,0.280694,-0.013932843,False,False,False,False,0.0016882168,0.97600114,False,False,61090.33930292531,,32,False,False,False,False,False,False,False,False,False,False,False,False,False,False,False,False,False,False,False,False,False,r
2,61090.3380792844,lsst,186.910110507762,8.014848376855475,170028526740701203,170028538732216369,0,170028526740701203,15340.071,349.36093,0,0,0,127024.13,356.92944,False,2026021800451,154,,7.547257e-06,7.644409e-06,5.066502e-13,513.8104,0.13794632,2891.1096,0.1356816,False,16511.2,560.6288,False,False,False,43.89433,,1713.9443,1681,14495.905,1.2851359,186.91010830900555,,8.01484643504802,,0.45875093,,35.54358,,,0,False,,,,,,,,0,False,False,False,110973.484,9.503779,0.52151245,0.5065783,0.004767512,0.47284755,0.44171005,-0.037002347,False,False,False,False,0.16172272,0.82812035,False,False,61090.34002029786,,68,False,False,False,False,False,False,False,False,False,False,False,False,False,False,False,False,False,False,False,False,False,r
2,61090.339008864335,lsst,186.9101184924062,8.014849103339863,170028526740701203,170028539000651801,0,170028526740701203,14555.565,295.2491,0,0,0,93233.79,296.79987,False,2026021800453,154,,5.1962675e-06,5.546422e-06,9.185263e-13,593.7017,0.10029843,787.9003,0.09316862,False,14591.56,539.73267,False,False,False,49.291348,,1765.2964,1681,13520.503,0.04595765,186.91011934413842,,8.014850512611213,,0.46791047,,-17.516752,,,0,False,,,,,,,,0,False,False,False,78230.79,11.577717,0.32732904,0.31852555,-0.008168525,0.34325895,0.30811638,-0.012999419,False,False,False,False,0.00058543874,0.91819364,False,False,61090.340721600856,,35,False,False,False,False,False,False,False,False,False,False,False,False,False,False,False,False,False,False,False,False,False,r
3,61091.23106756332,lsst,186.910106613949,8.014837503588918,170028526740701203,170032916105003127,0,170028526740701203,21962.1,463.28,0,0,0,68069.61,460.135,True,2026021900297,146,0.0,3.7334928e-06,4.0849845e-06,4.942463e-13,1487.0734,0.073741645,3827.4622,0.066996776,False,25038.404,1164.6439,False,False,False,46.67406,,1684.5103,1681,20309.988,0.48676825,186.91010655303842,,8.014836941517817,,0.50910234,,-4.3307705,,,0,False,,,,,,,,0,False,False,False,51180.65,56.663433,0.17289408,0.15318757,-0.0054105767,0.16315359,0.15432346,-0.0014150405,False,False,False,False,0.0029118569,0.99934703,False,False,61091.23275174166,,38,False,False,False,False,False,False,False,False,False,False,False,False,False,False,False,False,False,False,False,False,False,i
3,61091.2324678495,lsst,186.9101046930959,8.014842933617286,170028526740701203,170032916510801929,0,170028526740701203,20186.305,338.28122,0,0,0,66880.984,343.84644,True,2026021900300,152,0.0,2.687728e-06,2.8965646e-06,1.1912936e-14,3465.548,0.052176613,304.8573,0.04840625,False,22121.047,895.47955,False,False,False,58.71097,,1788.3137,1681,18690.45,1.9095567,186.91010431656034,,8.014842902786075,,0.57445204,,-9.9529705,,,0,False,,,,,,,,0,False,False,False,46170.176,82.791885,0.14574957,0.11856484,-0.0054593463,0.14232862,0.12741847,0.0014341212,False,False,False,False,0.0013685179,0.99449843,False,False,61091.23406857544,,24,False,False,False,False,False,False,False,False,False,False,False,False,False,False,False,False,False,False,False,False,False,i
3,61091.23356265412,lsst,186.91011283127963,8.014841275499412,170028526740701203,170032916736245927,0,170028526740701203,21082.645,344.0253,0,0,0,69874.97,341.41284,True,2026021900302,70,0.0,2.970824e-06,2.91231e-06,3.2601013e-13,1392.4116,0.054145273,3832.842,0.051825978,False,25068.328,866.86566,False,False,False,59.843636,,1756.1512,1681,20109.074,2.4137206,186.9101117692516,,8.014839325786543,,0.80837035,,14.974365,,,0,False,,,,,,,,0,False,False,False,49436.855,75.78136,0.15795638,0.1547403,-0.030255139,0.16656359,0.13425264,-0.024070308,False,False,False,False,0.00585811,0.9216764,False,False,61091.23527077244,,55,False,False,False,False,False,False,False,False,False,False,False,False,False,False,False,False,False,False,False,False,False,i
3,61091.234032586064,lsst,186.91010783186388,8.01483941942693,170028526740701203,170032916868890732,0,170028526740701203,20283.262,412.64917,0,0,0,65703.92,413.3597,True,2026021900303,67,0.0,3.5228245e-06,3.2966634e-06,1.9623084e-12,1764.0105,0.066850275,2856.4905,0.055605024,False,19337.84,1093.1038,False,False,False,48.30968,,1667.9805,1681,19329.078,3.646257,186.91010683840176,,8.014838197572054,,0.76434505,,25.584715,,,0,False,,,,,,,,0,False,False,False,46407.918,87.26387,0.1505436,0.12331366,-0.023488667,0.15186295,0.123558,-0.015892223,False,False,False,False,0.000111219786,0.9302197,False,False,61091.23571599909,,21,False,False,False,False,False,False,False,False,False,False,False,False,False,False,False,False,False,False,False,False,False,i
3,61091.235431488654,lsst,186.91010775019421,8.014843244666759,170028526740701203,170032917271019600,0,170028526740701203,20544.365,391.40768,0,0,0,77035.94,388.0429,True,2026021900306,66,0.0,3.7118077e-06,3.681066e-06,1.7250636e-12,2325.7986,0.07068886,3126.025,0.06220993,False,21963.46,926.79486,False,False,False,52.155212,,1762.0549,1681,19205.541,1.4575993,186.91010642133034,,8.014841542829332,,0.6017857,,19.760788,,,0,False,,,,,,,,0,False,False,False,58282.43,53.55319,0.18567628,0.16689888,-0.012824184,0.1957226,0.17041901,-0.0063027316,False,False,False,False,0.0062722526,0.95233697,False,False,61091.237241083414,,32,False,False,False,False,False,False,False,False,False,False,False,False,False,False,False,False,False,False,False,False,False,i
3,61091.23589718608,lsst,186.91012035052384,8.014837638802137,170028526740701203,170032917423587390,0,170028526740701203,24279.045,518.94324,0,0,0,81941.81,525.33,True,2026021900307,101,0.0,4.898124e-06,4.918964e-06,2.225257e-12,3077.826,0.092378356,1208.9065,0.08415658,False,39283.34,1232.1349,False,False,False,45.701027,,2216.2866,1681,23792.35,2.8119695,186.91011700873466,,8.014836816373295,,0.89307785,,-2.8440866,,,0,False,,,,,,,,0,False,False,False,62207.28,80.02942,0.2588783,0.26239485,-0.035877265,0.21110895,0.17721535,-0.007855595,False,False,False,False,0.43394014,0.9997607,False,False,61091.237658627615,,55,False,False,False,False,False,False,False,False,False,False,False,False,False,False,False,False,False,False,False,False,False,i
3,61091.23636536268,lsst,186.91011462227476,8.014828433344078,170028526740701203,170032917561475153,0,170028526740701203,26247.62,546.1704,0,0,0,87136.53,525.1092,True,2026021900308,108,0.0,5.768413e-06,5.7369853e-06,-1.0715842e-12,4007.5198,0.10195154,3511.6787,0.10523962,False,45619.15,1192.2543,False,False,False,45.10144,,2418.865,1681,35861.477,40.556393,186.91016992049958,,8.014710081699166,,3.2726667,,-24.4228,,,0,False,,,,,,,,0,False,False,False,69785.66,38.631756,0.8972067,1.6090964,-0.4298329,0.23321983,0.23457983,0.0011162357,False,False,False,False,1.0,0.99997544,False,False,61091.23812554802,,63,False,False,False,False,False,False,False,False,False,False,False,False,False,False,False,False,False,False,False,False,False,i
3,61091.236833758376,lsst,186.91010334707778,8.014842668443867,170028526740701203,170032917692022883,0,170028526740701203,20648.344,394.71313,0,0,0,80591.28,393.43665,True,2026021900309,101,0.0,4.0018376e-06,3.875562e-06,-1.8644949e-12,3370.5537,0.06637262,3889.126,0.07517253,False,23460.2,916.6034,False,False,False,51.662045,,1663.3059,1681,19453.594,0.42455304,186.91010178951996,,8.014841769293408,,0.6572776,,-17.584158,,,0,False,,,,,,,,0,False,False,False,62279.37,35.569992,0.20016085,0.21329206,-0.017805193,0.18197444,0.20036642,-0.0001793693,False,False,False,False,0.031155258,0.9954579,False,False,61091.238551538656,,28,False,False,False,False,False,False,False,False,False,False,False,False,False,False,False,False,False,False,False,False,False,i
3,61091.237297124026,lsst,186.91009940275958,8.014852778665642,170028526740701203,170032917854027780,0,170028526740701203,13953.556,425.91528,1,0,0,74125.125,428.38803,True,2026021900310,154,0.0,4.468117e-06,4.346248e-06,-1.3984671e-12,547.6226,0.0763138,199.6704,0.08235614,True,-7498.648,1019.8398,True,False,False,32.590446,,4367.5107,1681,,,,,,,,,,,,0,False,,,,,,,,0,True,False,False,60324.914,55.185856,0.10162865,0.13220912,-0.0015518683,0.17655753,0.20279682,-0.009055346,True,False,False,False,,0.39724258,False,False,61091.238947653896,,92,False,False,False,False,False,False,False,False,False,False,False,False,False,False,False,False,False,False,False,False,False,i
1,61091.239129518006,lsst,186.91011004176175,8.014856549529581,170028526740701203,170032918002925617,0,170028526740701203,5639.564,190.26541,1,0,0,34279.035,190.2988,True,2026021900311,182,0.0,6.6897624e-06,7.1551917e-06,-6.0091965e-13,2719.0925,0.1289249,1306.9866,0.12043304,True,3899.4548,424.3138,True,False,False,29.5973,,2346.332,1681,,,,,,,,,,,,0,False,,,,,,,,0,True,False,False,28590.066,38.395542,0.21404569,0.19143836,0.030056758,0.22663158,0.20020278,0.014951663,True,False,False,False,,0.6598211,False,False,61091.24074748499,,69,False,False,False,False,False,False,False,True,False,False,True,False,True,False,False,False,False,False,False,False,False,g
1,61091.240531912845,lsst,186.91011510401327,8.014851307774705,170028526740701203,170032918405578777,0,170028526740701203,5772.479,205.64076,0,0,0,34819.91,205.37456,True,2026021900314,182,0.0,7.0433352e-06,8.112585e-06,-4.236492e-12,2465.7095,0.1472459,981.397,0.12552652,False,5669.977,462.26477,False,False,False,27.856005,,1827.497,1681,5701.042,1.0806038,186.91011480410896,,8.014846764815935,,0.9451173,,8.133216,,,0,False,,,,,,,,0,False,False,False,29099.39,29.626175,0.23969454,0.1794168,0.02853686,0.21871613,0.19925621,0.024859494,False,False,False,False,3.884007e-05,0.727839,False,False,61091.2421825292,,23,False,False,False,False,False,False,False,False,False,False,False,False,False,False,False,False,False,False,False,False,False,g
1,61091.240998502704,lsst,186.91012365918468,8.014853004363342,170028526740701203,170032918539272213,0,170028526740701203,5944.0894,194.38652,0,0,0,36806.703,194.51631,True,2026021900315,181,0.0,6.438051e-06,7.5974467e-06,-5.3827273e-12,2200.9248,0.13865869,854.2686,0.113655,False,6246.455,423.46964,False,False,False,30.36141,,1772.039,1681,5843.5645,0.42793703,186.91012139238114,,8.014851338197722,,0.967247,,3.8190813,,,0,False,,,,,,,,0,False,False,False,30778.455,21.139965,0.2509366,0.18516016,0.028477142,0.22765477,0.21258056,0.026703361,False,False,False,False,0.0004864489,0.74009895,False,False,61091.24262729824,,26,False,False,False,False,False,False,False,False,False,False,False,False,False,False,False,False,False,False,False,False,False,g
1,61091.241748405715,lsst,186.91012440082872,8.014852377424875,170028526740701203,170032918607429684,0,170028526740701203,5943.061,197.91429,0,0,0,41513.19,197.24599,True,2026021900316,55,0.0,7.6012498e-06,8.330796e-06,-2.4224362e-12,3170.414,0.13623118,1966.3108,0.15049171,False,6646.0312,405.89835,False,False,False,29.607542,,1754.9609,1681,5668.904,0.32047972,186.91013294551777,,8.014851104066336,,0.59921134,,131.92635,,,0,False,,,,,,,,0,False,False,False,35488.832,32.443027,0.2697489,0.27825123,0.014866507,0.26590818,0.27602705,0.020313341,False,False,False,False,0.0008480453,0.6356263,False,False,61091.24346420335,,44,False,False,False,False,False,False,False,False,False,False,False,False,False,False,False,False,False,False,False,False,False,g
1,61091.24221178278,lsst,186.91012149023229,8.01486311459168,170028526740701203,170032918747414557,0,170028526740701203,5959.12,203.55342,0,0,0,42811.79,203.63744,True,2026021900317,66,0.0,6.99358e-06,8.015604e-06,-4.2640457e-12,2495.2642,0.124546915,1012.9228,0.14551975,False,6172.3184,407.78812,False,False,False,28.891554,,1610.0924,1681,5790.1865,0.6683348,186.91012961634237,,8.014860288217804,,0.6918789,,131.36365,,,0,False,,,,,,,,0,False,False,False,36779.305,28.510857,0.27517346,0.29034078,0.019385407,0.27133438,0.30914536,0.019615619,False,False,False,False,0.004814948,0.66851044,False,False,61091.24406248734,,28,False,False,False,False,False,False,False,False,False,False,False,False,False,False,False,False,False,False,False,False,False,g
1,61091.243146467925,lsst,186.9101207361645,8.014839669293794,170028526740701203,170032919012180019,0,170028526740701203,6395.0776,201.44424,0,0,0,41605.066,201.3937,True,2026021900319,59,0.0,7.40097e-06,7.0755805e-06,1.9447248e-12,3655.425,0.1340955,2084.2244,0.12644528,False,6916.339,413.97705,False,False,False,31.130653,,1697.096,1681,6175.9023,1.7250779,186.9101228039009,,8.01484353035553,,0.70735806,,86.20071,,,0,False,,,,,,,,0,False,False,False,35316.34,18.212053,0.26164728,0.22471763,0.011888647,0.26979578,0.2570832,-0.0073257308,False,False,False,False,0.03819467,0.65801615,False,False,61091.244912895636,,54,False,False,False,False,False,False,False,False,False,False,False,False,False,False,False,False,False,False,False,False,False,g
1,61091.243611679616,lsst,186.91010811713,8.014842482694984,170028526740701203,170032919147970661,0,170028526740701203,5827.975,190.95409,0,0,0,37148.746,191.12726,True,2026021900320,62,0.0,7.2076914e-06,6.896359e-06,2.2881206e-12,1259.7513,0.1309223,3906.0366,0.122765705,False,6044.131,412.67264,False,False,False,30.290188,,1727.5299,1681,5663.678,2.1133885,186.9101073462099,,8.014840280897099,,0.8514686,,23.698202,,,0,False,,,,,,,,0,False,False,False,31432.96,21.049002,0.21758713,0.21307988,-0.03283402,0.25191864,0.22091976,-0.023254842,False,False,False,False,0.045884255,0.64501095,False,False,61091.245384092224,,26,False,False,False,False,False,False,False,False,False,False,False,False,False,False,False,False,False,False,False,False,False,g
1,61091.24407999597,lsst,186.91011695756518,8.014844932412036,170028526740701203,170032919279042595,0,170028526740701203,6025.3506,186.3791,0,0,0,36017.977,186.70425,True,2026021900321,56,0.0,6.3647162e-06,6.384976e-06,-2.4062173e-13,2153.218,0.11438951,1494.2861,0.11515916,False,5951.752,411.0586,False,False,False,32.26992,,1727.0557,1681,5831.91,1.5563405,186.91011618474295,,8.014842343716577,,0.7575644,,2.6368837,,,0,False,,,,,,,,0,False,False,False,29990.352,27.663195,0.18772824,0.21548592,-0.021635564,0.22577558,0.20432927,-0.020847937,False,False,False,False,0.020806119,0.6394775,False,False,61091.2458523483,,25,False,False,False,False,False,False,False,False,False,False,False,False,False,False,False,False,False,False,False,False,False,g
1,61091.244545365626,lsst,186.91011665954434,8.014853936858364,170028526740701203,170032919416406025,0,170028526740701203,5838.775,181.59436,0,0,0,34853.203,181.31839,True,2026021900322,62,0.0,7.2757693e-06,6.150002e-06,1.2154834e-11,767.95544,0.13904369,353.49063,0.10027982,False,5692.4736,405.5543,False,False,False,31.19596,,1811.3779,1681,5948.959,1.5469068,186.91011622572762,,8.014851240414325,,1.0909085,,36.3514,,,0,False,,,,,,,,0,False,False,False,28890.184,30.782513,0.24686266,0.17163707,-0.043377474,0.24499902,0.19039927,-0.03962485,False,False,False,False,0.008159352,0.63563716,False,False,61091.246180619055,,46,False,False,False,False,False,False,False,False,False,False,False,False,False,False,False,False,False,False,False,False,False,g
1,61091.245011524064,lsst,186.91012289462748,8.014841749654416,170028526740701203,170032919554293803,0,170028526740701203,6233.708,203.97318,0,0,0,39602.68,204.03265,True,2026021900323,69,0.0,7.540267e-06,7.0911447e-06,6.743394e-12,2140.8662,0.14072943,1004.6385,0.12214567,False,6448.5835,426.98822,False,False,False,30.089064,,1678.0603,1681,5949.312,1.0583699,186.91012466098317,,8.014842998733592,,0.54288286,,18.956526,,,0,False,,,,,,,,0,False,False,False,33685.73,22.331673,0.23127037,0.22587526,-0.0123950625,0.2761955,0.22567834,-0.027360555,False,False,False,False,0.048618056,0.67098343,False,False,61091.24691064383,,26,False,False,False,False,False,False,False,False,False,False,False,False,False,False,False,False,False,False,False,False,False,g
1,61091.245477934455,lsst,186.91011541771698,8.014849920577966,170028526740701203,170032919684841533,0,170028526740701203,5884.262,229.83968,0,0,0,39816.89,230.78252,True,2026021900324,62,0.0,8.7739045e-06,8.089711e-06,1.598735e-11,1849.1595,0.16903843,2822.318,0.13246131,False,5270.0933,478.51852,False,False,False,25.47257,,1634.859,1681,5715.155,2.3716578,186.91011786901691,,8.014854241027496,,0.7951901,,57.795883,,,0,False,,,,,,,,0,False,False,False,34446.383,17.847048,0.23338813,0.1766938,0.0028996356,0.28701597,0.22956356,-0.032423858,False,False,False,False,0.2398654,0.67590404,False,False,61091.24725781337,,27,False,False,False,False,False,False,False,False,False,False,False,False,False,False,False,False,False,False,False,False,False,g
1,61091.24594029818,lsst,186.91011691753855,8.0148468651574,170028526740701203,170032919845273640,0,170028526740701203,5571.79,226.46979,0,0,0,40059.355,227.3653,True,2026021900325,112,0.0,9.616215e-06,9.04448e-06,2.2773434e-11,1448.0358,0.18942557,1272.3417,0.14367034,False,5909.371,473.4911,False,False,False,24.393595,,1578.3842,1681,5751.175,2.8730764,186.91011899420238,,8.014846282187664,,1.2551209,,20.320244,,,0,False,,,,,,,,0,False,False,False,34462.14,17.675236,0.28519002,0.21375939,-0.06853121,0.30634007,0.2141877,-0.024939828,False,False,False,False,0.011126842,0.6468832,False,False,61091.247631744685,,26,False,False,False,False,False,False,False,False,False,False,False,False,False,False,False,False,False,False,False,False,False,g
2,61091.247796704374,lsst,186.91010457489807,8.014843633415591,170028526740701203,170032920004132869,0,170028526740701203,14229.805,255.90308,0,0,0,60559.676,256.5078,True,2026021900326,159,0.0,3.2164883e-06,4.3451764e-06,1.573125e-12,3156.1216,0.07888036,376.53455,0.057142347,False,16508.125,581.33954,False,False,False,53.990086,,1747.5314,1681,13955.339,2.2478373,186.91010194929373,,8.01484025848481,,0.91587645,,20.672958,,,0,False,,,,,,,,0,False,False,False,45957.723,25.79698,0.24099927,0.16849391,0.013850922,0.22253886,0.16693427,0.014729036,False,False,False,False,0.012803528,0.9592721,False,False,61091.24928519177,,29,False,False,False,False,False,False,False,False,False,False,False,False,False,False,False,False,False,False,False,False,False,r
2,61091.2487288213,lsst,186.91010546279932,8.014846070429003,170028526740701203,170032920265752605,0,170028526740701203,14517.8125,320.56955,0,0,0,59365.01,322.70993,True,2026021900328,146,0.0,3.9081583e-06,5.380647e-06,1.0583088e-12,2441.2283,0.097003974,1187.3335,0.07014067,False,17117.531,739.3809,False,False,False,44.340588,,1619.8527,1681,14783.199,3.9819264,186.91010257677812,,8.01484027937314,,1.10437,,22.55749,,,0,False,,,,,,,,0,False,False,False,44946.977,31.334085,0.26919684,0.17477234,0.03460905,0.23322698,0.16412383,0.03652164,False,False,False,False,0.066076726,0.98307586,False,False,61091.25034917702,,25,False,False,False,False,False,False,False,False,False,False,False,False,False,False,False,False,False,False,False,False,False,r
2,61091.24919337075,lsst,186.91010760883123,8.014842403176953,170028526740701203,170032920406786051,0,170028526740701203,13266.032,254.19905,0,0,0,57046.34,252.84593,True,2026021900329,159,0.0,3.0571316e-06,4.0468453e-06,1.5062559e-13,2817.5989,0.072928,132.57915,0.05505028,False,11283.18,591.47314,False,False,False,51.075314,,1708.601,1681,12807.909,2.9319105,186.91010624610493,,8.014839489263132,,0.93284184,,27.004873,,,0,False,,,,,,,,0,False,False,False,43452.17,30.107613,0.19219774,0.14032464,0.032371085,0.21408613,0.14948685,0.02904979,False,False,False,False,0.032657225,0.92132205,False,False,61091.250758960545,,24,False,False,False,False,False,False,False,False,False,False,False,False,False,False,False,False,False,False,False,False,False,r
2,61091.250662023085,lsst,186.9100995613418,8.01483823712705,170028526740701203,170032920806817799,0,170028526740701203,15717.857,677.4436,0,0,0,62860.33,693.3912,True,2026021900332,154,0.0,9.946647e-06,1.048071e-05,7.98861e-12,1352.6154,0.19249813,270.1409,0.17520173,False,23733.86,1608.5365,False,False,False,22.721003,,1695.3096,1681,16151.31,1.687445,186.91009398403617,,8.014832808904655,,1.17475,,15.569788,,,0,False,,,,,,,,0,False,False,False,46967.836,32.729885,0.37854415,0.2620694,-0.02702338,0.21306932,0.18810506,0.013757433,False,False,False,False,0.83286464,0.99809605,False,False,61091.2520963106,,26,False,False,False,False,False,False,False,False,False,False,False,False,False,False,False,False,False,False,False,False,False,r
2,61091.25112768069,lsst,186.9101074426541,8.014845730967702,170028526740701203,170032920921112585,0,170028526740701203,13407.96,322.83145,0,0,0,53986.086,327.05148,True,2026021900333,116,0.0,4.255537e-06,4.4889653e-06,1.2381156e-12,73.19676,0.08210431,224.6296,0.07536969,False,9825.463,787.23596,False,False,False,40.90057,,1738.4287,1681,12233.697,1.3045247,186.9101075094921,,8.01484508659177,,0.38610986,,37.159237,,,0,False,,,,,,,,0,False,False,False,40480.62,34.6752,0.15966862,0.14800258,0.0025469542,0.17112674,0.15982385,0.0011799097,False,False,False,False,0.020299051,0.7509748,False,False,61091.252736642666,,24,False,False,False,False,False,False,False,False,False,False,False,False,False,False,False,False,False,False,False,False,False,r
2,61091.25159485913,lsst,186.91011163666332,8.014846912305153,170028526740701203,170032921054281803,0,170028526740701203,13792.232,287.364,0,0,0,57517.65,285.8232,True,2026021900334,114,0.0,3.6900842e-06,4.4207995e-06,2.9077676e-12,2697.5774,0.0820171,2959.4783,0.06344837,False,12874.253,664.4155,False,False,False,47.417454,,1736.8668,1681,13134.045,3.7372522,186.9101106072904,,8.01484603449834,,0.76288694,,9.883335,,,0,False,,,,,,,,0,False,False,False,44120.582,28.501364,0.19863029,0.1506872,-0.011050442,0.21483657,0.16118631,0.0003354215,False,False,False,False,0.023442613,0.91012543,False,False,61091.25327363329,,24,False,False,False,False,False,False,False,False,False,False,False,False,False,False,False,False,False,False,False,False,False,r
2,61091.2520595652,lsst,186.91010914327848,8.014845397208767,170028526740701203,170032921205276706,0,170028526740701203,14183.767,256.54904,0,0,0,63961.848,253.46945,True,2026021900335,146,0.0,3.4146515e-06,4.5184447e-06,3.4730652e-12,869.38495,0.08370143,1016.64294,0.05816655,False,13371.304,559.81647,False,False,False,53.835594,,1655.796,1681,14117.803,0.9345433,186.9101091744713,,8.014845440253085,,0.96235687,,24.532965,,,0,False,,,,,,,,0,False,False,False,49680.594,16.094639,0.25403848,0.1691844,0.007931266,0.26179758,0.17875198,0.011028006,False,False,False,False,0.008478433,0.8210848,False,False,61091.25424377713,,30,False,True,False,False,False,False,False,True,False,False,False,False,False,False,False,False,False,False,False,False,False,r
2,61091.25299135658,lsst,186.9101119005396,8.014848693897903,170028526740701203,170032921453264972,0,170028526740701203,15186.474,294.61597,0,0,0,75940.04,295.9419,True,2026021900337,107,0.0,4.6276855e-06,5.025975e-06,9.607932e-13,3147.6477,0.090877704,2501.8118,0.082825154,False,16749.023,591.44324,False,False,False,51.063526,,1649.8969,1681,14126.858,0.47374153,186.91011331910644,,8.014849041889917,,0.6757517,,7.0448966,,,0,False,,,,,,,,0,False,False,False,61387.902,11.924963,0.31181547,0.2731859,-0.004312826,0.26865128,0.26142234,0.00460282,False,False,False,False,0.06865407,0.9710976,False,False,61091.254922634806,,31,False,False,False,False,False,False,False,False,False,False,False,False,False,False,False,False,False,False,False,False,False,r
2,61091.253457231345,lsst,186.91010921987643,8.014841842516619,170028526740701203,170032921611599943,0,170028526740701203,13387.602,261.7819,0,0,0,64384.332,259.9665,True,2026021900338,153,0.0,4.1678845e-06,4.1544117e-06,-3.551614e-14,2216.0571,0.07481948,2856.1475,0.0750441,False,12496.302,567.5611,False,False,False,51.060146,,1604.7557,1681,12685.743,0.372875,186.9101083280375,,8.014839980698525,,0.6726108,,57.233074,,,0,False,,,,,,,,0,False,False,False,50944.266,16.712889,0.21180733,0.21449214,0.019844152,0.21566838,0.21400525,0.006813444,False,False,False,False,0.00033142956,0.90266466,False,False,61091.255255089294,,27,False,False,False,False,False,False,False,False,False,False,False,False,False,False,False,False,False,False,False,False,False,r
2,61091.25392626996,lsst,186.91011362235554,8.014849812072827,170028526740701203,170032921742147606,0,170028526740701203,14470.481,288.90182,0,0,0,60327.77,289.5054,True,2026021900339,146,0.0,3.6907488e-06,4.805044e-06,1.2377863e-12,2057.841,0.08679323,724.6351,0.06602506,False,16049.032,656.1681,False,False,False,49.18373,,1699.7515,1681,14342.647,1.7376634,186.91011226465494,,8.014845397503686,,0.99975324,,23.939146,,,0,False,,,,,,,,0,False,False,False,46169.312,20.655506,0.25339195,0.17478308,0.02566156,0.21699694,0.17839906,0.016996004,False,False,False,False,0.033389855,0.9810511,False,False,61091.25544734784,,26,False,False,False,False,False,False,False,False,False,False,False,False,False,False,False,False,False,False,False,False,False,r
2,61091.254390651404,lsst,186.9101075398931,8.014839649011124,170028526740701203,170032921879511130,0,170028526740701203,15064.647,396.3868,0,0,0,55988.727,395.27563,True,2026021900340,152,0.0,4.715684e-06,5.7700036e-06,7.5219843e-13,2393.368,0.10399823,2928.235,0.08484131,False,16605.96,947.1576,False,False,False,37.27028,,1750.6626,1681,14344.489,2.2643077,186.9101075084272,,8.014838124946017,,0.6946974,,0.4152422,,,0,False,,,,,,,,0,False,False,False,41577.707,30.973446,0.20434202,0.16168547,-0.0027035521,0.1998465,0.16151205,-0.0008614697,False,False,False,False,0.00075470813,0.9855773,False,False,61091.25593073205,,24,False,False,False,False,False,False,False,False,False,False,False,False,False,False,False,False,False,False,False,False,False,r
3,61091.25717356091,lsst,186.9101164028743,8.014839690299176,170028526740701203,170032922279018502,0,170028526740701203,20809.39,314.21283,0,0,0,70354.516,314.87143,True,2026021900343,146,0.0,2.5168847e-06,2.8921393e-06,2.872833e-13,2892.1978,0.052201558,121.96099,0.045156643,False,22603.594,807.3834,False,False,False,65.58734,,1718.914,1681,19021.266,0.15710405,186.9101159378342,,8.014839369869822,,0.503849,,4.8224473,,,0,False,,,,,,,,0,False,False,False,48964.844,55.00899,0.156254,0.13427879,-0.001214907,0.15553525,0.12834972,0.002611424,False,False,False,False,0.0019445424,0.97379667,False,False,61091.25878775182,,33,False,False,False,False,False,False,False,False,False,False,False,False,False,False,False,False,False,False,False,False,False,i
3,61091.25909557707,lsst,186.91011730487642,8.014841096629636,170028526740701203,170032922820083765,0,170028526740701203,20478.943,581.02075,0,0,0,74739.125,588.853,True,2026021900347,154,0.0,5.0667404e-06,6.1958676e-06,8.060473e-12,1119.4354,0.11723441,1168.9224,0.08399993,False,25114.48,1465.7897,False,False,False,34.337067,,1675.2623,1681,20024.012,6.01529,186.9101169313528,,8.014836312501016,,0.906269,,15.86098,,,0,False,,,,,,,,0,False,False,False,55408.03,76.86553,0.21199507,0.13953882,-0.013252702,0.19634831,0.14031082,-0.0036967571,False,False,False,False,0.008195991,0.9951711,False,False,61091.26075879179,,23,False,False,False,False,False,False,False,False,False,False,False,False,False,False,False,False,False,False,False,False,False,i
3,61091.26049397893,lsst,186.91011131920592,8.014833015434807,170028526740701203,170032923218542643,0,170028526740701203,23261.781,627.2377,0,0,0,79292.57,635.09235,True,2026021900350,146,0.0,4.8840834e-06,6.0141665e-06,4.183013e-12,614.9234,0.11019035,1593.6685,0.08550112,False,31401.986,1555.0143,False,False,False,36.407936,,1835.6418,1681,21938.549,0.20447826,186.91010913389883,,8.014831378727298,,0.6116348,,22.859533,,,0,False,,,,,,,,0,False,False,False,57634.734,88.34325,0.20602366,0.17390776,0.0032448673,0.20393145,0.14353588,0.00072738517,False,False,False,False,0.037209585,0.9998318,False,False,61091.262159270984,,40,False,False,False,False,False,False,False,False,False,False,False,False,False,False,False,False,False,False,False,False,False,i
3,61091.26096341167,lsst,186.91011181819218,8.014851361204773,170028526740701203,170032923334934616,0,170028526740701203,24043.365,788.4338,0,0,0,72287.74,787.7551,True,2026021900351,112,0.0,6.046312e-06,6.440151e-06,1.3395668e-12,981.3791,0.116557255,3716.2488,0.10834064,False,36801.688,2013.8713,False,False,False,29.006226,,1675.9597,1681,22313.973,0.29797724,186.91011127990197,,8.01485058464265,,0.72481424,,-19.199512,,,0,False,,,,,,,,0,False,False,False,51187.7,74.68982,0.19163008,0.17324273,-0.0216814,0.17883667,0.1471086,-3.1256655e-05,False,False,False,False,0.056540314,0.9999387,False,False,61091.26261224775,,33,False,False,False,False,False,False,False,False,False,False,False,False,False,False,False,False,False,False,False,False,False,i
3,61091.26142766487,lsst,186.910113314392,8.01483681913745,170028526740701203,170032923466530902,0,170028526740701203,22729.223,520.1746,0,0,0,76511.08,518.2957,True,2026021900352,107,0.0,4.3020677e-06,5.3994777e-06,2.19861e-12,2991.851,0.097957626,3165.61,0.07650899,False,34468.836,1281.7482,False,False,False,41.93635,,1966.505,1681,21842.553,0.5786927,186.91011256380895,,8.01483281336662,,0.8815678,,13.125151,,,0,False,,,,,,,,0,False,False,False,55340.98,54.441425,0.2445256,0.17347245,0.0023267325,0.18422931,0.15687369,0.0074141505,False,False,False,False,0.19486588,0.99975246,False,False,61091.26310091404,,56,False,False,False,False,False,False,False,False,False,False,False,False,False,False,False,False,False,False,False,False,False,i
3,61091.261894071264,lsst,186.91010995373028,8.014843756761044,170028526740701203,170032923624865921,0,170028526740701203,21096.008,311.01016,0,0,0,67124.68,312.42175,True,2026021900353,153,0.0,2.3894502e-06,2.7184308e-06,2.406704e-13,1886.3174,0.04908906,3640.0857,0.042894542,False,24781.65,817.63837,False,False,False,66.64846,,1869.3126,1681,19468.078,1.3196898,186.91010956112083,,8.014843097439426,,0.5367194,,-2.9720702,,,0,False,,,,,,,,0,False,False,False,45724.53,82.09641,0.14949666,0.12606946,-0.004787806,0.14948267,0.12497172,-0.0019733605,False,False,False,False,5.6358902e-05,0.97999394,False,False,61091.263562071166,,25,False,False,False,False,False,False,False,False,False,False,False,False,False,False,False,False,False,False,False,False,False,i
1,61091.26473171715,lsst,186.91010883272406,8.014854014577942,170028526740701203,170032924042723390,0,170028526740701203,5628.922,211.3046,0,0,0,33869.258,211.09552,True,2026021900356,182,0.0,7.827156e-06,9.847082e-06,-5.870654e-12,1133.7126,0.17817453,2603.2214,0.1399295,False,7096.1846,481.99982,False,False,False,26.193247,,1735.1224,1681,5754.9375,0.9888418,186.91010360879426,,8.014842579002469,,1.178507,,12.955555,,,0,False,,,,,,,,0,False,False,False,28259.107,27.191568,0.32432032,0.22936267,0.04559464,0.22121999,0.1870097,0.039840564,False,False,False,False,0.47725207,0.74633616,False,False,61091.266485742926,,40,False,False,False,False,False,False,False,False,False,False,False,False,False,False,False,False,False,False,False,False,False,g
1,61091.26566437927,lsst,186.91012543430733,8.014865580603988,170028526740701203,170032924293333079,0,170028526740701203,5762.561,193.22656,0,0,0,35947.88,193.01192,True,2026021900358,148,0.0,6.5591894e-06,8.066002e-06,-6.2879133e-12,3193.7092,0.14699711,2234.2202,0.11571405,False,5826.424,419.5522,False,False,False,29.606953,,1762.113,1681,5782.4907,0.7206318,186.91012547956853,,8.014861213012386,,1.1020498,,15.021883,,,0,False,,,,,,,,0,False,False,False,30360.13,25.427774,0.27215502,0.21393292,0.049623683,0.24586588,0.19799127,0.039629895,False,False,False,False,0.048955515,0.7412161,False,False,61091.26738705237,,27,False,False,False,False,False,False,False,False,False,False,False,False,False,False,False,False,False,False,False,False,False,g
1,61091.26612931151,lsst,186.91012493898424,8.014862509806107,170028526740701203,170032924445376553,0,170028526740701203,5890.9893,293.80533,0,0,0,35872.11,296.17316,True,2026021900359,182,0.0,1.0698619e-05,1.1468676e-05,-6.321202e-12,903.731,0.20813711,2252.3223,0.19097476,False,5660.919,653.9741,False,False,False,20.003979,,1758.3119,1681,5430.9404,0.1031991,186.91012297407636,,8.014859212970556,,0.4319688,,4.3208737,,,0,False,,,,,,,,0,False,False,False,30784.8,47.28881,0.22682124,0.21545812,0.0055484725,0.2359895,0.19660683,0.0325303,False,False,False,False,0.0027088153,0.77576846,False,False,61091.26785693782,,24,False,False,False,False,False,False,False,False,False,False,False,False,False,False,False,False,False,False,False,False,False,g
1,61091.26659503258,lsst,186.9101108926497,8.014886703513856,170028526740701203,170032924579069971,0,170028526740701203,6102.271,720.1316,0,0,0,39323.52,726.0823,True,2026021900360,181,0.0,2.4456383e-05,2.1245378e-05,6.452249e-11,664.92224,0.37193808,1788.0906,0.44935656,False,3704.6113,1494.2512,False,False,False,8.573389,,1800.9872,1681,5690.6855,43.648525,186.91010786085343,,8.014896824624202,,0.81138253,,-102.00537,,,0,False,,,,,,,,0,False,False,False,34744.875,33.708736,0.1344491,0.19241735,-0.0091817165,0.27405202,0.24606942,0.03934689,False,False,False,False,0.5926376,0.4186359,False,False,61091.26833676723,,19,False,False,False,False,False,False,False,False,False,False,False,False,False,False,False,False,False,False,False,False,False,g
1,61091.26728286834,lsst,186.9100950283483,8.014876304357475,170028526740701203,170032924654567427,0,170028526740701203,4716.829,343.4009,0,0,0,34248.184,343.31357,True,2026021900361,69,0.0,1.7935074e-05,1.8449206e-05,-2.257518e-11,118.815956,0.3152773,36.527752,0.3392564,False,2051.2961,735.7263,False,False,False,13.709717,,1819.548,1681,4722.735,13.796841,186.91009792920315,,8.014869630658263,,0.8336826,,18.433207,,,0,False,,,,,,,,0,False,False,False,29819.098,43.207848,0.2223176,0.20742397,-0.030548278,0.2524997,0.26098675,0.01678491,False,False,False,False,0.15694943,0.5310606,False,False,61091.26894445006,,22,False,False,False,False,False,False,False,False,False,False,False,False,False,False,False,False,False,False,False,False,False,g
1,61091.267746615624,lsst,186.9101077013699,8.014819870769136,170028526740701203,170032924809756704,0,170028526740701203,6022.2876,402.3261,0,0,0,42362.867,406.80994,True,2026021900362,109,0.0,1.4820613e-05,1.5522406e-05,-3.5913723e-11,1875.2596,0.25025547,1799.5468,0.294459,False,6926.4937,845.1279,False,False,False,14.677558,,1843.3092,1681,6201.365,12.206551,186.91011077079273,,8.014830093263358,,1.272189,,120.99469,,,0,False,,,,,,,,0,False,False,False,36216.65,24.713171,0.18295328,0.29710805,0.056498103,0.2699355,0.266668,-0.0063881613,False,False,False,False,0.07183077,0.5621096,False,False,61091.26951945867,,24,False,False,False,False,False,False,False,False,False,False,False,False,False,False,False,False,False,False,False,False,False,g
1,61091.268212716255,lsst,186.91012714236732,8.014849014029314,170028526740701203,170032924923527206,0,170028526740701203,5557.682,333.14783,0,0,0,40496.94,336.085,True,2026021900363,70,0.0,1.2643339e-05,1.2376563e-05,1.606089e-11,2705.5857,0.2370202,905.37756,0.21307845,False,4002.2964,700.05695,False,False,False,16.639116,,1785.651,1681,5366.15,4.926186,186.9101324953214,,8.014851160647558,,0.7253859,,87.06465,,,0,False,,,,,,,,0,False,False,False,35197.535,43.44711,0.2086791,0.19488955,0.02238491,0.28142497,0.2524837,-0.00017848781,False,False,False,False,0.32854313,0.71547705,False,False,61091.26992818733,,23,False,False,False,False,False,False,False,False,False,False,False,False,False,False,False,False,False,False,False,False,False,g
1,61091.26867881048,lsst,186.91010583183814,8.014858819922003,170028526740701203,170032925077667879,0,170028526740701203,6536.523,234.15674,0,0,0,42006.94,236.63107,True,2026021900364,108,0.0,8.5855145e-06,8.530003e-06,5.3124753e-12,2821.7004,0.15964255,1627.8143,0.148259,False,7152.9663,469.8704,False,False,False,27.556929,,1708.4457,1681,6025.079,0.090598606,186.9101051554755,,8.01486139411691,,0.31365278,,80.76592,,,0,False,,,,,,,,0,False,False,False,36720.188,17.13071,0.27909586,0.27582207,0.0037979276,0.28440896,0.25663325,-0.012830385,False,False,False,False,0.00443894,0.74724495,False,False,61091.27049004137,,28,False,False,False,False,False,False,False,False,False,False,False,False,False,False,False,False,False,False,False,False,False,g
1,61091.270078455964,lsst,186.91010924346048,8.014846123350118,170028526740701203,170032925476651088,0,170028526740701203,5981.144,199.1882,0,0,0,34568.652,196.5472,True,2026021900367,101,0.0,6.528407e-06,6.843661e-06,9.317721e-12,3437.1384,0.13261196,2813.8022,0.10668558,False,5351.3394,444.69052,False,False,False,29.7281,,1652.6224,1681,5812.569,1.2719855,186.91010941568794,,8.01484627078581,,0.8245965,,10.954027,,,0,False,,,,,,,,0,False,False,False,28868.34,24.27936,0.19677325,0.1612063,-0.025653865,0.24059737,0.1927068,-0.023399884,False,False,False,False,0.15089007,0.62835705,False,False,61091.27190610761,,25,False,False,False,False,False,False,False,False,False,False,False,False,False,False,False,False,False,False,False,False,False,g
1,61091.27100979017,lsst,186.9101095214427,8.014858464510967,170028526740701203,170032925746659365,0,170028526740701203,5735.35,179.41953,0,0,0,35624.836,178.23553,True,2026021900369,104,0.0,6.5015356e-06,7.211335e-06,1.0529738e-11,3494.169,0.13794528,1284.3789,0.10723045,False,5861.0166,392.8119,False,False,False,31.586172,,1760.3174,1681,5919.731,0.8015402,186.91011050773096,,8.014856118204062,,1.1967432,,5.00262,,,0,False,,,,,,,,0,False,False,False,29845.238,18.97027,0.2825289,0.20313554,-0.057025164,0.24076653,0.20078559,-0.017887384,False,False,False,False,0.053559482,0.6337256,False,False,61091.27274886727,,26,False,False,False,False,False,False,False,False,False,False,False,False,False,False,False,False,False,False,False,False,False,g
2,61091.27383579995,lsst,186.91011373678106,8.01484687649465,170028526740701203,170032926173954086,0,170028526740701203,14751.946,248.599,0,0,0,61852.3,247.96593,True,2026021900372,151,0.0,3.4928667e-06,3.883907e-06,-7.259552e-13,270.45273,0.070292465,1014.2738,0.062434655,False,16197.169,557.14825,False,False,False,58.015133,,1806.169,1681,14007.615,0.020096414,186.91011321710613,,8.014844616794333,,0.7409602,,19.604216,,,0,False,,,,,,,,0,False,False,False,46984.074,19.623617,0.22898424,0.20889853,0.02221164,0.22016834,0.18113448,0.023292834,False,False,False,False,0.040819444,0.98445684,False,False,61091.275546014585,,27,False,False,False,False,False,False,False,False,False,False,False,False,False,False,False,False,False,False,False,False,False,r
2,61091.27430291496,lsst,186.91011245400117,8.014843394690212,170028526740701203,170032926306598993,0,170028526740701203,16365.187,299.6242,0,0,0,62576.344,299.585,True,2026021900373,148,0.0,3.7044283e-06,4.4143117e-06,-1.8393488e-12,2870.8945,0.080534935,2566.278,0.065360166,False,22895.162,680.81665,False,False,False,52.483025,,2027.8699,1681,16044.193,0.7617725,186.9101125140029,,8.014837282237497,,0.9788798,,0.62628645,,,0,False,,,,,,,,0,False,False,False,46214.65,27.089066,0.28611737,0.21281211,0.024409402,0.20751151,0.17717758,0.018892927,False,False,False,False,0.34558043,0.99827886,False,False,61091.2760850331,,66,False,False,False,False,False,False,False,False,False,False,False,False,False,False,False,False,False,False,False,False,False,r
2,61091.2747675426,lsst,186.91012040727622,8.014845066169038,170028526740701203,170032926458642480,0,170028526740701203,13086.406,669.8647,0,0,0,65934.31,680.67755,True,2026021900374,182,0.0,1.2596463e-05,1.1330673e-05,1.1772417e-11,361.9815,0.20084438,2639.041,0.22988972,False,14068.722,1413.1117,False,False,False,19.533443,,1760.9526,1681,13262.953,8.655731,186.91012062064058,,8.014841204094592,,1.2754345,,-84.212166,,,0,False,,,,,,,,0,False,False,False,53671.438,13.442218,0.20907016,0.3115425,-0.06099926,0.24377984,0.2367453,0.021277145,False,False,False,False,0.041016843,0.96481955,False,False,61091.276509620846,,27,False,False,False,False,False,False,False,False,False,False,False,False,False,False,False,False,False,False,False,False,False,r
2,61091.275911675024,lsst,186.910100531013,8.014842096055633,170028526740701203,170032926667833380,0,170028526740701203,14767.733,385.8852,0,0,0,79901.68,390.18048,True,2026021900376,69,0.0,6.3910516e-06,6.2744043e-06,2.9110351e-12,907.7584,0.118261196,1655.5231,0.10963096,False,13330.0205,765.18506,False,False,False,37.671036,,1733.6381,1681,14621.46,0.74307996,186.91010192555513,,8.014841400425572,,0.8180485,,100.73051,,,0,False,,,,,,,,0,False,False,False,65196.137,31.953495,0.26868543,0.2765972,0.02940723,0.316973,0.2764475,0.044585727,False,False,False,False,0.047664165,0.8758837,False,False,61091.27757997919,,31,False,False,False,False,False,False,False,False,False,False,False,False,False,False,False,False,False,False,False,False,False,r
2,61091.276842636435,lsst,186.9101093781737,8.014846978862252,170028526740701203,170032926936793167,0,170028526740701203,13800.958,289.48962,0,0,0,74695.11,290.29337,True,2026021900378,70,0.0,4.895708e-06,4.901248e-06,-1.5558766e-12,3405.2266,0.085411936,3089.2805,0.09101209,False,14034.841,586.90125,False,False,False,47.24381,,1680.4913,1681,13938.453,1.3783365,186.91011186415756,,8.014848380840814,,1.0864246,,97.76829,,,0,False,,,,,,,,0,False,False,False,60793.312,26.75275,0.2623139,0.28843752,0.05330131,0.26438546,0.27842635,0.03831288,False,False,False,False,0.0014534781,0.8349324,False,False,61091.2785776817,,29,False,False,False,False,False,False,False,False,False,False,False,False,False,False,False,False,False,False,False,False,False,r
2,61091.27731089169,lsst,186.91010555430518,8.014846172506129,170028526740701203,170032927090933836,0,170028526740701203,14191.231,277.82794,0,0,0,72590.414,275.67047,True,2026021900379,108,0.0,4.5163297e-06,4.558705e-06,2.3931872e-12,3134.6956,0.086371884,3431.3914,0.07675046,False,15614.2705,567.75684,False,False,False,50.809135,,1766.4253,1681,13297.934,0.35177898,186.9101063653527,,8.014844779689847,,0.59228224,,21.176397,,,0,False,,,,,,,,0,False,False,False,58386.51,13.145899,0.2708826,0.24875148,-0.010306832,0.2684254,0.23728229,0.016342934,False,False,False,False,0.004784995,0.87621105,False,False,61091.279232412635,,32,False,False,False,False,False,False,False,False,False,False,False,False,False,False,False,False,False,False,False,False,False,r
2,61091.2787105265,lsst,186.91011315393584,8.01487010082895,170028526740701203,170032927491489793,0,170028526740701203,6878.399,277.1366,1,0,0,53899.938,276.3236,True,2026021900382,104,0.0,4.831952e-06,5.0850176e-06,3.0878397e-12,3673.0366,0.095173396,98.136665,0.08298026,True,-14731.401,613.7757,True,False,False,26.877851,,7584.448,1681,,,,,,,,,,,,0,False,,,,,,,,0,True,False,False,47094.035,19.6115,6.61447,3.8592694,0.9536164,0.21581843,0.1837853,-0.023709057,True,False,False,False,,0.16541357,False,False,61091.280427435646,,107,False,False,False,False,False,False,False,False,False,False,False,False,False,False,False,False,False,False,False,False,False,r
3,61094.19862895009,lsst,186.9101126480503,8.014844100766458,170028526740701203,170046107381923919,0,170028526740701203,20291.662,346.1211,0,0,0,82351.98,345.71722,True,2026022200276,62,0.0,3.8091669e-06,3.373331e-06,1.6980618e-12,3280.9644,0.07031613,2921.0962,0.05868965,False,22507.527,800.3954,False,False,False,58.35848,,1752.2002,1681,19519.195,0.3856353,186.91011234098798,,8.014843764178499,,0.66724783,,55.878395,,,0,False,,,,,,,,0,False,False,False,61804.19,39.42897,0.22335908,0.18672207,-0.006965454,0.22124524,0.18148135,-0.005180418,False,False,False,False,0.0016774724,0.9506334,False,False,61094.200339861505,,27,False,False,False,False,False,False,False,False,False,False,False,False,False,False,False,False,False,False,False,False,False,i
3,61094.199114734176,lsst,186.91010557103027,8.01483775887395,170028526740701203,170046107516141605,0,170028526740701203,19916.453,356.02762,0,0,0,87737.734,357.8957,True,2026022200277,62,0.0,4.1637663e-06,3.7296027e-06,2.2870865e-12,1209.4966,0.07738745,1534.6262,0.06430048,False,20887.514,804.1085,False,False,False,54.47166,,1791.0884,1681,19929.686,0.71628636,186.91010567230828,,8.014837486854761,,0.88801104,,36.37739,,,0,False,,,,,,,,0,False,False,False,67277.16,33.557735,0.24432018,0.20198339,-0.029059403,0.23550229,0.19596095,-0.028239556,False,False,False,False,0.0063594743,0.8734264,False,False,61094.200774701225,,28,False,False,False,False,False,False,False,False,False,False,False,False,False,False,False,False,False,False,False,False,False,i
3,61094.19958189577,lsst,186.91010518445248,8.014843734975246,170028526740701203,170046107670806593,0,170028526740701203,20232.574,357.13336,0,0,0,85123.72,357.76666,True,2026022200278,101,0.0,3.6223983e-06,3.5253283e-06,5.8517633e-13,3017.6775,0.06603363,2671.1108,0.06257657,False,21557.865,815.14154,False,False,False,56.211086,,1854.7888,1681,19617.633,1.4722728,186.91010493928155,,8.014843283242863,,0.7884698,,19.09468,,,0,False,,,,,,,,0,False,False,False,64634.652,36.991444,0.19878681,0.1912428,-0.02783648,0.21304919,0.19100249,-0.015461514,False,False,False,False,0.006062759,0.95874614,False,False,61094.20136962345,,26,False,False,False,False,False,False,False,False,False,False,False,False,False,False,False,False,False,False,False,False,False,i
3,61094.200145548806,lsst,186.91010980881273,8.014843464165061,170028526740701203,170046107805024310,0,170028526740701203,18911.064,346.46033,0,0,0,80598.586,345.8337,True,2026022200279,101,0.0,3.4307222e-06,3.6173553e-06,2.8947584e-12,958.9084,0.07061647,1627.8345,0.055340312,False,15584.694,810.2312,False,False,False,54.36806,,1637.1217,1681,17964.666,1.2157437,186.91010976526883,,8.014843068446364,,0.64320946,,28.31253,,,0,False,,,,,,,,0,False,False,False,61390.51,47.01553,0.1836647,0.14927357,-0.006430253,0.21468976,0.15838572,-0.0066587687,False,False,False,False,0.0525194,0.71331507,False,False,61094.20186682245,,25,False,False,False,False,False,False,False,False,False,False,False,False,False,False,False,False,False,False,False,False,False,i
3,61094.20108013015,lsst,186.9101132665664,8.014844156425573,170028526740701203,170046108078702671,0,170028526740701203,19595.844,376.58597,0,0,0,96366.516,378.4656,True,2026022200281,111,0.0,4.0784703e-06,4.7539147e-06,6.325737e-12,1596.254,0.0929123,2705.8877,0.06394263,False,20395.447,806.168,False,False,False,51.21748,,1766.4529,1681,19127.127,1.1765558,186.91011413709856,,8.014844785113336,,0.9941558,,35.674156,,,0,False,,,,,,,,0,False,False,False,76380.92,27.796005,0.28244075,0.1914137,0.00524834,0.27371958,0.1875912,0.0013411827,False,False,False,False,0.004256457,0.9097473,False,False,61094.20279009806,,28,False,False,False,False,False,False,False,False,False,False,False,False,False,False,False,False,False,False,False,False,False,i
1,61094.20297624461,lsst,186.9101335218421,8.014856447740524,170028526740701203,170046108189327439,0,170028526740701203,6137.249,219.14174,0,0,0,55772.207,219.99353,True,2026022200282,66,0.0,1.0996058e-05,1.0139726e-05,1.2679425e-11,3072.1912,0.20330238,3739.0205,0.17658432,False,6763.173,384.7215,False,False,False,27.728256,,1705.1251,1681,6055.814,0.43286973,186.91013345052,,8.014861315095825,,1.0296612,,53.027958,,,0,False,,,,,,,,0,False,False,False,49464.76,14.1381035,0.44459966,0.35531878,-0.015474245,0.40874264,0.33542785,-0.057327,False,False,False,False,0.050876673,0.63891274,False,False,61094.204748428645,,50,False,False,False,False,False,False,False,False,False,False,False,False,False,False,False,False,False,False,False,False,False,g
1,61094.203441781654,lsst,186.91011241436996,8.014855841026591,170028526740701203,170046108346089530,0,170028526740701203,4912.7935,213.77173,0,0,0,53354.39,214.06879,True,2026022200283,109,0.0,1.3303128e-05,1.1497522e-05,4.047235e-11,1857.3381,0.2553002,2031.5682,0.18726796,False,4834.1465,380.64127,False,False,False,22.39406,,1757.1757,1681,5033.5703,2.066738,186.9101132443202,,8.014857238070379,,1.319891,,38.380413,,,0,False,,,,,,,,0,False,False,False,48323.016,11.217248,0.42324045,0.3013621,-0.055040598,0.4281366,0.3190946,-0.04681299,False,False,False,False,0.008532718,0.568485,False,False,61094.205251404965,,31,False,False,False,False,False,False,False,False,False,False,False,False,False,False,False,False,False,False,False,False,False,g
1,61094.20815369804,lsst,186.91012729797785,8.014856186329663,170028526740701203,170046108748742727,0,170028526740701203,5281.3584,200.9661,0,0,0,47478.207,200.79625,True,2026022200286,109,0.0,9.989508e-06,9.219464e-06,2.4184928e-11,2619.277,0.19546156,2926.9531,0.14740095,False,5277.052,378.82004,False,False,False,25.987091,,1664.9475,1681,5258.102,0.8293084,186.91012746200326,,8.01485858101244,,1.0628669,,38.67654,,,0,False,,,,,,,,0,False,False,False,42101.883,10.70205,0.3397108,0.24941407,-0.025616912,0.3689736,0.2711487,-0.036238756,False,False,False,False,0.049549345,0.5828833,False,False,61094.21041320362,,30,False,False,False,False,False,False,False,False,False,False,False,False,False,False,False,False,False,False,False,False,False,g
1,61094.2090871017,lsst,186.91012906399664,8.014864120572168,170028526740701203,170046108992536637,0,170028526740701203,5628.786,200.88702,0,0,0,48899.08,200.1468,True,2026022200288,62,0.0,9.6742915e-06,9.312688e-06,3.6314694e-11,1452.7203,0.20249565,2901.4082,0.13179448,False,5481.488,370.143,False,False,False,27.511387,,1887.5797,1681,5674.6904,3.1787183,186.91013073991317,,8.014867399890978,,1.1741511,,36.851624,,,0,False,,,,,,,,0,False,False,False,43266.39,17.56011,0.37013376,0.25048858,-0.023743153,0.4095371,0.26829538,-0.036758896,False,False,False,False,0.05851662,0.6021097,False,False,61094.21093247646,,54,False,False,False,False,False,False,False,False,False,False,False,False,False,False,False,False,False,False,False,False,False,g
1,61094.20956011567,lsst,186.91012732616554,8.014859640419159,170028526740701203,170046109150871608,0,170028526740701203,5237.1504,198.23369,0,0,0,46716.246,197.12514,True,2026022200289,108,0.0,9.978658e-06,1.0036287e-05,3.601322e-11,3321.405,0.21011308,2069.8813,0.14407569,False,5538.901,376.3879,False,False,False,25.853275,,1685.915,1681,5322.315,0.7920929,186.9101285991628,,8.014862243968272,,1.259251,,36.52272,,,0,False,,,,,,,,0,False,False,False,41434.367,10.535552,0.37748823,0.23228754,-0.020800617,0.36495456,0.2627054,-0.025671754,False,False,False,False,0.0063483645,0.5781772,False,False,61094.21196111529,,45,False,False,False,False,False,False,False,False,False,False,False,False,False,False,False,False,False,False,False,False,False,g
1,61094.21004404998,lsst,186.91012184255243,8.014849485537646,170028526740701203,170046109287186494,0,170028526740701203,5538.331,204.8277,0,0,0,49023.82,203.98022,True,2026022200290,112,0.0,9.443093e-06,9.641533e-06,1.534588e-11,1131.9412,0.18589997,2599.863,0.15643677,False,5664.6685,379.81732,False,False,False,26.84341,,1779.7723,1681,5328.3374,0.69431186,186.91012300621819,,8.014851195221826,,0.79118365,,15.342437,,,0,False,,,,,,,,0,False,False,False,43462.73,14.7616625,0.31821,0.2845553,-0.02173568,0.36280978,0.2824862,-0.020845551,False,False,False,False,0.034438122,0.6014388,False,False,61094.21199729971,,47,False,False,False,False,False,False,False,False,False,False,False,False,False,False,False,False,False,False,False,False,False,g
1,61094.210509859025,lsst,186.91011864038467,8.014859117810222,170028526740701203,170046109421404184,0,170028526740701203,5319.5703,204.6726,0,0,0,49320.688,204.40678,True,2026022200291,112,0.0,9.207148e-06,9.7789525e-06,2.3760285e-11,838.02716,0.19283248,874.6506,0.14599009,False,4577.306,377.2461,False,False,False,25.607525,,1685.762,1681,5182.7085,1.2678487,186.9101225761948,,8.014860649875573,,1.0028198,,53.283714,,,0,False,,,,,,,,0,False,False,False,43905.01,15.643612,0.3067988,0.22642347,0.022656074,0.36779946,0.28282407,0.0040787077,False,False,False,False,0.23274536,0.5746684,False,False,61094.212481974006,,30,False,False,False,False,False,False,False,False,False,False,False,False,False,False,False,False,False,False,False,False,False,g
1,61094.21100078256,lsst,186.91012419012068,8.014861961614168,170028526740701203,170046109556670480,0,170028526740701203,5145.0303,202.94637,1,0,0,50009.53,202.95007,True,2026022200292,114,0.0,9.313262e-06,1.0269781e-05,2.721294e-11,325.24646,0.2011461,577.6383,0.147585,True,4272.862,371.74258,True,False,False,25.043764,,1794.5543,1681,,,,,,,,,,,,0,False,,,,,,,,0,True,False,False,44800.36,15.737512,0.31001252,0.24230847,0.0061757276,0.4041307,0.27165812,-0.0025185025,True,False,False,False,,0.5662373,False,False,61094.2128274166,,63,False,False,False,False,False,False,False,False,False,False,False,False,False,False,False,False,False,False,False,False,False,g
1,61094.21146763841,lsst,186.91012471877937,8.014867053301316,170028526740701203,170046109685645382,0,170028526740701203,5710.0444,198.11232,0,0,0,46950.945,197.24132,True,2026022200293,104,0.0,8.82356e-06,1.0165784e-05,2.762019e-11,3506.1187,0.197965,2549.5784,0.13952881,False,6855.5522,375.5898,False,False,False,27.793346,,1745.4823,1681,5613.93,0.23729858,186.91012534343133,,8.014866893730309,,0.99031395,,34.27393,,,0,False,,,,,,,,0,False,False,False,41180.65,10.823559,0.38312736,0.2953226,0.0025380673,0.38099745,0.2545497,0.014384782,False,False,False,False,0.03551877,0.6136825,False,False,61094.213712459896,,47,False,False,False,False,False,False,False,False,False,False,False,False,False,False,False,False,False,False,False,False,False,g
1,61094.21194513714,lsst,186.91012740573396,8.014875902482856,170028526740701203,170046109821435995,0,170028526740701203,5417.9097,206.4824,0,0,0,50622.945,205.31511,True,2026022200294,107,0.0,9.785573e-06,1.1102286e-05,2.2745238e-11,2307.4111,0.20993313,3887.0068,0.16380902,False,5469.2783,372.0922,False,False,False,25.79609,,1813.5262,1681,5307.98,1.6121914,186.91012866983317,,8.014879040302098,,0.95905215,,38.166405,,,0,False,,,,,,,,0,False,False,False,45167.633,15.509247,0.36955428,0.29106054,0.012303264,0.4162659,0.2924852,0.009265707,False,False,False,False,0.040006764,0.5830512,False,False,61094.213890453044,,30,False,False,False,False,False,False,False,False,False,False,False,False,False,False,False,False,False,False,False,False,False,g
1,61094.213455606965,lsst,186.9101198726625,8.014842809324929,170028526740701203,170046110198923349,0,170028526740701203,5906.041,205.35384,0,0,0,51441.59,204.35725,True,2026022200297,59,0.0,9.935642e-06,9.513915e-06,4.3994005e-12,2751.9583,0.18055189,3789.7815,0.16935678,False,6237.4023,372.5507,False,False,False,28.18779,,1712.977,1681,5789.1226,0.3606119,186.91012211227257,,8.014844594388919,,0.92792076,,7.867841,,,0,False,,,,,,,,0,False,False,False,45510.66,15.273185,0.34329334,0.37738344,-0.03409056,0.3888583,0.3121047,-0.038616993,False,False,False,False,0.0069028386,0.610385,False,False,61094.215296596514,,47,False,False,False,False,False,False,False,False,False,False,False,False,False,False,False,False,False,False,False,False,False,g
2,61094.2153212721,lsst,186.9101108480347,8.01484579866983,170028526740701203,170046110362501173,0,170028526740701203,13641.068,260.00504,0,0,0,70041.49,258.2764,True,2026022200298,115,0.0,3.8700537e-06,4.454721e-06,3.7341705e-12,1183.1721,0.084255464,1185.8645,0.0647847,False,12729.049,535.6078,False,False,False,51.90357,,1607.4055,1681,12732.655,1.2776409,186.91011247231302,,8.014847886298943,,0.7182725,,29.460157,,,0,False,,,,,,,,0,False,False,False,56260.97,17.385916,0.24296193,0.19736855,0.0007867225,0.27130768,0.19743158,0.0027871616,False,False,False,False,0.021312607,0.80792946,False,False,61094.21709353594,,28,False,False,False,False,False,False,False,False,False,False,False,False,False,False,False,False,False,False,False,False,False,r
2,61094.21724299055,lsst,186.9101023823954,8.014838920658915,170028526740701203,170046110894653548,0,170028526740701203,13819.864,254.74797,0,0,0,69823.8,252.11697,True,2026022200302,106,0.0,3.7265013e-06,4.780564e-06,2.9040268e-12,3654.169,0.087624595,3266.9902,0.0649385,False,14900.931,526.1517,False,False,False,53.44333,,1661.4832,1681,14085.276,3.6304584,186.91010306328783,,8.014841931588672,,1.0578953,,25.545864,,,0,False,,,,,,,,0,False,False,False,55946.402,14.236859,0.29700646,0.19747318,0.016282847,0.2835036,0.2089044,0.020364864,False,False,False,False,0.00010885336,0.87199396,False,False,61094.21923941927,,35,False,False,False,False,False,False,False,False,False,False,False,False,False,False,False,False,False,False,False,False,False,r
2,61094.21770980927,lsst,186.91011071123935,8.014842216177247,170028526740701203,170046111029395490,0,170028526740701203,13889.366,240.47896,0,0,0,62558.434,237.71,True,2026022200303,107,0.0,3.0412286e-06,3.9245188e-06,1.5751717e-12,2895.7554,0.07151265,688.0346,0.053585492,False,13331.105,528.4374,False,False,False,57.59089,,1740.2046,1681,13574.314,0.27945256,186.91011032650138,,8.014842162020344,,0.88859475,,33.627705,,,0,False,,,,,,,,0,False,False,False,48454.33,23.370438,0.21483324,0.15876652,0.023616605,0.24222013,0.17599949,0.020250393,False,False,False,False,0.05775283,0.9036636,False,False,61094.21945103315,,25,False,False,False,False,False,False,False,False,False,False,False,False,False,False,False,False,False,False,False,False,False,r
2,61094.21818762494,lsst,186.9101156815477,8.014837021978503,170028526740701203,170046111187730523,0,170028526740701203,13235.684,242.6294,0,0,0,63035.65,239.61783,True,2026022200304,153,0.0,3.658559e-06,4.2615507e-06,9.047818e-13,1789.3406,0.077106245,2707.523,0.06544307,False,14126.703,530.3209,False,False,False,53.467606,,1662.1116,1681,12627.306,0.44697762,186.9101142685635,,8.01483589600402,,0.8069182,,33.22443,,,0,False,,,,,,,,0,False,False,False,49634.883,22.838453,0.23569717,0.19460121,0.020884622,0.2214363,0.19070257,0.018288763,False,False,False,False,0.009957828,0.8881221,False,False,61094.22007490352,,26,False,False,False,False,False,False,False,False,False,False,False,False,False,False,False,False,False,False,False,False,False,r
2,61094.21915327458,lsst,186.91010903689863,8.014844677377408,170028526740701203,170046111457738822,0,170028526740701203,13768.309,248.01726,0,0,0,65451.97,245.42157,True,2026022200306,156,0.0,3.6363422e-06,4.265822e-06,3.7699257e-13,1530.0303,0.07690002,1966.8984,0.06539791,False,15194.504,526.24384,False,False,False,55.09821,,1702.667,1681,13149.929,0.98417175,186.91010916921323,,8.01484336052157,,0.7693366,,28.243774,,,0,False,,,,,,,,0,False,False,False,51563.13,17.632156,0.24123487,0.20562494,0.01945834,0.23538679,0.20189497,0.016418723,False,False,False,False,0.0026214388,0.9526085,False,False,61094.22106341414,,31,False,False,False,False,False,False,False,False,False,False,False,False,False,False,False,False,False,False,False,False,False,r
2,61094.22009663647,lsst,186.91010933902166,8.014840607303533,170028526740701203,170046111722504198,0,170028526740701203,13098.45,240.65411,0,0,0,62490.047,236.29808,True,2026022200308,149,0.0,3.2388446e-06,4.248023e-06,-2.1469088e-13,35.636417,0.076473854,88.46815,0.058271408,False,13228.874,526.11176,False,False,False,53.643635,,1703.7091,1681,12954.191,1.9021657,186.91010824790783,,8.014837149776577,,1.0574415,,19.027985,,,0,False,,,,,,,,0,False,False,False,49176.777,26.502928,0.24792798,0.16741206,0.035256203,0.22350605,0.18880965,0.02247061,False,False,False,False,0.00027719382,0.95328754,False,False,61094.22170935796,,26,False,False,False,False,False,False,False,False,False,False,False,False,False,False,False,False,False,False,False,False,False,r
2,61094.222224994635,lsst,186.9101087115582,8.014847841704476,170028526740701203,170046112212189281,0,170028526740701203,13714.554,243.44986,0,0,0,63725.926,239.55577,True,2026022200312,59,0.0,4.112444e-06,3.7360803e-06,1.4596392e-12,2501.3464,0.07533893,3387.626,0.06577912,False,13792.36,525.4051,False,False,False,55.243584,,1600.3665,1681,13271.269,1.1647438,186.9101075705116,,8.014845313107658,,0.7878456,,44.13798,,,0,False,,,,,,,,0,False,False,False,49934.906,18.21208,0.23899925,0.20094192,-0.02024312,0.23041312,0.21201727,-0.025732389,False,False,False,False,0.00017505215,0.78521353,False,False,61094.224023941286,,28,False,False,False,False,False,False,False,False,False,False,False,False,False,False,False,False,False,False,False,False,False,r
3,61094.22450065412,lsst,186.91011110292305,8.01484856756157,170028526740701203,170046112531480657,0,170028526740701203,20243.63,339.2632,0,0,0,84438.25,338.6863,True,2026022200314,156,0.0,3.1007444e-06,3.636275e-06,1.5381236e-12,3103.72,0.06691339,1969.205,0.054166377,False,20604.205,768.5211,False,False,False,59.38805,,1724.0739,1681,19781.178,1.3508494,186.910111401242,,8.01484739038265,,0.8659258,,42.432262,,,0,False,,,,,,,,0,False,False,False,63907.87,49.743824,0.21855508,0.16903001,0.024001382,0.22535214,0.17273816,0.013484089,False,False,False,False,0.0034644902,0.9741135,False,False,61094.226247245606,,28,False,False,False,False,False,False,False,False,False,False,False,False,False,False,False,False,False,False,False,False,False,i
3,61094.225437054425,lsst,186.9101075405373,8.014843551248994,170028526740701203,170046112799916134,0,170028526740701203,19425.896,339.16263,0,0,0,83886.06,338.69144,True,2026022200316,156,0.0,3.551447e-06,3.5482922e-06,-2.4033117e-14,3132.259,0.06391157,3140.9968,0.063986905,False,18808.041,771.0608,False,False,False,56.865788,,1670.0756,1681,17578.738,0.03622836,186.91010667712374,,8.014842906724285,,0.37453064,,102.06046,,,0,False,,,,,,,,0,False,False,False,64199.805,44.818596,0.18902716,0.20088759,0.0004995352,0.19933656,0.18359935,0.011765331,False,False,False,False,0.0015911347,0.92260504,False,False,61094.22717700004,,25,False,False,False,False,False,False,False,False,False,False,False,False,False,False,False,False,False,False,False,False,False,i
3,61094.22687682636,lsst,186.9101106694188,8.014842484449256,170028526740701203,170046113202569225,0,170028526740701203,20001.783,324.0766,0,0,0,78886.9,323.42828,True,2026022200319,156,0.0,2.7877306e-06,3.5631115e-06,4.753498e-13,933.4324,0.06430353,245.67564,0.05004586,False,21599.645,765.61816,False,False,False,59.589016,,1729.7025,1681,19129.47,1.9425359,186.91010997939435,,8.014839807690294,,0.889271,,21.503942,,,0,False,,,,,,,,0,False,False,False,58474.566,54.25478,0.21209303,0.14951491,0.019470446,0.20261106,0.16063802,0.027350044,False,False,False,False,9.278008e-05,0.97231084,False,False,61094.228519245,,28,False,False,False,False,False,False,False,False,False,False,False,False,False,False,False,False,False,False,False,False,False,i
3,61094.22734338804,lsst,186.91011081428368,8.014836234756935,170028526740701203,170046113334689840,0,170028526740701203,19784.332,316.1238,0,0,0,74054.31,315.07306,True,2026022200320,152,0.0,3.0058607e-06,2.914964e-06,-3.3671897e-14,3769.3826,0.052499097,1017.06116,0.054143023,False,18613.092,770.7049,False,False,False,61.692856,,1721.2583,1681,18588.828,0.25478834,186.91011067401968,,8.014835564256522,,0.6151235,,50.944267,,,0,False,,,,,,,,0,False,False,False,53987.867,59.306076,0.1569522,0.161012,0.016621493,0.16226825,0.1582237,0.0132725295,False,False,False,False,0.0002494965,0.95032007,False,False,61094.22893866731,,24,False,False,False,False,False,False,False,False,False,False,False,False,False,False,False,False,False,False,False,False,False,i
3,61094.228800526274,lsst,186.9101038522592,8.01483877572447,170028526740701203,170046113735245888,0,170028526740701203,20132.797,330.392,0,0,0,82134.11,328.6112,True,2026022200323,148,0.0,3.067773e-06,3.2978712e-06,-1.7619967e-13,3290.063,0.059420194,1328.8298,0.055159353,False,20025.475,759.275,False,False,False,60.30489,,1696.6917,1681,19809.494,2.1779141,186.9101027556464,,8.014837408708537,,0.8789991,,32.447678,,,0,False,,,,,,,,0,False,False,False,61647.566,53.957977,0.19670245,0.18174589,0.034942176,0.1955237,0.18802808,0.030778226,False,False,False,False,0.0008484872,0.9933623,False,False,61094.23042892212,,27,False,False,False,False,False,False,False,False,False,False,False,False,False,False,False,False,False,False,False,False,False,i
3,61094.229264415204,lsst,186.91010884535666,8.014851593735887,170028526740701203,170046113870512156,0,170028526740701203,20006.408,324.36444,0,0,0,78893.4,322.11826,True,2026022200324,150,0.0,3.364071e-06,3.0450365e-06,3.472713e-13,3073.605,0.054632142,667.64044,0.060716994,False,21414.822,759.1194,False,False,False,60.83412,,1816.1523,1681,19842.27,0.9769784,186.9101084489643,,8.014850069438427,,0.956248,,48.769875,,,0,False,,,,,,,,0,False,False,False,58612.26,63.888218,0.17523189,0.21372038,0.038432106,0.18485953,0.1851003,0.034535173,False,False,False,False,0.012113738,0.99767035,False,False,61094.23085553222,,25,False,False,False,False,False,False,False,False,False,False,False,False,False,False,False,False,False,False,False,False,False,i
3,61094.23047134593,lsst,186.9101045086287,8.014839341497668,170028526740701203,170046114090713165,0,170028526740701203,19881.5,345.2493,0,0,0,89684.79,344.4195,True,2026022200326,58,0.0,4.216261e-06,3.378722e-06,1.6967516e-12,2937.994,0.076795526,2699.9036,0.059673052,False,20625.201,752.2467,False,False,False,57.06323,,1665.3322,1681,19645.547,2.5074,186.91010604300584,,8.014838849790566,,0.86024094,,71.37028,,,0,False,,,,,,,,0,False,False,False,69517.484,43.7236,0.26386744,0.19779855,-0.0052762697,0.25622728,0.19518633,0.00064360345,False,False,False,False,0.0029063243,0.92190236,False,False,61094.2321293361,,28,False,False,False,False,False,False,False,False,False,False,False,False,False,False,False,False,False,False,False,False,False,i
1,61094.23285020224,lsst,186.91011803335763,8.014854331098293,170028526740701203,170046114385887295,0,170028526740701203,5127.5522,183.56161,0,0,0,41174.15,182.831,True,2026022200328,109,0.0,8.140451e-06,8.059446e-06,1.0862062e-11,1000.39764,0.15754533,1786.591,0.13311407,False,4394.036,371.27557,False,False,False,27.189405,,1781.8491,1681,5042.2124,4.6209764,186.9101230104797,,8.014855413911038,,0.94656974,,4.7263994,,,0,False,,,,,,,,0,False,False,False,35991.35,18.049114,0.23609038,0.22721583,-0.04096677,0.31862637,0.22453523,-0.022400685,False,False,False,False,0.13654196,0.57115847,False,False,61094.23468896392,,26,False,False,False,False,False,False,False,False,False,False,False,False,False,False,False,False,False,False,False,False,False,g
1,61094.23331535663,lsst,186.91012282884904,8.014847744658303,170028526740701203,170046114523250715,0,170028526740701203,5774.2603,185.92049,0,0,0,41360.137,184.01187,True,2026022200329,115,0.0,8.00355e-06,8.1507915e-06,2.2635924e-11,2039.335,0.16893575,672.65485,0.11741608,False,6400.0464,376.18896,False,False,False,30.195265,,1734.8394,1681,5778.249,2.1718428,186.9101234165229,,8.014848828275907,,1.0314844,,40.429432,,,0,False,,,,,,,,0,False,False,False,35508.92,17.048828,0.30529812,0.20727997,-0.0052954983,0.32489496,0.2207614,0.0004085592,False,False,False,False,0.024769744,0.59677505,False,False,61094.23519180364,,39,False,False,False,False,False,False,False,False,False,False,False,False,False,False,False,False,False,False,False,False,False,g
1,61094.23378553279,lsst,186.9101183899327,8.014847024018351,170028526740701203,170046114653798465,0,170028526740701203,5503.8867,184.55544,0,0,0,41947.773,183.22244,True,2026022200330,108,0.0,8.240649e-06,8.622309e-06,2.136391e-11,1202.5656,0.1733782,1836.8799,0.1265942,False,5741.982,370.60965,False,False,False,29.672247,,1784.9238,1681,5446.152,0.43053412,186.9101188418552,,8.014848635723204,,0.8109346,,24.088728,,,0,False,,,,,,,,0,False,False,False,36411.477,15.677104,0.2859223,0.23703875,-0.015982755,0.3522205,0.21444413,-0.023799298,False,False,False,False,0.041243825,0.6104209,False,False,61094.23564099904,,41,False,True,False,False,False,False,False,True,False,False,False,False,False,False,False,False,False,False,False,False,False,g
1,61094.23567595644,lsst,186.91011709035834,8.014856457410737,170028526740701203,170046114918563926,0,170028526740701203,5128.089,171.56958,0,0,0,36155.594,168.08904,True,2026022200332,101,0.0,6.761406e-06,8.506064e-06,2.6919309e-11,2904.1873,0.16985075,3403.5776,0.09685774,False,4080.7405,368.17474,False,False,False,29.030529,,1749.6377,1681,5263.4297,2.5579858,186.91011899123518,,8.014856836437087,,1.1202825,,30.24781,,,0,False,,,,,,,,0,False,False,False,30979.076,29.953737,0.2774978,0.15626939,-0.0033557774,0.30447826,0.17276885,-0.00026908462,False,False,False,False,0.048265114,0.5613641,False,False,61094.237379982544,,26,False,False,False,False,False,False,False,False,False,False,False,False,False,False,False,False,False,False,False,False,False,g
1,61094.238439548935,lsst,186.91011234331143,8.014849194046663,170028526740701203,170046115328557128,0,170028526740701203,5206.051,177.94069,0,0,0,37675.93,175.84831,True,2026022200335,115,0.0,6.874843e-06,9.28193e-06,1.9653895e-11,225.53741,0.17496394,3333.3967,0.11245343,False,5411.634,377.66266,False,False,False,28.890123,,1675.385,1681,5229.224,2.3024795,186.9101126312039,,8.01485038259757,,1.1637633,,32.008953,,,0,False,,,,,,,,0,False,False,False,32452.656,22.820288,0.3193146,0.19693406,0.020649081,0.2982732,0.19034018,0.010431978,False,False,False,False,0.019353257,0.61398506,False,False,61094.24011350665,,28,False,False,False,False,False,False,False,False,False,False,False,False,False,False,False,False,False,False,False,False,False,g
1,61094.24027222673,lsst,186.9101086153144,8.014843388216525,170028526740701203,170046115592798271,0,170028526740701203,5361.5757,202.5447,0,0,0,50651.098,202.25073,True,2026022200337,107,0.0,8.029419e-06,1.068716e-05,1.6365046e-11,2663.5,0.19642039,3345.8994,0.13882598,False,4796.2603,372.53162,False,False,False,26.390734,,1687.2245,1681,5352.9014,1.377127,186.91010950134543,,8.014846018241968,,1.0850334,,38.24385,,,0,False,,,,,,,,0,False,False,False,45193.047,16.960485,0.30945382,0.22930081,0.037461396,0.41005746,0.27033857,0.018820858,False,False,False,False,0.3080537,0.5935317,False,False,61094.24205696634,,29,False,False,False,False,False,False,False,False,False,False,False,False,False,False,False,False,False,False,False,False,False,g
1,61094.24223390891,lsst,186.9101008767335,8.014863105624707,170028526740701203,170046115882729490,0,170028526740701203,4841.8447,193.22644,0,0,0,45813.99,192.55347,True,2026022200339,148,0.0,9.265323e-06,9.045342e-06,1.6935214e-12,1431.8304,0.16210602,536.5489,0.16726997,False,3903.5403,367.57855,False,False,False,24.788755,,1736.4523,1681,4929.405,1.4314847,186.91010103429815,,8.014864967743938,,1.364196,,30.317467,,,0,False,,,,,,,,0,False,False,False,40902.09,9.431778,0.25147125,0.28919291,0.090760134,0.32409742,0.31390363,0.053367633,False,False,False,False,0.16923133,0.61062855,False,False,61094.244153229636,,28,False,False,False,False,False,False,False,False,False,False,False,False,False,False,False,False,False,False,False,False,False,g
1,61094.243166287626,lsst,186.91011959880404,8.014855992807648,170028526740701203,170046116017995788,0,170028526740701203,5101.3677,202.97769,0,0,0,51029.28,202.75438,True,2026022200340,150,0.0,1.0095964e-05,1.0218403e-05,-1.4261651e-12,3174.3262,0.18437065,480.43683,0.18110287,False,4710.478,370.65567,False,False,False,24.39097,,1756.807,1681,5252.691,4.175987,186.91011981604115,,8.014857988360415,,1.3329321,,20.402845,,,0,False,,,,,,,,0,False,False,False,45817.83,12.593964,0.3236285,0.31755388,0.08533057,0.35085636,0.34946075,0.07898095,False,False,False,False,0.060452413,0.6028993,False,False,61094.24491423037,,51,False,False,False,False,False,False,False,False,False,False,False,False,False,False,False,False,False,False,False,False,False,g
1,61094.244080071076,lsst,186.91012081838946,8.014853942691614,170028526740701203,170046116152213586,0,170028526740701203,5246.3457,185.97406,0,0,0,42689.93,184.31125,True,2026022200341,150,0.0,8.453262e-06,7.978165e-06,5.1388017e-12,3603.817,0.14063497,3225.1333,0.15485,False,5872.128,369.6581,False,False,False,27.844915,,1756.1935,1681,5407.893,1.8017739,186.91012180476886,,8.014857664614938,,1.2464927,,27.519566,,,0,False,,,,,,,,0,False,False,False,37419.777,11.837416,0.2509282,0.29773137,0.07116205,0.28394422,0.29330653,0.07250581,False,False,False,False,0.017537605,0.64863867,False,False,61094.24592069666,,28,False,False,False,False,False,False,False,False,False,False,False,False,False,False,False,False,False,False,False,False,False,g
2,61094.24644978934,lsst,186.91011798621247,8.01484020205542,170028526740701203,170046116264935504,0,170028526740701203,13761.2705,259.32468,0,0,0,73223.12,255.82272,True,2026022200342,109,0.0,4.7121976e-06,4.856608e-06,9.844427e-12,1254.8688,0.10315482,3378.2854,0.06496472,False,14988.572,527.80945,False,False,False,52.760986,,1817.6152,1681,14198.648,1.3593872,186.91011921303283,,8.014840418026003,,1.1704946,,29.58201,,,0,False,,,,,,,,0,False,False,False,59297.066,32.83897,0.33558035,0.21988705,-0.029182738,0.3427923,0.20652217,-0.019058324,False,False,False,False,0.0008621067,0.8289594,False,False,61094.24814686239,,31,False,False,False,False,False,False,False,False,False,False,False,False,False,False,False,False,False,False,False,False,False,r
2,61094.24737549524,lsst,186.91011398628265,8.014840702445467,170028526740701203,170046116402298946,0,170028526740701203,13027.523,243.38673,0,0,0,64141.707,238.9987,True,2026022200343,115,0.0,4.004246e-06,4.270641e-06,5.985988e-12,1818.2135,0.08685243,2319.4778,0.059834484,False,12553.543,527.0445,False,False,False,53.081875,,1681.7858,1681,12953.21,0.27700242,186.91011524733017,,8.014842224070469,,0.87119645,,37.929317,,,0,False,,,,,,,,0,False,False,False,50946.785,17.353642,0.25222334,0.18325163,-0.0022681088,0.2683253,0.1828561,-0.009646129,False,False,False,False,0.006820045,0.7383683,False,False,61094.249097552805,,28,False,False,False,False,False,False,False,False,False,False,False,False,False,False,False,False,False,False,False,False,False,r
2,61094.24829303625,lsst,186.91010581411223,8.014837832184863,170028526740701203,170046116532846662,0,170028526740701203,13812.639,239.4749,0,0,0,63640.73,236.35062,True,2026022200344,108,0.0,3.653615e-06,4.072116e-06,5.6568734e-12,1456.8811,0.08223093,3162.1638,0.05422958,False,14653.931,520.2068,False,False,False,57.412045,,1777.2947,1681,14161.587,1.6368715,186.91010541586797,,8.014838741177615,,1.0409304,,31.456863,,,0,False,,,,,,,,0,False,False,False,49725.945,17.409061,0.26818615,0.16751695,-0.009885673,0.26532456,0.17910032,-0.0075616855,False,False,False,False,0.002137714,0.83884627,False,False,61094.25014693536,,29,False,False,False,False,False,False,False,False,False,False,False,False,False,False,False,False,False,False,False,False,False,r
2,61094.24920320219,lsst,186.91010545721366,8.014844275306114,170028526740701203,170046116670734424,0,170028526740701203,13294.455,247.22508,0,0,0,65432.344,242.64514,True,2026022200345,115,0.0,4.0666014e-06,4.4014896e-06,3.4284194e-12,2232.5898,0.08389777,3416.133,0.06794158,False,14232.21,528.3325,False,False,False,53.557297,,1695.9475,1681,13317.678,1.4575225,186.91010511678763,,8.014844731662642,,0.89834964,,31.488394,,,0,False,,,,,,,,0,False,False,False,52114.66,18.481287,0.28481436,0.21201402,-0.0029961292,0.25625286,0.21226874,-0.0032093036,False,False,False,False,0.021181088,0.8829018,False,False,61094.25103464039,,30,False,False,False,False,False,False,False,False,False,False,False,False,False,False,False,False,False,False,False,False,False,r
2,61094.25012918438,lsst,186.91011645625647,8.014842968448916,170028526740701203,170046116799184984,0,170028526740701203,12949.751,254.54564,0,0,0,72441.14,252.23763,True,2026022200346,104,0.0,4.3758773e-06,5.0825793e-06,6.317986e-12,345.80148,0.09797485,3713.185,0.07046444,False,12360.3955,521.90356,False,False,False,50.720623,,1514.7256,1681,13118.649,1.3796914,186.91011443616435,,8.014838830509799,,0.9833736,,21.478983,,,0,False,,,,,,,,0,False,False,False,59310.684,39.29452,0.31840214,0.23520389,-0.0144652575,0.34647545,0.22082494,-0.0037739587,False,False,False,False,0.004120446,0.7989653,False,False,61094.251792458796,,29,False,False,False,False,False,False,False,False,False,False,False,False,False,False,False,False,False,False,False,False,False,r
2,61094.25104564594,lsst,186.91010665920254,8.014840956016146,170028526740701203,170046116933402634,0,170028526740701203,12878.52,240.65138,0,0,0,64216.434,237.1109,True,2026022200347,104,0.0,3.5902099e-06,4.270249e-06,4.0193873e-12,3054.8975,0.081290565,330.17703,0.058950968,False,11173.748,517.2464,False,False,False,53.50317,,1917.7184,1681,12633.325,2.163122,186.9101080870187,,8.014843424702608,,0.8034286,,32.853523,,,0,False,,,,,,,,0,False,False,False,51128.438,19.311777,0.23182023,0.1742706,0.0047253966,0.26497394,0.18153065,0.0010805663,False,False,False,False,0.044681847,0.75245404,False,False,61094.25275927159,,29,False,False,False,False,False,False,False,False,False,False,False,False,False,False,False,False,False,False,False,False,False,r
2,61094.25196207494,lsst,186.9101096983692,8.014844320471674,170028526740701203,170046117072863277,0,170028526740701203,13840.175,250.83083,0,0,0,68937.086,246.63405,True,2026022200348,114,0.0,3.9906195e-06,4.370033e-06,1.886554e-12,3428.4768,0.08051197,1395.7722,0.06980991,False,13331.568,522.3464,False,False,False,53.986225,,1631.7902,1681,13101.04,0.3770516,186.91010930106762,,8.014843998681409,,0.5814621,,16.115976,,,0,False,,,,,,,,0,False,False,False,54919.953,14.577036,0.24779405,0.21997477,-0.004469065,0.25646123,0.21191278,0.00134442,False,False,False,False,9.780338e-06,0.81655806,False,False,61094.25376675529,,28,False,False,False,False,False,False,False,False,False,False,False,False,False,False,False,False,False,False,False,False,False,r
2,61094.252885388225,lsst,186.9101112069261,8.014853856672948,170028526740701203,170046117227528266,0,170028526740701203,14408.365,267.66373,0,0,0,78007.11,266.2062,True,2026022200349,153,0.0,4.277712e-06,4.820433e-06,2.3435075e-12,3746.179,0.08857922,2334.7805,0.075004384,False,15504.105,522.9931,False,False,False,53.012077,,1657.314,1681,13742.235,1.1094434,186.91011238057172,,8.014855827905144,,0.7292685,,35.473743,,,0,False,,,,,,,,0,False,False,False,63395.234,17.473154,0.2953628,0.2539538,0.010622661,0.29871777,0.24636933,0.018240832,False,False,False,False,0.00041051465,0.88269943,False,False,61094.25454522966,,33,False,False,False,False,False,False,False,False,False,False,False,False,False,False,False,False,False,False,False,False,False,r
2,61094.25831118013,lsst,186.91010811231064,8.014844051351153,170028526740701203,170046117495963672,0,170028526740701203,13882.563,228.63347,0,0,0,58445.645,224.87584,True,2026022200351,153,0.0,3.3184504e-06,3.7655052e-06,1.2245013e-12,4047.166,0.06883536,602.7777,0.058580965,False,14726.0625,517.4102,False,False,False,59.96943,,1625.7238,1681,13329.692,0.10206517,186.9101060480729,,8.014842093342962,,0.59560674,,35.98097,,,0,False,,,,,,,,0,False,False,False,44535.684,40.380444,0.22754006,0.20198576,0.008614599,0.2107212,0.17773697,0.021095615,False,False,False,False,0.052866932,0.92543834,False,False,61094.259924161684,,27,False,False,False,False,False,False,False,False,False,False,False,False,False,False,False,False,False,False,False,False,False,r
2,61094.25922991536,lsst,186.9101141540325,8.014840092010086,170028526740701203,170046117626511452,0,170028526740701203,13007.212,232.41553,0,0,0,60308.168,228.98091,True,2026022200352,146,0.0,3.3269669e-06,3.4864256e-06,3.2922162e-13,2523.796,0.06299949,2700.165,0.059623796,False,11731.014,518.4042,False,False,False,55.926903,,1802.8588,1681,11848.753,0.67413217,186.91011338324515,,8.014840330777604,,0.3210451,,16.85781,,,0,False,,,,,,,,0,False,False,False,47140.395,29.437464,0.1796232,0.17091069,0.00013616554,0.20038272,0.18752734,-0.0001487341,False,False,False,False,0.04401378,0.8331698,False,False,61094.26095348284,,38,False,False,False,False,False,False,False,False,False,False,False,False,False,False,False,False,False,False,False,False,False,r
2,61094.260145247696,lsst,186.9101068512368,8.014847179368891,170028526740701203,170046117760729095,0,170028526740701203,12878.825,234.98184,0,0,0,61987.3,230.48653,True,2026022200353,146,0.0,3.1518298e-06,4.4825347e-06,2.4866983e-12,2275.964,0.081841774,213.71143,0.055038527,False,12042.641,512.6965,False,False,False,53.866978,,1719.5458,1681,13508.336,0.5662225,186.9101064585035,,8.014845930821819,,1.1306,,31.127935,,,0,False,,,,,,,,0,False,False,False,48891.86,20.328524,0.26636875,0.1661253,0.036553897,0.2785239,0.18261644,0.034229893,False,False,False,False,0.02199065,0.8303244,False,False,61094.26182610753,,27,False,False,False,False,False,False,False,False,False,False,False,False,False,False,False,False,False,False,False,False,False,r
2,61094.261068189604,lsst,186.91011282713356,8.014850217354496,170028526740701203,170046117895995425,0,170028526740701203,14166.928,222.1556,0,0,0,55890.266,217.91866,True,2026022200354,148,0.0,2.6673258e-06,3.4368154e-06,8.3223e-13,3510.3774,0.06222798,844.81683,0.047517322,False,15326.463,510.40588,False,False,False,62.10685,,1745.4515,1681,14251.271,0.5768832,186.91011323671808,,8.014853026511704,,0.8640281,,29.533945,,,0,False,,,,,,,,0,False,False,False,41636.797,46.398914,0.21312305,0.15989734,0.021882536,0.2155159,0.16157484,0.026875235,False,False,False,False,0.0005488623,0.8982259,False,False,61094.26272799214,,26,False,False,False,False,False,False,False,False,False,False,False,False,False,False,False,False,False,False,False,False,False,r
2,61094.26210912212,lsst,186.91011229788322,8.014845060080185,170028526740701203,170046118030213194,0,170028526740701203,13141.906,211.11974,0,0,0,51004.324,207.91093,True,2026022200355,148,0.0,2.957336e-06,3.0213923e-06,-2.509595e-13,330.58252,0.054734275,1620.552,0.05284185,False,13739.398,513.64886,False,False,False,61.53354,,1646.1963,1681,12484.278,0.6617637,186.91011211850687,,8.01484659239792,,0.64554656,,18.705357,,,0,False,,,,,,,,0,False,False,False,37707.047,41.037243,0.16716573,0.16670632,0.01849602,0.16984843,0.15779297,0.02230002,False,False,False,False,0.0014791514,0.984245,False,False,61094.263725869976,,36,False,False,False,False,False,False,False,False,False,False,False,False,False,False,False,False,False,False,False,False,False,r
2,61094.2630317597,lsst,186.9101177028112,8.014843816299102,170028526740701203,170046118165479473,0,170028526740701203,13257.086,224.76321,0,0,0,57827.02,221.03064,True,2026022200356,150,0.0,3.3835372e-06,3.3432163e-06,2.0551505e-13,1694.6301,0.05985267,1327.9484,0.06119992,False,13962.002,513.6494,False,False,False,58.88118,,1677.869,1681,13135.072,0.8249534,186.91011803154166,,8.014846770009994,,0.82803655,,16.54067,,,0,False,,,,,,,,0,False,False,False,44351.035,33.052616,0.19551551,0.19663146,0.031224893,0.19613132,0.1993262,0.040614888,False,False,False,False,0.00034622598,0.98728055,False,False,61094.26476867782,,25,False,False,False,False,False,False,False,False,False,False,False,False,False,False,False,False,False,False,False,False,False,r
3,61095.16694971481,lsst,186.91011702848664,8.014835754937442,170028526740701203,170050503976681513,0,170028526740701203,20061.576,407.43488,0,0,0,109122.914,410.44672,True,2026022300265,109,0.0,4.5849265e-06,4.7178946e-06,-6.1025946e-12,602.7717,0.07094782,1262.2538,0.09487312,False,21187.139,825.6231,False,False,False,48.69171,,1730.717,1681,20736.283,6.7034397,186.91011960685083,,8.014835399997184,,1.2075816,,-35.992832,,,0,False,,,,,,,,0,False,False,False,88551.195,53.832603,0.20708872,0.34322962,-0.014665432,0.24095164,0.34135896,-0.00022843319,False,False,False,False,0.02175423,0.9280536,False,False,61095.168661386204,,30,False,False,False,False,False,False,False,False,False,False,False,False,False,False,False,False,False,False,False,False,False,i
3,61095.16835694099,lsst,186.910108778752,8.014843878177677,170028526740701203,170050504380907609,0,170028526740701203,19796.377,387.04422,0,0,0,98098.49,388.01382,True,2026022300268,112,0.0,4.3233213e-06,4.2988436e-06,-4.9124127e-13,1602.7372,0.07662335,3313.7712,0.078662254,False,19026.336,815.65515,False,False,False,50.654743,,1763.5201,1681,19260.875,2.6327124,186.91011248362716,,8.014842701300472,,0.7141264,,96.21411,,,0,False,,,,,,,,0,False,False,False,78132.04,25.136242,0.22904532,0.24769531,0.020400051,0.2425406,0.2616151,0.008375628,False,False,False,False,0.018486045,0.9468558,False,False,61095.170199425556,,32,False,False,False,False,False,False,False,False,False,False,False,False,False,False,False,False,False,False,False,False,False,i
3,61095.16882652985,lsst,186.9101143253251,8.014839127565768,170028526740701203,170050504513028190,0,170028526740701203,19569.072,371.39102,0,0,0,92718.72,371.66113,True,2026022300269,108,0.0,4.2663423e-06,4.040444e-06,-2.8321156e-12,3252.6694,0.068066455,2232.711,0.08099782,False,20875.348,810.8458,False,False,False,51.85254,,1760.5548,1681,19287.646,2.11118,186.91011861236862,,8.014835978731544,,0.79452896,,116.3091,,,0,False,,,,,,,,0,False,False,False,72906.37,32.078445,0.20277527,0.25603586,0.009292828,0.21350543,0.25997245,0.009417711,False,False,False,False,0.0056671365,0.92829597,False,False,61095.1707562402,,41,False,False,False,False,False,False,False,False,False,False,False,False,False,False,False,False,False,False,False,False,False,i
3,61095.169292525316,lsst,186.91010407429053,8.014841014073578,170028526740701203,170050504645148699,0,170028526740701203,20020.186,379.13306,0,0,0,97172.23,379.14114,True,2026022300270,104,0.0,4.1879466e-06,4.4520275e-06,2.5782204e-12,627.0843,0.08344891,559.19104,0.07166188,False,18381.076,808.4527,False,False,False,52.580303,,1698.4714,1681,19158.355,0.2681175,186.91010397441184,,8.014841040757144,,0.6432931,,54.33105,,,0,False,,,,,,,,0,False,False,False,76729.59,25.159956,0.26757914,0.24114779,0.012168966,0.27066138,0.2451609,0.01523067,False,False,False,False,0.0012186881,0.92091537,False,False,61095.171165386215,,27,False,False,False,False,False,False,False,False,False,False,False,False,False,False,False,False,False,False,False,False,False,i
3,61095.17117145944,lsst,186.91011427322246,8.014843628786775,170028526740701203,170050505183592524,0,170028526740701203,19603.49,379.4545,0,0,0,95426.54,378.06998,True,2026022300274,107,0.0,4.201876e-06,4.3402465e-06,5.303876e-13,803.8086,0.07853355,2146.1448,0.075170144,False,21181.629,810.0549,False,False,False,51.47984,,1728.6547,1681,19372.64,0.95414186,186.91011410702916,,8.014843608355656,,0.8944133,,61.75128,,,0,False,,,,,,,,0,False,False,False,75647.16,23.815798,0.23752776,0.22694434,0.03600129,0.24972348,0.23814297,0.030231463,False,False,False,False,0.013917876,0.95756274,False,False,61095.17304271309,,29,False,False,False,False,False,False,False,False,False,False,False,False,False,False,False,False,False,False,False,False,False,i
3,61095.17163964722,lsst,186.91011580383497,8.014840340018775,170028526740701203,170050505339830294,0,170028526740701203,20139.514,380.13318,0,0,0,97385.305,379.09818,True,2026022300275,149,0.0,4.070008e-06,4.218937e-06,4.3223183e-13,1199.0786,0.07623872,415.84988,0.07294847,False,19488.158,803.82025,False,False,False,52.739594,,1794.1327,1681,19035.06,0.56214786,186.91011487472286,,8.014839439678589,,0.53551686,,29.914322,,,0,False,,,,,,,,0,False,False,False,76972.31,25.329647,0.22951107,0.20698489,0.005068561,0.23581126,0.24081379,0.0050154706,False,False,False,False,0.041352294,0.9496984,False,False,61095.173370004864,,29,False,False,False,False,False,False,False,False,False,False,False,False,False,False,False,False,False,False,False,False,False,i
1,61095.174410136875,lsst,186.91011258615404,8.014845100544342,170028526740701203,170050505724133492,0,170028526740701203,5483.953,203.59409,0,0,0,41651.355,201.6423,True,2026022300278,114,0.0,8.022854e-06,9.757263e-06,2.3268063e-11,3176.993,0.18682261,3830.432,0.12957886,False,5529.2188,410.79825,False,False,False,26.64358,,1788.4456,1681,5528.5425,2.1368878,186.9101150682736,,8.014847488673377,,1.0305642,,43.552776,,,0,False,,,,,,,,0,False,False,False,36152.047,14.836245,0.30370674,0.21918014,0.024976926,0.33364654,0.22782864,0.03539497,False,False,False,False,0.032595817,0.62142783,False,False,61095.17627868059,,30,False,False,False,False,False,False,False,False,False,False,False,False,False,False,False,False,False,False,False,False,False,g
1,61095.17534520228,lsst,186.91013853820232,8.014853370282145,170028526740701203,170050505993093234,0,170028526740701203,5630.0186,210.61273,1,0,0,44854.98,210.31856,True,2026022300280,115,0.0,8.825621e-06,1.016578e-05,1.2533686e-11,358.1201,0.18755361,3692.2456,0.15347978,True,6505.2095,413.27228,True,False,False,26.169147,,1766.2832,1681,,,,,,,,,,,,0,False,,,,,,,,0,True,False,False,39153.145,11.270764,0.31710228,0.3108036,-0.016392555,0.3583432,0.2457439,0.03911649,True,False,False,False,,0.6161709,False,False,61095.17730910925,,59,False,False,False,False,False,False,False,False,False,False,False,False,False,False,False,False,False,False,False,False,False,g
1,61095.1758145253,lsst,186.91012615657402,8.01484972973085,170028526740701203,170050506147758128,0,170028526740701203,5171.733,215.28435,0,0,0,45905.36,214.76149,True,2026022300281,154,0.0,8.357422e-06,1.1290401e-05,2.2799172e-11,3313.4888,0.2096874,1201.0024,0.14161223,False,4166.6265,415.2653,False,False,False,23.888649,,1801.7296,1681,5250.47,3.4472156,186.91013137538434,,8.014853077792422,,1.2227744,,19.577917,,,0,False,,,,,,,,0,False,False,False,40576.31,12.064885,0.3202746,0.17465496,0.00094880816,0.3502019,0.26017576,0.03942148,False,False,False,False,0.23906572,0.59464407,False,False,61095.17784529953,,40,False,False,False,False,False,False,False,False,False,False,False,False,False,False,False,False,False,False,False,False,False,g
1,61095.17628284439,lsst,186.91012690036573,8.014859099806172,170028526740701203,170050506283024401,0,170028526740701203,5325.1685,200.83197,1,0,0,42096.387,201.55228,True,2026022300282,156,0.0,8.340942e-06,9.853407e-06,8.688629e-12,1382.1248,0.1796908,500.83652,0.14736696,True,5101.9907,400.10913,True,False,False,26.265947,,1918.24,1681,,,,,,,,,,,,0,False,,,,,,,,0,True,False,False,36714.414,13.933674,0.29228547,0.24793677,0.042487305,0.31955644,0.2475618,0.050687205,True,False,False,False,,0.59925246,False,False,61095.1780806619,,59,False,False,False,False,False,False,False,False,False,False,False,False,False,False,False,False,False,False,False,False,False,g
1,61095.176753759704,lsst,186.91014476894276,8.01484920055842,170028526740701203,170050506417242168,0,170028526740701203,5343.1704,211.32999,1,0,0,46314.195,211.8316,True,2026022300283,156,0.0,9.356929e-06,1.1215198e-05,9.422468e-12,2772.2712,0.203747,1295.4958,0.16628963,True,4981.4424,409.00006,True,False,False,24.801552,,2142.2454,1681,,,,,,,,,,,,0,False,,,,,,,,0,True,False,False,40892.09,10.451146,0.32370123,0.26094657,-0.010173503,0.35593623,0.26359698,0.048776336,True,False,False,False,,0.6012553,False,False,61095.17874971703,,61,False,False,False,False,False,False,False,False,False,False,False,False,False,False,False,False,False,False,False,False,False,g
1,61095.17722147755,lsst,186.91012771638412,8.014849153126756,170028526740701203,170050506529439864,0,170028526740701203,5171.7974,216.92493,0,0,0,47686.734,215.0188,True,2026022300284,114,0.0,1.0907953e-05,1.2042838e-05,4.916211e-12,2755.4902,0.21749045,3857.4688,0.19548647,False,5031.396,406.94205,False,False,False,23.12363,,1730.6931,1681,5253.3735,1.6483814,186.910133462295,,8.014850073203123,,0.9776719,,-21.06512,,,0,False,,,,,,,,0,False,False,False,42517.246,17.10046,0.33508793,0.29580885,-0.038268812,0.3661915,0.2887356,0.0600138,False,False,False,False,0.010956953,0.6044409,False,False,61095.17908490814,,59,False,False,False,False,False,False,False,False,False,False,False,False,False,False,False,False,False,False,False,False,False,g
1,61095.18002958969,lsst,186.91014794081647,8.014868595388187,170028526740701203,170050507353620568,0,170028526740701203,5606.872,214.80466,1,0,0,48734.58,215.10071,True,2026022300290,150,0.0,1.0252448e-05,1.106104e-05,-2.4491602e-12,3265.41,0.19927137,2014.0848,0.18421729,True,6116.6465,400.5011,True,False,False,25.827097,,2050.92,1681,,,,,,,,,,,,0,False,,,,,,,,0,True,False,False,43079.453,11.622846,0.37976307,0.30939817,0.020577548,0.32671678,0.3454269,0.04838965,True,False,False,False,,0.5987716,False,False,61095.181884132304,,65,False,False,False,False,False,False,False,False,False,False,False,False,False,False,False,False,False,False,False,False,False,g
1,61095.1809856903,lsst,186.9101336259856,8.014845074960311,170028526740701203,170050507619958881,0,170028526740701203,5177.488,198.69731,0,0,0,41757.652,197.44958,True,2026022300292,146,0.0,8.761269e-06,9.893066e-06,2.2957855e-12,1803.366,0.1782676,2336.8035,0.15735264,False,5816.785,402.62796,False,False,False,25.186237,,1735.2078,1681,5181.959,3.0797682,186.91013713283922,,8.01484769423901,,0.9844345,,41.22312,,,0,False,,,,,,,,0,False,False,False,36541.24,13.66088,0.28257337,0.25229543,0.041619,0.30480042,0.25506565,0.059424564,False,False,False,False,0.013843438,0.6140692,False,False,61095.182753262285,,45,False,False,False,False,False,False,False,False,False,False,False,False,False,False,False,False,False,False,False,False,False,g
2,61095.18330952338,lsst,186.91010373497627,8.014839584224408,170028526740701203,170050507846975600,0,170028526740701203,12782.558,270.91263,0,0,0,68730.81,267.88348,True,2026022300294,67,0.0,4.4448943e-06,4.5106585e-06,-1.0497888e-12,2646.1484,0.07849768,3839.8506,0.08279963,False,11048.152,563.2369,False,False,False,46.68538,,1862.4366,1681,12942.12,2.0907922,186.91010540389723,,8.014837764010537,,1.0045226,,104.90377,,,0,False,,,,,,,,0,False,False,False,55867.605,16.667025,0.21468514,0.23560336,0.04598257,0.24121478,0.26672167,0.039799668,False,False,False,False,0.078673966,0.68417424,False,False,61095.1853101592,,28,False,False,False,False,False,False,False,False,False,False,False,False,False,False,False,False,False,False,False,False,False,r
2,61095.18377674492,lsst,186.91012080392755,8.014843825670294,170028526740701203,170050508003213322,0,170028526740701203,13626.053,279.66553,0,0,0,76922.9,279.73395,True,2026022300295,109,0.0,4.86185e-06,4.9024593e-06,-1.1056199e-12,339.30167,0.085869655,269.19547,0.08993457,False,13622.96,556.88257,False,False,False,48.416115,,1819.3423,1681,14373.608,2.4776943,186.9101206056294,,8.01484230924116,,1.1701239,,101.65353,,,0,False,,,,,,,,0,False,False,False,63000.22,17.103035,0.26539585,0.29331216,0.063172184,0.2760243,0.2789334,0.029598586,False,False,False,False,0.00031709694,0.7715093,False,False,61095.1854846433,,54,False,False,False,False,False,False,False,False,False,False,False,False,False,False,False,False,False,False,False,False,False,r
2,61095.185173590166,lsst,186.91010624086795,8.014846109553854,170028526740701203,170050508407439433,0,170028526740701203,13356.952,261.1831,0,0,0,67343.75,259.00064,True,2026022300298,112,0.0,4.585344e-06,4.5290362e-06,-2.0140985e-12,1616.1521,0.07799977,2256.3936,0.08594798,False,14851.034,556.0506,False,False,False,50.965168,,1733.4039,1681,12943.849,0.050042562,186.91010649775282,,8.014846495467028,,0.748426,,100.52172,,,0,False,,,,,,,,0,False,False,False,53831.02,15.06338,0.24252811,0.26591477,0.021730656,0.22716905,0.24496835,0.007103444,False,False,False,False,0.034330506,0.83994937,False,False,61095.187011829825,,28,False,False,False,False,False,False,False,False,False,False,False,False,False,False,False,False,False,False,False,False,False,r
2,61095.18564030556,lsst,186.9101128474042,8.014837577898625,170028526740701203,170050508539559981,0,170028526740701203,13010.84,265.99945,0,0,0,71166.85,264.18436,True,2026022300299,108,0.0,4.6909386e-06,4.7947965e-06,2.1451879e-12,3037.214,0.08951235,1279.2035,0.08108725,False,11874.911,550.69495,False,False,False,48.86585,,1655.4639,1681,12477.024,0.11766705,186.9101135263582,,8.014838110729748,,0.54756135,,42.152252,,,0,False,,,,,,,,0,False,False,False,57931.55,13.098497,0.25942692,0.23388413,0.0016742029,0.26694405,0.23887011,0.011985234,False,False,False,False,0.0038579893,0.79712415,False,False,61095.18757440227,,29,False,False,False,False,False,False,False,False,False,False,False,False,False,False,False,False,False,False,False,False,False,r
2,61095.18798341275,lsst,186.91009857400348,8.014842827474567,170028526740701203,170050509210124355,0,170028526740701203,13384.73,277.05338,0,0,0,77566.58,276.69907,True,2026022300304,107,0.0,4.822048e-06,5.956536e-06,6.4894817e-12,952.1929,0.11135587,1465.8984,0.081359796,False,14191.947,547.3409,False,False,False,47.79859,,1735.0192,1681,13665.97,0.76044905,186.9100989965594,,8.014842307929504,,1.0483073,,30.40732,,,0,False,,,,,,,,0,False,False,False,63973.168,14.3446665,0.34279138,0.24506861,0.012238132,0.34056398,0.24833864,0.027146213,False,False,False,False,2.3059883e-05,0.8356087,False,False,61095.18977110645,,32,False,False,False,False,False,False,False,False,False,False,False,False,False,False,False,False,False,False,False,False,False,r
2,61095.18844904754,lsst,186.91009793138863,8.01484216532953,170028526740701203,170050509364789358,0,170028526740701203,12359.771,288.08078,0,0,0,81177.73,285.68964,True,2026022300305,146,0.0,5.3652416e-06,5.9288204e-06,2.7160362e-12,1631.5033,0.10821888,3938.2952,0.094863206,False,10205.793,550.45056,False,False,False,42.402863,,1742.096,1681,12192.737,0.3823834,186.91009699779886,,8.014843203820506,,0.9870484,,50.450672,,,0,False,,,,,,,,0,False,False,False,68652.78,12.760157,0.29360127,0.24941865,0.038607948,0.32913214,0.28121138,0.027810728,False,False,False,False,0.088626064,0.7824556,False,False,61095.19028460626,,31,False,False,False,False,False,False,False,False,False,False,False,False,False,False,False,False,False,False,False,False,False,r
2,61095.18911238552,lsst,186.91010763073533,8.014838536140097,170028526740701203,170050509435568163,0,170028526740701203,13229.726,304.5096,0,0,0,84338.07,303.6234,True,2026022300306,25,0.0,6.079982e-06,6.3306043e-06,-1.4490225e-14,2404.1191,0.109470196,864.55414,0.114063375,False,14167.255,579.567,False,False,False,42.71126,,1716.6635,1681,13065.205,0.14194782,186.91010615762147,,8.014836428094307,,0.7522421,,142.80505,,,0,False,,,,,,,,0,False,False,False,70923.55,15.032877,0.34925044,0.36193544,0.023709416,0.32537013,0.32394895,0.033594772,False,False,False,False,0.07112051,0.83008647,False,False,61095.1909284559,,36,False,False,False,False,False,False,False,False,False,False,False,False,False,False,False,False,False,False,False,False,False,r
2,61095.189580421094,lsst,186.9101043471099,8.014838206694687,170028526740701203,170050509585514582,0,170028526740701203,14287.069,305.49878,0,0,0,93896.31,304.50604,True,2026022300307,55,0.0,6.715601e-06,5.9523913e-06,4.2048168e-13,621.04266,0.12087189,3810.1492,0.107113175,False,15075.711,550.15204,False,False,False,46.722836,,1751.8745,1681,14281.535,0.03446478,186.91010481309564,,8.014838969747366,,0.9432659,,93.45476,,,0,False,,,,,,,,0,False,False,False,79311.12,12.559747,0.442104,0.36544093,0.008196898,0.3767985,0.3594014,0.0009153301,False,False,False,False,0.082772516,0.84776103,False,False,61095.19123877811,,36,False,False,False,False,False,False,False,False,False,False,False,False,False,False,False,False,False,False,False,False,False,r
3,61095.1920264582,lsst,186.91010470311002,8.014840623383062,170028526740701203,170050509885931620,0,170028526740701203,19166.63,381.98306,0,0,0,96636.76,382.12946,True,2026022300309,116,0.0,4.4577096e-06,4.760175e-06,1.2367162e-12,191.21461,0.086734675,2660.3657,0.07932411,False,19216.346,810.0978,False,False,False,49.7488,,1776.8575,1681,17642.936,0.16752258,186.91010236944123,,8.014839867900271,,0.67066026,,-4.5583444,,,0,False,,,,,,,,0,False,False,False,77310.91,27.42926,0.2575496,0.2327932,-0.01523472,0.24537101,0.2221531,-0.0015587838,False,False,False,False,0.0138585875,0.94331205,False,False,61095.193717981674,,31,False,False,False,False,False,False,False,False,False,False,False,False,False,False,False,False,False,False,False,False,False,i
3,61095.19296346606,lsst,186.9101101392597,8.014846946456517,170028526740701203,170050510174289992,0,170028526740701203,20695.135,427.509,1,0,0,121749.69,432.32037,True,2026022300311,154,0.0,5.8791684e-06,5.749187e-06,-4.4866126e-13,2642.4202,0.10346207,3273.8582,0.10605674,True,23263.652,809.4013,True,False,False,47.400887,,1810.1443,1681,,,,,,,,,,,,0,False,,,,,,,,0,True,False,False,100435.19,17.251295,0.36315623,0.36000124,0.017863099,0.31652728,0.31936374,0.024966607,True,False,False,False,,0.93828785,False,False,61095.19485417023,,69,False,False,False,False,False,False,False,False,False,False,False,False,False,False,False,False,False,False,False,False,False,i
3,61095.19839568959,lsst,186.91010683208881,8.014833003451631,170028526740701203,170050510840660094,0,170028526740701203,19301.184,359.07208,0,0,0,93885.586,358.48502,True,2026022300316,145,0.0,3.7718312e-06,4.4425574e-06,-3.212169e-14,3577.8108,0.079975426,3711.377,0.06788971,False,19383.719,775.79065,False,False,False,53.605286,,1690.8943,1681,19237.18,1.0262561,186.91010668199348,,8.01483410277057,,0.7797349,,17.331554,,,0,False,,,,,,,,0,False,False,False,74220.13,25.289442,0.24716783,0.20282291,0.015633749,0.24275635,0.22121051,0.012458027,False,False,False,False,0.00524911,0.99113196,False,False,61095.20024535613,,29,False,False,False,False,False,False,False,False,False,False,False,False,False,False,False,False,False,False,False,False,False,i
3,61095.199331037744,lsst,186.91011373797977,8.014840494827807,170028526740701203,170050511112765478,0,170028526740701203,19451.379,379.2034,0,0,0,101472.53,379.53186,True,2026022300318,152,0.0,4.438541e-06,4.5062066e-06,-8.873404e-14,2241.9617,0.081188895,960.9403,0.07991158,False,19941.678,780.4151,False,False,False,51.146988,,1830.8999,1681,18413.084,1.5017887,186.91011334629778,,8.014841030058443,,0.5399102,,43.848812,,,0,False,,,,,,,,0,False,False,False,81656.76,19.169037,0.23954111,0.24392901,0.012326417,0.2615918,0.24819407,0.023176584,False,False,False,False,0.016857013,0.99117273,False,False,61095.20107477015,,40,False,False,False,False,False,False,False,False,False,False,False,False,False,False,False,False,False,False,False,False,False,i
3,61095.20080128292,lsst,186.91011598417268,8.014846104542569,170028526740701203,170050511496020055,0,170028526740701203,19302.22,397.3899,1,0,0,110971.34,399.33676,True,2026022300321,115,0.0,5.291386e-06,4.574605e-06,-2.8692344e-12,2034.156,0.0804246,2846.3389,0.09697731,True,19196.713,788.00336,True,False,False,48.35791,,1827.7921,1681,,,,,,,,,,,,0,False,,,,,,,,0,True,False,False,91240.805,19.29453,0.23527962,0.2973729,-0.0017772743,0.26068312,0.3029167,0.0063795066,True,False,False,False,,0.8895308,False,False,61095.20279446189,,55,False,False,False,False,False,False,False,False,False,False,False,False,False,False,False,False,False,False,False,False,False,i
3,61095.20126781905,lsst,186.91012198607413,8.014844027454814,170028526740701203,170050511626043498,0,170028526740701203,20048.807,405.062,1,0,0,116647.695,406.00113,True,2026022300322,107,0.0,5.497586e-06,4.996729e-06,-1.7044285e-12,3124.1052,0.089070134,3499.2454,0.09975733,True,22732.258,787.2509,True,False,False,48.8585,,1911.7502,1681,,,,,,,,,,,,0,False,,,,,,,,0,True,False,False,96200.86,19.785,0.2961996,0.3289685,-0.009782146,0.2873164,0.31694075,-0.0011937753,True,False,False,False,,0.9152667,False,False,61095.20301865721,,69,False,False,False,False,False,False,False,False,False,False,False,False,False,False,False,False,False,False,False,False,False,i
1,61095.2032336104,lsst,186.91012157436256,8.014843403772849,170028526740701203,170050511763931203,0,170028526740701203,5379.6426,204.31413,0,0,0,46412.113,203.02362,True,2026022300323,114,0.0,9.752573e-06,1.0646953e-05,1.6609016e-11,3400.8325,0.19984753,2883.6306,0.16615906,False,5152.898,392.02628,False,False,False,26.074217,,1602.4045,1681,5291.9224,1.35471,186.91012350757484,,8.01484316057641,,0.89859307,,48.304665,,,0,False,,,,,,,,0,False,False,False,41001.273,9.660666,0.34328258,0.28462908,0.020725125,0.3567635,0.26051104,0.009768144,False,False,False,False,0.002288457,0.61402625,False,False,61095.205191124434,,45,False,False,False,False,False,False,False,False,False,False,False,False,False,False,False,False,False,False,False,False,False,g
1,61095.203702941995,lsst,186.9101174134498,8.014859142432181,170028526740701203,170050511897624677,0,170028526740701203,5655.406,199.88905,0,0,0,42525.527,198.72694,True,2026022300324,113,0.0,1.026919e-05,1.127571e-05,1.5782934e-11,549.5184,0.2098045,3490.7925,0.1773991,False,7166.716,399.06573,False,False,False,27.94384,,1803.7788,1681,5719.4873,2.0877488,186.9101230350083,,8.014863546886575,,1.171738,,64.34725,,,0,False,,,,,,,,0,False,False,False,36857.273,11.171324,0.43274269,0.39657643,0.05955085,0.30509818,0.25897962,0.013983111,False,False,False,False,0.79012203,0.61463714,False,False,61095.205583901865,,29,False,False,False,False,False,False,False,False,False,False,False,False,False,False,False,False,False,False,False,False,False,g
1,61095.20416960909,lsst,186.91012260855442,8.014859325369443,170028526740701203,170050512032890949,0,170028526740701203,5373.2305,199.35892,0,0,0,43826.48,198.57497,True,2026022300325,115,0.0,8.554409e-06,1.0150425e-05,1.7392318e-11,577.311,0.1898038,2680.2522,0.1452737,False,5399.458,388.95135,False,False,False,26.660334,,1659.0941,1681,5366.94,1.867821,186.91012318603367,,8.01486056146378,,1.0758733,,41.243473,,,0,False,,,,,,,,0,False,False,False,38398.63,10.50145,0.33767977,0.24819854,0.029058509,0.33762375,0.25819764,0.024185134,False,False,False,False,0.0020727648,0.5849466,False,False,61095.20627633991,,28,False,False,False,False,False,False,False,False,False,False,False,False,False,False,False,False,False,False,False,False,False,g
1,61095.20463643712,lsst,186.9101369222871,8.01487762436543,170028526740701203,170050512187555842,0,170028526740701203,5404.2295,193.80537,1,0,0,40619.75,193.2037,True,2026022300326,154,0.0,8.139264e-06,9.323536e-06,9.678528e-12,3612.1497,0.17168388,67.81967,0.14221121,True,6545.6025,392.08466,True,False,False,26.913652,,2150.4915,1681,,,,,,,,,,,,0,False,,,,,,,,0,True,False,False,35016.152,11.441929,0.29808575,0.25210002,0.009173904,0.3085792,0.23741674,0.029699665,True,False,False,False,,0.58022946,False,False,61095.2065750872,,65,False,False,False,False,False,False,False,False,False,False,False,False,False,False,False,False,False,False,False,False,False,g
1,61095.205102926135,lsst,186.9101086850683,8.014843824023963,170028526740701203,170050512321249373,0,170028526740701203,5575.652,203.96622,0,0,0,46010.83,202.1866,True,2026022300327,153,0.0,8.575715e-06,1.0255468e-05,1.1958411e-11,1822.9286,0.18816455,3852.9316,0.15005349,False,6152.151,389.59723,False,False,False,27.13632,,1712.759,1681,5575.6245,1.5274597,186.9101112227518,,8.014847780742194,,1.0657185,,46.820557,,,0,False,,,,,,,,0,False,False,False,40453.703,10.481601,0.32947806,0.27171165,0.04337462,0.34673518,0.26771143,0.017580105,False,False,False,False,0.0035694463,0.6245327,False,False,61095.207124172885,,36,False,False,False,False,False,False,False,False,False,False,False,False,False,False,False,False,False,False,False,False,False,g
1,61095.20603850724,lsst,186.9101464590391,8.014863531328679,170028526740701203,170050512569237589,0,170028526740701203,5294.3555,193.78415,0,0,0,42437.086,192.90628,True,2026022300329,114,0.0,7.725304e-06,9.884341e-06,9.1061264e-12,2978.1052,0.17988896,2910.7427,0.13656676,False,5253.318,387.3232,False,False,False,26.794682,,1781.0765,1681,5231.146,0.40823665,186.91014661483396,,8.014865547081524,,0.8308793,,19.57969,,,0,False,,,,,,,,0,False,False,False,37075.574,11.721667,0.28204176,0.22207546,0.007196615,0.33207774,0.23597673,0.033549074,False,False,False,False,0.0860379,0.61476153,False,False,61095.207920889654,,53,False,False,False,False,False,False,False,False,False,False,False,False,False,False,False,False,False,False,False,False,False,g
1,61095.207439466205,lsst,186.91012356936113,8.014849531106037,170028526740701203,170050512968220785,0,170028526740701203,5042.692,187.94354,0,0,0,40195.438,186.9863,True,2026022300332,107,0.0,8.06073e-06,9.078957e-06,1.1550175e-12,3393.7356,0.16350368,3427.9321,0.1449176,False,4995.669,386.42792,False,False,False,26.910192,,1719.5433,1681,5047.6426,2.1619961,186.9101245312691,,8.014851853041474,,0.8847672,,59.85648,,,0,False,,,,,,,,0,False,False,False,35086.027,15.545336,0.23784088,0.26432136,0.032730874,0.30729368,0.22622964,0.05281114,False,False,False,False,0.022766441,0.6137318,False,False,61095.20931501794,,28,False,False,False,False,False,False,False,False,False,False,False,False,False,False,False,False,False,False,False,False,False,g
1,61095.20790604932,lsst,186.91010579358564,8.014838101778643,170028526740701203,170050513124458593,0,170028526740701203,4954.59,184.04462,0,0,0,38039.77,182.67516,True,2026022300333,149,0.0,7.4025215e-06,8.88942e-06,2.2535244e-13,4001.6685,0.16004685,2988.581,0.1332369,False,4644.345,390.91772,False,False,False,26.73395,,1674.8955,1681,4889.421,0.8950616,186.9101080477823,,8.014838870121416,,0.6944055,,-1.7459263,,,0,False,,,,,,,,0,False,False,False,33107.445,16.066114,0.23091331,0.18847033,-0.0017757787,0.25684762,0.2279776,0.039108265,False,False,False,False,0.10455581,0.6363407,False,False,61095.2096921207,,25,False,False,False,False,False,False,False,False,False,False,False,False,False,False,False,False,False,False,False,False,False,g
1,61095.2088428691,lsst,186.9101204549688,8.01484930700061,170028526740701203,170050513393418311,0,170028526740701203,5100.529,181.09105,0,0,0,37385.754,178.70572,True,2026022300335,150,0.0,7.3918104e-06,8.506889e-06,-1.7204078e-12,3947.847,0.15321918,1592.7349,0.13283823,False,4980.7734,384.98483,False,False,False,27.99995,,1678.134,1681,5192.581,1.4808598,186.91011967151127,,8.014849339045805,,1.0071905,,25.839645,,,0,False,,,,,,,,0,False,False,False,32286.605,16.077341,0.25711215,0.21348976,0.041854274,0.26459113,0.23107941,0.040592037,False,False,False,False,0.01571361,0.6450415,False,False,61095.21060181809,,48,False,False,False,False,False,False,False,False,False,False,False,False,False,False,False,False,False,False,False,False,False,g
2,61095.21328417606,lsst,186.91010719546546,8.01484704330972,170028526740701203,170050514155208785,0,170028526740701203,13574.315,269.15445,0,0,0,73461.734,266.68268,True,2026022300341,67,0.0,4.4377134e-06,4.892871e-06,-3.492608e-12,1699.641,0.07590061,2740.6077,0.09165134,False,14063.815,542.3529,False,False,False,49.353973,,1678.6118,1681,13740.152,2.445769,186.9101095040876,,8.014844635170725,,1.0453287,,130.87157,,,0,False,,,,,,,,0,False,False,False,59781.094,28.77932,0.25009075,0.32701495,0.03217828,0.24861409,0.30110383,0.03612629,False,False,False,False,0.016942868,0.77647,False,False,61095.215059086055,,32,False,False,False,False,False,False,False,False,False,False,False,False,False,False,False,False,False,False,False,False,False,r
2,61095.213750600786,lsst,186.91011197665304,8.01484269644631,170028526740701203,170050514310922268,0,170028526740701203,13942.566,271.77307,0,0,0,77259.086,266.71838,True,2026022300342,108,0.0,4.940087e-06,4.795023e-06,1.4713784e-12,3650.6597,0.09067241,997.2748,0.08454503,False,14168.207,533.5476,False,False,False,51.350815,,1728.3651,1681,13271.895,0.07821187,186.91011317330182,,8.0148424609821,,0.4712336,,56.62315,,,0,False,,,,,,,,0,False,False,False,63172.887,18.623901,0.2942816,0.27542356,-0.00034708582,0.29834455,0.2705954,-0.0037407512,False,False,False,False,1.2874997e-05,0.85159063,False,False,61095.21567775858,,31,False,False,False,False,False,False,False,False,False,False,False,False,False,False,False,False,False,False,False,False,False,r
2,61095.21421834042,lsst,186.91011392873662,8.014830071720988,170028526740701203,170050514445664274,0,170028526740701203,13214.258,298.49677,0,0,0,94381.56,297.36646,True,2026022300343,109,0.0,6.3410853e-06,5.8825494e-06,7.858239e-12,993.0068,0.12189322,674.89667,0.0970351,False,12917.558,535.7924,False,False,False,44.093098,,1696.3864,1681,13123.466,0.4438313,186.91011484883893,,8.014831582311912,,0.9667164,,42.677963,,,0,False,,,,,,,,0,False,False,False,80895.59,11.987969,0.37679017,0.30057406,-0.017085694,0.38477805,0.30455723,-0.03522191,False,False,False,False,0.0025981965,0.7359757,False,False,61095.216129662884,,34,False,False,False,False,False,False,False,False,False,False,False,False,False,False,False,False,False,False,False,False,False,r
2,61095.21468482468,lsst,186.91011139868033,8.014848454379395,170028526740701203,170050514558910487,0,170028526740701203,14484.612,272.60062,1,0,0,79068.97,269.66647,True,2026022300344,69,0.0,5.079524e-06,4.9224154e-06,3.0826713e-12,1270.1316,0.09564075,489.6461,0.084118426,True,17060.486,531.16956,True,False,False,52.210472,,1621.3519,1681,,,,,,,,,,,,0,False,,,,,,,,0,True,False,False,64377.03,12.610186,0.32692707,0.29694986,-0.002886492,0.3077117,0.26964107,-0.007529931,True,False,False,False,,0.8513247,False,False,61095.21641286652,,47,False,False,False,False,False,False,False,False,False,False,False,False,False,False,False,False,False,False,False,False,False,r
2,61095.21562036784,lsst,186.91011343142677,8.014842762927497,170028526740701203,170050514844123216,0,170028526740701203,13211.757,265.82785,0,0,0,75471.31,261.97617,True,2026022300346,101,0.0,4.9114988e-06,4.9056357e-06,8.546473e-13,2311.4275,0.08991128,3033.1704,0.08673821,False,12834.13,529.7444,False,False,False,49.30207,,1690.4849,1681,12562.526,0.14113325,186.91011441781424,,8.014842270364811,,0.38870698,,101.83129,,,0,False,,,,,,,,0,False,False,False,62107.875,16.318647,0.27042896,0.2752018,0.005920737,0.29169914,0.26660615,0.0076213516,False,False,False,False,0.0035889472,0.753509,False,False,61095.21772129093,,30,False,False,False,False,False,False,False,False,False,False,False,False,False,False,False,False,False,False,False,False,False,r
2,61095.21608830271,lsst,186.9101119774149,8.014849787743856,170028526740701203,170050514957893708,0,170028526740701203,13722.97,269.58752,0,0,0,77733.37,267.2163,True,2026022300347,62,0.0,4.8671886e-06,4.9376704e-06,5.002995e-12,2876.2642,0.09703347,3319.943,0.078482874,False,14104.885,527.7671,False,False,False,50.431248,,1641.6222,1681,13341.307,0.15233988,186.91011341131465,,8.014850174038266,,0.7545807,,30.293467,,,0,False,,,,,,,,0,False,False,False,63991.44,18.934494,0.3008848,0.25572228,-0.010689976,0.32958075,0.25549564,-0.008528404,False,False,False,False,0.017165955,0.81080186,False,False,61095.2179735578,,33,False,False,False,False,False,False,False,False,False,False,False,False,False,False,False,False,False,False,False,False,False,r
2,61095.217020639015,lsst,186.91010986904328,8.014838496705316,170028526740701203,170050515248349238,0,170028526740701203,12344.606,267.45273,0,0,0,77190.875,265.18817,True,2026022300349,104,0.0,4.9936493e-06,5.3164767e-06,5.692176e-12,1361.4054,0.10265305,1894.9518,0.08179256,False,8848.071,527.23456,False,False,False,45.67912,,1922.6615,1681,12576.53,2.272808,186.91010925723205,,8.014837785316862,,1.0114381,,55.486095,,,0,False,,,,,,,,0,False,False,False,64743.73,14.171456,0.29334417,0.21818586,0.02857564,0.32616672,0.2652604,0.012058015,False,False,False,False,0.12613608,0.6778683,False,False,61095.21884774808,,61,False,False,False,False,False,False,False,False,False,False,False,False,False,False,False,False,False,False,False,False,False,r
2,61095.2185456929,lsst,186.9101047189141,8.014843791112886,170028526740701203,170050515674071111,0,170028526740701203,13443.278,269.06528,0,0,0,78212.336,267.00012,True,2026022300352,148,0.0,4.417193e-06,5.49092e-06,-1.4247076e-12,3501.3394,0.09913826,1758.6958,0.07911408,False,13342.736,526.9048,False,False,False,48.885296,,1753.0078,1681,13661.335,1.844131,186.9101050597565,,8.014844708387944,,1.0858669,,11.559654,,,0,False,,,,,,,,0,False,False,False,64594.67,14.248653,0.327081,0.2409515,0.033612516,0.3195152,0.26941353,0.025059441,False,False,False,False,0.009223185,0.9273291,False,False,61095.22034355576,,30,False,False,False,False,False,False,False,False,False,False,False,False,False,False,False,False,False,False,False,False,False,r
1,61095.32848646294,lsst,186.91010223149127,8.01484188689269,170028526740701203,170050543427256382,0,170028526740701203,5439.6074,163.93744,0,0,0,32412.414,162.46982,True,2026022300559,91,0.0,6.250953e-06,6.017372e-06,-2.9672432e-12,3474.909,0.10535869,1746.9968,0.1150299,False,5387.449,375.51425,False,False,False,33.057327,,1616.9043,1681,5434.489,0.9650608,186.9101003029358,,8.014843690846458,,0.8256344,,-21.158417,,,0,False,,,,,,,,0,False,False,False,26922.635,28.956484,0.19188073,0.20946473,-0.029694341,0.19460858,0.21338852,-0.022713568,False,False,False,False,0.0013513113,0.5691998,False,False,61095.33035384794,,25,False,False,False,False,False,False,False,False,False,False,False,False,False,False,False,False,False,False,False,False,False,g
3,61096.33292301161,lsst,186.91011311775588,8.014836808455286,170028526740701203,170054990494171180,0,170028526740701203,20090.367,316.7304,0,0,0,75285.46,317.53482,True,2026022400924,150,0.0,2.9430507e-06,3.3111337e-06,-1.2609582e-12,1095.8287,0.061071493,1087.1493,0.051257387,False,24658.13,783.25073,False,False,False,62.95642,,1805.9657,1681,20711.705,0.21762495,186.91011285662026,,8.014838607565324,,0.84065497,,-5.632413,,,0,False,,,,,,,,0,False,False,False,54687.703,63.20807,0.23037562,0.17849384,0.019001301,0.2063553,0.16378328,0.018772285,False,False,False,False,0.049391218,0.99964774,False,False,61096.33466678825,,54,False,False,False,False,False,False,False,False,False,False,False,False,False,False,False,False,False,False,False,False,False,i
3,61096.333853382675,lsst,186.9101133262455,8.014838938351248,170028526740701203,170054990761033856,0,170028526740701203,20615.51,322.83902,0,0,0,75388.04,318.98093,True,2026022400926,147,0.0,2.8085374e-06,3.007766e-06,-9.88772e-13,695.8383,0.055786267,3892.1782,0.048707508,False,24598.184,784.86584,False,False,False,63.01358,,1841.2024,1681,21176.18,1.4025173,186.91011350995808,,8.014842320281847,,0.92974913,,-3.0085685,,,0,False,,,,,,,,0,False,False,False,54607.46,61.187412,0.2173415,0.16926211,0.032453604,0.21419577,0.17238803,0.031486783,False,False,False,False,1.2671576e-08,0.99959105,False,False,61096.33564926307,,28,False,False,False,False,False,False,False,False,False,False,False,False,False,False,False,False,False,False,False,False,False,i
3,61096.33432156899,lsst,186.91011443059423,8.014841255667204,170028526740701203,170054990893154377,0,170028526740701203,19738.492,307.4288,0,0,0,68802.91,308.24106,True,2026022400927,143,0.0,2.7020376e-06,2.999438e-06,-1.878879e-12,4047.7605,0.057496004,1972.6217,0.044423983,False,24812.346,793.1886,False,False,False,63.473278,,1693.0862,1681,19820.389,1.0239655,186.9101141334835,,8.014842512868801,,0.7449518,,-20.807056,,,0,False,,,,,,,,0,False,False,False,48553.586,62.669174,0.18067385,0.13447095,0.010299798,0.17213061,0.13203965,0.002638227,False,False,False,False,0.0049370416,0.99953187,False,False,61096.3360780683,,40,False,False,False,False,False,False,False,False,False,False,False,False,False,False,False,False,False,False,False,False,False,i
3,61096.33757089993,lsst,186.91010824274343,8.014838449573249,170028526740701203,170054991852077274,0,170028526740701203,19219.834,308.56116,0,0,0,68187.66,306.55112,True,2026022400934,180,0.0,2.72608e-06,2.709001e-06,1.0704729e-12,1173.3191,0.04523447,3682.6685,0.05240965,False,17681.844,792.6312,False,False,False,60.799595,,1727.3296,1681,18901.45,1.9441266,186.91010697817333,,8.014837595485112,,0.6709026,,19.519413,,,0,False,,,,,,,,0,False,False,False,48670.754,53.0512,0.13922745,0.16349591,0.016181927,0.1488414,0.17026092,0.019718757,False,False,False,False,0.010468114,0.9882228,False,False,61096.3394146091,,24,False,False,False,False,False,False,False,False,False,False,False,False,False,False,False,False,False,False,False,False,False,i
3,61096.33803903506,lsst,186.91011154159824,8.014844938808382,170028526740701203,170054991982624895,0,170028526740701203,18982.414,301.78442,0,0,0,64496.977,301.5776,True,2026022400935,173,0.0,2.5500194e-06,2.5588304e-06,3.6675076e-13,1745.6665,0.04466015,2158.2751,0.047300264,False,18914.033,803.5714,False,False,False,62.056103,,1818.1642,1681,17986.611,1.8517755,186.91011197853004,,8.014844800125084,,0.54330474,,2.4449193,,,0,False,,,,,,,,0,False,False,False,45234.45,80.70783,0.12378029,0.12775035,0.012900272,0.13507994,0.14585133,0.016359994,False,False,False,False,0.03776003,0.9938777,False,False,61096.339907138994,,21,False,False,False,False,False,False,False,False,False,False,False,False,False,False,False,False,False,False,False,False,False,i
3,61096.33850718026,lsst,186.9101066753586,8.01484138047117,170028526740701203,170054992101113906,0,170028526740701203,19585.074,301.14658,0,0,0,65276.42,303.20944,True,2026022400936,143,0.0,2.6108276e-06,2.6336893e-06,3.6146162e-13,763.22546,0.04590423,968.5248,0.048449628,False,22384.69,802.94727,False,False,False,63.44196,,1799.3955,1681,19029.254,1.2904567,186.91010618970145,,8.01484168663775,,0.6788346,,-2.3363008,,,0,False,,,,,,,,0,False,False,False,45215.395,84.48281,0.14333205,0.14694402,0.020736616,0.13991237,0.14497457,0.018972475,False,False,False,False,0.0012730823,0.9982759,False,False,61096.34028771512,,23,False,False,False,False,False,False,False,False,False,False,False,False,False,False,False,False,False,False,False,False,False,i
3,61096.34037859489,lsst,186.91010994643872,8.01484613375665,170028526740701203,170054992652664954,0,170028526740701203,17503.477,302.92422,1,0,0,66095.13,302.37943,True,2026022400940,171,0.0,2.5794802e-06,2.6670514e-06,3.320219e-13,223.36826,0.045818944,3111.0125,0.04864324,True,7813.8643,796.90265,True,False,False,56.332256,,2461.7253,1681,,,,,,,,,,,,0,False,,,,,,,,0,True,False,False,48368.27,60.02472,0.13402931,0.14978538,0.036520917,0.15781175,0.17289405,0.038914956,True,False,False,False,,0.8430418,False,False,61096.34211529395,,69,False,False,False,False,False,False,False,False,False,False,False,False,False,False,False,False,False,False,False,False,False,i
3,61096.34131243868,lsst,186.91011315242824,8.0148434443917,170028526740701203,170054992905371745,0,170028526740701203,19003.484,298.5225,0,0,0,65922.58,298.36172,True,2026022400942,141,0.0,2.492219e-06,2.6962487e-06,5.112739e-13,1669.8496,0.044092003,2478.169,0.04923226,False,20199.715,783.1745,False,False,False,62.716057,,1750.5049,1681,19468.23,1.7966896,186.91011243562866,,8.014844755831376,,0.8748392,,-16.414371,,,0,False,,,,,,,,0,False,False,False,46507.555,68.39139,0.13530047,0.15170339,0.03564677,0.14491467,0.16439839,0.03776703,False,False,False,False,0.019911284,0.9954378,False,False,61096.34309198306,,46,False,False,False,False,False,False,False,False,False,False,False,False,False,False,False,False,False,False,False,False,False,i
3,61096.342248245855,lsst,186.9101113936706,8.014848793233087,170028526740701203,170054993173807220,0,170028526740701203,18438.74,297.30215,0,0,0,65321.453,298.9658,True,2026022400944,141,0.0,2.4077426e-06,2.8780933e-06,7.7931406e-13,729.8289,0.042481158,3175.765,0.05251945,False,15691.875,789.06506,False,False,False,61.536827,,1881.2356,1681,18543.908,2.8381248,186.91011046677752,,8.014849168487487,,0.8201763,,-6.842522,,,0,False,,,,,,,,0,False,False,False,46484.09,98.520645,0.115849376,0.16007611,0.022802608,0.13701153,0.16955915,0.025788723,False,False,False,False,0.037569523,0.9843592,False,False,61096.34411154516,,23,False,False,False,False,False,False,False,False,False,False,False,False,False,False,False,False,False,False,False,False,False,i
3,61096.34271335361,lsst,186.91010945045295,8.01484383058354,170028526740701203,170054993319559181,0,170028526740701203,19036.791,316.96265,0,0,0,71416.49,315.52222,True,2026022400945,163,0.0,2.6191478e-06,3.0546855e-06,5.971441e-13,950.90564,0.046688687,248.58926,0.055431504,False,16308.522,800.22473,False,False,False,59.329716,,1839.5792,1681,19368.957,3.5895848,186.91010850657003,,8.014846816538883,,0.93194413,,-9.791152,,,0,False,,,,,,,,0,False,False,False,52262.715,86.143776,0.13234267,0.19036053,0.029765885,0.1519608,0.19693798,0.021938328,False,False,False,False,0.024313245,0.98904246,False,False,61096.34437110766,,23,False,False,False,False,False,False,False,False,False,False,False,False,False,False,False,False,False,False,False,False,False,i
3,61096.343355337885,lsst,186.91010108176025,8.014833131461062,170028526740701203,170054993463738380,0,170028526740701203,18399.258,332.76392,0,0,0,77068.34,333.22742,True,2026022400946,182,0.0,2.6951755e-06,3.586857e-06,-1.5562218e-12,3833.9004,0.065629624,197.66525,0.04720068,False,15652.534,810.0973,False,False,False,54.040546,,1810.1302,1681,19877.17,1.1524913,186.9100979838609,,8.0148322445848,,1.0334958,,2.6045825,,,0,False,,,,,,,,0,False,False,False,58085.953,58.11084,0.2304914,0.14510134,0.028852334,0.26669595,0.15965194,0.022234373,False,False,False,False,0.07289175,0.99121267,False,False,61096.34494657535,,25,False,False,False,False,False,False,False,False,False,False,False,False,False,False,False,False,False,False,False,False,False,i
3,61096.34428975891,lsst,186.91011013816487,8.01484268159614,170028526740701203,170054993731649604,0,170028526740701203,20051.193,315.66458,0,0,0,72038.47,314.3511,True,2026022400948,181,0.0,2.7058206e-06,2.961302e-06,-6.343453e-13,1864.4807,0.05403824,1268.7445,0.04795402,False,24066.021,794.373,False,False,False,61.929356,,2014.8368,1681,21186.467,1.5394477,186.91010873846156,,8.014843278777002,,0.8882928,,7.7229466,,,0,False,,,,,,,,0,False,False,False,51576.637,76.427536,0.21348959,0.17285995,0.030317629,0.21237816,0.16829176,0.030305251,False,False,False,False,0.0010600646,0.9987423,False,False,61096.3460091052,,61,False,False,False,False,False,False,False,False,False,False,False,False,False,False,False,False,False,False,False,False,False,i
3,61096.34568919566,lsst,186.910112117873,8.014841738511556,170028526740701203,170054994116477055,0,170028526740701203,18070.7,297.79938,0,0,0,64615.297,297.67606,True,2026022400951,147,0.0,2.4954059e-06,2.6571088e-06,-6.824148e-13,1917.3832,0.04908762,3118.106,0.043516804,False,13554.313,790.61664,False,False,False,59.283546,,1855.4147,1681,17449.674,3.7626798,186.9101116342618,,8.014841754885039,,0.5992741,,-12.966757,,,0,False,,,,,,,,0,False,False,False,46238.805,68.421104,0.14069343,0.11356729,0.008630172,0.15952899,0.13422269,0.017173555,False,False,False,False,0.064186685,0.96346563,False,False,61096.34756544535,,22,False,False,False,False,False,False,False,False,False,False,False,False,False,False,False,False,False,False,False,False,False,i
3,61096.34615385277,lsst,186.91010800163008,8.014841451473929,170028526740701203,170054994267996395,0,170028526740701203,18157.383,300.50464,0,0,0,64549.33,299.62283,True,2026022400952,180,0.0,2.5907782e-06,2.897175e-06,-1.7940593e-12,2763.0403,0.055587143,3702.3308,0.042541854,False,15183.519,795.06116,False,False,False,59.5243,,1794.3743,1681,17675.625,2.9818568,186.91010828281298,,8.01484200592378,,0.7037387,,-20.753868,,,0,False,,,,,,,,0,False,False,False,46017.44,84.75723,0.15423995,0.112559736,0.008959367,0.16442952,0.12630153,0.0114036845,False,False,False,False,0.024357017,0.98494685,False,False,61096.34804200912,,22,False,False,False,False,False,False,False,False,False,False,False,False,False,False,False,False,False,False,False,False,False,i
3,61096.349656656625,lsst,186.91011107965056,8.01484134813762,170028526740701203,170054994785468456,0,170028526740701203,19862.46,320.32812,0,0,0,72105.02,322.02344,True,2026022400956,143,0.0,2.9222167e-06,2.9220587e-06,-4.057135e-14,1083.5605,0.052694142,970.94574,0.05248282,False,22907.588,806.1636,False,False,False,61.52476,,1748.3993,1681,19015.758,0.8292124,186.9101099242255,,8.014842795151841,,0.6115014,,-8.1122,,,0,False,,,,,,,,0,False,False,False,51886.02,60.878235,0.16665052,0.1565762,0.015733624,0.16482441,0.16187553,0.011976121,False,False,False,False,0.0004612773,0.99920875,False,False,61096.351405777124,,25,False,False,False,False,False,False,False,False,False,False,False,False,False,False,False,False,False,False,False,False,False,i
3,61096.351524389676,lsst,186.91011476702013,8.014838084525666,170028526740701203,170054995337019528,0,170028526740701203,18830.178,326.40466,0,0,0,70438.11,315.0355,True,2026022400960,171,0.0,3.0697329e-06,3.1535174e-06,6.0360647e-13,196.7591,0.054078467,3869.8179,0.05795496,False,17250.164,802.91125,False,False,False,57.638393,,1697.1035,1681,17675.635,2.0264156,186.9101140701319,,8.014837926300352,,0.5307752,,-0.2963342,,,0,False,,,,,,,,0,False,False,False,51871.31,65.824104,0.14956827,0.15888916,0.011374702,0.16170825,0.17261325,0.0079168705,False,False,False,False,0.02473051,0.9916648,False,False,61096.35328344372,,23,False,False,False,False,False,False,False,False,False,False,False,False,False,False,False,False,False,False,False,False,False,i
3,61096.35295472297,lsst,186.91010690194543,8.014838169538113,170028526740701203,170054995742294033,0,170028526740701203,19761.484,337.94485,0,0,0,77281.2,336.11734,True,2026022400963,176,0.0,3.1702596e-06,3.168941e-06,2.3366456e-14,1116.2008,0.056986425,369.6305,0.057197947,False,19890.014,816.17554,False,False,False,57.51071,,1750.6162,1681,19199.242,0.8086105,186.91010643024424,,8.014839019241013,,0.59780264,,3.3243356,,,0,False,,,,,,,,0,False,False,False,57323.906,59.585827,0.18086821,0.1834422,0.015593944,0.1974569,0.18884769,0.024250006,False,False,False,False,0.015552336,0.9981944,False,False,61096.35469002156,,24,False,False,False,False,False,False,False,False,False,False,False,False,False,False,False,False,False,False,False,False,False,i
1,61096.357090173566,lsst,186.91010649977113,8.014843579395444,170028526740701203,170054996533968923,0,170028526740701203,4979.986,187.58339,0,0,0,38293.85,186.25667,True,2026022400969,150,0.0,8.15681e-06,1.12417665e-05,-3.7784463e-11,513.6451,0.21630144,1356.7301,0.1250144,False,5103.8076,399.1611,False,False,False,26.219387,,1575.8547,1681,5348.606,2.8362737,186.91010573623205,,8.014847208288167,,1.3599179,,-14.602604,,,0,False,,,,,,,,0,False,False,False,33262.27,19.447765,0.36584383,0.19692384,0.03480724,0.31783277,0.20627105,0.01754008,False,False,False,False,0.03498793,0.6626266,False,False,61096.35896815233,,27,False,False,False,False,False,False,False,False,False,False,False,False,False,False,False,False,False,False,False,False,False,g
1,61096.35755325229,lsst,186.91010999566922,8.014841752024678,170028526740701203,170054996683915362,0,170028526740701203,5140.4214,196.78741,0,0,0,39130.824,195.74615,True,2026022400970,180,0.0,8.299871e-06,1.0202963e-05,-2.8126482e-11,638.77,0.19682,2802.2012,0.1315001,False,5703.8794,416.18436,False,False,False,25.919125,,1663.7662,1681,5309.371,1.4323473,186.91010921981217,,8.014839339805942,,1.1661606,,-26.720867,,,0,False,,,,,,,,0,False,False,False,33958.65,21.74502,0.33425927,0.20566946,0.005003566,0.32260075,0.20478347,0.008761524,False,False,False,False,0.0037231867,0.6794829,False,False,61096.35925575487,,27,False,False,False,False,False,False,False,False,False,False,False,False,False,False,False,False,False,False,False,False,False,g
1,61096.358490976345,lsst,186.91011532893185,8.014845436555929,170028526740701203,170054996932952122,0,170028526740701203,4822.413,188.59793,0,0,0,39563.84,187.12486,True,2026022400972,143,0.0,8.844646e-06,9.8652945e-06,-2.5954839e-11,3424.6038,0.19319354,2191.97,0.13954926,False,4356.9473,394.40775,False,False,False,25.570097,,1880.1204,1681,4874.897,0.423809,186.910117460505,,8.01484327389792,,1.0025145,,-38.431206,,,0,False,,,,,,,,0,False,False,False,34656.258,22.134869,0.30548275,0.21374363,-0.0057237064,0.31511888,0.21295069,0.017876197,False,False,False,False,0.0018472904,0.65426755,False,False,61096.360255485255,,26,False,False,False,False,False,False,False,False,False,False,False,False,False,False,False,False,False,False,False,False,False,g
1,61096.35895599709,lsst,186.91010677922333,8.014858491435275,170028526740701203,170054997084471332,0,170028526740701203,5140.9614,198.07962,0,0,0,38703.34,198.28062,True,2026022400973,176,0.0,9.249159e-06,1.0096327e-05,-3.3072826e-11,198.25854,0.20338477,973.147,0.13917501,False,6179.834,416.52365,False,False,False,25.431547,,1693.7299,1681,5443.132,2.004184,186.91010755745106,,8.014854723187687,,1.3583455,,-15.168844,,,0,False,,,,,,,,0,False,False,False,33588.11,22.37736,0.35159937,0.22505413,0.06501135,0.31589118,0.22072363,0.030758692,False,False,False,False,0.03666844,0.66054606,False,False,61096.36076646439,,29,False,False,False,False,False,False,False,False,False,False,False,False,False,False,False,False,False,False,False,False,False,g
1,61096.35988971363,lsst,186.91010433665488,8.014855209894892,170028526740701203,170054997352382478,0,170028526740701203,5294.107,193.02585,0,0,0,36946.797,192.52463,True,2026022400975,175,0.0,8.090174e-06,8.190103e-06,-2.1426473e-11,1062.4078,0.16847475,416.7036,0.12061256,False,5821.287,415.7776,False,False,False,26.646635,,1745.8754,1681,5401.847,1.9757457,186.91010155578135,,8.014853853738405,,1.1165131,,-19.395271,,,0,False,,,,,,,,0,False,False,False,31596.719,28.81558,0.2694782,0.191319,0.04513285,0.289027,0.20311347,0.03722781,False,False,False,False,0.024650183,0.6868373,False,False,61096.361571711255,,26,False,False,False,False,False,False,False,False,False,False,False,False,False,False,False,False,False,False,False,False,False,g
1,61096.36088044496,lsst,186.91010238836827,8.01484786029046,170028526740701203,170054997626060802,0,170028526740701203,5673.463,204.3329,0,0,0,40113.125,204.32173,True,2026022400977,185,0.0,8.318224e-06,1.1484731e-05,-2.4435353e-11,183.09409,0.21325068,158.20522,0.14050488,False,7948.673,423.78687,False,False,False,27.459352,,1754.2864,1681,6252.056,1.4721261,186.91009908341354,,8.014843622546774,,1.4374012,,-10.035128,,,0,False,,,,,,,,0,False,False,False,34354.387,13.8697605,0.43192548,0.23967323,0.030731862,0.3320469,0.22599173,-0.023549525,False,False,False,False,0.25117594,0.6820501,False,False,61096.36261573038,,37,False,False,False,False,False,False,False,False,False,False,False,False,False,False,False,False,False,False,False,False,False,g
1,61096.3613499418,lsst,186.91010341495618,8.014862247424595,170028526740701203,170054997758181424,0,170028526740701203,5424.264,198.33987,0,0,0,38761.777,198.68144,True,2026022400978,181,0.0,8.0952905e-06,1.0213437e-05,-1.8524175e-11,1367.9784,0.1902308,1583.9213,0.13728648,False,5935.1367,413.06656,False,False,False,27.24003,,1769.6696,1681,5603.5947,0.785419,186.91010371381813,,8.01486016385768,,1.0763936,,-17.376253,,,0,False,,,,,,,,0,False,False,False,33284.582,23.787535,0.34569514,0.24013847,0.008166495,0.3102259,0.22036368,-0.0069458354,False,False,False,False,0.0693969,0.6886342,False,False,61096.36322597637,,29,False,False,False,False,False,False,False,False,False,False,False,False,False,False,False,False,False,False,False,False,False,g
1,61096.36228165029,lsst,186.91010359361113,8.014851144925048,170028526740701203,170054998010888299,0,170028526740701203,5032.2617,179.88911,0,0,0,34058.445,177.73126,True,2026022400980,151,0.0,6.326856e-06,7.861052e-06,-1.5819856e-11,54.69837,0.1506386,3927.9402,0.10138689,False,4113.4697,404.59705,False,False,False,27.779812,,1716.9467,1681,5024.5054,3.0236084,186.9101032378812,,8.014849401480237,,0.8992079,,-21.234034,,,0,False,,,,,,,,0,False,False,False,28758.674,39.79779,0.21222042,0.13830465,0.008479605,0.2521648,0.18035938,-0.0055359807,False,False,False,False,0.1765567,0.6780799,False,False,61096.36414714996,,50,False,False,False,False,False,False,False,False,False,False,False,False,False,False,False,False,False,False,False,False,False,g
1,61096.362750517306,lsst,186.9101052830797,8.014846419565016,170028526740701203,170054998143008851,0,170028526740701203,5624.6665,179.60799,0,0,0,35283.234,178.25844,True,2026022400981,147,0.0,6.7241413e-06,8.446531e-06,-2.3860683e-11,1568.1107,0.16626965,3330.5454,0.10029597,False,6195.2104,399.3198,False,False,False,30.618233,,1671.5043,1681,5917.2173,0.7942014,186.91010610081364,,8.014845438595614,,1.199509,,-29.475458,,,0,False,,,,,,,,0,False,False,False,29624.217,31.089273,0.3247142,0.18620232,0.00279718,0.28728786,0.17212747,-0.00077512156,False,False,False,False,0.06953246,0.7270981,False,False,61096.364562641334,,27,False,False,False,False,False,False,False,False,False,False,False,False,False,False,False,False,False,False,False,False,False,g
1,61096.36368303113,lsst,186.91011002927675,8.014859201870346,170028526740701203,170054998425075814,0,170028526740701203,5040.0757,185.08324,0,0,0,33092.348,183.06981,True,2026022400983,173,0.0,8.026381e-06,9.1234215e-06,-3.186685e-11,3005.6553,0.18612209,2575.7063,0.11476228,False,6336.675,421.89117,False,False,False,26.776217,,1659.5365,1681,5397.283,2.5284488,186.91010898316736,,8.01486008258398,,1.2952796,,-19.175308,,,0,False,,,,,,,,0,False,False,False,28006.709,30.810818,0.31442183,0.17811559,0.04808598,0.26237178,0.17377022,0.020156411,False,False,False,False,0.087114975,0.7164961,False,False,61096.36549011322,,27,False,False,False,False,False,False,False,False,False,False,False,False,False,False,False,False,False,False,False,False,False,g
1,61096.364151323316,lsst,186.91009326401667,8.014842008226209,170028526740701203,170054998543564871,0,170028526740701203,5212.2153,175.20432,0,0,0,33883.523,173.90837,True,2026022400984,143,0.0,7.1179334e-06,7.65187e-06,-2.1092468e-11,682.12354,0.15684149,2517.0857,0.10362593,False,5602.1865,396.5091,False,False,False,29.424051,,1669.9115,1681,5342.9756,1.2572112,186.9100935602805,,8.014839235548735,,1.0431337,,-20.879261,,,0,False,,,,,,,,0,False,False,False,28639.615,44.29808,0.25447196,0.17265053,0.031575434,0.27528837,0.16853222,0.024616497,False,False,False,False,0.007814125,0.69101995,False,False,61096.36593309464,,23,False,False,False,False,False,False,False,False,False,False,False,False,False,False,False,False,False,False,False,False,False,g
1,61096.36461738453,lsst,186.9100886104456,8.014840010900633,170028526740701203,170054998692986985,0,170028526740701203,5309.8804,181.83266,1,0,0,32723.861,179.27107,True,2026022400985,172,0.0,7.664638e-06,7.849307e-06,-1.7853809e-11,3673.7585,0.15895724,3828.634,0.11710986,True,6367.3755,420.8706,True,False,False,28.896004,,1778.917,1681,,,,,,,,,,,,0,False,,,,,,,,0,True,False,False,27305.045,61.54177,0.276353,0.21060863,0.06069504,0.2530646,0.17205966,0.029201137,True,False,False,False,,0.748458,False,False,61096.36634509543,,48,False,False,False,False,False,False,False,False,False,False,False,False,False,False,False,False,False,False,False,False,False,g
1,61096.36508503692,lsst,186.91010063203112,8.014854303012035,170028526740701203,170054998812000290,0,170028526740701203,4986.5654,166.78313,0,0,0,30688.191,164.65608,True,2026022400986,143,0.0,6.7443025e-06,6.7117776e-06,-9.476321e-12,679.57513,0.133047,1047.8783,0.107647955,False,4820.717,393.4328,False,False,False,29.714933,,1806.8643,1681,5145.668,3.9467072,186.91009965328007,,8.014853448833925,,1.0147325,,-13.671344,,,0,False,,,,,,,,0,False,False,False,25672.385,40.773552,0.2242989,0.18142138,0.0439254,0.23692247,0.17228274,0.025547126,False,False,False,False,0.00037042625,0.70627195,False,False,61096.36682941853,,23,False,False,False,False,False,False,False,False,False,False,False,False,False,False,False,False,False,False,False,False,False,g
1,61096.36555124153,lsst,186.9101135018386,8.014849095503813,170028526740701203,170054998945693781,0,170028526740701203,4951.5107,173.072,0,0,0,32509.621,171.74304,True,2026022400987,142,0.0,7.2992125e-06,7.012379e-06,-1.6160084e-11,3416.3323,0.14775608,3020.8682,0.10638615,False,5431.251,399.13034,False,False,False,27.769949,,1901.505,1681,5316.628,0.99782354,186.91011191742498,,8.014850454290228,,1.2511598,,-24.056913,,,0,False,,,,,,,,0,False,False,False,27487.006,40.991882,0.27542818,0.1731981,0.05914462,0.2601477,0.17971903,0.036214937,False,False,False,False,0.0021758424,0.6675459,False,False,61096.36725472321,,26,False,False,False,False,False,False,False,False,False,False,False,False,False,False,False,False,False,False,False,False,False,g
1,61096.36601586874,lsst,186.9100981470874,8.014855164480506,170028526740701203,170054999096688672,0,170028526740701203,5210.5464,184.75067,0,0,0,34063.062,184.30095,True,2026022400988,174,0.0,7.873965e-06,7.677765e-06,-6.461855e-12,2766.4216,0.14737393,830.6408,0.13219404,False,6409.247,414.97144,False,False,False,27.459711,,1823.4639,1681,5242.2217,0.506608,186.9100958069699,,8.014852569202892,,0.84584045,,-11.914343,,,0,False,,,,,,,,0,False,False,False,28788.271,42.223362,0.255374,0.24398811,0.031549994,0.24805939,0.20760863,0.035288785,False,False,False,False,0.051042832,0.7186348,False,False,61096.36768740538,,28,False,False,False,False,False,False,False,False,False,False,False,False,False,False,False,False,False,False,False,False,False,g
1,61096.36759866409,lsst,186.9100948811599,8.014859960118105,170028526740701203,170054999490428957,0,170028526740701203,5004.501,182.73552,0,0,0,35327.574,182.44273,True,2026022400991,157,0.0,7.610769e-06,1.0090119e-05,4.4031697e-12,903.25415,0.18220079,1032.4614,0.13647607,False,5925.379,399.97873,False,False,False,26.995949,,1681.965,1681,5369.585,1.3355086,186.91009721236364,,8.014856853650372,,1.1326544,,-14.911597,,,0,False,,,,,,,,0,False,False,False,30233.477,26.2425,0.3208932,0.23050715,-0.039807275,0.30022806,0.21252772,-0.045611937,False,False,False,False,0.035788096,0.6465909,False,False,61096.3692958982,,27,False,False,False,False,False,False,False,False,False,False,False,False,False,False,False,False,False,False,False,False,False,g
1,61096.36806323718,lsst,186.91011063138168,8.01486271428323,170028526740701203,170054999625695267,0,170028526740701203,5353.8394,187.35136,0,0,0,35808.64,186.1393,True,2026022400992,159,0.0,5.873068e-06,9.3027165e-06,2.4536707e-12,3546.372,0.16771469,1413.3944,0.105575435,False,6098.429,409.9636,False,False,False,27.677387,,1698.0471,1681,5794.5127,2.6691887,186.91011281689643,,8.014860582384003,,1.2306879,,-16.910664,,,0,False,,,,,,,,0,False,False,False,30358.646,42.590973,0.30508783,0.1908162,-0.046856817,0.31839073,0.1982471,-0.04478154,False,False,False,False,0.010360337,0.6675694,False,False,61096.369826806884,,28,False,False,False,False,False,False,False,False,False,False,False,False,False,False,False,False,False,False,False,False,False,g
1,61096.36946800447,lsst,186.91010962453277,8.0148568070759,170028526740701203,170055000023105599,0,170028526740701203,5109.6934,179.04626,0,0,0,34312.188,178.09912,True,2026022400995,149,0.0,6.944827e-06,9.138534e-06,-3.9266806e-12,2015.4857,0.16490997,2867.453,0.12441711,False,5988.719,401.03613,False,False,False,27.513474,,1687.8102,1681,5297.275,0.7588045,186.910112838111,,8.014856735896164,,0.981801,,-9.889661,,,0,False,,,,,,,,0,False,False,False,29090.012,37.1343,0.29486388,0.20700493,-0.0057202186,0.2850179,0.19290833,-0.030992651,False,False,False,False,0.014877082,0.6535481,False,False,61096.37133672877,,26,False,False,False,False,False,False,False,False,False,False,False,False,False,False,False,False,False,False,False,False,False,g
1,61096.37087178617,lsst,186.9101065062247,8.01484893023771,170028526740701203,170055000426807385,0,170028526740701203,5462.626,177.93338,0,0,0,33083.297,175.85904,True,2026022400998,151,0.0,6.0762823e-06,7.483606e-06,-5.6153532e-12,2167.6787,0.13648021,3375.853,0.10710013,False,6169.515,408.74274,False,False,False,30.371641,,1664.9258,1681,5539.6143,1.1227756,186.9101080562211,,8.014846743805633,,0.93655133,,-24.722239,,,0,False,,,,,,,,0,False,False,False,27576.676,37.1386,0.25567335,0.17915773,-0.013332037,0.2547264,0.17477648,-0.012644373,False,False,False,False,0.00082570687,0.7377019,False,False,61096.372636418906,,23,False,False,False,False,False,False,False,False,False,False,False,False,False,False,False,False,False,False,False,False,False,g
1,61096.37134130465,lsst,186.91010276006998,8.014865013087162,170028526740701203,170055000560500744,0,170028526740701203,5141.0186,169.18063,0,0,0,30402.406,167.2942,True,2026022400999,150,0.0,5.54452e-06,7.976347e-06,-1.1990122e-11,2651.6184,0.14781344,223.14326,0.09321357,False,4925.996,399.98837,False,False,False,30.095098,,1704.9962,1681,5411.596,1.5835048,186.91010358746,,8.01486525183452,,1.0924839,,-26.681686,,,0,False,,,,,,,,0,False,False,False,25169.527,43.74537,0.24783556,0.13635297,-0.017390717,0.2475613,0.15878223,-0.01368134,False,False,False,False,0.014970874,0.6985,False,False,61096.37301875347,,23,False,False,False,False,False,False,False,False,False,False,False,False,False,False,False,False,False,False,False,False,False,g
1,61096.37180775379,lsst,186.9101025310888,8.014861237427398,170028526740701203,170055000710447171,0,170028526740701203,5256.025,185.93346,0,0,0,33834.11,185.6486,True,2026022401000,180,0.0,6.74282e-06,8.9562245e-06,-1.5878583e-11,3555.1833,0.16721724,1591.4949,0.11290303,False,5411.7085,417.332,False,False,False,27.686031,,1708.9681,1681,5463.447,2.0084987,186.9101018068596,,8.01486283564552,,0.9794701,,-38.05348,,,0,False,,,,,,,,0,False,False,False,28537.193,25.702927,0.24907935,0.1744942,-0.024988761,0.27211806,0.19028154,-0.010118834,False,False,False,False,0.03993472,0.6779824,False,False,61096.373520351495,,26,False,False,False,False,False,False,False,False,False,False,False,False,False,False,False,False,False,False,False,False,False,g
1,61096.37227711044,lsst,186.9100967690077,8.014853008916715,170028526740701203,170055000827363427,0,170028526740701203,5198.006,171.47542,0,0,0,31261.062,169.80794,True,2026022401001,147,0.0,5.669221e-06,7.543383e-06,-1.38224605e-11,2104.2068,0.14283031,3074.3582,0.091675416,False,4868.68,401.1035,False,False,False,29.762548,,1648.0116,1681,5254.9424,1.1521109,186.91009756518076,,8.01485292278257,,0.96335787,,-32.376152,,,0,False,,,,,,,,0,False,False,False,26018.086,39.830685,0.22187407,0.137259,-0.012662185,0.24861905,0.15304902,-0.014180442,False,False,False,False,0.05467413,0.66399026,False,False,61096.37455225954,,23,False,False,False,False,False,False,False,False,False,False,False,False,False,False,False,False,False,False,False,False,False,g
1,61096.3727434242,lsst,186.9100987999758,8.014850244614259,170028526740701203,170055000963153959,0,170028526740701203,5168.3057,175.5816,0,0,0,32789.312,174.61923,True,2026022401002,150,0.0,6.4405435e-06,7.105469e-06,-6.253454e-12,1441.847,0.1317736,1226.8713,0.11134301,False,5369.948,399.7901,False,False,False,29.499086,,1696.7316,1681,5032.019,0.9620095,186.9101000898909,,8.014849828972526,,0.49711835,,-2.3959582,,,0,False,,,,,,,,0,False,False,False,27542.611,29.756,0.19117421,0.17727736,0.008071961,0.25428602,0.17892818,-0.018511053,False,False,False,False,0.113866165,0.69978034,False,False,61096.37450107727,,26,False,False,False,False,False,False,False,False,False,False,False,False,False,False,False,False,False,False,False,False,False,g
1,61096.37469592564,lsst,186.9100975558324,8.01484173699929,170028526740701203,170055001503170653,0,170028526740701203,5147.7734,186.93222,0,0,0,34883.355,184.19394,True,2026022401006,156,0.0,7.704088e-06,9.922272e-06,-3.0076913e-14,3849.231,0.17874627,3329.0225,0.1386915,False,6345.4414,412.52524,False,False,False,27.189676,,1666.0723,1681,5344.3594,0.4317311,186.91009820475665,,8.014842732974854,,1.0730139,,-26.057549,,,0,False,,,,,,,,0,False,False,False,29751.633,39.06886,0.29845828,0.23297156,-0.042433206,0.25802985,0.21256842,-0.03777641,False,False,False,False,0.0936998,0.68227655,False,False,61096.376412473575,,41,False,False,False,False,False,False,False,False,False,False,False,False,False,False,False,False,False,False,False,False,False,g
1,61096.37562646893,lsst,186.910105929101,8.01484703059479,170028526740701203,170055001769508920,0,170028526740701203,4980.8516,183.75081,0,0,0,35671.066,182.06638,True,2026022401008,152,0.0,7.458872e-06,8.935372e-06,-2.5974778e-12,2380.0244,0.16112454,1691.7653,0.13394696,False,5982.767,402.99222,False,False,False,26.703716,,1719.0476,1681,5334.513,0.90063095,186.91010754077598,,8.014844590474643,,1.2616991,,-43.2618,,,0,False,,,,,,,,0,False,False,False,30586.217,32.072697,0.28301722,0.24256682,-0.074874386,0.2821079,0.20810443,-0.029061751,False,False,False,False,0.031406622,0.66101557,False,False,61096.37734347846,,28,False,False,False,False,False,False,False,False,False,False,False,False,False,False,False,False,False,False,False,False,False,g
1,61096.37702856063,lsst,186.91011687284492,8.014840432193385,170028526740701203,170055002170064916,0,170028526740701203,5330.577,177.68413,0,0,0,33761.266,176.89682,True,2026022401011,148,0.0,5.278321e-06,9.207356e-06,-1.6075235e-11,888.96533,0.16969238,559.2402,0.08745568,False,6089.5806,406.37143,False,False,False,29.206017,,1765.4083,1681,5816.77,3.0145404,186.91011809800656,,8.014840495043469,,1.3812271,,-31.520397,,,0,False,,,,,,,,0,False,False,False,28280.94,41.139412,0.30713925,0.14180085,-0.054973852,0.29740477,0.15702933,-0.035668008,False,False,False,False,0.00082884333,0.682318,False,False,61096.378735948645,,28,False,False,False,False,False,False,False,False,False,False,False,False,False,False,False,False,False,False,False,False,False,g
1,61096.37749336725,lsst,186.91009788945672,8.014864870648697,170028526740701203,170055002321584146,0,170028526740701203,5274.866,185.26543,0,0,0,32019.494,183.87462,True,2026022401012,181,0.0,6.281984e-06,9.839722e-06,-2.0626303e-11,3981.5186,0.18308173,627.16504,0.10316765,False,5861.703,426.19812,False,False,False,27.58736,,1662.7694,1681,5552.581,1.6614109,186.91009947788285,,8.014862522320234,,1.1764706,,-14.382219,,,0,False,,,,,,,,0,False,False,False,26655.781,38.475998,0.29469585,0.16072682,0.008085997,0.28063685,0.15454443,-0.02353829,False,False,False,False,0.011704821,0.7180978,False,False,61096.37911951936,,40,False,False,False,False,False,False,False,False,False,False,False,False,False,False,False,False,False,False,False,False,False,g
3,61097.32928464652,lsst,186.91011391133745,8.014843291538927,170028526740701203,170059319419600944,0,170028526740701203,18854.04,339.9844,0,0,0,83472.26,339.1644,True,2026022500409,152,0.0,3.3895212e-06,4.3429595e-06,-1.3578693e-12,845.29083,0.078704186,1204.0236,0.0603992,False,21247.309,783.2494,False,False,False,54.464344,,1625.2167,1681,18685.87,2.1039093,186.91011331934845,,8.01483950386776,,0.95064026,,2.8479464,,,0,False,,,,,,,,0,False,False,False,64191.066,52.777466,0.2522429,0.17667945,0.018203942,0.23836151,0.17961548,0.016045086,False,False,False,False,0.0035797511,0.99374783,False,False,61097.331059813325,,27,False,False,False,False,False,False,False,False,False,False,False,False,False,False,False,False,False,False,False,False,False,i
3,61097.32974881637,lsst,186.91011498871177,8.014837823556585,170028526740701203,170059319553818689,0,170028526740701203,19355.586,345.01566,0,0,0,85453.54,344.77335,True,2026022500410,152,0.0,3.4409582e-06,3.9625966e-06,-9.587581e-13,597.4254,0.0718668,2808.0593,0.061388418,False,20748.918,790.8667,False,False,False,55.052986,,1571.5393,1681,18783.598,2.143826,186.91011482617074,,8.014837342475177,,0.6709876,,-0.31797245,,,0,False,,,,,,,,0,False,False,False,65823.03,46.229397,0.21093217,0.17497593,0.008533896,0.23093094,0.18548319,0.008491003,False,False,False,False,0.02757932,0.9909114,False,False,61097.331454671454,,26,False,False,False,False,False,False,False,False,False,False,False,False,False,False,False,False,False,False,False,False,False,i
3,61097.33068247474,lsst,186.91011190275074,8.014845002880538,170028526740701203,170059319837458490,0,170028526740701203,20301.057,344.23257,0,0,0,85631.64,342.79395,True,2026022500412,181,0.0,3.5373228e-06,3.830264e-06,-8.5965664e-13,2402.3413,0.06967614,1467.8582,0.06297154,False,21753.598,782.8506,False,False,False,58.098526,,1729.1421,1681,19537.025,0.3058354,186.91011148422072,,8.014844554206125,,0.653381,,-24.247124,,,0,False,,,,,,,,0,False,False,False,64920.242,36.55577,0.23131968,0.1945333,-0.0034405096,0.20816363,0.20273255,-0.0027826072,False,False,False,False,0.0067925476,0.9981912,False,False,61097.33237236385,,26,False,False,False,False,False,False,False,False,False,False,False,False,False,False,False,False,False,False,False,False,False,i
3,61097.332084443115,lsst,186.91010656778425,8.0148375378971,170028526740701203,170059320239587343,0,170028526740701203,18439.305,309.27966,0,0,0,71556.195,308.57986,True,2026022500415,180,0.0,2.8736022e-06,3.209625e-06,-1.518268e-12,698.3659,0.059986442,330.0951,0.049164146,False,15583.161,778.315,False,False,False,58.470673,,1828.981,1681,17667.508,2.2193906,186.9101054951913,,8.014838423141429,,0.73693204,,-11.418555,,,0,False,,,,,,,,0,False,False,False,52704.71,57.339344,0.17369036,0.13218899,0.013527258,0.17600185,0.14342944,0.010339418,False,False,False,False,0.0071649863,0.9915433,False,False,61097.33382402363,,24,False,False,False,False,False,False,False,False,False,False,False,False,False,False,False,False,False,False,False,False,False,i
3,61097.33255222646,lsst,186.9101127849015,8.014840386558186,170028526740701203,170059320358076539,0,170028526740701203,19657.168,306.19217,0,0,0,69768.01,304.46472,True,2026022500416,150,0.0,2.66457e-06,2.788639e-06,-6.4335164e-13,1496.9166,0.05142485,3421.6042,0.046657227,False,20894.438,772.9277,False,False,False,63.38585,,1666.9596,1681,18089.615,0.43471164,186.9101129941536,,8.014840672700451,,0.5209072,,-8.5519085,,,0,False,,,,,,,,0,False,False,False,49800.16,76.593414,0.15259059,0.13578068,0.00836232,0.15712604,0.1420348,0.009312906,False,False,False,False,0.0048542237,0.9981025,False,False,61097.33436887938,,24,False,False,False,False,False,False,False,False,False,False,False,False,False,False,False,False,False,False,False,False,False,i
3,61097.33348512054,lsst,186.91011048634758,8.014839574857485,170028526740701203,170059320642240538,0,170028526740701203,18285.19,315.2137,0,0,0,73408.11,313.8912,True,2026022500418,180,0.0,3.134777e-06,3.2174705e-06,-9.394212e-13,2759.1235,0.05987676,567.23456,0.05438333,False,18235.826,776.37024,False,False,False,57.49657,,1725.1638,1681,17497.652,0.71890044,186.91010990531512,,8.01483902311597,,0.6522895,,3.771878,,,0,False,,,,,,,,0,False,False,False,54747.504,65.43657,0.16020684,0.15460873,0.01877903,0.17797329,0.15614362,0.01609353,False,False,False,False,0.013851926,0.99386483,False,False,61097.33516069055,,24,False,False,False,False,False,False,False,False,False,False,False,False,False,False,False,False,False,False,False,False,False,i
3,61097.33495811443,lsst,186.91011457792902,8.014844098156754,170028526740701203,170059321030213669,0,170028526740701203,19142.797,320.87332,0,0,0,75265.016,321.3576,True,2026022500421,152,0.0,2.8012985e-06,3.64133e-06,-1.4034752e-12,1234.6995,0.06641331,832.66034,0.049336515,False,20047.371,789.6411,False,False,False,58.8566,,1903.6715,1681,19204.105,1.4858106,186.9101147634421,,8.01484539259348,,0.82160115,,-7.264144,,,0,False,,,,,,,,0,False,False,False,55604.523,60.71704,0.20829228,0.14784785,0.0068195206,0.2160953,0.1558954,0.0024976055,False,False,False,False,0.008414803,0.9975448,False,False,61097.33659495643,,54,False,False,False,False,False,False,False,False,False,False,False,False,False,False,False,False,False,False,False,False,False,i
3,61097.335893284006,lsst,186.9101156628206,8.01484054037032,170028526740701203,170059321298124885,0,170028526740701203,18422.285,307.0555,0,0,0,69672.7,305.6136,True,2026022500423,151,0.0,3.0089518e-06,3.1595423e-06,-3.900816e-13,2999.0747,0.057284605,2206.6147,0.053764828,False,17355.98,781.1717,False,False,False,59.38104,,1728.408,1681,18029.336,0.5446853,186.91011600719222,,8.014840392947995,,0.49961498,,19.529886,,,0,False,,,,,,,,0,False,False,False,51013.133,73.024796,0.16687356,0.1624377,0.010575639,0.17362708,0.16155638,0.013797458,False,False,False,False,0.0012860768,0.9940069,False,False,61097.33760988344,,23,False,False,False,False,False,False,False,False,False,False,False,False,False,False,False,False,False,False,False,False,False,i
3,61097.3372993377,lsst,186.91011040936186,8.014836309016685,170028526740701203,170059321715982339,0,170028526740701203,18872.447,317.53152,0,0,0,73646.12,316.90164,True,2026022500426,180,0.0,3.1141178e-06,3.4330267e-06,-1.6244536e-12,835.6289,0.0640692,144.54701,0.053466287,False,18550.033,793.4019,False,False,False,58.52289,,1669.9263,1681,18007.984,0.06499429,186.91010939570018,,8.014837359077609,,0.6502154,,-28.297838,,,0,False,,,,,,,,0,False,False,False,54363.188,47.61447,0.1993146,0.16193375,0.00016770263,0.19040672,0.15041156,-0.004182496,False,False,False,False,0.015200171,0.9983979,False,False,61097.33898496142,,24,False,False,False,False,False,False,False,False,False,False,False,False,False,False,False,False,False,False,False,False,False,i
1,61097.33915171799,lsst,186.9101063736147,8.014844791772592,170028526740701203,170059321837617195,0,170028526740701203,5130.749,177.23598,0,0,0,36884.855,174.60933,True,2026022500427,156,0.0,7.280515e-06,1.0255499e-05,7.904359e-12,1978.3564,0.18572013,1574.6359,0.12957834,False,5910.088,381.64825,False,False,False,28.126179,,1668.987,1681,5590.081,1.1080122,186.91010749413752,,8.014849036799717,,1.3805858,,-1.8361157,,,0,False,,,,,,,,0,False,False,False,31701.334,25.89817,0.3858293,0.21049188,-0.03306511,0.26874313,0.22799863,-0.024118096,False,False,False,False,0.22090946,0.6413196,False,False,61097.34084754549,,28,False,False,False,False,False,False,False,False,False,False,False,False,False,False,False,False,False,False,False,False,False,g
1,61097.33961853888,lsst,186.91009845778333,8.014847130087299,170028526740701203,170059321968164905,0,170028526740701203,4824.63,175.12543,0,0,0,37300.023,173.06494,True,2026022500428,149,0.0,7.4192203e-06,1.0258293e-05,4.7624244e-12,2541.4546,0.1850403,1166.0583,0.13295217,False,5449.698,372.6443,False,False,False,26.936491,,1570.7606,1681,5029.9434,0.3342322,186.91009825152221,,8.01484623175045,,1.1091136,,-9.636676,,,0,False,,,,,,,,0,False,False,False,32429.518,21.22233,0.3041448,0.20377086,-0.029148163,0.28516486,0.23139301,-0.014147626,False,False,False,False,0.0018050253,0.61511606,False,False,61097.34129007159,,28,False,False,False,False,False,False,False,False,False,False,False,False,False,False,False,False,False,False,False,False,False,g
1,61097.340551674526,lsst,186.9101015684773,8.014849730283334,170028526740701203,170059322236600385,0,170028526740701203,5218.017,177.12323,0,0,0,37999.754,175.44319,True,2026022500430,149,0.0,7.2012213e-06,9.701941e-06,-4.685264e-13,444.4727,0.17459995,3316.5645,0.12957971,False,6780.6987,375.23752,False,False,False,28.340021,,1630.3014,1681,5270.878,0.09338508,186.91010087669054,,8.014849249600598,,1.0401766,,-11.927799,,,0,False,,,,,,,,0,False,False,False,32760.852,22.438684,0.34434444,0.253146,-0.0191099,0.2980397,0.21094553,-0.02281801,False,False,False,False,0.17492026,0.6348688,False,False,61097.342495278586,,30,False,False,False,False,False,False,False,False,False,False,False,False,False,False,False,False,False,False,False,False,False,g
1,61097.34148863603,lsst,186.91010864329456,8.014842419343127,170028526740701203,170059322505035817,0,170028526740701203,5187.343,169.40764,0,0,0,34875.582,166.82726,True,2026022500432,149,0.0,6.1626206e-06,8.377227e-06,-3.816356e-12,3152.9575,0.15126856,917.3696,0.11024014,False,6841.065,372.9862,False,False,False,29.175982,,1788.4021,1681,5357.1875,2.2819579,186.9101093851634,,8.014843311778696,,1.1044953,,-23.502699,,,0,False,,,,,,,,0,False,False,False,29703.838,20.477459,0.28712672,0.19082043,-0.032244936,0.25462618,0.20091078,-0.013792396,False,False,False,False,0.0136822285,0.67089564,False,False,61097.343445591716,,38,False,False,False,False,False,False,False,False,False,False,False,False,False,False,False,False,False,False,False,False,False,g
1,61097.34195587516,lsst,186.91010544061177,8.014865687921546,170028526740701203,170059322639253571,0,170028526740701203,5579.013,168.08908,0,0,0,34040.93,165.61917,True,2026022500433,149,0.0,5.8705423e-06,7.5238836e-06,-3.8946927e-12,2376.4658,0.13621451,2577.3591,0.10462317,False,5425.2793,372.22607,False,False,False,32.291447,,1629.3767,1681,5699.4443,0.6672832,186.9101064574331,,8.01486543209197,,0.99681884,,-30.779776,,,0,False,,,,,,,,0,False,False,False,28401.816,19.307064,0.2557622,0.18714446,-0.031302232,0.25103202,0.20016931,-0.011095028,False,False,False,False,0.0019037394,0.688736,False,False,61097.34385826075,,26,False,False,False,False,False,False,False,False,False,False,False,False,False,False,False,False,False,False,False,False,False,g
1,61097.34242559441,lsst,186.91011250169302,8.014851350766165,170028526740701203,170059322773471359,0,170028526740701203,4803.154,166.81453,0,0,0,33628.08,164.4676,True,2026022500434,149,0.0,6.610141e-06,8.671425e-06,-7.454977e-12,332.83658,0.15778548,3893.2473,0.11666059,False,5483.718,375.0021,False,False,False,28.590662,,1667.6385,1681,4804.0664,1.0534194,186.9101124531759,,8.01485154799969,,0.9331155,,-11.470184,,,0,False,,,,,,,,0,False,False,False,28818.842,26.207718,0.26152882,0.18136992,0.001569492,0.24554732,0.18809138,-0.010077664,False,False,False,False,0.0024678588,0.6570517,False,False,61097.34435665868,,25,False,False,False,False,False,False,False,False,False,False,False,False,False,False,False,False,False,False,False,False,False,g
1,61097.34294380256,lsst,186.91010098273327,8.014858579382308,170028526740701203,170059322908213330,0,170028526740701203,4981.6895,161.73564,0,0,0,31135.336,159.2834,True,2026022500435,150,0.0,5.8321857e-06,7.116126e-06,-1.2036561e-11,2796.9258,0.13575901,3175.3857,0.09474045,False,5210.1167,373.7616,False,False,False,30.320175,,1802.3757,1681,4908.793,2.9680774,186.9101008894493,,8.014858579630976,,0.90331316,,-13.952462,,,0,False,,,,,,,,0,False,False,False,26135.59,33.626087,0.21284357,0.14499383,0.017586011,0.22344041,0.16372493,0.0071512884,False,False,False,False,0.027373267,0.676777,False,False,61097.34480538267,,24,False,True,False,False,False,False,False,True,False,False,False,False,False,False,False,False,False,False,False,False,False,g
1,61097.3434093284,lsst,186.91010548525355,8.014849517992909,170028526740701203,170059323058683919,0,170028526740701203,4508.732,165.43787,0,0,0,31242.094,165.7415,True,2026022500436,181,0.0,7.165795e-06,8.7583285e-06,-2.3222481e-11,114.69237,0.1711561,607.85175,0.11036944,False,4095.15,386.88232,False,False,False,27.035519,,1845.8502,1681,4634.0757,2.1078475,186.9101048538,,8.014849686573964,,1.1363785,,-15.685853,,,0,False,,,,,,,,0,False,False,False,26633.707,29.0505,0.26301438,0.15355039,0.03151209,0.24233238,0.16479602,0.012002767,False,False,False,False,0.0027300864,0.64636296,False,False,61097.34520132588,,23,False,False,False,False,False,False,False,False,False,False,False,False,False,False,False,False,False,False,False,False,False,g
1,61097.34387628153,lsst,186.91011338605873,8.01485211884105,170028526740701203,170059323176648827,0,170028526740701203,5046.732,161.55952,0,0,0,31420.18,159.21013,True,2026022500437,150,0.0,6.050662e-06,6.9243624e-06,-1.3627399e-11,4024.3364,0.13587081,3766.1504,0.0944406,False,5051.9043,375.3392,False,False,False,30.648626,,1826.8455,1681,4998.678,1.388283,186.91011204968237,,8.014852740591662,,0.90272593,,-19.138142,,,0,False,,,,,,,,0,False,False,False,26240.969,37.420357,0.20517345,0.13813092,0.01862958,0.2287212,0.15828454,0.014240928,False,False,False,False,0.05979987,0.6748856,False,False,61097.34615915535,,23,False,False,False,False,False,False,False,False,False,False,False,False,False,False,False,False,False,False,False,False,False,g
1,61097.34434524786,lsst,186.91010917305815,8.014855293207923,170028526740701203,170059323326595124,0,170028526740701203,4904.839,165.82509,0,0,0,31214.277,164.61292,True,2026022500438,180,0.0,6.7160368e-06,7.307069e-06,-1.3890594e-11,1589.1854,0.1436362,1208.8451,0.106159456,False,5348.734,384.8242,False,False,False,29.169199,,1677.0339,1681,4927.5693,0.5327779,186.91010904136417,,8.014856550109137,,0.95093733,,-12.155702,,,0,False,,,,,,,,0,False,False,False,26248.15,29.193249,0.22152391,0.16581541,0.03205788,0.23205566,0.16694628,0.018213157,False,False,False,False,0.004251647,0.69639105,False,False,61097.346080496194,,24,False,False,False,False,False,False,False,False,False,False,False,False,False,False,False,False,False,False,False,False,False,g
1,61097.34481260105,lsst,186.91010553042696,8.014867034374928,170028526740701203,170059323457142870,0,170028526740701203,4511.4077,166.16978,0,0,0,29819.645,163.70273,True,2026022500439,173,0.0,6.988421e-06,7.3464726e-06,-1.3713419e-11,3532.4473,0.14543344,2605.158,0.11021501,False,3458.7021,391.8049,False,False,False,26.649652,,1705.7739,1681,4499.24,0.95530456,186.91010506666092,,8.014866701619242,,0.8378485,,-17.696127,,,0,False,,,,,,,,0,False,False,False,25253.549,30.896772,0.20009132,0.15349233,0.0224724,0.23243476,0.15661658,0.024388425,False,False,False,False,0.0396094,0.62306404,False,False,61097.346593945345,,22,False,False,False,False,False,False,False,False,False,False,False,False,False,False,False,False,False,False,False,False,False,g
1,61097.34528015522,lsst,186.9101023044612,8.014857317827397,170028526740701203,170059323591360699,0,170028526740701203,4943.679,168.84851,0,0,0,30423.0,166.20935,True,2026022500440,173,0.0,6.7223473e-06,6.8911254e-06,-1.4171051e-11,2522.7256,0.14000386,3882.226,0.102091305,False,5691.479,401.05484,False,False,False,28.83804,,1653.5172,1681,5074.4014,1.9530798,186.91010185566577,,8.014857936751193,,1.078647,,-7.5908885,,,0,False,,,,,,,,0,False,False,False,25417.268,35.478985,0.20677987,0.16817676,0.05353731,0.23085122,0.15591288,0.02929351,False,False,False,False,0.0044968356,0.6998727,False,False,61097.347170212604,,25,False,False,False,False,False,False,False,False,False,False,False,False,False,False,False,False,False,False,False,False,False,g
1,61097.3457486754,lsst,186.91011497410173,8.014844986181465,170028526740701203,170059323725053998,0,170028526740701203,4516.8857,162.20055,0,0,0,29765.635,160.35892,True,2026022500441,172,0.0,6.759508e-06,6.7417423e-06,-5.8554936e-12,3314.0376,0.12898658,1430.8469,0.113472775,False,4126.985,387.05505,False,False,False,27.600111,,1738.374,1681,4651.1353,1.1904033,186.91011445115387,,8.014845470335164,,1.0642989,,-3.4353845,,,0,False,,,,,,,,0,False,False,False,25183.82,30.943203,0.18109311,0.1700836,0.055498194,0.2079912,0.16222166,0.035258863,False,False,False,False,0.012155772,0.6532377,False,False,61097.3474911552,,22,False,False,False,False,False,False,False,False,False,False,False,False,False,False,False,False,False,False,False,False,False,g
1,61097.34621503882,lsst,186.91010589416766,8.014844701509476,170028526740701203,170059323860844601,0,170028526740701203,4721.237,170.39662,0,0,0,32521.377,169.25941,True,2026022500442,175,0.0,7.3915844e-06,7.2398993e-06,-8.863943e-12,3174.6519,0.14217955,1012.01044,0.12030893,False,5097.3,390.2473,False,False,False,27.59026,,1785.195,1681,4758.348,1.5858796,186.9101049061664,,8.014844242580713,,0.97455436,,-22.91039,,,0,False,,,,,,,,0,False,False,False,27604.207,28.464565,0.22208405,0.16608334,0.035058755,0.21543746,0.19097325,0.0353283,False,False,False,False,0.010188067,0.662863,False,False,61097.34803389361,,24,False,False,False,False,False,False,False,False,False,False,False,False,False,False,False,False,False,False,False,False,False,g
1,61097.34668313144,lsst,186.91010968741446,8.014860402891879,170028526740701203,170059323993489462,0,170028526740701203,4947.0664,172.62906,0,0,0,32971.938,171.16782,True,2026022500443,172,0.0,7.304923e-06,7.1731947e-06,-4.1260493e-12,1514.426,0.13537256,1918.0059,0.12498255,False,4886.523,388.858,False,False,False,28.00274,,1684.0933,1681,4948.527,0.5769114,186.9101085236849,,8.014861688604052,,0.98776233,,-6.147605,,,0,False,,,,,,,,0,False,False,False,27931.18,28.543734,0.2072953,0.20874861,0.04584087,0.2280045,0.19144262,0.034736667,False,False,False,False,0.00034498103,0.66603357,False,False,61097.34846604317,,24,False,False,False,False,False,False,False,False,False,False,False,False,False,False,False,False,False,False,False,False,False,g
1,61097.34714887457,lsst,186.91010162942538,8.014857889284084,170028526740701203,170059324128755732,0,170028526740701203,5239.229,171.54965,0,0,0,32438.803,169.74797,True,2026022500444,174,0.0,6.8336085e-06,6.674688e-06,-3.1345879e-12,3920.065,0.1258512,709.9224,0.1171928,False,5563.9233,386.2559,False,False,False,30.431154,,1787.2815,1681,5041.13,0.6525861,186.91010147844997,,8.014857627291907,,0.6394042,,-20.939812,,,0,False,,,,,,,,0,False,False,False,27090.299,26.72804,0.20581615,0.19199744,0.016559696,0.21630643,0.19507863,0.03365022,False,False,False,False,0.005582896,0.72907674,False,False,61097.34881195305,,25,False,False,False,False,False,False,False,False,False,False,False,False,False,False,False,False,False,False,False,False,False,g
1,61097.3476180529,lsst,186.91010523893524,8.014857092980117,170028526740701203,170059324261400618,0,170028526740701203,4961.4717,168.09459,0,0,0,31286.27,167.06007,True,2026022500445,171,0.0,6.862276e-06,6.4042397e-06,-6.4793748e-12,2785.9976,0.1287185,1320.2095,0.10936539,False,5342.2817,387.67612,False,False,False,29.24777,,1673.6633,1681,4754.3315,2.73547,186.91010532717948,,8.014858391984365,,0.6405209,,-34.921112,,,0,False,,,,,,,,0,False,False,False,26246.264,30.527067,0.18612862,0.16066685,0.012935965,0.21010903,0.18244293,0.02961141,False,False,False,False,0.06446741,0.678931,False,False,61097.34922604134,,23,False,False,False,False,False,False,False,False,False,False,False,False,False,False,False,False,False,False,False,False,False,g
1,61097.359091821774,lsst,186.91010667454174,8.01486462328917,170028526740701203,170059324530360384,0,170028526740701203,5018.285,189.43546,0,0,0,38556.203,189.86484,False,2026022500447,172,,8.946646e-06,8.067107e-06,-9.878303e-12,2046.601,0.16578782,2282.0527,0.13968365,False,5390.8257,397.57797,False,False,False,26.044168,,1728.8335,1681,5252.3076,2.8894315,186.91010689249038,,8.01486366352664,,1.300593,,-26.771734,,,0,False,,,,,,,,0,False,False,False,33486.887,17.957327,0.29012504,0.24355376,0.079703115,0.27588922,0.24108869,0.06334524,False,False,False,False,0.006719458,0.6877719,False,False,61131.905997286754,,27,False,False,False,False,False,False,False,False,False,False,False,False,False,False,False,False,False,False,False,False,False,g
1,61097.35955946492,lsst,186.91011011665847,8.014845586178922,170028526740701203,170059324664578111,0,170028526740701203,5440.648,192.63095,0,0,0,39722.617,192.8854,True,2026022500448,172,0.0,9.250247e-06,7.836063e-06,-1.2902719e-11,235.0058,0.1717489,2530.3455,0.13453251,False,6358.8477,401.01007,False,False,False,27.782879,,1675.702,1681,5299.9214,0.15856777,186.9101134539617,,8.014846111941667,,0.9371139,,-69.68873,,,0,False,,,,,,,,0,False,False,False,34198.72,17.459919,0.3130613,0.23412143,-0.0042983997,0.27320576,0.22453758,0.03683469,False,False,False,False,0.059526265,0.6926637,False,False,61097.361287562104,,28,False,False,False,False,False,False,False,False,False,False,False,False,False,False,False,False,False,False,False,False,False,g
2,61097.37882021708,lsst,186.91010987549564,8.01484871396187,170028526740701203,170059324902604856,0,170028526740701203,12823.32,236.60359,0,0,0,56617.23,234.3511,False,2026022500450,114,,3.7410084e-06,3.7376994e-06,-1.8293865e-14,1933.8134,0.0673002,1635.873,0.06732811,False,12555.667,550.5529,False,False,False,54.062016,,1661.8344,1681,12800.282,0.5612053,186.91011036581588,,8.014849611400141,,0.7093722,,-28.29152,,,0,False,,,,,,,,0,False,False,False,43645.95,35.612453,0.20006275,0.20012063,-0.022346595,0.1999382,0.20396738,-0.029370159,False,False,False,False,0.00042875734,0.84485877,False,False,61131.907641263446,,25,False,False,False,False,False,False,False,False,False,False,False,False,False,False,False,False,False,False,False,False,False,r
2,61097.37928593703,lsst,186.9101128094879,8.014847078419015,170028526740701203,170059325057269773,0,170028526740701203,12774.38,240.50948,0,0,0,58371.008,237.14632,True,2026022500451,153,0.0,3.7445684e-06,4.0322066e-06,5.680608e-13,1690.8345,0.0729267,338.94012,0.06705221,False,13934.646,552.4543,False,False,False,52.82852,,1765.7098,1681,13361.056,0.5728696,186.91011154332023,,8.014848904970792,,1.0179754,,-22.05277,,,0,False,,,,,,,,0,False,False,False,45457.277,28.236137,0.22946031,0.19854218,-0.046380863,0.21626724,0.20772623,-0.0347399,False,False,False,False,0.0004738487,0.89043874,False,False,61097.38087944078,,29,False,False,False,False,False,False,False,False,False,False,False,False,False,False,False,False,False,False,False,False,False,r
2,61097.379772446104,lsst,186.9101130033991,8.01484302355969,170028526740701203,170059325193060364,0,170028526740701203,12501.325,252.09277,0,0,0,63750.766,249.64731,True,2026022500452,156,0.0,4.057578e-06,4.2579613e-06,2.0863076e-13,1626.9205,0.076752074,372.56592,0.07297705,False,11256.259,553.87256,False,False,False,48.635708,,1823.951,1681,12561.812,0.6016639,186.9101110541067,,8.014845732220229,,0.72312796,,-4.7177734,,,0,False,,,,,,,,0,False,False,False,51069.12,30.070984,0.25971922,0.21794793,-0.0097012315,0.25425383,0.23666848,-0.011015082,False,False,False,False,0.004466732,0.8783156,False,False,61097.38168983801,,29,False,False,False,False,False,False,False,False,False,False,False,False,False,False,False,False,False,False,False,False,False,r
2,61097.380241208724,lsst,186.91011281849114,8.014844361293411,170028526740701203,170059325323608108,0,170028526740701203,12888.818,247.94565,0,0,0,62390.426,246.46994,True,2026022500453,149,0.0,3.9181364e-06,4.287966e-06,2.3260628e-13,1810.2894,0.07723424,1447.1207,0.070476964,False,13411.018,550.65045,False,False,False,51.115192,,1762.6332,1681,13188.793,1.8855166,186.91011213138518,,8.014845280940072,,0.8643107,,-32.91259,,,0,False,,,,,,,,0,False,False,False,49345.598,30.231947,0.2532112,0.23607203,-0.0325279,0.23584378,0.23311509,-0.02318982,False,False,False,False,0.010950744,0.91283184,False,False,61097.38213442215,,30,False,False,False,False,False,False,False,False,False,False,False,False,False,False,False,False,False,False,False,False,False,r
2,61097.3816456606,lsst,186.91011054399155,8.01484514596774,170028526740701203,170059325727834167,0,170028526740701203,12917.17,248.47093,0,0,0,61387.773,247.02843,True,2026022500456,152,0.0,3.5030846e-06,4.3282366e-06,-5.057444e-13,2203.208,0.07802018,2227.5437,0.0629814,False,12502.788,555.3826,False,False,False,50.71642,,1636.9204,1681,12832.05,1.8379016,186.91011091913322,,8.01484515509696,,0.8013853,,-18.846603,,,0,False,,,,,,,,0,False,False,False,48352.242,27.918768,0.234668,0.18414152,-0.014092656,0.23339188,0.20432813,-0.009116056,False,False,False,False,0.010168497,0.9237209,False,False,61097.383472394664,,28,False,False,False,False,False,False,False,False,False,False,False,False,False,False,False,False,False,False,False,False,False,r
2,61097.382118282534,lsst,186.9101187607467,8.01484538824768,170028526740701203,170059325861527582,0,170028526740701203,12684.237,249.6684,0,0,0,62710.254,248.70909,True,2026022500457,151,0.0,3.856838e-06,4.354267e-06,-5.4401324e-13,2919.6245,0.07851465,780.1329,0.069266394,False,12660.828,555.81305,False,False,False,50.784344,,1810.4786,1681,12543.057,2.3225567,186.9101208148969,,8.014844594057354,,0.73428047,,2.7187603,,,0,False,,,,,,,,0,False,False,False,49818.95,25.483229,0.23178181,0.18667677,0.008154993,0.24247172,0.20456447,-0.015500512,False,False,False,False,0.022577718,0.94477093,False,False,61097.38382419288,,31,False,False,False,False,False,False,False,False,False,False,False,False,False,False,False,False,False,False,False,False,False,r
2,61097.3825853984,lsst,186.91011669856238,8.014842151386244,170028526740701203,170059325994172511,0,170028526740701203,13323.13,251.79625,0,0,0,62410.574,247.54962,True,2026022500458,148,0.0,3.9782276e-06,4.384242e-06,-6.61674e-13,3250.3975,0.07915767,3634.006,0.071326464,False,14517.974,552.6409,False,False,False,51.763226,,1599.744,1681,12955.831,0.3800016,186.91011592766972,,8.0148443895137,,0.7003563,,-24.725758,,,0,False,,,,,,,,0,False,False,False,49143.03,23.15703,0.25838563,0.22064851,-0.01035491,0.2465446,0.20806222,-0.015909683,False,False,False,False,0.01627031,0.95335513,False,False,61097.384328155356,,30,False,False,False,False,False,False,False,False,False,False,False,False,False,False,False,False,False,False,False,False,False,r
2,61097.38305236015,lsst,186.91011279342288,8.014840320677147,170028526740701203,170059326128914517,0,170028526740701203,12509.888,243.895,0,0,0,59146.066,241.49263,True,2026022500459,149,0.0,3.3179729e-06,4.226125e-06,-1.7376158e-12,1671.0967,0.07695515,2934.5278,0.05858661,False,11912.178,556.6275,False,False,False,50.222515,,1764.5452,1681,12651.466,3.4342494,186.91011559277098,,8.014838748026392,,0.94890606,,-27.742704,,,0,False,,,,,,,,0,False,False,False,46482.32,41.155724,0.2302382,0.1561348,-0.020361695,0.24797387,0.17664993,-0.02064791,False,False,False,False,0.042160276,0.9521565,False,False,61097.38473607396,,24,False,False,False,False,False,False,False,False,False,False,False,False,False,False,False,False,False,False,False,False,False,r
2,61097.38352047425,lsst,186.91011396981648,8.014852383612926,170028526740701203,170059326264705035,0,170028526740701203,13058.304,239.69829,0,0,0,57988.465,239.34227,True,2026022500460,152,0.0,3.295801e-06,3.7427353e-06,-1.0235393e-12,707.9994,0.06809931,277.08295,0.05850154,False,14852.168,551.82117,False,False,False,53.80038,,1822.3932,1681,13200.54,1.5715245,186.9101139798058,,8.0148536395746,,0.8474436,,-35.84329,,,0,False,,,,,,,,0,False,False,False,44677.11,49.619766,0.23136663,0.18059342,-0.020614367,0.23785412,0.17385441,-0.03034407,False,False,False,False,1.921078e-06,0.9753735,False,False,61097.38522616729,,30,False,False,False,False,False,False,False,False,False,False,False,False,False,False,False,False,False,False,False,False,False,r
2,61097.38398989868,lsst,186.91010969159234,8.014846046523317,170028526740701203,170059326398398525,0,170028526740701203,13328.548,240.0513,0,0,0,57965.105,238.65855,True,2026022500461,151,0.0,3.5122148e-06,4.139088e-06,-1.9252915e-12,2747.637,0.075950414,1341.6914,0.061474834,False,14767.254,556.60376,False,False,False,55.340164,,1665.1792,1681,13445.627,0.7222115,186.9101110174645,,8.01484667901181,,0.79895675,,-34.230835,,,0,False,,,,,,,,0,False,False,False,44414.61,36.5607,0.23227187,0.18244563,-0.014372377,0.2292695,0.1779789,-0.01880957,False,False,False,False,0.001711014,0.9862207,False,False,61097.385788148255,,27,False,False,False,False,False,False,False,False,False,False,False,False,False,False,False,False,False,False,False,False,False,r
3,61098.14882206802,lsst,186.9101111905303,8.014849536902398,170028526740701203,170063698497896503,0,170028526740701203,19670.146,488.50092,0,0,0,111571.945,498.34714,True,2026022600268,69,0.0,6.258143e-06,6.0661578e-06,2.4240024e-12,36.52826,0.11483841,2318.129,0.106926486,False,20637.324,980.9633,False,False,False,39.809902,,1654.5985,1681,19965.191,3.14943,186.91011772008386,,8.014849931501745,,1.1190934,,91.68629,,,0,False,,,,,,,,0,False,False,False,91349.48,32.33688,0.33902746,0.2952776,0.05341168,0.31215835,0.30399132,0.043428473,False,False,False,False,0.00666712,0.95103306,False,False,61098.150409740134,,34,False,False,False,False,False,False,False,False,False,False,False,False,False,False,False,False,False,False,False,False,False,i
3,61098.14929004313,lsst,186.9101143290925,8.014832194240524,170028526740701203,170063698632114238,0,170028526740701203,18707.156,454.96152,0,0,0,98860.65,459.3895,True,2026022600269,69,0.0,4.9478704e-06,5.366018e-06,-6.0894085e-12,2964.884,0.08090879,2775.185,0.10357414,False,19246.0,977.33514,False,False,False,40.55089,,1676.8667,1681,19951.312,4.9237604,186.9101217696937,,8.014831995437556,,1.247461,,122.28128,,,0,False,,,,,,,,0,False,False,False,80041.18,32.061195,0.20938611,0.31608483,0.053488642,0.24536373,0.30584687,0.059606355,False,False,False,False,0.014924579,0.9097117,False,False,61098.151210871976,,30,False,False,False,False,False,False,False,False,False,False,False,False,False,False,False,False,False,False,False,False,False,i
3,61098.14975697371,lsst,186.91010970944907,8.014839145575436,170028526740701203,170063698786779201,0,170028526740701203,18698.467,415.6881,0,0,0,84517.82,418.522,True,2026022600270,108,0.0,4.216405e-06,4.283495e-06,-1.2163202e-12,2178.7788,0.07383556,2777.1628,0.07910547,False,16270.482,971.1889,False,False,False,44.579258,,1691.6383,1681,18872.117,5.0555115,186.91010212163386,,8.014839520387833,,0.7868429,,104.9493,,,0,False,,,,,,,,0,False,False,False,65744.57,92.4075,0.19703098,0.21279863,0.026715996,0.20387125,0.24722752,0.052674506,False,False,False,False,0.04611599,0.9067003,False,False,61098.15146449505,,27,False,False,False,False,False,False,False,False,False,False,False,False,False,False,False,False,False,False,False,False,False,i
3,61098.15210534832,lsst,186.9101023873507,8.01483680302824,170028526740701203,170063699459440690,0,170028526740701203,19418.846,361.7106,0,0,0,67341.27,362.89822,True,2026022600275,111,0.0,3.2619828e-06,3.3513195e-06,9.969576e-13,1026.9033,0.062313452,1615.0632,0.056619044,False,24292.758,956.35944,False,False,False,53.098225,,1793.4076,1681,17966.752,0.17204912,186.91010211708533,,8.01483686940562,,0.4820243,,61.05247,,,0,False,,,,,,,,0,False,False,False,47711.49,81.10615,0.15963903,0.14636041,0.007556487,0.15423758,0.1391299,0.008423104,False,False,False,False,0.0067776307,0.9688636,False,False,61098.15378841724,,26,False,False,False,False,False,False,False,False,False,False,False,False,False,False,False,False,False,False,False,False,False,i
3,61098.153985771234,lsst,186.9101067346872,8.014835539662679,170028526740701203,170063699996311656,0,170028526740701203,18810.176,363.86673,0,0,0,68266.52,364.43634,True,2026022600279,111,0.0,3.1650106e-06,3.6337913e-06,1.862671e-12,1715.0452,0.06752597,3660.5825,0.05446894,False,19005.527,954.52167,False,False,False,50.683887,,1841.2524,1681,17769.146,2.463409,186.91010649034138,,8.014834898805455,,0.57284516,,37.02604,,,0,False,,,,,,,,0,False,False,False,49401.57,67.22356,0.15225399,0.12587072,0.0060546217,0.16373618,0.13679424,0.0167118,False,False,False,False,0.020669179,0.9073207,False,False,61098.15569527421,,24,False,False,False,False,False,False,False,False,False,False,False,False,False,False,False,False,False,False,False,False,False,i
3,61098.15492374461,lsst,186.91010735776769,8.014841324956617,170028526740701203,170063700266319938,0,170028526740701203,19264.951,368.22916,0,0,0,71249.46,371.3439,True,2026022600281,114,0.0,3.436028e-06,3.7848044e-06,9.701897e-13,2978.4062,0.06895736,1455.9738,0.06097273,False,19295.861,947.56573,False,False,False,51.538353,,1650.915,1681,18292.064,0.7826296,186.91010680366097,,8.01484101991334,,0.46629444,,23.97418,,,0,False,,,,,,,,0,False,False,False,51704.453,50.81799,0.1718016,0.15336649,0.0016826149,0.17513932,0.15038273,0.018664088,False,False,False,False,4.8145353e-06,0.92676234,False,False,61098.156606196164,,25,False,False,False,False,False,False,False,False,False,False,False,False,False,False,False,False,False,False,False,False,False,i
3,61098.15699613811,lsst,186.91010842361942,8.014831186229685,170028526740701203,170063700774354997,0,170028526740701203,19353.12,393.54526,0,0,0,80229.22,394.6791,True,2026022600285,59,0.0,4.3451087e-06,3.761819e-06,8.327659e-13,2212.7444,0.0785266,1549.1462,0.06738489,False,17568.512,945.52734,False,False,False,48.96701,,1764.1754,1681,18429.443,0.9059244,186.91010806492872,,8.014831175381115,,0.53619677,,75.56709,,,0,False,,,,,,,,0,False,False,False,60777.152,35.36468,0.19236712,0.16775092,-0.0020128314,0.20596421,0.17212214,-0.0088957,False,False,False,False,0.010622232,0.91300124,False,False,61098.15868069799,,24,False,False,False,False,False,False,False,False,False,False,False,False,False,False,False,False,False,False,False,False,False,i
3,61098.15793761189,lsst,186.910116306497,8.014844132541787,170028526740701203,170063701042790441,0,170028526740701203,19920.574,429.4521,0,0,0,94657.9,434.1606,True,2026022600287,59,0.0,5.165612e-06,4.813997e-06,1.060545e-12,2276.7488,0.09352681,1299.0823,0.08612428,False,21046.188,943.72003,False,False,False,46.30058,,1787.4425,1681,18960.986,0.19442156,186.91011713680183,,8.014842725079951,,0.42592347,,85.39621,,,0,False,,,,,,,,0,False,False,False,74454.21,25.733006,0.25016567,0.23592414,0.0029344952,0.25392854,0.22048506,-0.008238297,False,False,False,False,0.0035880653,0.9437568,False,False,61098.15969866068,,28,False,False,False,False,False,False,False,False,False,False,False,False,False,False,False,False,False,False,False,False,False,i
1,61098.160239074845,lsst,186.91011090110305,8.01486125511039,170028526740701203,170063701316468740,0,170028526740701203,5763.808,372.21976,0,0,0,42457.184,379.93033,True,2026022600289,69,0.0,1.6035097e-05,1.3613913e-05,3.7925576e-11,514.3792,0.2976189,332.18802,0.23392546,False,6301.473,772.4045,False,False,False,15.255244,,1661.7562,1681,5594.2363,4.420602,186.91011526453192,,8.014862705955956,,0.713016,,52.8532,,,0,False,,,,,,,,0,False,False,False,36643.55,14.902328,0.27493754,0.23545013,-0.010316624,0.33308885,0.25298658,-0.038923755,False,False,False,False,0.1149614,0.639103,False,False,61098.16178959078,,24,False,False,False,False,False,False,False,False,False,False,False,False,False,False,False,False,False,False,False,False,False,g
1,61098.16164310872,lsst,186.91014828642744,8.014856101149432,170028526740701203,170063701717549127,0,170028526740701203,4868.448,341.71515,0,0,0,36431.836,349.03854,True,2026022600292,66,0.0,1.7167735e-05,1.3799604e-05,1.1076242e-10,909.206,0.34392214,3251.3157,0.19726022,False,4558.6626,776.6849,False,False,False,13.998958,,1707.46,1681,4999.438,9.81441,186.91014922013832,,8.014853225789679,,1.2488544,,46.476635,,,0,False,,,,,,,,0,False,False,False,31565.059,27.69722,0.27668247,0.12972254,-0.029985586,0.30265495,0.1852943,-0.029522935,False,False,False,False,0.1566023,0.5273289,False,False,61098.163212188185,,44,False,False,False,False,False,False,False,False,False,False,False,False,False,False,False,False,False,False,False,False,False,g
1,61098.16210921723,lsst,186.9101313035536,8.01485258990461,170028526740701203,170063701873786920,0,170028526740701203,5033.13,356.8047,0,0,0,39947.3,364.22818,True,2026022600293,108,0.0,1.8643277e-05,1.6820384e-05,9.343138e-11,989.107,0.36626515,2093.1072,0.26462597,False,4839.9473,764.73004,False,False,False,14.104992,,1664.7771,1681,5199.095,1.8004601,186.91013781444926,,8.014851979370855,,1.0941356,,72.8375,,,0,False,,,,,,,,0,False,False,False,34900.87,21.442616,0.34415227,0.25547147,0.032937586,0.3307692,0.20325343,-0.021304488,False,False,False,False,0.095765136,0.59907854,False,False,61098.16365820533,,23,False,False,False,False,False,False,False,False,False,False,False,False,False,False,False,False,False,False,False,False,False,g
1,61098.17508144546,lsst,186.91009400978888,8.014869203326171,170028526740701203,170063702382870585,0,170028526740701203,4888.1606,304.99817,0,0,0,31820.113,310.34412,True,2026022600297,55,0.0,1.3138283e-05,1.2629934e-05,6.5730976e-13,2201.6277,0.23642002,2561.2214,0.2272946,False,4465.7144,727.48755,False,False,False,15.6884775,,1787.9425,1681,5145.066,1.0313097,186.91009027260523,,8.014865505101989,,1.1441972,,42.83226,,,0,False,,,,,,,,0,False,False,False,26928.033,34.908794,0.20894898,0.20381472,-0.064221986,0.23131303,0.22001246,-0.05894865,False,False,False,False,0.040329114,0.6516152,False,False,61098.176708617175,,22,False,False,False,False,False,False,False,False,False,False,False,False,False,False,False,False,False,False,False,False,False,g
1,61098.17649925007,lsst,186.91013313629128,8.01486530568701,170028526740701203,170063702787620891,0,170028526740701203,5346.9966,312.56174,0,0,0,34687.26,317.1965,True,2026022600300,59,0.0,1.36313065e-05,1.2030538e-05,1.2106498e-11,2175.974,0.24751763,1178.7208,0.21403183,False,5333.129,724.54895,False,False,False,16.808092,,1673.9924,1681,5699.7188,9.153163,186.91013451668945,,8.014865131028413,,1.2499195,,35.61812,,,0,False,,,,,,,,0,False,False,False,29366.6,30.066488,0.26150697,0.22944197,-0.075048976,0.2596508,0.21130994,-0.044847876,False,False,False,False,0.010545724,0.7469664,False,False,61098.17812646145,,24,False,False,False,False,False,False,False,False,False,False,False,False,False,False,False,False,False,False,False,False,False,g
1,61098.17696690226,lsst,186.91013008973914,8.014847542553,170028526740701203,170063702923935819,0,170028526740701203,5070.795,296.75327,0,0,0,31861.994,303.49747,True,2026022600301,63,0.0,1.3594194e-05,1.1735256e-05,1.7407464e-11,126.3879,0.2485224,3595.4478,0.20681232,False,4685.9746,737.2406,False,False,False,16.605322,,1640.3909,1681,5309.0156,4.0798297,186.91012887445075,,8.014842316078719,,1.1194389,,37.015724,,,0,False,,,,,,,,0,False,False,False,26729.982,38.72781,0.23851597,0.19543116,-0.0566393,0.22711112,0.17596084,-0.042652667,False,False,False,False,0.029140204,0.7667573,False,False,61098.1784968907,,20,False,False,False,False,False,False,False,False,False,False,False,False,False,False,False,False,False,False,False,False,False,g
1,61098.1783726471,lsst,186.91013723990693,8.014844567065746,170028526740701203,170063703329734669,0,170028526740701203,5404.9204,306.6456,0,0,0,34411.535,312.03036,True,2026022600304,69,0.0,1.3365387e-05,1.15455605e-05,3.1814856e-11,3960.41,0.25154105,491.48218,0.19460118,False,5398.4443,729.1685,False,False,False,17.286983,,1848.7146,1681,5562.906,3.638262,186.91014376739545,,8.014849214640828,,0.79920274,,25.440731,,,0,False,,,,,,,,0,False,False,False,28861.365,36.458054,0.17992537,0.16415633,-0.028173821,0.27041504,0.17471856,-0.046512242,False,False,False,False,0.24942476,0.76713395,False,False,61098.17997782786,,23,False,False,False,False,False,False,False,False,False,False,False,False,False,False,False,False,False,False,False,False,False,g
1,61098.17884097042,lsst,186.9101341079302,8.014843233402082,170028526740701203,170063703462379578,0,170028526740701203,4616.1826,305.18777,0,0,0,33881.35,311.093,True,2026022600305,66,0.0,1.3965961e-05,1.2042173e-05,4.4623066e-11,512.80554,0.26774192,2565.811,0.19623418,False,3900.1384,725.3215,False,False,False,15.127082,,1678.4158,1681,4506.4487,6.0748563,186.9101350179089,,8.014845985434299,,0.7557609,,38.50766,,,0,False,,,,,,,,0,False,False,False,29212.664,34.84002,0.18792042,0.14943358,-0.017396785,0.27103496,0.17375265,-0.03670662,False,False,False,False,0.27702755,0.5476419,False,False,61098.18040637129,,43,False,False,False,False,False,False,False,False,False,False,False,False,False,False,False,False,False,False,False,False,False,g
1,61098.18357471725,lsst,186.91014935019604,8.014859071008214,170028526740701203,170063703859789894,0,170028526740701203,4177.2017,302.40143,0,0,0,33218.688,305.13757,True,2026022600308,56,0.0,1.3238602e-05,1.1879764e-05,1.6252576e-11,2170.0493,0.24267454,3511.4768,0.20886606,False,2917.3882,711.21,False,False,False,13.651089,,1687.8269,1681,4158.825,6.6751733,186.91014817970196,,8.014860868129734,,0.9530396,,29.63548,,,0,False,,,,,,,,0,False,False,False,29015.814,29.175816,0.1668608,0.14675277,-0.0427755,0.26001754,0.193834,-0.047963474,False,False,False,False,0.41823956,0.5385146,False,False,61098.185120046866,,21,False,False,False,False,False,False,False,False,False,False,False,False,False,False,False,False,False,False,False,False,False,g
1,61098.18404260825,lsst,186.910130889396,8.01485913389828,170028526740701203,170063703995580446,0,170028526740701203,5095.8076,295.89294,0,0,0,32936.094,300.45874,True,2026022600309,59,0.0,1.35782975e-05,1.1581635e-05,2.9718183e-11,3044.7324,0.25338957,1263.8893,0.19743557,False,4227.199,705.2457,False,False,False,17.165382,,1661.4126,1681,5241.8354,7.59945,186.91013216608943,,8.01485728898477,,0.8951914,,28.610361,,,0,False,,,,,,,,0,False,False,False,27869.074,29.667503,0.21948563,0.19768533,-0.035179712,0.27089575,0.18194792,-0.04958599,False,False,False,False,0.034512777,0.7044866,False,False,61098.18565666338,,23,False,False,False,False,False,False,False,False,False,False,False,False,False,False,False,False,False,False,False,False,False,g
1,61098.18460433083,lsst,186.91011802840285,8.014885781230124,170028526740701203,170063704155488305,0,170028526740701203,4975.5864,295.4201,0,0,0,31579.951,300.33862,True,2026022600310,108,0.0,2.697364e-05,3.3848322e-05,6.7057393e-10,3527.9424,0.7290278,2403.9646,0.27537796,False,5930.9785,699.81854,False,False,False,16.733679,,1680.1361,1681,5675.9473,3.586113,186.91011859506295,,8.01488333362782,,1.51155,,33.15118,,,0,False,,,,,,,,0,False,False,False,26594.186,36.448452,0.4211328,0.19138423,-0.012820989,0.29200372,0.15478325,0.010547172,False,False,False,False,0.53627115,0.70876205,False,False,61098.18614517934,,27,False,False,False,False,False,False,False,False,False,False,False,False,False,False,False,False,False,False,False,False,False,g
1,61098.185070775115,lsst,186.910109804368,8.014825392886108,170028526740701203,170063704291278891,0,170028526740701203,4746.555,302.27203,0,0,0,35238.285,306.91382,True,2026022600311,111,0.0,2.5538726e-05,3.3762786e-05,5.647801e-10,1663.5762,0.69984764,2493.7644,0.30151272,False,5443.3555,702.63696,False,False,False,15.481986,,1626.7122,1681,5401.665,14.793231,186.91012222966242,,8.014851825888561,,1.5085481,,25.329315,,,0,False,,,,,,,,0,False,False,False,30471.719,34.459347,0.39748982,0.1729997,-0.032141387,0.3083902,0.17044571,0.022727724,False,False,False,False,0.19683903,0.6374238,False,False,61098.186665593515,,24,False,False,False,False,False,False,False,False,False,False,False,False,False,False,False,False,False,False,False,False,False,g
1,61098.18694190932,lsst,186.91012363431784,8.01484789308025,170028526740701203,170063704829722681,0,170028526740701203,4503.027,291.8028,0,0,0,32337.363,294.4287,True,2026022600315,114,0.0,1.9459192e-05,3.3511275e-05,3.454939e-10,1896.9004,0.6387482,3340.7664,0.2804591,False,3175.1377,703.58685,False,False,False,15.266644,,1750.9801,1681,4934.486,8.131467,186.910127134878,,8.014859799434698,,1.3085272,,27.094862,,,0,False,,,,,,,,0,False,False,False,27887.139,50.463688,0.323719,0.15525116,0.016833292,0.27946973,0.1626064,0.044346392,False,False,False,False,0.037746854,0.57771224,False,False,61098.18850205606,,21,False,False,False,False,False,False,False,False,False,False,False,False,False,False,False,False,False,False,False,False,False,g
1,61098.1878778033,lsst,186.9101442380177,8.014880328118169,170028526740701203,170063705118605381,0,170028526740701203,5351.8584,274.06543,0,0,0,28866.016,275.80838,True,2026022600317,153,0.0,7.6286897e-06,1.11016425e-05,1.9381805e-11,1071.6267,0.20415777,2500.0261,0.13082297,False,5475.018,699.90924,False,False,False,19.292158,,1742.9979,1681,5538.057,8.072107,186.91014332960063,,8.014876532110192,,1.0974535,,13.151796,,,0,False,,,,,,,,0,False,False,False,23508.537,55.603977,0.21370317,0.09072409,-0.0048729787,0.23363349,0.14571305,0.044173826,False,False,False,False,0.16883853,0.7289534,False,False,61098.189497947904,,22,False,False,False,False,False,False,False,False,False,False,False,False,False,False,False,False,False,False,False,False,False,g
1,61098.18834962076,lsst,186.91011807973334,8.014863247406396,170028526740701203,170063705249153067,0,170028526740701203,4781.624,274.62228,0,0,0,28657.422,275.20566,True,2026022600318,146,0.0,8.137449e-06,1.3558413e-05,2.727636e-11,3592.808,0.2479979,1481.4728,0.13958518,False,4704.614,696.5105,False,False,False,16.792309,,1709.7555,1681,5095.2666,1.3644469,186.91011883832968,,8.014864080005825,,1.1546756,,21.357437,,,0,False,,,,,,,,0,False,False,False,23871.43,57.25787,0.22701378,0.09574467,0.021071825,0.24391358,0.15421417,0.057729915,False,False,False,False,0.1632623,0.666832,False,False,61098.19004232378,,21,False,False,False,False,False,False,False,False,False,False,False,False,False,False,False,False,False,False,False,False,False,g
1,61098.188816859925,lsst,186.91013319592722,8.01485820722851,170028526740701203,170063705388613680,0,170028526740701203,4680.069,280.06296,0,0,0,29694.297,282.38013,True,2026022600319,156,0.0,1.0244681e-05,1.3724814e-05,1.41316256e-11,2679.8647,0.24873509,1811.8984,0.18235208,False,4169.4893,701.17456,False,False,False,16.4711,,1615.0973,1681,5042.565,7.983337,186.9101316854648,,8.01485523573599,,1.2097112,,42.799202,,,0,False,,,,,,,,0,False,False,False,24984.16,56.30679,0.23637056,0.17838742,0.067248695,0.23403193,0.15846229,0.055453386,False,False,False,False,0.01567296,0.6772984,False,False,61098.19041809149,,20,False,False,False,False,False,False,False,False,False,False,False,False,False,False,False,False,False,False,False,False,False,g
1,61098.18928705114,lsst,186.91012775828645,8.014846819631844,170028526740701203,170063705521258563,0,170028526740701203,5301.3447,275.67523,0,0,0,30507.44,279.59824,True,2026022600320,153,0.0,7.1175427e-06,1.3171848e-05,1.39178955e-11,2328.1794,0.2382639,1988.1371,0.12608851,False,4651.627,693.8782,False,False,False,18.940714,,1796.0985,1681,5723.7773,3.112371,186.91012425333128,,8.014838822189775,,1.2964644,,12.331662,,,0,False,,,,,,,,0,False,False,False,25136.73,49.1481,0.26290426,0.086319104,0.01854418,0.22969256,0.16177633,0.05170694,False,False,False,False,0.05539983,0.723478,False,False,61098.19083578538,,21,False,False,False,False,False,False,False,False,False,False,False,False,False,False,False,False,False,False,False,False,False,g
2,61098.1915963458,lsst,186.91010764873315,8.01485220668593,170028526740701203,170063705766100998,0,170028526740701203,12026.276,268.6219,0,0,0,44894.082,268.21536,True,2026022600322,108,0.0,3.8638486e-06,3.8208523e-06,4.1998995e-12,849.3269,0.07842168,185.42136,0.058485292,False,10906.175,735.93304,False,False,False,43.862312,,1804.7781,1681,11859.189,2.5724082,186.91010658514483,,8.014852522609274,,0.74548805,,57.256687,,,0,False,,,,,,,,0,False,False,False,32629.883,78.71587,0.1580902,0.110466294,0.00977465,0.16692325,0.12653556,0.0063152923,False,False,False,False,0.02607365,0.72855103,False,False,61098.19323254428,,22,False,False,False,False,False,False,False,False,False,False,False,False,False,False,False,False,False,False,False,False,False,r
2,61098.1920637356,lsst,186.91010535716708,8.014841365910236,170028526740701203,170063705879871582,0,170028526740701203,12621.76,273.66925,0,0,0,46352.75,272.15036,True,2026022600323,69,0.0,3.955761e-06,3.968501e-06,9.59431e-13,2798.4978,0.07352301,3687.6543,0.06909968,False,12144.007,740.6021,False,False,False,44.876965,,1796.787,1681,11838.378,0.077165425,186.91010528316951,,8.014841434208462,,0.31315902,,56.316376,,,0,False,,,,,,,,0,False,False,False,33768.047,54.53413,0.15657112,0.14911994,0.0018339005,0.15750472,0.14333224,0.011321191,False,False,False,False,0.000979249,0.7303523,False,False,61098.19383535382,,23,False,False,False,False,False,False,False,False,False,False,False,False,False,False,False,False,False,False,False,False,False,r
2,61098.19253011726,lsst,186.9101160542792,8.014849383000122,170028526740701203,170063706034536503,0,170028526740701203,12610.724,270.78674,0,0,0,45859.43,270.2998,True,2026022600324,108,0.0,3.7322402e-06,3.904154e-06,3.8244637e-12,2769.7092,0.07740402,1601.6025,0.058889948,False,13281.355,731.0405,False,False,False,45.59351,,1793.1986,1681,12429.907,0.7007831,186.9101162827341,,8.014848059981098,,0.66310084,,33.41912,,,0,False,,,,,,,,0,False,False,False,33245.16,53.087284,0.15347564,0.11472036,-0.004594525,0.1712639,0.13130784,0.0067141475,False,False,False,False,0.047674283,0.7369328,False,False,61098.19423188243,,22,False,False,False,False,False,False,False,False,False,False,False,False,False,False,False,False,False,False,False,False,False,r
2,61098.19306980676,lsst,186.91011208133463,8.01483926607081,170028526740701203,170063706141491268,0,170028526740701203,13357.619,281.97623,0,0,0,50700.3,284.3097,True,2026022600325,56,0.0,3.9882393e-06,3.5934445e-06,1.0591005e-12,1282.2946,0.072566435,2582.6956,0.06385659,False,12779.657,729.7869,False,False,False,46.586758,,1700.5294,1681,12968.883,1.4398566,186.91011367665783,,8.014839518296165,,0.5036536,,44.827652,,,0,False,,,,,,,,0,False,False,False,37166.293,46.44186,0.15753563,0.1447839,-0.0089962045,0.18530872,0.15471572,-0.0023496891,False,False,False,False,0.050954472,0.75486517,False,False,61098.19472958991,,24,False,False,False,False,False,False,False,False,False,False,False,False,False,False,False,False,False,False,False,False,False,r
2,61098.193535247185,lsst,186.91011115941365,8.014844046017743,170028526740701203,170063706277281867,0,170028526740701203,12626.905,287.819,0,0,0,52043.562,289.12598,True,2026022600326,59,0.0,4.997324e-06,3.9899255e-06,4.0146675e-12,2291.301,0.09267597,2949.9434,0.06829161,False,12076.418,729.16266,False,False,False,43.464268,,1612.6,1681,12837.738,0.3748734,186.91010898566762,,8.014843463393374,,0.7916549,,66.04211,,,0,False,,,,,,,,0,False,False,False,39287.418,59.050236,0.20327318,0.14639027,-0.003110118,0.21648474,0.15747313,0.003866845,False,False,False,False,0.01953877,0.8505274,False,False,61098.19514162271,,24,False,False,False,False,False,False,False,False,False,False,False,False,False,False,False,False,False,False,False,False,False,r
2,61098.194004174075,lsst,186.91011410912873,8.014844380899062,170028526740701203,170063706415169609,0,170028526740701203,12901.513,285.07568,0,0,0,51215.312,286.42383,True,2026022600327,66,0.0,4.5792235e-06,3.962432e-06,2.8737021e-12,999.79767,0.0849276,2820.2776,0.0684012,False,12814.765,735.1984,False,False,False,44.855392,,1767.3257,1681,12994.029,0.6025471,186.91011354649027,,8.014844643919332,,0.7336828,,69.35363,,,0,False,,,,,,,,0,False,False,False,38056.418,53.31383,0.20564862,0.15758298,0.0026854358,0.20181307,0.15453689,0.009495223,False,False,False,False,0.0016610606,0.8728027,False,False,61098.19564675425,,23,False,False,False,False,False,False,False,False,False,False,False,False,False,False,False,False,False,False,False,False,False,r
2,61098.19447010761,lsst,186.9101087099084,8.014845393830276,170028526740701203,170063706550960212,0,170028526740701203,12827.997,285.43262,0,0,0,51836.38,286.55896,True,2026022600328,69,0.0,4.9677565e-06,4.061237e-06,5.536062e-12,1057.1649,0.09439181,2920.7644,0.06661794,False,14756.407,724.1044,False,False,False,44.201622,,1781.7092,1681,13282.824,1.9272002,186.91010979405914,,8.014846625319903,,0.9090952,,58.57062,,,0,False,,,,,,,,0,False,False,False,38865.453,49.38652,0.23195477,0.1561615,-0.006185363,0.21323127,0.16164108,-0.017023282,False,False,False,False,0.005833778,0.8644213,False,False,61098.19614320509,,24,False,False,False,False,False,False,False,False,False,False,False,False,False,False,False,False,False,False,False,False,False,r
2,61098.19493999099,lsst,186.9101119579658,8.014842227076292,170028526740701203,170063706685177913,0,170028526740701203,13111.696,280.63055,0,0,0,49971.246,280.7211,True,2026022600329,69,0.0,4.3193e-06,3.909963e-06,2.8495635e-12,3565.9233,0.0811372,2182.0874,0.06653453,False,14060.223,725.193,False,False,False,46.541836,,1773.767,1681,13164.792,1.2156631,186.9101123782714,,8.014843135493031,,0.6411978,,39.258953,,,0,False,,,,,,,,0,False,False,False,36727.95,43.399883,0.186206,0.15910904,-0.012145178,0.18995655,0.15128396,-0.011571739,False,False,False,False,0.00060852326,0.88630486,False,False,61098.196656676715,,23,False,False,False,False,False,False,False,False,False,False,False,False,False,False,False,False,False,False,False,False,False,r
2,61098.19540783396,lsst,186.91010572836674,8.014846851976777,170028526740701203,170063706819395662,0,170028526740701203,12657.402,279.40616,0,0,0,49543.793,280.56314,True,2026022600330,69,0.0,4.3977416e-06,3.990859e-06,3.7450494e-12,1182.893,0.08398962,2705.829,0.06617289,False,13344.057,719.52313,False,False,False,44.92039,,1663.8663,1681,12457.105,0.64675343,186.91010674920867,,8.014847127649213,,0.69406027,,59.887917,,,0,False,,,,,,,,0,False,False,False,36727.11,41.235332,0.1843247,0.14123888,0.002030781,0.19325428,0.14922947,-0.006672179,False,False,False,False,0.010399089,0.8789372,False,False,61098.19699377382,,23,False,False,False,False,False,False,False,False,False,False,False,False,False,False,False,False,False,False,False,False,False,r
2,61098.196342059484,lsst,186.91011211306034,8.014842587099428,170028526740701203,170063707108278313,0,170028526740701203,12217.012,286.5157,0,0,0,51983.875,287.52115,True,2026022600332,108,0.0,4.47759e-06,4.347588e-06,2.632865e-12,2507.775,0.08480634,1685.1101,0.073722325,False,12604.39,723.12524,False,False,False,42.33012,,1778.0001,1681,11981.643,0.82533526,186.91011243214786,,8.014843062885074,,0.657681,,26.27063,,,0,False,,,,,,,,0,False,False,False,39754.17,33.9506,0.17660058,0.15161616,-0.01467005,0.1943112,0.16376364,-0.010845799,False,False,False,False,0.03065601,0.8008785,False,False,61098.197962573795,,24,False,False,False,False,False,False,False,False,False,False,False,False,False,False,False,False,False,False,False,False,False,r
2,61098.1968080652,lsst,186.91011114820753,8.01484677634756,170028526740701203,170063707242496056,0,170028526740701203,12714.686,289.0564,0,0,0,53353.324,291.173,True,2026022600333,108,0.0,4.484401e-06,4.419547e-06,2.6377353e-12,511.324,0.08536169,1870.7539,0.074558504,False,12493.547,718.7858,False,False,False,43.049767,,1737.3694,1681,12480.54,2.2040935,186.91011250211122,,8.014848633121835,,0.67392796,,35.17472,,,0,False,,,,,,,,0,False,False,False,40484.99,42.167557,0.20498179,0.16873126,-0.008747496,0.21400657,0.16572195,-0.012902085,False,False,False,False,0.0011905103,0.71817046,False,False,61098.19842075904,,26,False,False,False,False,False,False,False,False,False,False,False,False,False,False,False,False,False,False,False,False,False,r
2,61098.19727638156,lsst,186.9101081532028,8.014844760813869,170028526740701203,170063707377238106,0,170028526740701203,11851.157,286.93933,0,0,0,50727.42,287.09552,True,2026022600334,109,0.0,4.538603e-06,4.5382076e-06,-6.6553837e-13,1653.553,0.080454275,3611.3525,0.0829999,False,10562.767,728.6298,False,False,False,40.8949,,1802.5702,1681,10974.75,0.4703438,186.91010770541791,,8.014845228934131,,0.26135486,,14.730403,,,0,False,,,,,,,,0,False,False,False,38997.855,42.49239,0.16385746,0.16104953,-0.002510307,0.16474059,0.17509302,-0.0021954984,False,False,False,False,0.008171238,0.75536877,False,False,61098.1989470919,,23,False,False,False,False,False,False,False,False,False,False,False,False,False,False,False,False,False,False,False,False,False,r
2,61098.19820923058,lsst,186.91011230691177,8.014843738818055,170028526740701203,170063707646722124,0,170028526740701203,12645.485,289.64307,0,0,0,53159.77,288.22714,True,2026022600336,111,0.0,4.3540394e-06,4.268719e-06,-1.7624751e-12,1354.3928,0.07378741,3368.2473,0.08125763,False,12269.764,721.38385,False,False,False,42.921932,,1784.0052,1681,12415.672,1.8046026,186.91011092618797,,8.014843229377176,,0.71546215,,-39.087925,,,0,False,,,,,,,,0,False,False,False,40568.477,53.536385,0.16304232,0.2049537,-0.009205907,0.17392245,0.19458112,-0.0030606652,False,False,False,False,8.739339e-06,0.8078308,False,False,61098.19989981421,,23,False,False,False,False,False,False,False,False,False,False,False,False,False,False,False,False,False,False,False,False,False,r
2,61098.20200312378,lsst,186.91011003498056,8.014839985166905,170028526740701203,170063708049375271,0,170028526740701203,12741.52,270.78903,0,0,0,48755.547,270.39313,True,2026022600339,111,0.0,3.6719455e-06,4.1210596e-06,3.0423307e-12,3239.7686,0.077983454,1230.5499,0.061619174,False,11827.144,711.91187,False,False,False,45.8604,,1714.9343,1681,12929.806,0.7485116,186.91011055344592,,8.014838961951128,,0.7636073,,16.427198,,,0,False,,,,,,,,0,False,False,False,35966.32,46.013626,0.19049358,0.14324938,-0.012135938,0.18758136,0.1444653,-0.00235387,False,False,False,False,0.00010837356,0.7860335,False,False,61098.203680513514,,23,False,False,False,False,False,False,False,False,False,False,False,False,False,False,False,False,False,False,False,False,False,r
2,61098.2025881343,lsst,186.9101141366368,8.014846769215348,170028526740701203,170063708154757152,0,170028526740701203,13011.003,279.1932,0,0,0,50954.297,279.33664,True,2026022600340,56,0.0,4.086528e-06,4.244871e-06,-3.775998e-13,197.04486,0.07335321,1588.6646,0.07665341,False,13859.706,714.8094,False,False,False,45.785603,,1734.4285,1681,12622.691,0.089224204,186.91011644000267,,8.014849250248325,,0.5257079,,37.376156,,,0,False,,,,,,,,0,False,False,False,37788.92,63.114,0.18539521,0.17991596,-0.01164505,0.17384551,0.18297327,-0.016074149,False,False,False,False,0.0025250055,0.86891836,False,False,61098.20408450786,,23,False,False,False,False,False,False,False,False,False,False,False,False,False,False,False,False,False,False,False,False,False,r
2,61098.20305245851,lsst,186.91011182617336,8.014846212502214,170028526740701203,170063708290547775,0,170028526740701203,12743.899,275.68344,0,0,0,49748.38,274.888,True,2026022600341,59,0.0,3.943349e-06,3.8046412e-06,3.557436e-13,1493.2787,0.07123361,1880.4526,0.068227924,False,13929.076,712.4787,False,False,False,45.17206,,1678.1628,1681,13342.605,1.562436,186.91011442801147,,8.014847969591788,,0.913353,,32.083866,,,0,False,,,,,,,,0,False,False,False,36893.336,72.20612,0.19311848,0.18133892,-0.038511034,0.19547743,0.17040259,-0.025747014,False,False,False,False,0.002510624,0.85621035,False,False,61098.204668348495,,24,False,False,False,False,False,False,False,False,False,False,False,False,False,False,False,False,False,False,False,False,False,r
2,61098.203518197675,lsst,186.910112213784,8.014841574786672,170028526740701203,170063708428435491,0,170028526740701203,13144.16,275.26962,0,0,0,49738.57,274.2757,True,2026022600342,66,0.0,3.9048623e-06,3.7832701e-06,3.8078606e-13,183.73914,0.07063911,1564.1873,0.06778864,False,13745.239,715.2366,False,False,False,47.146862,,1688.2715,1681,12899.501,0.06065392,186.910112238974,,8.01484537719654,,0.65924513,,41.302334,,,0,False,,,,,,,,0,False,False,False,36477.21,63.475918,0.19066648,0.16963173,-0.016122086,0.18614,0.16754286,-0.02642447,False,False,False,False,0.001546659,0.851241,False,False,61098.205065230104,,44,False,False,False,False,False,False,False,False,False,False,False,False,False,False,False,False,False,False,False,False,False,r
3,61098.20534714647,lsst,186.91010913978025,8.014846653812356,170028526740701203,170063708584673323,0,170028526740701203,18958.871,332.56726,0,0,0,66849.07,333.2678,True,2026022600343,108,0.0,3.1044062e-06,2.8587385e-06,1.8254682e-12,1831.587,0.059394248,1242.6322,0.04741068,False,19877.814,887.6697,False,False,False,54.868073,,1722.5939,1681,20282.568,5.153665,186.91010958957898,,8.014846890096996,,0.94616586,,33.428288,,,0,False,,,,,,,,0,False,False,False,47657.926,141.11679,0.19821572,0.13760298,-0.030198969,0.21811463,0.13560534,-0.029031867,False,False,False,False,0.011268598,0.82499486,False,False,61098.20696036163,,25,False,False,False,False,False,False,False,False,False,False,False,False,False,False,False,False,False,False,False,False,False,i
3,61098.208150856924,lsst,186.9101087924359,8.014842582471081,170028526740701203,170063709392076907,0,170028526740701203,18944.658,318.8213,0,0,0,62362.004,320.8178,True,2026022600349,112,0.0,2.7189108e-06,2.861297e-06,1.5768441e-12,1799.8528,0.05530977,2536.415,0.04469377,False,19072.852,882.8161,False,False,False,58.715355,,1729.743,1681,18395.408,1.1949973,186.91010934289145,,8.014843329519982,,0.6458906,,22.563803,,,0,False,,,,,,,,0,False,False,False,43022.82,86.7619,0.14532046,0.11287307,-0.00963949,0.14973432,0.11915355,-0.0027801266,False,False,False,False,0.005310649,0.794695,False,False,61098.20981094256,,21,False,False,False,False,False,False,False,False,False,False,False,False,False,False,False,False,False,False,False,False,False,i
3,61098.20908638158,lsst,186.9101102416622,8.014833849071419,170028526740701203,170063709661560902,0,170028526740701203,18947.475,314.70364,0,0,0,62250.938,316.0601,True,2026022600351,114,0.0,2.73998e-06,2.8268291e-06,4.887648e-13,1040.2852,0.051873878,1699.932,0.048308022,False,19092.555,876.0052,False,False,False,59.432777,,1780.5322,1681,17847.69,0.3893286,186.91011053293073,,8.014833488270192,,0.42469817,,38.63121,,,0,False,,,,,,,,0,False,False,False,42898.895,88.538826,0.14318582,0.12806204,0.0017917636,0.14124994,0.12643996,0.011394747,False,False,False,False,0.0005912797,0.6920198,False,False,61098.21077073134,,22,False,False,False,False,False,False,False,False,False,False,False,False,False,False,False,False,False,False,False,False,False,i
3,61098.210024117456,lsst,186.91011396164777,8.014838317164864,170028526740701203,170063709928423509,0,170028526740701203,19333.209,315.85516,0,0,0,61422.383,314.5442,True,2026022600353,111,0.0,2.6826172e-06,2.6354198e-06,-1.5796845e-13,3851.5051,0.047225,1990.5311,0.04854393,False,20514.523,874.60406,False,False,False,59.0749,,1822.0133,1681,18119.35,0.6627171,186.91011374332226,,8.014838293122173,,0.38225287,,97.460594,,,0,False,,,,,,,,0,False,False,False,41884.836,90.20302,0.12013516,0.1301797,0.003753084,0.12555653,0.1292517,0.010095557,False,False,False,False,0.0009910307,0.90621084,False,False,61098.21174540433,,22,False,False,False,False,False,False,False,False,False,False,False,False,False,False,False,False,False,False,False,False,False,i
3,61098.21146853779,lsst,186.91010342702288,8.014839439088474,170028526740701203,170063710349426787,0,170028526740701203,19882.33,327.77094,0,0,0,66236.41,328.4756,True,2026022600356,146,0.0,2.8330426e-06,3.1138252e-06,2.329926e-13,3691.3062,0.056168973,2923.1467,0.050896082,False,23548.295,875.24615,False,False,False,59.792553,,1832.3187,1681,20301.658,1.0886945,186.9101035682754,,8.014839725485844,,0.7155181,,37.79929,,,0,False,,,,,,,,0,False,False,False,46128.945,77.63793,0.16473135,0.1412516,0.02004322,0.16150433,0.14629583,0.017878227,False,False,False,False,0.00013417519,0.9796467,False,False,61098.213165090405,,25,False,False,False,False,False,False,False,False,False,False,False,False,False,False,False,False,False,False,False,False,False,i
3,61098.21287060788,lsst,186.91010412590555,8.014839584687705,170028526740701203,170063710755225643,0,170028526740701203,18851.225,312.61798,0,0,0,60231.305,315.4921,True,2026022600359,152,0.0,2.440072e-06,2.8244551e-06,-4.5519476e-14,3316.1724,0.05087982,999.6296,0.043944452,False,19576.814,882.408,False,False,False,58.90214,,1729.4404,1681,18466.266,1.0024852,186.91010471322525,,8.01484035501177,,0.6580364,,26.955975,,,0,False,,,,,,,,0,False,False,False,40968.76,87.412865,0.13496237,0.11294173,0.01636141,0.13589512,0.122988224,0.014610183,False,False,False,False,0.0058111483,0.94448566,False,False,61098.21444210682,,22,False,False,False,False,False,False,False,False,False,False,False,False,False,False,False,False,False,False,False,False,False,i
3,61098.21381199671,lsst,186.91011587089147,8.014844475134902,170028526740701203,170063711023661089,0,170028526740701203,19084.863,323.20474,0,0,0,63376.754,324.0697,True,2026022600361,152,0.0,2.6387072e-06,3.0984581e-06,-3.4249762e-13,3923.707,0.055945255,963.51385,0.0473764,False,19630.074,889.07635,False,False,False,57.814346,,1799.4552,1681,18904.934,1.4049653,186.9101157991109,,8.014844158646424,,0.7084369,,26.024555,,,0,False,,,,,,,,0,False,False,False,44004.438,104.44907,0.14881362,0.1303263,0.02097194,0.15150473,0.12278797,0.019186685,False,False,False,False,0.0010717042,0.9919756,False,False,61098.21541137206,,21,False,False,False,False,False,False,False,False,False,False,False,False,False,False,False,False,False,False,False,False,False,i
3,61098.21428017678,lsst,186.91011044521863,8.014840020335356,170028526740701203,170063711157354591,0,170028526740701203,18438.805,311.16928,0,0,0,60481.742,311.3847,True,2026022600362,151,0.0,2.5068093e-06,2.6369064e-06,-1.2802265e-13,3728.8696,0.047562182,1871.646,0.045058854,False,16372.978,875.97864,False,False,False,58.34859,,1704.853,1681,18387.12,0.6642564,186.91011043916558,,8.014840472699174,,0.7091719,,25.51409,,,0,False,,,,,,,,0,False,False,False,41758.26,102.341484,0.13220805,0.11713592,0.021973306,0.13171959,0.1331154,0.028907377,False,False,False,False,0.011271921,0.96272486,False,False,61098.2159508223,,20,False,False,False,False,False,False,False,False,False,False,False,False,False,False,False,False,False,False,False,False,False,i
3,61098.21474906581,lsst,186.9101052601246,8.014840468761985,170028526740701203,170063711291572236,0,170028526740701203,19080.943,320.60358,0,0,0,64484.027,322.23138,True,2026022600363,151,0.0,2.8043441e-06,2.6030589e-06,2.5990256e-13,2597.5513,0.04665988,214.12796,0.050680093,False,18262.738,871.8908,False,False,False,58.788944,,1902.01,1681,18121.486,0.59710646,186.91010555358483,,8.014840525075194,,0.5890527,,41.24891,,,0,False,,,,,,,,0,False,False,False,44890.266,100.60601,0.1215559,0.1314126,0.014695251,0.13529213,0.14250273,0.022120975,False,False,False,False,0.027365081,0.9820576,False,False,61098.216312752105,,21,False,False,False,False,False,False,False,False,False,False,False,False,False,False,False,False,False,False,False,False,False,i
3,61098.21521397118,lsst,186.91010894245278,8.014840735106654,170028526740701203,170063711441518658,0,170028526740701203,18752.904,301.1777,0,0,0,56846.848,300.52048,True,2026022600364,181,0.0,2.4145552e-06,2.433707e-06,-3.697928e-14,3660.1763,0.04387937,1502.0833,0.043461733,False,21124.291,871.02155,False,False,False,61.290733,,1873.1011,1681,18428.932,2.2040272,186.9101092413046,,8.014841579840322,,0.7614486,,26.19831,,,0,False,,,,,,,,0,False,False,False,37614.25,97.05435,0.12145507,0.11614555,0.027252452,0.11604726,0.1142898,0.026708914,False,False,False,False,0.0028638407,0.990794,False,False,61098.216773275344,,21,False,False,False,False,False,False,False,False,False,False,False,False,False,False,False,False,False,False,False,False,False,i
1,61098.21720527297,lsst,186.91013431823671,8.014888277993698,170028526740701203,170063711558959181,0,170028526740701203,4807.333,242.36891,0,0,0,27501.93,242.90622,True,2026022600365,149,0.0,9.5553605e-06,1.0123646e-05,-1.7921175e-12,3709.439,0.18251896,2952.62,0.17171662,False,5095.367,624.7741,False,False,False,19.111675,,1693.4843,1681,5122.645,3.3638928,186.9101334415896,,8.01488304127676,,1.1785971,,31.17234,,,0,False,,,,,,,,0,False,False,False,22753.494,46.42998,0.20752358,0.18132745,0.06843587,0.20047747,0.15947703,0.04766424,False,False,False,False,0.028584952,0.6952592,False,False,61098.218836565706,,41,False,False,False,False,False,False,False,False,False,False,False,False,False,False,False,False,False,False,False,False,False,g
1,61098.21767012842,lsst,186.91012857308985,8.014857779675452,170028526740701203,170063711694225478,0,170028526740701203,5005.8896,240.79648,0,0,0,28885.568,243.02988,True,2026022600366,151,0.0,8.325592e-06,9.6550275e-06,-5.036986e-12,1286.3859,0.17467707,1764.2013,0.14874457,False,5517.585,614.20105,False,False,False,20.318182,,1719.7035,1681,5289.2896,2.7467089,186.9101282777666,,8.014857202606326,,1.1312758,,24.029083,,,0,False,,,,,,,,0,False,False,False,23867.37,46.307865,0.20381565,0.16149469,0.060355015,0.19605705,0.17923541,0.055522002,False,False,False,False,0.0033119493,0.68776643,False,False,61098.21922388574,,21,False,False,False,False,False,False,False,False,False,False,False,False,False,False,False,False,False,False,False,False,False,g
1,61098.218604520305,lsst,186.91011231438077,8.01485404892416,170028526740701203,170063711963185174,0,170028526740701203,4102.2695,231.72116,0,0,0,26680.445,232.14114,True,2026022600368,152,0.0,9.262744e-06,1.04155615e-05,-7.998292e-12,1823.7118,0.1896815,820.833,0.1642452,False,3586.681,608.2946,False,False,False,17.458927,,1758.4467,1681,4231.1,2.5659308,186.91011038666232,,8.014849819729724,,1.0764948,,14.156763,,,0,False,,,,,,,,0,False,False,False,22605.543,61.087814,0.1838447,0.1309427,0.052146535,0.1753343,0.17231503,0.052047413,False,False,False,False,0.03808878,0.61743677,False,False,61098.22013517088,,19,False,False,False,False,False,False,False,False,False,False,False,False,False,False,False,False,False,False,False,False,False,g
1,61098.21978198529,lsst,186.91013009002052,8.014872231764635,170028526740701203,170063712182861863,0,170028526740701203,4793.2026,245.57693,0,0,0,28678.385,241.59428,True,2026022600370,59,0.0,8.8308125e-06,8.553892e-06,3.2881601e-12,3752.888,0.16067389,1290.7465,0.15218781,False,3550.3945,625.0917,False,False,False,19.14363,,1816.7418,1681,4697.784,5.2865586,186.91012629342063,,8.014870723544117,,0.6752953,,44.224274,,,0,False,,,,,,,,0,False,False,False,23866.172,90.826004,0.17539684,0.14263056,-0.012215532,0.19396466,0.1800386,0.006719548,False,False,False,False,0.09943077,0.6650271,False,False,61098.22144401103,,43,False,False,False,False,False,False,False,False,False,False,False,False,False,False,False,False,False,False,False,False,False,g
1,61098.22024656157,lsst,186.91012292827443,8.014865356337161,170028526740701203,170063712318652458,0,170028526740701203,5012.647,244.56497,0,0,0,29561.34,242.6056,True,2026022600371,62,0.0,1.0073595e-05,9.945084e-06,2.1878506e-12,3986.571,0.18245164,1764.3582,0.17779823,False,4118.645,613.9671,False,False,False,20.336884,,1709.9519,1681,4896.512,1.7011753,186.91012094362694,,8.014862288966143,,0.60319674,,-29.602097,,,0,False,,,,,,,,0,False,False,False,24535.041,55.79303,0.16647346,0.19834834,-0.00045507943,0.21077113,0.17377263,-0.0011105688,False,False,False,False,0.012559239,0.69630754,False,False,61098.221840408194,,21,False,False,False,False,False,False,False,False,False,False,False,False,False,False,False,False,False,False,False,False,False,g
1,61098.22071118529,lsst,186.91011503478038,8.01485355264673,170028526740701203,170063712456540208,0,170028526740701203,5297.6143,245.86989,0,0,0,30127.398,244.6118,True,2026022600372,69,0.0,9.345771e-06,8.676393e-06,1.3906126e-11,2673.568,0.17688589,2121.058,0.14635819,False,5971.046,613.40857,False,False,False,21.154547,,1707.4271,1681,5324.021,2.0328076,186.9101125453854,,8.014849064521504,,0.7923901,,34.17524,,,0,False,,,,,,,,0,False,False,False,24805.312,69.131294,0.21251103,0.17222588,-0.020058915,0.21361642,0.18214844,-0.0024149986,False,False,False,False,0.003834601,0.7056378,False,False,61098.22231661958,,22,False,False,False,False,False,False,False,False,False,False,False,False,False,False,False,False,False,False,False,False,False,g
1,61098.22117914996,lsst,186.91011037305947,8.01485938601798,170028526740701203,170063712611205178,0,170028526740701203,4637.8735,236.12881,0,0,0,28184.22,237.54758,True,2026022600373,108,0.0,9.760448e-06,9.222069e-06,1.6597059e-11,2021.1527,0.18671358,2142.5752,0.15349162,False,4238.6934,605.1845,False,False,False,19.235365,,1685.6711,1681,4496.9097,1.753827,186.9101081521571,,8.01485749140077,,0.384451,,88.41315,,,0,False,,,,,,,,0,False,False,False,23509.812,48.08194,0.17051478,0.16615477,0.005906294,0.22269255,0.15926638,-0.013492551,False,False,False,False,0.06491162,0.62752193,False,False,61098.222737521595,,20,False,False,False,False,False,False,False,False,False,False,False,False,False,False,False,False,False,False,False,False,False,g
1,61098.22164556657,lsst,186.91010775126142,8.014858990514467,170028526740701203,170063712745947180,0,170028526740701203,4958.373,240.76552,0,0,0,29430.396,242.69028,True,2026022600374,109,0.0,1.0195377e-05,9.917477e-06,1.39819545e-11,391.7088,0.193525,1834.2413,0.16773109,False,4319.955,603.4355,False,False,False,20.491756,,1728.627,1681,4957.855,0.5706369,186.91010870263176,,8.014853963379931,,0.60711575,,-13.949933,,,0,False,,,,,,,,0,False,False,False,24363.898,49.800217,0.19773683,0.21795432,-0.012480595,0.22928044,0.17113699,-0.017305147,False,False,False,False,0.0072593717,0.7204506,False,False,61098.22322233484,,21,False,False,False,False,False,False,False,False,False,False,False,False,False,False,False,False,False,False,False,False,False,g
1,61098.22419885124,lsst,186.91011410910895,8.014856001912754,170028526740701203,170063712879640633,0,170028526740701203,4784.108,228.86716,0,0,0,27918.834,229.83965,True,2026022600375,108,0.0,1.0237595e-05,1.003789e-05,2.279665e-11,2188.7356,0.20186925,1959.2898,0.16081193,False,5233.8374,591.4948,False,False,False,20.844252,,1709.5464,1681,4827.5366,1.3530599,186.9101097853063,,8.014854027700897,,0.6240859,,50.012074,,,0,False,,,,,,,,0,False,False,False,23156.02,40.21556,0.20498618,0.17091407,0.0014916479,0.2158509,0.1600144,-0.019603087,False,False,False,False,4.0573553e-08,0.6966662,False,False,61098.22581905868,,21,False,False,False,False,False,False,False,False,False,False,False,False,False,False,False,False,False,False,False,False,False,g
1,61098.22466538762,lsst,186.91012872409678,8.014855613827446,170028526740701203,170063713014382618,0,170028526740701203,4568.6963,225.63098,0,0,0,27382.955,226.45946,True,2026022600376,109,0.0,9.198209e-06,9.223911e-06,1.7999467e-11,742.59454,0.18269704,1341.8606,0.14712068,False,3176.6345,592.8828,False,False,False,19.90746,,1815.4961,1681,4851.209,2.2977414,186.9101305241584,,8.01485154318531,,1.0590197,,3.956869,,,0,False,,,,,,,,0,False,False,False,22805.488,44.071873,0.17563543,0.15853047,-0.054944936,0.20320582,0.15417552,-0.015810406,False,False,False,False,0.018684655,0.684248,False,False,61098.22617131641,,20,False,False,False,False,False,False,False,False,False,False,False,False,False,False,False,False,False,False,False,False,False,g
1,61098.225130897496,lsst,186.9101204665423,8.014852249807639,170028526740701203,170063713149648926,0,170028526740701203,4855.768,220.45956,0,0,0,26419.873,220.26486,True,2026022600377,111,0.0,8.365864e-06,8.62204e-06,1.7676298e-11,2961.8428,0.17082305,1147.1566,0.13264157,False,4554.4146,590.0895,False,False,False,21.96388,,1676.8021,1681,4919.702,1.853595,186.91011947778242,,8.014852806946541,,0.7329784,,10.329002,,,0,False,,,,,,,,0,False,False,False,21581.113,42.843704,0.17808884,0.15548171,-0.021507505,0.19397639,0.14487907,-0.011062665,False,False,False,False,0.0010298055,0.674801,False,False,61098.226732353934,,20,False,False,False,False,False,False,False,False,False,False,False,False,False,False,False,False,False,False,False,False,False,g
1,61098.22606299339,lsst,186.91012635305765,8.014852623747423,170028526740701203,170063713418608722,0,170028526740701203,5253.033,223.38411,0,0,0,26090.215,222.01894,True,2026022600379,112,0.0,7.2005378e-06,8.237263e-06,2.3393312e-11,1741.7004,0.16569018,3609.5574,0.10664494,False,6733.9175,604.2846,False,False,False,22.580141,,1729.663,1681,5460.4,4.0221257,186.91012828843432,,8.014851534731445,,1.0752343,,12.447905,,,0,False,,,,,,,,0,False,False,False,20898.414,64.02522,0.18635748,0.10428043,-0.042777326,0.19338477,0.13449974,-0.009235091,False,False,False,False,0.05154431,0.7121337,False,False,61098.227658458636,,39,False,False,False,False,False,False,False,False,False,False,False,False,False,False,False,False,False,False,False,False,False,g
1,61098.22653471776,lsst,186.91010823486192,8.014847959320003,170028526740701203,170063713552302085,0,170028526740701203,4789.23,216.69023,0,0,0,25505.686,214.92548,True,2026022600380,111,0.0,7.634434e-06,8.891147e-06,2.2216767e-11,3875.755,0.17386962,127.35118,0.11954561,False,4935.449,592.64606,False,False,False,21.841806,,1704.5927,1681,4899.2876,2.0898032,186.91010775384345,,8.014847219279103,,0.7705839,,14.004967,,,0,False,,,,,,,,0,False,False,False,20648.887,64.24737,0.16677575,0.12282629,-0.016492026,0.1897276,0.12850226,-0.01349534,False,False,False,False,0.03168513,0.662186,False,False,61098.228139246145,,36,False,False,False,False,False,False,False,False,False,False,False,False,False,False,False,False,False,False,False,False,False,g
1,61098.22700001939,lsst,186.91011562983527,8.014849750826466,170028526740701203,170063713688092732,0,170028526740701203,4762.301,215.7767,0,0,0,25115.545,213.10625,True,2026022600381,114,0.0,6.9818093e-06,9.194633e-06,2.9965017e-11,845.7488,0.1814192,2552.3293,0.10135567,False,4338.946,591.2794,False,False,False,21.676117,,1664.5762,1681,4908.9136,5.4442687,186.91011349980363,,8.014848109321424,,0.9324358,,18.077082,,,0,False,,,,,,,,0,False,False,False,20317.264,75.939064,0.16674519,0.087091655,-0.016909499,0.21351323,0.114408016,-0.012339675,False,False,False,False,0.18872038,0.648889,False,False,61098.22861557796,,21,False,False,False,False,False,False,False,False,False,False,False,False,False,False,False,False,False,False,False,False,False,g
1,61098.22746800215,lsst,186.91010899114207,8.014849278129123,170028526740701203,170063713820737600,0,170028526740701203,4270.1465,212.88095,0,0,0,24613.28,209.6732,True,2026022600382,111,0.0,7.897167e-06,1.0912776e-05,3.7518152e-11,1721.5988,0.21133326,2999.468,0.118917085,False,3802.5916,587.9678,False,False,False,19.464514,,1605.9161,1681,4578.48,0.954914,186.91010902652442,,8.014846079125808,,1.1132895,,8.630385,,,0,False,,,,,,,,0,False,False,False,20333.045,73.35935,0.21300465,0.11051453,-0.03672423,0.20422073,0.11533189,-0.008665089,False,False,False,False,0.0006151083,0.60945284,False,False,61098.2291451497,,20,False,False,False,False,False,False,False,False,False,False,False,False,False,False,False,False,False,False,False,False,False,g
1,61098.22794069203,lsst,186.91011518419188,8.014854447858424,170028526740701203,170063713954955340,0,170028526740701203,4791.821,215.52888,0,0,0,25085.143,212.57887,True,2026022600383,111,0.0,6.900095e-06,9.494232e-06,2.2730831e-11,3814.4458,0.18010764,2956.4226,0.11054531,False,5447.373,590.96594,False,False,False,21.399912,,1703.7771,1681,4923.1035,3.1349356,186.91011561007846,,8.0148530124327,,0.92971164,,16.465834,,,0,False,,,,,,,,0,False,False,False,20348.854,67.76907,0.17829238,0.096023075,-0.01023148,0.19844514,0.11603527,0.00031009363,False,False,False,False,0.06211943,0.6802305,False,False,61098.22959549312,,21,False,False,False,False,False,False,False,False,False,False,False,False,False,False,False,False,False,False,False,False,False,g
1,61098.228406564,lsst,186.91012020098353,8.014854516201197,170028526740701203,170063714090745890,0,170028526740701203,5141.762,215.77405,0,0,0,26078.662,215.01389,True,2026022600384,114,0.0,6.549599e-06,1.0311742e-05,2.7690966e-11,3057.4414,0.19456649,755.5055,0.10258391,False,6206.656,586.19165,False,False,False,22.977066,,1660.484,1681,5431.6523,2.770101,186.91011818641144,,8.014852290669713,,0.99144363,,25.361736,,,0,False,,,,,,,,0,False,False,False,20840.842,65.51421,0.20127822,0.105969414,0.008043463,0.2053603,0.11926033,0.0046166647,False,False,False,False,0.011555365,0.66622734,False,False,61098.22996448947,,20,False,False,False,False,False,False,False,False,False,False,False,False,False,False,False,False,False,False,False,False,False,g
1,61098.22889243519,lsst,186.91012001400037,8.014858228595099,170028526740701203,170063714221817923,0,170028526740701203,5002.5366,216.84935,0,0,0,25887.482,215.60074,True,2026022600385,108,0.0,7.5856606e-06,8.7701155e-06,2.9254772e-11,3563.8872,0.17832744,2608.497,0.10856843,False,4554.584,588.82336,False,False,False,22.49414,,1605.7324,1681,5444.6074,6.2861075,186.91011831589418,,8.014853563582747,,1.1619079,,12.194508,,,0,False,,,,,,,,0,False,False,False,20865.045,59.832127,0.21808565,0.124235824,-0.05071429,0.19915652,0.1243764,-0.013752311,False,False,False,False,0.013547544,0.64301795,False,False,61098.23050239883,,21,False,False,False,False,False,False,False,False,False,False,False,False,False,False,False,False,False,False,False,False,False,g
1,61098.22936006922,lsst,186.91011331544485,8.014848573429552,170028526740701203,170063714357608517,0,170028526740701203,4668.384,219.96442,0,0,0,27314.994,219.39748,True,2026022600386,111,0.0,8.159071e-06,9.548161e-06,2.7137112e-11,1661.5603,0.18768457,2685.918,0.12602708,False,4668.1426,574.31775,False,False,False,20.903011,,1735.4078,1681,4688.4565,7.862343,186.91011034694196,,8.014847055764204,,0.8553482,,16.124224,,,0,False,,,,,,,,0,False,False,False,22678.135,46.174847,0.17037562,0.112202555,-0.019147703,0.21479945,0.13592029,-0.00893902,False,False,False,False,0.15248254,0.63673675,False,False,61098.23089817165,,21,False,False,False,False,False,False,False,False,False,False,False,False,False,False,False,False,False,False,False,False,False,g
2,61098.23124559513,lsst,186.91011365900397,8.01484562014944,170028526740701203,170063714493399113,0,170028526740701203,12628.694,244.80432,0,0,0,44953.61,243.56567,True,2026022600387,114,0.0,3.0922201e-06,3.4271832e-06,1.1834022e-12,3748.9065,0.063092664,2602.785,0.054125182,False,12975.516,660.92175,False,False,False,51.131714,,1697.4165,1681,12164.802,0.13324863,186.91011363414617,,8.014845421650435,,0.5860297,,41.534424,,,0,False,,,,,,,,0,False,False,False,32337.559,45.91408,0.14149092,0.116586246,0.008904808,0.14806123,0.12715577,0.004073596,False,False,False,False,0.013264822,0.6843217,False,False,61098.23286239793,,23,False,False,False,False,False,False,False,False,False,False,False,False,False,False,False,False,False,False,False,False,False,r
2,61098.23170917276,lsst,186.9101080274769,8.014849937483227,170028526740701203,170063714648064071,0,170028526740701203,12655.506,246.98228,0,0,0,46236.062,246.62625,True,2026022600388,153,0.0,3.0963718e-06,3.571003e-06,1.3870984e-12,872.72046,0.065614164,1587.9531,0.054191303,False,12128.492,656.03265,False,False,False,50.996307,,1629.8901,1681,12235.812,0.4803011,186.9101085725366,,8.01485034309046,,0.62251645,,38.75008,,,0,False,,,,,,,,0,False,False,False,33509.516,47.92164,0.14696294,0.11884808,0.010233544,0.1666536,0.13143055,0.012686777,False,False,False,False,0.042754617,0.72693425,False,False,61098.23332356244,,23,False,False,False,False,False,False,False,False,False,False,False,False,False,False,False,False,False,False,False,False,False,r
2,61098.23217452125,lsst,186.9101114200839,8.014847150596415,170028526740701203,170063714782281808,0,170028526740701203,12206.92,251.573,0,0,0,47570.277,251.17834,True,2026022600389,153,0.0,3.4413576e-06,3.883699e-06,1.1401674e-12,3226.9817,0.070802145,2738.2249,0.061000776,False,11082.678,655.56683,False,False,False,48.41358,,1740.0942,1681,11629.711,0.8058473,186.9101115004932,,8.014846768917419,,0.47787175,,33.331604,,,0,False,,,,,,,,0,False,False,False,35385.188,33.97799,0.15578878,0.13886409,0.00512678,0.16458179,0.14145643,0.0011807025,False,False,False,False,0.0052859667,0.73407626,False,False,61098.233880848435,,23,False,False,False,False,False,False,False,False,False,False,False,False,False,False,False,False,False,False,False,False,False,r
2,61098.2326437367,lsst,186.91011243400848,8.014846909862433,170028526740701203,170063714916499505,0,170028526740701203,12543.233,260.81204,0,0,0,51074.195,260.8693,True,2026022600390,153,0.0,3.6539848e-06,3.933248e-06,5.8674083e-13,1117.6381,0.07118601,1522.6919,0.06539232,False,10426.677,656.7205,False,False,False,47.639626,,1727.4551,1681,11839.629,0.31680226,186.91011293293667,,8.014847801129173,,0.5181243,,51.886925,,,0,False,,,,,,,,0,False,False,False,38443.234,35.14405,0.15738416,0.1510632,0.011252373,0.17804927,0.15065403,0.01128239,False,False,False,False,0.015489799,0.8032717,False,False,61098.23422849357,,22,False,False,False,False,False,False,False,False,False,False,False,False,False,False,False,False,False,False,False,False,False,r
2,61098.23310971042,lsst,186.91010982609083,8.01484964181009,170028526740701203,170063715050717266,0,170028526740701203,12575.833,267.03293,0,0,0,52349.492,266.43024,True,2026022600391,153,0.0,3.8467174e-06,4.4143085e-06,1.0010951e-12,3793.0034,0.07995328,2510.7356,0.06876669,False,12944.4,656.3571,False,False,False,46.609673,,1722.8136,1681,12339.408,0.56836236,186.91010910708187,,8.014848501584174,,0.7908175,,38.93763,,,0,False,,,,,,,,0,False,False,False,39779.246,34.502434,0.19173642,0.158521,0.023210721,0.18541263,0.15796252,0.016484488,False,False,False,False,0.0017246503,0.87968475,False,False,61098.23479644976,,25,False,False,False,False,False,False,False,False,False,False,False,False,False,False,False,False,False,False,False,False,False,r
2,61098.234042380194,lsst,186.91010957989442,8.014845085637086,170028526740701203,170063715315482716,0,170028526740701203,12449.1455,268.41617,0,0,0,54448.418,269.0577,True,2026022600393,146,0.0,3.6598913e-06,4.895996e-06,1.065285e-12,2557.52,0.088341944,3602.6711,0.065607294,False,12166.135,655.5377,False,False,False,45.495487,,1647.2233,1681,12758.853,1.0219233,186.91010930136156,,8.014845875813334,,1.0194076,,27.806238,,,0,False,,,,,,,,0,False,False,False,41956.348,27.812742,0.22319858,0.1514646,0.034761995,0.20737547,0.16407527,0.018796759,False,False,False,False,0.00034724706,0.9411391,False,False,61098.235703686994,,24,False,False,False,False,False,False,False,False,False,False,False,False,False,False,False,False,False,False,False,False,False,r
2,61098.23450790536,lsst,186.91011630292425,8.014844880170047,170028526740701203,170063715456516100,0,170028526740701203,11696.856,252.62509,0,0,0,48497.062,253.24211,True,2026022600394,159,0.0,3.4059167e-06,4.155909e-06,2.6083012e-13,1089.5017,0.07489231,69.03688,0.06130321,False,8865.414,657.9961,False,False,False,45.290527,,1744.7635,1681,11002.925,1.0737536,186.91011701575192,,8.014844108268507,,0.63562894,,14.912912,,,0,False,,,,,,,,0,False,False,False,36547.4,32.848824,0.15457194,0.12150944,0.0074519445,0.17616598,0.13579634,0.009841098,False,False,False,False,0.050340448,0.8201293,False,False,61098.23604056801,,23,False,False,False,False,False,False,False,False,False,False,False,False,False,False,False,False,False,False,False,False,False,r
2,61098.23591076338,lsst,186.91011036649792,8.014846061206946,170028526740701203,170063715853926458,0,170028526740701203,12473.423,240.67119,0,0,0,44998.03,238.50777,True,2026022600397,149,0.0,2.825112e-06,3.5503042e-06,-5.288158e-13,2082.9197,0.06407619,1489.4136,0.050662264,False,12259.468,648.3232,False,False,False,50.962368,,1769.3158,1681,12477.732,1.668519,186.91011096008918,,8.014846508444064,,0.8017818,,23.271551,,,0,False,,,,,,,,0,False,False,False,32429.166,54.87064,0.14896657,0.117963865,0.026043918,0.16044825,0.12919556,0.031394638,False,False,False,False,0.022025289,0.9145834,False,False,61098.23750719839,,23,False,False,False,False,False,False,False,False,False,False,False,False,False,False,False,False,False,False,False,False,False,r
2,61098.23637889169,lsst,186.9101130698838,8.014845875301681,170028526740701203,170063715988144201,0,170028526740701203,12700.811,240.91974,0,0,0,44720.652,238.35634,True,2026022600398,149,0.0,2.84687e-06,3.3132549e-06,-4.955829e-13,3866.651,0.059898987,2584.3672,0.050990093,False,10545.177,650.23553,False,False,False,51.710545,,1680.0562,1681,13102.129,3.3070993,186.9101129405369,,8.01484494378031,,0.874437,,26.096212,,,0,False,,,,,,,,0,False,False,False,32131.553,46.20948,0.14574815,0.12155891,0.03488476,0.15378621,0.13063568,0.028761405,False,False,False,False,0.012800739,0.910746,False,False,61098.23813722837,,22,False,False,False,False,False,False,False,False,False,False,False,False,False,False,False,False,False,False,False,False,False,r
2,61098.236850402696,lsst,186.91010719520816,8.01484177628854,170028526740701203,170063716122361975,0,170028526740701203,12594.201,246.30623,0,0,0,47255.863,244.96931,True,2026022600399,149,0.0,3.1333595e-06,3.8062706e-06,-1.0867246e-12,2129.2068,0.069108754,3870.038,0.055719953,False,11541.204,643.56506,False,False,False,50.391563,,1811.1749,1681,12910.003,3.6008756,186.91010749603294,,8.014840782980219,,0.961362,,17.654657,,,0,False,,,,,,,,0,False,False,False,34610.39,47.448444,0.17610814,0.13114463,0.038957153,0.16707742,0.13782464,0.028044127,False,False,False,False,0.00022667143,0.91823596,False,False,61098.23856877728,,23,False,False,False,False,False,False,False,False,False,False,False,False,False,False,False,False,False,False,False,False,False,r
2,61098.237508079255,lsst,186.9101180009181,8.014847015241587,170028526740701203,170063716213063772,0,170028526740701203,12633.927,270.82486,0,0,0,54839.863,268.77853,True,2026022600400,66,0.0,4.603698e-06,4.3286427e-06,3.0928825e-12,999.25946,0.08693354,3620.2805,0.07342763,False,14773.886,651.7007,False,False,False,46.078815,,1796.6788,1681,12705.718,0.8255163,186.91011196508097,,8.014847655236117,,0.9196816,,79.88951,,,0,False,,,,,,,,0,False,False,False,42217.887,64.32648,0.24672979,0.19508733,0.029039532,0.21043687,0.1760648,0.015130023,False,False,False,False,0.09428918,0.86933506,False,False,61098.23921218401,,26,False,False,False,False,False,False,False,False,False,False,False,False,False,False,False,False,False,False,False,False,False,r
2,61098.239036417246,lsst,186.91011065801666,8.014848944163905,170028526740701203,170063716639309845,0,170028526740701203,12654.818,250.21281,0,0,0,49645.23,249.71024,True,2026022600403,111,0.0,3.7755135e-06,3.7007032e-06,4.8860985e-12,2379.2996,0.0782463,482.70978,0.054227397,False,11467.206,633.5,False,False,False,49.440395,,1748.2908,1681,12957.693,0.5207151,186.91011079389938,,8.014850178246881,,0.8668984,,49.76195,,,0,False,,,,,,,,0,False,False,False,36875.84,32.103542,0.19655484,0.12641422,0.0038365654,0.20727195,0.13833357,-0.0074736774,False,False,False,False,0.018370843,0.6797045,False,False,61098.2406177402,,23,False,False,False,False,False,False,False,False,False,False,False,False,False,False,False,False,False,False,False,False,False,r
2,61098.23950327612,lsst,186.91010979353572,8.014843806744302,170028526740701203,170063716774051856,0,170028526740701203,12023.05,252.10123,0,0,0,49605.535,251.34113,True,2026022600404,112,0.0,3.7597868e-06,3.7959483e-06,3.0673881e-12,772.1967,0.07504493,479.83,0.060239755,False,9296.772,644.63416,False,False,False,47.179127,,1679.3909,1681,11408.309,0.32180476,186.91010930097502,,8.014843460283588,,0.6277722,,37.651188,,,0,False,,,,,,,,0,False,False,False,37359.242,56.939003,0.17384362,0.13962077,-0.003672026,0.18401107,0.1380089,-0.009845255,False,False,False,False,0.0028402447,0.61319935,False,False,61098.241108336646,,24,False,False,False,False,False,False,False,False,False,False,False,False,False,False,False,False,False,False,False,False,False,r
2,61098.23997026903,lsst,186.91011032679114,8.014845906054196,170028526740701203,170063716907745290,0,170028526740701203,12331.79,245.39233,0,0,0,48484.46,245.2885,True,2026022600405,111,0.0,3.6036406e-06,3.8265725e-06,5.3840175e-12,2570.5583,0.0790568,310.91818,0.05205562,False,10983.496,635.35223,False,False,False,49.404526,,1767.0277,1681,12597.671,2.7989988,186.91010979075315,,8.014845812559134,,0.9064236,,44.947773,,,0,False,,,,,,,,0,False,False,False,35920.59,48.280018,0.19430561,0.1167681,0.0058928104,0.19193912,0.12843621,-0.0050654877,False,False,False,False,0.0033717891,0.7010528,False,False,61098.24160754812,,24,False,False,False,False,False,False,False,False,False,False,False,False,False,False,False,False,False,False,False,False,False,r
2,61098.240903781785,lsst,186.91011151245098,8.01484237953133,170028526740701203,170063717176180826,0,170028526740701203,12976.894,253.61418,0,0,0,51041.746,252.82011,True,2026022600407,111,0.0,3.5293504e-06,3.812385e-06,2.7347944e-12,2921.4453,0.07299709,3794.1267,0.058508407,False,13364.779,635.7931,False,False,False,50.20756,,1789.7137,1681,12460.881,1.9468737,186.91011109772612,,8.01484264129536,,0.6715124,,40.695656,,,0,False,,,,,,,,0,False,False,False,38094.766,44.450836,0.17925116,0.1397817,0.0042457078,0.18756789,0.14096457,0.00044911218,False,False,False,False,0.003429603,0.74466896,False,False,61098.2426584487,,24,False,False,False,False,False,False,False,False,False,False,False,False,False,False,False,False,False,False,False,False,False,r
2,61098.24137255241,lsst,186.91011317646084,8.014844055285344,170028526740701203,170063717310398538,0,170028526740701203,12697.16,242.19554,0,0,0,47297.688,240.54166,True,2026022600408,111,0.0,3.0872716e-06,3.6323918e-06,3.622662e-12,952.6166,0.07072117,3408.9487,0.048629466,False,12752.734,631.5474,False,False,False,51.728203,,1713.6719,1681,12434.579,1.8408917,186.91011302489582,,8.014844623075515,,0.8225335,,38.218327,,,0,False,,,,,,,,0,False,False,False,34523.535,45.41608,0.16902524,0.106776185,0.0073144287,0.17999524,0.12025247,0.0011651526,False,False,False,False,0.024577193,0.77780396,False,False,61098.24294960528,,24,False,False,False,False,False,False,False,False,False,False,False,False,False,False,False,False,False,False,False,False,False,r
3,61136.14806596485,lsst,186.91011124243835,8.014853161323082,170028526740701203,170230829216694358,0,170028526740701203,14776.646,469.3977,0,0,0,108666.43,476.79086,True,2026040500305,41,0.0,8.89385e-06,8.521879e-06,-3.8645408e-13,2823.939,0.15331356,2909.7556,0.16009656,False,16788.713,932.4578,False,False,False,31.342403,,1646.1298,1681,14362.317,0.27263236,186.91011274022705,,8.014851111923829,,0.8839343,,-73.98547,,,0,False,,,,,,,,0,False,False,False,93657.09,22.871107,0.30817908,0.37042144,-0.014912741,0.2974646,0.29105085,-0.0035140056,False,False,False,False,0.15826347,0.8312044,False,False,61136.1495020243,,33,False,False,False,False,False,False,False,False,False,False,False,False,False,False,False,False,False,False,False,False,False,i
