band,mjd,survey_id,ra,dec,oid,measurement_id,parentDiaSourceId,diaObjectId,psfFlux,psfFluxErr,psfFlux_flag,psfFlux_flag_edge,psfFlux_flag_noGoodPixels,scienceFlux,scienceFluxErr,has_stamp,visit,detector,ssObjectId,raErr,decErr,ra_dec_Cov,x,xErr,y,yErr,centroid_flag,apFlux,apFluxErr,apFlux_flag,apFlux_flag_apertureTruncated,isNegative,snr,psfLnL,psfChi2,psfNdata,trailFlux,trailFluxErr,trailRa,trailRaErr,trailDec,trailDecErr,trailLength,trailLengthErr,trailAngle,trailAngleErr,trailChi2,trailNdata,trail_flag_edge,dipoleMeanFlux,dipoleMeanFluxErr,dipoleFluxDiff,dipoleFluxDiffErr,dipoleLength,dipoleAngle,dipoleChi2,dipoleNdata,forced_PsfFlux_flag,forced_PsfFlux_flag_edge,forced_PsfFlux_flag_noGoodPixels,templateFlux,templateFluxErr,ixx,iyy,ixy,ixxPSF,iyyPSF,ixyPSF,shape_flag,shape_flag_no_pixels,shape_flag_not_contained,shape_flag_parent_source,extendedness,reliability,isDipole,dipoleFitAttempted,timeProcessedMjdTai,timeWithdrawnMjdTai,bboxSize,pixelFlags,pixelFlags_bad,pixelFlags_cr,pixelFlags_crCenter,pixelFlags_edge,pixelFlags_nodata,pixelFlags_nodataCenter,pixelFlags_interpolated,pixelFlags_interpolatedCenter,pixelFlags_offimage,pixelFlags_saturated,pixelFlags_saturatedCenter,pixelFlags_suspect,pixelFlags_suspectCenter,pixelFlags_streak,pixelFlags_streakCenter,pixelFlags_injected,pixelFlags_injectedCenter,pixelFlags_injected_template,pixelFlags_injected_templateCenter,glint_trail,band_name
2,61090.20557180919,lsst,151.60019677544716,2.049296511095521,170028516436869257,170028516436869257,0,170028516436869257,-3117.771,189.46765,0,0,0,22.403725,184.0497,False,2026021800285,125,,1.3853211e-05,1.4603294e-05,4.3114633e-11,4048.2761,0.22655578,3412.5337,0.28310007,False,-3237.0964,388.78522,False,False,True,16.103964,,1853.3452,1681,-3268.1904,1.6952758,151.60019754286728,,2.0492962379063195,,1.5650381,,2.4689045,,,0,False,,,,,,,,0,False,False,False,3427.9138,31.26337,0.23787491,0.31917194,0.12189488,0.27679273,0.31301013,0.01959139,False,False,False,False,0.022517033,0.55201703,False,False,61090.20727011473,,26,False,False,False,False,False,False,False,False,False,False,False,False,False,False,False,False,False,False,False,False,False,r
2,61090.20618903403,lsst,151.6002032441718,2.049268649977332,170028516436869257,170028516598874274,0,170028516436869257,-2857.0938,254.50896,0,0,0,927.59125,255.78549,False,2026021800286,178,,3.461973e-05,5.292446e-05,9.440288e-11,1638.5719,0.95402163,3376.5027,0.6233343,False,-2955.4258,432.25833,False,False,True,11.246338,,1679.9646,1681,-3229.0525,10.403207,151.60019850213823,,2.0492556583600003,,2.1599662,,18.06999,,,0,False,,,,,,,,0,False,False,False,3459.3113,23.565514,0.8048982,0.39006993,0.11725314,0.41946214,0.42514434,0.0071049407,False,False,False,False,0.83834666,0.32751465,False,False,61090.207912899095,,32,False,False,False,False,False,False,False,False,False,False,False,False,False,False,False,False,False,False,False,False,False,r
2,61090.207120104984,lsst,151.60017662572312,2.0492954957169727,170028516436869257,170028516865736851,0,170028516436869257,-3112.459,211.55222,0,0,0,239.48799,209.54184,False,2026021800288,175,,1.7114126e-05,1.789093e-05,-1.1520088e-12,845.8675,0.32206577,3378.133,0.30856913,False,-3195.205,407.98813,False,False,True,14.5765705,,1747.7709,1681,-2950.4238,0.82915246,151.60017758860195,,2.0492951551715852,,0.88984716,,26.752066,,,0,False,,,,,,,,0,False,False,False,3397.938,30.644825,0.34668094,0.3101663,0.029942902,0.31292972,0.30389696,0.005609518,False,False,False,False,0.031991854,0.49088144,False,False,61090.208841189284,,28,False,False,False,False,False,False,False,False,False,False,False,False,False,False,False,False,False,False,False,False,False,r
2,61090.20805073771,lsst,151.6002126411274,2.0493062690448647,170028516436869257,170028517129977991,0,170028516436869257,-3503.536,207.82932,0,0,0,-202.03229,205.6349,False,2026021800290,167,,1.2632697e-05,1.4382791e-05,-7.1797065e-12,3686.1013,0.2596143,3521.1313,0.22704907,False,-2841.863,412.571,False,False,True,16.855156,,1656.453,1681,-3268.1924,0.90962,151.60021365630354,,2.049307089841065,,0.8495183,,-14.236277,,,0,False,,,,,,,,0,False,False,False,3416.709,29.18403,0.2667782,0.20301542,-0.0063723847,0.29055217,0.29705036,0.0063806367,False,False,False,False,0.25610822,0.5006635,False,False,61090.20986569351,,24,False,False,False,False,False,False,False,False,False,False,False,False,False,False,False,False,False,False,False,False,False,r
2,61090.23933232503,lsst,151.60020985427875,2.0492927143621693,170028516436869257,170028524511953032,0,170028516436869257,-3571.2974,193.90553,0,0,0,11.648777,190.8734,False,2026021800345,167,,1.2157177e-05,1.2829138e-05,-8.365966e-12,2658.4163,0.23338605,1955.5486,0.21659964,False,-3770.3167,412.84198,False,False,True,18.000736,,1673.2275,1681,-3488.9768,4.1870112,151.6002114485943,,2.049292417317471,,1.0830619,,5.9579086,,,0,False,,,,,,,,0,False,False,False,3357.9343,31.484358,0.27958995,0.2203443,0.046487574,0.25496012,0.26641196,-0.0008897345,False,False,False,False,0.010977707,0.6117536,False,False,61090.240947455226,,25,False,False,False,False,False,False,False,False,False,False,False,False,False,False,False,False,False,False,False,False,False,r
2,61090.239840525035,lsst,151.60021236184548,2.049306946888659,170028516436869257,170028524651413629,0,170028516436869257,-3219.3904,200.83978,0,0,0,176.34227,196.2326,False,2026021800346,177,,1.5638052e-05,1.5069173e-05,4.286632e-13,3410.7393,0.27135286,3231.9963,0.28221992,False,-3533.2373,418.97565,False,False,True,15.950488,,1701.467,1681,-3104.2861,0.721862,151.6002156816298,,2.0493057330495574,,0.7327481,,-14.119484,,,0,False,,,,,,,,0,False,False,False,3322.2637,32.288815,0.3090304,0.26684234,-0.010244746,0.26805907,0.29471266,-0.023535578,False,False,False,False,0.0038164742,0.5716205,False,False,61090.24145482335,,25,False,False,False,False,False,False,False,False,False,False,False,False,False,False,False,False,False,False,False,False,False,r
2,61090.240308331515,lsst,151.6002005592997,2.049285792351014,170028516436869257,170028524784582783,0,170028516436869257,-3513.0,195.2832,0,0,0,-19.30585,189.90558,False,2026021800347,175,,1.0426811e-05,1.5930807e-05,-1.0208782e-11,2232.0923,0.28713366,103.54567,0.1872838,False,-3966.9614,407.33472,False,False,True,17.55454,,1811.0754,1681,-3862.5894,4.7418227,151.6002001507238,,2.0492749366109373,,1.7324228,,15.277046,,,0,False,,,,,,,,0,False,False,False,3368.629,39.203026,0.4625723,0.21612494,0.09835909,0.27837875,0.26642787,-0.010647564,False,False,False,False,0.337514,0.60410565,False,False,61090.242076513605,,27,False,False,False,False,False,False,False,False,False,False,False,False,False,False,False,False,False,False,False,False,False,r
2,61090.24077445308,lsst,151.60019665463662,2.049297937447876,170028516436869257,170028524918276225,0,170028516436869257,-3400.705,205.3116,0,0,0,253.51544,202.03961,True,2026021800348,174,0.0,1.459615e-05,1.6404629e-05,-7.0137576e-12,2940.1255,0.29580545,3180.2598,0.26266864,False,-3213.242,409.96707,False,False,True,16.480347,,1695.6106,1681,-3341.2551,3.718561,151.6001967496871,,2.049295086829511,,1.0072831,,-3.6646771,,,0,False,,,,,,,,0,False,False,False,3355.2432,28.070976,0.35200334,0.26067886,0.0055078194,0.30795708,0.31081894,-0.015181304,False,False,False,False,0.0007513478,0.550873,False,False,61090.24256620244,,29,False,False,False,False,False,False,False,False,False,False,False,False,False,False,False,False,False,False,False,False,False,r
2,61090.241708757756,lsst,151.60019942137708,2.049278552808662,170028516436869257,170028525183041699,0,170028516436869257,-3611.5752,186.8954,0,0,0,-19.047842,183.17673,False,2026021800350,167,,1.0270558e-05,1.2420382e-05,-1.1912332e-11,1576.4281,0.22563347,2878.991,0.18276396,False,-3970.711,411.78073,False,False,True,19.018246,,1572.3352,1681,-3450.4167,2.4832947,151.60020071201424,,2.049278284611086,,0.9285291,,0.9522413,,,0,False,,,,,,,,0,False,False,False,3351.5151,31.962439,0.2508898,0.18076538,0.018794859,0.2539648,0.22817345,0.0014824263,False,False,False,False,0.06406979,0.6421005,False,False,61090.24353114438,,24,False,True,False,False,False,False,False,True,False,False,False,False,False,False,False,False,False,False,False,False,False,r
2,61090.24217506204,lsst,151.60020113306783,2.0492737453127443,170028516436869257,170028525316735094,0,170028516436869257,-2992.3853,211.28896,0,0,0,569.3104,209.33566,False,2026021800351,166,,1.6173433e-05,2.0935155e-05,-5.4684306e-11,2730.729,0.38361642,394.08472,0.28274813,False,-3376.8306,414.15646,False,False,True,13.902171,,1677.6732,1681,-3329.5588,5.4033046,151.60020591955384,,2.04926700060179,,2.0430307,,4.29733,,,0,False,,,,,,,,0,False,False,False,3381.5845,28.82195,0.5995434,0.2581638,0.14613874,0.31725687,0.3041293,0.0076427516,False,False,False,False,0.6755269,0.53076273,False,False,61090.24397070623,,29,False,False,False,False,False,False,False,False,False,False,False,False,False,False,False,False,False,False,False,False,False,r
2,61090.2426417723,lsst,151.6002090166682,2.0492810778951633,170028516436869257,170028525449380003,0,170028516436869257,-3369.3706,224.97676,0,0,0,284.86365,222.86958,False,2026021800352,163,,1.7438857e-05,1.9778641e-05,-3.328637e-11,1860.425,0.36125574,3651.8423,0.30843568,False,-4073.0796,412.56595,False,False,True,14.700258,,1735.7183,1681,-3377.7932,2.3786333,151.60021090730334,,2.049283324579628,,1.4765724,,9.657594,,,0,False,,,,,,,,0,False,False,False,3412.8208,25.01268,0.41527912,0.29992467,0.089334376,0.34384337,0.3615655,-0.0020686788,False,False,False,False,0.0017015872,0.5516297,False,False,61090.24449688654,,28,False,False,False,False,False,False,False,False,False,False,False,False,False,False,False,False,False,False,False,False,False,r
2,61090.243574652224,lsst,151.60020955879656,2.0492959362019545,170028516436869257,170028525717815495,0,170028516436869257,-3441.5903,198.46983,0,0,0,32.275448,194.58636,False,2026021800354,163,,1.1641561e-05,1.4624953e-05,-4.6244588e-11,355.61728,0.2762942,3753.7566,0.1925454,False,-3497.7803,404.14362,False,False,True,17.000122,,1575.0559,1681,-3492.5977,3.048385,151.60021196880098,,2.0492912925086406,,1.5152695,,-5.7681007,,,0,False,,,,,,,,0,False,False,False,3396.8132,30.66607,0.34146273,0.14972208,0.075939566,0.28318125,0.27815217,0.0061615272,False,False,False,False,0.10399145,0.5710084,False,False,61090.24526201853,,26,False,False,False,False,False,False,False,False,False,False,False,False,False,False,False,False,False,False,False,False,False,r
2,61090.24404098784,lsst,151.60019293394657,2.0492640056961884,170028516436869257,170028525852033158,0,170028516436869257,-3439.2205,193.49266,0,0,0,-3.2024474,188.61482,False,2026021800355,163,,1.2338717e-05,1.2236279e-05,2.1846583e-12,263.6246,0.21942437,970.4135,0.22323148,False,-3505.8962,406.95197,False,False,True,17.36371,,1714.2938,1681,-3271.9897,2.0767317,151.60019407864473,,2.049265122917398,,1.0642663,,19.730242,,,0,False,,,,,,,,0,False,False,False,3363.8174,35.690685,0.2121815,0.22211705,0.053736683,0.2542373,0.25885636,0.0047530704,False,False,False,False,0.14055827,0.55726117,False,False,61090.24581567221,,24,False,False,False,False,False,False,False,False,False,False,False,False,False,False,False,False,False,False,False,False,False,r
2,61090.24450589783,lsst,151.60020152981443,2.0492735112699103,170028516436869257,170028525970522252,0,170028516436869257,-3179.74,202.1752,0,0,0,394.60358,200.67732,False,2026021800356,133,,1.666199e-05,1.6668213e-05,3.273153e-13,1973.0265,0.29984647,1225.9106,0.3002019,False,-3413.8335,391.28403,False,False,True,15.611694,,1705.6251,1681,-3147.0046,6.532141,151.60020486793186,,2.0492785384046703,,1.267103,,10.374359,,,0,False,,,,,,,,0,False,False,False,3409.1926,27.953121,0.32548332,0.30570212,0.07559294,0.3029852,0.31000423,0.013624993,False,False,False,False,0.0067312415,0.5137618,False,False,61090.246278297695,,28,False,False,False,False,False,False,False,False,False,False,False,False,False,False,False,False,False,False,False,False,False,r
2,61090.24543668023,lsst,151.60019961645497,2.049276554840039,170028516436869257,170028526255734905,0,170028516436869257,-3407.7605,214.93892,0,0,0,289.86615,213.31114,True,2026021800358,165,0.0,1.5384292e-05,1.4534784e-05,4.7168477e-11,2539.559,0.2384236,1895.2478,0.2978717,False,-3444.663,427.268,False,False,True,15.520591,,1725.6934,1681,-3480.806,4.727077,151.60020084170804,,2.0492714901319355,,1.4497458,,27.012531,,,0,False,,,,,,,,0,False,False,False,3391.0452,30.726875,0.23910953,0.36974585,0.081885345,0.29329893,0.30824423,-0.0091028595,False,False,False,False,0.0011136048,0.5600266,False,False,61090.24714881049,,27,False,False,False,False,False,False,False,False,False,False,False,False,False,False,False,False,False,False,False,False,False,r
2,61090.24590655339,lsst,151.60020369019844,2.04929519326094,170028516436869257,170028526366883954,0,170028516436869257,-3125.613,208.63466,0,0,0,374.58087,206.02692,False,2026021800359,121,,1.5519337e-05,1.571391e-05,-1.4982106e-11,3906.608,0.29013702,2237.8206,0.27229652,False,-2892.5195,406.7764,False,False,True,14.807191,,1700.9441,1681,-3177.8904,5.462441,151.6001995609691,,2.0492943550064866,,1.4175812,,10.74171,,,0,False,,,,,,,,0,False,False,False,3410.9453,27.008934,0.2615774,0.30090323,0.098865576,0.3091588,0.29500467,0.002172054,False,False,False,False,0.035370253,0.48044258,False,False,61090.24756921576,,26,False,False,False,False,False,False,False,False,False,False,False,False,False,False,False,False,False,False,False,False,False,r
2,61090.33972556394,lsst,151.60019016354528,2.0493152322335906,170028516436869257,170028539143258221,0,170028516436869257,-3442.4592,292.53906,0,0,0,495.98386,297.64307,True,2026021800454,170,0.0,2.9517616e-05,3.435137e-05,-7.785139e-11,1179.2775,0.62337524,1880.771,0.5268184,False,-3851.874,474.7652,False,False,True,11.691193,,1644.5455,1681,-3456.3306,5.271492,151.60018552322637,,2.0493061811912936,,1.0424836,,7.414929,,,0,False,,,,,,,,0,False,False,False,3456.5076,19.253075,0.6856927,0.6153442,0.0315207,0.50980955,0.4997295,-0.032183558,False,False,False,False,0.6517479,0.37861833,False,False,61090.34159332988,,33,False,False,False,False,False,False,False,False,False,False,False,False,False,False,False,False,False,False,False,False,False,r
2,61091.188582192284,lsst,151.60019721118528,2.0492904833485124,170028516436869257,170032906057547971,0,170028516436869257,-3333.1577,190.2847,0,0,0,26.360964,163.89151,True,2026021900222,182,0.0,1.02167405e-05,1.0290039e-05,-2.0879754e-12,2202.5156,0.18278924,3163.4324,0.18675677,False,-3699.3572,457.64346,False,False,True,16.88313,,1682.7491,1681,-3303.0315,20.786322,151.6002118073003,,2.0492798525625013,,1.1507729,,3.0825858,,,0,False,,,,,,,,0,False,False,False,3291.3818,93.71881,0.11471281,0.13681747,-0.07204455,0.1943388,0.1800242,0.02200815,False,False,False,False,0.3964889,0.5351906,False,False,61091.190181833124,,21,False,False,False,False,False,False,False,False,False,False,False,False,False,False,False,False,False,False,False,False,False,r
2,61091.18904850815,lsst,151.60019919518805,2.0492933833122255,170028516436869257,170032906175512794,0,170028516436869257,-3258.0986,198.61194,0,0,0,125.98037,134.00896,True,2026021900223,151,0.0,8.386548e-06,8.131819e-06,1.3489763e-11,3791.1094,0.16294354,3799.2686,0.13307086,False,-3639.1538,484.14514,False,False,True,15.370294,,1910.5917,1681,-3166.4873,11.00191,151.60020770590825,,2.0492792140412437,,1.105137,,9.668709,,,0,False,,,,,,,,0,False,False,False,3393.0334,188.33562,0.104859464,0.0794072,-0.07148297,0.1709331,0.13766979,0.008845616,False,False,False,False,0.4657376,0.6377967,False,False,61091.190718343525,,19,False,False,False,False,False,False,False,False,False,False,False,False,False,False,False,False,False,False,False,False,False,r
2,61091.18997895213,lsst,151.60019403016784,2.049291847749121,170028516436869257,170032906461774019,0,170028516436869257,-3422.4463,168.9597,0,0,0,-52.58757,141.07257,True,2026021900225,185,0.0,8.186387e-06,8.345776e-06,2.0257898e-11,2947.0872,0.16965745,622.4524,0.124967285,False,-3768.873,442.06723,False,False,True,19.38378,,2039.9636,1681,-3477.0364,17.371275,151.6002067263997,,2.049281411590317,,1.1377573,,10.597328,,,0,False,,,,,,,,0,False,False,False,3345.4634,125.77244,0.14482082,0.08432698,-0.06621635,0.15074791,0.15470554,0.022850467,False,False,False,False,0.21255405,0.65092474,False,False,61091.19154390664,,21,False,False,False,False,False,False,False,False,False,False,False,False,False,False,False,False,False,False,False,False,False,r
2,61091.19055007529,lsst,151.60019856521282,2.0492941177229937,170028516436869257,170032906591273184,0,170028516436869257,-3183.348,187.97389,0,0,0,276.4017,130.79205,True,2026021900226,176,0.0,6.5653585e-06,1.1967568e-05,2.2049165e-11,694.31116,0.21888264,1010.25635,0.111789554,False,-2656.1401,491.2324,False,False,True,16.116186,,1993.2623,1681,-3306.627,2.1665952,151.6001953786651,,2.049285528682479,,1.2052729,,9.476992,,,0,False,,,,,,,,0,False,False,False,3478.063,159.8913,0.19865113,0.028940814,-0.0071832277,0.12582506,0.12033544,0.007260222,False,False,False,False,0.017380424,0.5599305,False,False,61091.192172908064,,17,False,False,False,False,False,False,False,False,False,False,False,False,False,False,False,False,False,False,False,False,False,r
2,61091.19147756044,lsst,151.6002042502064,2.0492931962458583,170028516436869257,170032906861281454,0,170028516436869257,-3335.1182,172.03688,0,0,0,23.22808,135.07777,True,2026021900228,179,0.0,6.7067836e-06,1.1091217e-05,7.944132e-12,3049.3784,0.200356,175.01457,0.11988362,False,-3196.0037,469.8176,False,False,True,19.043636,,2109.289,1681,-3396.7705,2.8870027,151.6002026845972,,2.0492832293663397,,1.0861496,,12.751494,,,0,False,,,,,,,,0,False,False,False,3404.4797,156.85095,0.1695239,0.041114084,0.015976835,0.12703681,0.12441886,-0.0008543415,False,False,False,False,0.07966331,0.6184842,False,False,61091.193117691786,,17,False,False,False,False,False,False,False,False,False,False,False,False,False,False,False,False,False,False,False,False,False,r
2,61091.19194334913,lsst,151.60020359063617,2.0492821964473777,170028516436869257,170032906993402074,0,170028516436869257,-3430.1362,192.38026,0,0,0,-10.108222,131.20927,True,2026021900229,175,0.0,5.778811e-06,1.0698542e-05,4.0849832e-12,66.93655,0.1927783,3962.7795,0.103892535,False,-3575.826,497.0886,False,False,True,17.348078,,1733.8169,1681,-3375.0596,6.9503126,151.60019851638614,,2.049278075905517,,1.0980144,,14.781431,,,0,False,,,,,,,,0,False,False,False,3557.2996,141.49202,0.16471507,0.038755488,0.027853929,0.1391255,0.10959848,0.010543132,False,False,False,False,0.09798917,0.64947253,False,False,61091.19366847753,,17,False,False,False,False,False,False,False,False,False,False,False,False,False,False,False,False,False,False,False,False,False,r
2,61091.192409812866,lsst,151.60020428150256,2.049286942614074,170028516436869257,170032907123425515,0,170028516436869257,-3388.4878,194.39218,0,0,0,36.96505,127.93684,True,2026021900230,167,0.0,5.545943e-06,1.0322514e-05,-1.6915276e-13,1287.3917,0.18587519,3001.3562,0.10000698,False,-3265.8428,517.40857,False,False,True,16.430204,,1905.6473,1681,-3382.108,10.718129,151.60019571026228,,2.049283633971576,,1.0925169,,9.6316595,,,0,False,,,,,,,,0,False,False,False,3513.9324,169.66714,0.16111706,0.030410679,0.023268169,0.115900524,0.1109548,0.008481965,False,False,False,False,0.0665974,0.65847784,False,False,61091.19403059568,,16,False,False,False,False,False,False,False,False,False,False,False,False,False,False,False,False,False,False,False,False,False,r
2,61091.19288017563,lsst,151.60019882269847,2.0492875147748606,170028516436869257,170032907260264644,0,170028516436869257,-3375.3757,184.02672,0,0,0,43.000042,129.73671,True,2026021900231,172,0.0,6.4734077e-06,9.345781e-06,-2.2901876e-12,2467.1687,0.16830422,2715.8398,0.11647248,False,-3019.8193,492.08627,False,False,True,18.049507,,1759.2694,1681,-3378.949,3.6510878,151.6001977441825,,2.049277024525178,,1.0972558,,14.729808,,,0,False,,,,,,,,0,False,False,False,3456.468,148.27359,0.15763107,0.045257244,0.03971071,0.122302696,0.12217157,0.0064395247,False,False,False,False,0.08469001,0.6739371,False,False,61091.19455219216,,17,False,False,False,False,False,False,False,False,False,False,False,False,False,False,False,False,False,False,False,False,False,r
2,61091.193343182604,lsst,151.6002035756119,2.0492971881306,170028516436869257,170032907390288120,0,170028516436869257,-3249.611,176.40979,0,0,0,162.11055,136.22496,True,2026021900232,164,0.0,6.048826e-06,1.0761701e-05,-8.308576e-12,3029.398,0.19443797,3092.3079,0.10770402,False,-2873.6135,460.78433,False,False,True,17.881618,,1825.0774,1681,-3273.9717,8.077803,151.60019756492414,,2.0492905144290066,,1.1114582,,9.762533,,,0,False,,,,,,,,0,False,False,False,3454.5515,131.62279,0.16598277,0.04630314,0.036588717,0.14329125,0.1262288,-0.0004113168,False,False,False,False,0.14109236,0.58538085,False,False,61091.19499181092,,17,False,False,False,False,False,False,False,False,False,False,False,False,False,False,False,False,False,False,False,False,False,r
2,61091.193806567084,lsst,151.60020024518988,2.0492958389586553,170028516436869257,170032907526078690,0,170028516436869257,-3238.9626,183.50594,0,0,0,12.308272,136.18793,True,2026021900233,167,0.0,6.932349e-06,9.10401e-06,-5.73451e-12,3984.2976,0.16482176,3046.1033,0.1237985,False,-2898.1125,479.59952,False,False,True,17.242756,,1886.5231,1681,-3212.3298,12.950022,151.60020819968662,,2.0492892943678505,,1.0685564,,7.713492,,,0,False,,,,,,,,0,False,False,False,3384.9653,156.87906,0.15499707,0.048541185,0.03566105,0.1257962,0.13995968,-0.008496319,False,False,False,False,0.1667674,0.65604496,False,False,61091.195407471714,,16,False,False,False,False,False,False,False,False,False,False,False,False,False,False,False,False,False,False,False,False,False,r
2,61091.19427260785,lsst,151.60020279103873,2.049296343050556,170028516436869257,170032907658723532,0,170028516436869257,-3240.518,199.81207,0,0,0,165.08119,131.09868,True,2026021900234,164,0.0,6.8909612e-06,9.518849e-06,-9.509103e-12,61.082508,0.17325842,2591.603,0.12151989,False,-2728.8152,506.27533,False,False,True,15.927834,,1521.3306,1681,-3246.5952,8.009338,151.6002064340486,,2.049284138268673,,1.1268879,,8.685602,,,0,False,,,,,,,,0,False,False,False,3394.9128,118.19502,0.15854505,0.04827211,0.04848345,0.13744073,0.12432361,-0.012441885,False,False,False,False,0.13442045,0.6068938,False,False,61091.19588313119,,17,False,False,False,False,False,False,False,False,False,False,False,False,False,False,False,False,False,False,False,False,False,r
2,61091.22231403686,lsst,151.60020017702453,2.0492993581033807,170028516436869257,170032914102747330,0,170028516436869257,-3662.1929,238.51305,0,0,0,925.89856,229.59224,True,2026021900282,167,0.0,8.957393e-06,1.1992159e-05,1.3492356e-12,3789.9033,0.21594507,3901.6199,0.16151258,False,-2993.7458,591.86945,False,False,True,15.068676,,1938.5884,1681,-3501.2522,5.0292764,151.6002003388344,,2.0493002690829383,,0.8757669,,1.5188161,,,0,False,,,,,,,,0,False,False,False,3518.819,106.15157,0.16364647,0.088884436,0.00046375373,0.19443743,0.16321203,-0.0029592337,False,False,False,False,0.32094526,0.48185134,False,False,61091.22393921,,19,False,False,False,False,False,False,False,False,False,False,False,False,False,False,False,False,False,False,False,False,False,r
2,61091.22278103921,lsst,151.6002152584477,2.0492986303824434,170028516436869257,170032914239062174,0,170028516436869257,-2985.109,207.98909,0,0,0,1242.6614,203.60062,True,2026021900283,171,0.0,1.0924942e-05,1.7217024e-05,-5.1697917e-12,685.9006,0.3099647,3800.2083,0.19674493,False,-1987.6641,490.6427,False,False,True,14.275092,,1596.1343,1681,-3082.9917,6.274832,151.60021167865605,,2.0492990074885706,,1.3554329,,9.241582,,,0,False,,,,,,,,0,False,False,False,3394.3657,35.7914,0.28743064,0.10585207,0.03648239,0.22098175,0.19402327,0.0030197387,False,False,False,False,0.0141267,0.4985096,False,False,61091.22448278345,,21,False,False,False,False,False,False,False,False,False,False,False,False,False,False,False,False,False,False,False,False,False,r
2,61091.22324563832,lsst,151.60014580791716,2.0493165062185024,170028516436869257,170032914376425565,0,170028516436869257,-3992.1414,569.46234,0,0,0,19459.896,576.5267,True,2026021900284,177,0.0,3.1431147e-05,3.2043696e-05,-3.1088949e-12,3691.159,0.5770653,1980.2074,0.5670125,False,-2412.6707,1320.7299,False,False,True,7.044099,,1633.287,1681,-4160.2583,23.479387,151.60013831844952,,2.0493231684157007,,1.226569,,-48.190132,,,0,False,,,,,,,,0,False,False,False,3182.0396,36.59722,0.24759613,0.23884898,-0.07341953,0.22022223,0.21942358,-0.007306326,False,False,False,False,0.060529806,0.4813518,False,False,61091.22488974675,,18,False,False,False,False,False,False,False,False,False,False,False,False,False,False,False,False,False,False,False,False,False,r
2,61091.22429989655,lsst,151.6002054957188,2.049272055067068,170028516436869257,170032914646958224,0,170028516436869257,-2902.9248,265.6786,0,0,0,7036.278,255.22748,True,2026021900286,181,0.0,2.0270027e-05,2.0717182e-05,4.0751735e-11,2982.9663,0.3870027,1272.9249,0.35040855,False,-3061.291,630.9784,False,False,True,11.035636,,1726.4037,1681,-3119.459,5.5785995,151.60020366025424,,2.04926980475844,,1.2084783,,-1.1172822,,,0,False,,,,,,,,0,False,False,False,3276.7263,72.43925,0.22499672,0.20057915,-0.07167106,0.22638734,0.20011342,0.017568862,False,False,False,False,2.5106188e-05,0.5683013,False,False,61091.22606969536,,21,False,False,False,False,False,False,False,False,False,False,False,False,False,False,False,False,False,False,False,False,False,r
2,61091.22522944204,lsst,151.60019304798953,2.049322006211201,170028516436869257,170032914915917983,0,170028516436869257,-3144.7651,232.54642,0,0,0,3361.172,226.38438,True,2026021900288,182,0.0,1.2352296e-05,1.2372926e-05,-1.2101367e-13,2375.3293,0.22273679,3219.5437,0.22284456,False,-2492.8228,539.5762,False,False,True,13.090173,,1838.942,1681,-3111.4143,12.888669,151.6002001087114,,2.049319648254326,,0.9781687,,-31.287363,,,0,False,,,,,,,,0,False,False,False,3264.4412,45.66394,0.123843774,0.18197364,-0.036764737,0.22444344,0.25120562,-0.0032482352,False,False,False,False,0.5322321,0.468205,False,False,61091.22722424396,,22,False,False,False,False,False,False,False,False,False,False,False,False,False,False,False,False,False,False,False,False,False,r
2,61091.22616138874,lsst,151.60018200817666,2.049287797429753,170028516436869257,170032915182780519,0,170028516436869257,-3189.5286,272.8585,0,0,0,6936.955,267.23492,True,2026021900290,179,0.0,1.749199e-05,2.1408357e-05,1.0452523e-10,1641.4143,0.40717942,78.04109,0.28674558,False,-3191.2288,628.52466,False,False,True,11.52371,,1652.0005,1681,-3251.5881,2.693644,151.60017560007364,,2.049288636019102,,0.9902672,,14.608256,,,0,False,,,,,,,,0,False,False,False,3253.9136,48.79096,0.29295033,0.21102367,-0.018931923,0.24284625,0.22512542,0.01620528,False,False,False,False,0.034101073,0.4705554,False,False,61091.22799049233,,21,False,False,False,False,False,False,False,False,False,False,False,False,False,False,False,False,False,False,False,False,False,r
2,61091.22755946318,lsst,151.60020442161212,2.0493162096625457,170028516436869257,170032915583860866,0,170028516436869257,-4357.5205,384.76437,0,0,0,9581.349,378.93552,True,2026021900293,176,0.0,2.2002989e-05,2.0611526e-05,-2.1788413e-11,4027.7212,0.36797813,3108.8367,0.39966792,False,-5325.1675,940.73315,False,False,True,11.15487,,1695.3862,1681,-4245.0825,7.221353,151.60019730173036,,2.049327542368136,,0.8475127,,14.733886,,,0,False,,,,,,,,0,False,False,False,3473.5547,63.841156,0.32743195,0.2641521,-0.0034425345,0.19051433,0.22096463,0.00094380655,False,False,False,False,0.6274623,0.71465576,False,False,61091.229240604356,,19,False,False,False,False,False,False,False,False,False,False,False,False,False,False,False,False,False,False,False,False,False,r
2,61091.22802527272,lsst,151.6001988087716,2.049294412763582,170028516436869257,170032915717554293,0,170028516436869257,-3093.978,409.70114,0,0,0,6021.146,365.3862,True,2026021900294,175,0.0,1.9540166e-05,2.891345e-05,1.3228739e-10,2639.4321,0.53145194,715.262,0.3352877,False,-2050.378,1037.9045,False,False,True,7.336507,,1716.269,1681,-3365.2688,15.414277,151.60019389643725,,2.049280518070913,,1.4615998,,7.9174128,,,0,False,,,,,,,,0,False,False,False,3351.4385,167.77919,0.29689923,0.059659775,-0.030497512,0.18420197,0.15250239,-0.0025972577,False,False,False,False,0.014546556,0.15791118,False,False,61091.229654586554,,16,False,False,False,False,False,False,False,False,False,False,False,False,False,False,False,False,False,False,False,False,False,r
2,61094.15085707539,lsst,151.60020202471895,2.0492895063623973,170028516436869257,170046096171597981,0,170028516436869257,-3178.3635,183.95447,0,0,0,318.12878,173.2149,False,2026022200192,184,,1.2450191e-05,1.2463e-05,-1.5750686e-13,1608.5372,0.22431514,2756.0693,0.2246635,False,-2863.9292,376.03696,False,False,True,17.014887,,1734.4099,1681,-3186.8567,6.498738,151.6002080326951,,2.0492868350366837,,1.1831983,,-7.1209326,,,0,False,,,,,,,,0,False,False,False,3332.8533,56.074837,0.26917565,0.22557431,-0.06387036,0.27427018,0.31361055,0.010738441,False,False,False,False,0.1687836,0.5269317,False,False,61102.58168032873,,26,False,False,False,False,False,False,False,False,False,False,False,False,False,False,False,False,False,False,False,False,False,r
2,61094.15178861628,lsst,151.6002007836181,2.049276165490064,170028516436869257,170046096435839108,0,170028516436869257,-3108.7463,177.09132,0,0,0,-78.50999,166.6866,False,2026022200194,176,,1.0145447e-05,1.31573815e-05,3.4917465e-11,3987.7952,0.24649963,147.53207,0.16955331,False,-2122.373,381.31607,False,False,True,17.183485,,1741.4801,1681,-3228.5398,10.573146,151.60021255319907,,2.049268948394837,,1.1958345,,22.926216,,,0,False,,,,,,,,0,False,False,False,3223.2778,47.75338,0.26846212,0.124501556,0.0011717044,0.26014766,0.26833016,0.011322564,False,False,False,False,0.3526644,0.53000057,False,False,61102.613680675524,,26,False,False,False,False,False,False,False,False,False,False,False,False,False,False,False,False,False,False,False,False,False,r
2,61094.15275473273,lsst,151.6002030978492,2.0492916355101864,170028516436869257,170046096703226001,0,170028516436869257,-3292.5024,178.61412,0,0,0,306.99655,171.57942,False,2026022200196,174,,1.0388999e-05,1.3838006e-05,2.7135882e-11,3882.9666,0.25426203,1771.5668,0.18018045,False,-3595.561,368.6826,False,False,True,17.990583,,1756.8295,1681,-3361.3843,6.233256,151.6002050410837,,2.049285015184141,,1.3937448,,31.308878,,,0,False,,,,,,,,0,False,False,False,3375.9385,33.66368,0.3422063,0.1709467,0.048816178,0.29054463,0.26856852,0.011996203,False,False,False,False,0.046197437,0.5124729,False,False,61102.58341600684,,26,False,False,False,False,False,False,False,False,False,False,False,False,False,False,False,False,False,False,False,False,False,r
2,61094.15322129126,lsst,151.60020056032434,2.0492894314830994,170028516436869257,170046096836395188,0,170028516436869257,-3032.5083,169.73433,0,0,0,434.28046,161.71973,False,2026022200197,172,,1.0272392e-05,1.5410247e-05,3.4076644e-11,2168.3196,0.2821135,2539.2988,0.17765188,False,-2839.8032,367.5076,False,False,True,17.73444,,1674.1372,1681,-3123.174,2.7733412,151.60020260746157,,2.049285898783032,,1.3380636,,10.089161,,,0,False,,,,,,,,0,False,False,False,3350.1628,37.859234,0.32186908,0.14075294,-0.01134951,0.2643941,0.23665528,0.026360024,False,False,False,False,0.03619106,0.6182993,False,False,61102.579790690696,,25,False,False,False,False,False,False,False,False,False,False,False,False,False,False,False,False,False,False,False,False,False,r
2,61094.15368914234,lsst,151.60020632306072,2.049295404159144,170028516436869257,170046096972710065,0,170028516436869257,-3260.6318,159.31128,0,0,0,38.486294,151.39139,False,2026022200198,176,,9.119975e-06,1.101588e-05,7.2042055e-12,64.62666,0.19940469,3615.816,0.16316502,False,-3482.1746,372.50742,False,False,True,20.323122,,1736.7465,1681,-3322.708,1.8200955,151.60020607261214,,2.0492891246638285,,1.2227421,,11.997029,,,0,False,,,,,,,,0,False,False,False,3261.144,38.941994,0.28384084,0.1340453,0.0042377408,0.2119363,0.21826063,0.008651137,False,False,False,False,0.0044033295,0.578296,False,False,61102.686938833205,,24,False,False,False,False,False,False,False,False,False,False,False,False,False,False,False,False,False,False,False,False,False,r
2,61094.154117818856,lsst,151.60019645610353,2.049285180609019,170028516436869257,170046097107976500,0,170028516436869257,-3265.5696,166.826,0,0,0,170.5156,158.28477,False,2026022200199,178,,8.725607e-06,1.2790247e-05,1.1502223e-11,2349.9155,0.23136286,3455.9019,0.15593168,False,-3372.4497,384.40414,False,False,True,19.458036,,1571.8271,1681,-3389.096,6.8694434,151.60020014302856,,2.0492856212641746,,1.3005165,,7.551273,,,0,False,,,,,,,,0,False,False,False,3358.435,39.927944,0.29199648,0.11706937,0.00054051034,0.22556937,0.21760608,0.019669604,False,False,False,False,0.032380752,0.5833934,False,False,61102.67375017816,,25,False,False,False,False,False,False,False,False,False,False,False,False,False,False,False,False,False,False,False,False,False,r
2,61094.154635999774,lsst,151.60018556754324,2.0493044278939387,170028516436869257,170046097242194119,0,170028516436869257,-3234.9556,159.14137,0,0,0,107.17486,149.28362,False,2026022200200,178,,9.225266e-06,1.0981849e-05,2.7986513e-12,2260.0896,0.1978916,827.3913,0.16617763,False,-3094.7158,371.33936,False,False,True,20.233389,,1579.4294,1681,-3185.2388,0.37045717,151.60018335989503,,2.0493057081523873,,0.92248166,,13.19186,,,0,False,,,,,,,,0,False,False,False,3255.037,42.02604,0.22745946,0.15156102,0.011921576,0.20721245,0.22785318,0.0022845964,False,False,False,False,0.08647792,0.61998916,False,False,61102.60749620988,,25,False,False,False,False,False,False,False,False,False,False,False,False,False,False,False,False,False,False,False,False,False,r
2,61094.155101917975,lsst,151.60021702463487,2.0493075945396746,170028516436869257,170046097372217504,0,170028516436869257,-3327.1716,165.38943,0,0,0,222.85535,158.50603,False,2026022200201,170,,9.285833e-06,1.17045265e-05,1.3184639e-12,3794.0815,0.21076956,308.17697,0.16744663,False,-3754.253,372.9731,False,False,True,19.713116,,1771.5278,1681,-3507.5784,2.694414,151.60021667929885,,2.0493043910166167,,1.3462619,,31.2272,,,0,False,,,,,,,,0,False,False,False,3395.104,33.048447,0.27705687,0.18360265,0.08007439,0.24767807,0.23425142,0.028331818,False,False,False,False,0.0116924755,0.6662946,False,False,61102.64108387839,,27,False,False,False,False,False,False,False,False,False,False,False,False,False,False,False,False,False,False,False,False,False,r
2,61094.15558658444,lsst,151.60018963048142,2.049275442183017,170028516436869257,170046097504862359,0,170028516436869257,-3310.302,169.9471,0,0,0,116.37671,161.0405,False,2026022200202,167,,1.0561186e-05,1.07683e-05,-2.854645e-14,3475.5034,0.19383141,970.0601,0.19034971,False,-3202.7654,373.099,False,False,True,19.014946,,1660.3928,1681,-3333.3057,6.2103496,151.6001902571828,,2.0492709286784203,,1.1668401,,36.16771,,,0,False,,,,,,,,0,False,False,False,3327.7075,48.409805,0.21790646,0.18406487,0.06546647,0.2412266,0.25438935,0.033295155,False,False,False,False,0.19865479,0.6157234,False,False,61102.69689917905,,25,False,False,False,False,False,False,False,False,False,False,False,False,False,False,False,False,False,False,False,False,False,r
2,61094.15605904845,lsst,151.6001914796963,2.049310481622307,170028516436869257,170046097638555812,0,170028516436869257,-3270.3142,178.49629,0,0,0,84.93486,168.25888,False,2026022200203,166,,1.0885809e-05,1.283086e-05,-3.5739744e-12,2853.388,0.23126322,3699.0735,0.19610006,False,-2822.2905,381.06732,False,False,True,18.08214,,1689.3364,1681,-3223.2295,10.137005,151.60020417454538,,2.0493103852289716,,1.0384015,,3.9726694,,,0,False,,,,,,,,0,False,False,False,3292.6711,45.212303,0.25382957,0.15553376,0.0152020855,0.25226253,0.275101,0.010922159,False,False,False,False,0.28168675,0.6017989,False,False,61102.642005995964,,25,False,False,False,False,False,False,False,False,False,False,False,False,False,False,False,False,False,False,False,False,False,r
2,61094.1565511042,lsst,151.60020207353716,2.049290981098699,170028516436869257,170046097775394985,0,170028516436869257,-3467.961,158.66415,0,0,0,-25.862736,148.07162,False,2026022200204,171,,8.429313e-06,1.1708849e-05,9.411054e-12,2802.4192,0.21171227,1975.9087,0.15042897,False,-3879.6892,367.73563,False,False,True,21.570116,,1824.5153,1681,-3544.2148,4.077937,151.6001999012441,,2.0492875990586414,,1.2253591,,10.251604,,,0,False,,,,,,,,0,False,False,False,3332.4802,46.25041,0.27976915,0.12879571,0.006134702,0.21810421,0.22122806,0.024788458,False,False,False,False,0.026587054,0.66625166,False,False,61102.69648169872,,27,False,False,False,False,False,False,False,False,False,False,False,False,False,False,False,False,False,False,False,False,False,r
2,61094.157018845726,lsst,151.6001967689246,2.0492879555915984,170028516436869257,170046097911185612,0,170028516436869257,-3272.3318,158.05801,0,0,0,123.507225,145.44366,False,2026022200205,174,,7.9984475e-06,1.1265816e-05,5.389233e-12,1701.9911,0.20314658,1523.5771,0.14364807,False,-2807.31,367.5727,False,False,True,20.336966,,1765.6083,1681,-3347.4797,7.798025,151.60020046758612,,2.0492843272523715,,1.2129494,,23.245089,,,0,False,,,,,,,,0,False,False,False,3315.2756,56.213108,0.22843325,0.10485165,0.046371944,0.2059831,0.22359268,0.012298825,False,False,False,False,0.2367396,0.6482822,False,False,61102.60473958981,,23,False,False,False,False,False,False,False,False,False,False,False,False,False,False,False,False,False,False,False,False,False,r
2,61094.15749564687,lsst,151.6001930223176,2.049285582188831,170028516436869257,170046098045403360,0,170028516436869257,-2952.339,160.65994,0,0,0,551.5013,151.65445,False,2026022200206,174,,1.1558105e-05,1.1696059e-05,1.6617344e-13,2564.845,0.21056166,2646.9517,0.20839632,False,-3226.0532,367.0152,False,False,True,18.233036,,1791.4761,1681,-2776.2974,0.23480697,151.60019247369038,,2.049286673779735,,0.5652933,,39.036953,,,0,False,,,,,,,,0,False,False,False,3356.7192,45.77361,0.22494383,0.21760297,0.013311468,0.21636488,0.2247152,0.019136308,False,False,False,False,6.107636e-05,0.50341624,False,False,61102.66521484851,,24,False,False,False,False,False,False,False,False,False,False,False,False,False,False,False,False,False,False,False,False,False,r
2,61094.186417677,lsst,151.60020055497486,2.0492985774670873,170028516436869257,170046104491524310,0,170028516436869257,-3221.521,163.3785,0,0,0,160.96945,134.47566,True,2026022200254,181,0.0,8.934283e-06,9.492992e-06,2.7058486e-11,2181.4353,0.19100238,1493.7202,0.13652441,False,-3321.4814,393.39664,False,False,True,19.20991,,1855.4929,1681,-3233.589,6.565636,151.60020296073282,,2.0492985983251444,,1.0398945,,11.485966,,,0,False,,,,,,,,0,False,False,False,3318.5503,86.97531,0.17545033,0.11502513,-0.04558175,0.19526011,0.17611706,0.014018095,False,False,False,False,0.19794458,0.6431441,False,False,61094.18809832514,,21,False,False,False,False,False,False,False,False,False,False,False,False,False,False,False,False,False,False,False,False,False,r
2,61094.1873665547,lsst,151.60020449271735,2.0492746533662274,170028516436869257,170046104757338280,0,170028516436869257,-3348.824,177.83437,0,0,0,89.401184,136.47893,True,2026022200256,176,0.0,9.280577e-06,1.0887896e-05,3.863707e-11,2994.9248,0.21618609,1338.9136,0.1401289,False,-3665.545,426.43347,False,False,True,18.76366,,1599.2172,1681,-3450.1511,2.6506994,151.60020520713644,,2.049275637786333,,1.133235,,14.28993,,,0,False,,,,,,,,0,False,False,False,3334.7004,105.47198,0.19664253,0.091214135,-0.042334173,0.1877885,0.1574589,0.019417161,False,False,False,False,0.11256541,0.6662723,False,False,61094.18907277357,,21,False,False,False,False,False,False,False,False,False,False,False,False,False,False,False,False,False,False,False,False,False,r
2,61094.18783389365,lsst,151.600203686128,2.04929249262749,170028516436869257,170046104893653251,0,170028516436869257,-3163.7217,150.94545,0,0,0,303.33527,135.4463,True,2026022200257,180,0.0,8.0659165e-06,9.4345505e-06,2.2093645e-11,107.573784,0.18190688,1517.5142,0.12977335,False,-3595.569,377.5237,False,False,True,20.27209,,1729.8606,1681,-3268.64,1.7248197,151.60020174106137,,2.049285864676248,,1.2499685,,9.277735,,,0,False,,,,,,,,0,False,False,False,3415.04,67.73382,0.21585825,0.09156962,-0.058174513,0.1907557,0.16010545,0.0014858859,False,False,False,False,0.06503332,0.55742306,False,False,61094.1895203466,,24,False,False,False,False,False,False,False,False,False,False,False,False,False,False,False,False,False,False,False,False,False,r
2,61094.18831357907,lsst,151.60019556711367,2.049288096966181,170028516436869257,170046105029443773,0,170028516436869257,-3479.009,182.98769,0,0,0,-75.79367,135.5479,True,2026022200258,183,0.0,8.16439e-06,1.1522382e-05,4.718835e-11,3665.462,0.22584032,1732.3706,0.116970785,False,-3264.758,446.00497,False,False,True,18.177101,,1677.565,1681,-3599.1194,8.906187,151.6001979096773,,2.0492875988109964,,1.2562485,,17.864952,,,0,False,,,,,,,,0,False,False,False,3394.4314,127.16808,0.22855963,0.063336425,-0.028991647,0.19127588,0.1372165,0.012500258,False,False,False,False,0.04977657,0.6609983,False,False,61094.190033597246,,22,False,False,False,False,False,False,False,False,False,False,False,False,False,False,False,False,False,False,False,False,False,r
2,61094.18877846857,lsst,151.6001982599863,2.0492786271139445,170028516436869257,170046105165234434,0,170028516436869257,-3327.5752,179.9463,0,0,0,41.26211,134.22226,True,2026022200259,186,0.0,7.988951e-06,1.0969203e-05,3.220003e-11,2990.7866,0.2092101,1973.0033,0.12660402,False,-2745.0063,430.47437,False,False,True,18.086803,,1653.1111,1681,-3445.4324,19.08784,151.6002098115473,,2.0492785742058484,,1.253507,,13.936763,,,0,False,,,,,,,,0,False,False,False,3362.796,117.61879,0.22033077,0.054759458,-0.03177814,0.19349626,0.16366357,0.013977478,False,False,False,False,0.21056981,0.5468531,False,False,61094.190602134506,,21,False,False,False,False,False,False,False,False,False,False,False,False,False,False,False,False,False,False,False,False,False,r
2,61094.18926931967,lsst,151.60020000403807,2.04928785943133,170028516436869257,170046105297879277,0,170028516436869257,-3551.454,184.91716,0,0,0,-208.51712,137.68163,True,2026022200260,183,0.0,7.6271567e-06,9.391236e-06,1.3871026e-11,2131.248,0.17422257,3712.9146,0.13097024,False,-3268.0618,437.72433,False,False,True,18.7247,,1891.104,1681,-3355.2024,11.1581,151.60020874219475,,2.049288739361257,,0.9473457,,14.0015955,,,0,False,,,,,,,,0,False,False,False,3351.29,136.17914,0.16254015,0.07454082,-0.01173977,0.17784363,0.17641279,0.016699659,False,False,False,False,0.38462624,0.64921296,False,False,61094.191031305876,,20,False,False,False,False,False,False,False,False,False,False,False,False,False,False,False,False,False,False,False,False,False,r
2,61094.19021781404,lsst,151.60020030570257,2.0492964301130057,170028516436869257,170046105562120423,0,170028516436869257,-3188.3914,179.03932,0,0,0,237.62604,134.46713,True,2026022200262,175,0.0,8.2852885e-06,1.2314413e-05,2.5310509e-11,2511.4412,0.22679415,1932.6434,0.14140576,False,-2659.6968,424.06458,False,False,True,17.359062,,1834.7045,1681,-3335.4607,12.76938,151.60020655222382,,2.0492925929117947,,1.241948,,12.201067,,,0,False,,,,,,,,0,False,False,False,3339.5188,118.62496,0.23720567,0.07112233,-0.010191693,0.17263871,0.18434821,0.018164573,False,False,False,False,0.079671614,0.6728453,False,False,61094.1919499402,,22,False,False,False,False,False,False,False,False,False,False,False,False,False,False,False,False,False,False,False,False,False,r
2,61094.19068603684,lsst,151.600193760215,2.0492830964358717,170028516436869257,170046105697386670,0,170028516436869257,-3166.8718,184.32733,0,0,0,286.45297,143.15654,True,2026022200263,177,0.0,8.447188e-06,1.5040117e-05,3.6327944e-11,2913.3228,0.27558994,1742.4379,0.14347553,False,-3274.3494,423.90906,False,False,True,16.406773,,1735.3728,1681,-3228.5168,8.331237,151.60019426810678,,2.0492859883763144,,1.1622195,,15.267823,,,0,False,,,,,,,,0,False,False,False,3345.561,112.03499,0.26564503,0.1320095,0.0063450597,0.1849636,0.2140195,0.012411881,False,False,False,False,5.5434095e-05,0.5786369,False,False,61094.192381732704,,21,False,False,False,False,False,False,False,False,False,False,False,False,False,False,False,False,False,False,False,False,False,r
2,61094.19130889702,lsst,151.6002007116184,2.049294889583541,170028516436869257,170046105808011439,0,170028516436869257,-3385.596,161.18205,0,0,0,20.416899,117.21134,True,2026022200264,132,0.0,7.145658e-06,6.2165914e-06,9.062114e-12,3870.3606,0.10476964,245.7053,0.13452934,False,-3000.1074,411.57153,False,False,True,20.36714,,2458.4907,1681,-3509.0925,10.433513,151.60019448776862,,2.049289505733465,,1.212125,,12.248187,,,0,False,,,,,,,,0,False,False,False,3439.1548,161.83195,0.12869228,0.098134115,0.085237294,0.12348046,0.15864761,0.008650478,False,False,False,False,0.12676017,0.6938601,False,False,61094.19296664559,,19,False,False,False,False,False,False,False,False,False,False,False,False,False,False,False,False,False,False,False,False,False,r
2,61094.19177344709,lsst,151.6001956809933,2.0492876466891885,170028516436869257,170046105942229208,0,170028516436869257,-3357.5325,156.78157,0,0,0,9.903082,124.460365,True,2026022200265,132,0.0,8.582308e-06,8.295186e-06,4.7094507e-12,773.67194,0.14624949,2669.1821,0.1575556,False,-3657.2458,391.7733,False,False,True,21.219215,,1784.9155,1681,-3350.9363,2.9103482,151.60019316313787,,2.049286562869827,,0.9631745,,12.514955,,,0,False,,,,,,,,0,False,False,False,3291.389,94.250694,0.15020277,0.1449823,0.045399357,0.14791867,0.17551216,-0.004138401,False,False,False,False,0.030398669,0.6847023,False,False,61094.19339983305,,20,False,False,False,False,False,False,False,False,False,False,False,False,False,False,False,False,False,False,False,False,False,r
2,61094.26523756652,lsst,151.60020872660718,2.0492846007877934,170028516436869257,170046118395642053,0,170028516436869257,-3423.1558,154.10872,0,0,0,-1.891503,142.47398,True,2026022200358,77,0.0,7.843264e-06,1.1710015e-05,2.1310764e-11,1857.8976,0.13469425,1073.4175,0.21496932,False,-3158.5237,373.75305,False,False,True,21.838142,,1655.885,1681,-3663.0527,1.1450934,151.6002045998415,,2.0492765815229013,,1.3534642,,1.9484984,,,0,False,,,,,,,,0,False,False,False,3311.355,47.61015,0.12426843,0.29720417,0.041321866,0.2002152,0.20891365,0.013616988,False,False,False,False,0.0046459716,0.68091583,False,False,61094.26693992148,,23,False,False,False,False,False,False,False,False,False,False,False,False,False,False,False,False,False,False,False,False,False,r
2,61094.26615295804,lsst,151.60019538815322,2.049278605323124,170028516436869257,170046118529335469,0,170028516436869257,-3327.8625,164.03023,0,0,0,169.32909,142.68211,True,2026022200359,76,0.0,8.053777e-06,1.2465197e-05,1.941271e-11,2212.766,0.14061467,446.8623,0.22722144,False,-3757.8372,390.43137,False,False,True,20.003923,,1750.6401,1681,-3435.8982,0.41875863,151.60019035656276,,2.0492812584170457,,1.2217811,,1.6908075,,,0,False,,,,,,,,0,False,False,False,3342.113,83.03264,0.118630834,0.26215765,0.025916506,0.18206234,0.22174472,0.01767524,False,False,False,False,0.01628708,0.62043107,False,False,61094.267763446725,,21,False,False,False,False,False,False,False,False,False,False,False,False,False,False,False,False,False,False,False,False,False,r
2,61095.12385543584,lsst,151.6002050098587,2.0492824560044425,170028516436869257,170050493814407377,0,170028516436869257,-3304.5066,178.14287,0,0,0,-121.51245,149.33423,True,2026022300189,182,0.0,8.2188735e-06,8.997104e-06,1.2370409e-11,2094.9812,0.16931804,3967.785,0.13985966,False,-3773.6135,484.66626,False,False,True,18.3151,,1842.7515,1681,-3311.1272,10.621026,151.6002127919443,,2.0492788663268793,,0.8700611,,14.379103,,,0,False,,,,,,,,0,False,False,False,3311.9373,107.47983,0.13643442,0.07279485,-0.020892985,0.1463108,0.1457919,0.009671278,False,False,False,False,0.25520676,0.6360627,False,False,61095.125533004735,,20,False,False,False,False,False,False,False,False,False,False,False,False,False,False,False,False,False,False,False,False,False,r
2,61095.124320700954,lsst,151.6002067419062,2.0492879892339615,170028516436869257,170050493949673850,0,170028516436869257,-3342.0984,165.69514,0,0,0,-17.31217,144.39595,True,2026022300190,184,0.0,8.047235e-06,8.614972e-06,6.8489294e-12,1090.2964,0.15887384,2768.5881,0.14104444,False,-3657.65,448.4889,False,False,True,19.765882,,1845.1394,1681,-3334.6848,1.7085874,151.6002061472464,,2.0492874159216448,,0.8813745,,9.7401905,,,0,False,,,,,,,,0,False,False,False,3326.7026,95.34203,0.15678583,0.09580367,-0.022580044,0.14746572,0.15647328,0.009815002,False,False,False,False,0.10301381,0.6019729,False,False,61095.12608428553,,20,False,False,False,False,False,False,False,False,False,False,False,False,False,False,False,False,False,False,False,False,False,r
2,61095.12478742591,lsst,151.60020625166737,2.0492901494183475,170028516436869257,170050494083891575,0,170028516436869257,-3227.714,182.93748,0,0,0,82.80422,142.94012,True,2026022300191,184,0.0,7.98948e-06,1.0306254e-05,2.5064346e-11,3048.9246,0.1955647,3554.5286,0.13033172,False,-4031.0605,486.9754,False,False,True,17.293465,,2309.4763,1681,-3347.0212,4.083764,151.600212594227,,2.049283306860473,,1.1474123,,6.2570148,,,0,False,,,,,,,,0,False,False,False,3355.659,173.4705,0.16217543,0.038437266,-0.047459655,0.13368541,0.15190879,0.012552632,False,False,False,False,0.27169076,0.5955984,False,False,61095.126605433354,,19,False,False,False,False,False,False,False,False,False,False,False,False,False,False,False,False,False,False,False,False,False,r
2,61095.125253517304,lsst,151.60020914661237,2.049297966064949,170028516436869257,170050494219157906,0,170028516436869257,-3235.2297,172.50839,0,0,0,90.85572,144.78778,True,2026022300192,186,0.0,8.002264e-06,1.149409e-05,3.2514307e-11,315.20383,0.21698482,2694.11,0.12887968,False,-3205.3162,456.48633,False,False,True,18.489252,,1707.109,1681,-3478.3591,5.718517,151.60021290656965,,2.0492903222902243,,1.2105147,,18.781624,,,0,False,,,,,,,,0,False,False,False,3306.5388,92.00391,0.23091407,0.074681714,-0.008480664,0.15030377,0.1609099,0.008600918,False,False,False,False,0.0012708276,0.5741466,False,False,61095.12694590148,,21,False,False,False,False,False,False,False,False,False,False,False,False,False,False,False,False,False,False,False,False,False,r
2,61095.12572255821,lsst,151.60021448877566,2.049289962140339,170028516436869257,170050494353375604,0,170028516436869257,-3148.3794,168.17175,0,0,0,181.03712,143.24779,True,2026022300193,186,0.0,7.1163404e-06,1.0279205e-05,2.127745e-11,700.0273,0.19140548,2557.3223,0.118850306,False,-2498.2363,450.94293,False,False,True,18.282246,,1829.305,1681,-3285.707,9.445839,151.60022176740844,,2.0492806652724838,,1.1336628,,13.794642,,,0,False,,,,,,,,0,False,False,False,3339.434,90.97407,0.19071598,0.051106263,-0.01259836,0.14746372,0.16167274,0.005245088,False,False,False,False,0.16790396,0.6109454,False,False,61095.127483276854,,19,False,False,False,False,False,False,False,False,False,False,False,False,False,False,False,False,False,False,False,False,False,r
2,61095.12666042595,lsst,151.60019978242929,2.0492857414274406,170028516436869257,170050494613946604,0,170028516436869257,-3260.7244,174.34618,0,0,0,13.993941,128.44745,True,2026022300195,171,0.0,7.60831e-06,1.0149939e-05,1.1067383e-11,3501.836,0.1849277,3403.0857,0.13401632,False,-3644.229,470.49695,False,False,True,18.626087,,1988.2144,1681,-3364.1086,2.0968137,151.60019802377352,,2.049285905844883,,0.9520554,,14.823678,,,0,False,,,,,,,,0,False,False,False,3343.676,167.80153,0.17310278,0.082472436,0.0028268856,0.13840207,0.13268335,0.020408953,False,False,False,False,0.011040795,0.6312791,False,False,61095.12835609816,,18,False,False,False,False,False,False,False,False,False,False,False,False,False,False,False,False,False,False,False,False,False,r
2,61095.127127925145,lsst,151.6002104608318,2.0492966075406303,170028516436869257,170050494749737173,0,170028516436869257,-3329.1514,169.19443,0,0,0,-2.8134065,135.02708,True,2026022300196,174,0.0,7.5345024e-06,1.07272335e-05,1.0649332e-11,3266.273,0.19467324,1785.5464,0.13355511,False,-2840.2021,450.06677,False,False,True,18.894342,,1795.2175,1681,-3542.1936,5.976729,151.60020965634095,,2.049290794169317,,1.0370251,,25.745705,,,0,False,,,,,,,,0,False,False,False,3335.1914,111.90402,0.18343471,0.08961015,0.02875504,0.14428586,0.15957455,0.02098611,False,False,False,False,0.03836984,0.6642304,False,False,61095.128813437346,,21,False,False,False,False,False,False,False,False,False,False,False,False,False,False,False,False,False,False,False,False,False,r
2,61095.12759611469,lsst,151.6002008677454,2.049299551863187,170028516436869257,170050494882906325,0,170028516436869257,-3139.6094,163.34099,0,0,0,108.47804,134.9769,True,2026022300197,172,0.0,7.2610446e-06,9.915104e-06,5.852172e-12,971.8266,0.17909388,2144.543,0.1298909,False,-3120.7344,441.5566,False,False,True,19.000412,,1706.4847,1681,-3252.4744,5.8692727,151.60019672101743,,2.049295131347762,,1.0068979,,9.898647,,,0,False,,,,,,,,0,False,False,False,3293.4587,97.6336,0.17955868,0.07612728,0.004907898,0.13830915,0.15348117,0.012696749,False,False,False,False,0.054342497,0.56632465,False,False,61095.12928722139,,20,False,False,False,False,False,False,False,False,False,False,False,False,False,False,False,False,False,False,False,False,False,r
2,61095.12806316138,lsst,151.60019736650122,2.0493071546486594,170028516436869257,170050495020269777,0,170028516436869257,-3352.7773,151.57999,0,0,0,-29.514702,139.32951,True,2026022300198,178,0.0,6.229295e-06,7.965859e-06,1.7606225e-12,1130.7506,0.14355733,601.10315,0.11217252,False,-3522.1877,426.1112,False,False,True,21.956118,,1827.1096,1681,-3418.203,2.1098611,151.60019729020468,,2.0493033644799223,,0.9426193,,6.29694,,,0,False,,,,,,,,0,False,False,False,3339.0283,63.319416,0.15716678,0.06634196,0.0035687573,0.14501965,0.15196674,0.011979989,False,False,False,False,0.20367432,0.6543102,False,False,61095.12968206858,,20,False,False,False,False,False,False,False,False,False,False,False,False,False,False,False,False,False,False,False,False,False,r
2,61095.1285307989,lsst,151.60019929171696,2.049287339802862,170028516436869257,170050495148720331,0,170028516436869257,-3304.9373,168.51114,0,0,0,31.344471,135.52145,True,2026022300199,167,0.0,6.8297795e-06,9.9246045e-06,9.217521e-13,2427.0325,0.1786771,562.048,0.12307839,False,-3574.1345,448.14825,False,False,True,19.47534,,1682.8099,1681,-3426.8406,1.4607112,151.6001959417581,,2.0492836851464467,,1.0632308,,15.880133,,,0,False,,,,,,,,0,False,False,False,3368.6719,108.72366,0.17970246,0.07677511,0.029539945,0.14297464,0.14208554,0.015449299,False,False,False,False,0.035240036,0.68042946,False,False,61095.13027999382,,19,False,False,False,False,False,False,False,False,False,False,False,False,False,False,False,False,False,False,False,False,False,r
2,61095.129633617296,lsst,151.600204191144,2.0492888804322615,170028516436869257,170050495411912964,0,170028516436869257,-3266.573,154.72935,0,0,0,58.33171,141.64749,True,2026022300201,157,0.0,8.668889e-06,8.902572e-06,-3.3525934e-12,638.7128,0.15431717,2490.4402,0.16223714,False,-3802.3196,402.14496,False,False,True,20.780293,,1716.62,1681,-3434.8804,3.3178256,151.60020403248058,,2.0492831468123534,,1.0809239,,6.1192417,,,0,False,,,,,,,,0,False,False,False,3309.9744,57.913197,0.15469266,0.1894978,-0.055380374,0.17719942,0.17668225,0.009171498,False,False,False,False,0.0033192288,0.58896065,False,False,61095.13134141883,,22,False,False,False,False,False,False,False,False,False,False,False,False,False,False,False,False,False,False,False,False,False,r
2,61095.13009929539,lsst,151.60019551331663,2.049296900791993,170028516436869257,170050495543509206,0,170028516436869257,-3089.4949,155.26407,0,0,0,218.59138,134.96101,True,2026022300202,152,0.0,9.312416e-06,9.460444e-06,-2.8388914e-12,2550.3752,0.16601817,3577.4373,0.17210464,False,-4057.0605,411.4177,False,False,True,19.350716,,1695.8239,1681,-3206.8533,2.840102,151.60019480419393,,2.0492919080604084,,1.0266676,,10.102625,,,0,False,,,,,,,,0,False,False,False,3284.031,69.72903,0.15557441,0.16167046,-0.052077547,0.1685376,0.15822563,0.010803211,False,False,False,False,0.003464989,0.6292793,False,False,61095.13169189456,,21,False,False,False,False,False,False,False,False,False,False,False,False,False,False,False,False,False,False,False,False,False,r
2,61095.15743160785,lsst,151.6002025724204,2.049301088365309,170028516436869257,170050501730631890,0,170028516436869257,-3221.7205,156.6655,0,0,0,101.25658,128.25864,True,2026022300248,177,0.0,7.521218e-06,9.919062e-06,-4.806355e-13,1069.7972,0.17863536,2365.798,0.13570136,False,-3609.8567,421.38748,False,False,True,20.62863,,1717.1323,1681,-3377.1113,3.73696,151.6002044291724,,2.049296885108111,,1.0406642,,-4.755991,,,0,False,,,,,,,,0,False,False,False,3304.4558,97.11106,0.19718589,0.08833585,-0.007755408,0.13277237,0.16376738,-0.010356133,False,False,False,False,0.005118901,0.6916282,False,False,61095.15899038699,,21,False,False,False,False,False,False,False,False,False,False,False,False,False,False,False,False,False,False,False,False,False,r
2,61095.15789888926,lsst,151.60020482293467,2.0492942009920054,170028516436869257,170050501865373945,0,170028516436869257,-3131.9958,153.12923,0,0,0,210.88512,124.57306,True,2026022300249,178,0.0,7.000668e-06,1.1312553e-05,-4.9091417e-12,2853.499,0.2039282,1074.2286,0.12588245,False,-3831.8308,424.1594,False,False,True,20.023735,,1828.8983,1681,-3462.435,4.870533,151.60020542678953,,2.049283267365515,,1.2461984,,9.219454,,,0,False,,,,,,,,0,False,False,False,3335.2732,91.70501,0.2187742,0.06229124,0.037424337,0.13238123,0.14359483,0.0038144079,False,False,False,False,0.0011752945,0.6649851,False,False,61095.159536074294,,21,False,False,False,False,False,False,False,False,False,False,False,False,False,False,False,False,False,False,False,False,False,r
2,61095.15836536857,lsst,151.60021596223402,2.04929369045826,170028516436869257,170050501999067327,0,170028516436869257,-3280.405,165.95988,0,0,0,55.020916,124.63531,True,2026022300250,177,0.0,8.147398e-06,8.910447e-06,-1.4907136e-12,1061.4872,0.16061033,593.77924,0.14677253,False,-4055.2136,437.47327,False,False,True,19.453861,,1771.3073,1681,-3465.3687,8.045788,151.60021667032856,,2.049285620884729,,1.0469446,,14.677442,,,0,False,,,,,,,,0,False,False,False,3320.6353,126.23087,0.17409413,0.09072427,0.038429715,0.1366655,0.14488608,-0.0006572667,False,False,False,False,0.01238377,0.7152926,False,False,61095.16006448353,,20,False,False,False,False,False,False,False,False,False,False,False,False,False,False,False,False,False,False,False,False,False,r
2,61095.158831362,lsst,151.600205321169,2.049286785748115,170028516436869257,170050502133285073,0,170028516436869257,-3425.618,164.78528,0,0,0,-6.5227737,129.76802,True,2026022300251,177,0.0,7.5402772e-06,1.017207e-05,-8.1308215e-12,2206.7458,0.18439107,2351.8845,0.13440262,False,-3813.077,431.0163,False,False,True,20.681496,,1816.3955,1681,-3676.7314,2.15885,151.6002062113942,,2.049287261509097,,1.2495998,,12.212764,,,0,False,,,,,,,,0,False,False,False,3404.969,107.20675,0.2133222,0.09010103,0.059105933,0.14332531,0.15254813,0.014096712,False,False,False,False,0.002412187,0.7150326,False,False,61095.160476081,,21,False,False,False,False,False,False,False,False,False,False,False,False,False,False,False,False,False,False,False,False,False,r
2,61095.16022970482,lsst,151.60019719755311,2.049287498852412,170028516436869257,170050502529122567,0,170028516436869257,-3366.9934,161.18153,0,0,0,142.54715,123.84008,True,2026022300254,164,0.0,6.484691e-06,7.79849e-06,-6.9969304e-12,1801.6384,0.14304158,3291.1172,0.11357751,False,-3609.5725,427.2883,False,False,True,20.33673,,1852.367,1681,-3415.4639,10.951201,151.60018609847373,,2.0492821480624883,,1.1186652,,13.0880575,,,0,False,,,,,,,,0,False,False,False,3518.6548,118.39132,0.14458293,0.08137488,0.062390044,0.13031542,0.14153928,0.018980011,False,False,False,False,0.0924187,0.64854157,False,False,61095.16186586699,,16,False,False,False,False,False,False,False,False,False,False,False,False,False,False,False,False,False,False,False,False,False,r
2,61095.16069642656,lsst,151.6002079260867,2.049284358541287,170028516436869257,170050502646563065,0,170028516436869257,-3426.2373,158.8675,0,0,0,-38.665768,126.93863,True,2026022300255,132,0.0,7.1298846e-06,7.882779e-06,-5.1821342e-12,3909.7346,0.14421579,2111.5938,0.12582937,False,-3923.6252,397.19025,False,False,True,21.345692,,1800.1504,1681,-3474.237,4.6867056,151.60020625171163,,2.049280308784696,,1.1572207,,13.41875,,,0,False,,,,,,,,0,False,False,False,3396.592,94.63339,0.16057113,0.110700995,0.06794228,0.16107662,0.1557294,0.008567515,False,False,False,False,0.07860884,0.6850411,False,False,61095.16270243403,,20,False,False,False,False,False,False,False,False,False,False,False,False,False,False,False,False,False,False,False,False,False,r
2,61095.16163103953,lsst,151.6001984824358,2.04929014871377,170028516436869257,170050502915522818,0,170028516436869257,-3281.4963,158.85397,0,0,0,256.88364,126.070526,True,2026022300257,133,0.0,6.984317e-06,6.9900248e-06,2.9548528e-14,1794.6227,0.12577257,2029.2185,0.12581104,False,-3588.4678,400.11154,False,False,True,19.642431,,1888.5385,1681,-3277.2942,8.315135,151.60019334823934,,2.0492890924730647,,1.1612076,,10.405178,,,0,False,,,,,,,,0,False,False,False,3489.4307,99.90975,0.13035864,0.09201911,0.07521954,0.14873146,0.16095002,0.021597438,False,False,False,False,0.2649111,0.6054895,False,False,61095.16332523296,,20,False,False,False,False,False,False,False,False,False,False,False,False,False,False,False,False,False,False,False,False,False,r
2,61095.16209735326,lsst,151.60020695788475,2.0492989091523897,170028516436869257,170050503064944839,0,170028516436869257,-3438.558,161.91895,0,0,0,88.68055,133.4641,True,2026022300258,162,0.0,7.081481e-06,6.9639673e-06,1.6841269e-12,2195.7007,0.12408841,3528.9194,0.12897186,False,-2896.4297,413.6209,False,False,True,20.601961,,1909.1869,1681,-3447.8398,6.0821,151.600201793728,,2.0492956618481135,,1.1559575,,16.520233,,,0,False,,,,,,,,0,False,False,False,3533.6504,98.306915,0.11798229,0.12944028,0.07388355,0.14538942,0.17723866,0.031361252,False,False,False,False,0.19717169,0.64234793,False,False,61095.163793453175,,19,False,False,False,False,False,False,False,False,False,False,False,False,False,False,False,False,False,False,False,False,False,r
2,61095.162564312246,lsst,151.60020251041942,2.0492910121558787,170028516436869257,170050503179763886,0,170028516436869257,-3045.3726,163.583,0,0,0,421.75858,126.91661,True,2026022300259,125,0.0,8.464149e-06,8.111049e-06,7.1179096e-12,2990.378,0.14072123,224.8373,0.15742794,False,-2404.4014,410.32236,False,False,True,18.457426,,1840.2899,1681,-3076.1921,7.6523147,151.6001985263325,,2.049291270427795,,1.0622478,,12.002197,,,0,False,,,,,,,,0,False,False,False,3443.745,110.12548,0.12178374,0.123769365,0.05983451,0.14159296,0.17215385,0.01755021,False,False,False,False,0.16933188,0.65923506,False,False,61095.16433329515,,20,False,False,False,False,False,False,False,False,False,False,False,False,False,False,False,False,False,False,False,False,False,r
2,61095.16302967743,lsst,151.60020144246565,2.0492891440396725,170028516436869257,170050503313457371,0,170028516436869257,-3391.0273,153.63515,0,0,0,25.146755,138.03409,True,2026022300260,124,0.0,8.827327e-06,8.3275e-06,1.5038082e-11,1949.162,0.13732806,3009.912,0.17025548,False,-3748.451,386.02817,False,False,True,21.76977,,1921.233,1681,-3508.251,3.7290916,151.6002008755701,,2.0492874358442443,,1.2467399,,18.296356,,,0,False,,,,,,,,0,False,False,False,3375.2065,58.99883,0.15977395,0.21510178,0.075525574,0.1582712,0.19491114,0.0059219142,False,False,False,False,0.016565276,0.6667371,False,False,61095.16472049972,,24,False,False,False,False,False,False,False,False,False,False,False,False,False,False,False,False,False,False,False,False,False,r
2,61095.163647517715,lsst,151.60020036701897,2.0492886541989996,170028516436869257,170050503478608073,0,170028516436869257,-3038.3198,167.20113,0,0,0,387.74612,152.87137,True,2026022300261,183,0.0,1.0183507e-05,1.4151471e-05,3.6621293e-11,2959.195,0.26253858,2315.8389,0.17237328,False,-3823.2659,397.2924,False,False,True,17.941511,,1796.7239,1681,-3222.6619,7.8983784,151.60020282268516,,2.049286351999265,,1.3192613,,13.089028,,,0,False,,,,,,,,0,False,False,False,3313.9807,59.522186,0.3138623,0.14009444,-0.017074374,0.1876094,0.22355644,0.008777253,False,False,False,False,0.05425677,0.62025285,False,False,61095.16541977528,,27,False,False,False,False,False,False,False,False,False,False,False,False,False,False,False,False,False,False,False,False,False,r
2,61095.16411102216,lsst,151.6002015298733,2.0492885619883148,170028516436869257,170050503608631509,0,170028516436869257,-3286.418,158.46675,0,0,0,102.683556,138.80128,True,2026022300262,175,0.0,8.615058e-06,9.424566e-06,4.464504e-12,3036.9067,0.17084299,1994.658,0.15398744,False,-3836.6575,395.2208,False,False,True,20.591148,,1731.8243,1681,-3282.1292,4.187556,151.60020388055125,,2.0492878672383545,,0.9221005,,9.214449,,,0,False,,,,,,,,0,False,False,False,3299.6882,70.38341,0.20030968,0.121254385,-0.00921958,0.16823547,0.19566265,0.015024701,False,False,False,False,0.059795022,0.61890495,False,False,61095.16572236312,,22,False,False,False,False,False,False,False,False,False,False,False,False,False,False,False,False,False,False,False,False,False,r
2,61096.171165934225,lsst,151.6001994206956,2.0493028121593495,170028516436869257,170054954134798566,0,170028516436869257,-3377.5662,216.73647,0,0,0,35.873543,136.718,True,2026022400653,176,0.0,6.7273927e-06,1.1451166e-05,9.722654e-12,409.47345,0.2069823,1776.3083,0.11980748,False,-2572.3022,527.0435,False,False,True,14.823292,,1881.474,1681,,,,,,,,,,,,0,False,,,,,,,,0,False,False,False,3446.002,195.92892,,,,0.13109602,0.14289527,0.0032429378,True,False,False,False,,0.5525883,False,False,61096.172801507215,,17,False,False,False,False,False,False,False,False,False,False,False,False,False,False,False,False,False,False,False,False,False,r
2,61096.17162974719,lsst,151.60020753463232,2.049292230400296,170028516436869257,170054954268491942,0,170028516436869257,-3304.1064,208.87321,0,0,0,42.082397,135.02588,True,2026022400654,175,0.0,7.368462e-06,1.2249283e-05,5.8019314e-12,249.05458,0.22074562,2594.238,0.13241939,False,-3686.41,515.3801,False,False,True,15.246572,,1735.1829,1681,-3396.208,14.117705,151.60020306422174,,2.0492852966904342,,1.2507815,,5.4536037,,,0,False,,,,,,,,0,False,False,False,3390.041,154.44977,0.20799695,0.019904222,0.0066045956,0.1423335,0.14289205,0.007631465,False,False,False,False,0.13432722,0.67892265,False,False,61096.173235605704,,22,False,False,False,False,False,False,False,False,False,False,False,False,False,False,False,False,False,False,False,False,False,r
2,61096.172097555565,lsst,151.60019671618147,2.0492972670327916,170028516436869257,170054954396942569,0,170028516436869257,-3220.1262,210.50119,0,0,0,180.93498,133.7693,True,2026022400655,164,0.0,8.098322e-06,1.4086378e-05,1.3954866e-12,3176.1719,0.2535592,3038.3557,0.14590174,False,-3581.6665,522.32495,False,False,True,14.814694,,1872.4108,1681,-3394.169,26.19539,151.60017818411072,,2.0492983064891908,,1.25999,,2.4652147,,,0,False,,,,,,,,0,False,False,False,3414.485,219.55804,0.222518,0.040386893,0.006000492,0.13814804,0.14205079,-0.0035356528,False,False,False,False,0.0132668335,0.6311933,False,False,61096.17370875958,,17,False,False,False,False,False,False,False,False,False,False,False,False,False,False,False,False,False,False,False,False,False,r
2,61096.17255968062,lsst,151.60019185353042,2.0492944305435197,170028516436869257,170054954537975961,0,170028516436869257,-3376.1401,185.40285,0,0,0,112.60561,139.80942,True,2026022400656,177,0.0,7.2176945e-06,1.2210599e-05,-4.4702523e-12,3363.4153,0.2199869,817.1385,0.12993588,False,-4025.9033,460.44708,False,False,True,17.766617,,1742.7815,1681,-3707.07,13.987002,151.60019453218632,,2.049296018443478,,1.2925826,,0.9652647,,,0,False,,,,,,,,0,False,False,False,3382.7603,146.65752,0.24259126,0.056906924,0.011777897,0.15902168,0.15931875,6.8370144e-05,False,False,False,False,0.013875761,0.72830033,False,False,61096.174190858495,,22,False,False,False,False,False,False,False,False,False,False,False,False,False,False,False,False,False,False,False,False,False,r
2,61096.17348848161,lsst,151.600196990185,2.049279754616499,170028516436869257,170054954800644295,0,170028516436869257,-3135.1519,187.23508,0,0,0,242.04012,141.17427,True,2026022400658,166,0.0,8.25664e-06,1.0278882e-05,-5.6643353e-12,2730.1692,0.18582276,833.6936,0.1479267,False,-3439.9114,468.70062,False,False,True,16.384996,,1731.5612,1681,-3200.689,18.789696,151.60020398990315,,2.0492765734388008,,1.0845548,,10.42581,,,0,False,,,,,,,,0,False,False,False,3313.329,134.41872,0.1697933,0.06972064,0.03906446,0.15087031,0.17511918,0.0026423347,False,False,False,False,0.24970251,0.58228195,False,False,61096.175214761184,,19,False,False,False,False,False,False,False,False,False,False,False,False,False,False,False,False,False,False,False,False,False,r
2,61096.17442102144,lsst,151.60020813981149,2.0492915944129475,170028516436869257,170054955067506926,0,170028516436869257,-3322.7822,169.54422,0,0,0,64.74367,128.32523,True,2026022400660,163,0.0,7.875574e-06,8.60379e-06,-3.2049688e-12,993.8682,0.15575175,1320.467,0.1409709,False,-3377.2908,444.68085,False,False,True,18.92423,,1833.9519,1681,-3486.3342,5.086217,151.6002076934731,,2.0492903128362276,,1.1027889,,18.633144,,,0,False,,,,,,,,0,False,False,False,3364.8938,119.61333,0.15352945,0.100675836,0.05957465,0.13660069,0.16477562,0.011872067,False,False,False,False,0.08826178,0.69005936,False,False,61096.1761381759,,19,False,False,False,False,False,False,False,False,False,False,False,False,False,False,False,False,False,False,False,False,False,r
2,61096.174888888316,lsst,151.60021055359363,2.0493100036829817,170028516436869257,170054955201724629,0,170028516436869257,-3189.4734,197.27057,0,0,0,135.71939,130.03413,True,2026022400661,163,0.0,9.992706e-06,1.0867034e-05,-6.1886538e-12,314.3947,0.19725455,2469.48,0.17834856,False,-2964.6704,490.86212,False,False,True,15.6893215,,1788.8824,1681,-3324.2192,6.344596,151.60020317233713,,2.049302262187051,,1.0024459,,13.841037,,,0,False,,,,,,,,0,False,False,False,3280.7854,177.10004,0.15522651,0.108248144,0.045346662,0.13454148,0.19258067,0.01799871,False,False,False,False,0.14361383,0.665756,False,False,61096.17659146847,,18,False,False,False,False,False,False,False,False,False,False,False,False,False,False,False,False,False,False,False,False,False,r
2,61096.17581987729,lsst,151.6002026870803,2.0492990892015266,170028516436869257,170054955469635752,0,170028516436869257,-3509.0576,182.35399,0,0,0,-152.32567,133.42159,True,2026022400663,162,0.0,8.461727e-06,8.663534e-06,-1.7129191e-12,3892.3145,0.15673772,1010.9324,0.15170492,False,-4455.638,453.77676,False,False,True,18.867458,,2006.2814,1681,-3728.5862,1.7653052,151.60020048683717,,2.0492975178963198,,1.1550704,,21.159264,,,0,False,,,,,,,,0,False,False,False,3377.0115,203.95207,0.16969302,0.16840252,0.0682885,0.16947807,0.18277244,0.023040138,False,False,False,False,0.0070945406,0.70518774,False,False,61096.17750311119,,20,False,False,False,False,False,False,False,False,False,False,False,False,False,False,False,False,False,False,False,False,False,r
2,61096.177001821256,lsst,151.6001987031051,2.049289727656576,170028516436869257,170054955735449815,0,170028516436869257,-3303.486,157.64175,0,0,0,54.894184,139.07104,True,2026022400665,157,0.0,8.669784e-06,9.608903e-06,-1.5855189e-11,1555.5995,0.14617029,2714.928,0.18170165,False,-3968.3225,396.71118,False,False,True,20.606613,,1732.522,1681,-3788.3247,7.1415133,151.60020111791218,,2.0492831094501036,,1.470211,,5.5414014,,,0,False,,,,,,,,0,False,False,False,3325.272,72.318535,0.1846985,0.25255972,-0.111826405,0.2041477,0.19817021,-0.02112899,False,False,False,False,0.03730503,0.60970086,False,False,61096.178742994256,,22,False,False,False,False,False,False,False,False,False,False,False,False,False,False,False,False,False,False,False,False,False,r
2,61096.17840599372,lsst,151.60020855630205,2.0492928759727858,170028516436869257,170054956139151529,0,170028516436869257,-3486.7607,162.12602,0,0,0,-148.84348,138.06935,True,2026022400668,159,0.0,9.150891e-06,9.010224e-06,7.718103e-12,121.030525,0.17118296,1523.0199,0.15560247,False,-3382.0303,390.9449,False,False,True,21.373081,,1809.9159,1681,-3781.3518,2.245193,151.60020781526998,,2.0492923652719925,,1.1702104,,12.19936,,,0,False,,,,,,,,0,False,False,False,3337.3977,88.83789,0.22480775,0.19174278,-0.06559521,0.22229935,0.1933893,-0.016234387,False,False,False,False,2.2369992e-05,0.69369555,False,False,61096.18013174698,,23,False,False,False,False,False,False,False,False,False,False,False,False,False,False,False,False,False,False,False,False,False,r
2,61096.17887275852,lsst,151.60019874743892,2.049299214381824,170028516436869257,170054956285427868,0,170028516436869257,-3207.7808,183.56631,0,0,0,127.02482,148.5374,True,2026022400669,182,0.0,1.0434062e-05,1.0324345e-05,1.8120944e-11,1753.6986,0.20210396,869.87933,0.17052373,False,-3285.9438,445.30566,False,False,True,17.330887,,1865.7559,1681,-3572.737,2.7829504,151.60019231672723,,2.049291745242532,,1.2380595,,21.802301,,,0,False,,,,,,,,0,False,False,False,3292.7827,116.30177,0.27328596,0.17632067,-0.058805265,0.23375203,0.17318684,-0.0007771031,False,False,False,False,0.054476053,0.53342026,False,False,61096.18061310472,,22,False,False,False,False,False,False,False,False,False,False,False,False,False,False,False,False,False,False,False,False,False,r
2,61096.17933979853,lsst,151.60020233358844,2.0493143594268997,170028516436869257,170054956418597081,0,170028516436869257,-3047.549,165.68991,0,0,0,313.31308,138.22353,True,2026022400670,180,0.0,1.0241286e-05,1.02819895e-05,1.1292278e-11,3585.822,0.19438855,1963.3905,0.17465903,False,-3757.7654,410.21817,False,False,True,18.114899,,1713.014,1681,-3361.5598,0.7479625,151.60019698044582,,2.04931243321086,,1.2300985,,15.299693,,,0,False,,,,,,,,0,False,False,False,3295.452,98.61091,0.23584004,0.1536345,-0.065342516,0.2222672,0.17609629,0.0011967104,False,False,False,False,0.0024785076,0.6065362,False,False,61096.18105228206,,22,False,False,False,False,False,False,False,False,False,False,False,False,False,False,False,False,False,False,False,False,False,r
2,61096.179807382665,lsst,151.60020678475107,2.049290215697147,170028516436869257,170054956553863348,0,170028516436869257,-3202.1543,186.24562,0,0,0,210.3632,151.58383,True,2026022400671,182,0.0,9.209603e-06,9.495217e-06,1.7637237e-11,2639.715,0.18491168,3410.0215,0.15043455,False,-3038.6736,446.99472,False,False,True,16.90347,,1946.335,1681,-3611.7969,4.117007,151.60020650496367,,2.0492850170790096,,1.4817611,,6.67559,,,0,False,,,,,,,,0,False,False,False,3320.3728,116.396736,0.24989568,0.1611735,-0.11296311,0.22467153,0.18507388,-0.003205333,False,False,False,False,5.3585172e-05,0.59472585,False,False,61096.1816736447,,21,False,False,False,False,False,False,False,False,False,False,False,False,False,False,False,False,False,False,False,False,False,r
2,61096.18027509007,lsst,151.60020410615437,2.049300051098022,170028516436869257,170054956689129676,0,170028516436869257,-3477.0234,186.1282,0,0,0,-67.71917,142.64781,True,2026022400672,184,0.0,9.194676e-06,9.744934e-06,2.023545e-11,3363.825,0.18947817,1780.5757,0.14962043,False,-3287.8716,444.0878,False,False,True,18.013689,,1902.1082,1681,-3688.114,6.9344034,151.6002049621154,,2.049306425388069,,1.2259234,,3.711354,,,0,False,,,,,,,,0,False,False,False,3338.2324,135.97548,0.19321302,0.13503888,-0.074129306,0.21162379,0.17261656,-0.0008114214,False,False,False,False,0.09717449,0.59078133,False,False,61096.18207460739,,21,False,False,False,False,False,False,False,False,False,False,False,False,False,False,False,False,False,False,False,False,False,r
2,61096.18073992147,lsst,151.60021229390057,2.0492968315792046,170028516436869257,170054956822823104,0,170028516436869257,-3100.0793,174.256,0,0,0,340.79855,150.67108,True,2026022400673,183,0.0,9.197286e-06,1.0343969e-05,3.056739e-11,1587.7227,0.20398521,2422.1567,0.14337637,False,-3204.364,416.41745,False,False,True,17.485342,,1758.2855,1681,-3308.7705,2.5011497,151.60021081746268,,2.0492971399837137,,1.2886875,,9.029717,,,0,False,,,,,,,,0,False,False,False,3343.7021,83.618195,0.21728012,0.10551104,-0.07155934,0.23587671,0.17465138,0.00247703,False,False,False,False,0.2093047,0.5658058,False,False,61096.18247545845,,21,False,False,False,False,False,False,False,False,False,False,False,False,False,False,False,False,False,False,False,False,False,r
2,61096.18167165514,lsst,151.60021355711496,2.0493121640219285,170028516436869257,170054957087588513,0,170028516436869257,-2999.6082,180.41125,0,0,0,346.57587,135.58589,True,2026022400675,176,0.0,9.545345e-06,1.2621093e-05,5.4843147e-11,2003.3627,0.24796094,909.6541,0.14034092,False,-2359.9028,447.8801,False,False,True,16.127417,,1589.2633,1681,-3263.4453,5.1640677,151.600207905825,,2.0493104478445865,,1.313246,,21.405857,,,0,False,,,,,,,,0,False,False,False,3297.8486,129.91136,0.25794384,0.07590239,-0.02502987,0.2025387,0.1430683,0.023393754,False,False,False,False,0.00499659,0.5662165,False,False,61096.18333827206,,20,False,False,False,False,False,False,False,False,False,False,False,False,False,False,False,False,False,False,False,False,False,r
2,61096.18213688725,lsst,151.60020700151514,2.049280986489067,170028516436869257,170054957221806278,0,170028516436869257,-3407.1282,172.92761,0,0,0,-6.755191,141.11742,True,2026022400676,176,0.0,9.22642e-06,1.2695806e-05,4.865119e-11,2302.1235,0.2447854,2201.412,0.1412639,False,-3686.7935,426.35727,False,False,True,19.255604,,1790.2837,1681,-3721.9001,4.8193398,151.60020019218481,,2.049274224540551,,1.2237263,,25.28829,,,0,False,,,,,,,,0,False,False,False,3304.996,98.86831,0.27592126,0.12436165,-0.0019149138,0.22199918,0.16396905,0.034956835,False,False,False,False,0.006624817,0.68221873,False,False,61096.183927541104,,21,False,False,False,False,False,False,False,False,False,False,False,False,False,False,False,False,False,False,False,False,False,r
2,61096.18259995692,lsst,151.60019820538582,2.04927781268343,170028516436869257,170054957361267132,0,170028516436869257,-3516.095,187.30254,0,0,0,-96.10793,152.40356,True,2026022400677,186,0.0,8.34926e-06,1.0738858e-05,2.3175229e-11,1560.7501,0.20141336,3592.9253,0.13981597,False,-3910.1685,444.60898,False,False,True,18.322691,,2021.8136,1681,-3491.5217,7.0647707,151.60019992553,,2.049278187656831,,0.9758459,,4.7224135,,,0,False,,,,,,,,0,False,False,False,3344.8535,130.17427,0.21569395,0.14230454,-0.0268959,0.21671866,0.20287977,0.01967389,False,False,False,False,0.10723739,0.59069335,False,False,61096.184332943936,,21,False,False,False,False,False,False,False,False,False,False,False,False,False,False,False,False,False,False,False,False,False,r
2,61096.183067611404,lsst,151.60020450377186,2.0492786475083413,170028516436869257,170054957490241756,0,170028516436869257,-3303.2405,178.15228,0,0,0,68.602295,137.39218,True,2026022400678,176,0.0,7.867744e-06,1.2648666e-05,4.1231987e-11,829.0626,0.23812777,1592.6992,0.123413086,False,-3258.8872,438.49362,False,False,True,18.146315,,1705.3888,1681,-3441.3108,7.526334,151.6002050929792,,2.0492762360977457,,1.1836318,,18.721966,,,0,False,,,,,,,,0,False,False,False,3361.3962,130.69948,0.23027542,0.08281024,-0.0033890938,0.19443543,0.15062788,0.015632508,False,False,False,False,0.036416806,0.6257113,False,False,61096.18476337102,,20,False,False,False,False,False,False,False,False,False,False,False,False,False,False,False,False,False,False,False,False,False,r
2,61096.18408900852,lsst,151.60019191690847,2.0492992630246687,170028516436869257,170054957750288543,0,170028516436869257,-3230.617,161.52002,0,0,0,141.43102,140.66748,True,2026022400680,160,0.0,8.7048975e-06,8.457864e-06,6.511665e-12,413.90216,0.16175497,393.5173,0.14723146,False,-2722.9114,390.66547,False,False,True,19.538277,,1969.2603,1681,-3553.8079,3.4679596,151.60019093146624,,2.049295444141245,,1.2661443,,8.251286,,,0,False,,,,,,,,0,False,False,False,3342.1782,96.43877,0.19574024,0.20326035,-0.082291484,0.2211081,0.22487782,-0.03094773,False,False,False,False,0.060132664,0.5817697,False,False,61096.185908488435,,23,False,False,False,False,False,False,False,False,False,False,False,False,False,False,False,False,False,False,False,False,False,r
2,61096.233483242395,lsst,151.60019399768396,2.0492705101506288,170028516436869257,170054970240925851,0,170028516436869257,-3218.0776,175.6773,0,0,0,187.42793,140.09659,True,2026022400773,176,0.0,1.1262648e-05,2.4641098e-05,1.202333e-10,3420.5076,0.45380765,1273.3661,0.17882037,False,-3349.9812,454.32715,False,False,True,17.913069,,1827.7609,1681,-3569.601,20.8677,151.60019212397924,,2.0492943879308876,,1.306611,,6.748933,,,0,False,,,,,,,,0,False,False,False,3353.8357,111.81594,0.24408558,0.056833714,-0.021839974,0.1858506,0.14942017,-0.0032367965,False,False,False,False,0.043098066,0.62266254,False,False,61096.235002714515,,21,False,False,False,False,False,False,False,False,False,False,False,False,False,False,False,False,False,False,False,False,False,r
2,61096.23395103241,lsst,151.60021025996076,2.049287771289457,170028516436869257,170054970374619332,0,170028516436869257,-3206.4824,176.4527,0,0,0,249.39719,140.98163,True,2026022400774,175,0.0,7.7446775e-06,1.2869884e-05,2.012191e-11,3425.3083,0.23424478,2604.888,0.13524401,False,-3657.7708,448.12466,False,False,True,18.068563,,1754.4897,1681,-3543.1912,2.6576726,151.60020434929535,,2.049288284951966,,1.2908286,,8.942846,,,0,False,,,,,,,,0,False,False,False,3362.3896,117.85426,0.26463068,0.086693235,-0.0046432046,0.18261003,0.1637242,0.002783494,False,False,False,False,0.00089962647,0.6441762,False,False,61096.23549854902,,22,False,False,False,False,False,False,False,False,False,False,False,False,False,False,False,False,False,False,False,False,False,r
2,61096.23441988666,lsst,151.60020660242995,2.0493018308964728,170028516436869257,170054970506739899,0,170028516436869257,-3295.0369,198.81181,0,0,0,67.26948,140.92798,True,2026022400775,171,0.0,9.068118e-06,1.6480457e-05,2.5700057e-11,1703.0332,0.29846972,3763.3293,0.1599507,False,-3463.216,477.93143,False,False,True,16.314468,,1587.789,1681,-3627.259,4.9508295,151.60020569147898,,2.049306881727012,,1.2423182,,3.090744,,,0,False,,,,,,,,0,False,False,False,3326.8833,133.98581,0.2650308,0.1072791,-0.012491123,0.20902652,0.16572908,-0.0043596295,False,False,False,False,0.00019966338,0.6221832,False,False,61096.236186819224,,21,False,False,False,False,False,False,False,False,False,False,False,False,False,False,False,False,False,False,False,False,False,r
2,61096.23488197522,lsst,151.60020849292127,2.04929611345473,170028516436869257,170054970644627651,0,170028516436869257,-3344.6606,180.11046,0,0,0,30.783346,149.14833,True,2026022400776,178,0.0,7.6000033e-06,1.2061862e-05,6.726532e-12,2622.7551,0.2175327,944.72064,0.13646963,False,-2665.3157,446.4032,False,False,True,18.439642,,1846.1228,1681,-3692.9211,9.183514,151.60020595214715,,2.049289509504045,,1.1276023,,13.46104,,,0,False,,,,,,,,0,False,False,False,3286.7444,117.03076,0.24539419,0.12514782,0.019792452,0.22913288,0.17762187,0.019353332,False,False,False,False,0.03958395,0.59738165,False,False,61096.23669959263,,21,False,False,False,False,False,False,False,False,False,False,False,False,False,False,False,False,False,False,False,False,False,r
2,61096.23535018552,lsst,151.6001979759253,2.0492827893648027,170028516436869257,170054970778321060,0,170028516436869257,-3464.4233,211.51483,0,0,0,45.020813,147.50352,True,2026022400777,177,0.0,7.3137835e-06,1.4532806e-05,3.829789e-12,2511.8196,0.26169968,944.2354,0.13181181,False,-3187.7102,492.35846,False,False,True,15.954513,,1828.813,1681,-3688.6506,21.768982,151.60019825906258,,2.0492745914553123,,1.2569171,,17.492887,,,0,False,,,,,,,,0,False,False,False,3379.8257,160.42268,0.22059442,0.07253754,0.046761803,0.20114507,0.17909676,0.027523998,False,False,False,False,0.22122058,0.6357044,False,False,61096.23708297602,,21,False,False,False,False,False,False,False,False,False,False,False,False,False,False,False,False,False,False,False,False,False,r
2,61096.23581645146,lsst,151.60018624616578,2.0493201793468736,170028516436869257,170054970907295945,0,170028516436869257,-3018.6003,198.62541,0,0,0,321.26266,149.44907,True,2026022400778,167,0.0,1.6728749e-05,3.214038e-05,-1.9711606e-11,1593.6356,0.5788007,2111.3828,0.30131072,False,-3465.872,466.54434,False,False,True,15.2415495,,1851.7595,1681,-3617.8245,23.295078,151.60019630750864,,2.0492889719912517,,1.48419,,10.319528,,,0,False,,,,,,,,0,False,False,False,3202.003,137.33452,0.34616238,0.1321083,0.047004174,0.2105517,0.18331237,0.009474048,False,False,False,False,0.20269093,0.5574649,False,False,61096.237459995726,,22,False,False,False,False,False,False,False,False,False,False,False,False,False,False,False,False,False,False,False,False,False,r
2,61096.23628102642,lsst,151.60020423868662,2.0492737156462892,170028516436869257,170054971043086532,0,170028516436869257,-3120.4138,203.42113,0,0,0,458.2614,151.82738,True,2026022400779,170,0.0,6.940729e-06,1.3016519e-05,-9.881301e-12,3315.5845,0.23493439,1803.3782,0.12417721,False,-3011.3599,475.61435,False,False,True,14.304246,,1866.5122,1681,-3321.4263,9.665689,151.60020386279447,,2.049275211498548,,1.359157,,17.882265,,,0,False,,,,,,,,0,False,False,False,3397.6982,147.5037,0.2194174,0.06585956,0.077180974,0.21951413,0.18208353,0.04545828,False,False,False,False,0.34444264,0.6059865,False,False,61096.23798840777,,20,False,False,False,False,False,False,False,False,False,False,False,False,False,False,False,False,False,False,False,False,False,r
2,61096.236749997406,lsst,151.6001935162782,2.049285160769946,170028516436869257,170054971173634272,0,170028516436869257,-3278.7268,186.12523,0,0,0,162.70123,143.36118,True,2026022400780,163,0.0,7.956621e-06,1.16196425e-05,-9.285771e-12,3636.9663,0.21009336,2830.0781,0.1420224,False,-2864.229,442.8733,False,False,True,17.323553,,1645.5588,1681,-3558.213,10.215399,151.60019321546054,,2.049278091895344,,1.3613777,,19.0037,,,0,False,,,,,,,,0,False,False,False,3407.7754,121.28716,0.23645118,0.11242726,0.08133375,0.2072899,0.16908753,0.019014934,False,False,False,False,0.02482997,0.64839005,False,False,61096.238450281555,,20,False,False,False,False,False,False,False,False,False,False,False,False,False,False,False,False,False,False,False,False,False,r
2,61096.23814692414,lsst,151.6001892340531,2.049294748721148,170028516436869257,170054971576287508,0,170028516436869257,-3535.9246,183.38823,0,0,0,-33.50735,139.19824,True,2026022400783,163,0.0,6.9536122e-06,1.0079171e-05,-1.7074205e-11,2270.2053,0.18587242,2677.2424,0.11863661,False,-3723.9697,452.2743,False,False,True,18.859198,,1745.5435,1681,-3730.406,2.0406344,151.6001865512387,,2.04929122326192,,1.223918,,3.0879061,,,0,False,,,,,,,,0,False,False,False,3376.4631,123.31929,0.22043632,0.09598536,0.05036661,0.18477784,0.1552707,0.009339356,False,False,False,False,0.020336045,0.7221456,False,False,61096.239876267646,,20,False,False,False,False,False,False,False,False,False,False,False,False,False,False,False,False,False,False,False,False,False,r
2,61096.23914658364,lsst,151.60019641890935,2.049298679029996,170028516436869257,170054971844198602,0,170028516436869257,-3530.123,177.05275,0,0,0,16.999758,141.91624,True,2026022400785,162,0.0,6.4714263e-06,6.361391e-06,5.221576e-12,1582.0693,0.10794041,3131.2236,0.12283509,False,-4206.5337,446.50433,False,False,True,18.845585,,1892.4253,1681,-3605.6897,8.211537,151.60019943834396,,2.0492888789647794,,1.2596065,,7.044811,,,0,False,,,,,,,,0,False,False,False,3486.1396,108.060165,0.115092054,0.13329183,0.09258945,0.15996835,0.17320885,0.025503336,False,False,False,False,0.23687,0.66346395,False,False,61096.240846018714,,20,False,False,False,False,False,False,False,False,False,False,False,False,False,False,False,False,False,False,False,False,False,r
2,61096.24007967625,lsst,151.60019678354928,2.049273721524299,170028516436869257,170054972093235392,0,170028516436869257,-3249.044,182.1239,0,0,0,226.57397,137.66124,True,2026022400787,125,0.0,8.275984e-06,8.442809e-06,2.2895852e-11,305.3382,0.12348641,2975.82,0.17358133,False,-3634.4587,453.69073,False,False,True,17.084476,,1897.1375,1681,-3368.034,3.641634,151.60020106510095,,2.049275014445618,,1.3503588,,8.0264845,,,0,False,,,,,,,,0,False,False,False,3459.47,143.19037,0.09763405,0.16984303,0.103469774,0.14450423,0.17827462,0.020439116,False,False,False,False,0.11191806,0.670398,False,False,61096.2417708874,,20,False,False,False,False,False,False,False,False,False,False,False,False,False,False,False,False,False,False,False,False,False,r
2,61096.2405466043,lsst,151.60020375214674,2.0492955043372,170028516436869257,170054972227453135,0,170028516436869257,-3135.0105,170.9954,0,0,0,291.72293,137.3539,True,2026022400788,125,0.0,9.050302e-06,9.361884e-06,1.7233605e-11,3787.5422,0.1477772,1298.0197,0.18211548,False,-2754.7603,429.11826,False,False,True,17.584002,,1849.8622,1681,-3416.3584,2.3285024,151.60019903591748,,2.049289509204993,,1.306829,,8.518711,,,0,False,,,,,,,,0,False,False,False,3414.438,105.50416,0.1193504,0.2022571,0.084626935,0.17403522,0.185408,0.03709672,False,False,False,False,0.04862529,0.57303077,False,False,61096.2423524333,,21,False,False,False,False,False,False,False,True,False,False,True,False,True,False,False,False,False,False,False,False,False,r
2,61096.241952290104,lsst,151.6001933775799,2.0493006446788526,170028516436869257,170054972628009166,0,170028516436869257,-3244.1895,174.21416,0,0,0,146.91005,157.04773,True,2026022400791,121,0.0,8.92527e-06,9.721772e-06,1.4084619e-11,2250.117,0.15207015,2826.1575,0.18278515,False,-3145.2363,408.9576,False,False,True,18.360907,,1794.207,1681,-3336.125,0.5497831,151.60018972173984,,2.0492984489808928,,1.1473188,,6.569955,,,0,False,,,,,,,,0,False,False,False,3312.6653,70.90447,0.13367805,0.22008146,0.05063565,0.21449973,0.2176171,0.010755866,False,False,False,False,0.16302988,0.6566121,False,False,61096.24398461015,,23,False,False,False,False,False,False,False,False,False,False,False,False,False,False,False,False,False,False,False,False,False,r
2,61096.242886240565,lsst,151.60020008437215,2.049282541499975,170028516436869257,170054972874424476,0,170028516436869257,-3496.2903,176.87254,0,0,0,-56.669785,153.7546,True,2026022400793,79,0.0,7.7997065e-06,9.3867075e-06,1.6839587e-11,650.2049,0.13100193,1444.6115,0.1765116,False,-3224.5503,430.07095,False,False,True,19.366205,,1823.1824,1681,-3597.3225,0.63849646,151.60019679014766,,2.0492840276627655,,1.091172,,5.0952024,,,0,False,,,,,,,,0,False,False,False,3347.8909,89.373375,0.11669313,0.20740834,0.03935654,0.18816471,0.21501863,0.010544632,False,False,False,False,0.1765176,0.6339753,False,False,61096.244625020925,,22,False,False,False,False,False,False,False,False,False,False,False,False,False,False,False,False,False,False,False,False,False,r
2,61096.24335339402,lsst,151.60020810039094,2.0492875399533377,170028516436869257,170054973028565242,0,170028516436869257,-3411.4883,176.52402,0,0,0,27.499796,149.15207,True,2026022400794,117,0.0,7.5900234e-06,1.1052758e-05,3.1566003e-11,2170.239,0.12065773,515.1478,0.20925197,False,-3687.8206,431.48178,False,False,True,18.798344,,1890.9,1681,-3719.4617,7.885349,151.60020700175284,,2.049283408152167,,1.3492061,,2.0639799,,,0,False,,,,,,,,0,False,False,False,3331.3308,98.966835,0.10328366,0.25445047,0.06426712,0.19137599,0.21978109,0.028797532,False,False,False,False,0.08331472,0.6478512,False,False,61096.245192342496,,23,False,False,False,False,False,False,False,False,False,False,False,False,False,False,False,False,False,False,False,False,False,r
2,61096.24382213189,lsst,151.60020399623656,2.049273418248718,170028516436869257,170054973141287095,0,170028516436869257,-3324.3706,188.04767,0,0,0,103.06755,144.92549,True,2026022400795,76,0.0,8.907424e-06,1.3797072e-05,4.5202852e-11,2769.3992,0.14333908,2122.165,0.25860283,False,-2992.4326,462.03662,False,False,True,17.02614,,1868.4869,1681,-3550.56,1.3553386,151.600195153838,,2.0492852800907504,,1.1761702,,4.22144,,,0,False,,,,,,,,0,False,False,False,3340.758,143.66513,0.10780712,0.23045534,0.036498994,0.16893467,0.19459341,0.019584764,False,False,False,False,0.02173439,0.6457251,False,False,61096.24551155642,,20,False,False,False,False,False,False,False,False,False,False,False,False,False,False,False,False,False,False,False,False,False,r
2,61096.24428809878,lsst,151.60019643999001,2.0492690333663264,170028516436869257,170054973275504847,0,170028516436869257,-3517.086,180.32654,0,0,0,-161.77994,138.39343,True,2026022400796,76,0.0,6.8828676e-06,9.821493e-06,1.594721e-11,1447.3113,0.11771638,2198.9788,0.18107444,False,-3498.7112,462.4079,False,False,True,19.319193,,1721.022,1681,-3721.5896,4.0589876,151.60019408048262,,2.0492693548761136,,1.0867425,,6.5834637,,,0,False,,,,,,,,0,False,False,False,3311.3923,128.40848,0.09397096,0.20748639,0.020532535,0.15882699,0.16819033,0.0071633398,False,False,False,False,0.024698824,0.67354304,False,False,61096.24595627042,,21,False,False,False,False,False,False,False,False,False,False,False,False,False,False,False,False,False,False,False,False,False,r
2,61096.24522115019,lsst,151.6002021779706,2.049290620142373,170028516436869257,170054973543940283,0,170028516436869257,-3363.6455,204.30106,0,0,0,33.120857,142.35542,True,2026022400798,76,0.0,8.29635e-06,1.493403e-05,2.9622235e-11,2300.3684,0.14343442,828.7708,0.2721001,False,-3084.1816,496.8536,False,False,True,15.817997,,1853.2606,1681,-3700.5652,1.8766228,151.60019291876102,,2.0492880870198564,,1.2689663,,-3.523986,,,0,False,,,,,,,,0,False,False,False,3319.1274,177.45285,0.11356659,0.2617375,0.03955797,0.16343066,0.19783746,0.032988004,False,False,False,False,0.0068020336,0.6095835,False,False,61096.24691833084,,20,False,False,False,False,False,False,False,False,False,False,False,False,False,False,False,False,False,False,False,False,False,r
2,61096.24614097076,lsst,151.60019744534264,2.0492737647047212,170028516436869257,170054973834395857,0,170028516436869257,-3189.102,190.7274,0,0,0,222.7759,143.55632,True,2026022400800,118,0.0,1.3310097e-05,3.298726e-05,2.375432e-10,350.96698,0.19663846,1613.496,0.60960084,False,-3491.4666,456.70126,False,False,True,16.549194,,2008.0912,1681,-3708.2212,6.5604563,151.60020846975732,,2.049286605302277,,1.5046054,,4.2861705,,,0,False,,,,,,,,0,False,False,False,3327.6396,145.75528,0.08997897,0.32764232,0.040951353,0.16305014,0.2349188,0.024905322,False,False,False,False,0.012080753,0.577687,False,False,61096.24828043637,,22,False,False,False,False,False,False,False,False,False,False,False,False,False,False,False,False,False,False,False,False,False,r
2,61096.24707666016,lsst,151.60018889033836,2.0492956915970684,170028516436869257,170054974080286912,0,170028516436869257,-3229.281,192.90312,0,0,0,334.19046,149.42418,True,2026022400802,75,0.0,9.5138475e-06,2.9413904e-05,1.0949898e-10,2629.8218,0.15655008,3266.8916,0.5341858,False,-3163.0576,472.80096,False,False,True,15.857607,,1950.848,1681,-3613.493,30.30478,151.6001951321977,,2.049285469777534,,1.5269867,,2.1262214,,,0,False,,,,,,,,0,False,False,False,3454.603,165.18135,0.050579816,0.31764135,0.027306762,0.13438901,0.22561152,0.016505053,False,False,False,False,0.0023490095,0.5892824,False,False,61096.248710447166,,21,False,False,False,False,False,False,False,False,False,False,False,False,False,False,False,False,False,False,False,False,False,r
2,61096.31939791344,lsst,151.6002052874327,2.049299542071123,170028516436869257,170054987098357884,0,170028516436869257,-3605.957,227.56313,0,0,0,-112.68934,212.20207,True,2026022400899,73,0.0,1.2456068e-05,1.5621428e-05,8.834032e-12,2500.5889,0.22381705,2937.3425,0.28165355,False,-3804.487,500.00806,False,False,True,15.342174,,1688.4231,1681,-3678.2148,2.6114438,151.60020589320789,,2.0493001317630792,,1.019502,,-7.844494,,,0,False,,,,,,,,0,False,False,False,3319.2886,82.66125,0.21965034,0.30505708,0.021738356,0.25703594,0.2639071,0.01913906,False,False,False,False,0.0003402852,0.5664747,False,False,61096.32105338087,,24,False,False,False,False,False,False,False,False,False,False,False,False,False,False,False,False,False,False,False,False,False,r
2,61096.32152413358,lsst,151.60019721743654,2.049301115354258,170028516436869257,170054987689754740,0,170028516436869257,-3373.0144,239.76581,0,0,0,35.84076,234.1732,True,2026022400903,177,0.0,1.7398896e-05,1.9648134e-05,-9.162974e-12,376.27274,0.35420778,838.4084,0.31325698,False,-3836.372,487.52344,False,False,True,13.897883,,1683.4601,1681,-3654.1357,2.4410644,151.60019231871124,,2.0492917018686447,,1.247819,,15.46307,,,0,False,,,,,,,,0,False,False,False,3315.5037,47.649944,0.39739466,0.2917916,0.05017102,0.3528177,0.30381256,0.017936738,False,False,False,False,0.020016745,0.51433223,False,False,61096.32344124769,,27,False,False,False,False,False,False,False,False,False,False,False,False,False,False,False,False,False,False,False,False,False,r
2,61096.32246304526,lsst,151.60020490131615,2.049263602187589,170028516436869257,170054987952947326,0,170028516436869257,-3320.9607,237.93036,0,0,0,265.9924,229.24088,True,2026022400905,167,0.0,1.73972e-05,1.7364335e-05,4.0906628e-13,1762.5305,0.31246725,1116.61,0.31358466,False,-4296.2925,494.75793,False,False,True,13.660643,,1654.366,1681,-3742.8455,1.6442564,151.60019515815827,,2.049249446629734,,1.6486701,,24.307827,,,0,False,,,,,,,,0,False,False,False,3295.1116,60.928673,0.44176266,0.36427015,0.12919872,0.34899512,0.2804342,-0.019772932,False,False,False,False,0.4620917,0.51079506,False,False,61096.324188234765,,31,False,False,False,False,False,False,False,False,False,False,False,False,False,False,False,False,False,False,False,False,False,r
2,61096.32293179344,lsst,151.60020962707284,2.0492793072917044,170028516436869257,170054988085067922,0,170028516436869257,-3631.2908,219.65921,0,0,0,-173.3426,207.68962,True,2026022400906,163,0.0,1.1134563e-05,1.5284506e-05,-3.170035e-11,1652.0974,0.28009745,189.22606,0.19354473,False,-4152.496,484.99994,False,False,True,16.102503,,1701.141,1681,-3987.7395,1.6641749,151.60020744468292,,2.0492808774559625,,1.5477237,,-15.658351,,,0,False,,,,,,,,0,False,False,False,3305.6729,73.7326,0.38505518,0.13028441,-0.002681352,0.2930974,0.24338253,-0.01676599,False,False,False,False,0.010365936,0.6171208,False,False,61096.3247486072,,25,False,False,False,False,False,False,False,False,False,False,False,False,False,False,False,False,False,False,False,False,False,r
2,61096.3233997599,lsst,151.6001697941101,2.0492928003504485,170028516436869257,170054988221382767,0,170028516436869257,-3247.2073,236.72803,0,0,0,361.94516,221.52907,True,2026022400907,167,0.0,1.5839169e-05,2.363061e-05,-1.143964e-10,51.7177,0.43961447,3170.9722,0.26314592,False,-4036.8271,506.03357,False,False,True,13.558529,,1791.5759,1681,-3529.6323,6.7719707,151.60017261133,,2.049289137904791,,1.4013731,,-8.077903,,,0,False,,,,,,,,0,False,False,False,3247.2217,96.166794,0.3954798,0.21449253,0.03397126,0.31840312,0.25189406,-0.0061085345,False,False,False,False,0.033976063,0.5750032,False,False,61096.32509124238,,25,False,False,False,False,False,False,False,False,False,False,False,False,False,False,False,False,False,False,False,False,False,r
2,61096.32386900789,lsst,151.60019647315144,2.0493154239886975,170028516436869257,170054988355076230,0,170028516436869257,-3303.4119,234.79276,0,0,0,79.88727,222.46045,True,2026022400908,166,0.0,1.5169558e-05,1.9419982e-05,-6.692155e-11,284.0285,0.36148015,1505.0531,0.25761682,False,-4168.1743,499.88846,False,False,True,13.858936,,1678.0208,1681,-3722.627,11.526184,151.60020549497426,,2.049319727085417,,1.7441819,,8.311173,,,0,False,,,,,,,,0,False,False,False,3309.819,75.06385,0.38630152,0.2167216,0.14201482,0.30854565,0.25565645,0.009619968,False,False,False,False,0.032897495,0.56851786,False,False,61096.3255661038,,25,False,False,False,False,False,False,False,False,False,False,False,False,False,False,False,False,False,False,False,False,False,r
2,61096.32433966643,lsst,151.60018271550368,2.049279258316748,170028516436869257,170054988487196809,0,170028516436869257,-2945.0225,230.93004,0,0,0,440.15216,215.76436,True,2026022400909,162,0.0,1.5309353e-05,2.1176103e-05,-1.2012852e-10,884.94183,0.40363133,896.5681,0.24206103,False,-3324.149,500.17462,False,False,True,12.530594,,1751.009,1681,-3148.9385,7.2372665,151.60018203154746,,2.049291327592238,,1.3117052,,-13.823347,,,0,False,,,,,,,,0,False,False,False,3271.5857,76.71843,0.35221466,0.19443426,0.029882886,0.3112472,0.2461864,-0.005832026,False,False,False,False,0.002608528,0.5551106,False,False,61096.326212313536,,23,False,False,False,False,False,False,False,False,False,False,False,False,False,False,False,False,False,False,False,False,False,r
2,61096.32480658474,lsst,151.6001800903496,2.04925492711948,170028516436869257,170054988622987398,0,170028516436869257,-2938.9368,239.00029,0,0,0,560.24976,222.13895,True,2026022400910,165,0.0,1.5461133e-05,1.5895364e-05,-8.885463e-12,1000.18365,0.28877896,988.2269,0.27620077,False,-3710.152,522.99896,False,False,True,11.772632,,1629.2677,1681,-3172.5532,21.960497,151.6001918889438,,2.0492490169965576,,1.5312842,,2.3887851,,,0,False,,,,,,,,0,False,False,False,3232.549,92.76953,0.3485553,0.22502086,0.103991486,0.2940898,0.24295741,-0.019409435,False,False,False,False,0.030651165,0.5243491,False,False,61096.32652840132,,23,False,False,False,False,False,False,False,False,False,False,False,False,False,False,False,False,False,False,False,False,False,r
2,61096.325741014734,lsst,151.60019937678524,2.049297021444228,170028516436869257,170054988870451340,0,170028516436869257,-3168.7617,222.06744,0,0,0,220.55705,206.85384,True,2026022400912,125,0.0,1.391427e-05,1.4444353e-05,-1.6493964e-11,3516.9644,0.2666503,1987.9059,0.24363944,False,-3295.0388,484.08527,False,False,True,14.042213,,1675.4358,1681,-3281.7173,0.621863,151.60020441404637,,2.0492947700228776,,0.9178891,,-34.960434,,,0,False,,,,,,,,0,False,False,False,3271.5698,78.66088,0.29307112,0.2168628,-0.0024734458,0.3325853,0.21547055,-0.026219567,False,False,False,False,0.0326365,0.5246739,False,False,61096.32750256575,,23,False,False,False,False,False,False,False,False,False,False,False,False,False,False,False,False,False,False,False,False,False,r
2,61096.326676784025,lsst,151.60020102874938,2.0493164680923877,170028516436869257,170054989138886782,0,170028516436869257,-3330.162,218.09216,0,0,0,70.073265,205.87639,True,2026022400914,125,0.0,1.3353266e-05,1.3890626e-05,-3.4394702e-11,3278.4949,0.2675555,399.27408,0.22089426,False,-3298.0166,483.8487,False,False,True,14.977959,,1791.5358,1681,-3609.9434,9.574776,151.60020654901848,,2.049308047855159,,1.3040007,,-7.866454,,,0,False,,,,,,,,0,False,False,False,3264.8215,79.451675,0.27725786,0.19863877,0.07570021,0.326113,0.22176214,-0.008436809,False,False,False,False,0.111568436,0.6197277,False,False,61096.328372491014,,24,False,False,False,False,False,False,False,False,False,False,False,False,False,False,False,False,False,False,False,False,False,r
2,61096.33056165867,lsst,151.6001878837299,2.049300081364466,170028516436869257,170054990184841351,0,170028516436869257,-3199.213,235.21587,0,0,0,251.48036,223.63702,True,2026022400922,72,0.0,1.5065714e-05,1.7744203e-05,-1.20149845e-11,3641.8022,0.2706604,824.048,0.32021356,False,-2794.4817,512.00476,False,False,True,13.562024,,1832.1536,1681,-3217.519,3.1307275,151.60018718995647,,2.049300046804408,,0.6691466,,-44.130398,,,0,False,,,,,,,,0,False,False,False,3280.0461,87.78742,0.23286422,0.24428779,0.018709581,0.27248356,0.28771573,0.04552509,False,False,False,False,0.14285265,0.50817746,False,False,61096.33222723662,,22,False,False,False,False,False,False,False,False,False,False,False,False,False,False,False,False,False,False,False,False,False,r
2,61097.305671543334,lsst,151.60019855320527,2.049293512757561,170028516436869257,170059313231429800,0,170028516436869257,-3116.6238,175.29398,0,0,0,303.705,167.28688,True,2026022500363,125,0.0,1.0197714e-05,1.0178749e-05,3.1734168e-12,3784.8445,0.18066783,2154.0608,0.18630838,False,-2755.5977,412.56866,False,False,True,17.576572,,1655.1277,1681,-3129.5906,5.64578,151.60020220833374,,2.0492881289872975,,1.1272105,,7.801114,,,0,False,,,,,,,,0,False,False,False,3342.9814,37.09869,0.15274766,0.17464702,0.063875385,0.2243872,0.2057545,0.0057900576,False,False,False,False,0.26449126,0.5737588,False,False,61097.307431141555,,23,False,False,False,False,False,False,False,False,False,False,False,False,False,False,False,False,False,False,False,False,False,r
2,61097.30613740001,lsst,151.60019287026185,2.0492974105498063,170028516436869257,170059313365647539,0,170028516436869257,-3185.5178,168.7906,0,0,0,202.65627,161.5907,True,2026022500364,125,0.0,1.0044726e-05,1.0056684e-05,-1.913452e-11,1576.3657,0.19745694,1996.7852,0.16300654,False,-3007.808,414.6066,False,False,True,18.64501,,1686.2854,1681,-3287.9934,6.291422,151.60019417683714,,2.0492917387411573,,1.1897144,,-9.706546,,,0,False,,,,,,,,0,False,False,False,3283.6543,41.387108,0.21649271,0.16920695,0.06734329,0.22023883,0.17927551,-0.0047760084,False,False,False,False,0.0059625995,0.6285475,False,False,61097.30810192817,,20,False,False,False,False,False,False,False,False,False,False,False,False,False,False,False,False,False,False,False,False,False,r
2,61097.30660463016,lsst,151.60020001913944,2.049289267066624,170028516436869257,170059313499865272,0,170028516436869257,-3247.2788,169.86107,0,0,0,168.02126,162.63364,True,2026022500365,125,0.0,1.10104165e-05,1.0762979e-05,-2.7109981e-11,755.5268,0.2175163,1861.1652,0.17212518,False,-3468.7083,414.36896,False,False,True,18.67809,,1766.7467,1681,-3487.0957,6.2773705,151.6002011870382,,2.0492875377612823,,1.3453897,,-14.964977,,,0,False,,,,,,,,0,False,False,False,3293.3384,41.843143,0.25001764,0.17366824,0.08623933,0.21591853,0.18391667,0.005979057,False,False,False,False,0.017656155,0.5947669,False,False,61097.30850856336,,21,False,False,False,False,False,False,False,False,False,False,False,False,False,False,False,False,False,False,False,False,False,r
2,61097.30707368819,lsst,151.60020072872229,2.049291120971959,170028516436869257,170059313631985858,0,170028516436869257,-3088.5015,173.92934,0,0,0,333.21823,164.48692,True,2026022500366,121,0.0,1.0891305e-05,1.13164515e-05,2.0885186e-11,2187.2197,0.18195736,2020.529,0.21667907,False,-3294.9646,419.2035,False,False,True,17.366169,,1701.655,1681,-3273.6067,3.092829,151.60020201693533,,2.0492962976665337,,1.3645611,,12.726036,,,0,False,,,,,,,,0,False,False,False,3329.9895,50.885216,0.15539788,0.27444223,0.077014506,0.21265136,0.18593419,0.009445326,False,False,False,False,0.03022362,0.56505495,False,False,61097.30882790538,,22,False,False,False,False,False,False,False,False,False,False,False,False,False,False,False,False,False,False,False,False,False,r
2,61097.30754100163,lsst,151.60019334528803,2.049294668651569,170028516436869257,170059313767776401,0,170028516436869257,-3020.6895,173.69865,0,0,0,382.2973,162.57642,True,2026022500367,124,0.0,1.00067255e-05,1.0775987e-05,2.3745391e-11,2136.3665,0.16428131,288.80066,0.20789568,False,-3598.1873,426.80402,False,False,True,16.999786,,1619.2247,1681,-3066.3696,11.265973,151.60020136545924,,2.0492879607717707,,1.1525854,,15.058249,,,0,False,,,,,,,,0,False,False,False,3334.343,55.506496,0.080853924,0.18816218,0.04771413,0.19735081,0.18304203,-0.002626236,False,False,False,False,0.33535838,0.5699086,False,False,61097.30924028467,,22,False,False,False,False,False,False,False,False,False,False,False,False,False,False,False,False,False,False,False,False,False,r
2,61097.30894467821,lsst,151.60021207498878,2.049278666931422,170028516436869257,170059314166759677,0,170028516436869257,-3416.2583,179.0807,0,0,0,4.942517,155.04845,True,2026022500370,117,0.0,8.851041e-06,1.0587946e-05,2.2682438e-11,3906.542,0.14751895,743.93164,0.20010471,False,-3605.283,447.4372,False,False,True,18.415192,,1807.1392,1681,-3632.3645,11.820445,151.6002162776671,,2.049272990261673,,1.2425891,,4.129321,,,0,False,,,,,,,,0,False,False,False,3369.3896,99.51868,0.10765475,0.22330123,0.05842904,0.17508425,0.17751181,0.010057875,False,False,False,False,0.016497053,0.5792121,False,False,61097.31062716659,,22,False,False,False,False,False,False,False,False,False,False,False,False,False,False,False,False,False,False,False,False,False,r
2,61097.30941434331,lsst,151.60020311304547,2.0493108741668764,170028516436869257,170059314281054367,0,170028516436869257,-3035.406,179.76076,0,0,0,385.05432,164.19197,True,2026022500371,79,0.0,1.0011291e-05,1.2467644e-05,3.0273322e-11,1711.7675,0.16794847,3337.2947,0.23390158,False,-2905.4885,444.7955,False,False,True,16.568462,,1726.2604,1681,-3131.4531,15.582958,151.60020949591757,,2.04930952391594,,1.2678144,,4.650055,,,0,False,,,,,,,,0,False,False,False,3353.902,68.133125,0.09811714,0.23344807,0.053791516,0.1855448,0.18133424,0.004176789,False,False,False,False,0.041651063,0.5754817,False,False,61097.311052185134,,20,False,False,False,False,False,False,False,False,False,False,False,False,False,False,False,False,False,False,False,False,False,r
2,61097.31035608298,lsst,151.60018684215044,2.0492868819881567,170028516436869257,170059314549489838,0,170028516436869257,-3380.4868,188.51881,0,0,0,58.426796,165.99501,True,2026022500373,79,0.0,8.621503e-06,1.2797017e-05,3.2113805e-11,3531.5752,0.14411952,3025.2603,0.23751222,False,-2826.2678,454.21143,False,False,True,17.27146,,1721.6707,1681,-3385.6558,14.980417,151.60019163812248,,2.049278495808939,,1.1618857,,16.147501,,,0,False,,,,,,,,0,False,False,False,3350.6448,81.15505,0.07294053,0.21642588,0.0043172822,0.18213879,0.207463,0.0074567995,False,False,False,False,0.27577007,0.587022,False,False,61097.31208788307,,21,False,False,False,False,False,False,False,False,False,False,False,False,False,False,False,False,False,False,False,False,False,r
2,61097.31082371747,lsst,151.6002057627278,2.0493009379993943,170028516436869257,170059314683707543,0,170028516436869257,-3299.366,180.17815,0,0,0,144.91217,167.30853,True,2026022500374,79,0.0,9.329305e-06,1.1172225e-05,1.0737994e-11,2294.0579,0.16534375,793.5383,0.20337716,False,-3663.337,439.17975,False,False,True,18.034023,,1691.4437,1681,-3282.077,7.801087,151.60020498480282,,2.0492992898695297,,0.95705074,,4.2464066,,,0,False,,,,,,,,0,False,False,False,3319.907,68.35524,0.11784746,0.20035088,0.01606719,0.20790991,0.19484141,0.012142862,False,False,False,False,0.19918749,0.60330516,False,False,61097.31264078104,,21,False,False,False,False,False,False,False,False,False,False,False,False,False,False,False,False,False,False,False,False,False,r
2,61097.31290322063,lsst,151.60021638952585,2.0492850627167676,170028516436869257,170059315266715778,0,170028516436869257,-3107.7021,206.44073,0,0,0,432.20386,196.32779,True,2026022500378,167,0.0,1.6604405e-05,1.6027854e-05,4.313876e-12,2323.1548,0.28795874,1117.226,0.29976138,False,-3725.0063,442.21445,False,False,True,14.807256,,1782.0266,1681,-3451.5776,3.5515556,151.6002133067312,,2.0492707578922795,,1.544219,,32.849026,,,0,False,,,,,,,,0,False,False,False,3311.9895,63.610764,0.36514446,0.36362848,0.117697954,0.2882272,0.27502096,0.0021857335,False,False,False,False,0.45598218,0.5450103,False,False,61097.314629153116,,25,False,False,False,False,False,False,False,False,False,False,False,False,False,False,False,False,False,False,False,False,False,r
2,61097.313374165045,lsst,151.6002099459915,2.049295320856355,170028516436869257,170059315400933521,0,170028516436869257,-3222.5144,187.97568,0,0,0,213.22847,182.10207,True,2026022500379,167,0.0,1.0574942e-05,1.4735737e-05,-3.007812e-11,336.30978,0.27012184,2087.992,0.18370198,False,-3899.8743,434.64966,False,False,True,16.944067,,1693.861,1681,-3443.5854,8.082769,151.60022116411753,,2.049298309918085,,1.348646,,-3.4115396,,,0,False,,,,,,,,0,False,False,False,3309.2256,41.53278,0.29842338,0.123626634,0.037138075,0.24366473,0.23631614,0.006913605,False,False,False,False,0.08382199,0.6493109,False,False,61097.31521367148,,23,False,False,False,False,False,False,False,False,False,False,False,False,False,False,False,False,False,False,False,False,False,r
2,61097.31384446165,lsst,151.6001978110342,2.049314856451381,170028516436869257,170059315534626965,0,170028516436869257,-3206.0955,189.5298,0,0,0,284.21936,181.02502,True,2026022500380,166,0.0,1.0521199e-05,1.5282478e-05,-4.39761e-11,3787.8467,0.2833392,2380.5273,0.17718194,False,-3949.4395,440.0382,False,False,True,16.544922,,1649.2921,1681,-3365.3025,10.314024,151.60020489757832,,2.0493094318591183,,1.2797997,,5.248167,,,0,False,,,,,,,,0,False,False,False,3332.289,42.426086,0.26088285,0.14428973,0.06086088,0.2533798,0.21454212,0.010646545,False,False,False,False,0.10001789,0.5696023,False,False,61097.31578257443,,24,False,False,False,False,False,False,False,False,False,False,False,False,False,False,False,False,False,False,False,False,False,r
2,61097.31431433642,lsst,151.60021406255143,2.049291436644955,170028516436869257,170059315668320393,0,170028516436869257,-3560.123,196.38478,0,0,0,47.404198,188.01451,True,2026022500381,165,0.0,1.072997e-05,1.3318958e-05,-2.7477824e-11,3549.7676,0.24677262,279.70633,0.18447521,False,-4510.5923,444.706,False,False,True,17.604065,,1624.0321,1681,-3881.7314,15.908875,151.60022388529885,,2.049287052672444,,1.5520831,,8.55078,,,0,False,,,,,,,,0,False,False,False,3367.533,44.02526,0.33216134,0.2002899,0.10884794,0.27991506,0.2223402,0.008524505,False,False,False,False,0.02247799,0.66884285,False,False,61097.316210158046,,26,False,False,False,False,False,False,False,False,False,False,False,False,False,False,False,False,False,False,False,False,False,r
2,61097.31525257744,lsst,151.60020599855267,2.0493064449183116,170028516436869257,170059315935183000,0,170028516436869257,-3187.589,205.61705,0,0,0,232.12892,188.03564,True,2026022500383,162,0.0,1.2516151e-05,1.462735e-05,-3.872853e-11,1684.3832,0.27516782,3026.0828,0.21105427,False,-3616.8333,451.12225,False,False,True,15.10141,,1680.5684,1681,-3402.2285,9.201553,151.60021113029657,,2.0493000034482765,,1.4075112,,-7.6460905,,,0,False,,,,,,,,0,False,False,False,3295.1426,87.41239,0.32972804,0.17090489,0.06315685,0.27811196,0.2379774,0.0057453564,False,False,False,False,0.0057796002,0.6255405,False,False,61097.31694946902,,24,False,False,False,False,False,False,False,False,False,False,False,False,False,False,False,False,False,False,False,False,False,r
2,61097.31572252775,lsst,151.6001955156202,2.049276283639334,170028516436869257,170059316070973571,0,170028516436869257,-3033.3801,217.45923,0,0,0,561.97,202.05185,True,2026022500384,165,0.0,1.4325273e-05,1.5700316e-05,-3.4592405e-11,1168.9965,0.2938653,962.25,0.24561822,False,-3277.8652,461.6716,False,False,True,13.586053,,1496.2689,1681,-3298.731,10.612953,151.60020978250444,,2.0492786639263816,,1.606079,,7.9747305,,,0,False,,,,,,,,0,False,False,False,3337.0798,83.95819,0.29235807,0.22306994,0.13557568,0.2931273,0.2564201,0.01087991,False,False,False,False,0.026194315,0.569972,False,False,61097.31733598934,,23,False,False,False,False,False,False,False,False,False,False,False,False,False,False,False,False,False,False,False,False,False,r
2,61108.08591622555,lsst,151.60017967413853,2.0492840227991165,170028516436869257,170107660764971148,0,170028516436869257,-3565.3308,206.60445,0,0,0,-134.07472,202.0773,True,2026030800132,175,0.0,1.1042538e-05,1.50438445e-05,2.0994458e-11,2931.062,0.27321148,2129.9983,0.19572714,False,-4658.3975,487.8684,False,False,True,17.108963,,1661.6333,1681,-3836.0845,1.2835766,151.6001828317958,,2.0492821124785796,,1.3559251,,10.536471,,,0,False,,,,,,,,0,False,False,False,3326.726,37.388924,0.35019097,0.16586187,-0.0013655382,0.22602011,0.21064383,0.0044284095,False,False,False,False,0.16531338,0.6270244,False,False,61108.08770445784,,25,False,False,False,False,False,False,False,False,False,False,False,False,False,False,False,False,False,False,False,False,False,r
2,61108.08638488848,lsst,151.6002021130982,2.049289659575202,170028516436869257,170107660899188900,0,170028516436869257,-3171.9353,208.5951,0,0,0,141.4871,204.91142,True,2026030800133,175,0.0,1.2155989e-05,1.5381213e-05,1.271618e-11,804.7231,0.2779473,3384.7659,0.21787381,False,-3635.9243,492.39798,False,False,True,15.140262,,1677.8881,1681,-3257.325,7.8460665,151.6002013976308,,2.049288276417494,,1.1411363,,6.742421,,,0,False,,,,,,,,0,False,False,False,3306.6965,32.5048,0.2557988,0.12643835,-0.0027800424,0.21918344,0.22006388,0.004577819,False,False,False,False,0.08850865,0.5171002,False,False,61108.088080986956,,24,False,False,False,False,False,False,False,False,False,False,False,False,False,False,False,False,False,False,False,False,False,r
2,61140.07903673018,lsst,151.60019150793778,2.0492729931523943,170028516436869257,170248393286746279,0,170028516436869257,-3001.3372,184.53851,0,0,0,211.5976,177.17331,True,2026040900095,174,0.0,1.0841903e-05,1.2136156e-05,1.2235788e-13,4006.0862,0.21848425,2987.9844,0.1955033,False,-2314.3555,443.56723,False,False,True,16.28851,,1722.1259,1681,-3040.9102,4.5148187,151.60018849735178,,2.0492685816760954,,1.119721,,30.492159,,,0,False,,,,,,,,0,False,False,False,3300.4944,40.837986,0.19707201,0.13484363,0.055459157,0.19365038,0.20315607,0.004686992,False,False,False,False,0.12445151,0.5834382,False,False,61140.08047123595,,19,False,False,False,False,False,False,False,False,False,False,False,False,False,False,False,False,False,False,False,False,False,r
2,61172.00277072223,lsst,151.60020723087385,2.049291095447396,170028516436869257,170389127155941614,0,170028516436869257,-3330.4177,175.47859,0,0,0,70.04597,133.72955,True,2026051100068,183,0.0,6.62192e-06,1.1862086e-05,3.109226e-11,224.37927,0.22037207,1765.0115,0.10624498,False,-3422.2634,489.71545,False,False,True,18.38354,,1685.1248,1681,-3564.4148,11.481777,151.6001974898912,,2.0492821091757762,,1.1910708,,11.651038,,,0,False,,,,,,,,0,False,False,False,3453.0496,119.090744,0.20004176,0.040402636,-0.0132749425,0.12512515,0.109784365,0.0037272337,False,False,False,False,0.0016317312,0.6091888,False,False,61172.004179750526,,17,False,False,False,False,False,False,False,False,False,False,False,False,False,False,False,False,False,False,False,False,False,r
2,61178.0021633464,lsst,151.600202898087,2.049292078307147,170028516436869257,170415520905429212,0,170028516436869257,-3295.811,160.41724,0,0,0,87.05571,142.87122,True,2026051700109,121,0.0,7.798966e-06,8.369476e-06,1.137233e-11,2469.2761,0.13148384,3437.5432,0.15881896,False,-3725.7615,419.05948,False,False,True,20.00131,,1855.3833,1681,-3267.497,5.352597,151.60019913368194,,2.0492889882959964,,1.0779415,,9.653162,,,0,False,,,,,,,,0,False,False,False,3404.216,70.54002,0.082798935,0.16401832,0.04685898,0.14860441,0.15534458,0.0006038198,False,False,False,False,0.12593645,0.66945946,False,False,61178.00345719331,,22,False,False,False,False,False,False,False,False,False,False,False,False,False,False,False,False,False,False,False,False,False,r
2,61178.00270843573,lsst,151.60020084995952,2.049289682913997,170028516436869257,170415521038074119,0,170028516436869257,-3457.9858,155.09782,0,0,0,-215.60608,134.59943,False,2026051700110,118,,6.6865578e-06,7.600622e-06,1.2330307e-11,401.71436,0.11013302,3044.1594,0.14543708,False,-3356.684,418.3187,False,False,True,21.723122,,1772.6965,1681,-3513.328,4.0563807,151.60019840632467,,2.0492844443655343,,1.1423863,,6.641453,,,0,False,,,,,,,,0,False,False,False,3370.0525,78.42479,0.080250554,0.1736922,0.053895947,0.13813923,0.14111122,0.00029440926,False,False,False,False,0.02833764,0.639659,False,False,61178.67782172566,,21,False,False,False,False,False,False,False,False,False,False,False,False,False,False,False,False,False,False,False,False,False,r
2,61179.98240712174,lsst,151.60020023322681,2.0492907507943405,170028516436869257,170424316331557114,0,170028516436869257,-3328.0723,175.2403,0,0,0,27.406729,125.427795,True,2026051900104,129,0.0,6.76243e-06,8.584615e-06,9.5969396e-12,2542.5208,0.15765278,2050.366,0.11769962,False,-3591.436,487.39346,False,False,True,18.318377,,1927.6566,1681,-3454.3635,7.597251,151.60019310581865,,2.0492901603277858,,1.0387374,,4.1575923,,,0,False,,,,,,,,0,False,False,False,3424.5227,135.18224,0.15173309,0.043407198,-0.026436955,0.1231209,0.12494109,-0.011792912,False,False,False,False,0.13165835,0.60426885,False,False,61179.983765525016,,16,False,False,False,False,False,False,False,False,False,False,False,False,False,False,False,False,False,False,False,False,False,r
2,61179.99164476278,lsst,151.60020623279627,2.0492944919800054,170028516436869257,170424318771069130,0,170028516436869257,-3390.9397,169.04587,0,0,0,21.796535,131.6661,True,2026051900122,174,0.0,5.8216606e-06,8.517244e-06,-1.6771208e-12,240.84567,0.15339334,1565.8724,0.10482735,False,-3969.9092,507.81528,False,False,True,20.101511,,1738.3477,1681,-3551.8918,4.158357,151.60019959644816,,2.049290126795373,,0.9798291,,8.104206,,,0,False,,,,,,,,0,False,False,False,3425.3093,102.9027,0.14575343,0.04909538,0.018805213,0.11480649,0.11437834,-0.0015919998,False,False,False,False,0.062366925,0.68470395,False,False,61179.99303103808,,16,False,False,False,False,False,False,False,False,False,False,False,False,False,False,False,False,False,False,False,False,False,r
2,61179.99211116067,lsst,151.60019958350017,2.0492875022503894,170028516436869257,170424318906859698,0,170028516436869257,-3367.5496,177.9108,0,0,0,-81.67747,138.1517,True,2026051900123,177,0.0,6.937711e-06,9.828211e-06,-4.6657777e-12,805.1424,0.17735913,672.0198,0.12455572,False,-3232.9294,516.22974,False,False,True,18.969574,,1683.0571,1681,-3702.3804,4.072041,151.60019291197506,,2.0492835543807524,,1.1400535,,7.605635,,,0,False,,,,,,,,0,False,False,False,3344.0198,125.943146,0.19860263,0.07372239,0.030765405,0.11782523,0.12262453,-0.0097135585,False,False,False,False,0.05156421,0.68842584,False,False,61179.993503872334,,17,False,False,False,False,False,False,False,False,False,False,False,False,False,False,False,False,False,False,False,False,False,r
