band,mjd,survey_id,ra,dec,oid,measurement_id,parentDiaSourceId,diaObjectId,psfFlux,psfFluxErr,psfFlux_flag,psfFlux_flag_edge,psfFlux_flag_noGoodPixels,scienceFlux,scienceFluxErr,has_stamp,visit,detector,ssObjectId,raErr,decErr,ra_dec_Cov,x,xErr,y,yErr,centroid_flag,apFlux,apFluxErr,apFlux_flag,apFlux_flag_apertureTruncated,isNegative,snr,psfLnL,psfChi2,psfNdata,trailFlux,trailFluxErr,trailRa,trailRaErr,trailDec,trailDecErr,trailLength,trailLengthErr,trailAngle,trailAngleErr,trailChi2,trailNdata,trail_flag_edge,dipoleMeanFlux,dipoleMeanFluxErr,dipoleFluxDiff,dipoleFluxDiffErr,dipoleLength,dipoleAngle,dipoleChi2,dipoleNdata,forced_PsfFlux_flag,forced_PsfFlux_flag_edge,forced_PsfFlux_flag_noGoodPixels,templateFlux,templateFluxErr,ixx,iyy,ixy,ixxPSF,iyyPSF,ixyPSF,shape_flag,shape_flag_no_pixels,shape_flag_not_contained,shape_flag_parent_source,extendedness,reliability,isDipole,dipoleFitAttempted,timeProcessedMjdTai,timeWithdrawnMjdTai,bboxSize,pixelFlags,pixelFlags_bad,pixelFlags_cr,pixelFlags_crCenter,pixelFlags_edge,pixelFlags_nodata,pixelFlags_nodataCenter,pixelFlags_interpolated,pixelFlags_interpolatedCenter,pixelFlags_offimage,pixelFlags_saturated,pixelFlags_saturatedCenter,pixelFlags_suspect,pixelFlags_suspectCenter,pixelFlags_streak,pixelFlags_streakCenter,pixelFlags_injected,pixelFlags_injectedCenter,pixelFlags_injected_template,pixelFlags_injected_templateCenter,glint_trail,band_name
3,61090.180597784965,lsst,151.40966086558768,2.296274793134114,170028510548066453,170028510548066453,0,170028510548066453,-2543.1375,258.18448,0,0,0,7929.9004,254.82849,True,2026021800241,157,0.0,1.9336696e-05,1.909003e-05,1.39584715e-11,569.6127,0.35329372,3071.8962,0.33916798,False,-2648.6792,582.94824,False,False,True,9.685671,,1584.8523,1681,-2471.961,4.709723,151.4096641475089,,2.2962730575826686,,0.66795164,,29.666904,,,0,False,,,,,,,,0,False,False,False,10483.531,14.493635,0.19617714,0.17155625,-0.015467289,0.2719349,0.18713522,-0.009504523,False,False,False,False,0.20367295,0.4799593,False,False,61090.18225801375,,20,False,False,False,False,False,False,False,False,False,False,False,False,False,False,False,False,False,False,False,False,False,i
3,61090.18106558244,lsst,151.40965166966524,2.2962711218882617,170028510548066453,170028510680187037,0,170028510548066453,-2359.9998,249.50415,0,0,0,8064.644,244.83281,False,2026021800242,153,,5.0494364e-05,4.4785003e-05,9.856982e-10,610.41394,1.0349267,653.8147,0.63776684,False,-3773.2495,572.107,False,False,True,9.270046,,1610.5094,1681,-2592.0842,4.057672,151.4096495505807,,2.29627559324976,,1.456756,,34.023117,,,0,False,,,,,,,,0,False,False,False,10388.292,13.92697,0.4000869,0.23297215,-0.06390881,0.23947443,0.17951643,-0.003919984,False,False,False,False,0.7454887,0.55747885,False,False,61090.18269728948,,19,False,False,False,False,False,False,False,False,False,False,False,False,False,False,False,False,False,False,False,False,False,i
3,61090.18153057039,lsst,151.40964837509864,2.2962185221743723,170028510548066453,170028510815977579,0,170028510548066453,-2684.71,273.82837,0,0,0,7414.7397,270.02686,False,2026021800243,156,,4.9633443e-05,4.515636e-05,1.3230573e-09,1550.0266,1.0799154,1081.485,0.54362816,False,-3813.8293,580.51215,False,False,True,9.541127,,1706.1677,1681,-3215.9578,14.862953,151.40966850251792,,2.2962360072737833,,2.0604455,,69.61205,,,0,False,,,,,,,,0,False,False,False,10131.652,11.999631,0.5924257,0.23753834,0.14903265,0.30899402,0.20816395,-0.0029877357,False,False,False,False,0.90640503,0.57444024,False,False,61090.183138748034,,23,False,False,False,False,False,False,False,False,False,False,False,False,False,False,False,False,False,False,False,False,False,i
3,61090.181996839354,lsst,151.40965518695504,2.296277835460376,170028510548066453,170028510963826827,0,170028510548066453,-2514.4275,248.13602,0,0,0,7838.134,243.72472,False,2026021800244,182,,2.2728524e-05,2.2261656e-05,2.2399287e-10,1379.507,0.48689422,1758.8569,0.3025857,False,-3293.443,592.42834,False,False,True,9.824258,,1643.9137,1681,-2790.9612,22.796627,151.40964975541831,,2.2962843808622315,,1.5013849,,79.409904,,,0,False,,,,,,,,0,False,False,False,10402.919,14.101436,0.28880745,0.19092466,0.10982064,0.21712616,0.1688184,0.007480688,False,False,False,False,0.248384,0.507934,False,False,61090.183650753264,,18,False,False,False,False,False,False,False,False,False,False,False,False,False,False,False,False,False,False,False,False,False,i
3,61090.182463713754,lsst,151.40965807512384,2.296270420583871,170028510548066453,170028511082315897,0,170028510548066453,-2505.3862,252.08418,0,0,0,7886.9053,248.55983,False,2026021800245,152,,1.980317e-05,1.9768004e-05,-2.4580725e-11,3029.84,0.345071,1457.3428,0.36742237,False,-2772.954,577.4819,False,False,True,9.906825,,1673.3082,1681,-2607.0059,44.113174,151.40964998716092,,2.2962879966237755,,1.2762308,,90.90618,,,0,False,,,,,,,,0,False,False,False,10440.593,13.323032,0.17404255,0.18822706,0.08561789,0.2399814,0.18214673,0.0013617488,False,False,False,False,0.10081732,0.48218927,False,False,61090.1841711694,,18,False,False,False,False,False,False,False,False,False,False,False,False,False,False,False,False,False,False,False,False,False,i
3,61090.182928447764,lsst,151.40963950881297,2.2962379537912265,170028510548066453,170028511216009401,0,170028510548066453,-2215.188,231.47908,0,0,0,7798.257,225.76646,False,2026021800246,151,,3.5825084e-05,3.8796396e-05,7.104423e-10,3748.1902,0.8279831,2704.123,0.4681064,False,-2404.201,563.2408,False,False,True,9.611438,,1683.0383,1681,-2689.3804,11.141602,151.40964435820933,,2.296247648545228,,1.727066,,61.85118,,,0,False,,,,,,,,0,False,False,False,10047.972,12.730622,0.4250421,0.1883118,0.1084631,0.19393292,0.17253427,0.0048261094,False,False,False,False,0.87531406,0.5366481,False,False,61090.184872037826,,20,False,False,False,False,False,False,False,False,False,False,False,False,False,False,False,False,False,False,False,False,False,i
3,61090.18339506337,lsst,151.40965013473973,2.2962663104873284,170028510548066453,170028511350227087,0,170028510548066453,-2607.0815,247.3363,0,0,0,7815.823,242.34094,False,2026021800247,151,,2.3320705e-05,2.2423392e-05,-8.055102e-11,2745.7927,0.3778156,2963.5605,0.4435915,False,-3181.025,566.1682,False,False,True,10.466284,,1635.5424,1681,-2750.9133,2.3539274,151.40964960602219,,2.2962597814522856,,1.236564,,-37.548893,,,0,False,,,,,,,,0,False,False,False,10447.5625,13.063653,0.17801751,0.3084342,-0.036961865,0.2188241,0.18866746,-0.0028036032,False,False,False,False,0.17425412,0.54392856,False,False,61090.185055707036,,19,False,False,False,False,False,False,False,False,False,False,False,False,False,False,False,False,False,False,False,False,False,i
3,61090.18385856578,lsst,151.40965371136065,2.296275709205528,170028510548066453,170028511502270617,0,170028510548066453,-2443.4597,243.97972,0,0,0,7992.322,238.894,False,2026021800248,185,,2.4262574e-05,2.1742464e-05,-1.5126388e-10,2991.9185,0.34609595,573.93097,0.474646,False,-3278.2402,572.96387,False,False,True,10.056625,,1781.3915,1681,-2617.5732,10.59922,151.40965330104703,,2.2962681907702684,,1.2228167,,-49.080345,,,0,False,,,,,,,,0,False,False,False,10391.123,14.267156,0.12878929,0.27588707,-0.017065985,0.20683655,0.1817663,0.00370362,False,False,False,False,0.008302762,0.54232514,False,False,61090.185536573794,,19,False,False,False,False,False,False,False,False,False,False,False,False,False,False,False,False,False,False,False,False,False,i
3,61090.18432797135,lsst,151.40966483372682,2.2962734541830483,170028510548066453,170028511634391173,0,170028510548066453,-2537.14,227.12535,0,0,0,7855.171,221.51184,False,2026021800249,181,,1.5963447e-05,1.961181e-05,1.2763633e-10,2560.7424,0.38750142,196.93416,0.23940673,False,-2196.8174,561.2604,False,False,True,11.025365,,1721.1053,1681,-2659.2856,7.3609695,151.4096682248516,,2.2962728465974536,,1.2198298,,32.569138,,,0,False,,,,,,,,0,False,False,False,10389.785,13.378549,0.24792448,0.09207521,0.0027288343,0.17773063,0.16551296,-0.00058869156,False,False,False,False,0.00038375478,0.45250124,False,False,61090.18621464439,,18,False,False,False,False,False,False,False,False,False,False,False,False,False,False,False,False,False,False,False,False,False,i
3,61090.18479328063,lsst,151.40965859241828,2.2962614478122245,170028510548066453,170028511752880301,0,170028510548066453,-2349.3315,233.10982,0,0,0,8055.4873,229.09842,True,2026021800250,151,0.0,2.0246316e-05,2.324629e-05,1.0121913e-10,463.2873,0.43936715,3104.8577,0.33925253,False,-2538.6775,562.773,False,False,True,10.081375,,1686.4844,1681,-2528.6133,7.539131,151.40965736515957,,2.2962664075392274,,1.2564409,,11.632227,,,0,False,,,,,,,,0,False,False,False,10406.537,12.664883,0.29156995,0.16103122,-0.04420007,0.18633671,0.18156421,-0.0036601652,False,False,False,False,0.21648932,0.51678324,False,False,61090.186643075445,,18,False,False,False,False,False,False,False,False,False,False,False,False,False,False,False,False,False,False,False,False,False,i
3,61090.18526546116,lsst,151.40966146887445,2.2963048327162485,170028510548066453,170028511885000877,0,170028510548066453,-2365.838,231.13457,0,0,0,7968.1577,225.95702,False,2026021800251,147,,1.7168697e-05,2.014632e-05,6.964354e-11,2551.0413,0.37729308,3831.7375,0.29100734,False,-1968.5111,565.69525,False,False,True,10.053844,,1623.045,1681,-2427.2761,5.949752,151.40966425163288,,2.296309181782014,,1.1167122,,15.141686,,,0,False,,,,,,,,0,False,False,False,10303.781,13.253507,0.22557144,0.107918896,-0.022881648,0.17925557,0.17257589,-0.0055307425,False,False,False,False,0.011882989,0.47757867,False,False,61090.18715078947,,18,False,False,False,False,False,False,False,False,False,False,False,False,False,False,False,False,False,False,False,False,False,i
3,61090.18572755182,lsst,151.40966904072997,2.296271392334316,170028510548066453,170028512038617257,0,170028510548066453,-2780.5754,249.33762,0,0,0,7750.5894,245.02798,False,2026021800252,184,,1.8845769e-05,1.8161942e-05,-1.33328825e-11,2038.1873,0.3243458,2712.252,0.34265393,False,-3013.5544,582.99146,False,False,True,11.099166,,1693.5773,1681,-2653.5356,3.187643,151.40966549123172,,2.2962719909358094,,0.6970788,,75.37038,,,0,False,,,,,,,,0,False,False,False,10511.068,13.558433,0.18033332,0.19224356,0.020794803,0.18857612,0.20646411,-0.010083228,False,False,False,False,0.015886117,0.54958785,False,False,61090.18739741194,,19,False,False,False,False,False,False,False,False,False,False,False,False,False,False,False,False,False,False,False,False,False,i
3,61090.186195496266,lsst,151.40969563166414,2.2962940237296947,170028510548066453,170028512171786432,0,170028510548066453,-2380.0786,224.29808,0,0,0,7678.116,220.95805,False,2026021800253,182,,1.735394e-05,1.5911097e-05,-1.9992483e-11,297.64423,0.2825444,3702.5012,0.31661007,False,-2045.2413,584.9341,False,False,True,10.422945,,1630.1755,1681,-2500.3606,7.920783,151.40969539146175,,2.2962902971744352,,1.0881405,,97.28552,,,0,False,,,,,,,,0,False,False,False,10122.234,15.279992,0.109592415,0.21793714,0.024681946,0.16096616,0.1416057,-0.010048088,False,False,False,False,0.02546888,0.3252711,False,False,61090.187981006726,,18,False,False,False,False,False,False,False,False,False,False,False,False,False,False,False,False,False,False,False,False,False,i
3,61090.18666143439,lsst,151.40964415987716,2.2962619543438962,170028510548066453,170028512300761270,0,170028510548066453,-2564.044,227.80522,0,0,0,7718.5693,222.79343,False,2026021800254,172,,1.3571446e-05,1.775083e-05,4.2912e-11,3102.754,0.325955,3026.3608,0.23591782,False,-2532.0442,571.4969,False,False,True,11.024453,,1695.4923,1681,-2663.3328,8.17143,151.4096318743897,,2.2962508738233987,,1.246728,,28.236198,,,0,False,,,,,,,,0,False,False,False,10275.724,16.720226,0.25393486,0.10457834,0.032053404,0.1553279,0.15565777,-0.009227486,False,False,False,False,0.08689608,0.58634746,False,False,61090.18830697193,,20,False,False,False,False,False,False,False,False,False,False,False,False,False,False,False,False,False,False,False,False,False,i
1,61090.18851185376,lsst,151.4097102143778,2.296245128980204,170028510548066453,170028512436551820,0,170028510548066453,-2715.072,137.30193,0,0,0,5546.06,136.4378,False,2026021800255,175,,1.0011075e-05,1.2694331e-05,-2.543309e-11,748.5989,0.23486488,576.6269,0.171876,False,-2844.3318,278.92383,False,False,True,19.446907,,1545.5789,1681,-2739.8896,2.1460357,151.40971305628787,,2.296240259621717,,1.1777345,,-19.466042,,,0,False,,,,,,,,0,False,False,False,8277.708,8.916779,0.31531647,0.18188451,0.0011104493,0.2336041,0.22631055,0.01428133,False,False,False,False,0.037104033,0.6021657,False,False,61090.190335907435,,26,False,False,False,False,False,False,False,False,False,False,False,False,False,False,False,False,False,False,False,False,False,g
1,61090.189136608766,lsst,151.40968094567108,2.2962323488135223,170028510548066453,170028512574439513,0,170028510548066453,-2703.573,156.96672,0,0,0,5609.2207,159.10196,False,2026021800256,182,,1.4295372e-05,1.453108e-05,1.13710595e-11,3620.0315,0.26694492,1220.471,0.2521624,False,-2648.0662,291.23294,False,False,True,17.055855,,1663.3298,1681,-2632.9985,2.0945632,151.4096849113917,,2.296231853377424,,0.8724377,,7.1092987,,,0,False,,,,,,,,0,False,False,False,8443.001,8.379271,0.30351612,0.2704568,-0.029620657,0.31280768,0.30275816,-0.0036907464,False,False,False,False,0.034575697,0.56615543,False,False,61090.190856845205,,27,False,False,False,False,False,False,False,False,False,False,False,False,False,False,False,False,False,False,False,False,False,g
1,61090.189604142084,lsst,151.40969822861805,2.2962474835565687,170028510548066453,170028512691355765,0,170028510548066453,-3003.06,133.67645,0,0,0,5387.469,132.44925,False,2026021800257,149,,9.913072e-06,1.0494201e-05,1.5650698e-11,1691.6885,0.19795832,2109.152,0.16831039,False,-2537.9963,264.36777,False,False,True,22.409937,,1666.7864,1681,-2869.4707,0.60470676,151.4096998182681,,2.296249611788615,,0.7617455,,46.415333,,,0,False,,,,,,,,0,False,False,False,8401.478,7.668827,0.26174596,0.21449757,0.010160612,0.27179295,0.23603573,-0.006723699,False,False,False,False,0.024254438,0.6350902,False,False,61090.1917834897,,26,False,False,False,False,False,False,False,False,False,False,False,False,False,False,False,False,False,False,False,False,False,g
1,61090.19006628476,lsst,151.4097026269986,2.2962497468325602,170028510548066453,170028512827146350,0,170028510548066453,-3006.5369,134.1242,0,0,0,5375.461,132.92148,False,2026021800258,152,,1.0068716e-05,1.096838e-05,1.8535314e-11,1155.2568,0.20656946,2606.4336,0.17085189,False,-2528.1885,263.4055,False,False,True,22.129797,,1538.203,1681,-2930.3477,0.53691095,151.40970402883377,,2.2962509724257587,,0.85787195,,19.009777,,,0,False,,,,,,,,0,False,False,False,8401.292,7.3304935,0.28605643,0.22640882,-0.014087934,0.27275226,0.2423919,-0.010155631,False,False,False,False,0.00017421441,0.6319578,False,False,61090.19203268053,,25,False,False,False,False,False,False,False,False,False,False,False,False,False,False,False,False,False,False,False,False,False,g
1,61090.190528422056,lsst,151.40970928977995,2.296230649862796,170028510548066453,170028512977617003,0,170028510548066453,-2873.0422,153.28085,0,0,0,5295.5073,154.14806,False,2026021800259,183,,1.218601e-05,1.2326457e-05,2.357648e-12,2588.8025,0.22275366,1486.5592,0.21873766,False,-2259.4397,289.56015,False,False,True,18.748972,,1792.6012,1681,-2747.6865,1.3694438,151.4097115083173,,2.296231797222836,,0.81106293,,83.62788,,,0,False,,,,,,,,0,False,False,False,8286.025,7.2829,0.23428799,0.2545987,0.027532147,0.30499977,0.28333148,0.0019693067,False,False,False,False,0.1897248,0.6117316,False,False,61090.19233680201,,24,False,False,False,False,False,False,False,False,False,False,False,False,False,False,False,False,False,False,False,False,False,g
1,61090.19099295893,lsst,151.4096867332669,2.2962372867796033,170028510548066453,170028513110786151,0,170028510548066453,-2824.2139,148.2878,0,0,0,5546.5205,147.15005,False,2026021800260,181,,1.325676e-05,1.2764915e-05,-8.321231e-12,1331.8312,0.22686248,1881.2845,0.24156074,False,-2897.4236,284.661,False,False,True,18.946062,,1667.6536,1681,-2809.8345,2.1966133,151.40968504915068,,2.296236585781799,,1.1490911,,83.894844,,,0,False,,,,,,,,0,False,False,False,8392.212,8.595691,0.24748127,0.30287308,0.05571851,0.28468055,0.25771928,0.005532208,False,False,False,False,0.0014582099,0.62657076,False,False,61090.192731274736,,25,False,False,False,False,False,False,False,False,False,False,False,False,False,False,False,False,False,False,False,False,False,g
1,61090.191458506844,lsst,151.4096976605107,2.296256785308594,170028510548066453,170028513244479639,0,170028510548066453,-2759.7651,146.39522,0,0,0,5613.163,146.40363,False,2026021800261,180,,1.34273205e-05,1.284447e-05,-7.991113e-12,1853.5753,0.22873339,2012.5587,0.2441187,False,-2902.3687,278.12576,False,False,True,18.66516,,1636.1007,1681,-2719.2822,3.0229206,151.4097019587654,,2.2962539970831535,,1.1404914,,-39.727062,,,0,False,,,,,,,,0,False,False,False,8377.988,7.9009414,0.21444951,0.28544113,-0.050776497,0.2910731,0.26003534,0.008538646,False,False,False,False,0.05778317,0.6110018,False,False,61090.19327538043,,25,False,False,False,False,False,False,False,False,False,False,False,False,False,False,False,False,False,False,False,False,False,g
1,61090.19192419702,lsst,151.40970225923328,2.2962372447489594,170028510548066453,170028513378697377,0,170028510548066453,-2743.7712,149.36292,0,0,0,5550.8735,149.67131,False,2026021800262,180,,1.3760355e-05,1.4222577e-05,5.1448385e-12,825.9559,0.257061,1956.5316,0.246661,False,-2699.855,278.73444,False,False,True,18.322649,,1681.0867,1681,-2579.838,0.40744847,151.4097024000228,,2.2962372223405523,,0.6049198,,82.219826,,,0,False,,,,,,,,0,False,False,False,8333.176,7.228343,0.2841804,0.30222693,0.012888911,0.31108052,0.28191364,0.0070584863,False,False,False,False,0.00091443205,0.5896205,False,False,61090.1936585098,,27,False,False,False,False,False,False,False,False,False,False,False,False,False,False,False,False,False,False,False,False,False,g
1,61090.19238691061,lsst,151.40972481506412,2.2962482479590096,170028510548066453,170028513516060790,0,170028510548066453,-2599.968,161.95575,0,0,0,5607.729,162.4759,False,2026021800263,186,,1.4948289e-05,1.7994476e-05,3.2087017e-11,3207.8533,0.32867408,673.71295,0.26386568,False,-2461.4932,291.8852,False,False,True,16.020996,,1704.497,1681,-2544.3882,1.8369231,151.40972484637143,,2.29625053051884,,1.0920715,,2.2920568,,,0,False,,,,,,,,0,False,False,False,8245.054,7.0430174,0.35883465,0.2623409,-0.02600335,0.33700404,0.3040147,0.0043027196,False,False,False,False,0.0076661524,0.5507104,False,False,61090.19418154743,,29,False,False,False,False,False,False,False,False,False,False,False,False,False,False,False,False,False,False,False,False,False,g
1,61090.192853427056,lsst,151.4096980614344,2.2962315084212297,170028510548066453,170028513647132854,0,170028510548066453,-2792.3074,152.05989,0,0,0,5534.8906,152.70076,True,2026021800264,180,0.0,1.2744556e-05,1.3990555e-05,8.482277e-12,202.52084,0.25306585,3319.9502,0.22814266,False,-3350.315,280.05164,False,False,True,18.026554,,1680.9686,1681,-2635.6829,1.8148882,151.40969919450356,,2.2962345054657516,,0.8447565,,-14.466541,,,0,False,,,,,,,,0,False,False,False,8387.246,7.3708806,0.29173866,0.2565358,-0.026439143,0.30494815,0.28802553,0.0014457582,False,False,False,False,0.041265097,0.5721172,False,False,61090.19464655277,,28,False,False,False,False,False,False,False,False,False,False,False,False,False,False,False,False,False,False,False,False,False,g
1,61090.19332057845,lsst,151.40970444957475,2.2962470159926887,170028510548066453,170028513777680510,0,170028510548066453,-2968.5828,152.0344,0,0,0,5283.754,152.48917,False,2026021800265,173,,1.0987718e-05,1.1436839e-05,1.9168684e-12,2875.0378,0.2060546,1391.926,0.19759163,False,-2466.5408,291.9573,False,False,True,19.534273,,1786.8527,1681,-2718.576,1.7932248,151.40970520044422,,2.2962493636556984,,0.44857684,,-24.760672,,,0,False,,,,,,,,0,False,False,False,8368.778,9.486815,0.22269778,0.21713318,-0.0081154825,0.2801735,0.26255873,0.00010125932,False,False,False,False,0.2164327,0.6210837,False,False,61090.19496559596,,25,False,False,False,False,False,False,False,False,False,False,False,False,False,False,False,False,False,False,False,False,False,g
1,61090.193787357464,lsst,151.40971325585767,2.2962616924406882,170028510548066453,170028513896169568,0,170028510548066453,-2725.3445,152.21515,0,0,0,5713.5576,154.12555,False,2026021800266,143,,1.3688543e-05,1.3495889e-05,-8.057809e-13,1907.3052,0.24267197,1658.3627,0.24644575,False,-2898.951,269.0951,False,False,True,17.496597,,1669.3123,1681,-2506.7104,4.0869846,151.40971723591872,,2.296265165388748,,0.6852704,,55.604298,,,0,False,,,,,,,,0,False,False,False,8515.978,6.552656,0.2509262,0.25484675,0.020411827,0.3364474,0.32544702,0.00204025,False,False,False,False,0.36866954,0.57058126,False,False,61090.19557523462,,29,False,False,False,False,False,False,False,False,False,False,False,False,False,False,False,False,False,False,False,False,False,g
1,61090.194249104345,lsst,151.40967910642055,2.296225139746307,170028510548066453,170028514049261655,0,170028510548066453,-2817.0312,156.86374,0,0,0,5481.7275,158.12515,False,2026021800267,179,,1.2734216e-05,1.3319293e-05,1.0956187e-12,1875.9279,0.23980765,1115.3104,0.22959918,False,-2817.6367,292.58075,False,False,True,17.752375,,1631.3081,1681,-2653.339,1.2438675,151.4096825972301,,2.29622564222167,,0.75567126,,19.883799,,,0,False,,,,,,,,0,False,False,False,8343.45,9.635759,0.28441447,0.24130464,0.012933049,0.28203917,0.30134082,-0.010163483,False,False,False,False,0.06889023,0.5809693,False,False,61090.19593530294,,28,False,False,False,False,False,False,False,False,False,False,False,False,False,False,False,False,False,False,False,False,False,g
1,61090.19471476575,lsst,151.40970611401994,2.2962654951107666,170028510548066453,170028514185576539,0,170028510548066453,-3080.2986,152.67249,0,0,0,5256.8613,152.82443,True,2026021800268,183,0.0,1.1846176e-05,1.2347595e-05,1.9477238e-13,971.1774,0.22225644,3028.5576,0.21355888,False,-3288.891,290.5878,False,False,True,19.984148,,1660.982,1681,-2877.0544,0.43008545,151.40970700432487,,2.296265711038459,,0.59622806,,-59.35755,,,0,False,,,,,,,,0,False,False,False,8380.544,9.207671,0.2785407,0.2947038,-0.0129698245,0.28416586,0.2669331,-0.0040699355,False,False,False,False,0.011079062,0.5914803,False,False,61090.19633861067,,26,False,False,False,False,False,False,False,False,False,False,False,False,False,False,False,False,False,False,False,False,False,g
1,61090.19518579271,lsst,151.40969804288173,2.2962405305480718,170028510548066453,170028514313502816,0,170028510548066453,-2999.6165,138.2852,0,0,0,5291.566,138.08128,True,2026021800269,171,0.0,9.438702e-06,1.0018585e-05,-2.047601e-13,466.3759,0.18026543,2277.564,0.17000385,False,-2616.3289,279.05292,False,False,True,21.539366,,1708.3866,1681,-2819.7627,2.3390615,151.40969716469675,,2.2962400932767375,,0.61654854,,19.914585,,,0,False,,,,,,,,0,False,False,False,8358.836,8.585111,0.20626825,0.18170667,0.011232134,0.24501824,0.23349358,0.0034319703,False,False,False,False,0.19279619,0.6244342,False,False,61090.19687455313,,24,False,False,False,False,False,False,False,False,False,False,False,False,False,False,False,False,False,False,False,False,False,g
4,61090.19701994756,lsst,151.40971432478267,2.2962068452669704,170028510548066453,170028514443526274,0,170028510548066453,-2923.16,460.05606,0,0,0,9942.245,455.39005,False,2026021800270,163,,7.640475e-05,7.30466e-05,-4.083043e-09,2747.9756,1.771764,1630.3612,0.6970528,False,-4765.441,1028.5687,False,False,True,6.2414904,,1652.9889,1681,-3886.1255,40.48921,151.40968965313155,,2.2962344229989955,,2.436869,,-37.14911,,,0,False,,,,,,,,0,False,False,False,12858.647,29.05937,0.8166541,0.17365009,0.11231772,0.20522115,0.22352622,0.005190215,False,False,False,False,0.9999,0.55139744,False,False,61090.198738362305,,19,False,False,False,False,False,False,False,False,False,False,False,False,False,False,False,False,False,False,False,False,False,z
4,61090.19771844729,lsst,151.40963733516574,2.296208197456413,170028510548066453,170028514587705455,0,170028510548066453,-2869.3542,491.31296,0,0,0,10176.483,491.737,False,2026021800271,182,,3.288162e-05,3.176744e-05,-8.23648e-11,1831.0613,0.5570174,2745.9502,0.60742915,False,-2188.3237,1048.5902,False,False,True,5.948234,,1681.2808,1681,-2941.7305,9.286176,151.40963307306302,,2.296218041514145,,1.3184705,,-20.22024,,,0,False,,,,,,,,0,False,False,False,13215.919,30.901138,0.1749652,0.2243912,-0.08755449,0.21792746,0.25130802,0.01255791,False,False,False,False,0.12230157,0.18005997,False,False,61090.19926266304,,16,False,False,False,False,False,False,False,False,False,False,False,False,False,False,False,False,False,False,False,False,False,z
4,61090.1981869452,lsst,151.40966024847532,2.2962284341643406,170028510548066453,170028514704621684,0,170028510548066453,-2946.303,497.16885,0,0,0,11038.739,500.09848,False,2026021800272,149,,3.6551057e-05,3.1809355e-05,-2.8068164e-10,556.15393,0.52498764,3493.9177,0.69701743,False,-2822.1206,1056.4172,False,False,True,5.8139405,,1640.1946,1681,-3047.9734,35.318962,151.40967040241023,,2.2962423854781777,,1.5186001,,76.307755,,,0,False,,,,,,,,0,False,False,False,14059.127,28.289371,0.19969232,0.21252856,0.12913196,0.23404275,0.2377163,0.005757539,False,False,False,False,0.08973392,0.27964917,False,False,61090.19983138755,,16,False,False,False,False,False,False,False,False,False,False,False,False,False,False,False,False,False,False,False,False,False,z
4,61090.198652162435,lsst,151.4096995945428,2.2962653007587406,170028510548066453,170028514839888033,0,170028510548066453,-2881.21,510.70435,0,0,0,11143.908,511.46564,False,2026021800273,151,,4.504753e-05,4.192055e-05,-1.88917e-10,3841.9255,0.7340241,3919.565,0.8308179,False,-2185.773,1070.0715,False,False,True,5.65251,,1643.004,1681,-2827.64,22.457031,151.40969033762948,,2.2962760771969233,,1.1446351,,-9.35663,,,0,False,,,,,,,,0,False,False,False,14108.664,27.84415,0.27048376,0.23266646,-0.0594774,0.25063848,0.24018067,0.0030995472,False,False,False,False,0.003871728,0.1028678,False,False,61090.20036009337,,16,False,False,False,False,False,False,False,False,False,False,False,False,False,False,False,False,False,False,False,False,False,z
4,61090.19911709258,lsst,151.40963204039198,2.296276018210922,170028510548066453,170028514990882960,0,170028510548066453,-3239.264,529.7224,0,0,0,10699.625,530.9504,True,2026021800274,183,0.0,4.4649503e-05,4.292157e-05,-8.41914e-11,457.23282,0.7651075,2181.942,0.81274253,False,-2133.6301,1045.6385,False,False,True,6.2557154,,1725.3455,1681,-3579.296,67.13375,151.40961471260172,,2.2962797798444874,,1.8341544,,-8.286242,,,0,False,,,,,,,,0,False,False,False,13881.782,23.921547,0.41714293,0.25665233,-0.1637752,0.26704928,0.31459314,-0.00036322285,False,False,False,False,0.16718894,0.30788457,False,False,61090.200694852974,,17,False,False,False,False,False,False,False,False,False,False,False,False,False,False,False,False,False,False,False,False,False,z
4,61090.199582002075,lsst,151.4095543794079,2.296257792656071,170028510548066453,170028515123527860,0,170028510548066453,-2470.3503,487.5767,0,0,0,9559.434,484.0487,False,2026021800275,180,,0.00011791065,0.000116674695,-1.4770538e-10,3732.9834,2.096188,2848.0964,2.1297448,False,-3194.5479,1021.65594,False,False,True,5.5781894,,1635.2789,1681,-3163.0566,44.561474,151.4096097849687,,2.296215663924452,,1.6179049,,43.949444,,,0,False,,,,,,,,0,False,False,False,11991.6455,29.90534,0.54005504,0.36561835,0.09175726,0.23456047,0.2987019,-0.016500235,False,False,False,False,0.96146864,0.3134816,False,False,61090.201252526924,,18,False,False,False,False,False,False,False,False,False,False,False,False,False,False,False,False,False,False,False,False,False,z
4,61090.20004827992,lsst,151.40968614822734,2.2962987203435254,170028510548066453,170028515257745555,0,170028510548066453,-3131.109,537.741,0,0,0,10933.942,530.5018,True,2026021800276,180,0.0,4.0366784e-05,2.4153145e-05,-3.7592954e-10,25.7821,0.38708064,2663.2236,0.75399745,False,-2236.919,1034.1232,False,False,True,5.4024153,,1700.1439,1681,-3736.3784,6.505338,151.40965381812748,,2.2963007558173123,,2.0825367,,-45.75845,,,0,False,,,,,,,,0,False,False,False,13892.703,27.109884,0.3700044,0.64349383,-0.1800065,0.2985423,0.40622175,-0.0040412415,False,False,False,False,0.8160029,0.19026084,False,False,61090.20176033393,,21,False,False,False,False,False,False,False,False,False,False,False,False,False,False,False,False,False,False,False,False,False,z
4,61090.20144634352,lsst,151.4096826692442,2.296234198238532,170028510548066453,170028515656728706,0,170028510548066453,-3531.2256,618.626,0,0,0,10546.286,626.578,False,2026021800279,173,,6.0292965e-05,3.810069e-05,-3.46043e-10,2521.0566,0.6732058,3838.8022,1.0947038,False,-4286.8765,1089.0359,False,False,True,5.5534687,,1712.3499,1681,-4443.798,7.179563,151.40970670631046,,2.29626283396159,,2.930126,,72.86431,,,0,False,,,,,,,,0,False,False,False,14151.657,20.23284,0.35024065,0.9764804,0.39729443,0.35963336,0.42125714,-0.0071064592,False,False,False,False,0.9915755,0.15521722,False,False,61090.203336501,,21,False,False,False,False,False,False,False,False,False,False,False,False,False,False,False,False,False,False,False,False,False,z
4,61090.20377278181,lsst,151.4096500212301,2.2962081600281348,170028510548066453,170028516323098779,0,170028510548066453,-2861.3328,494.15652,0,0,0,10185.706,491.0737,False,2026021800284,164,,8.3910985e-05,5.1663308e-05,4.779432e-10,2925.3374,0.9210731,1735.7457,1.5175606,False,-4205.992,1083.4044,False,False,True,5.757858,,1676.8035,1681,-3386.1113,19.748175,151.4096535758464,,2.2961980079352156,,2.0080774,,-76.5873,,,0,False,,,,,,,,0,False,False,False,13317.004,31.80666,0.30697197,0.63346684,-0.1325423,0.21180446,0.22431695,-0.0057833735,False,False,False,False,0.9993237,0.38413695,False,False,61090.20547084303,,17,False,False,False,False,False,False,False,False,False,False,False,False,False,False,False,False,False,False,False,False,False,z
2,61090.20557180919,lsst,151.40966231257556,2.2962610314452774,170028510548066453,170028516456792256,0,170028510548066453,-2685.7969,203.34927,0,0,0,6008.675,202.08295,True,2026021800285,163,0.0,2.2994707e-05,2.2934086e-05,-8.547436e-12,1004.4115,0.4168546,536.4729,0.41028705,False,-3216.1106,388.80215,False,False,True,12.956598,,1642.0923,1681,-2678.3547,1.6713825,151.40966117709524,,2.2962650403272495,,1.2087449,,-22.051615,,,0,False,,,,,,,,0,False,False,False,8713.265,8.897989,0.4725808,0.4049937,0.05699602,0.28927308,0.31994691,0.018030165,False,False,False,False,0.77218163,0.5960833,False,False,61090.20726768036,,24,False,False,False,False,False,False,False,False,False,False,False,False,False,False,False,False,False,False,False,False,False,r
2,61090.20618903403,lsst,151.40967851449517,2.296217123366943,170028510548066453,170028516597825629,0,170028510548066453,-2350.6387,250.32607,0,0,0,6296.303,253.25429,False,2026021800286,176,,3.6541627e-05,3.033501e-05,-2.4042365e-11,1643.8264,0.5457454,3923.9207,0.65933806,False,-2334.9946,420.92972,False,False,True,9.369108,,1690.7504,1681,-2388.7092,0.25692677,151.40968160420923,,2.296212599558257,,1.3817806,,-41.108555,,,0,False,,,,,,,,0,False,False,False,8710.851,7.028033,0.49387896,0.49006593,-0.08781799,0.40545943,0.4035345,0.007578587,False,False,False,False,0.3774536,0.41821027,False,False,61090.208009099195,,28,False,False,False,False,False,False,False,False,False,False,False,False,False,False,False,False,False,False,False,False,False,r
2,61090.20665668342,lsst,151.40972526038493,2.2963396962980096,170028510548066453,170028516734140554,0,170028510548066453,-2664.4065,265.4234,0,0,0,5709.161,272.06064,False,2026021800287,180,,3.8694965e-05,3.0242292e-05,-6.695496e-12,66.05879,0.54422677,781.2547,0.6969923,False,-2660.6094,412.1928,False,False,True,9.958651,,1661.454,1681,-2573.2725,1.2487271,151.40972087912985,,2.296337488077574,,1.1164106,,-76.29597,,,0,False,,,,,,,,0,False,False,False,8596.867,6.475882,0.43656653,0.53603417,-0.024446998,0.5335874,0.49625614,0.0018338877,False,False,False,False,0.039009456,0.4369064,False,False,61090.20855597698,,28,False,False,False,False,False,False,False,False,False,False,False,False,False,False,False,False,False,False,False,False,False,r
2,61090.207120104984,lsst,151.40971040569178,2.2962568655768565,170028510548066453,170028516866261127,0,170028510548066453,-2622.9841,226.5019,0,0,0,5936.9805,228.81837,False,2026021800288,176,,2.1019476e-05,2.1895412e-05,-1.8961497e-12,1213.7583,0.39412746,151.64993,0.37876248,False,-2687.6448,413.19263,False,False,True,11.391401,,1697.3054,1681,-2433.0156,1.6835448,151.40970736037855,,2.2962630685790018,,0.85761404,,-82.34277,,,0,False,,,,,,,,0,False,False,False,8660.8,8.9648075,0.28241748,0.34335464,-0.0113817,0.33023277,0.32707316,0.0069942446,False,False,False,False,0.01875332,0.4473723,False,False,61090.20897211414,,26,False,False,False,False,False,False,False,False,False,False,False,False,False,False,False,False,False,False,False,False,False,r
2,61090.20758356889,lsst,151.40966737808563,2.2962759373306922,170028510548066453,170028516995760214,0,170028510548066453,-2898.4146,247.88968,0,0,0,5689.0483,253.15015,False,2026021800289,167,,2.1600374e-05,2.3783248e-05,-9.6084885e-12,4009.8586,0.42852914,2298.0828,0.38903028,False,-2653.315,419.74216,False,False,True,11.678136,,1690.2292,1681,-2797.7346,2.2777746,151.40966439513616,,2.2962708783459678,,1.0344079,,0.6541402,,,0,False,,,,,,,,0,False,False,False,8753.434,7.2271914,0.43148375,0.33812913,0.010494775,0.38256982,0.39737165,0.009502468,False,False,False,False,0.0017112773,0.5163358,False,False,61090.20943045645,,28,False,False,False,False,False,False,False,False,False,False,False,False,False,False,False,False,False,False,False,False,False,r
2,61090.20805073771,lsst,151.4096911526034,2.2962698977457476,170028510548066453,170028517134172293,0,170028510548066453,-2902.065,216.67531,0,0,0,5711.5522,217.71637,False,2026021800290,175,,1.7181068e-05,1.717997e-05,6.3876984e-14,116.98091,0.30920145,795.2959,0.3096641,False,-2234.9504,407.34515,False,False,True,13.388174,,1661.7257,1681,-2761.4692,2.0732572,151.40969134661233,,2.29627109311943,,0.87070537,,30.092758,,,0,False,,,,,,,,0,False,False,False,8861.572,9.461448,0.26532346,0.25043562,0.03321338,0.29934004,0.31896147,0.005489695,False,False,False,False,0.19170603,0.5787499,False,False,61090.2099093766,,25,False,False,False,False,False,False,False,False,False,False,False,False,False,False,False,False,False,False,False,False,False,r
2,61090.208516529354,lsst,151.40967757592352,2.2962475112138923,170028510548066453,170028517266292837,0,170028510548066453,-2617.9714,213.9983,0,0,0,6041.777,215.18866,False,2026021800291,171,,1.9612116e-05,1.9588648e-05,3.719113e-13,1204.8302,0.35253325,3039.9841,0.3534362,False,-2591.4048,402.34055,False,False,True,12.18456,,1582.8054,1681,-2431.8323,1.1236111,151.4096810724489,,2.2962474242798785,,0.731049,,-61.57292,,,0,False,,,,,,,,0,False,False,False,8718.753,9.103226,0.23908181,0.2473446,-0.02317545,0.29420388,0.30882543,0.0025804173,False,False,False,False,0.24581383,0.5756578,False,False,61090.21055262834,,25,False,False,False,False,False,False,False,False,False,False,False,False,False,False,False,False,False,False,False,False,False,r
2,61090.208981006566,lsst,151.40966454286067,2.296256237480762,170028510548066453,170028517400510563,0,170028510548066453,-2640.61,216.37425,0,0,0,6025.4663,217.83897,True,2026021800292,171,0.0,2.0236525e-05,2.1941847e-05,-1.9715653e-11,385.89496,0.3969922,2412.7307,0.36235636,False,-2211.4,402.30057,False,False,True,12.25638,,1584.4435,1681,-2508.5576,2.4109187,151.4096656715559,,2.296253840446123,,0.86254454,,5.0593996,,,0,False,,,,,,,,0,False,False,False,8735.373,9.006418,0.33055878,0.27944613,0.0208379,0.3159865,0.30705196,0.001708794,False,False,False,False,0.0034054394,0.5121602,False,False,61090.21069617415,,26,False,False,False,False,False,False,False,False,False,False,False,False,False,False,False,False,False,False,False,False,False,r
2,61090.20944350143,lsst,151.40968245353207,2.296245459999225,170028510548066453,170028517534204039,0,170028510548066453,-2724.6995,189.23659,0,0,0,5868.3335,188.04163,False,2026021800293,170,,1.28191095e-05,1.32707455e-05,-4.0181044e-12,2559.533,0.23983249,1232.7727,0.23039877,False,-2101.7446,409.49106,False,False,True,14.155425,,1715.1515,1681,-2560.748,7.70964,151.40968609446267,,2.2962486572624043,,0.7186034,,-1.0953512,,,0,False,,,,,,,,0,False,False,False,8593.065,10.681877,0.1832528,0.1443245,0.012829513,0.21768671,0.21908036,-0.010903299,False,False,False,False,0.28976884,0.54488355,False,False,61090.21132638765,,24,False,False,False,False,False,False,False,False,False,False,False,False,False,False,False,False,False,False,False,False,False,r
2,61090.209911183556,lsst,151.40967149027682,2.296251663648755,170028510548066453,170028517665276041,0,170028510548066453,-3142.7158,187.43764,0,0,0,5550.2515,186.13231,False,2026021800294,164,,1.1035725e-05,1.2279186e-05,-1.2508632e-11,3346.3782,0.22443587,3191.8682,0.19502547,False,-2795.9548,401.11453,False,False,True,16.54686,,1698.6678,1681,-2929.5254,3.1742015,151.40966995476495,,2.2962519532964496,,0.84969944,,-17.699162,,,0,False,,,,,,,,0,False,False,False,8687.452,12.094622,0.2033271,0.13657895,0.003283286,0.21808393,0.21966487,-0.0066550137,False,False,False,False,0.23943684,0.6347686,False,False,61090.21188196965,,23,False,False,False,False,False,False,False,False,False,False,False,False,False,False,False,False,False,False,False,False,False,r
2,61090.21037865158,lsst,151.40968694493185,2.2962698300529736,170028510548066453,170028517799493794,0,170028510548066453,-2662.339,175.21422,0,0,0,5905.807,173.59422,False,2026021800295,164,,1.1421093e-05,1.2644519e-05,-1.55643e-11,3113.8513,0.23229621,704.6603,0.20037384,False,-2619.3333,397.1627,False,False,True,15.013462,,1732.905,1681,-2404.2644,3.2575822,151.40968681068583,,2.2962710970961266,,0.58599204,,-7.50575,,,0,False,,,,,,,,0,False,False,False,8623.968,14.859687,0.16563322,0.13989899,0.007988212,0.19295298,0.18144923,-0.0017079206,False,False,False,False,0.14653584,0.5860403,False,False,61090.212062506675,,20,False,False,False,False,False,False,False,False,False,False,False,False,False,False,False,False,False,False,False,False,False,r
2,61090.21084512786,lsst,151.40968372378535,2.2962532289135646,170028510548066453,170028517921652887,0,170028510548066453,-2818.4673,174.24051,0,0,0,5683.4614,172.41768,True,2026021800296,141,0.0,1.0510647e-05,1.2104399e-05,-2.3560254e-11,317.8651,0.22628474,1120.3379,0.17898093,False,-2714.9346,380.1895,False,False,True,15.988793,,1639.1176,1681,-2615.3408,3.2055457,151.4096814010824,,2.2962561690433643,,0.7665095,,-31.445133,,,0,False,,,,,,,,0,False,False,False,8579.078,11.664199,0.17725143,0.124024086,-0.0048021264,0.21534744,0.20843637,-0.0026756898,False,False,False,False,0.35764053,0.5999136,False,False,61090.212683714635,,21,False,False,False,False,False,False,False,False,False,False,False,False,False,False,False,False,False,False,False,False,False,r
2,61090.211308147875,lsst,151.40964934707705,2.296247661758559,170028510548066453,170028518068977821,0,170028510548066453,-2933.2327,173.54605,0,0,0,5482.214,171.98785,False,2026021800297,166,,1.2026589e-05,1.1729123e-05,6.3971133e-12,1915.3912,0.20835704,2693.3655,0.21970299,False,-2985.9778,408.55484,False,False,True,16.744734,,1618.7583,1681,-2973.0,2.286856,151.40964811240852,,2.29624159877592,,1.1577171,,21.045656,,,0,False,,,,,,,,0,False,False,False,8492.551,15.559816,0.18903165,0.2158496,0.0649209,0.17992742,0.17136008,-9.17445e-05,False,False,False,False,0.09739832,0.67736673,False,False,61090.21305502804,,20,False,False,False,False,False,False,False,False,False,False,False,False,False,False,False,False,False,False,False,False,False,r
2,61090.21177405331,lsst,151.40968243118996,2.2962383290746513,170028510548066453,170028518203719805,0,170028510548066453,-2593.9211,173.6534,0,0,0,5871.671,172.18286,False,2026021800298,167,,1.2930544e-05,1.3273027e-05,-9.4357525e-12,1737.3807,0.24301782,2658.9448,0.22896427,False,-2139.5264,406.28842,False,False,True,14.9619465,,1696.9752,1681,-2605.084,2.3862662,151.40968659501948,,2.2962370732223407,,1.1026747,,-67.24798,,,0,False,,,,,,,,0,False,False,False,8522.09,16.926786,0.2156879,0.17325301,-0.055639517,0.18005277,0.17029169,0.0010801172,False,False,False,False,0.051871136,0.6349842,False,False,61090.21345154011,,20,False,False,False,False,False,False,False,False,False,False,False,False,False,False,False,False,False,False,False,False,False,r
2,61090.212240906156,lsst,151.40968233594253,2.296242786413626,170028510548066453,170028518318014595,0,170028510548066453,-2519.8606,191.148,0,0,0,6096.679,189.34152,False,2026021800299,129,,1.924187e-05,1.721881e-05,1.0863816e-10,2098.6367,0.26624957,3833.7366,0.38113776,False,-2601.5276,390.10022,False,False,True,12.896778,,1612.4756,1681,-2494.9033,4.567394,151.40967996353046,,2.2962460772322753,,1.2529337,,-118.49891,,,0,False,,,,,,,,0,False,False,False,8605.595,10.145627,0.18643104,0.3346522,-0.018638106,0.23882706,0.24555072,-0.0047628335,False,False,False,False,0.034192298,0.53904116,False,False,61090.214099083925,,23,False,False,False,False,False,False,False,False,False,False,False,False,False,False,False,False,False,False,False,False,False,r
3,61090.21412580824,lsst,151.40965203173863,2.296283109006584,170028510548066453,170028518470582388,0,170028510548066453,-2170.1758,297.7678,0,0,0,8311.635,297.62793,True,2026021800300,164,0.0,5.0978124e-05,4.8803853e-05,1.3996043e-09,33.915886,0.59357595,2488.0684,1.1246406,False,-2547.5464,642.0449,False,False,True,7.3597245,,1630.5754,1681,-2463.585,46.719868,151.40963047143143,,2.2962825238950058,,1.8552477,,-128.77795,,,0,False,,,,,,,,0,False,False,False,10516.886,12.201673,0.06681001,0.4677459,-0.028035086,0.232783,0.2160888,0.01147488,False,False,False,False,0.18518473,0.36001045,False,False,61090.21574955169,,19,False,False,False,False,False,False,False,False,False,False,False,False,False,False,False,False,False,False,False,False,False,i
3,61090.21515293899,lsst,151.40969189154046,2.29627311619813,170028510548066453,170028518743736455,0,170028510548066453,-2681.3342,297.1651,0,0,0,7711.458,296.4215,False,2026021800302,173,,2.0461723e-05,2.1268386e-05,-3.8482824e-12,1947.1482,0.38303542,1432.9983,0.3684812,False,-1664.9132,660.32263,False,False,True,9.069076,,1710.3412,1681,-2470.4753,3.9431891,151.4096877954176,,2.296270780242671,,0.64413655,,8.366215,,,0,False,,,,,,,,0,False,False,False,10457.419,12.832418,0.17123766,0.1389032,0.008996455,0.21796976,0.20561177,-0.0025070934,False,False,False,False,0.31624413,0.40989453,False,False,61090.21690499749,,19,False,False,False,False,False,False,False,False,False,False,False,False,False,False,False,False,False,False,False,False,False,i
3,61090.215617639304,lsst,151.40965009001795,2.296279944776118,170028510548066453,170028518879002752,0,170028510548066453,-2617.914,265.3469,0,0,0,7694.9116,263.03992,False,2026021800303,175,,1.6651167e-05,1.8955794e-05,-1.3734755e-11,2663.2012,0.34229955,410.65497,0.298947,False,-2278.1646,643.3337,False,False,True,9.709606,,1668.2969,1681,-2489.6406,18.429575,151.40965261183914,,2.2962862348126634,,0.8430386,,-31.465813,,,0,False,,,,,,,,0,False,False,False,10359.684,14.369824,0.16715758,0.11918563,-0.023583194,0.17408912,0.17291741,-0.0019068415,False,False,False,False,0.12433496,0.48948362,False,False,61090.2175223906,,17,False,False,False,False,False,False,False,False,False,False,False,False,False,False,False,False,False,False,False,False,False,i
3,61090.21608362456,lsst,151.40966863543642,2.2962794221776406,170028510548066453,170028519009026162,0,170028510548066453,-2589.5815,265.1551,0,0,0,7918.736,262.76544,False,2026021800304,167,,2.0317344e-05,2.2077566e-05,-1.6706934e-11,1056.6969,0.39905414,1385.7642,0.3647604,False,-3482.2207,645.09186,False,False,True,9.603783,,1625.958,1681,-2418.1306,2.2507467,151.4096694550215,,2.2962815172321256,,0.7410151,,-13.812783,,,0,False,,,,,,,,0,False,False,False,10529.065,14.930324,0.23546611,0.18665262,-0.0012573968,0.17120999,0.16336946,0.00040031192,False,False,False,False,0.24944492,0.5071158,False,False,61090.217927261714,,18,False,False,False,False,False,False,False,False,False,False,False,False,False,False,False,False,False,False,False,False,False,i
3,61090.2165484522,lsst,151.40967637718995,2.2962624074289892,170028510548066453,170028519146913933,0,170028510548066453,-2404.0588,268.55725,0,0,0,8094.3115,267.51648,False,2026021800305,174,,2.3761724e-05,2.4125899e-05,-4.8408807e-12,1530.5452,0.43482733,421.00372,0.42787614,False,-2451.9148,633.02374,False,False,True,8.913665,,1644.6385,1681,-2518.1062,7.9784718,151.4096813859725,,2.296260336335131,,1.1930875,,-61.308662,,,0,False,,,,,,,,0,False,False,False,10505.526,14.226701,0.19381519,0.19919905,-0.07154249,0.18923429,0.19145723,-0.000650899,False,False,False,False,0.004982074,0.35595542,False,False,61090.21835303046,,17,False,False,False,False,False,False,False,False,False,False,False,False,False,False,False,False,False,False,False,False,False,i
3,61090.217014973474,lsst,151.40966429257588,2.2962659924284345,170028510548066453,170028519275888785,0,170028510548066453,-2721.145,265.38766,0,0,0,7757.891,262.09933,False,2026021800306,164,,1.8744455e-05,1.739707e-05,1.8216373e-11,2907.5576,0.31005186,2313.0085,0.3406888,False,-3136.2268,633.40607,False,False,True,10.064786,,1661.3564,1681,-2684.559,13.649079,151.40966174293933,,2.2962692363721957,,1.0751588,,27.979078,,,0,False,,,,,,,,0,False,False,False,10464.891,12.99839,0.16965967,0.17442836,0.057274945,0.17630993,0.19485961,0.00049469824,False,False,False,False,0.024428697,0.49288923,False,False,61090.2188694491,,18,False,False,False,False,False,False,False,False,False,False,False,False,False,False,False,False,False,False,False,False,False,i
3,61090.21748062823,lsst,151.40971658906284,2.2962792127011102,170028510548066453,170028519410106478,0,170028510548066453,-1536.0856,291.6528,0,0,0,8635.071,289.66162,False,2026021800307,164,,0.0001242596,7.592263e-05,4.418153e-09,2169.2563,1.1457713,1596.9427,2.3600388,False,-3077.4702,635.79724,False,False,True,5.1264825,,1653.9718,1681,-1768.6486,22.445597,151.40972430859767,,2.2962786908437396,,1.7222924,,-110.18066,,,0,False,,,,,,,,0,False,False,False,10226.714,11.814818,0.3001724,0.59355074,-0.005157308,0.22560526,0.22868283,0.0010244711,False,False,False,False,0.9951067,0.2953277,False,False,61090.21918470596,,15,False,False,False,False,False,False,False,False,False,False,False,False,False,False,False,False,False,False,False,False,False,i
3,61090.21840949553,lsst,151.40965980700798,2.296305297348131,170028510548066453,170028519678541923,0,170028510548066453,-1871.9971,285.80652,0,0,0,8443.148,284.8907,True,2026021800309,164,0.0,6.281866e-05,4.7584304e-05,1.180947e-09,790.2921,0.7326111,2218.8608,1.2162662,False,-2103.1895,641.27966,False,False,True,6.5684233,,1805.6453,1681,-2464.1892,16.464952,151.40966763772897,,2.296314508166479,,2.2326899,,45.534103,,,0,False,,,,,,,,0,False,False,False,10303.796,12.350424,0.2158055,0.6766349,0.15791592,0.21403992,0.21566522,-0.010660549,False,False,False,False,0.99804664,0.310027,False,False,61090.22011014777,,19,False,False,False,False,False,False,False,False,False,False,False,False,False,False,False,False,False,False,False,False,False,i
3,61090.21887727787,lsst,151.40967470579002,2.296247935508175,170028510548066453,170028519797031058,0,170028510548066453,-2581.1992,278.69128,0,0,0,7886.7856,276.43323,False,2026021800310,134,,2.2383036e-05,2.1410891e-05,3.8186534e-11,850.30316,0.37587768,3964.6636,0.4121183,False,-2043.5707,640.82275,False,False,True,9.119306,,1724.3114,1681,-2445.145,3.2533586,151.40967610420174,,2.2962482438807097,,0.7726815,,26.200872,,,0,False,,,,,,,,0,False,False,False,10379.493,13.648608,0.17197436,0.19289772,0.024930244,0.19786716,0.2086015,0.0038076222,False,False,False,False,0.051860705,0.4829706,False,False,61090.22065412179,,18,False,False,False,False,False,False,False,False,False,False,False,False,False,False,False,False,False,False,False,False,False,i
3,61090.219342439705,lsst,151.40967949007114,2.2962793036535127,170028510548066453,170028519931248741,0,170028510548066453,-2600.8687,334.45016,0,0,0,7858.832,337.47626,False,2026021800311,134,,2.9923558e-05,3.245416e-05,-1.75549e-10,2731.5713,0.61472964,323.14633,0.50345093,False,-2303.66,657.74493,False,False,True,7.73163,,1601.5634,1681,-2556.0583,11.114395,151.40968321062874,,2.296276048473779,,1.2105811,,-13.848352,,,0,False,,,,,,,,0,False,False,False,10578.045,10.965843,0.30548626,0.19392036,0.04399305,0.2921066,0.2706536,0.0026408527,False,False,False,False,0.08529812,0.35044765,False,False,61090.220996688295,,20,False,False,False,False,False,False,False,False,False,False,False,False,False,False,False,False,False,False,False,False,False,i
3,61090.219809445116,lsst,151.40969369588927,2.2962449413204515,170028510548066453,170028520081719410,0,170028510548066453,-2503.1665,350.30576,0,0,0,7730.922,352.42233,False,2026021800312,165,,4.8372374e-05,4.8199163e-05,4.0219696e-11,3179.0083,0.86236894,1028.7983,0.87837905,False,-3408.5383,669.8241,False,False,True,7.127518,,1644.533,1681,-3656.6978,75.18723,151.40973289104483,,2.296219468763719,,3.1524246,,-73.52411,,,0,False,,,,,,,,0,False,False,False,10443.14,10.432018,0.9203782,0.6018219,-0.56543237,0.293916,0.3228199,-0.021563483,False,False,False,False,0.99999994,0.37192363,False,False,61090.221618596064,,25,False,False,False,False,False,False,False,False,False,False,False,False,False,False,False,False,False,False,False,False,False,i
3,61090.22027472742,lsst,151.40962399961705,2.2962254373567212,170028510548066453,170028520216461398,0,170028510548066453,-2460.4548,344.56592,0,0,0,7625.965,346.06436,False,2026021800313,166,,3.60539e-05,3.5172143e-05,1.6602539e-10,2974.0032,0.5972916,1466.4424,0.68370414,False,-3070.047,667.4049,False,False,True,6.9777045,,1758.7916,1681,-2392.409,6.972085,151.40963044674146,,2.2962312395320725,,1.1726657,,-98.16857,,,0,False,,,,,,,,0,False,False,False,10109.349,10.555368,0.2409922,0.30149817,-0.057831276,0.30834505,0.28937578,-0.0052495124,False,False,False,False,0.06195386,0.28885156,False,False,61090.2219360062,,21,False,False,False,False,False,False,False,False,False,False,False,False,False,False,False,False,False,False,False,False,False,i
3,61090.22074278259,lsst,151.40970000726634,2.296231247999398,170028510548066453,170028520331280461,0,170028510548066453,-2632.3682,358.61218,0,0,0,7781.168,362.39258,True,2026021800314,129,0.0,4.1435353e-05,4.2663014e-05,-5.053482e-10,516.075,0.85947263,1779.7738,0.63929373,False,-2279.7935,659.60535,False,False,True,7.4119616,,1636.8378,1681,-2738.838,1.9872806,151.4096956408543,,2.2962394482541746,,1.4579083,,-53.012447,,,0,False,,,,,,,,0,False,False,False,10425.39,10.1517515,0.48421323,0.29480353,-0.037656017,0.35010752,0.32944098,-0.006161529,False,False,False,False,0.16656117,0.30391383,False,False,61090.222342365596,,22,False,False,False,False,False,False,False,False,False,False,False,False,False,False,False,False,False,False,False,False,False,i
1,61090.22258711555,lsst,151.40968846179143,2.2962405810429525,170028510548066453,170028520492236934,0,170028510548066453,-2888.4248,184.11188,0,0,0,5585.6694,186.81757,False,2026021800315,180,,1.7976683e-05,1.853898e-05,2.9046396e-12,3997.5264,0.33388883,2487.8174,0.3236314,False,-2819.2866,289.22302,False,False,True,15.498477,,1727.7585,1681,-2881.657,0.85717076,151.409685928038,,2.296237587035299,,1.3317813,,-48.260403,,,0,False,,,,,,,,0,False,False,False,8509.344,4.9069185,0.3459833,0.4143131,-0.07595934,0.49632463,0.44316185,-0.0025206027,False,False,False,False,0.34788817,0.4642493,False,False,61090.22451179675,,34,False,False,False,False,False,False,False,False,False,False,False,False,False,False,False,False,False,False,False,False,False,g
1,61090.22305840437,lsst,151.40970291942747,2.2962573534337536,170028510548066453,170028520624357480,0,170028510548066453,-2570.2332,190.01082,0,0,0,5875.763,195.31598,False,2026021800316,176,,2.882445e-05,2.0525717e-05,-3.810913e-11,2579.9492,0.36791003,3783.7966,0.5207682,False,-2316.1372,293.86063,False,False,True,13.591786,,1697.7163,1681,-2663.534,2.6028903,151.4097073762733,,2.296265278005697,,1.5690811,,-67.4026,,,0,False,,,,,,,,0,False,False,False,8616.025,4.979268,0.3665327,0.5599519,-0.06692688,0.4961118,0.47073644,0.0002089771,False,False,False,False,0.02087581,0.47418785,False,False,61090.22509852815,,31,False,False,False,False,False,False,False,False,False,False,False,False,False,False,False,False,False,False,False,False,False,g
1,61090.22352579983,lsst,151.40970370798675,2.2962397516160427,170028510548066453,170028520760672384,0,170028510548066453,-3192.312,173.54852,0,0,0,5174.5054,175.50217,False,2026021800317,180,,1.6197944e-05,1.5974934e-05,-4.9402333e-13,722.1059,0.28742617,559.2495,0.29169682,False,-2962.976,280.42532,False,False,True,18.360636,,1597.4286,1681,-3101.7617,1.2776155,151.40970467202365,,2.2962398063630847,,0.9370165,,69.283844,,,0,False,,,,,,,,0,False,False,False,8488.969,4.6363363,0.3918073,0.44492203,0.027979901,0.46181527,0.4212883,0.0068008136,False,False,False,False,0.029982911,0.5334976,False,False,61090.22530115698,,32,False,False,False,False,False,False,False,False,False,False,False,False,False,False,False,False,False,False,False,False,False,g
1,61090.22446261891,lsst,151.4096883549578,2.296242427248405,170028510548066453,170028521025962054,0,170028510548066453,-2888.2944,177.19597,0,0,0,5595.538,179.74292,True,2026021800319,174,0.0,1.8474091e-05,1.6000291e-05,5.5840597e-12,663.9259,0.28776267,2501.9685,0.33317178,False,-2631.786,284.79993,False,False,True,16.284178,,1691.7595,1681,-2863.6619,6.0005174,151.40968756817904,,2.2962404556604628,,1.24038,,-84.74012,,,0,False,,,,,,,,0,False,False,False,8585.976,5.0957713,0.28489938,0.4214038,-0.021854648,0.42532447,0.42871526,0.00010337884,False,False,False,False,0.27374506,0.49532065,False,False,61090.22629980561,,32,False,False,False,False,False,False,False,False,False,False,False,False,False,False,False,False,False,False,False,False,False,g
1,61090.22492843913,lsst,151.40968913675744,2.2962395844595114,170028510548066453,170028521160704085,0,170028510548066453,-2825.5703,169.78726,0,0,0,5706.0776,171.73695,False,2026021800320,175,,1.4655838e-05,1.9317687e-05,-1.8489049e-11,955.60803,0.34858793,823.2662,0.26277888,False,-2882.5828,283.70245,False,False,True,16.433638,,1691.3137,1681,-2993.3003,5.5241513,151.40969325821555,,2.2962398298444064,,1.7078615,,8.97881,,,0,False,,,,,,,,0,False,False,False,8573.847,5.5252595,0.5210692,0.2690035,0.07615677,0.42125222,0.37374768,-0.0131150875,False,False,False,False,0.00038192037,0.5546349,False,False,61090.22683662985,,31,False,False,False,False,False,False,False,False,False,False,False,False,False,False,False,False,False,False,False,False,False,g
1,61090.225396120295,lsst,151.40968609158023,2.2962525294790477,170028510548066453,170028521292824649,0,170028510548066453,-3056.944,188.86015,0,0,0,5330.5454,194.35692,False,2026021800321,171,,2.2125218e-05,2.1316155e-05,6.2918438e-12,1974.4153,0.38306475,3166.6465,0.39898014,False,-3342.878,288.70178,False,False,True,16.018995,,1729.6956,1681,-3320.7314,2.4235113,151.40967785056804,,2.2962532050275395,,1.8717577,,-71.54829,,,0,False,,,,,,,,0,False,False,False,8640.47,4.5893936,0.5193729,0.70863885,-0.14014454,0.55523056,0.5120429,-0.027939575,False,False,False,False,0.26116955,0.50564325,False,False,61090.22751893264,,38,False,False,False,False,False,False,False,False,False,False,False,False,False,False,False,False,False,False,False,False,False,g
1,61090.225862096835,lsst,151.40968482860814,2.296231308623635,170028510548066453,170028521427042373,0,170028510548066453,-3440.1948,191.94568,0,0,0,5114.795,197.55453,False,2026021800322,171,,1.5669299e-05,1.9952788e-05,-3.554424e-11,1132.1515,0.36252514,2565.4087,0.27766696,False,-3337.531,290.92117,False,False,True,17.677153,,1697.5516,1681,-3650.9663,5.954817,151.40968452647084,,2.2962310547027003,,1.745511,,-22.034012,,,0,False,,,,,,,,0,False,False,False,8634.876,4.6210904,0.65014315,0.37012166,-0.048298858,0.56636614,0.531186,-0.032347877,False,False,False,False,0.06578072,0.5171944,False,False,61090.22786380231,,36,False,False,False,False,False,False,False,False,False,False,False,False,False,False,False,False,False,False,False,False,False,g
1,61090.22632448294,lsst,151.4097752358609,2.296232635600162,170028510548066453,170028521560735809,0,170028510548066453,-2674.2249,218.87244,0,0,0,5466.9785,226.03357,False,2026021800323,170,,3.6466747e-05,3.0577285e-05,1.2238968e-10,3565.6006,0.5400988,1451.1449,0.6662463,False,-2990.7737,306.96472,False,False,True,12.122359,,1630.8945,1681,-3113.7383,1.8398366,151.40976630143876,,2.2962381714828153,,2.332856,,-76.311584,,,0,False,,,,,,,,0,False,False,False,8215.304,4.1724815,0.73062277,1.0061625,-0.22828388,0.643443,0.7121266,-0.046742886,False,False,False,False,0.7389005,0.3922836,False,False,61090.22846451518,,37,False,False,False,False,False,False,False,False,False,False,False,False,False,False,False,False,False,False,False,False,False,g
1,61090.22725824319,lsst,151.4097009106942,2.2962184358833952,170028510548066453,170028521826025545,0,170028510548066453,-3023.6956,170.4151,0,0,0,5399.5874,173.72302,False,2026021800325,164,,1.6488373e-05,1.8309129e-05,-2.920738e-11,3806.2961,0.33497426,915.1541,0.29061478,False,-3113.96,279.92648,False,False,True,17.769611,,1688.0088,1681,-3099.3179,1.6922518,151.40969914497384,,2.2962209031403287,,1.2828399,,-8.078094,,,0,False,,,,,,,,0,False,False,False,8434.313,5.354274,0.5095771,0.374907,0.033919215,0.4377864,0.39514476,-0.0068500633,False,False,False,False,0.03909817,0.5783829,False,False,61090.22913614538,,32,False,False,False,False,False,False,False,False,False,False,False,False,False,False,False,False,False,False,False,False,False,g
1,61090.227725356526,lsst,151.40968316646112,2.2962573362929053,170028510548066453,170028521948184644,0,170028510548066453,-2838.102,164.43442,0,0,0,5612.448,166.03366,False,2026021800326,141,,1.6807648e-05,1.723961e-05,-8.22883e-12,874.65564,0.31199446,1286.8278,0.30051225,False,-2547.1284,272.46405,False,False,True,17.303888,,1624.7057,1681,-2786.8237,0.55809706,151.4096821723764,,2.296258232187471,,1.0540248,,14.652943,,,0,False,,,,,,,,0,False,False,False,8568.789,6.1246924,0.40012658,0.37960505,0.048693426,0.40594617,0.38998812,0.0065417336,False,False,False,False,0.0041107023,0.5192664,False,False,61090.22956391765,,31,False,False,False,False,False,False,False,False,False,False,False,False,False,False,False,False,False,False,False,False,False,g
1,61090.22819024716,lsst,151.40972478909683,2.29624671921139,170028510548066453,170028522095509593,0,170028510548066453,-3208.6694,173.68372,0,0,0,5154.905,176.8784,False,2026021800327,166,,1.674376e-05,1.7522076e-05,-1.8716412e-11,2838.1611,0.32040632,3089.1904,0.2966425,False,-3506.8328,284.14514,False,False,True,18.384829,,1672.1815,1681,-3300.5166,0.227819,151.40972499198153,,2.296251604677843,,1.4570578,,-62.682564,,,0,False,,,,,,,,0,False,False,False,8377.05,5.1585846,0.5429819,0.4755006,-0.092441626,0.43006328,0.41216186,0.003246935,False,False,False,False,0.36995822,0.5882999,False,False,61090.23011654179,,34,False,False,False,False,False,False,False,False,False,False,False,False,False,False,False,False,False,False,False,False,False,g
1,61090.22865572484,lsst,151.40968497247783,2.2962361424289397,170028510548066453,170028522230251623,0,170028510548066453,-2859.198,168.84084,0,0,0,5504.2944,171.79404,False,2026021800328,167,,1.6351965e-05,1.7247652e-05,-2.7245385e-11,2637.365,0.31874272,2911.0947,0.2857622,False,-3263.4846,283.371,False,False,True,16.665596,,1781.2109,1681,-2798.7122,3.189021,151.40968487522358,,2.2962364967759767,,1.2478023,,-42.026794,,,0,False,,,,,,,,0,False,False,False,8481.988,5.5811467,0.44356441,0.31041473,-0.027674496,0.38611278,0.38130394,0.0068169716,False,False,False,False,0.0029411605,0.5417214,False,False,61090.230501501595,,33,False,False,False,False,False,False,False,False,False,False,False,False,False,False,False,False,False,False,False,False,False,g
1,61090.22912295166,lsst,151.40969102116318,2.2962421034973475,170028510548066453,170028522346119260,0,170028510548066453,-2768.8782,164.35307,0,0,0,5786.691,167.67073,False,2026021800329,132,,1.6777003e-05,1.8269173e-05,-6.0576266e-11,2634.643,0.3479359,166.05933,0.27982304,False,-2584.082,268.72318,False,False,True,16.81609,,1634.8569,1681,-2753.126,1.7109941,151.40969180338095,,2.2962453932264713,,1.2288302,,-29.565226,,,0,False,,,,,,,,0,False,False,False,8589.75,5.237005,0.43671963,0.2982279,0.009421482,0.41452575,0.4098972,0.0078054518,False,False,False,False,0.11432172,0.49802125,False,False,61090.23086310526,,32,False,False,False,False,False,False,False,False,False,False,False,False,False,False,False,False,False,False,False,False,False,g
4,61090.23141905581,lsst,151.40965003744225,2.296273002173353,170028510548066453,170028522640769137,0,170028510548066453,-3332.6084,530.5655,0,0,0,10853.004,527.4998,False,2026021800331,182,,3.6357695e-05,3.477695e-05,-2.3183351e-10,3777.0286,0.57765776,1150.6526,0.6991318,False,-2107.9426,1079.7943,False,False,True,6.3259945,,1684.477,1681,-3535.64,14.967409,151.40963111027872,,2.2962752258632704,,1.4899809,,119.55487,,,0,False,,,,,,,,0,False,False,False,14128.03,28.159986,0.19578359,0.41003415,0.032389883,0.26627588,0.2904399,-0.0055027558,False,False,False,False,0.05283983,0.11984931,False,False,61090.23302246631,,18,False,False,False,False,False,False,False,False,False,False,False,False,False,False,False,False,False,False,False,False,False,z
4,61090.23328397336,lsst,151.40966706353694,2.296257728927877,170028510548066453,170028523177115749,0,170028510548066453,-3356.4011,533.0321,0,0,0,10642.477,532.01825,False,2026021800335,181,,6.841934e-05,5.9902188e-05,-7.1038536e-10,1503.0571,1.0249609,1810.7924,1.2783339,False,-2169.7068,1073.7645,False,False,True,6.4896774,,1719.125,1681,-3945.657,44.892845,151.40967752777803,,2.296259264400251,,1.7425473,,100.30345,,,0,False,,,,,,,,0,False,False,False,14230.536,24.815609,0.24116652,0.5076561,0.081792936,0.2715712,0.29232693,-0.016146481,False,False,False,False,0.5320827,0.19933444,False,False,61090.23485492599,,19,False,False,False,False,False,False,False,False,False,False,False,False,False,False,False,False,False,False,False,False,False,z
4,61090.2337509309,lsst,151.40958603861915,2.2962932462318593,170028510548066453,170028523310809229,0,170028510548066453,-3618.43,496.71808,0,0,0,9422.919,492.92307,False,2026021800336,180,,2.8003433e-05,2.7355782e-05,-1.9720581e-11,2023.5789,0.48968074,1954.8734,0.50740653,False,-1563.5468,1040.1997,False,False,True,7.2464848,,1654.5908,1681,-3508.2156,27.803495,151.40959779599268,,2.296288094766685,,0.9142405,,-23.869778,,,0,False,,,,,,,,0,False,False,False,13095.925,28.056059,0.2171763,0.22257423,-0.03827826,0.24888434,0.28543034,-0.029665072,False,False,False,False,0.18900627,0.24245785,False,False,61090.235311278484,,18,False,False,False,False,False,False,False,False,False,False,False,False,False,False,False,False,False,False,False,False,False,z
4,61090.23421961845,lsst,151.40958016871343,2.2963516239154558,170028510548066453,170028523445026969,0,170028510548066453,-2824.9268,531.074,0,0,0,9796.892,528.05896,False,2026021800337,180,,4.65231e-05,5.890728e-05,5.499926e-10,989.83673,1.0907766,1906.4849,0.798493,False,-2335.131,1028.3615,False,False,True,5.271903,,1707.4172,1681,-3197.272,25.157707,151.40959406908107,,2.2963767967274626,,1.8397982,,4.0207787,,,0,False,,,,,,,,0,False,False,False,12392.512,24.54479,0.56229067,0.26694843,-0.0930458,0.3116705,0.33339188,-0.047829334,False,False,False,False,0.4821945,0.13298841,False,False,61090.235911383636,,17,False,False,False,False,False,False,False,False,False,False,False,False,False,False,False,False,False,False,False,False,False,z
4,61090.23468264172,lsst,151.40961246044856,2.2962188846406035,170028510548066453,170028523582390415,0,170028510548066453,-3370.1965,538.287,0,0,0,9519.163,532.94434,False,2026021800338,186,,5.192835e-05,3.8207694e-05,-4.1630377e-10,3416.0774,0.65766716,610.3391,0.95872295,False,-2745.8276,1060.6638,False,False,True,6.224569,,1686.29,1681,,,,,,,,,,,,0,False,,,,,,,,0,False,False,False,13165.285,30.181744,,,,0.30453584,0.32516032,-0.036089364,True,False,False,False,,0.4692013,False,False,61090.23640453216,,21,False,False,False,False,False,False,False,False,False,False,False,False,False,False,False,False,False,False,False,False,False,z
4,61090.23514918928,lsst,151.40964434262688,2.2962813727697977,170028510548066453,170028523713462419,0,170028510548066453,-2752.4463,488.8863,0,0,0,11145.751,483.4645,True,2026021800339,180,0.0,5.7009966e-05,3.2856777e-05,-5.825042e-10,363.45953,0.5499957,3281.5535,1.0504185,False,-2961.7915,1009.7753,False,False,True,5.5655346,,1728.0637,1681,-3021.7817,17.482018,151.40964822582706,,2.2962821127937514,,1.5230949,,99.03888,,,0,False,,,,,,,,0,False,False,False,13932.041,29.651342,0.19813314,0.4288389,0.02054981,0.26440942,0.27796093,-0.031243503,False,False,False,False,0.15229137,0.26205358,False,False,61090.236731142926,,16,False,False,False,False,False,False,False,False,False,False,False,False,False,False,False,False,False,False,False,False,False,z
4,61090.235619904895,lsst,151.40964806818042,2.296236113335212,170028510548066453,170028523844010118,0,170028510548066453,-2814.5093,491.6056,0,0,0,11174.39,487.09976,False,2026021800340,173,,4.4505938e-05,3.1994285e-05,-1.9679712e-10,3016.637,0.5649158,1370.7988,0.809729,False,-3341.7478,1024.649,False,False,True,5.554211,,1715.6562,1681,-3229.1074,37.514767,151.409660068241,,2.2962165671070554,,2.302151,,54.94524,,,0,False,,,,,,,,0,False,False,False,13850.805,26.106123,0.36649334,0.33969894,0.33118358,0.26596892,0.2642873,-0.020484187,False,False,False,False,0.51832354,0.4512801,False,False,61090.23724036438,,16,False,False,False,False,False,False,False,False,False,False,False,False,False,False,False,False,False,False,False,False,False,z
4,61090.23608541384,lsst,151.40967637835934,2.2962408857462338,170028510548066453,170028523962499189,0,170028510548066453,-3164.788,457.61026,0,0,0,10746.524,453.77145,False,2026021800341,143,,2.8714752e-05,2.204128e-05,-5.029393e-11,2013.497,0.39366487,1645.3339,0.5193836,False,-1986.9652,1051.5712,False,False,True,6.6967287,,1622.4282,1681,-2988.2996,14.703683,151.40967883888763,,2.2962358180622267,,0.7184996,,-57.370457,,,0,False,,,,,,,,0,False,False,False,13967.793,28.888966,0.107705556,0.13926049,-0.018000495,0.22089712,0.21065512,-0.01698046,False,False,False,False,0.627359,0.31020865,False,False,61090.237840988164,,17,False,False,False,False,False,False,False,False,False,False,False,False,False,False,False,False,False,False,False,False,False,z
4,61090.237012593454,lsst,151.40967221487466,2.296261560109305,170028510548066453,170028524251906150,0,170028510548066453,-2906.1704,466.6125,0,0,0,11171.274,462.35776,False,2026021800343,183,,4.118194e-05,4.1773168e-05,-1.4092866e-13,1117.2443,0.7523121,3006.918,0.74280643,False,-3560.5017,1030.3381,False,False,True,6.2084312,,1723.088,1681,-2822.9575,6.52384,151.40967108211106,,2.296267371384818,,0.8204254,,25.250912,,,0,False,,,,,,,,0,False,False,False,14124.425,35.1029,0.30880925,0.26816702,0.021731038,0.22667818,0.24043748,-0.0072767767,False,False,False,False,0.27661434,0.5424368,False,False,61090.23863499625,,17,False,False,False,False,False,False,False,False,False,False,False,False,False,False,False,False,False,False,False,False,False,z
2,61090.23933232503,lsst,151.4096955041863,2.296287466412035,170028510548066453,170028524515623020,0,170028510548066453,-2253.6892,198.85571,0,0,0,6474.274,197.33423,False,2026021800345,174,,1.9926812e-05,2.2873028e-05,-6.3861506e-11,3832.0127,0.42204463,512.0313,0.34686187,False,-1999.8284,396.80557,False,False,True,11.445399,,1730.3387,1681,-2289.4878,1.8332508,151.4096975210524,,2.2962845549334006,,1.1770657,,-35.426006,,,0,False,,,,,,,,0,False,False,False,8555.666,10.4092865,0.311898,0.19178967,-0.028588334,0.25230002,0.25379902,0.0034651437,False,False,False,False,0.00014377305,0.43935314,False,False,61090.240863956016,,21,False,False,False,False,False,False,False,False,False,False,False,False,False,False,False,False,False,False,False,False,False,r
2,61090.240308331515,lsst,151.40969690899456,2.296260510122597,170028510548066453,170028524783534212,0,170028510548066453,-2866.273,208.31184,0,0,0,5717.8564,207.91525,False,2026021800347,173,,1.8173374e-05,2.2275428e-05,-1.2027003e-11,2696.4473,0.4012391,1227.8936,0.32694232,False,-3327.9746,414.74615,False,False,True,13.540778,,1743.5812,1681,-3289.2112,2.6437957,151.40970304002522,,2.296267512410866,,2.0136352,,-32.575134,,,0,False,,,,,,,,0,False,False,False,8649.889,9.442408,0.5489948,0.31386074,-0.18153086,0.27959374,0.2695487,-0.0071853814,False,False,False,False,0.8937071,0.59973395,False,False,61090.242010218266,,26,False,False,False,False,False,False,False,False,False,False,False,False,False,False,False,False,False,False,False,False,False,r
2,61090.24077445308,lsst,151.40969225050293,2.2962674771140206,170028510548066453,170028524918800484,0,170028510548066453,-2394.6482,209.56683,0,0,0,5998.8535,208.4113,False,2026021800348,175,,2.4939378e-05,1.9796213e-05,2.8987687e-11,3549.0952,0.3546587,327.85754,0.45076507,False,-2472.4097,404.56906,False,False,True,11.399224,,1589.9978,1681,-2562.7776,2.5984373,151.4097011588839,,2.296267391091113,,1.576832,,68.331345,,,0,False,,,,,,,,0,False,False,False,8667.517,9.093724,0.22528897,0.44483367,0.061144594,0.2921178,0.29127926,-0.005972507,False,False,False,False,0.14899608,0.59894985,False,False,61090.24244982634,,27,False,False,False,False,False,False,False,False,False,False,False,False,False,False,False,False,False,False,False,False,False,r
2,61090.24124078986,lsst,151.40966280427477,2.2962760848197425,170028510548066453,170028525048823916,0,170028510548066453,-2921.1914,207.1065,0,0,0,5624.131,207.84094,False,2026021800349,167,,1.8216515e-05,1.7221528e-05,6.8082874e-12,2026.0447,0.30940562,1696.4208,0.32903808,False,-2247.725,413.47733,False,False,True,14.078147,,1626.9429,1681,-2920.9917,0.15065423,151.40966604046707,,2.2962728428378627,,1.1945549,,-73.940544,,,0,False,,,,,,,,0,False,False,False,8711.026,11.609071,0.2676975,0.34942573,-0.053015772,0.27149314,0.25571465,0.0030325525,False,False,False,False,0.17472616,0.5400973,False,False,61090.24297516805,,24,False,False,False,False,False,False,False,False,False,False,False,False,False,False,False,False,False,False,False,False,False,r
2,61090.241708757756,lsst,151.40968005244164,2.2962608751468885,170028510548066453,170028525186711674,0,170028510548066453,-2657.3467,193.64839,0,0,0,5984.105,193.31554,False,2026021800350,174,,1.36697545e-05,1.870788e-05,-4.0035825e-11,2434.054,0.3411835,548.55634,0.24016897,False,-2620.2866,401.1491,False,False,True,13.463675,,1644.8909,1681,-2740.53,3.2132223,151.40967828397166,,2.2962639620527563,,1.4298201,,-27.45706,,,0,False,,,,,,,,0,False,False,False,8698.353,9.620333,0.36678493,0.18574901,-0.049684953,0.25632924,0.23287517,0.0033475214,False,False,False,False,0.09752236,0.60592985,False,False,61090.24371411886,,24,False,False,False,False,False,False,False,False,False,False,False,False,False,False,False,False,False,False,False,False,False,r
2,61090.24217506204,lsst,151.40970255845798,2.2962541767631066,170028510548066453,170028525315686507,0,170028510548066453,-2579.7517,220.85712,0,0,0,5967.3257,220.16562,False,2026021800351,164,,2.1772828e-05,2.252278e-05,-1.0035448e-11,3729.8728,0.40652558,2550.2761,0.39114293,False,-2046.7235,411.65262,False,False,True,11.791447,,1604.2356,1681,-2433.9473,1.8576597,151.40970107238692,,2.29625324964628,,0.6913633,,33.05926,,,0,False,,,,,,,,0,False,False,False,8661.145,9.075268,0.29152942,0.29744712,0.020536002,0.3221308,0.31961057,0.0020745972,False,False,False,False,0.052836884,0.5341525,False,False,61090.24386941989,,27,False,False,False,False,False,False,False,False,False,False,False,False,False,False,False,False,False,False,False,False,False,r
2,61090.2426417723,lsst,151.40970407025046,2.2962273322169127,170028510548066453,170028525449904226,0,170028510548066453,-2700.0813,237.22682,0,0,0,5564.5737,239.30795,False,2026021800352,164,,2.3679264e-05,2.7158747e-05,-6.8584534e-11,2951.5586,0.49656805,1857.6521,0.41758463,False,-2795.9192,417.5803,False,False,True,11.264053,,1750.7773,1681,-2615.0522,1.7455903,151.4097068032085,,2.2962290949708835,,1.0401754,,-6.2552752,,,0,False,,,,,,,,0,False,False,False,8574.785,8.530237,0.41897443,0.33139586,0.020865466,0.36440986,0.36653006,-0.0060392055,False,False,False,False,0.0064412616,0.5503349,False,False,61090.24441850903,,26,False,False,False,False,False,False,False,False,False,False,False,False,False,False,False,False,False,False,False,False,False,r
2,61090.243106764654,lsst,151.40967372410577,2.2962495687905733,170028510548066453,170028525587267708,0,170028510548066453,-2664.5017,208.16283,0,0,0,5856.329,208.01094,True,2026021800353,170,0.0,1.574702e-05,1.7739292e-05,-3.2356888e-11,322.1877,0.32608095,495.30832,0.27645415,False,-3007.511,414.65662,False,False,True,12.634016,,1673.1754,1681,-2442.0247,5.8562484,151.40967229141756,,2.296252260767592,,0.6682609,,-33.028267,,,0,False,,,,,,,,0,False,False,False,8684.832,11.595123,0.23316589,0.19669887,-0.0072191344,0.2795604,0.2503818,0.014856882,False,False,False,False,0.21092577,0.54157466,False,False,61090.24476757457,,24,False,False,False,False,False,False,False,False,False,False,False,False,False,False,False,False,False,False,False,False,False,r
2,61090.243574652224,lsst,151.4096686006254,2.296291491249118,170028510548066453,170028525718339686,0,170028510548066453,-2389.1294,207.35179,0,0,0,6080.131,207.74385,False,2026021800354,164,,1.9888388e-05,2.0352649e-05,-1.0670236e-11,1607.9812,0.36849573,2528.6614,0.356169,False,-1706.0708,409.10876,False,False,True,11.544807,,1690.6869,1681,-2242.3325,1.9168211,151.40966783603395,,2.296288496031926,,0.7111293,,18.372623,,,0,False,,,,,,,,0,False,False,False,8660.595,9.471364,0.26467195,0.26229265,0.022085663,0.27906433,0.26016986,0.0058793025,False,False,False,False,0.0034874538,0.49670616,False,False,61090.24525140095,,22,False,False,False,False,False,False,False,False,False,False,False,False,False,False,False,False,False,False,False,False,False,r
2,61090.24404098784,lsst,151.4096876609779,2.2962696548735346,170028510548066453,170028525852557439,0,170028510548066453,-2184.755,206.94322,0,0,0,6370.5186,206.20575,False,2026021800355,164,,2.1323207e-05,2.1498605e-05,-4.9760426e-12,1573.6694,0.3879731,27.155577,0.3830359,False,-1861.9738,409.21533,False,False,True,10.426308,,1654.4149,1681,-1979.5751,1.4484595,151.40969025387932,,2.2962728768365666,,0.5732225,,-64.13233,,,0,False,,,,,,,,0,False,False,False,8726.356,10.7355585,0.23824643,0.22965437,-0.013517793,0.2634806,0.26166746,0.0012245174,False,False,False,False,0.075085714,0.52610093,False,False,61090.245769012974,,21,False,False,False,False,False,False,False,False,False,False,False,False,False,False,False,False,False,False,False,False,False,r
2,61090.24450589783,lsst,151.40967848386143,2.296264950520685,170028510548066453,170028525971046522,0,170028510548066453,-2608.776,213.1768,0,0,0,6074.2407,214.13391,False,2026021800356,134,,1.8370138e-05,1.8617406e-05,-8.174641e-12,3319.2566,0.3373067,564.7363,0.3283489,False,-1937.9427,394.30872,False,False,True,12.320365,,1755.8955,1681,-2457.055,1.6171308,151.40967489742044,,2.2962667759066395,,0.7201924,,-55.58488,,,0,False,,,,,,,,0,False,False,False,8793.431,8.387441,0.2605652,0.23094185,-0.017328514,0.31726354,0.3173099,0.019571623,False,False,False,False,0.3317538,0.56764853,False,False,61090.2463328467,,25,False,False,False,False,False,False,False,False,False,False,False,False,False,False,False,False,False,False,False,False,False,r
2,61090.24543668023,lsst,151.409658064981,2.2963150688813405,170028510548066453,170028526256259175,0,170028510548066453,-2510.603,215.42484,0,0,0,5933.704,215.46664,False,2026021800358,166,,2.413462e-05,2.4629237e-05,-4.065085e-11,3936.299,0.45446354,1858.0286,0.42368257,False,-2035.1117,419.2733,False,False,True,11.732907,,1705.8744,1681,-2619.8538,1.2258224,151.40965929354414,,2.2963158439935443,,1.3705573,,0.23390187,,,0,False,,,,,,,,0,False,False,False,8471.016,9.605686,0.3628317,0.31611985,0.087177865,0.2788354,0.28230634,0.007903981,False,False,False,False,0.26642737,0.5183115,False,False,61090.24718301749,,24,False,False,False,False,False,False,False,False,False,False,False,False,False,False,False,False,False,False,False,False,False,r
2,61090.24590655339,lsst,151.40966950131914,2.2962754520754096,170028510548066453,170028526371078239,0,170028510548066453,-2631.8792,211.08792,0,0,0,5966.109,212.42747,False,2026021800359,129,,1.943404e-05,1.9919175e-05,-5.1508325e-11,1041.3813,0.37757355,2461.4172,0.3294546,False,-2146.3513,399.48352,False,False,True,12.450039,,1739.3654,1681,-2608.542,3.9566197,151.40967379593047,,2.2962728649719155,,1.2529734,,-75.79009,,,0,False,,,,,,,,0,False,False,False,8725.806,8.780039,0.2828048,0.2345335,-0.07260633,0.30259097,0.30010402,0.002161569,False,False,False,False,0.14033395,0.4533628,False,False,61090.24754861521,,25,False,False,False,False,False,False,False,False,False,False,False,False,False,False,False,False,False,False,False,False,False,r
2,61090.33972556394,lsst,151.40969221901696,2.2962624902232376,170028510548066453,170028539145355363,0,170028510548066453,-2731.854,299.30658,0,0,0,5909.5713,306.35458,False,2026021800454,174,,3.9161572e-05,4.3101347e-05,-8.260445e-11,2056.6921,0.77996504,3812.0786,0.70156074,False,-2471.5752,468.717,False,False,True,9.168374,,1650.3262,1681,-3095.0508,10.227784,151.40969130748653,,2.2962663112770008,,2.137258,,-61.30845,,,0,False,,,,,,,,0,False,False,False,8845.536,6.3866835,0.6028425,0.64832526,-0.22897531,0.5325141,0.5092091,-0.025009235,False,False,False,False,0.40980586,0.39412364,False,False,61090.34158452257,,31,False,False,False,False,False,False,False,False,False,False,False,False,False,False,False,False,False,False,False,False,False,r
2,61090.34019544802,lsst,151.40963518142007,2.2963009789679845,170028510548066453,170028539278524503,0,170028510548066453,-2308.7322,288.3079,0,0,0,6126.582,292.96115,False,2026021800455,172,,4.8452297e-05,3.9199127e-05,2.618743e-10,2406.1133,0.6872566,1758.0894,0.8868484,False,-2603.4995,459.38086,False,False,True,8.000012,,1802.9869,1681,-2685.9673,7.487754,151.4096626158554,,2.2962865438220486,,2.2571514,,65.437775,,,0,False,,,,,,,,0,False,False,False,8652.863,6.4982414,0.4476697,0.9411,0.07156966,0.5012848,0.48362914,-0.02691237,False,False,False,False,0.87381095,0.33932632,False,False,61090.34202532745,,30,False,False,False,False,False,False,False,False,False,False,False,False,False,False,False,False,False,False,False,False,False,r
3,61091.16261766493,lsst,151.40967190288714,2.296245605296804,170028510548066453,170032899867279515,0,170028510548066453,-2205.7546,227.27676,0,0,0,8075.0674,221.49533,True,2026021900176,151,0.0,2.132314e-05,2.205204e-05,2.3759179e-11,1333.6849,0.402222,2497.0098,0.37868926,False,-2972.661,527.1991,False,False,True,9.580283,,1571.2133,1681,-2121.3962,4.408317,151.40967763801748,,2.2962424579577556,,0.43142864,,-20.41068,,,0,False,,,,,,,,0,False,False,False,10291.742,20.790415,0.18602516,0.18826865,-0.007872231,0.17429501,0.24111453,-0.016943827,False,False,False,False,0.04964754,0.47446197,False,False,61091.1642772813,,19,False,False,False,False,False,False,False,False,False,False,False,False,False,False,False,False,False,False,False,False,False,i
3,61091.16308053378,lsst,151.4097227558274,2.2962613307705193,170028510548066453,170032900018798764,0,170028510548066453,-2709.2935,247.00792,0,0,0,7318.745,240.89078,True,2026021900177,184,0.0,2.3851298e-05,1.6846692e-05,-1.7555074e-10,2801.8074,0.25493202,1567.625,0.4607007,False,-3016.1953,540.04065,False,False,True,10.919052,,1661.1166,1681,-2860.6887,1.2272965,151.4097280672385,,2.296261364709182,,1.0197877,,-42.896812,,,0,False,,,,,,,,0,False,False,False,10029.711,16.16226,0.18422464,0.2553835,-0.033575576,0.17724144,0.35178763,-0.04759715,False,False,False,False,0.17261426,0.4730858,False,False,61091.164817555895,,22,False,False,False,False,False,False,False,False,False,False,False,False,False,False,False,False,False,False,False,False,False,i
3,61091.163548739874,lsst,151.4096692748505,2.2962401665964007,170028510548066453,170032900151967912,0,170028510548066453,-2067.8474,244.1745,0,0,0,8158.2095,238.8876,True,2026021900178,182,0.0,2.7602346e-05,1.838869e-05,-2.1371745e-10,898.9792,0.28432626,1060.0544,0.5258102,False,-1955.5039,539.18726,False,False,True,7.9204383,,1666.3301,1681,-2450.4177,9.805916,151.40966555935498,,2.2962570684147385,,1.7295656,,-32.59558,,,0,False,,,,,,,,0,False,False,False,10225.49,18.423555,0.20005333,0.31786913,-0.15885782,0.16736743,0.37811813,-0.064245746,False,False,False,False,0.017297387,0.46659073,False,False,61091.16542222998,,21,False,False,False,False,False,False,False,False,False,False,False,False,False,False,False,False,False,False,False,False,False,i
3,61091.16401438089,lsst,151.4096473401333,2.296272185031637,170028510548066453,170032900285137170,0,170028510548066453,-2621.777,224.99046,0,0,0,7605.031,218.31349,True,2026021900179,180,0.0,1.6795597e-05,1.6071705e-05,-9.948581e-12,2547.0544,0.2873768,2879.4734,0.304657,False,-2465.6233,532.2587,False,False,True,11.824896,,1763.0195,1681,-2786.595,4.3571486,151.4096353974465,,2.296274159244984,,1.0492997,,95.12931,,,0,False,,,,,,,,0,False,False,False,10258.474,27.423271,0.1640539,0.25610152,0.025245981,0.15347628,0.27278942,-0.04551502,False,False,False,False,0.0010961454,0.574834,False,False,61091.16586737787,,19,False,False,False,False,False,False,False,False,False,False,False,False,False,False,False,False,False,False,False,False,False,i
3,61091.165007608535,lsst,151.4096386831379,2.2962728030823976,170028510548066453,170032900549378203,0,170028510548066453,-2259.165,223.54628,0,0,0,7901.858,216.87582,True,2026021900181,172,0.0,6.0515114e-05,5.1058043e-05,4.121639e-11,3386.41,0.91877353,1948.1902,1.0907092,False,-3097.3904,526.0925,False,False,True,10.0369215,,1728.7421,1681,-2408.7542,22.149767,151.4096452109174,,2.296279048108719,,1.0604947,,61.968582,,,0,False,,,,,,,,0,False,False,False,10189.841,22.04885,0.35362238,0.41642442,0.039509825,0.18883811,0.2083432,-0.048873894,False,False,False,False,0.98747903,0.57249266,False,False,61091.16662651251,,20,False,False,False,False,False,False,False,False,False,False,False,False,False,False,False,False,False,False,False,False,False,i
3,61091.16547073807,lsst,151.40964813350436,2.296256100839888,170028510548066453,170032900686741693,0,170028510548066453,-2420.4612,224.0029,0,0,0,7846.049,218.87299,True,2026021900182,178,0.0,1.734436e-05,1.6347822e-05,3.3030534e-12,771.66003,0.29423383,735.8182,0.31307656,False,-1654.2156,537.8784,False,False,True,10.653321,,1712.718,1681,-2430.4014,5.271839,151.40964644918242,,2.296260060714275,,0.6449714,,-52.96358,,,0,False,,,,,,,,0,False,False,False,10237.952,24.735447,0.17245324,0.17569698,-0.018342476,0.1707472,0.2092306,-0.039861456,False,False,False,False,0.03286491,0.5331118,False,False,61091.167159103614,,19,False,False,False,False,False,False,False,False,False,False,False,False,False,False,False,False,False,False,False,False,False,i
3,61091.1659358117,lsst,151.40963241125345,2.2962827066734253,170028510548066453,170032900819910784,0,170028510548066453,-2536.0557,228.47987,0,0,0,7739.077,222.54453,True,2026021900183,176,0.0,4.2182655e-05,2.719426e-05,1.569423e-10,959.7902,0.48193166,2094.639,0.765616,False,-3235.375,535.9056,False,False,True,11.280626,,1643.0033,1681,-3040.831,13.826619,151.40963444920712,,2.2962867574981938,,1.5735892,,-98.14182,,,0,False,,,,,,,,0,False,False,False,10221.395,26.705307,0.21510057,0.46446413,-0.0011733532,0.1956138,0.21510626,-0.03633879,False,False,False,False,0.8896944,0.45847887,False,False,61091.167562579125,,22,False,False,False,False,False,False,False,False,False,False,False,False,False,False,False,False,False,False,False,False,False,i
3,61091.16640296892,lsst,151.40969268317195,2.296274113733212,170028510548066453,170032900953079945,0,170028510548066453,-2266.9548,215.04903,0,0,0,8057.996,210.11038,False,2026021900184,174,,2.0824134e-05,1.840526e-05,2.0083522e-11,2640.9526,0.32936782,157.90213,0.37715757,False,-2447.5935,526.0414,False,False,True,10.553965,,1619.9985,1681,-2364.4448,1.1267993,151.4096922396546,,2.2962797474513725,,1.0382777,,36.20872,,,0,False,,,,,,,,0,False,False,False,10328.008,14.22909,0.22853275,0.23782286,0.050352894,0.16443199,0.16477515,-0.0048048995,False,False,False,False,0.5110202,0.52074224,False,False,61094.32463078272,,18,False,False,False,False,False,False,False,False,False,False,False,False,False,False,False,False,False,False,False,False,False,i
3,61091.16686687249,lsst,151.40968338580385,2.29623070808106,170028510548066453,170032901082054809,0,170028510548066453,-2247.132,217.32072,0,0,0,7825.821,211.48166,True,2026021900185,164,0.0,2.0611993e-05,1.7896265e-05,2.9229515e-11,202.95436,0.31840792,1926.6299,0.37477028,False,-2019.2008,536.6042,False,False,True,10.161518,,1723.995,1681,-2304.5432,7.465559,151.4096844477721,,2.2962412986828187,,1.226377,,-67.82278,,,0,False,,,,,,,,0,False,False,False,10093.867,18.030111,0.14360644,0.18959233,-0.07600626,0.16581836,0.15129955,-0.004272892,False,False,False,False,0.010157375,0.5256786,False,False,61091.16871489737,,19,False,False,False,False,False,False,False,False,False,False,False,False,False,False,False,False,False,False,False,False,False,i
3,61091.16733538685,lsst,151.40968600917193,2.296282583718619,170028510548066453,170032901220466847,0,170028510548066453,-1857.0295,238.14603,0,0,0,8471.837,231.61081,True,2026021900186,172,0.0,3.7614835e-05,3.8464637e-05,-2.1919981e-11,2324.6875,0.6939172,188.39684,0.67601174,False,-2601.083,529.99615,False,False,True,7.693504,,1806.4185,1681,-2216.701,6.427049,151.40969526697316,,2.29627984192207,,1.7390989,,29.979872,,,0,False,,,,,,,,0,False,False,False,10354.088,20.873661,0.38743344,0.40992808,0.15311752,0.22551234,0.22885753,0.04325165,False,False,False,False,0.96079767,0.3286455,False,False,61091.16905384129,,20,False,False,False,False,False,False,False,False,False,False,False,False,False,False,False,False,False,False,False,False,False,i
3,61091.167800000585,lsst,151.40965662828324,2.2962673971377536,170028510548066453,170032901334761606,0,170028510548066453,-2462.099,232.65575,0,0,0,7877.798,226.12643,True,2026021900187,134,0.0,2.2465734e-05,1.4941099e-05,1.20678e-10,3125.0317,0.24055001,3133.2673,0.42214924,False,-2294.5464,530.6639,False,False,True,10.227071,,1750.0851,1681,-2755.6074,15.948098,151.40966190341052,,2.2962541031037977,,1.6660671,,60.686615,,,0,False,,,,,,,,0,False,False,False,10380.264,19.086098,0.08234049,0.38425303,0.049166393,0.2103795,0.24033253,0.06332589,False,False,False,False,0.0069751283,0.4710809,False,False,61091.169621418754,,21,False,False,False,False,False,False,False,False,False,False,False,False,False,False,False,False,False,False,False,False,False,i
3,61091.16826449189,lsst,151.40968917306265,2.296269940447604,170028510548066453,170032901484708022,0,170028510548066453,-2430.7449,228.17674,0,0,0,7804.881,220.73926,True,2026021900188,164,0.0,2.0934503e-05,2.3803275e-05,-6.7587165e-11,3127.3804,0.43943396,3477.1748,0.36461723,False,-2625.7334,531.4898,False,False,True,10.909061,,1695.9564,1681,-2705.3755,7.749758,151.40968072753063,,2.2962918205350404,,1.4182359,,-60.91815,,,0,False,,,,,,,,0,False,False,False,10243.128,14.937681,0.2486607,0.19426548,-0.10282051,0.17130297,0.21493433,0.032678153,False,False,False,False,0.09893376,0.5235489,False,False,61091.170148070596,,18,False,False,False,False,False,False,False,False,False,False,False,False,False,False,False,False,False,False,False,False,False,i
3,61091.16873097868,lsst,151.40967246842663,2.296309054414882,170028510548066453,170032901603197067,0,170028510548066453,-2159.499,238.58754,0,0,0,8112.3516,231.62576,True,2026021900189,134,0.0,3.052501e-05,2.0121863e-05,3.453453e-10,517.99805,0.2753764,2479.0007,0.5980708,False,-2480.2126,519.59454,False,False,True,8.799209,,1662.041,1681,-2401.0662,20.183216,151.4096725575538,,2.296313059285001,,1.5550853,,45.76598,,,0,False,,,,,,,,0,False,False,False,10255.922,24.327137,0.12844048,0.34270006,0.077333026,0.20697142,0.2748673,0.03320678,False,False,False,False,0.0029669087,0.3898879,False,False,61091.17053455007,,20,False,False,False,False,False,False,False,False,False,False,False,False,False,False,False,False,False,False,False,False,False,i
3,61091.16919300548,lsst,151.40964914779875,2.2962719572966765,170028510548066453,170032901753667764,0,170028510548066453,-2756.4478,257.31482,0,0,0,7569.151,250.44739,True,2026021900190,165,0.0,2.2064643e-05,2.0388401e-05,6.119809e-11,3212.778,0.35148296,1889.0818,0.41209388,False,-3163.8706,541.28705,False,False,True,10.616248,,1661.0447,1681,-2715.5522,2.8731177,151.40964119376562,,2.296276865538248,,0.6621437,,-19.674208,,,0,False,,,,,,,,0,False,False,False,10401.712,18.271843,0.28727013,0.25144815,0.0064400034,0.250106,0.28808573,-0.040754568,False,False,False,False,6.4594956e-06,0.5269572,False,False,61091.17091585293,,23,False,False,False,False,False,False,False,False,False,False,False,False,False,False,False,False,False,False,False,False,False,i
1,61091.17116440219,lsst,151.40970225427674,2.2962327278269843,170028510548066453,170032901890506863,0,170028510548066453,-2707.7634,148.81206,0,0,0,5442.2104,147.20245,True,2026021900191,170,0.0,1.1808008e-05,1.0766545e-05,1.1075771e-11,1573.3121,0.19013622,827.4475,0.21627614,False,-1792.4639,304.4419,False,False,True,18.163998,,1671.2775,1681,-2751.026,2.6831503,151.40969851558356,,2.2962361340496327,,0.86399823,,29.811699,,,0,False,,,,,,,,0,False,False,False,8264.886,24.136728,0.21297707,0.2276885,0.033098057,0.23653251,0.2780224,0.0030229222,False,False,False,False,0.12445995,0.5910217,False,False,61091.17287731515,,24,False,False,False,False,False,False,False,False,False,False,False,False,False,False,False,False,False,False,False,False,False,g
1,61091.171631250385,lsst,151.40970528366174,2.29623185245454,170028510548066453,170032902021054626,0,170028510548066453,-2738.1826,137.26196,0,0,0,5390.099,136.7749,True,2026021900192,163,0.0,1.1489405e-05,1.1168101e-05,4.313145e-12,2390.4036,0.19940476,1292.814,0.20849591,False,-2620.3909,294.0818,False,False,True,19.661148,,1680.4277,1681,-2576.118,0.011560341,151.40970382000043,,2.2962396779420513,,0.3504497,,11.107359,,,0,False,,,,,,,,0,False,False,False,8209.741,14.995582,0.22817346,0.22472158,0.004891805,0.2044975,0.2325319,0.017458268,False,False,False,False,0.0071780668,0.6380728,False,False,61091.173570482206,,24,False,False,False,False,False,False,False,False,False,False,False,False,False,False,False,False,False,False,False,False,False,g
1,61091.172097319926,lsst,151.40971483097815,2.2962435196474384,170028510548066453,170032902140067965,0,170028510548066453,-2867.292,131.2082,0,0,0,5276.499,129.91698,True,2026021900193,134,0.0,1.0169859e-05,9.040297e-06,1.5171576e-11,1132.0244,0.15469685,2404.161,0.18984546,False,-2167.6306,277.04703,False,False,True,21.721077,,1674.6726,1681,-2891.6436,1.1454027,151.4097119421637,,2.2962477127044942,,0.9841132,,35.482586,,,0,False,,,,,,,,0,False,False,False,8190.811,12.589451,0.19075522,0.24293205,0.036962356,0.20549887,0.25634187,0.03630192,False,False,False,False,0.0212162,0.63421947,False,False,61091.17390512054,,24,False,False,False,False,False,False,False,False,False,False,False,False,False,False,False,False,False,False,False,False,False,g
1,61091.17256120909,lsst,151.40970548710183,2.296250658354779,170028510548066453,170032902291587179,0,170028510548066453,-2762.5933,136.163,0,0,0,5455.901,135.80525,True,2026021900194,167,0.0,1.0856452e-05,1.0531011e-05,6.4377245e-12,1116.4594,0.18626022,1542.2177,0.19881353,False,-2503.4597,293.86267,False,False,True,19.98384,,1738.4677,1681,-2710.9514,0.37735754,151.4097026360991,,2.2962532685257937,,0.8930407,,21.932898,,,0,False,,,,,,,,0,False,False,False,8241.426,25.239958,0.21054135,0.22888485,0.03527855,0.19551757,0.21478242,0.013682682,False,False,False,False,0.025545944,0.62048876,False,False,61091.174248414274,,22,False,False,False,False,False,False,False,False,False,False,False,False,False,False,False,False,False,False,False,False,False,g
1,61091.17302648314,lsst,151.4096949597263,2.2962487761638566,170028510548066453,170032902423707817,0,170028510548066453,-2842.1694,138.49834,0,0,0,5470.9873,136.78023,True,2026021900195,163,0.0,9.6961585e-06,9.591209e-06,2.6363714e-12,1089.2245,0.17097631,3282.4097,0.17637946,False,-2784.3435,294.64334,False,False,True,20.149351,,1554.1129,1681,-2790.036,1.1600347,151.40969403870733,,2.2962473217594366,,1.0442274,,7.086245,,,0,False,,,,,,,,0,False,False,False,8333.887,24.175041,0.20481388,0.18775664,0.051722698,0.2013507,0.21302943,0.0085676415,False,False,False,False,0.014263684,0.64763945,False,False,61091.17486890481,,22,False,False,False,False,False,False,False,False,False,False,False,False,False,False,False,False,False,False,False,False,False,g
1,61091.17356770113,lsst,151.40969678232847,2.29624595769019,170028510548066453,170032902563168406,0,170028510548066453,-2728.578,146.9211,0,0,0,5609.5356,144.90103,True,2026021900196,173,0.0,1.255752e-05,1.0344719e-05,-4.0619126e-14,37.22924,0.18612458,1873.2787,0.22615555,False,-3227.0117,306.81085,False,False,True,18.303442,,1693.7073,1681,-2603.98,2.0155997,151.40969481426183,,2.296249625043835,,0.7770631,,78.30864,,,0,False,,,,,,,,0,False,False,False,8357.363,13.999847,0.19805665,0.2475224,0.010704335,0.22288899,0.23571332,0.019050328,False,False,False,False,0.004612679,0.640722,False,False,61091.175339125824,,25,False,False,False,False,False,False,False,False,False,False,False,False,False,False,False,False,False,False,False,False,False,g
1,61091.17402935767,lsst,151.40969795294288,2.2962638376305278,170028510548066453,170032902700007557,0,170028510548066453,-2783.6985,147.98116,0,0,0,5524.9497,148.74495,True,2026021900197,178,0.0,1.2438825e-05,1.057179e-05,2.389941e-12,1927.8632,0.19017752,746.94293,0.22439538,False,-2281.501,292.8555,False,False,True,18.743773,,1760.264,1681,-2667.7468,3.5156322,151.40969974381562,,2.2962588822772156,,0.7393624,,43.6091,,,0,False,,,,,,,,0,False,False,False,8387.055,10.964682,0.21196268,0.21506858,0.0242547,0.23664358,0.2842062,0.007029054,False,False,False,False,0.1907239,0.5830351,False,False,61091.17609435393,,25,False,False,False,False,False,False,False,False,False,False,False,False,False,False,False,False,False,False,False,False,False,g
1,61091.17449609281,lsst,151.40970011407882,2.296247759001961,170028510548066453,170032902833176694,0,170028510548066453,-2734.08,144.73708,0,0,0,5550.874,143.76619,True,2026021900198,176,0.0,1.0891597e-05,1.2472036e-05,-4.0606667e-12,1990.3025,0.22478814,1934.9781,0.19593772,False,-2827.8584,295.09036,False,False,True,18.823694,,1688.8442,1681,-2649.1106,0.43494013,151.40969772259388,,2.2962477717324106,,0.8763173,,-23.206427,,,0,False,,,,,,,,0,False,False,False,8315.675,14.665861,0.2656873,0.208218,-0.019535897,0.22432545,0.25665107,0.008040258,False,False,False,False,0.0013001915,0.5928071,False,False,61091.17638110215,,25,False,False,False,False,False,False,False,False,False,False,False,False,False,False,False,False,False,False,False,False,False,g
1,61091.17496395139,lsst,151.40971307272605,2.2962397756539272,170028510548066453,170032902966345829,0,170028510548066453,-2698.2651,134.34363,0,0,0,5406.3857,134.48697,True,2026021900199,174,0.0,9.9242525e-06,8.925118e-06,3.1107148e-12,3614.2937,0.16009392,270.41638,0.17926683,False,-2897.3665,291.98694,False,False,True,19.569017,,1731.5886,1681,-2614.2788,2.0624487,151.4097116222132,,2.2962374012242304,,0.78313464,,61.21221,,,0,False,,,,,,,,0,False,False,False,8109.207,19.56082,0.1466425,0.18998697,0.017794317,0.21090613,0.20570433,0.01978973,False,False,False,False,0.17474356,0.64694244,False,False,61091.176823114205,,24,False,False,False,False,False,False,False,False,False,False,False,False,False,False,False,False,False,False,False,False,False,g
1,61091.175428905204,lsst,151.40969928824026,2.2962358873341797,170028510548066453,170032903095320701,0,170028510548066453,-2968.132,137.28336,0,0,0,5256.986,136.44258,True,2026021900200,164,0.0,8.994278e-06,9.882478e-06,-3.665619e-12,1098.9047,0.17854269,2317.3958,0.16124345,False,-2670.201,292.81332,False,False,True,21.317024,,1644.9792,1681,-2925.9062,2.0111248,151.40970397305793,,2.2962407996849,,0.90687364,,25.5237,,,0,False,,,,,,,,0,False,False,False,8255.395,13.552711,0.20581408,0.1863765,0.036887113,0.23431267,0.21255533,0.018519035,False,False,False,False,0.080264196,0.65899163,False,False,61091.17712982287,,25,False,False,False,False,False,False,False,False,False,False,False,False,False,False,False,False,False,False,False,False,False,g
1,61091.17589895343,lsst,151.4097109305598,2.296225958142917,170028510548066453,170032903233732721,0,170028510548066453,-2773.9478,135.96495,0,0,0,5326.1143,134.72878,True,2026021900201,172,0.0,9.573665e-06,1.0950423e-05,-8.020073e-12,3132.406,0.19873333,145.23051,0.17037371,False,-2613.0935,291.27744,False,False,True,20.187016,,1632.8032,1681,-2783.223,1.740264,151.4097099999841,,2.2962288633345147,,1.0327773,,9.95292,,,0,False,,,,,,,,0,False,False,False,8099.524,12.677363,0.24694389,0.18133177,0.038400106,0.21629746,0.21861872,0.02401894,False,False,False,False,0.0012662685,0.6114013,False,False,61091.17780074432,,24,False,False,False,False,False,False,False,False,False,False,False,False,False,False,False,False,False,False,False,False,False,g
1,61091.17636493237,lsst,151.40970111607638,2.2962421592561624,170028510548066453,170032903348027531,0,170028510548066453,-2792.495,130.25122,0,0,0,5342.414,128.14313,True,2026021900202,134,0.0,8.224826e-06,1.03890125e-05,-1.45026526e-11,3896.022,0.19091783,3407.1602,0.14286329,False,-3064.0137,278.62195,False,False,True,20.881039,,1657.0211,1681,-2986.5078,4.085811,151.40970275569933,,2.296239221187304,,1.3643306,,14.10185,,,0,False,,,,,,,,0,False,False,False,8171.963,11.572095,0.2633606,0.17889877,0.086935215,0.2592858,0.20391363,0.060606245,False,False,False,False,0.011759819,0.6428147,False,False,61091.17823602933,,25,False,False,False,False,False,False,False,False,False,False,False,False,False,False,False,False,False,False,False,False,False,g
1,61091.17729506297,lsst,151.409695747926,2.2962549560535583,170028510548066453,170032903616462976,0,170028510548066453,-2993.6855,126.70813,0,0,0,5337.9995,125.039795,True,2026021900204,134,0.0,8.669969e-06,8.64188e-06,3.5629518e-13,1274.4727,0.15529706,2853.3965,0.15627104,False,-2689.7402,281.47882,False,False,True,23.415695,,1745.4565,1681,-2937.5085,0.06755114,151.4096953748868,,2.296255005160896,,0.6319208,,-2.2680886,,,0,False,,,,,,,,0,False,False,False,8352.92,19.39977,0.21567181,0.19024788,0.012007595,0.18926993,0.21591629,0.042362157,False,False,False,False,1.6592336e-05,0.6702571,False,False,61091.179045087716,,22,False,False,False,False,False,False,False,False,False,False,False,False,False,False,False,False,False,False,False,False,False,g
1,61091.17775920381,lsst,151.4097150146925,2.296255217733479,170028510548066453,170032903767457906,0,170028510548066453,-2792.359,139.5131,0,0,0,5309.174,137.93011,True,2026021900205,166,0.0,1.0166438e-05,9.643924e-06,7.5745495e-12,66.70902,0.16990967,2490.23,0.18680574,False,-3043.7375,296.36636,False,False,True,19.770395,,1686.0494,1681,-2813.9802,3.175262,151.40971177953475,,2.296254473834722,,0.9830754,,-1.602592,,,0,False,,,,,,,,0,False,False,False,8172.0933,16.15013,0.22386315,0.16678406,0.03572031,0.19504677,0.25930738,0.03747163,False,False,False,False,0.10586622,0.6437257,False,False,61091.17947178594,,26,False,False,False,False,False,False,False,False,False,False,False,False,False,False,False,False,False,False,False,False,False,g
4,61091.1796888747,lsst,151.40961171465634,2.296179409872418,170028510548066453,170032903908491403,0,170028510548066453,-2367.6377,404.24835,0,0,0,9301.442,392.39865,True,2026021900206,179,0.0,3.1688658e-05,2.9613606e-05,-2.9686113e-12,533.7253,0.53341055,2080.7568,0.57191694,False,-2442.9346,928.87476,False,False,True,5.5487733,,1597.0183,1681,-3124.1628,52.930275,151.40955477571245,,2.296254109183328,,2.5439184,,-46.37679,,,0,False,,,,,,,,0,False,False,False,11809.065,50.322906,0.52017564,0.5869593,-0.3664589,0.22836773,0.20554978,0.020323168,False,False,False,False,0.999998,0.42964438,False,False,61091.181497418635,,15,False,False,False,False,False,False,False,False,False,False,False,False,False,False,False,False,False,False,False,False,False,z
4,61091.18015591653,lsst,151.40967034957987,2.296240729262151,170028510548066453,170032904040087709,0,170028510548066453,-2931.8865,380.54755,0,0,0,10858.52,369.14444,True,2026021900207,174,0.0,4.1813113e-05,7.091912e-05,-9.080548e-11,2770.3425,1.2771701,249.11108,0.75328666,False,-3374.389,914.9696,False,False,True,7.8396506,,1675.5635,1681,-2959.6196,36.85053,151.40967699837012,,2.2962797155563326,,0.67524076,,-36.040737,,,0,False,,,,,,,,0,False,False,False,13774.819,42.240837,0.17822042,0.16361651,-0.01897081,0.23887794,0.1718856,0.024531506,False,False,False,False,0.1348379,0.5488332,False,False,61091.1820091016,,16,False,False,False,False,False,False,False,False,False,False,False,False,False,False,False,False,False,False,False,False,False,z
4,61091.1806274742,lsst,151.4096769461489,2.296236462624986,170028510548066453,170032904173256866,0,170028510548066453,-2761.085,378.3807,0,0,0,10817.559,365.3247,True,2026021900208,172,0.0,3.558108e-05,2.9678453e-05,2.9985944e-11,72.979195,0.53354186,441.5277,0.6416754,False,-3993.8157,911.4664,False,False,True,7.205522,,1668.0996,1681,-3061.2576,5.8776765,151.40966214642157,,2.29623520627303,,1.3416921,,-13.290403,,,0,False,,,,,,,,0,False,False,False,13536.794,38.63425,0.35530245,0.18561372,-0.02726653,0.23826347,0.17993286,0.041752,False,False,False,False,0.36276883,0.43590033,False,False,61091.18249382955,,17,False,False,False,False,False,False,False,False,False,False,False,False,False,False,False,False,False,False,False,False,False,z
4,61091.1810921207,lsst,151.40967374711772,2.296260037439616,170028510548066453,170032904309047474,0,170028510548066453,-2628.7942,386.15326,0,0,0,11274.716,375.16193,True,2026021900209,175,0.0,4.3595395e-05,4.5932073e-05,-2.8683066e-11,2980.5056,0.82792526,3259.223,0.7855647,False,-2331.7969,922.182,False,False,True,7.0525165,,1783.9913,1681,,,,,,,,,,,,0,False,,,,,,,,0,False,False,False,13843.045,59.669056,,,,0.23337725,0.17233282,0.03777545,True,False,False,False,,0.38721633,False,False,61091.18303157725,,16,False,False,False,False,False,False,False,False,False,False,False,False,False,False,False,False,False,False,False,False,False,z
4,61091.18155855101,lsst,151.40971310816664,2.2962705087034685,170028510548066453,170032904442740880,0,170028510548066453,-2329.4514,397.09937,0,0,0,11140.614,388.1288,True,2026021900210,174,0.0,4.6930032e-05,4.7430658e-05,-7.988683e-12,2302.6492,0.8543617,2611.3396,0.8461545,False,-1800.973,922.0112,False,False,True,5.8574295,,1615.5308,1681,-2934.4966,20.950048,151.40969645785864,,2.2962945086792304,,1.9232688,,-63.799263,,,0,False,,,,,,,,0,False,False,False,13545.579,38.327717,0.39076805,0.49851555,-0.1838132,0.2199873,0.20443797,0.023220189,False,False,False,False,0.99830407,0.35938,False,False,61091.183456173065,,16,False,False,False,False,False,False,False,False,False,False,False,False,False,False,False,False,False,False,False,False,False,z
4,61091.18199043727,lsst,151.40964067072457,2.2962358688126026,170028510548066453,170032904575910012,0,170028510548066453,-2898.7004,387.03778,0,0,0,10567.768,376.39377,True,2026021900211,172,0.0,2.8992044e-05,2.49102e-05,2.8776308e-11,1524.9178,0.44707122,1992.3063,0.52359974,False,-4380.396,915.26044,False,False,True,7.2985125,,1654.8816,1681,-2754.941,3.1116788,151.40963930333928,,2.2962296742188495,,0.7043177,,71.54684,,,0,False,,,,,,,,0,False,False,False,13601.475,43.037163,0.23425484,0.27444616,0.008223507,0.1894601,0.21274057,0.026842695,False,False,False,False,0.297374,0.50914675,False,False,61091.18379472848,,16,False,False,False,False,False,False,False,False,False,False,False,False,False,False,False,False,False,False,False,False,False,z
4,61091.18245382497,lsst,151.4096503348386,2.296277356490316,170028510548066453,170032904712749178,0,170028510548066453,-2794.8103,443.32443,0,0,0,11095.146,431.125,True,2026021900212,177,0.0,4.202052e-05,3.7361424e-05,7.254977e-11,2483.5737,0.669595,520.388,0.76109153,False,-2576.005,944.23346,False,False,True,6.3548465,,1732.1666,1681,-3117.608,11.066831,151.40961908831687,,2.296308412908546,,1.5089772,,-45.440216,,,0,False,,,,,,,,0,False,False,False,13947.664,57.26244,0.35512328,0.27584004,-0.10735679,0.23991385,0.28470325,0.01689301,False,False,False,False,0.23682523,0.3345409,False,False,61091.18416003496,,19,False,False,False,False,False,False,False,False,False,False,False,False,False,False,False,False,False,False,False,False,False,z
4,61091.1829249,lsst,151.40965615250065,2.296286053378552,170028510548066453,170032904845918344,0,170028510548066453,-2390.294,425.0243,1,0,0,11474.214,413.75967,True,2026021900213,175,0.0,,,,2902.0,,2288.0,,True,-2776.526,917.393,True,False,True,5.586133,,1575.8029,1681,,,,,,,,,,,,0,False,,,,,,,,0,True,False,False,13969.241,81.80194,0.062089685,0.6081788,-0.002965407,0.2293951,0.25888312,0.003841673,True,False,False,False,,0.40576148,False,False,61091.18454940434,,16,False,False,False,False,False,False,False,False,False,False,False,False,False,False,False,False,False,False,False,False,False,z
4,61091.18386176531,lsst,151.40964543263448,2.296227835412586,170028510548066453,170032905108062362,0,170028510548066453,-2149.1594,381.28262,0,0,0,11285.315,371.32443,True,2026021900215,163,0.0,6.5079796e-05,5.5010543e-05,4.903927e-10,2617.297,0.961799,957.9497,1.196612,False,-3237.6714,946.3385,False,False,True,5.647638,,1663.726,1681,-2674.6492,20.030321,151.40966956846702,,2.2962581045661503,,1.7179748,,-96.192184,,,0,False,,,,,,,,0,False,False,False,13442.6045,49.37344,0.1560186,0.44175953,-0.07094148,0.16347016,0.21332708,0.017745031,False,False,False,False,0.80262536,0.34166086,False,False,61091.18567144581,,14,False,False,False,False,False,False,False,False,False,False,False,False,False,False,False,False,False,False,False,False,False,z
4,61091.1843288749,lsst,151.4096317342275,2.2962331890158234,170028510548066453,170032905246998675,0,170028510548066453,-2385.2922,372.6645,0,0,0,10825.763,361.7381,True,2026021900216,172,0.0,3.924269e-05,2.419636e-05,4.6680565e-10,613.4414,0.35781926,161.90718,0.74941486,False,-1742.9814,934.1293,False,False,True,6.012041,,1645.0209,1681,-2652.0647,66.98757,151.40967939822042,,2.296241151805258,,1.6347718,,-106.4836,,,0,False,,,,,,,,0,False,False,False,13226.939,73.972336,0.03152232,0.3498865,-0.03204954,0.16998671,0.18326098,-0.0055814935,False,False,False,False,0.027698366,0.26253122,False,False,61091.18613781137,,14,False,False,False,False,False,False,False,False,False,False,False,False,False,False,False,False,False,False,False,False,False,z
4,61091.18479426513,lsst,151.4096472902545,2.296256026948103,170028510548066453,170032905361293463,0,170028510548066453,-3038.0667,370.9273,0,0,0,10792.976,363.39224,True,2026021900217,134,0.0,2.637848e-05,2.1610655e-05,1.4004777e-10,1566.088,0.36031967,2435.037,0.49729237,False,-3307.9937,946.6346,False,False,True,8.108718,,1632.1969,1681,-3127.7322,2.0052211,151.40965175967935,,2.2962571128447324,,1.1257819,,-107.75206,,,0,False,,,,,,,,0,False,False,False,13829.373,69.49196,0.11140491,0.23472168,-0.016701095,0.15849446,0.1664976,0.005182779,False,False,False,False,0.017047036,0.4943336,False,False,61091.18655922089,,17,False,False,False,False,False,False,False,False,False,False,False,False,False,False,False,False,False,False,False,False,False,z
4,61091.185262266954,lsst,151.40963636381164,2.2962663060263515,170028510548066453,170032905511239854,0,170028510548066453,-2925.6238,350.7103,0,0,0,10652.658,340.52164,True,2026021900218,164,0.0,1.9819327e-05,1.7781345e-05,5.931728e-11,1151.7233,0.30340955,2754.1372,0.37162054,False,-3678.803,931.8991,False,False,True,8.065019,,1654.935,1681,-2956.413,8.921699,151.40963767295236,,2.296265015621165,,1.1165245,,-82.90906,,,0,False,,,,,,,,0,False,False,False,13632.875,90.27903,0.15766105,0.19817284,-0.0589154,0.1465712,0.1524719,-0.0038542731,False,False,False,False,0.12633008,0.472136,False,False,61091.18701582222,,16,False,False,False,False,False,False,False,False,False,False,False,False,False,False,False,False,False,False,False,False,False,z
4,61091.185729386816,lsst,151.4096845227184,2.2962770421709324,170028510548066453,170032905629204682,0,170028510548066453,-2893.8965,343.55115,0,0,0,10721.39,327.50003,True,2026021900219,133,0.0,2.216062e-05,2.2543943e-05,-1.572773e-11,3260.6228,0.4095967,1550.7511,0.39531365,False,-622.0996,940.8643,False,False,True,8.533764,,1589.6135,1681,-2852.2449,4.4509783,151.40968231268633,,2.2962732019287495,,0.6096354,,-68.30716,,,0,False,,,,,,,,0,False,False,False,13680.578,65.16689,0.1391751,0.1299654,-0.015958577,0.14081994,0.13821983,0.017335502,False,False,False,False,0.0043838294,0.2813871,False,False,61091.187392233485,,14,False,False,False,False,False,False,False,False,False,False,False,False,False,False,False,False,False,False,False,False,False,z
4,61091.18619452471,lsst,151.40969975177987,2.296219354663642,170028510548066453,170032905780199643,0,170028510548066453,-2614.625,353.85306,0,0,0,9976.3545,337.10614,True,2026021900220,165,0.0,2.1990521e-05,2.1933349e-05,5.8789514e-12,1041.2527,0.39338925,416.34106,0.39849472,False,-2248.1436,943.61426,False,False,True,7.305509,,1607.2257,1681,-2465.4836,14.235629,151.4096959662139,,2.296221507634514,,0.5714091,,9.290617,,,0,False,,,,,,,,0,False,False,False,12656.862,68.67677,0.13689904,0.13587551,0.014445675,0.14506744,0.15224178,0.020115338,False,False,False,False,0.025069885,0.51550853,False,False,61091.187767635594,,15,False,False,False,False,False,False,False,False,False,False,False,False,False,False,False,False,False,False,False,False,False,z
2,61091.18811639339,lsst,151.40968739394924,2.2962590956797393,170028510548066453,170032905911795877,0,170028510548066453,-2520.7,165.8961,0,0,0,5938.2793,163.75093,True,2026021900221,160,0.0,1.304354e-05,1.1581965e-05,4.8903107e-11,2264.247,0.25774884,350.68918,0.1801977,False,-2679.3682,393.07346,False,False,True,14.784746,,1652.672,1681,-2557.2417,4.4031444,151.40968809791602,,2.2962611352398756,,1.1661121,,74.66121,,,0,False,,,,,,,,0,False,False,False,8464.29,31.34396,0.23194353,0.12428467,0.04335609,0.18916541,0.16021518,0.012836579,False,False,False,False,0.0016810641,0.5697263,False,False,61091.189686162696,,21,False,False,False,False,False,False,False,False,False,False,False,False,False,False,False,False,False,False,False,False,False,r
2,61091.188582192284,lsst,151.40966693995648,2.296255132697725,170028510548066453,170032906041819282,0,170028510548066453,-2563.1782,160.42621,0,0,0,5922.487,157.55156,True,2026021900222,152,0.0,1.22109695e-05,1.25371e-05,-1.4486316e-11,2205.2388,0.21166702,1812.0719,0.2335652,False,-2995.3823,382.84116,False,False,True,15.863272,,1776.4336,1681,-2620.571,2.175986,151.40966008566525,,2.296256057249717,,1.1138779,,111.64049,,,0,False,,,,,,,,0,False,False,False,8540.339,34.409027,0.17022365,0.2281506,0.05337381,0.18897396,0.16365388,0.009760665,False,False,False,False,0.07158156,0.62535495,False,False,61091.190170368194,,23,False,False,False,False,False,False,False,False,False,False,False,False,False,False,False,False,False,False,False,False,False,r
2,61091.18904850815,lsst,151.40966999604146,2.29625968812051,170028510548066453,170032906173939863,0,170028510548066453,-2642.2021,154.15616,0,0,0,5900.249,150.4304,True,2026021900223,148,0.0,1.1129691e-05,1.1384178e-05,-1.728805e-11,4067.5544,0.18814674,2425.2463,0.21621515,False,-3137.8027,379.14832,False,False,True,16.727371,,1619.6139,1681,-2544.726,0.80495673,151.40966646495528,,2.296261210477612,,0.8596845,,-36.182053,,,0,False,,,,,,,,0,False,False,False,8548.037,45.570427,0.14638762,0.21401519,-0.0051017785,0.17573397,0.14454696,0.013132227,False,False,False,False,0.060911644,0.5793325,False,False,61091.190786109364,,23,False,False,False,False,False,False,False,False,False,False,False,False,False,False,False,False,False,False,False,False,False,r
2,61091.18997895213,lsst,151.40965681717452,2.296259087696104,170028510548066453,170032906444472497,0,170028510548066453,-2337.4487,149.84232,0,0,0,6117.163,148.06181,True,2026021900225,152,0.0,1.1699324e-05,1.1804006e-05,1.6865998e-11,3837.7869,0.22431916,3561.3418,0.19833462,False,-2367.6428,381.38318,False,False,True,15.427958,,1687.3215,1681,-2292.778,0.8780947,151.40965087637042,,2.2962517765483295,,0.92232865,,52.843666,,,0,False,,,,,,,,0,False,False,False,8511.408,43.94886,0.2183272,0.14277896,0.01314542,0.15133391,0.136703,0.013851519,False,False,False,False,0.20715387,0.5861686,False,False,61091.19168342955,,20,False,False,False,False,False,False,False,False,False,False,False,False,False,False,False,False,False,False,False,False,False,r
2,61091.19055007529,lsst,151.40968040908967,2.2962610487793556,170028510548066453,170032906593370382,0,170028510548066453,-2489.5322,144.50061,0,0,0,5958.1465,141.64122,True,2026021900226,180,0.0,9.158975e-06,1.0645373e-05,6.460063e-12,85.10522,0.19274639,959.87384,0.16364442,False,-2463.6196,387.44748,False,False,True,17.104761,,1662.7866,1681,-2380.739,0.78814274,151.40967761371544,,2.296256794191242,,0.6910295,,15.090416,,,0,False,,,,,,,,0,False,False,False,8535.694,49.079594,0.16187829,0.11874579,0.002383269,0.123930424,0.1109739,0.009675546,False,False,False,False,0.10533463,0.65335315,False,False,61091.19222856997,,19,False,False,False,False,False,False,False,False,False,False,False,False,False,False,False,False,False,False,False,False,False,r
2,61091.19101204362,lsst,151.40969403026872,2.2962802490508856,170028510548066453,170032906727063685,0,170028510548066453,-2367.4116,155.42712,0,0,0,6057.862,153.69148,True,2026021900227,179,0.0,1.2188813e-05,9.908926e-06,-7.92018e-12,3560.012,0.17731404,168.9414,0.22073823,False,-2965.573,400.5862,False,False,True,15.018794,,1753.4775,1681,-2417.7063,2.5962791,151.40968919230207,,2.2962798084919385,,0.96846855,,-75.25703,,,0,False,,,,,,,,0,False,False,False,8423.968,39.67834,0.12431041,0.21249798,-0.009510675,0.12945493,0.13783371,-0.004314035,False,False,False,False,0.20272265,0.5970496,False,False,61091.19266444668,,20,False,False,False,False,False,False,False,False,False,False,False,False,False,False,False,False,False,False,False,False,False,r
2,61091.19147756044,lsst,151.4096815600967,2.296265525798152,170028510548066453,170032906863378604,0,170028510548066453,-2635.121,153.15761,0,0,0,5895.5483,151.70587,True,2026021900228,183,0.0,8.521263e-06,1.0561322e-05,3.884222e-12,2873.0212,0.19049014,535.9003,0.15319583,False,-2573.7156,402.2383,False,False,True,17.119001,,1759.3845,1681,-2563.8896,2.0050983,151.4096837719257,,2.2962686445564735,,0.8965162,,35.57897,,,0,False,,,,,,,,0,False,False,False,8568.763,53.758247,0.15620697,0.11685173,0.03365033,0.12771311,0.11822555,0.0015315964,False,False,False,False,0.036754828,0.66601086,False,False,61091.19324623495,,17,False,False,False,False,False,False,False,False,False,False,False,False,False,False,False,False,False,False,False,False,False,r
2,61091.19194334913,lsst,151.40967711331666,2.2962510246685883,170028510548066453,170032906993926329,0,170028510548066453,-2428.3774,152.73102,0,0,0,6119.4736,150.96425,True,2026021900229,176,0.0,7.982415e-06,1.0969817e-05,2.7294052e-12,111.733696,0.19755405,315.58987,0.14371437,False,-1931.0396,403.95312,False,False,True,15.592553,,1751.1174,1681,-2226.3499,3.3888903,151.40967661134204,,2.296254369907193,,0.55025464,,-13.236285,,,0,False,,,,,,,,0,False,False,False,8604.78,46.05636,0.11381461,0.0907606,-0.0072188945,0.1465633,0.10778986,0.012098593,False,False,False,False,0.11477845,0.5857716,False,False,61091.1936694467,,16,False,False,False,False,False,False,False,False,False,False,False,False,False,False,False,False,False,False,False,False,False,r
2,61091.192409812866,lsst,151.40969544753207,2.2962590008705845,170028510548066453,170032907125522622,0,170028510548066453,-2640.7544,143.24069,0,0,0,5714.056,141.44884,True,2026021900230,171,0.0,1.06018015e-05,8.316181e-06,1.7736725e-13,1493.5042,0.14968264,3809.4258,0.19105214,False,-2775.2976,393.98837,False,False,True,17.898853,,1769.5094,1681,-2513.61,0.5153807,151.40969045503567,,2.2962607709734146,,0.71990436,,-69.42171,,,0,False,,,,,,,,0,False,False,False,8425.22,38.504417,0.108629465,0.14454861,-0.01588355,0.11871181,0.108557306,0.010660806,False,False,False,False,0.036286395,0.6677883,False,False,61091.19407746116,,17,False,False,False,False,False,False,False,False,False,False,False,False,False,False,False,False,False,False,False,False,False,r
2,61091.19288017563,lsst,151.40968345465618,2.296247129649703,170028510548066453,170032907245060287,0,170028510548066453,-2685.9941,146.03053,0,0,0,5774.2827,144.07123,True,2026021900231,143,0.0,9.890157e-06,9.792008e-06,5.9981994e-14,2856.1445,0.17621033,3780.239,0.17811276,False,-2599.7632,382.4881,False,False,True,18.463545,,1827.1954,1681,-2417.906,0.5602967,151.40968428626587,,2.296246160511757,,0.41927737,,-73.58607,,,0,False,,,,,,,,0,False,False,False,8492.353,44.917423,0.13900968,0.15078239,-0.004730794,0.13576767,0.12518841,0.009147018,False,False,False,False,0.039056793,0.6862687,False,False,61091.19449981836,,18,False,False,False,False,False,False,False,False,False,False,False,False,False,False,False,False,False,False,False,False,False,r
2,61091.193343182604,lsst,151.4096744595603,2.2962683234380767,170028510548066453,170032907393958026,0,170028510548066453,-2346.8342,155.54027,0,0,0,6192.3936,153.03328,True,2026021900232,171,0.0,1.31070865e-05,1.251909e-05,1.6438396e-12,3554.0742,0.2251536,146.84062,0.23619112,False,-2547.0615,393.29733,False,False,True,15.236318,,1622.0043,1681,-2226.8696,0.68620557,151.40967894591725,,2.2962669446447923,,0.68024355,,-53.579098,,,0,False,,,,,,,,0,False,False,False,8535.21,32.438316,0.15272683,0.15647522,-0.020718994,0.15025379,0.12748724,0.0012174514,False,False,False,False,0.04358284,0.5891644,False,False,61091.19501284529,,19,False,False,False,False,False,False,False,False,False,False,False,False,False,False,False,False,False,False,False,False,False,r
2,61091.193806567084,lsst,151.40969531027048,2.296270170386528,170028510548066453,170032907530272951,0,170028510548066453,-2752.5361,147.96666,0,0,0,5709.143,146.39828,True,2026021900233,175,0.0,8.444864e-06,8.545148e-06,-2.6644211e-13,441.6876,0.15384433,369.85806,0.15215583,False,-2725.444,394.02087,False,False,True,18.359474,,1720.0447,1681,-2571.053,3.1693864,151.40969475158914,,2.2962721475540295,,0.49186993,,-51.84684,,,0,False,,,,,,,,0,False,False,False,8484.101,48.05345,0.11241416,0.11074842,-0.010616293,0.12564334,0.12942687,-0.002200813,False,False,False,False,0.04872518,0.6384812,False,False,61091.19547630937,,18,False,False,False,False,False,False,False,False,False,False,False,False,False,False,False,False,False,False,False,False,False,r
2,61091.19427260785,lsst,151.40967589626734,2.2962607114397295,170028510548066453,170032907662393536,0,170028510548066453,-2725.492,147.86633,0,0,0,5861.7725,146.25034,True,2026021900234,171,0.0,8.972828e-06,1.0098109e-05,-4.7495757e-12,869.1062,0.18261574,160.8519,0.16059718,False,-2260.3647,391.90546,False,False,True,18.69159,,1733.1957,1681,-2685.6409,0.40184414,151.4096743424141,,2.2962608786753003,,0.68619084,,-32.199043,,,0,False,,,,,,,,0,False,False,False,8589.031,55.333076,0.149722,0.117012285,-0.013902706,0.13499045,0.11786914,-0.006500018,False,False,False,False,0.009474802,0.6888968,False,False,61091.195884007444,,17,False,False,False,False,False,False,False,False,False,False,False,False,False,False,False,False,False,False,False,False,False,r
2,61091.19473536946,lsst,151.40964893716585,2.2962871328486525,170028510548066453,170032907796086963,0,170028510548066453,-2334.6384,170.82735,0,0,0,6084.5146,167.84303,True,2026021900235,170,0.0,1.257387e-05,1.0578084e-05,1.3934764e-11,1462.381,0.18717723,761.73395,0.22959426,False,-2663.645,407.60272,False,False,True,12.98121,,1803.943,1681,-2419.063,6.685406,151.4096500409484,,2.296287716966049,,1.0451952,,-72.90606,,,0,False,,,,,,,,0,False,False,False,8446.909,30.646633,0.11687745,0.16417801,-0.050471082,0.18309744,0.2159316,-0.069968954,False,False,False,False,0.35414758,0.5688252,False,False,61091.196480032784,,20,False,False,False,False,False,False,False,False,False,False,False,False,False,False,False,False,False,False,False,False,False,r
3,61091.19702290851,lsst,151.40967185278438,2.29626488742213,170028510548066453,170032908070289651,0,170028510548066453,-2519.977,200.91924,0,0,0,7865.537,194.51802,True,2026021900237,181,0.0,1.2786116e-05,1.2060616e-05,-2.5734399e-11,674.87695,0.2031052,1877.48,0.24293832,False,-2782.7688,546.49994,False,False,True,12.33755,,1728.3386,1681,-2477.4443,11.868779,151.40966507079423,,2.296262309243198,,0.8579417,,104.112434,,,0,False,,,,,,,,0,False,False,False,10390.339,29.665592,0.073817044,0.12877207,0.02484329,0.11051234,0.13777325,0.010961137,False,False,False,False,0.099943966,0.6575348,False,False,61091.19868683224,,16,False,False,False,False,False,False,False,False,False,False,False,False,False,False,False,False,False,False,False,False,False,i
3,61091.197490183404,lsst,151.40965316327217,2.296276115944075,170028510548066453,170032908188254385,0,170028510548066453,-2568.205,202.47847,0,0,0,7670.4736,196.49565,True,2026021900238,150,0.0,1.5723554e-05,1.4919625e-05,-2.6477449e-11,3714.0215,0.25818905,1984.5133,0.29267713,False,-2596.6626,544.4013,False,False,True,12.664118,,1712.2362,1681,-2495.5535,2.7188869,151.40964815708577,,2.2962792988534377,,0.7298463,,119.26879,,,0,False,,,,,,,,0,False,False,False,10266.507,22.060225,0.11341186,0.1621222,0.0026291145,0.13290948,0.14228165,0.012403279,False,False,False,False,5.34515e-06,0.6576784,False,False,61091.19928736292,,16,False,False,False,False,False,False,False,False,False,False,False,False,False,False,False,False,False,False,False,False,False,i
3,61091.19795575959,lsst,151.40964930058857,2.2962562646885663,170028510548066453,170032908339249293,0,170028510548066453,-2615.2732,223.58044,0,0,0,7728.8105,218.6722,True,2026021900239,182,0.0,1.3292017e-05,1.5836113e-05,5.8915005e-11,1775.5166,0.30328125,1637.8478,0.21638992,False,-2548.1812,567.96106,False,False,True,11.327238,,1782.9636,1681,-2535.35,21.818172,151.40965971800858,,2.2962478505874806,,0.8484793,,23.067467,,,0,False,,,,,,,,0,False,False,False,10335.829,17.566196,0.13317572,0.06206436,-0.0074925143,0.15678744,0.17136343,0.025734862,False,False,False,False,0.4905789,0.5244024,False,False,61091.199924038534,,19,False,False,False,False,False,False,False,False,False,False,False,False,False,False,False,False,False,False,False,False,False,i
3,61091.198919012466,lsst,151.40966647878903,2.296262052387813,170028510548066453,170032908606636244,0,170028510548066453,-2206.7708,201.2735,0,0,0,8079.635,195.88692,True,2026021900241,180,0.0,1.8887147e-05,1.935703e-05,5.824873e-12,1895.5618,0.34925982,276.54633,0.3394338,False,-3020.4556,535.79895,False,False,True,10.793725,,1639.0887,1681,-2147.9075,1.1683321,151.4096640367272,,2.2962562282447627,,0.564585,,62.71261,,,0,False,,,,,,,,0,False,False,False,10228.031,18.607811,0.18953528,0.19001202,0.013854296,0.1278149,0.14232525,0.003753649,False,False,False,False,0.42558143,0.46168908,False,False,61091.2007246547,,18,False,False,False,False,False,False,False,False,False,False,False,False,False,False,False,False,False,False,False,False,False,i
3,61091.19938135061,lsst,151.40967631003568,2.2962493896615435,170028510548066453,170032908742426809,0,170028510548066453,-2575.6184,205.8917,0,0,0,7798.87,202.59386,True,2026021900242,183,0.0,1.4819126e-05,1.2256541e-05,-1.850512e-11,1828.0022,0.21731791,3745.3623,0.27011773,False,-2021.4564,552.4984,False,False,True,12.348517,,1754.9056,1681,-2604.8242,6.921936,151.4096777064215,,2.296251312526394,,0.9566163,,87.55605,,,0,False,,,,,,,,0,False,False,False,10417.214,21.568258,0.10101009,0.17711778,0.024414659,0.1312978,0.14588647,-0.004368071,False,False,False,False,4.026177e-05,0.5745524,False,False,61091.20112407459,,16,False,False,False,False,False,False,False,False,False,False,False,False,False,False,False,False,False,False,False,False,False,i
3,61091.199846814015,lsst,151.40967880027222,2.296271662662169,170028510548066453,170032908875595992,0,170028510548066453,-2290.346,195.83153,0,0,0,8181.1133,191.06487,True,2026021900243,181,0.0,1.12744365e-05,1.3624602e-05,1.1722892e-11,796.59296,0.24686852,3808.5435,0.2014272,False,-1749.2443,543.60675,False,False,True,11.357347,,1675.6254,1681,-2271.937,1.7653034,151.40967650790793,,2.2962649336638328,,0.8423284,,27.77869,,,0,False,,,,,,,,0,False,False,False,10457.567,25.86285,0.12922698,0.069875784,0.019616751,0.12588756,0.118728146,-0.0057394095,False,False,False,False,0.10063638,0.5067172,False,False,61091.20165072104,,16,False,False,False,False,False,False,False,False,False,False,False,False,False,False,False,False,False,False,False,False,False,i
3,61091.20124584455,lsst,151.40969375498406,2.296270150154614,170028510548066453,170032909261996218,0,170028510548066453,-2446.7207,195.82655,0,0,0,7845.2803,191.91129,True,2026021900246,150,0.0,1.400598e-05,1.2023834e-05,-2.2187408e-12,310.75076,0.21634975,3230.1387,0.25232065,False,-2493.6218,542.90314,False,False,True,12.250937,,1670.974,1681,-2494.8147,3.136025,151.40969711680307,,2.296269412257881,,0.9786778,,70.55667,,,0,False,,,,,,,,0,False,False,False,10321.989,22.64116,0.114502676,0.18280706,0.03250514,0.12934211,0.12260984,-0.0057781436,False,False,False,False,0.09708531,0.5444585,False,False,61091.20295312209,,16,False,False,False,False,False,False,False,False,False,False,False,False,False,False,False,False,False,False,False,False,False,i
3,61091.201710601716,lsst,151.4096822200926,2.2963057515135983,170028510548066453,170032909407748272,0,170028510548066453,-2254.762,204.15427,0,0,0,7882.4536,199.65846,True,2026021900247,172,0.0,1.545056e-05,1.4307141e-05,4.0496152e-13,1128.2224,0.2574906,301.92557,0.27833146,False,-2058.9004,545.81805,False,False,True,10.956511,,1783.8444,1681,-2129.5298,1.2448523,151.40968064126608,,2.296309786028711,,0.46707413,,-74.68407,,,0,False,,,,,,,,0,False,False,False,10133.284,18.303467,0.110897236,0.12705818,-0.005034679,0.13403985,0.13539985,-0.0027684385,False,False,False,False,0.044974286,0.46766782,False,False,61091.20349430236,,17,False,False,False,False,False,False,False,False,False,False,False,False,False,False,False,False,False,False,False,False,False,i
3,61091.20217559941,lsst,151.40965322775364,2.296274507442422,170028510548066453,170032909543538840,0,170028510548066453,-2509.5542,210.30025,0,0,0,7859.052,204.74658,True,2026021900248,175,0.0,1.6702636e-05,1.2716126e-05,7.9194195e-12,2645.958,0.2285332,406.72638,0.30136847,False,-3465.0627,546.3713,False,False,True,11.717794,,1608.1338,1681,-2415.1594,9.587308,151.4096667301536,,2.2962687261771957,,0.4110162,,82.41388,,,0,False,,,,,,,,0,False,False,False,10358.73,18.519741,0.07771143,0.09238863,0.0009606743,0.13115196,0.18168063,-0.02406369,False,False,False,False,0.5574859,0.58728236,False,False,61091.20397946852,,19,False,False,False,False,False,False,False,False,False,False,False,False,False,False,False,False,False,False,False,False,False,i
3,61091.20264292219,lsst,151.40967071185773,2.296271940473379,170028510548066453,170032909675659413,0,170028510548066453,-2359.2395,218.28438,0,0,0,7973.9136,212.78163,True,2026021900249,171,0.0,2.2827691e-05,1.7179962e-05,2.7256584e-11,2687.3801,0.30751452,568.9253,0.41252717,False,-2293.0085,548.2729,False,False,True,10.621231,,1709.8853,1681,-2631.1174,1.7493776,151.40965827353622,,2.2962789917834456,,1.2020912,,-68.327354,,,0,False,,,,,,,,0,False,False,False,10328.832,15.199656,0.19068238,0.26824063,-0.05930071,0.14958696,0.18180291,-0.020553011,False,False,False,False,0.45880973,0.5246294,False,False,61091.20443294641,,19,False,False,False,False,False,False,False,False,False,False,False,False,False,False,False,False,False,False,False,False,False,i
1,61091.20494201068,lsst,151.40969609299844,2.296233365272106,170028510548066453,170032909948289145,0,170028510548066453,-2605.177,145.89322,0,0,0,5529.2026,146.25537,True,2026021900251,179,0.0,1.5025917e-05,1.05661975e-05,-1.3321843e-11,3274.4282,0.18890762,1672.7855,0.27193752,False,-2354.93,304.5882,False,False,True,17.70729,,1634.5662,1681,-2717.2764,0.96053153,151.40969800474352,,2.296234239773142,,1.205043,,-62.451035,,,0,False,,,,,,,,0,False,False,False,8241.531,13.325492,0.19197787,0.29684323,-0.0471734,0.20593476,0.27044663,-0.009331629,False,False,False,False,0.0040610787,0.58724236,False,False,61091.20669347186,,24,False,False,False,False,False,False,False,False,False,False,False,False,False,False,False,False,False,False,False,False,False,g
1,61091.20540666592,lsst,151.40970177837016,2.296252114028624,170028510548066453,170032910080409714,0,170028510548066453,-2583.4468,142.05562,0,0,0,5779.805,141.05247,True,2026021900252,175,0.0,1.1725525e-05,1.0957818e-05,-1.1588826e-12,778.86786,0.19711116,451.3258,0.21132609,False,-2091.5315,301.84183,False,False,True,18.10064,,1627.0701,1681,-2518.605,0.10850789,151.40970200431622,,2.296253494432637,,0.909403,,-55.138744,,,0,False,,,,,,,,0,False,False,False,8328.683,10.04533,0.1818817,0.21781006,-0.033829365,0.2118406,0.21974191,0.001667891,False,False,False,False,0.029045006,0.59789056,False,False,61091.20714880253,,24,False,False,False,False,False,False,False,False,False,False,False,False,False,False,False,False,False,False,False,False,False,g
1,61091.205870378675,lsst,151.4096877935614,2.2962437978305807,170028510548066453,170032910213054581,0,170028510548066453,-2684.2476,135.71956,0,0,0,5598.842,134.79968,True,2026021900253,172,0.0,1.0032543e-05,9.546903e-06,-1.6529997e-13,1916.0992,0.17173567,518.1654,0.18064316,False,-2538.3264,300.21097,False,False,True,19.680758,,1682.4517,1681,-2589.925,0.27347818,151.4096906052057,,2.2962444809313864,,0.85521454,,53.02405,,,0,False,,,,,,,,0,False,False,False,8289.478,12.746368,0.16690348,0.18343379,0.03288458,0.18992315,0.19396062,0.0014597927,False,False,False,False,0.03596987,0.5922511,False,False,61091.207575060114,,21,False,False,False,False,False,False,False,False,False,False,False,False,False,False,False,False,False,False,False,False,False,g
1,61091.20633404564,lsst,151.40969108675685,2.296240033706721,170028510548066453,170032910349369459,0,170028510548066453,-2539.4692,172.3706,0,0,0,5723.2803,172.03629,True,2026021900254,176,0.0,1.5506153e-05,1.4689597e-05,9.375828e-13,1206.7468,0.26434773,3033.619,0.2795397,False,-2506.2864,399.27603,False,False,True,14.592692,,1690.8712,1681,-2550.218,0.37801248,151.40968916577302,,2.296240945803133,,0.97695255,,-47.429974,,,0,False,,,,,,,,0,False,False,False,8266.541,24.931627,0.21986654,0.22014917,-0.044436295,0.17961554,0.17795822,-0.013475211,False,False,False,False,0.21172288,0.5810768,False,False,61091.20799798453,,20,False,False,False,False,False,False,False,False,False,False,False,False,False,False,False,False,False,False,False,False,False,g
1,61091.20679835285,lsst,151.40968490032944,2.2962496003664845,170028510548066453,170032910483062879,0,170028510548066453,-2602.2827,158.25052,0,0,0,5697.7373,158.01752,True,2026021900255,175,0.0,1.1360403e-05,1.2036557e-05,-1.4598498e-12,516.0419,0.21671532,2840.884,0.20467329,False,-2706.9136,338.29346,False,False,True,16.144403,,1649.6469,1681,-2582.891,0.8140609,151.4096819819169,,2.296251128323036,,1.1001071,,-53.26811,,,0,False,,,,,,,,0,False,False,False,8310.204,12.277018,0.19371714,0.2061067,-0.058631454,0.2170384,0.21730867,-0.023195729,False,False,False,False,0.033759367,0.6321391,False,False,61091.20868142236,,23,False,False,False,False,False,False,False,False,False,False,False,False,False,False,False,False,False,False,False,False,False,g
1,61091.208325219515,lsst,151.40965251158474,2.2962834076328202,170028510548066453,170032910877327429,0,170028510548066453,-2457.5642,434.9775,0,0,0,6506.504,442.24158,True,2026021900258,159,0.0,4.4404325e-05,4.0877803e-05,-5.7184046e-10,1325.6754,0.6317619,561.0329,0.88439786,False,-2363.5503,846.87524,False,False,True,5.550558,,1749.7532,1681,-2940.5261,103.32714,151.40965429202575,,2.2962747321939445,,2.622512,,-12.920516,,,0,False,,,,,,,,0,False,False,False,8052.098,11.704622,0.3718714,0.53436637,-0.4245363,0.31754264,0.30371636,-0.010883255,False,False,False,False,0.8051836,0.117278524,False,False,61091.209980825646,,19,False,False,False,False,False,False,False,False,False,False,False,False,False,False,False,False,False,False,False,False,False,g
1,61091.2097276383,lsst,151.4096774730078,2.2962458630634246,170028510548066453,170032911274213454,0,170028510548066453,-3672.325,356.32986,0,0,0,4815.5205,367.2724,True,2026021900261,148,0.0,2.637174e-05,2.7117218e-05,2.9882014e-11,3453.579,0.49333194,2559.4805,0.4690989,False,-3832.3496,715.99023,False,False,True,10.200477,,1595.7222,1681,-3535.0078,2.0658848,151.40967535222478,,2.296248223446671,,0.84762937,,-14.830722,,,0,False,,,,,,,,0,False,False,False,8320.6455,11.68661,0.29717383,0.29375416,-0.03179221,0.28684354,0.28386328,-0.0040648137,False,False,False,False,0.008912941,0.5126171,False,False,61091.21140114713,,21,False,False,False,False,False,False,False,False,False,False,False,False,False,False,False,False,False,False,False,False,False,g
1,61091.21019316616,lsst,151.40967949295836,2.2962354656538078,170028510548066453,170032911409479755,0,170028510548066453,-2578.3855,253.40906,0,0,0,6002.8037,258.5899,True,2026021900262,150,0.0,2.5880983e-05,1.9765273e-05,-1.7562253e-10,1427.8363,0.31463495,2916.4812,0.49448553,False,-2420.123,490.37497,False,False,True,9.959718,,1794.431,1681,-2638.2744,13.777897,151.40967872109178,,2.2962506296169676,,1.4797915,,-46.101345,,,0,False,,,,,,,,0,False,False,False,8489.109,7.96558,0.12333661,0.3147153,-0.07032831,0.2994011,0.28448415,0.0025285936,False,False,False,False,0.365585,0.4626631,False,False,61091.21187956214,,24,False,False,False,False,False,False,False,False,False,False,False,False,False,False,False,False,False,False,False,False,False,g
1,61091.210658790544,lsst,151.40971357603715,2.2962631526754786,170028510548066453,170032911559950418,0,170028510548066453,-2728.0076,349.70227,0,0,0,6061.3984,358.57803,True,2026021900263,181,0.0,2.6153653e-05,3.091907e-05,1.3495702e-10,473.38165,0.57242805,1862.0588,0.45151612,False,-1865.876,681.7098,False,False,True,7.777113,,1739.3717,1681,-2759.3357,54.185623,151.40972390221373,,2.2962577040548093,,1.3828844,,60.52357,,,0,False,,,,,,,,0,False,False,False,8687.745,11.559361,0.22165862,0.17201532,0.09986316,0.31525534,0.27390417,-0.0022289522,False,False,False,False,0.555678,0.22909036,False,False,61091.2123157042,,20,False,False,False,False,False,False,False,False,False,False,False,False,False,False,False,False,False,False,False,False,False,g
1,61091.21112614623,lsst,151.40969238596415,2.296254525889522,170028510548066453,170032911689973830,0,170028510548066453,-2777.778,234.52417,0,0,0,5716.1953,241.54228,True,2026021900264,173,0.0,1.8110108e-05,2.0653626e-05,4.0105936e-11,3408.3857,0.37772804,80.41065,0.31890503,False,-2140.917,430.79807,False,False,True,11.685443,,1691.0342,1681,-2663.092,1.7582153,151.4096964156748,,2.2962553265787897,,0.97713226,,42.558887,,,0,False,,,,,,,,0,False,False,False,8471.583,7.010516,0.2795105,0.21840008,0.031483535,0.3391948,0.3243061,-0.0013407985,False,False,False,False,0.40336475,0.5141532,False,False,61091.212872490796,,25,False,False,False,False,False,False,False,False,False,False,False,False,False,False,False,False,False,False,False,False,False,g
4,61091.213358145265,lsst,151.40964838414288,2.2962702882913995,170028510548066453,170032911965225115,0,170028510548066453,-3707.1362,621.71466,0,0,0,9784.645,615.15247,True,2026021900266,186,0.0,6.706884e-05,5.9577742e-05,-1.5316715e-10,139.16925,1.0696343,1465.9913,1.2134248,False,-3827.881,1418.9448,False,False,True,6.0786324,,1569.1775,1681,-3471.27,9.261214,151.4096437271886,,2.2962624295256457,,0.3996067,,94.86405,,,0,False,,,,,,,,0,False,False,False,13657.564,29.273664,0.19896084,0.21240588,0.00091508904,0.19586498,0.22194001,0.0049127764,False,False,False,False,0.0012434325,0.38398132,False,False,61091.21495124008,,17,False,False,False,False,False,False,False,False,False,False,False,False,False,False,False,False,False,False,False,False,False,z
2,61091.22184939298,lsst,151.4097131648599,2.296255335715483,170028510548066453,170032913974820978,0,170028510548066453,-2317.5654,268.50122,0,0,0,6552.6777,270.72226,True,2026021900281,179,0.0,3.0457804e-05,2.048119e-05,-3.5049245e-11,1921.1033,0.3677508,1908.1654,0.55022186,False,-1379.305,597.988,False,False,True,8.68823,,1739.1359,1681,-2402.1636,2.0579762,151.40970869971665,,2.2962583087259625,,1.1444385,,-64.15902,,,0,False,,,,,,,,0,False,False,False,8509.916,13.143612,0.1734727,0.2653301,-0.044084415,0.2357532,0.22241244,-0.001950285,False,False,False,False,0.010204197,0.34278116,False,False,61091.22362374539,,20,False,False,False,False,False,False,False,False,False,False,False,False,False,False,False,False,False,False,False,False,False,r
2,61091.22231403686,lsst,151.40967779963523,2.2962612651969874,170028510548066453,170032914106417261,0,170028510548066453,-2664.619,212.91081,0,0,0,6037.808,211.9268,True,2026021900282,174,0.0,1.2036089e-05,1.8254692e-05,3.9538685e-12,3914.1492,0.32858878,379.41174,0.21685387,False,-2850.8555,518.029,False,False,True,12.153623,,1635.6603,1681,-2746.476,8.254079,151.40967735561821,,2.2962674092988062,,1.1638091,,3.207493,,,0,False,,,,,,,,0,False,False,False,8594.658,25.865072,0.24432386,0.106662236,0.0048510586,0.1905299,0.15549873,0.0073147514,False,False,False,False,0.0008884045,0.59191453,False,False,61091.223873617026,,20,False,False,False,False,False,False,False,False,False,False,False,False,False,False,False,False,False,False,False,False,False,r
2,61091.22278103921,lsst,151.4096855456005,2.296286493429021,170028510548066453,170032914239586460,0,170028510548066453,-2788.9033,208.1301,0,0,0,6047.588,209.4602,True,2026021900283,172,0.0,1.5201304e-05,1.6146452e-05,-8.359113e-13,1003.21704,0.2905463,501.74814,0.27377138,False,-3102.047,475.8922,False,False,True,13.41215,,1724.1868,1681,-2666.3855,0.7680798,151.4096842274154,,2.2962864777853396,,0.64614946,,-40.606045,,,0,False,,,,,,,,0,False,False,False,8599.888,10.965121,0.19964604,0.19200638,-0.017958062,0.21284449,0.18584174,-0.00086901936,False,False,False,False,0.0015503367,0.61117786,False,False,61091.22450981839,,19,False,False,False,False,False,False,False,False,False,False,False,False,False,False,False,False,False,False,False,False,False,r
2,61091.22429989655,lsst,151.40964263937795,2.2962570114689793,170028510548066453,170032914631753881,0,170028510548066453,-2855.8857,240.63849,0,0,0,5430.53,245.96252,True,2026021900286,152,0.0,1.574746e-05,1.6468111e-05,5.3079135e-11,61.2966,0.31900316,72.84622,0.25794488,False,-2072.8271,563.6888,False,False,True,11.730752,,1663.3755,1681,-2919.251,1.9273932,151.4096437648102,,2.2962588789509892,,1.0234773,,42.21621,,,0,False,,,,,,,,0,False,False,False,8689.577,16.28874,0.21966922,0.11785394,0.0058190683,0.23469776,0.19505806,0.017140405,False,False,False,False,0.2192934,0.6033185,False,False,61091.226182525985,,21,False,False,False,False,False,False,False,False,False,False,False,False,False,False,False,False,False,False,False,False,False,r
2,61091.22476381732,lsst,151.4096817555571,2.2962556361976154,170028510548066453,170032914781700185,0,170028510548066453,-2542.9094,262.06302,0,0,0,6276.895,262.81018,True,2026021900287,182,0.0,2.7465823e-05,2.5463085e-05,-1.6257982e-10,2861.749,0.4149522,2961.6853,0.53237194,False,-1910.5573,565.7178,False,False,True,9.664595,,1669.0958,1681,-2599.4404,13.991359,151.40967284162917,,2.296267574176541,,1.1369835,,118.73267,,,0,False,,,,,,,,0,False,False,False,8673.228,24.677053,0.14822243,0.27074412,0.015428439,0.2514741,0.24944766,0.013159192,False,False,False,False,0.15465026,0.45708632,False,False,61091.22645043067,,20,False,False,False,False,False,False,False,False,False,False,False,False,False,False,False,False,False,False,False,False,False,r
2,61091.2256952425,lsst,151.4096778601838,2.2962516759398413,170028510548066453,170032915049611363,0,170028510548066453,-2714.8552,223.46552,0,0,0,6125.349,222.5504,True,2026021900289,181,0.0,2.0785958e-05,1.841171e-05,-8.115831e-11,2163.8496,0.3076827,896.8068,0.39430213,False,-2916.7854,481.4177,False,False,True,12.091372,,1672.5964,1681,-3097.4756,4.2369366,151.40967291933924,,2.296267928724533,,1.7030834,,-34.00625,,,0,False,,,,,,,,0,False,False,False,8655.584,19.544634,0.20827243,0.3993625,-0.12248799,0.24820945,0.25019047,0.0026955612,False,False,False,False,0.25890008,0.54047996,False,False,61091.227356266296,,24,False,False,False,False,False,False,False,False,False,False,False,False,False,False,False,False,False,False,False,False,False,r
2,61091.22662803634,lsst,151.40969183417766,2.296232701442402,170028510548066453,170032915300745339,0,170028510548066453,-2174.2546,318.9475,0,0,0,6606.0513,322.30966,True,2026021900291,148,0.0,2.4163428e-05,3.1888332e-05,2.3914024e-10,2320.5005,0.6031768,3672.1426,0.39348596,False,-2228.7205,784.8468,False,False,True,6.709507,,1582.4958,1681,-2458.3945,8.781454,151.40969626857947,,2.2961979267542003,,1.4993342,,-6.2291203,,,0,False,,,,,,,,0,False,False,False,8429.346,16.67206,0.27244267,0.14986765,-0.107946314,0.18606207,0.19319114,0.0045525506,False,False,False,False,0.05927892,0.22772922,False,False,61091.22840652504,,16,False,False,False,False,False,False,False,False,False,False,False,False,False,False,False,False,False,False,False,False,False,r
2,61091.22755946318,lsst,151.40967352989085,2.2963029584683934,170028510548066453,170032915585958057,0,170028510548066453,-2536.2048,318.04807,0,0,0,6548.7124,321.55185,True,2026021900293,180,0.0,2.2776669e-05,1.8323464e-05,-6.658991e-11,2957.2979,0.3190193,2698.9453,0.4188613,False,-1026.745,745.8895,False,False,True,7.969981,,1618.3712,1681,,,,,,,,,,,,0,False,,,,,,,,0,False,False,False,8694.683,15.023366,,,,0.1944797,0.21611728,-0.0020854615,True,False,False,False,,0.2064915,False,False,61091.22926587419,,17,False,False,False,False,False,False,False,False,False,False,False,False,False,False,False,False,False,False,False,False,False,r
2,61091.22802527272,lsst,151.40967785275654,2.296300524365392,170028510548066453,170032915716505703,0,170028510548066453,-2675.976,401.7549,0,0,0,5974.261,407.06537,True,2026021900294,173,0.0,2.3478151e-05,2.4414638e-05,1.2711386e-11,1829.223,0.44057593,477.9584,0.42155126,False,-2719.8638,1060.1644,False,False,True,6.5113497,,1637.8652,1681,,,,,,,,,,,,0,False,,,,,,,,0,False,False,False,8430.113,41.485928,,,,0.17539361,0.1460482,-0.003917745,True,False,False,False,,0.2616731,False,False,61091.229628465,,14,False,False,False,False,False,False,False,False,False,False,False,False,False,False,False,False,False,False,False,False,False,r
2,61091.228487750166,lsst,151.40969004957753,2.2962851281379426,170028510548066453,170032915853869187,0,170028510548066453,-2596.088,266.76688,0,0,0,5999.524,269.4868,True,2026021900295,179,0.0,1.8875257e-05,1.7796134e-05,-8.8428076e-12,2703.906,0.3195118,1741.7368,0.34144205,False,-3562.193,688.3958,False,False,True,9.595393,,1657.9935,1681,-2570.4683,14.830832,151.40968863824975,,2.296292686676693,,0.93586886,,-44.01758,,,0,False,,,,,,,,0,False,False,False,8476.212,63.519432,0.112487204,0.144457,-0.040508665,0.1574516,0.1697217,-0.01052833,False,False,False,False,0.17217582,0.46326545,False,False,61091.23004677512,,17,False,False,False,False,False,False,False,False,False,False,False,False,False,False,False,False,False,False,False,False,False,r
3,61091.28458085817,lsst,151.40969337142565,2.296225242914687,170028510548066453,170032928327729271,0,170028510548066453,-2530.0312,346.26877,0,0,0,7514.2656,348.54855,True,2026021900388,163,0.0,2.293381e-05,2.350712e-05,6.8259766e-11,80.48797,0.3903329,1894.1598,0.4447222,False,-2793.6272,842.9604,False,False,True,7.0962706,,1714.704,1681,-2536.6892,15.794711,151.409687813889,,2.296237560480542,,1.2494432,,9.8864155,,,0,False,,,,,,,,0,False,False,False,10033.981,17.086737,0.0946184,0.18298815,0.07571489,0.17821962,0.20990692,0.013724137,False,False,False,False,0.32572842,0.42098817,False,False,61091.286161143245,,15,False,False,False,False,False,False,False,False,False,False,False,False,False,False,False,False,False,False,False,False,False,i
3,61091.28504779168,lsst,151.4096876799569,2.296224185527238,170028510548066453,170032928445694046,0,170028510548066453,-3572.4387,569.2862,0,0,0,7550.973,583.54364,True,2026021900389,132,0.0,3.867582e-05,4.1354902e-05,3.560804e-10,614.22375,0.6319981,231.75371,0.80048054,False,-3495.9155,1356.2919,False,False,True,6.390907,,1668.8948,1681,-3997.4192,11.67524,151.40970529996227,,2.296230991046593,,1.4259703,,-113.98934,,,0,False,,,,,,,,0,False,False,False,10585.826,18.775023,0.2011621,0.31012037,-0.088888906,0.19436775,0.23216458,0.020328818,False,False,False,False,0.19004904,0.12204646,False,False,61091.286583665824,,17,False,False,False,False,False,False,False,False,False,False,False,False,False,False,False,False,False,False,False,False,False,i
3,61094.12090321916,lsst,151.4096907434773,2.296312775821025,170028510548066453,170046089977135268,0,170028510548066453,-2591.404,237.58209,0,0,0,7628.0527,231.03716,True,2026022200146,145,0.0,1.7862743e-05,1.6169126e-05,3.7357634e-11,3796.0378,0.3307013,2709.5237,0.28060305,False,-2590.0671,548.1372,False,False,True,10.569284,,1716.282,1681,-2728.8083,2.216696,151.40969418253218,,2.2963134172756883,,1.1529061,,50.105755,,,0,False,,,,,,,,0,False,False,False,10148.149,23.975893,0.28710768,0.17322268,-0.029811433,0.24535985,0.20157026,-0.014824595,False,False,False,False,0.0050097597,0.571445,False,False,61094.12255450347,,21,False,False,False,False,False,False,False,False,False,False,False,False,False,False,False,False,False,False,False,False,False,i
3,61094.12136688755,lsst,151.409667823085,2.296251333575172,170028510548066453,170046090113450126,0,170028510548066453,-2540.9187,243.68893,0,0,0,7887.233,237.34448,True,2026022200147,149,0.0,2.0900648e-05,1.7075849e-05,1.1841957e-10,2399.3484,0.40395683,1435.7052,0.27024344,False,-1154.2739,546.1934,False,False,True,10.156421,,1692.0974,1681,-2728.5103,3.6252148,151.40965566787594,,2.296242204607431,,1.3081231,,51.256123,,,0,False,,,,,,,,0,False,False,False,10445.494,18.878103,0.29439706,0.12791178,-0.028830094,0.2958107,0.20038544,-0.010260102,False,False,False,False,0.12858282,0.516125,False,False,61094.12297368706,,21,False,False,False,False,False,False,False,False,False,False,False,False,False,False,False,False,False,False,False,False,False,i
3,61094.12229982676,lsst,151.40967530702017,2.29627597171237,170028510548066453,170046090385555582,0,170028510548066453,-2434.6516,250.8267,0,0,0,7994.754,244.80959,True,2026022200149,156,0.0,2.2632674e-05,2.0788219e-05,1.1343823e-10,3257.4358,0.4386605,1647.021,0.33783633,False,-2530.3848,556.2248,False,False,True,9.559861,,1667.531,1681,-2569.4253,13.895856,151.40967869106225,,2.29627132592441,,1.2247242,,45.37937,,,0,False,,,,,,,,0,False,False,False,10451.305,15.147034,0.2974411,0.15714337,-0.024010265,0.2843788,0.19956107,-0.008959877,False,False,False,False,0.02204974,0.4967247,False,False,61094.123992812456,,22,False,False,False,False,False,False,False,False,False,False,False,False,False,False,False,False,False,False,False,False,False,i
3,61094.123229918376,lsst,151.40967916251932,2.29628594791738,170028510548066453,170046090650321074,0,170028510548066453,-2123.3716,225.84564,0,0,0,8249.328,221.14496,True,2026022200151,149,0.0,2.434569e-05,2.2372784e-05,3.4039738e-10,1447.0145,0.5372774,2036.254,0.25661218,False,-2106.3955,546.6289,False,False,True,9.189954,,1745.4343,1681,-2318.4812,16.268967,151.40967724844447,,2.2962816121687215,,1.4011353,,57.192993,,,0,False,,,,,,,,0,False,False,False,10385.04,13.346411,0.28907168,0.08166343,0.030991938,0.20977557,0.16513541,0.002271935,False,False,False,False,0.00058166555,0.5234689,False,False,61094.12519612528,,19,False,False,False,False,False,False,False,False,False,False,False,False,False,False,False,False,False,False,False,False,False,i
3,61094.12416344517,lsst,151.40966732317244,2.2962763377582553,170028510548066453,170046090919280828,0,170028510548066453,-2790.0967,224.61333,0,0,0,7674.7383,218.37497,True,2026022200153,150,0.0,1.2854937e-05,1.293084e-05,1.1349264e-11,3541.5444,0.23988457,3131.5984,0.2241216,False,-2579.7246,550.61224,False,False,True,12.082212,,1656.1921,1681,-2592.5159,6.4263783,151.4096697297491,,2.2962757611391638,,0.56800014,,24.25676,,,0,False,,,,,,,,0,False,False,False,10477.287,17.467787,0.13114072,0.108217835,-0.008707482,0.16865192,0.17141691,0.010706503,False,False,False,False,0.31135896,0.57779473,False,False,61094.12606810719,,18,False,False,False,False,False,False,False,False,False,False,False,False,False,False,False,False,False,False,False,False,False,i
3,61094.124630810795,lsst,151.40963892680784,2.296264925360432,170028510548066453,170046091052449947,0,170028510548066453,-2640.7085,233.80388,0,0,0,7696.104,229.36775,True,2026022200154,148,0.0,1.7078999e-05,1.6937742e-05,-1.4656425e-11,307.17014,0.29816613,3193.9688,0.31398743,False,-2956.183,545.19977,False,False,True,11.243986,,1558.2866,1681,-2632.7083,8.141467,151.40963408014855,,2.2962627856125515,,0.97712183,,94.31635,,,0,False,,,,,,,,0,False,False,False,10325.792,24.502901,0.14018461,0.1702473,0.04414435,0.2098796,0.19456191,-0.0058036633,False,False,False,False,0.23905167,0.5256293,False,False,61094.126286662155,,18,False,False,False,False,False,False,False,False,False,False,False,False,False,False,False,False,False,False,False,False,False,i
3,61094.125095146046,lsst,151.40963059901605,2.2962771464199045,170028510548066453,170046091188764838,0,170028510548066453,-2826.3894,226.43033,0,0,0,7360.279,221.24567,True,2026022200155,152,0.0,1.6531769e-05,1.5339603e-05,-6.6216296e-11,658.57263,0.2452329,2829.777,0.3238618,False,-3020.9863,550.1939,False,False,True,12.184369,,1811.524,1681,-2818.378,19.247232,151.40963484586126,,2.2962705748962606,,0.9264004,,107.61249,,,0,False,,,,,,,,0,False,False,False,10167.935,13.879215,0.11533529,0.18029529,0.025886869,0.17964375,0.19508845,0.00066753576,False,False,False,False,0.18860774,0.5810514,False,False,61094.12701562638,,18,False,False,False,False,False,False,False,False,False,False,False,False,False,False,False,False,False,False,False,False,False,i
3,61094.125563195266,lsst,151.40968868207682,2.2962899354020654,170028510548066453,170046091338711204,0,170028510548066453,-1985.9857,247.19319,0,0,0,8413.384,241.4902,True,2026022200156,182,0.0,2.4998684e-05,2.5447649e-05,2.4770344e-11,1025.3671,0.46405944,3148.7788,0.44488344,False,-2226.7283,573.6881,False,False,True,7.806284,,1702.2166,1681,-2037.7455,0.45749223,151.40967466236262,,2.296297103188756,,1.0632304,,44.622738,,,0,False,,,,,,,,0,False,False,False,10374.918,28.257828,0.32116964,0.22388524,0.019406898,0.1752593,0.22187664,0.0054423204,False,False,False,False,0.49859038,0.39750528,False,False,61094.12767634702,,18,False,False,False,False,False,False,False,False,False,False,False,False,False,False,False,False,False,False,False,False,False,i
3,61094.12603188417,lsst,151.40965513132414,2.2962835647593396,170028510548066453,170046091472928959,0,170028510548066453,-1952.6296,228.76167,0,0,0,8259.891,224.84651,True,2026022200157,182,0.0,2.2010394e-05,2.6248115e-05,1.8891468e-10,30.978874,0.50992775,936.8971,0.3475239,False,-2041.123,556.38196,False,False,True,8.4422865,,1657.5345,1681,-2010.6299,1.4646306,151.40965464130568,,2.29628186637128,,1.0814492,,49.88608,,,0,False,,,,,,,,0,False,False,False,10296.316,14.5175495,0.25496086,0.16644594,0.03466607,0.18694535,0.16569473,0.008437373,False,False,False,False,0.15458225,0.47495535,False,False,61094.12799997437,,17,False,False,False,False,False,False,False,False,False,False,False,False,False,False,False,False,False,False,False,False,False,i
3,61094.1264975798,lsst,151.40965084387557,2.296250622457026,170028510548066453,170046091606098125,0,170028510548066453,-2861.225,236.06259,0,0,0,7444.973,230.67316,True,2026022200158,180,0.0,1.5768515e-05,1.8323317e-05,6.3192764e-11,2307.8042,0.345803,3683.818,0.26455468,False,-3076.0964,552.0251,False,False,True,12.033489,,1654.2781,1681,-2865.55,7.6605887,151.4096519710806,,2.2962530106169803,,0.8868765,,31.076921,,,0,False,,,,,,,,0,False,False,False,10328.793,14.960233,0.21495107,0.14206702,0.0042184605,0.22726081,0.18009329,0.02096239,False,False,False,False,0.074910976,0.5080458,False,False,61094.12838755254,,19,False,False,False,False,False,False,False,False,False,False,False,False,False,False,False,False,False,False,False,False,False,i
1,61094.129929947114,lsst,151.40971370486582,2.296262276182355,170028510548066453,170046092142969003,0,170028510548066453,-3137.2754,128.76004,0,0,0,5121.742,127.80923,False,2026022200162,180,,8.86536e-06,1.1030861e-05,1.8512025e-11,1327.424,0.2039829,1879.1389,0.15253095,False,-3087.7937,255.62505,False,False,True,24.113928,,1617.5248,1681,-3191.6428,1.1068709,151.4097134643617,,2.296261498685011,,1.1301469,,30.024536,,,0,False,,,,,,,,0,False,False,False,8268.55,8.054278,0.31978017,0.20598947,0.019923456,0.2800967,0.22900894,0.023553522,False,False,False,False,0.0067952396,0.65994567,False,False,61102.68515435549,,28,False,False,False,False,False,False,False,False,False,False,False,False,False,False,False,False,False,False,False,False,False,g
1,61094.13085978302,lsst,151.4097133987385,2.2962564681044366,170028510548066453,170046092414550265,0,170028510548066453,-2813.6191,140.46758,0,0,0,5395.9277,138.67244,False,2026022200164,186,,9.443884e-06,1.1872199e-05,1.388443e-11,268.7961,0.21636367,1951.0493,0.16697712,False,-2429.1216,269.83826,False,False,True,19.835928,,1710.7333,1681,-2785.0942,2.0584092,151.40971292873613,,2.296258787022389,,1.1322707,,42.46156,,,0,False,,,,,,,,0,False,False,False,8306.099,13.989259,0.25562394,0.18739313,0.05178804,0.29712838,0.23530748,0.032740053,False,False,False,False,0.17149763,0.6114548,False,False,61102.56870477156,,25,False,False,False,False,False,False,False,False,False,False,False,False,False,False,False,False,False,False,False,False,False,g
1,61094.131375983634,lsst,151.4097184542308,2.2962448477885897,170028510548066453,170046092545097860,0,170028510548066453,-2740.5457,132.35803,0,0,0,5382.098,131.51982,False,2026022200165,179,,8.521418e-06,1.187721e-05,1.0009731e-11,2987.4995,0.21488293,1582.3639,0.1521534,False,-2345.8665,268.20267,False,False,True,20.332315,,1622.8263,1681,-2779.6367,1.1490786,151.40971630191854,,2.2962446447080525,,1.1541737,,10.214854,,,0,False,,,,,,,,0,False,False,False,8153.4033,9.113838,0.28076515,0.15089273,0.004619626,0.2495642,0.21951227,0.022995621,False,False,False,False,0.03669404,0.64574647,False,False,61102.59514945542,,24,False,False,False,False,False,False,False,False,False,False,False,False,False,False,False,False,False,False,False,False,False,g
1,61094.13516483684,lsst,151.40972360604204,2.296253432724727,170028510548066453,170046092809339010,0,170028510548066453,-2736.228,127.22277,0,0,0,5328.6826,124.94983,True,2026022200167,171,0.0,9.949697e-06,1.0846797e-05,1.800654e-12,3180.261,0.19526571,1227.3025,0.17899716,False,-2254.7092,255.56378,False,False,True,21.379658,,1734.3119,1681,-2689.4463,1.0450438,151.40972220971952,,2.2962554909448745,,0.87260634,,47.70457,,,0,False,,,,,,,,0,False,False,False,8068.2334,8.395309,0.24031577,0.234023,0.03428191,0.26407808,0.22007729,0.0349496,False,False,False,False,0.0024841896,0.6115542,False,False,61094.13692554587,,24,False,False,False,False,False,False,False,False,False,False,False,False,False,False,False,False,False,False,False,False,False,g
1,61094.1356325361,lsst,151.40970004950947,2.2962480985273226,170028510548066453,170046092928352386,0,170028510548066453,-2964.7964,126.86696,0,0,0,5373.313,125.5759,True,2026022200168,142,0.0,8.645603e-06,1.09197845e-05,1.9560714e-12,2273.539,0.19647236,2778.678,0.1555177,False,-2863.6426,242.26495,False,False,True,22.96499,,1698.4028,1681,-2985.4487,0.17728153,151.4096996534788,,2.2962499350883494,,1.1512299,,27.05474,,,0,False,,,,,,,,0,False,False,False,8353.562,10.483424,0.29432347,0.2116007,0.04776479,0.29901254,0.2571702,0.039261922,False,False,False,False,0.055140983,0.6336845,False,False,61094.137324009374,,27,False,False,False,False,False,False,False,False,False,False,False,False,False,False,False,False,False,False,False,False,False,g
1,61094.136098352625,lsst,151.4097194429363,2.296260074656566,170028510548066453,170046093079871737,0,170028510548066453,-3371.8508,222.00714,0,0,0,5009.3037,229.01135,True,2026022200169,175,0.0,1.2500059e-05,1.6664138e-05,-1.2153992e-12,3542.6438,0.29982597,138.12128,0.22518454,False,-2686.4092,407.37595,False,False,True,15.079316,,1570.6187,1681,-3332.5938,5.9609647,151.40971531108337,,2.2962626644432884,,1.1790153,,5.4650626,,,0,False,,,,,,,,0,False,False,False,8480.721,10.106166,0.31870064,0.18825352,0.013963437,0.37482312,0.3148131,0.021850633,False,False,False,False,0.45400298,0.58151853,False,False,61094.13868929572,,27,False,False,False,False,False,False,False,False,False,False,False,False,False,False,False,False,False,False,False,False,False,g
1,61094.1381581989,lsst,151.40973591974574,2.2962598057317214,170028510548066453,170046093344112737,0,170028510548066453,-2786.3757,153.67151,0,0,0,5422.7695,154.30865,True,2026022200171,167,0.0,1.7679948e-05,1.5247664e-05,1.4382323e-11,3524.0278,0.27289265,71.53286,0.319787,False,-2804.3845,258.67688,False,False,True,17.9863,,1670.2734,1681,-2853.5623,3.0086286,151.40974011390307,,2.296259328653627,,1.4111773,,44.947334,,,0,False,,,,,,,,0,False,False,False,8166.194,6.2626605,0.36098182,0.42390975,0.08913715,0.3729614,0.4215848,0.050243918,False,False,False,False,0.0014661864,0.55119085,False,False,61094.140008211674,,31,False,False,False,False,False,False,False,False,False,False,False,False,False,False,False,False,False,False,False,False,False,g
1,61094.13862435321,lsst,151.40970581729428,2.296248283339267,170028510548066453,170046093476757598,0,170028510548066453,-2982.4282,142.72151,0,0,0,5250.7847,143.3218,True,2026022200172,164,0.0,1.2698402e-05,1.1675244e-05,5.9450613e-12,4017.9443,0.20901726,983.64075,0.22961277,False,-2639.6848,254.94057,False,False,True,20.932507,,1804.7599,1681,-2873.7974,3.608682,151.40970796624484,,2.2962507368953826,,0.65299594,,37.8243,,,0,False,,,,,,,,0,False,False,False,8371.303,7.3916416,0.27651292,0.28345582,0.01813276,0.32352707,0.35618398,0.054877605,False,False,False,False,0.23176722,0.597974,False,False,61094.140494386025,,30,False,False,False,False,False,False,False,False,False,False,False,False,False,False,False,False,False,False,False,False,False,g
1,61094.13908838856,lsst,151.40970550416813,2.296243737250853,170028510548066453,170046093610451258,0,170028510548066453,-2889.1738,124.52492,0,0,0,5328.498,122.96718,True,2026022200173,163,0.0,1.0144218e-05,7.938014e-06,1.2233186e-11,3104.944,0.13890839,3005.087,0.18576351,False,-2541.6133,254.50526,False,False,True,23.06258,,1620.7194,1681,-2916.793,1.2907798,151.40970532374737,,2.296243743440678,,1.092202,,53.499386,,,0,False,,,,,,,,0,False,False,False,8271.181,10.886737,0.16336729,0.24958925,0.038331512,0.20591718,0.24832846,0.04070452,False,False,False,False,0.045858532,0.66721445,False,False,61094.141201126215,,24,False,False,False,False,False,False,False,False,False,False,False,False,False,False,False,False,False,False,False,False,False,g
1,61094.13962644496,lsst,151.40971249322865,2.2962503669920475,170028510548066453,170046093733658784,0,170028510548066453,-2875.9797,114.883644,0,0,0,5267.264,113.401535,True,2026022200174,142,0.0,7.4337177e-06,8.940772e-06,5.0343414e-12,3453.82,0.16178587,2143.3203,0.13258588,False,-2422.4294,239.31578,False,False,True,24.709326,,1634.4486,1681,-2842.3538,0.13740583,151.4097140370398,,2.2962513358088583,,0.9717787,,27.140282,,,0,False,,,,,,,,0,False,False,False,8188.758,11.006043,0.2338104,0.15836993,0.02365097,0.22250238,0.20535049,0.034850076,False,False,False,False,0.036459006,0.6448346,False,False,61094.14149750888,,22,False,False,False,False,False,False,False,False,False,False,False,False,False,False,False,False,False,False,False,False,False,g
1,61094.14008999893,lsst,151.4097091586349,2.2962461328934602,170028510548066453,170046093883605137,0,170028510548066453,-2772.3237,120.6583,0,0,0,5409.1133,118.55702,True,2026022200175,172,0.0,8.161343e-06,9.34324e-06,2.9747225e-12,2791.0186,0.16847903,1921.4727,0.1465138,False,-2192.7612,253.09521,False,False,True,23.00501,,1650.697,1681,-2608.1873,0.97856355,151.40971022384224,,2.2962458385555764,,0.4612304,,-8.646611,,,0,False,,,,,,,,0,False,False,False,8242.743,12.004172,0.19211963,0.176882,-0.0050214278,0.22761121,0.19839226,0.026741657,False,False,False,False,0.090926304,0.6115878,False,False,61094.14176811384,,24,False,False,False,False,False,False,False,False,False,False,False,False,False,False,False,False,False,False,False,False,False,g
1,61094.14056508511,lsst,151.40969195123492,2.2962306181842744,170028510548066453,170046094017822872,0,170028510548066453,-2782.995,123.32432,0,0,0,5273.902,120.65462,True,2026022200176,172,0.0,8.812443e-06,1.0345389e-05,2.581531e-12,3929.5955,0.18633534,3204.3096,0.15849593,False,-2510.6052,253.61461,False,False,True,22.305708,,1586.8063,1681,-2796.1602,0.92920226,151.40968878201053,,2.296228365242885,,0.96246654,,19.206347,,,0,False,,,,,,,,0,False,False,False,8114.4355,11.517895,0.25405803,0.17829688,0.020493133,0.2257649,0.21915899,0.037814192,False,False,False,False,0.0044295564,0.65143573,False,False,61094.14232325847,,26,False,False,False,False,False,False,False,False,False,False,False,False,False,False,False,False,False,False,False,False,False,g
4,61094.14239668088,lsst,151.40953754091277,2.2962834723380245,170028510548066453,170046094143651963,0,170028510548066453,-2375.951,428.5654,0,0,0,8511.514,423.28625,True,2026022200177,156,0.0,3.914496e-05,4.0349332e-05,-1.0039958e-10,3759.2722,0.6909095,699.8502,0.7407418,False,-2024.8408,1014.75995,False,False,True,5.5940056,,1632.2075,1681,-2568.5356,3.317691,151.4095410859668,,2.2962896101297554,,1.1951554,,136.3618,,,0,False,,,,,,,,0,False,False,False,10889.64,27.511776,0.21487851,0.34100068,0.025222583,0.23021786,0.19218506,0.009620281,False,False,False,False,0.41040814,0.20898415,False,False,61094.14430072825,,16,False,False,False,False,False,False,False,False,False,False,False,False,False,False,False,False,False,False,False,False,False,z
4,61094.14285959945,lsst,151.40969764125396,2.2962810776878624,170028510548066453,170046094279966880,0,170028510548066453,-2684.9697,451.49396,0,0,0,11206.883,446.08313,True,2026022200178,160,0.0,3.3272103e-05,3.3923658e-05,-5.9341546e-11,779.61975,0.58878547,3491.9287,0.62237227,False,-2953.8616,1032.4485,False,False,True,5.8986177,,1587.935,1681,-2630.8403,0.89781785,151.4096940826253,,2.2962807971187704,,0.8641434,,-23.433966,,,0,False,,,,,,,,0,False,False,False,13907.412,32.239487,0.20255253,0.26379865,-0.014198242,0.24025431,0.20728758,0.0029213068,False,False,False,False,0.00986622,0.13210638,False,False,61094.14479742163,,16,False,False,False,False,False,False,False,False,False,False,False,False,False,False,False,False,False,False,False,False,False,z
4,61094.143329136816,lsst,151.40967464005328,2.2962459761084824,170028510548066453,170046094408417435,0,170028510548066453,-2457.172,411.33652,0,0,0,11400.605,404.21906,True,2026022200179,149,0.0,3.7668557e-05,3.917605e-05,-2.5408967e-10,1987.7161,0.6280978,1343.2084,0.75052816,False,-2416.48,1008.076,False,False,True,5.939333,,1667.3959,1681,-2787.8054,57.317955,151.40967324285296,,2.2962483599891694,,1.4974245,,98.70577,,,0,False,,,,,,,,0,False,False,False,13842.205,38.509075,0.20348349,0.22421946,0.12282356,0.2164493,0.16024956,0.01795155,False,False,False,False,0.08277209,0.117639296,False,False,61094.145155259626,,15,False,False,False,False,False,False,False,False,False,False,False,False,False,False,False,False,False,False,False,False,False,z
4,61094.14429174415,lsst,151.40960110024284,2.29635713173857,170028510548066453,170046094677901536,0,170028510548066453,-2251.0466,423.245,0,0,0,8497.967,418.76984,True,2026022200181,151,0.0,0.000110493835,0.00011023532,3.878601e-09,87.54034,2.2814524,2706.5864,1.6411842,False,-3383.1284,1009.7241,False,False,True,5.3223124,,1607.0107,1681,-2583.681,136.44421,151.40958297361044,,2.296365820818976,,1.3865395,,131.2184,,,0,False,,,,,,,,0,False,False,False,10874.347,32.90597,0.49892756,0.6713222,0.012422884,0.22877236,0.17041993,0.016127493,False,False,False,False,1.0,0.35041493,False,False,61094.14610535571,,14,False,False,False,False,False,False,False,False,False,False,False,False,False,False,False,False,False,False,False,False,False,z
4,61094.14475975568,lsst,151.409705024177,2.2962696952069424,170028510548066453,170046094810546369,0,170028510548066453,-2471.7744,406.6676,0,0,0,11163.626,401.00134,True,2026022200182,148,0.0,3.2726548e-05,3.1673037e-05,-3.7233622e-10,903.3955,0.46359795,2740.1848,0.6763593,False,-2330.1345,998.2855,False,False,True,5.9566674,,1633.1056,1681,-2489.5344,54.583935,151.40969647106078,,2.296260669001688,,1.2256194,,124.64191,,,0,False,,,,,,,,0,False,False,False,13693.163,50.77518,0.0144968815,0.19289221,0.02458812,0.1860897,0.16825098,0.018786661,False,False,False,False,0.5333212,0.4201184,False,False,61094.146468002844,,14,False,False,False,False,False,False,False,False,False,False,False,False,False,False,False,False,False,False,False,False,False,z
4,61094.14665846029,lsst,151.4096232350545,2.2962442459410273,170028510548066453,170046095364194564,0,170028510548066453,-2835.0337,360.42493,0,0,0,10003.588,345.65237,False,2026022200186,180,,3.8333383e-05,4.924186e-05,8.345872e-10,3268.04,0.97119504,3321.9114,0.56584936,False,-3164.0076,961.95825,False,False,True,7.9643197,,1697.3842,1681,-2923.8176,7.7809014,151.40963459327367,,2.2962556824748925,,0.795519,,56.881607,,,0,False,,,,,,,,0,False,False,False,12781.927,45.931683,0.21557978,0.1815737,0.0229903,0.15182069,0.13906182,0.012924277,False,False,False,False,0.3850351,0.5666711,False,False,61102.69120001608,,17,False,False,False,False,False,False,False,False,False,False,False,False,False,False,False,False,False,False,False,False,False,z
2,61094.15085707539,lsst,151.40966632052908,2.296262515338134,170028510548066453,170046096170025103,0,170028510548066453,-2790.049,178.1535,0,0,0,5767.4624,175.14404,False,2026022200192,181,,1.5261845e-05,1.4196086e-05,-2.4559748e-11,3890.6213,0.24696378,1847.6095,0.28284743,False,-3075.686,360.7562,False,False,True,15.375504,,1668.2839,1681,-2778.8806,7.3729477,151.40966997974192,,2.296259948644247,,1.1183269,,90.85901,,,0,False,,,,,,,,0,False,False,False,8622.327,15.663521,0.20778623,0.2758757,0.048819162,0.2572149,0.25902158,0.010965996,False,False,False,False,0.025404809,0.63004804,False,False,61102.58038443049,,25,False,False,False,False,False,False,False,False,False,False,False,False,False,False,False,False,False,False,False,False,False,r
2,61094.15178861628,lsst,151.4096666611905,2.2962438073588562,170028510548066453,170046096422207647,0,170028510548066453,-2808.067,173.0146,0,0,0,5799.7837,169.65929,False,2026022200194,150,,1.3697896e-05,1.5966687e-05,3.3461782e-11,2537.4373,0.29504457,3756.447,0.23745288,False,-2564.8298,348.99005,False,False,True,15.966836,,1659.8485,1681,-2710.0754,2.3813431,151.40967029718462,,2.296235678124457,,0.8737563,,12.183491,,,0,False,,,,,,,,0,False,False,False,8621.88,13.5046625,0.28539968,0.22113822,-0.012124678,0.26396552,0.2680625,0.021050503,False,False,False,False,0.015156604,0.620668,False,False,61102.687233769,,25,False,False,False,False,False,False,False,False,False,False,False,False,False,False,False,False,False,False,False,False,False,r
2,61094.15275473273,lsst,151.40968102699213,2.296251844775673,170028510548066453,170046096702177416,0,170028510548066453,-2913.4124,186.29855,0,0,0,5701.3843,184.70111,False,2026022200196,172,,1.532651e-05,1.6025038e-05,7.0840382e-12,2949.3557,0.28953385,1445.4607,0.2748352,False,-2988.3208,366.4851,False,False,True,15.518975,,1672.8328,1681,-2811.0833,0.73966223,151.40968002005198,,2.29625475223805,,0.6876506,,-11.308468,,,0,False,,,,,,,,0,False,False,False,8694.29,9.73318,0.28223598,0.2590126,-0.017004443,0.2890072,0.26849595,0.021252848,False,False,False,False,0.0059086992,0.6133126,False,False,61102.65997609755,,24,False,False,False,False,False,False,False,False,False,False,False,False,False,False,False,False,False,False,False,False,False,r
2,61094.15322129126,lsst,151.40968299225415,2.2962603199060525,170028510548066453,170046096821190791,0,170028510548066453,-3051.1467,165.05363,0,0,0,5539.0503,162.11191,False,2026022200197,143,,1.1053583e-05,1.0531873e-05,-2.9038221e-12,1459.3474,0.18889105,2420.2285,0.19957963,False,-2655.5688,346.9077,False,False,True,18.266695,,1588.2092,1681,-3063.556,3.1381783,151.40968102982103,,2.2962556706679194,,1.161766,,69.84879,,,0,False,,,,,,,,0,False,False,False,8626.616,10.640285,0.17712823,0.22862709,0.06165184,0.25621322,0.22336793,0.029628446,False,False,False,False,0.13240294,0.6680217,False,False,61102.689396790796,,24,False,False,False,False,False,False,False,False,False,False,False,False,False,False,False,False,False,False,False,False,False,r
2,61094.15368914234,lsst,151.40966075834626,2.296223144929523,170028510548066453,170046096971137230,0,170028510548066453,-2664.9373,161.15999,0,0,0,5676.712,159.0757,False,2026022200198,173,,1.1384466e-05,1.2924919e-05,7.0448673e-12,3830.0498,0.23354767,3665.0513,0.20412998,False,-2467.3862,358.97946,False,False,True,16.501036,,1742.1334,1681,-2620.2449,2.7842953,151.40966081136202,,2.2962221671813374,,0.89384335,,29.239216,,,0,False,,,,,,,,0,False,False,False,8382.467,12.826493,0.23195432,0.17370775,0.022515485,0.20524289,0.19702639,0.012502222,False,False,False,False,0.0003580407,0.62551284,False,False,61102.61314439267,,21,False,False,False,False,False,False,False,False,False,False,False,False,False,False,False,False,False,False,False,False,False,r
2,61094.154117818856,lsst,151.40967427094358,2.2962499244449344,170028510548066453,170046097106927755,0,170028510548066453,-2381.624,170.37128,0,0,0,6274.126,167.373,False,2026022200199,176,,1.5969594e-05,1.4877273e-05,-4.468341e-12,2087.075,0.26748332,3716.0754,0.2883284,False,-2437.5908,369.0073,False,False,True,13.958685,,1637.8582,1681,-2314.2444,0.66395557,151.4096753657801,,2.2962548393708055,,0.9150326,,-62.55956,,,0,False,,,,,,,,0,False,False,False,8617.945,14.10625,0.19601552,0.254504,-0.024817675,0.2164766,0.20299055,0.016593387,False,False,False,False,0.02838329,0.59383804,False,False,61102.58013829283,,20,False,False,False,False,False,False,False,False,False,False,False,False,False,False,False,False,False,False,False,False,False,r
2,61094.154635999774,lsst,151.4096918147597,2.2962336609237153,170028510548066453,170046097241145495,0,170028510548066453,-2985.1326,167.86685,0,0,0,5342.4717,164.80463,False,2026022200200,176,,1.1240339e-05,1.2003047e-05,1.2835785e-12,2196.7346,0.21611793,1295.797,0.20252685,False,-2373.2273,367.43988,False,False,True,17.774912,,1660.6172,1681,-2852.2568,0.19197513,151.40968930936867,,2.2962353859507822,,0.6643653,,18.725275,,,0,False,,,,,,,,0,False,False,False,8405.394,12.628649,0.2208827,0.1868413,0.009362977,0.20850833,0.22592616,0.0019755634,False,False,False,False,0.020345628,0.64343196,False,False,61102.68299116142,,24,False,False,False,False,False,False,False,False,False,False,False,False,False,False,False,False,False,False,False,False,False,r
2,61094.155101917975,lsst,151.40968359939052,2.2962568284291773,170028510548066453,170046097374314636,0,170028510548066453,-2561.834,170.08534,0,0,0,6002.88,165.99782,False,2026022200201,174,,1.3384707e-05,1.6960697e-05,2.6425058e-12,3911.2275,0.30529815,999.2071,0.24120815,False,-3034.208,361.2156,False,False,True,14.717123,,1629.2562,1681,-2753.712,2.5115185,151.40968302679835,,2.296258548181114,,1.4974465,,33.641136,,,0,False,,,,,,,,0,False,False,False,8589.772,12.069671,0.32227057,0.22300288,0.10464426,0.23856328,0.22534068,0.038055543,False,False,False,False,0.16358423,0.60667324,False,False,61102.57725502674,,24,False,False,False,False,False,False,False,False,False,False,False,False,False,False,False,False,False,False,False,False,False,r
2,61094.15558658444,lsst,151.40967546231278,2.296279467657167,170028510548066453,170046097506959503,0,170028510548066453,-2646.695,175.83243,0,0,0,5981.458,172.45877,False,2026022200202,171,,1.7090437e-05,1.4602218e-05,2.2084945e-12,3761.107,0.2627247,1887.6533,0.30786458,False,-2394.678,367.42224,False,False,True,14.9715,,1720.874,1681,-2625.3481,3.5474467,151.4096796688777,,2.2962807031952415,,1.0182877,,64.85919,,,0,False,,,,,,,,0,False,False,False,8674.225,9.945069,0.21185541,0.27738258,0.03528555,0.23216793,0.24248345,0.023089489,False,False,False,False,0.0055897,0.5818343,False,False,61102.699805553646,,25,False,False,False,False,False,False,False,False,False,False,False,False,False,False,False,False,False,False,False,False,False,r
2,61094.1565511042,lsst,151.40967287142018,2.296243414410323,170028510548066453,170046097760190625,0,170028510548066453,-2745.9648,159.96019,0,0,0,5767.677,156.01654,False,2026022200204,142,,1.0777777e-05,1.4604394e-05,1.3796277e-11,2512.7356,0.26390186,2220.4841,0.19241935,False,-2945.3904,347.45612,False,False,True,16.838211,,1620.5596,1681,-2843.295,4.1363473,151.4096713959753,,2.2962435447301375,,1.29921,,18.356167,,,0,False,,,,,,,,0,False,False,False,8540.009,12.079293,0.2951958,0.1338302,0.030749016,0.22087695,0.22117686,0.024604443,False,False,False,False,0.0047857095,0.6466065,False,False,61102.5754189451,,25,False,False,False,False,False,False,False,False,False,False,False,False,False,False,False,False,False,False,False,False,False,r
2,61094.157018845726,lsst,151.40966667625653,2.2962564929068288,170028510548066453,170046097910136987,0,170028510548066453,-2656.8237,166.02887,0,0,0,5972.172,162.16138,False,2026022200205,172,,1.12673e-05,1.6377473e-05,1.2067037e-11,1620.9679,0.2952551,1957.6921,0.20214821,False,-2432.5103,360.2226,False,False,True,15.906271,,1655.7451,1681,-2856.0178,1.4597481,151.40965911444803,,2.2962550350086084,,1.4200573,,17.470121,,,0,False,,,,,,,,0,False,False,False,8610.205,13.389159,0.33650854,0.14760925,0.044619415,0.2126347,0.221463,0.01623209,False,False,False,False,0.069540866,0.59741044,False,False,61102.68102160904,,23,False,False,False,False,False,False,False,False,False,False,False,False,False,False,False,False,False,False,False,False,False,r
2,61094.15749564687,lsst,151.40968302964092,2.296263493802341,170028510548066453,170046098044354713,0,170028510548066453,-2339.9338,163.09009,0,0,0,6244.8086,159.39626,False,2026022200206,172,,1.3246546e-05,1.2255905e-05,-8.0155923e-13,2679.3987,0.22055192,3304.2551,0.23867588,False,-2117.8945,360.73135,False,False,True,14.094537,,1757.5637,1681,-2164.111,5.805883,151.4096870535429,,2.296267183141585,,0.3986326,,-80.753365,,,0,False,,,,,,,,0,False,False,False,8600.031,16.61395,0.14498459,0.15812607,-0.0017431008,0.19545464,0.20969492,0.02445965,False,False,False,False,0.274927,0.60117567,False,False,61102.60085747146,,20,False,False,False,False,False,False,False,False,False,False,False,False,False,False,False,False,False,False,False,False,False,r
3,61094.1607550099,lsst,151.40965394907406,2.296253523835717,170028510548066453,170046098583847071,0,170028510548066453,-2877.09,276.7586,0,0,0,7422.6436,274.2269,False,2026022200210,177,,1.8747223e-05,1.7321376e-05,1.1760316e-11,987.0064,0.31066018,1613.0033,0.3394838,False,-2435.0479,587.5958,False,False,True,10.428969,,1692.4855,1681,-2672.8884,5.940729,151.40965373492855,,2.296250882851484,,0.6725204,,9.586396,,,0,False,,,,,,,,0,False,False,False,10389.765,12.8207855,0.15092802,0.1210777,0.014066842,0.23106882,0.25454158,-0.0024544946,False,False,False,False,0.69212586,0.5519515,False,False,61102.599567539524,,21,False,False,False,False,False,False,False,False,False,False,False,False,False,False,False,False,False,False,False,False,False,i
3,61094.1612279633,lsst,151.40964250645192,2.2962509322392526,170028510548066453,170046098695520400,0,170028510548066453,-2531.7432,252.91394,0,0,0,7833.639,249.92331,False,2026022200211,134,,1.7716731e-05,1.7254999e-05,4.899402e-12,586.0859,0.30988613,3193.727,0.31975636,False,-2699.2732,583.5332,False,False,True,9.920802,,1705.3356,1681,-2339.7593,3.4775958,151.40963953008935,,2.296253313462566,,0.5477014,,32.244003,,,0,False,,,,,,,,0,False,False,False,10358.178,16.381376,0.1416557,0.1435525,0.013147617,0.1926194,0.21337384,0.020897325,False,False,False,False,0.3620011,0.54267555,False,False,61102.68403412467,,17,False,False,False,False,False,False,False,False,False,False,False,False,False,False,False,False,False,False,False,False,False,i
3,61094.16263893002,lsst,151.40963116799534,2.2962368287154966,170028510548066453,170046099115475094,0,170028510548066453,-2952.794,283.80795,0,0,0,7133.396,281.70374,False,2026022200214,167,,1.8230903e-05,1.8591727e-05,-6.8683718e-12,79.09834,0.33619344,1993.7397,0.3272841,False,-2255.037,604.8018,False,False,True,10.44593,,1725.6528,1681,-2982.4163,18.175146,151.4096258848853,,2.296238456765383,,1.1524786,,-41.54348,,,0,False,,,,,,,,0,False,False,False,10116.716,12.300571,0.24076939,0.13180861,-0.038302947,0.23834571,0.25830626,0.01578422,False,False,False,False,0.32178038,0.54458606,False,False,61102.69464911728,,20,False,False,False,False,False,False,False,False,False,False,False,False,False,False,False,False,False,False,False,False,False,i
3,61094.16359476531,lsst,151.40966098367417,2.296261224409425,170028510548066453,170046099381813443,0,170028510548066453,-2475.553,260.62518,0,0,0,7883.4907,258.94586,False,2026022200216,163,,4.29087e-05,3.4369834e-05,5.6723554e-10,59.059727,0.5266629,455.00034,0.8388298,False,-3279.2358,583.8625,False,False,True,9.2849045,,1709.8575,1681,-2708.4897,0.8615109,151.40965248558646,,2.296273347354782,,1.3707145,,41.767517,,,0,False,,,,,,,,0,False,False,False,10358.687,12.873892,0.22389805,0.37159374,0.055133864,0.19690517,0.2379433,0.033495717,False,False,False,False,0.5243251,0.54942805,False,False,61102.63428872393,,21,False,False,False,False,False,False,False,False,False,False,False,False,False,False,False,False,False,False,False,False,False,i
3,61094.16512870941,lsst,151.40962500937903,2.2962699817681234,170028510548066453,170046099773456528,0,170028510548066453,-2115.298,260.45602,0,0,0,8037.1562,256.16425,False,2026022200219,142,,2.1148753e-05,2.4232268e-05,8.562985e-12,1189.4263,0.43622655,2188.4202,0.3806057,False,-2139.2297,573.6891,False,False,True,8.008995,,1554.6046,1681,-2023.804,10.560967,151.4096108821844,,2.2962750329123405,,0.9326094,,-58.844444,,,0,False,,,,,,,,0,False,False,False,10218.357,12.723533,0.1309843,0.17862855,-0.034449,0.22288404,0.21912742,0.017314112,False,False,False,False,0.3908894,0.5219655,False,False,61102.630585399325,,18,False,False,False,False,False,False,False,False,False,False,False,False,False,False,False,False,False,False,False,False,False,i
1,61094.167940492975,lsst,151.40970937066535,2.296226686850033,170028510548066453,170046100193411178,0,170028510548066453,-2762.064,131.4315,0,0,0,5435.271,131.17639,True,2026022200222,175,0.0,1.0928822e-05,1.220174e-05,-3.8552325e-12,1541.6818,0.21990961,2166.105,0.19653419,False,-2626.4792,253.70096,False,False,True,20.954023,,1691.9385,1681,-2624.5757,0.16447501,151.40970952241878,,2.2962245688384786,,0.62392086,,12.394426,,,0,False,,,,,,,,0,False,False,False,8211.077,9.280073,0.2809846,0.25504574,0.010717051,0.2723039,0.24110267,0.02972441,False,False,False,False,0.012393583,0.6030722,False,False,61094.16983778484,,26,False,False,False,False,False,False,False,False,False,False,False,False,False,False,False,False,False,False,False,False,False,g
1,61094.1688732014,lsst,151.4097033641327,2.2962400666957032,170028510548066453,170046100459749493,0,170028510548066453,-2780.7356,140.72502,0,0,0,5484.0137,140.18964,True,2026022200224,171,0.0,1.1185359e-05,1.1741614e-05,-3.1304308e-12,2624.121,0.21180496,1221.9672,0.200841,False,-2563.5725,254.78209,False,False,True,19.66943,,1658.5636,1681,-2601.6323,1.8961674,151.40970426017694,,2.296243312565647,,0.7286224,,9.893227,,,0,False,,,,,,,,0,False,False,False,8329.173,7.607377,0.245322,0.21291865,0.016962226,0.30587277,0.29953536,0.026639234,False,False,False,False,0.3605661,0.601386,False,False,61094.170695757886,,29,False,False,False,False,False,False,False,False,False,False,False,False,False,False,False,False,False,False,False,False,False,g
1,61094.169335494546,lsst,151.4097110496459,2.296250661384361,170028510548066453,170046100593442922,0,170028510548066453,-2821.6853,145.34433,0,0,0,5474.384,145.14885,True,2026022200225,170,0.0,1.3252922e-05,1.2613393e-05,5.5474314e-12,2967.1924,0.22589232,1078.9524,0.24017535,False,-3077.8066,262.3898,False,False,True,19.303568,,1743.4121,1681,-2739.8213,4.388743,151.40971319869902,,2.296256138737331,,0.6161224,,72.12566,,,0,False,,,,,,,,0,False,False,False,8365.547,8.646756,0.2669908,0.29967597,0.0007471295,0.30942357,0.31666905,0.047894616,False,False,False,False,0.06822578,0.58508366,False,False,61094.171174915595,,31,False,False,False,False,False,False,False,False,False,False,False,False,False,False,False,False,False,False,False,False,False,g
1,61094.16982731434,lsst,151.40972208300283,2.296235421100746,170028510548066453,170046100708262033,0,170028510548066453,-3041.9692,127.4884,0,0,0,5159.572,125.97531,True,2026022200226,133,0.0,9.763893e-06,1.0221603e-05,-3.5314445e-12,3441.09,0.18495372,2347.6045,0.17464325,False,-2777.9038,239.58253,False,False,True,23.809193,,1620.8422,1681,-3034.3762,1.1811062,151.4097214184472,,2.2962357198497956,,1.1868359,,19.810354,,,0,False,,,,,,,,0,False,False,False,8239.149,9.591315,0.28663412,0.25929838,0.065604456,0.28927577,0.27582702,0.036451824,False,False,False,False,0.0080923755,0.6365053,False,False,61094.171660833636,,26,False,False,False,False,False,False,False,False,False,False,False,False,False,False,False,False,False,False,False,False,False,g
1,61094.17029384519,lsst,151.4097128690676,2.2962716746208387,170028510548066453,170046100843004041,0,170028510548066453,-2959.9307,129.25047,0,0,0,5326.189,127.827194,True,2026022200227,134,0.0,9.82758e-06,1.0279654e-05,-4.3198353e-12,3345.3596,0.18642624,1269.3267,0.17529616,False,-2608.5479,239.31133,False,False,True,22.661293,,1737.685,1681,-2857.1023,0.775831,151.40971422265352,,2.2962722464211325,,0.9095667,,3.90638,,,0,False,,,,,,,,0,False,False,False,8369.005,7.8985453,0.27063942,0.22449075,0.029600304,0.2873653,0.30196652,0.037288126,False,False,False,False,0.1714628,0.62087405,False,False,61094.17219126585,,26,False,False,False,False,False,False,False,False,False,False,False,False,False,False,False,False,False,False,False,False,False,g
1,61094.17076685547,lsst,151.4097092063636,2.296240316148304,170028510548066453,170046100992950425,0,170028510548066453,-2589.6267,125.123764,0,0,0,5553.601,123.419556,True,2026022200228,164,0.0,1.1485211e-05,1.1654179e-05,-2.2162298e-12,2045.1514,0.21047568,2851.2,0.20608982,False,-2359.345,251.58769,False,False,True,20.664362,,1774.6323,1681,-2601.8384,0.74337286,151.4097092821128,,2.296237873474907,,0.99358726,,7.110355,,,0,False,,,,,,,,0,False,False,False,8160.4404,9.929344,0.2850042,0.24658147,0.04093672,0.22112621,0.24665149,0.0485833,False,False,False,False,0.10312252,0.63005865,False,False,61094.17259413718,,25,False,False,False,False,False,False,False,False,False,False,False,False,False,False,False,False,False,False,False,False,False,g
1,61094.171229547865,lsst,151.40969769316467,2.2962671689224585,170028510548066453,170046101128216706,0,170028510548066453,-2922.3848,121.111885,0,0,0,5323.665,119.1874,True,2026022200229,166,0.0,8.203099e-06,8.026725e-06,2.3720654e-12,2364.2495,0.14298311,1072.0199,0.14928465,False,-2512.6428,251.45706,False,False,True,24.168764,,1697.4642,1681,-2775.9858,1.0688429,151.40969815357494,,2.2962660791928893,,0.65276706,,16.140087,,,0,False,,,,,,,,0,False,False,False,8308.596,14.540824,0.1853668,0.18487178,0.018817782,0.19979414,0.22007169,0.037383147,False,False,False,False,0.070781104,0.67593265,False,False,61094.17311885382,,22,False,False,False,False,False,False,False,False,False,False,False,False,False,False,False,False,False,False,False,False,False,g
1,61094.17173853671,lsst,151.40969852736038,2.2962650820490476,170028510548066453,170046101260861722,0,170028510548066453,-3024.5244,125.99598,0,0,0,5375.4272,123.78072,True,2026022200230,163,0.0,9.427653e-06,8.994804e-06,7.872524e-12,3880.2256,0.1569721,3387.4119,0.17438996,False,-2709.426,251.82767,False,False,True,23.737658,,1665.8038,1681,-2897.518,1.6429774,151.40970128779142,,2.296265286894847,,0.6903,,18.858242,,,0,False,,,,,,,,0,False,False,False,8392.931,10.976691,0.20860283,0.21613486,0.020674352,0.2194553,0.26301053,0.052845374,False,False,False,False,0.08277052,0.6374272,False,False,61094.17414096474,,25,False,False,False,False,False,False,False,False,False,False,False,False,False,False,False,False,False,False,False,False,False,g
1,61094.17220403766,lsst,151.40971605815736,2.2962743885865957,170028510548066453,170046101378826393,0,170028510548066453,-3058.3809,116.5253,0,0,0,5111.138,114.27739,True,2026022200231,132,0.0,8.43466e-06,8.067289e-06,8.092809e-12,2825.9937,0.13882874,3472.4536,0.15773775,False,-2978.3706,240.90376,False,False,True,25.930597,,1729.867,1681,-3004.6772,1.0750479,151.4097161698638,,2.2962744318501547,,0.7830892,,35.12047,,,0,False,,,,,,,,0,False,False,False,8194.323,10.074275,0.18959852,0.23124662,0.017982293,0.20618272,0.23642325,0.035249215,False,False,False,False,0.013289555,0.67673284,False,False,61094.17423319167,,26,False,False,False,False,False,False,False,False,False,False,False,False,False,False,False,False,False,False,False,False,False,g
1,61094.17270278622,lsst,151.40969224278447,2.296248781152006,170028510548066453,170046101513568422,0,170028510548066453,-2749.7686,117.13267,0,0,0,5563.858,114.84898,True,2026022200232,133,0.0,1.01615515e-05,9.507928e-06,2.3700687e-11,442.52405,0.15298866,666.3401,0.19829573,False,-2574.8147,240.08247,False,False,True,23.05488,,1606.6031,1681,-2811.4487,0.21863241,151.40969276590292,,2.2962524263797026,,1.0219132,,26.559658,,,0,False,,,,,,,,0,False,False,False,8348.985,10.475832,0.20204695,0.2618588,0.038600672,0.1974961,0.24943073,0.025917314,False,False,False,False,0.008027917,0.6185827,False,False,61094.174597935045,,24,False,False,False,False,False,False,False,False,False,False,False,False,False,False,False,False,False,False,False,False,False,g
1,61094.17316665963,lsst,151.40970680598457,2.2962624521212622,170028510548066453,170046101643591831,0,170028510548066453,-2843.9204,122.883766,0,0,0,5490.6084,120.05798,True,2026022200233,125,0.0,9.95067e-06,1.0050165e-05,-5.287013e-12,3396.5757,0.18487918,365.19693,0.17511682,False,-2801.0107,240.19083,False,False,True,22.99581,,1741.8175,1681,-2812.823,0.101357184,151.40970522789829,,2.296261190677773,,0.9186485,,-18.855856,,,0,False,,,,,,,,0,False,False,False,8311.949,8.188569,0.2597566,0.2032252,0.026268722,0.23057234,0.2749287,0.029822873,False,False,False,False,0.043745678,0.6377593,False,False,61094.17523913412,,26,False,False,False,False,False,False,False,False,False,False,False,False,False,False,False,False,False,False,False,False,False,g
1,61094.17394839073,lsst,151.4096848375913,2.2962508600291343,170028510548066453,170046101788295314,0,170028510548066453,-3197.3733,123.465195,0,0,0,5140.384,122.0345,True,2026022200234,145,0.0,8.959961e-06,8.8197085e-06,2.1208176e-12,3273.937,0.16243322,3466.0793,0.15740198,False,-3266.0032,234.78406,False,False,True,25.875774,,1740.6084,1681,-3100.9163,0.5621182,151.40968627308402,,2.2962502095829187,,0.5899916,,147.8441,,,0,False,,,,,,,,0,False,False,False,8353.718,9.751571,0.2362998,0.26616827,0.001591598,0.30380368,0.2599051,-0.0069489395,False,False,False,False,0.079718135,0.68852127,False,False,61094.1756671489,,27,False,False,False,False,False,False,False,False,False,False,False,False,False,False,False,False,False,False,False,False,False,g
1,61094.17441096142,lsst,151.40969647864566,2.2962448775292703,170028510548066453,170046101924610195,0,170028510548066453,-2703.5195,119.975624,0,0,0,5679.825,117.708984,True,2026022200235,149,0.0,1.0660437e-05,1.0021058e-05,1.4175993e-11,1702.1713,0.1993697,2351.8486,0.17205608,False,-2744.2024,238.30724,False,False,True,22.526917,,1728.1359,1681,-2695.4165,0.7067134,151.4096971162273,,2.2962453085667853,,0.90544164,,92.83611,,,0,False,,,,,,,,0,False,False,False,8407.549,8.592698,0.26774302,0.24273716,0.034894627,0.26895323,0.21618317,-0.010214975,False,False,False,False,0.016411673,0.6261847,False,False,61094.176717626106,,26,False,False,False,False,False,False,False,False,False,False,False,False,False,False,False,False,False,False,False,False,False,g
1,61094.17487627909,lsst,151.40971158047174,2.296256043524733,170028510548066453,170046102058827902,0,170028510548066453,-2674.7295,120.04631,0,0,0,5546.5293,117.52475,True,2026022200236,149,0.0,1.0923744e-05,9.936305e-06,2.9795444e-11,3412.1663,0.21343288,2321.4502,0.15843606,False,-2472.6536,237.98122,False,False,True,21.981707,,1706.6196,1681,-2697.4014,2.153175,151.4097129289314,,2.2962553068520735,,0.92376685,,61.51192,,,0,False,,,,,,,,0,False,False,False,8255.267,7.649591,0.26483986,0.18881959,0.009324112,0.30213407,0.21582806,-0.010518017,False,False,False,False,0.09496615,0.61637574,False,False,61094.176886228306,,25,False,False,False,False,False,False,False,False,False,False,False,False,False,False,False,False,False,False,False,False,False,g
4,61094.17683683049,lsst,151.4096788211371,2.2962055673172306,170028510548066453,170046102196715654,0,170028510548066453,-2764.877,413.49396,0,0,0,10221.8545,407.8142,True,2026022200237,156,0.0,3.564948e-05,3.915036e-05,-4.3376824e-10,2919.5479,0.55521876,2257.2566,0.7757052,False,-3928.362,987.6947,False,False,True,6.508167,,1766.6029,1681,-3749.1333,57.029453,151.4097144391943,,2.296130600584367,,2.342992,,-30.048035,,,0,False,,,,,,,,0,False,False,False,13133.598,32.86487,0.2510247,0.8326548,-0.068672314,0.2293507,0.17542827,-0.01820356,False,False,False,False,0.99999934,0.48808524,False,False,61094.17862044452,,18,False,False,False,False,False,False,False,False,False,False,False,False,False,False,False,False,False,False,False,False,False,z
4,61094.1777676326,lsst,151.40965160066332,2.2962483589689726,170028510548066453,170046102461481124,0,170028510548066453,-2889.1921,411.99057,0,0,0,10851.822,403.2307,True,2026022200239,149,0.0,3.158341e-05,3.063501e-05,3.6172584e-10,1128.4644,0.65703344,2456.2227,0.44290757,False,-3541.7107,973.7957,False,False,True,6.692368,,1795.911,1681,-3130.7805,14.930161,151.40963616940505,,2.296246192503441,,1.4338696,,66.31073,,,0,False,,,,,,,,0,False,False,False,13828.5625,34.225487,0.3355258,0.16809905,0.06505545,0.25500882,0.17208421,0.01332767,False,False,False,False,0.15765902,0.48381963,False,False,61094.17966942817,,16,False,False,False,False,False,False,False,False,False,False,False,False,False,False,False,False,False,False,False,False,False,z
4,61094.17875123309,lsst,151.40973824888243,2.2962637498171095,170028510548066453,170046102730440866,0,170028510548066453,-3255.3757,386.91718,0,0,0,9577.343,378.4448,True,2026022200241,150,0.0,2.4391049e-05,2.6257314e-05,3.7647774e-10,3113.2961,0.57541645,3383.203,0.29197952,False,-4121.6934,965.8447,False,False,True,7.797449,,1775.5892,1681,-4014.0393,14.316015,151.4097413332547,,2.296268544096609,,2.069703,,64.70172,,,0,False,,,,,,,,0,False,False,False,12832.701,48.703392,0.49806762,0.14755283,0.1849012,0.2338047,0.14044271,0.020592647,False,False,False,False,0.91472065,0.39416927,False,False,61094.18063472395,,18,False,False,False,False,False,False,False,False,False,False,False,False,False,False,False,False,False,False,False,False,False,z
4,61094.179692975245,lsst,151.40972070566107,2.296275138912292,170028510548066453,170046102999924919,0,170028510548066453,-3223.9329,385.9167,0,0,0,10160.338,378.7205,True,2026022200243,152,0.0,2.2042903e-05,2.1595584e-05,-2.955025e-11,187.80002,0.37993753,3263.438,0.40577957,False,-3037.086,985.9658,False,False,True,8.266962,,1705.7872,1681,-3324.676,20.774754,151.40972274767836,,2.296278181941713,,1.1051142,,82.45245,,,0,False,,,,,,,,0,False,False,False,13463.563,64.9797,0.14551486,0.15491469,0.06274189,0.19812152,0.13896833,0.0076158075,False,False,False,False,0.048688333,0.22992402,False,False,61094.18143168339,,17,False,False,False,False,False,False,False,False,False,False,False,False,False,False,False,False,False,False,False,False,False,z
4,61094.18015813851,lsst,151.40970625226313,2.296263486560872,170028510548066453,170046103149871297,0,170028510548066453,-2861.7422,376.79068,0,0,0,10479.891,367.27826,True,2026022200244,182,0.0,2.3422275e-05,2.8970764e-05,3.0059244e-10,407.02695,0.57760215,3606.5354,0.34209135,False,-2370.54,965.6902,False,False,True,7.266218,,1629.8148,1681,-3097.1257,32.811317,151.4097266534719,,2.296267862540581,,1.5372868,,48.53206,,,0,False,,,,,,,,0,False,False,False,13440.882,55.328,0.3135334,0.08683329,0.072981946,0.20001572,0.14195451,0.0013386615,False,False,False,False,0.117466755,0.31442654,False,False,61094.18184312621,,16,False,False,False,False,False,False,False,False,False,False,False,False,False,False,False,False,False,False,False,False,False,z
4,61094.18064885397,lsst,151.4096872119876,2.296251692604538,170028510548066453,170046103283564708,0,170028510548066453,-2459.4739,386.6427,0,0,0,11392.539,376.48996,True,2026022200245,181,0.0,3.1608753e-05,3.682476e-05,2.8956243e-10,3709.9187,0.70175964,1367.6826,0.52153575,False,-2734.1074,956.99225,False,False,True,6.3527913,,1625.1111,1681,-2703.8367,20.142387,151.40966736985345,,2.296263249287492,,1.3122497,,77.57004,,,0,False,,,,,,,,0,False,False,False,13852.485,50.78661,0.21501389,0.23494871,0.08700487,0.2156517,0.1472215,0.0078050853,False,False,False,False,0.23032023,0.2031951,False,False,61094.18244038525,,16,False,False,False,False,False,False,False,False,False,False,False,False,False,False,False,False,False,False,False,False,False,z
4,61094.1811142164,lsst,151.4096950983989,2.2962259058655965,170028510548066453,170046103417258232,0,170028510548066453,-2735.563,365.9515,0,0,0,10404.734,355.20132,True,2026022200246,180,0.0,2.4091669e-05,2.3637696e-05,-1.5001847e-11,1712.6953,0.42268842,3932.5613,0.4370926,False,-2621.5388,959.3669,False,False,True,7.2154818,,1652.045,1681,-2695.4626,60.93243,151.40970502336015,,2.296226568117461,,0.98043364,,57.208652,,,0,False,,,,,,,,0,False,False,False,13206.934,65.349,0.13827272,0.091339834,0.04398136,0.19187596,0.13819101,0.01242033,False,False,False,False,0.31805173,0.2889724,False,False,61094.1828522689,,16,False,False,False,False,False,False,False,False,False,False,False,False,False,False,False,False,False,False,False,False,False,z
4,61094.18161950704,lsst,151.40969650706944,2.2962494282737254,170028510548066453,170046103551475976,0,170028510548066453,-2866.2314,373.6991,0,0,0,10740.963,364.52274,True,2026022200247,180,0.0,1.803524e-05,2.248685e-05,9.58338e-11,170.95526,0.42107347,959.70636,0.30354396,False,-3144.858,966.546,False,False,True,7.296151,,1611.8154,1681,-2776.0464,32.707813,151.409696937586,,2.2962414881001467,,0.90204954,,51.31826,,,0,False,,,,,,,,0,False,False,False,13669.952,69.14497,0.14145084,0.095975414,0.03351244,0.16707852,0.15796356,0.019373577,False,False,False,False,0.2558603,0.36455578,False,False,61094.183297484065,,16,False,False,False,False,False,False,False,False,False,False,False,False,False,False,False,False,False,False,False,False,False,z
4,61094.18208434059,lsst,151.4096670414267,2.296247783474022,170028510548066453,170046103683596443,0,170028510548066453,-2476.2517,376.81833,0,0,0,11338.731,365.18994,True,2026022200248,176,0.0,3.0124022e-05,2.6445325e-05,-8.912722e-11,1444.6981,0.4647909,1399.4839,0.5529755,False,-1614.3105,975.0122,False,False,True,6.5768986,,1676.2467,1681,-2270.1196,11.6833725,151.40966798655194,,2.2962587917971997,,0.4584238,,55.679203,,,0,False,,,,,,,,0,False,False,False,13824.942,117.104515,0.12920594,0.12327245,0.008636508,0.15762454,0.14548312,0.028253201,False,False,False,False,0.10051005,0.19653304,False,False,61094.18368472604,,14,False,False,False,False,False,False,False,False,False,False,False,False,False,False,False,False,False,False,False,False,False,z
4,61094.182685305794,lsst,151.40970403502553,2.2962300073839894,170028510548066453,170046103799464126,0,170028510548066453,-2067.145,353.6612,0,0,0,10214.677,333.53918,True,2026022200249,141,0.0,3.8417827e-05,2.4335515e-05,2.4306165e-10,221.1007,0.41421723,1101.2863,0.7062183,False,-1973.3091,975.4107,False,False,True,5.6550326,,1730.6923,1681,-2782.5833,22.625664,151.40968550808873,,2.2962480939660908,,1.9382745,,-72.33526,,,0,False,,,,,,,,0,False,False,False,12276.1455,74.20334,0.25680515,0.43896103,-0.18737781,0.11461173,0.14338607,0.006511553,False,False,False,False,0.9999073,0.3744826,False,False,61094.18430899821,,12,False,False,False,False,False,False,False,False,False,False,False,False,False,False,False,False,False,False,False,False,False,z
4,61094.18314971552,lsst,151.40965551782048,2.2962527243742596,170028510548066453,170046103945740518,0,170028510548066453,-2492.841,345.2634,0,0,0,11089.926,325.95276,True,2026022200250,164,0.0,2.4443603e-05,2.4280274e-05,3.3277315e-12,2124.629,0.43667403,212.02538,0.4407787,False,-3715.8289,948.732,False,False,True,6.977745,,1650.6711,1681,-2895.147,20.3781,151.40962960528688,,2.296267604261734,,1.6590624,,-79.3598,,,0,False,,,,,,,,0,False,False,False,13423.752,100.65837,0.15705696,0.32944098,-0.1286626,0.11339105,0.13756593,-0.0038317302,False,False,False,False,0.9370918,0.45932055,False,False,61094.18480406825,,15,False,False,False,False,False,False,False,False,False,False,False,False,False,False,False,False,False,False,False,False,False,z
4,61094.18363238148,lsst,151.4096519002049,2.2962547233241413,170028510548066453,170046104079958217,0,170028510548066453,-3130.9226,348.25793,0,0,0,10511.598,336.5164,True,2026022200251,164,0.0,2.370375e-05,1.6918473e-05,1.2028988e-10,2580.7332,0.27955207,1860.5625,0.44395828,False,-4992.5664,949.14056,False,False,True,8.556445,,1649.5981,1681,-3600.7673,16.739433,151.40966286185255,,2.296256056244196,,1.5751115,,-92.16139,,,0,False,,,,,,,,0,False,False,False,13827.208,96.78816,0.08541433,0.3159766,-0.08591948,0.123977065,0.1514261,-0.013367317,False,False,False,False,0.513909,0.70203525,False,False,61094.185249985174,,15,False,False,False,False,False,False,False,False,False,False,False,False,False,False,False,False,False,False,False,False,False,z
2,61094.18548147687,lsst,151.40967975199845,2.2962656185157195,170028510548066453,170046104211554474,0,170028510548066453,-2601.2834,152.00848,0,0,0,5952.226,148.18565,True,2026022200252,159,0.0,1.3049746e-05,1.29953705e-05,5.012468e-11,954.5242,0.26705596,896.0757,0.19684821,False,-2916.0542,346.03455,False,False,True,16.97057,,1614.3685,1681,-2754.9016,2.1887503,151.4096780782387,,2.29626632654746,,1.0930139,,48.651524,,,0,False,,,,,,,,0,False,False,False,8580.398,16.654564,0.27869052,0.16502567,0.0062517775,0.22560084,0.1784724,-0.0023571348,False,False,False,False,0.047522657,0.6579725,False,False,61094.18728225191,,22,False,False,False,False,False,False,False,False,False,False,False,False,False,False,False,False,False,False,False,False,False,r
2,61094.186417677,lsst,151.40967422667683,2.2962485328336113,170028510548066453,170046104475795602,0,170028510548066453,-2671.2126,147.39166,0,0,0,5849.1406,142.19252,True,2026022200254,151,0.0,1.0541072e-05,1.0887906e-05,1.9303923e-11,3413.7437,0.20877258,267.45343,0.17564107,False,-2887.1858,346.60193,False,False,True,17.74537,,1653.5944,1681,-2495.4038,1.1779501,151.40967271535334,,2.2962490342842403,,0.5504932,,28.247604,,,0,False,,,,,,,,0,False,False,False,8508.881,26.336666,0.17570613,0.15132989,-0.0051504336,0.19562137,0.16202761,0.00962665,False,False,False,False,0.032234803,0.676053,False,False,61094.188143837906,,21,False,False,False,False,False,False,False,False,False,False,False,False,False,False,False,False,False,False,False,False,False,r
2,61094.1873665547,lsst,151.4096977211642,2.2962566816100525,170028510548066453,170046104759435530,0,170028510548066453,-2388.9275,150.1317,0,0,0,6083.0786,146.48148,True,2026022200256,180,0.0,2.0671405e-05,2.4094164e-05,1.8347593e-10,542.2569,0.4770652,240.99295,0.31456345,False,-2510.4434,361.1062,False,False,True,15.96003,,1655.2106,1681,-2496.0918,1.1123824,151.4096959361198,,2.296246275248057,,1.0168623,,57.771194,,,0,False,,,,,,,,0,False,False,False,8432.218,27.55408,0.2562696,0.1915796,0.036132913,0.18683992,0.14658608,0.010581747,False,False,False,False,0.38797572,0.6042526,False,False,61094.18933919917,,21,False,False,False,False,False,False,False,False,False,False,False,False,False,False,False,False,False,False,False,False,False,r
2,61094.18783389365,lsst,151.40966873995566,2.2962661908093986,170028510548066453,170046104877924510,0,170028510548066453,-2483.9878,144.66801,0,0,0,6045.753,141.15282,True,2026022200257,150,0.0,1.075218e-05,1.097208e-05,4.2732957e-12,2172.84,0.199474,552.6398,0.19143626,False,-2479.363,347.90305,False,False,True,17.114836,,1749.609,1681,-2348.415,0.8889008,151.4096695767351,,2.2962675328522173,,0.53163785,,93.18793,,,0,False,,,,,,,,0,False,False,False,8547.015,20.536089,0.14346956,0.15753417,0.010150545,0.18087766,0.15056126,0.0019429034,False,False,False,False,0.03432114,0.6183214,False,False,61094.18954337308,,20,False,False,False,False,False,False,False,False,False,False,False,False,False,False,False,False,False,False,False,False,False,r
2,61094.18831357907,lsst,151.40967498464795,2.296265335302576,170028510548066453,170046105028395173,0,170028510548066453,-2457.949,143.33795,0,0,0,6067.276,140.30177,True,2026022200258,181,0.0,9.528838e-06,1.1433298e-05,2.848689e-11,1797.2571,0.21719392,861.81665,0.15700419,False,-2339.0107,353.9556,False,False,True,16.905466,,1625.9795,1681,-2390.79,3.828375,151.4096772245084,,2.2962664011203393,,0.73407143,,41.820477,,,0,False,,,,,,,,0,False,False,False,8519.603,30.717134,0.1677611,0.12441394,0.011777125,0.18659607,0.12745672,0.010029061,False,False,False,False,0.018886877,0.63196427,False,False,61094.18996813707,,20,False,False,False,False,False,False,False,False,False,False,False,False,False,False,False,False,False,False,False,False,False,r
2,61094.18877846857,lsst,151.40968639245398,2.2962536185606197,170028510548066453,170046105164185810,0,170028510548066453,-2628.6863,145.20193,0,0,0,5853.8564,142.47925,True,2026022200259,184,0.0,9.54586e-06,1.25432125e-05,3.768412e-11,1397.7626,0.2378185,1236.0747,0.15515831,False,-2704.101,362.91324,False,False,True,17.970026,,1715.0472,1681,-2736.8762,2.662907,151.40968252607837,,2.2962516959303705,,1.0167176,,34.04998,,,0,False,,,,,,,,0,False,False,False,8513.276,43.39645,0.2143822,0.11894316,0.016703108,0.18279307,0.12853053,0.010619351,False,False,False,False,0.019288251,0.63353145,False,False,61094.19046416407,,20,False,False,False,False,False,False,False,False,False,False,False,False,False,False,False,False,False,False,False,False,False,r
2,61094.18926931967,lsst,151.40968930252282,2.2962637879683703,170028510548066453,170046105296830630,0,170028510548066453,-2505.7793,141.12389,0,0,0,6047.0225,138.44029,True,2026022200260,181,0.0,1.1157186e-05,1.3005025e-05,2.0629397e-11,790.0605,0.23968098,3119.4934,0.19442844,False,-2394.4194,352.79303,False,False,True,17.747974,,1684.7267,1681,-2363.068,0.27689686,151.40968718351442,,2.2962681611686806,,0.3429853,,109.87276,,,0,False,,,,,,,,0,False,False,False,8535.768,36.22192,0.16622423,0.17618048,0.00029505527,0.17773663,0.12716262,0.014619762,False,False,False,False,0.05611502,0.6149774,False,False,61094.190935222534,,20,False,False,False,False,False,False,False,False,False,False,False,False,False,False,False,False,False,False,False,False,False,r
2,61094.18973357497,lsst,151.40968504431024,2.2962734351246405,170028510548066453,170046105428426903,0,170028510548066453,-2842.4204,148.8401,0,0,0,5742.476,145.53963,True,2026022200261,176,0.0,9.591968e-06,1.1076366e-05,1.14624725e-11,2767.3054,0.20243879,585.494,0.16926312,False,-2894.71,367.24817,False,False,True,18.903885,,1698.9806,1681,-2765.9976,0.3452942,151.40968312839013,,2.2962738160333913,,0.5426177,,33.22386,,,0,False,,,,,,,,0,False,False,False,8583.847,27.322783,0.17810132,0.15578832,0.0063285613,0.17794591,0.14170258,0.013526001,False,False,False,False,0.007909554,0.6566876,False,False,61094.191369220134,,20,False,False,False,False,False,False,False,False,False,False,False,False,False,False,False,False,False,False,False,False,False,r
2,61094.19021781404,lsst,151.40967642726906,2.296273215420507,170028510548066453,170046105561071823,0,170028510548066453,-2546.0464,155.34544,0,0,0,6037.557,151.72101,True,2026022200262,173,0.0,1.1347735e-05,1.1825653e-05,3.3015183e-12,1654.4486,0.21348867,1660.33,0.20368703,False,-2408.638,375.39294,False,False,True,16.330767,,1649.6636,1681,-2473.884,4.47314,151.4096699735737,,2.2962712555281803,,0.7627396,,49.63391,,,0,False,,,,,,,,0,False,False,False,8592.277,31.29443,0.15331714,0.13321644,0.024941562,0.16722827,0.16842985,0.015858116,False,False,False,False,0.08598507,0.62864846,False,False,61094.19191988048,,20,False,False,False,False,False,False,False,False,False,False,False,False,False,False,False,False,False,False,False,False,False,r
2,61094.19068603684,lsst,151.40968182779014,2.2962588909801087,170028510548066453,170046105696338066,0,170028510548066453,-2511.8672,152.57068,0,0,0,6063.9126,148.91867,True,2026022200263,175,0.0,1.2812143e-05,1.10077945e-05,-1.0068591e-11,2288.9924,0.196291,1653.28,0.23252255,False,-2169.994,361.70084,False,False,True,16.645216,,1709.5155,1681,-2495.648,1.1781832,151.4096769641989,,2.2962618196761495,,0.81191516,,69.97747,,,0,False,,,,,,,,0,False,False,False,8597.223,36.879375,0.14315043,0.16896462,0.02774444,0.17835572,0.17091663,0.019571275,False,False,False,False,0.04827717,0.6069984,False,False,61094.1923277179,,20,False,False,False,False,False,False,False,False,False,False,False,False,False,False,False,False,False,False,False,False,False,r
2,61094.19130889702,lsst,151.40968822924137,2.2962543718022914,170028510548066453,170046105807487172,0,170028510548066453,-2432.7974,137.98416,0,0,0,6084.178,134.8519,True,2026022200264,131,0.0,1.0518776e-05,1.0120832e-05,6.0529585e-12,951.027,0.17922328,3492.9424,0.1920513,False,-2414.3083,340.23346,False,False,True,17.824293,,1788.9036,1681,-2212.0059,0.3740332,151.40968817301504,,2.2962571604031856,,0.44144765,,32.461246,,,0,False,,,,,,,,0,False,False,False,8540.297,38.533783,0.13706577,0.14552133,0.0072664185,0.12891696,0.15019861,0.008258017,False,False,False,False,0.0005393102,0.59907144,False,False,61094.19310202479,,17,False,False,False,False,False,False,False,False,False,False,False,False,False,False,False,False,False,False,False,False,False,r
2,61094.19177344709,lsst,151.4096631154258,2.2962784936292095,170028510548066453,170046105942753487,0,170028510548066453,-2543.1997,145.63026,0,0,0,6030.6226,142.11855,True,2026022200265,133,0.0,1.1653602e-05,1.0437445e-05,2.5173122e-11,2124.4631,0.17435576,1995.2267,0.22117531,False,-2322.1416,347.75513,False,False,True,17.180382,,1663.4437,1681,-2511.6162,0.93354934,151.40966553727785,,2.296278269700404,,0.8962146,,50.40943,,,0,False,,,,,,,,0,False,False,False,8628.435,24.013266,0.13308673,0.20521344,0.011325521,0.16291548,0.17194615,0.0032156552,False,False,False,False,0.0004413434,0.65558434,False,False,61094.193521570414,,20,False,False,False,False,False,False,False,False,False,False,False,False,False,False,False,False,False,False,False,False,False,r
2,61094.19223963185,lsst,151.40968148211707,2.2962472052643004,170028510548066453,170046106076971202,0,170028510548066453,-2388.0422,150.0866,0,0,0,6149.927,146.23225,True,2026022200266,133,0.0,1.2862441e-05,1.3931956e-05,-3.4660514e-11,2188.4314,0.26532382,3698.041,0.21479924,False,-2601.9402,350.79187,False,False,True,15.852842,,1685.9823,1681,-2504.7092,0.85344195,151.4096828983986,,2.2962489012391534,,1.2225245,,-30.016182,,,0,False,,,,,,,,0,False,False,False,8569.759,23.064114,0.29141334,0.14394958,0.010012029,0.17079714,0.18488197,0.00089324,False,False,False,False,0.20008856,0.64885706,False,False,61094.193919863246,,22,False,False,False,False,False,False,False,False,False,False,False,False,False,False,False,False,False,False,False,False,False,r
2,61094.26523756652,lsst,151.4096719433963,2.296264017001716,170028510548066453,170046118400884866,0,170028510548066453,-2458.354,160.04947,0,0,0,6129.7817,156.45395,True,2026022200358,87,0.0,1.4739225e-05,1.2122884e-05,-1.9841647e-11,2061.259,0.26845565,277.08688,0.21418394,False,-2284.2505,351.8253,False,False,True,15.203298,,1758.2246,1681,-2550.7727,3.067894,151.40967253845926,,2.296270505014512,,1.1360232,,-54.194107,,,0,False,,,,,,,,0,False,False,False,8672.242,13.064646,0.2415335,0.14691359,0.042910066,0.22928622,0.22897598,0.023237271,False,False,False,False,0.12442001,0.5453662,False,False,61094.2669826631,,23,False,False,False,False,False,False,False,False,False,False,False,False,False,False,False,False,False,False,False,False,False,r
4,61094.271669922906,lsst,151.40968007412118,2.2962041646601876,170028510548066453,170046118985466091,0,170028510548066453,-2710.6113,400.98785,0,0,0,10291.228,388.9633,True,2026022200362,178,0.0,5.041286e-05,6.248845e-05,5.6142462e-11,2570.1438,1.1257417,2688.7607,0.90934896,False,-2984.8088,1005.00586,False,False,True,6.7514944,,1661.7173,1681,-3018.6738,4.1163187,151.4097139033341,,2.296242517887252,,1.2848399,,-65.0454,,,0,False,,,,,,,,0,False,False,False,12979.948,47.624542,0.21278988,0.3266687,-0.056994546,0.23361331,0.15412445,0.008208478,False,False,False,False,0.5249873,0.49853742,False,False,61094.27320333816,,17,False,False,False,False,False,False,False,False,False,False,False,False,False,False,False,False,False,False,False,False,False,z
4,61094.27258301657,lsst,151.40974094073758,2.2962200575429677,170028510548066453,170046119116538005,0,170028510548066453,-2551.323,386.0858,0,0,0,9312.476,366.95685,True,2026022200363,172,0.0,6.0896506e-05,3.4231933e-05,1.8904182e-11,3004.7979,0.61607766,1485.9435,1.0970744,False,-3042.6616,959.2706,False,False,True,6.7872725,,1715.0957,1681,-3072.816,39.619244,151.40974536587075,,2.2962246010647402,,1.5670016,,69.90773,,,0,False,,,,,,,,0,False,False,False,11817.411,36.24924,0.11682034,0.32892027,0.0867389,0.22514607,0.15633453,0.013142032,False,False,False,False,0.12663925,0.31406584,False,False,61094.27407547856,,16,False,False,False,False,False,False,False,False,False,False,False,False,False,False,False,False,False,False,False,False,False,z
3,61095.09799276355,lsst,151.40964660014637,2.296293764424791,170028510548066453,170050487602118818,0,170028510548066453,-2227.7957,283.3728,0,0,0,8113.2373,282.01974,True,2026022300143,109,0.0,3.30439e-05,2.625872e-05,4.77502e-11,989.9171,0.5971669,3934.1816,0.47078425,False,-1628.655,658.2435,False,False,True,7.9204335,,1618.4082,1681,-2520.1184,12.272567,151.409660110444,,2.296288927511955,,1.3601893,,117.12931,,,0,False,,,,,,,,0,False,False,False,10270.03,17.815956,0.2721316,0.19988821,0.08739212,0.25806683,0.2039214,-0.0035051974,False,False,False,False,0.0027232808,0.3058179,False,False,61095.09962100038,,19,False,False,False,False,False,False,False,False,False,False,False,False,False,False,False,False,False,False,False,False,False,i
3,61095.09845906275,lsst,151.40972918513202,2.2962552360292023,170028510548066453,170050487738957949,0,170028510548066453,-2345.501,280.8232,0,0,0,7506.952,278.51697,True,2026022300144,114,0.0,5.7226564e-05,3.2309465e-05,3.9508113e-10,1573.3082,1.0415673,2831.998,0.56230754,False,-2850.5283,652.4736,False,False,True,8.211259,,1608.0991,1681,-3203.2283,12.142365,151.40972831574211,,2.2962577002326197,,2.133612,,89.20898,,,0,False,,,,,,,,0,False,False,False,9950.897,15.647901,0.67524713,0.19999506,0.07660101,0.26066515,0.20206563,9.730297e-05,False,False,False,False,0.9899516,0.4977342,False,False,61095.10014161663,,22,False,False,False,False,False,False,False,False,False,False,False,False,False,False,False,False,False,False,False,False,False,i
3,61095.09939221444,lsst,151.40965406748438,2.296252567922527,170028510548066453,170050488006344832,0,170028510548066453,-2135.0095,295.68942,0,0,0,8099.8735,293.31345,True,2026022300146,112,0.0,2.8015784e-05,2.9443212e-05,-2.4895027e-11,2755.6887,0.50292856,1961.814,0.5322263,False,-2224.236,658.9924,False,False,True,7.1105857,,1599.88,1681,-2027.7726,25.748875,151.4096533938382,,2.296240473294425,,0.5927186,,2.893377,,,0,False,,,,,,,,0,False,False,False,10356.191,16.705954,0.14869903,0.17334443,-0.009350398,0.22204523,0.2466095,0.014409043,False,False,False,False,0.43699086,0.39319023,False,False,61095.10111643173,,18,False,False,False,False,False,False,False,False,False,False,False,False,False,False,False,False,False,False,False,False,False,i
3,61095.09985955096,lsst,151.40966445100202,2.2962821731704253,170028510548066453,170050488142135432,0,170028510548066453,-2306.3518,283.33218,0,0,0,8096.466,280.92816,True,2026022300147,115,0.0,2.4166002e-05,2.2902088e-05,2.3361924e-11,1306.4436,0.4386525,3412.0457,0.40919298,False,-3057.1616,653.0031,False,False,True,7.818612,,1688.2428,1681,-2408.0352,15.086375,151.40966646951878,,2.296276156197017,,1.3624387,,112.34221,,,0,False,,,,,,,,0,False,False,False,10449.144,23.403408,0.23051135,0.20385224,0.09579999,0.21685195,0.20715392,0.014157578,False,False,False,False,0.0031636525,0.46733847,False,False,61095.10148277253,,17,False,False,False,False,False,False,False,False,False,False,False,False,False,False,False,False,False,False,False,False,False,i
3,61095.10032654812,lsst,151.40965584126195,2.2962715348324143,170028510548066453,170050488276353150,0,170028510548066453,-2854.6306,272.17493,0,0,0,7573.968,269.21375,True,2026022300148,115,0.0,1.5709737e-05,1.9450565e-05,-6.1921517e-11,3552.725,0.2688486,2545.0996,0.36145154,False,-2966.7886,656.03656,False,False,True,10.417226,,1717.3937,1681,-2959.8167,10.821413,151.40964970282425,,2.2962718418425845,,1.1150067,,135.54355,,,0,False,,,,,,,,0,False,False,False,10429.562,25.1119,0.10831626,0.19793892,0.045735426,0.21154588,0.18603547,-0.00046337803,False,False,False,False,0.23113532,0.3915363,False,False,61095.10201159786,,19,False,False,False,False,False,False,False,False,False,False,False,False,False,False,False,False,False,False,False,False,False,i
3,61095.10079480152,lsst,151.40964409305238,2.2962532241665468,170028510548066453,170050488432591012,0,170028510548066453,-2494.8997,260.92722,0,0,0,7686.567,258.1541,True,2026022300149,157,0.0,4.9698658e-05,3.2100346e-05,8.4995655e-10,1090.779,0.9649334,1215.9346,0.45441365,False,-1620.6577,654.7067,False,False,True,9.567858,,1675.9393,1681,-2983.2122,9.970032,151.4096595974415,,2.296265153989149,,1.6451921,,53.00541,,,0,False,,,,,,,,0,False,False,False,10224.63,13.389811,0.39746016,0.12750791,-0.060879093,0.19609176,0.17009592,-0.0150105385,False,False,False,False,0.57796776,0.47427082,False,False,61095.102754908745,,19,False,False,False,False,False,False,False,False,False,False,False,False,False,False,False,False,False,False,False,False,False,i
3,61095.10126308698,lsst,151.40968905860126,2.296259903605283,170028510548066453,170050488566808738,0,170028510548066453,-2214.016,261.76675,0,0,0,8016.9453,258.91653,True,2026022300150,157,0.0,4.003094e-05,4.350891e-05,-2.0741175e-10,1564.4207,0.6969499,792.074,0.8057388,False,-2595.266,656.33246,False,False,True,8.5331745,,1801.3145,1681,-2430.5415,3.2803216,151.40968161753358,,2.2962563025275435,,1.1266726,,116.5324,,,0,False,,,,,,,,0,False,False,False,10259.33,13.686247,0.2290477,0.26742488,0.057183333,0.18860394,0.16982365,-0.0053175804,False,False,False,False,0.486283,0.4629953,False,False,61095.10316701573,,17,False,False,False,False,False,False,False,False,False,False,False,False,False,False,False,False,False,False,False,False,False,i
3,61095.1017368813,lsst,151.40968022078192,2.2962547323762315,170028510548066453,170050488698929347,0,170028510548066453,-2530.7664,261.1,0,0,0,7772.962,257.8889,True,2026022300151,153,0.0,2.4316072e-05,2.426051e-05,3.474583e-12,290.89984,0.43883947,1177.1147,0.43584204,False,-3313.982,638.97595,False,False,True,9.754991,,1704.788,1681,-2533.4014,0.75314575,151.4096714903201,,2.2962634439530607,,0.69240886,,-25.22218,,,0,False,,,,,,,,0,False,False,False,10300.687,13.500908,0.2033257,0.24475053,-0.00395718,0.22012947,0.1655206,0.0013047992,False,False,False,False,0.11873945,0.5702891,False,False,61095.103724652596,,19,False,False,False,False,False,False,False,False,False,False,False,False,False,False,False,False,False,False,False,False,False,i
3,61095.102202338916,lsst,151.40966972390837,2.29628880696323,170028510548066453,170050488830525591,0,170028510548066453,-2288.083,258.64868,0,0,0,8037.8203,255.0208,True,2026022300152,148,0.0,2.4521041e-05,2.0511781e-05,2.1994699e-10,2403.588,0.49255934,2005.491,0.29760548,False,-1622.656,645.8478,False,False,True,8.532109,,1667.4388,1681,-2369.263,14.81839,151.40967690200117,,2.2962897156334,,1.0975064,,54.52128,,,0,False,,,,,,,,0,False,False,False,10323.8955,22.994902,0.19806622,0.07139295,-0.00368422,0.22420871,0.1583746,0.0038836175,False,False,False,False,0.34177557,0.41541392,False,False,61095.103905125,,16,False,False,False,False,False,False,False,False,False,False,False,False,False,False,False,False,False,False,False,False,False,i
3,61095.10360786973,lsst,151.40961191157126,2.296259621902236,170028510548066453,170050489238945961,0,170028510548066453,-2614.481,262.9558,0,0,0,7014.142,262.18936,True,2026022300155,159,0.0,2.0899137e-05,2.0936206e-05,-2.3960042e-12,39.893757,0.37579638,624.06415,0.37785637,False,-3182.7568,641.3829,False,False,True,10.055982,,1678.2667,1681,-2578.8933,8.69546,151.40961683399794,,2.296262172797479,,0.43448848,,98.84399,,,0,False,,,,,,,,0,False,False,False,9666.355,21.977205,0.16500376,0.16866183,0.007883533,0.21389766,0.18486919,-0.009648642,False,False,False,False,0.124597214,0.569171,False,False,61095.1053233711,,17,False,False,False,False,False,False,False,False,False,False,False,False,False,False,False,False,False,False,False,False,False,i
3,61095.10417082596,lsst,151.40960385048004,2.296228597779639,170028510548066453,170050489384698011,0,170028510548066453,-2863.7798,262.08408,0,0,0,6525.872,258.25983,True,2026022300156,181,0.0,2.0967225e-05,1.7745659e-05,-4.9370365e-11,1958.7533,0.31073263,1780.9823,0.38515893,False,-3456.121,643.8002,False,False,True,10.962676,,1761.8245,1681,-2884.6655,9.166758,151.40959985009619,,2.296231903340097,,0.79138595,,94.29933,,,0,False,,,,,,,,0,False,False,False,9302.464,24.637367,0.15483017,0.20446733,0.014048017,0.19333033,0.20142673,-0.022180561,False,False,False,False,0.039095033,0.65132654,False,False,61095.1058328987,,19,False,False,False,False,False,False,False,False,False,False,False,False,False,False,False,False,False,False,False,False,False,i
3,61095.1046373645,lsst,151.40962605735183,2.2962595432877837,170028510548066453,170050489514721458,0,170028510548066453,-2213.8684,275.2299,0,0,0,7813.6597,271.434,True,2026022300157,173,0.0,5.0660386e-05,3.866379e-05,-3.337103e-10,2242.2197,0.67328304,1684.3938,0.929509,False,-2768.7683,650.31586,False,False,True,8.388777,,1646.4808,1681,-2512.1526,15.20169,151.4096527191339,,2.2962574494696564,,1.3180946,,89.973465,,,0,False,,,,,,,,0,False,False,False,9998.473,19.01868,0.17652471,0.32370698,0.045809273,0.20319234,0.2111731,-0.03246688,False,False,False,False,0.19955522,0.567017,False,False,61095.10629983182,,18,False,False,False,False,False,False,False,False,False,False,False,False,False,False,False,False,False,False,False,False,False,i
1,61095.106552146935,lsst,151.40970177090287,2.29623440905006,170028510548066453,170050489616957548,0,170028510548066453,-2977.671,177.26653,0,0,0,5355.0664,177.37715,True,2026022300158,112,0.0,1.5808098e-05,1.5562617e-05,3.192257e-13,3188.754,0.28495747,3173.481,0.28004697,False,-2905.6987,360.7888,False,False,True,16.659355,,1814.811,1681,-3106.0537,0.15074866,151.40969741187698,,2.29623844928125,,0.98108846,,148.97546,,,0,False,,,,,,,,0,False,False,False,8350.342,23.017307,0.31775442,0.36276817,0.03674605,0.28858268,0.29690236,-0.0047713355,False,False,False,False,0.17556623,0.55114084,False,False,61095.10825485781,,28,False,False,False,False,False,False,False,False,False,False,False,False,False,False,False,False,False,False,False,False,False,g
1,61095.10702053385,lsst,151.40972098835988,2.296245957473114,170028510548066453,170050489749602416,0,170028510548066453,-2838.9407,173.61638,0,0,0,5367.2197,174.15887,True,2026022300159,109,0.0,1.4757618e-05,1.5603015e-05,-2.2064225e-12,2243.0095,0.26585427,1206.944,0.28091094,False,-2848.4712,352.503,False,False,True,16.205492,,1596.3462,1681,-2955.5144,2.6906493,151.40972063232195,,2.2962490601299,,1.151663,,133.02658,,,0,False,,,,,,,,0,False,False,False,8282.34,22.285635,0.29918605,0.3105199,0.061510723,0.2815331,0.28023803,0.00012225765,False,False,False,False,0.04989405,0.5111495,False,False,61095.108757124384,,25,False,False,False,False,False,False,False,False,False,False,False,False,False,False,False,False,False,False,False,False,False,g
1,61095.10748965437,lsst,151.40972711322354,2.29624602899681,170028510548066453,170050489885393009,0,170028510548066453,-2968.1973,172.91434,0,0,0,5179.021,173.28508,True,2026022300160,112,0.0,1.4912507e-05,1.36338085e-05,5.106327e-12,1909.4491,0.26915714,2824.234,0.24485977,False,-3199.8584,355.7674,False,False,True,16.818052,,1641.0254,1681,-3016.7612,1.178153,151.40972641730076,,2.296245153791739,,0.8376295,,79.83248,,,0,False,,,,,,,,0,False,False,False,8195.707,20.304659,0.33144972,0.2696434,-0.002619378,0.2722335,0.2964358,-0.0013827696,False,False,False,False,0.022862,0.59987354,False,False,61095.10917098605,,26,False,False,False,False,False,False,False,False,False,False,False,False,False,False,False,False,False,False,False,False,False,g
1,61095.10795818802,lsst,151.40972871277734,2.2962353234011266,170028510548066453,170050490019610740,0,170028510548066453,-2802.0503,165.14244,0,0,0,5241.1733,167.24554,True,2026022300161,112,0.0,1.15276725e-05,1.1649284e-05,-5.306055e-13,3949.527,0.20771903,1545.6257,0.2097222,False,-2102.5242,357.13824,False,False,True,16.800695,,1727.9066,1681,-2736.9705,2.0278153,151.4097299365082,,2.2962358282535873,,0.4879408,,126.11733,,,0,False,,,,,,,,0,False,False,False,8134.227,8.04741,0.21194828,0.21322168,0.010183774,0.2494994,0.26076522,-0.0086431615,False,False,False,False,0.16272768,0.52958816,False,False,61095.11008621461,,24,False,False,False,False,False,False,False,False,False,False,False,False,False,False,False,False,False,False,False,False,False,g
1,61095.10842493411,lsst,151.40972756318504,2.296235131951574,170028510548066453,170050490175848571,0,170028510548066453,-3110.141,158.80168,0,0,0,4885.8716,157.90051,True,2026022300162,154,0.0,1.1062826e-05,1.1683301e-05,-3.5913033e-12,2899.6553,0.1987007,543.93,0.21095252,False,-3375.3923,352.2827,False,False,True,19.292576,,1621.6503,1681,-3443.9072,2.7106524,151.40972464891803,,2.2962304741417237,,1.3589898,,27.614613,,,0,False,,,,,,,,0,False,False,False,7974.3047,8.572706,0.26827177,0.29010114,-0.09067642,0.25697652,0.22431934,-0.035703994,False,False,False,False,0.14315489,0.60681605,False,False,61095.11040150229,,25,False,False,False,False,False,False,False,False,False,False,False,False,False,False,False,False,False,False,False,False,False,g
1,61095.10889287756,lsst,151.40972212608696,2.296249090571663,170028510548066453,170050490310066292,0,170028510548066453,-3074.5603,152.74638,0,0,0,4992.714,151.36462,True,2026022300163,154,0.0,9.912481e-06,9.33786e-06,3.7996516e-12,3287.459,0.17974395,33.39716,0.166933,False,-2743.4902,352.01398,False,False,True,19.492207,,1648.8431,1681,-3149.786,3.7228684,151.40972179147084,,2.296246249116849,,0.9405539,,28.560577,,,0,False,,,,,,,,0,False,False,False,8069.918,10.11628,0.19082278,0.18940409,-0.04152257,0.22989562,0.192532,-0.020152345,False,False,False,False,0.051401693,0.62950635,False,False,61095.11067266129,,24,False,False,False,False,False,False,False,False,False,False,False,False,False,False,False,False,False,False,False,False,False,g
1,61095.109361112234,lsst,151.40969847074857,2.2962563672816274,170028510548066453,170050490423312523,0,170028510548066453,-2915.849,150.26073,0,0,0,5413.3926,150.20438,True,2026022300164,114,0.0,1.1444102e-05,1.0228721e-05,1.0805476e-11,1390.0779,0.20908317,1556.4932,0.18058528,False,-2463.4426,344.41177,False,False,True,19.165688,,1603.726,1681,-2929.4326,0.49929404,151.40969796708754,,2.296255963571924,,0.80018663,,42.332405,,,0,False,,,,,,,,0,False,False,False,8376.062,12.270495,0.23130873,0.19921435,-0.023882408,0.24091293,0.18912026,-0.020470722,False,False,False,False,6.974077e-06,0.6035867,False,False,61095.111137942484,,23,False,False,False,False,False,False,False,False,False,False,False,False,False,False,False,False,False,False,False,False,False,g
1,61095.10982836946,lsst,151.4097116111103,2.2962514659462285,170028510548066453,170050490574307499,0,170028510548066453,-3047.9636,150.8863,0,0,0,5099.788,149.86282,True,2026022300165,146,0.0,1.2088207e-05,1.0100077e-05,2.2393481e-11,366.7288,0.22441183,3480.9905,0.1731618,False,-3369.8572,346.5405,False,False,True,20.025774,,1665.6813,1681,-3261.0435,3.0279732,151.40970981985603,,2.2962517547331776,,1.1506705,,32.25541,,,0,False,,,,,,,,0,False,False,False,8218.628,11.425539,0.25471622,0.2114555,-0.060090214,0.25002366,0.1817749,-0.02105359,False,False,False,False,0.033601873,0.6685533,False,False,61095.111539721634,,25,False,False,False,False,False,False,False,False,False,False,False,False,False,False,False,False,False,False,False,False,False,g
1,61095.11029494139,lsst,151.4097166065701,2.296230850876741,170028510548066453,170050490710098049,0,170028510548066453,-2894.2817,146.77438,0,0,0,5150.1753,147.39696,True,2026022300166,149,0.0,1.1012472e-05,8.801486e-06,2.7759253e-11,2640.0112,0.20893498,900.514,0.14397493,False,-2421.3276,341.63644,False,False,True,19.376337,,1654.8981,1681,-2988.254,7.4153094,151.40971503576864,,2.2962339345285665,,1.1004481,,37.740345,,,0,False,,,,,,,,0,False,False,False,8121.746,13.656967,0.21568377,0.14319667,-0.047942813,0.24884506,0.16795796,-0.022038274,False,False,False,False,0.09569973,0.65093297,False,False,61095.111940901115,,21,False,False,False,False,False,False,False,False,False,False,False,False,False,False,False,False,False,False,False,False,False,g
1,61095.110766933474,lsst,151.40972159344585,2.2962485860346926,170028510548066453,170050490842742927,0,170028510548066453,-3297.803,153.03668,0,0,0,4934.319,152.45235,True,2026022300167,146,0.0,1.0746198e-05,9.299674e-06,2.2529747e-11,904.2594,0.20340784,1253.56,0.1549517,False,-3155.203,342.48676,False,False,True,21.378027,,1712.0579,1681,-3249.1514,1.8492297,151.40972073450277,,2.2962461588795247,,0.6701761,,56.4379,,,0,False,,,,,,,,0,False,False,False,8247.844,10.72965,0.23147196,0.19258259,-0.0034229492,0.2760806,0.18475051,-0.021903154,False,False,False,False,0.035991397,0.6981976,False,False,61095.11256049735,,26,False,False,False,False,False,False,False,False,False,False,False,False,False,False,False,False,False,False,False,False,False,g
1,61095.111232141004,lsst,151.40971508541244,2.296252985859538,170028510548066453,170050490982203517,0,170028510548066453,-3064.5986,143.83453,0,0,0,5074.077,142.48703,True,2026022300168,156,0.0,9.965622e-06,8.9315245e-06,1.9819561e-11,2658.198,0.19030571,883.6902,0.14782196,False,-3038.0725,341.24634,False,False,True,21.228949,,1695.5857,1681,-3009.8228,2.0992398,151.40971630024498,,2.296255855308829,,0.6293539,,14.410914,,,0,False,,,,,,,,0,False,False,False,8181.4473,23.151348,0.1694019,0.16798164,-0.017499931,0.23646645,0.14845395,-0.020871658,False,False,False,False,0.07079647,0.67313343,False,False,61095.11292327387,,21,False,False,False,False,False,False,False,False,False,False,False,False,False,False,False,False,False,False,False,False,False,g
1,61095.11216618589,lsst,151.40970266892975,2.2962605409890435,170028510548066453,170050491264270448,0,170028510548066453,-3010.303,157.78224,0,0,0,5289.564,158.77867,True,2026022300170,182,0.0,1.2688506e-05,1.1682965e-05,4.9186093e-11,2568.396,0.25428972,1019.6244,0.17838448,False,-3215.3245,368.57816,False,False,True,18.805784,,1637.8425,1681,-3218.8877,1.5580819,151.4097020165985,,2.2962602390765063,,1.1481752,,34.275047,,,0,False,,,,,,,,0,False,False,False,8344.411,13.025077,0.2895751,0.18662612,-0.036920257,0.2256368,0.17576545,-0.0059107416,False,False,False,False,0.1600661,0.6692273,False,False,61095.11383001642,,22,False,False,False,False,False,False,False,False,False,False,False,False,False,False,False,False,False,False,False,False,False,g
1,61095.1131727677,lsst,151.4097156128395,2.2962572030422312,170028510548066453,170050491497054351,0,170028510548066453,-3280.142,144.64645,0,0,0,4921.7017,143.84938,True,2026022300172,114,0.0,8.674467e-06,9.734204e-06,-3.5954508e-12,1505.3955,0.15553671,3020.615,0.1757094,False,-2714.827,334.84503,False,False,True,22.422089,,1758.4086,1681,-3409.0132,1.5811541,151.40971347312671,,2.296254527522897,,0.8990404,,15.004526,,,0,False,,,,,,,,0,False,False,False,8255.087,11.47417,0.17950763,0.22684625,-0.028801093,0.23025835,0.19851147,-0.029786455,False,False,False,False,0.014539747,0.67708886,False,False,61095.11484199652,,24,False,False,False,False,False,False,False,False,False,False,False,False,False,False,False,False,False,False,False,False,False,g
4,61095.114964837936,lsst,151.4096467331485,2.2962908667216695,170028510548066453,170050491666923692,0,170028510548066453,-2267.35,400.1183,0,0,0,11231.531,386.62003,True,2026022300173,182,0.0,4.6592726e-05,5.3987755e-05,1.60244e-09,1425.394,1.1659607,1836.5193,0.5401197,False,-443.6724,1090.1018,False,False,True,5.7015157,,1748.0236,1681,-2673.893,82.49293,151.40967144321675,,2.296281006343955,,1.4071546,,45.731106,,,0,False,,,,,,,,0,False,False,False,13511.267,62.42213,0.2654972,0.039247524,0.0292226,0.14647865,0.16704258,-0.007338009,False,False,False,False,0.0030738097,0.11442724,False,False,61095.11656759198,,14,False,False,False,False,False,False,False,False,False,False,False,False,False,False,False,False,False,False,False,False,False,z
4,61095.115437835935,lsst,151.40969127711432,2.2962648566261565,170028510548066453,170050491789082775,0,170028510548066453,-2625.1238,397.96503,0,0,0,11174.726,390.5389,True,2026022300174,159,0.0,2.3319899e-05,2.6633086e-05,2.4418473e-10,1294.3127,0.5359383,1369.3363,0.3459812,False,-2155.9148,1102.7286,False,False,True,6.4835787,,1718.7148,1681,-2646.6357,41.89352,151.40968416436976,,2.2962533096011892,,0.9066971,,62.365154,,,0,False,,,,,,,,0,False,False,False,13811.269,73.4948,0.10833174,0.054916512,0.035812628,0.15560198,0.14406201,0.0030225124,False,False,False,False,0.5406446,0.245365,False,False,61095.11705075511,,14,False,False,False,False,False,False,False,False,False,False,False,False,False,False,False,False,False,False,False,False,False,z
4,61095.11590358395,lsst,151.4096714888991,2.2962316150047597,170028510548066453,170050491935359137,0,170028510548066453,-1999.9291,412.59918,0,0,0,11549.637,402.4196,True,2026022300175,182,0.0,6.735685e-05,6.0919523e-05,-9.086109e-10,853.59686,1.007152,640.50665,1.2898103,False,-1249.6803,1086.7303,False,False,True,5.002665,,1690.2948,1681,-2591.8943,110.121864,151.40971633478256,,2.2962500905333667,,1.6081402,,-26.448,,,0,False,,,,,,,,0,False,False,False,13541.84,53.001602,0.118262835,0.26463142,-0.13647439,0.17334451,0.16132674,0.0021656041,False,False,False,False,0.08334778,0.11928824,False,False,61095.1175463414,,11,False,False,False,False,False,False,False,False,False,False,False,False,False,False,False,False,False,False,False,False,False,z
4,61095.11637232581,lsst,151.40967519373558,2.296260729475162,170028510548066453,170050492069576883,0,170028510548066453,-2769.1008,410.34573,0,0,0,10781.76,397.53662,True,2026022300176,182,0.0,3.2664273e-05,2.8588525e-05,-2.1293411e-10,3146.289,0.4751852,1376.0024,0.62153053,False,-1552.4065,1078.9398,False,False,True,6.818394,,1687.839,1681,-3041.3167,27.960121,151.40967261180649,,2.2962593587974904,,1.1533397,,98.96587,,,0,False,,,,,,,,0,False,False,False,13644.31,39.74911,0.13057436,0.23123424,0.04437664,0.15289013,0.16829874,-0.0038300413,False,False,False,False,0.062349,0.4424179,False,False,61095.11815576386,,15,False,False,False,False,False,False,False,False,False,False,False,False,False,False,False,False,False,False,False,False,False,z
4,61095.11684140755,lsst,151.40958454004968,2.296260373968197,170028510548066453,170050492204843194,0,170028510548066453,-2321.8262,405.20422,0,0,0,9578.009,396.4638,True,2026022300177,184,0.0,3.206792e-05,3.7884143e-05,2.6846242e-10,980.7838,0.71339923,1197.895,0.5394862,False,-2118.396,1088.7206,False,False,True,5.7611113,,1613.4202,1681,-2491.7012,34.973198,151.4095746569266,,2.296260656722363,,1.097813,,4.7952175,,,0,False,,,,,,,,0,False,False,False,11952.805,54.22941,0.2152203,0.12780845,-0.04148865,0.15738913,0.16593564,-0.009893952,False,False,False,False,0.014935754,0.17952268,False,False,61095.118497683696,,13,False,False,False,False,False,False,False,False,False,False,False,False,False,False,False,False,False,False,False,False,False,z
4,61095.11731047916,lsst,151.4096874747165,2.2962801903726544,170028510548066453,170050492339060921,0,170028510548066453,-2972.0588,402.33698,0,0,0,10854.507,392.46347,True,2026022300178,184,0.0,2.644205e-05,3.311331e-05,2.1261479e-10,1615.4653,0.6211091,1165.6183,0.44425756,False,-4909.615,1090.5739,False,False,True,7.22221,,1672.2147,1681,-3258.3643,3.632145,151.40969007577624,,2.29628051142645,,1.2082174,,53.6547,,,0,False,,,,,,,,0,False,False,False,13810.855,44.39695,0.2667606,0.1956524,0.062160287,0.15357058,0.14849176,-0.007039066,False,False,False,False,0.65591645,0.4007831,False,False,61095.11912371295,,16,False,False,False,False,False,False,False,False,False,False,False,False,False,False,False,False,False,False,False,False,False,z
4,61095.117778549895,lsst,151.40967604349652,2.296222907636107,170028510548066453,170050492455452870,0,170028510548066453,-2386.3833,394.60498,0,0,0,10793.746,385.86484,True,2026022300179,150,0.0,3.0702846e-05,2.7986738e-05,-7.132422e-11,3966.7534,0.49493793,3211.9878,0.5609532,False,-1764.613,1082.8827,False,False,True,5.8338785,,1610.0267,1681,-2864.7551,77.610794,151.4096747768455,,2.296225908806318,,1.651994,,72.10175,,,0,False,,,,,,,,0,False,False,False,13224.764,78.52506,0.16144867,0.2340654,0.16074835,0.15604231,0.14209107,0.019219695,False,False,False,False,0.32825485,0.30278966,False,False,61095.11947649521,,14,False,False,False,False,False,False,False,False,False,False,False,False,False,False,False,False,False,False,False,False,False,z
4,61095.11824617551,lsst,151.4096609283542,2.2962281627620635,170028510548066453,170050492586000577,0,170028510548066453,-2704.7966,375.30344,0,0,0,10151.358,360.54733,True,2026022300180,143,0.0,2.1757614e-05,2.4274133e-05,4.0763035e-11,80.25151,0.4415992,3183.5928,0.38648328,False,-2236.2937,1102.4619,False,False,True,7.1207824,,1738.0853,1681,-2656.973,4.235371,151.4096616845597,,2.296226627953234,,0.6960048,,60.983887,,,0,False,,,,,,,,0,False,False,False,12955.803,75.99639,0.13046919,0.12798816,0.022174664,0.1290111,0.112976864,0.012943588,False,False,False,False,0.013918333,0.36480027,False,False,61095.11996605917,,13,False,False,False,False,False,False,False,False,False,False,False,False,False,False,False,False,False,False,False,False,False,z
4,61095.11871366539,lsst,151.40963907079484,2.296248794091106,170028510548066453,170050492735946983,0,170028510548066453,-2835.1355,357.58502,0,0,0,10173.679,336.5425,True,2026022300181,173,0.0,1.6681624e-05,1.7547896e-05,8.240414e-12,311.09558,0.31694573,1733.137,0.29940218,False,-2974.801,1072.9319,False,False,True,7.891654,,1728.1177,1681,-2570.519,5.765017,151.4096420823723,,2.2962503105645697,,0.14904705,,2.3486152,,,0,False,,,,,,,,0,False,False,False,12859.074,72.58703,0.06875362,0.06705552,-0.0003873649,0.11907489,0.10623804,0.0104121,False,False,False,False,0.35907742,0.50844055,False,False,61095.120393970195,,13,False,False,False,False,False,False,False,False,False,False,False,False,False,False,False,False,False,False,False,False,False,z
4,61095.119651627625,lsst,151.40963896037712,2.2963053433165657,170028510548066453,170050493005955264,0,170028510548066453,-2134.9226,369.89938,0,0,0,10766.13,359.07837,True,2026022300183,176,0.0,6.184212e-05,3.1899253e-05,-4.3382256e-10,3070.5957,0.5555763,753.05536,1.1244811,False,-3542.5386,1067.4956,False,False,True,5.793238,,1681.7262,1681,-3359.3906,12.473092,151.40961510448238,,2.2963146713097076,,2.0253186,,97.487076,,,0,False,,,,,,,,0,False,False,False,12921.728,58.00851,0.17023437,0.61963964,0.008554778,0.13028122,0.12609553,0.011056331,False,False,False,False,0.9999991,0.2539136,False,False,61095.12130420704,,15,False,False,False,False,False,False,False,False,False,False,False,False,False,False,False,False,False,False,False,False,False,z
4,61095.1205847548,lsst,151.40967575044414,2.296257978468198,170028510548066453,170050493273342151,0,170028510548066453,-2766.1663,363.99014,0,0,0,10959.919,355.32367,True,2026022300185,174,0.0,2.5183414e-05,1.7693468e-05,-1.3580924e-11,2141.1963,0.31832853,3025.7727,0.45440376,False,-1565.8118,1070.4742,False,False,True,7.540716,,1793.3284,1681,-2883.7915,32.84142,151.4096822939831,,2.2962559137313314,,1.0036677,,74.46423,,,0,False,,,,,,,,0,False,False,False,13746.047,60.6157,0.09266435,0.17532428,0.029950768,0.119843096,0.12749246,0.008726707,False,False,False,False,0.021377433,0.24367219,False,False,61095.12230194166,,13,False,False,False,False,False,False,False,False,False,False,False,False,False,False,False,False,False,False,False,False,False,z
4,61095.12104436464,lsst,151.40961183662696,2.2962541984087617,170028510548066453,170050493410705735,0,170028510548066453,-3134.2588,362.59232,0,0,0,9589.746,355.5597,True,2026022300186,180,0.0,3.842076e-05,2.0802256e-05,-2.1983339e-10,3282.331,0.35488972,3299.5225,0.7029403,False,-4616.7925,1054.4524,False,False,True,8.603127,,1582.8728,1681,-3740.8987,50.26308,151.4096220036019,,2.296244758484793,,1.4921163,,100.418976,,,0,False,,,,,,,,0,False,False,False,12793.366,60.74993,0.054186556,0.310881,0.004420639,0.12944637,0.1306665,0.008538275,False,False,False,False,0.41164583,0.58784944,False,False,61095.12271973811,,15,False,False,False,False,False,False,False,False,False,False,False,False,False,False,False,False,False,False,False,False,False,z
4,61095.1215101234,lsst,151.4096796809566,2.2962822545037187,170028510548066453,170050493540729042,0,170028510548066453,-2148.054,359.36694,0,0,0,11653.87,350.9118,True,2026022300187,172,0.0,8.006875e-05,7.4364056e-05,-1.3265937e-10,3642.1123,1.3362288,2105.323,1.4450675,False,-3618.9675,1042.1321,False,False,True,6.1955466,,1667.9342,1681,-2330.4326,105.354225,151.40968393670784,,2.296275344456608,,0.9253542,,-39.529655,,,0,False,,,,,,,,0,False,False,False,13804.575,61.237175,0.29014516,0.2979953,-0.038215227,0.12332676,0.12240784,0.01035131,False,False,False,False,0.9974478,0.26469672,False,False,61095.123083146274,,14,False,False,False,False,False,False,False,False,False,False,False,False,False,False,False,False,False,False,False,False,False,z
2,61095.12338987329,lsst,151.40967839244212,2.2962714732917675,170028510548066453,170050493679665338,0,170028510548066453,-2497.973,165.2135,0,0,0,6041.676,162.19794,True,2026022300188,181,0.0,1.5309677e-05,1.4969087e-05,-1.3475719e-11,3884.3406,0.2639691,3117.3975,0.281333,False,-2458.5305,418.9408,False,False,True,14.9888735,,1666.7864,1681,-2658.389,2.2905366,151.40967264262346,,2.2962758181841214,,1.0140209,,89.26449,,,0,False,,,,,,,,0,False,False,False,8550.233,19.6802,0.21888973,0.2528388,0.044790648,0.17603186,0.14685844,0.0147315115,False,False,False,False,0.576507,0.632724,False,False,61095.12498402492,,19,False,False,False,False,False,False,False,False,False,False,False,False,False,False,False,False,False,False,False,False,False,r
2,61095.124320700954,lsst,151.40968072106224,2.296252505835205,170028510548066453,170050493948100786,0,170028510548066453,-2354.4595,158.30095,0,0,0,6093.5,155.0004,True,2026022300190,181,0.0,1.3954153e-05,1.2556641e-05,-2.7806419e-11,3410.651,0.2151752,1876.8555,0.2608815,False,-2728.5974,408.87766,False,False,True,14.760326,,1652.557,1681,-2520.713,1.897794,151.4096732937047,,2.2962563984816575,,1.1371022,,-32.18101,,,0,False,,,,,,,,0,False,False,False,8464.691,20.350065,0.1412485,0.2073611,-0.056359526,0.15345839,0.1459603,0.008596912,False,False,False,False,0.096220925,0.5195482,False,False,61095.125897200865,,20,False,False,False,False,False,False,False,False,False,False,False,False,False,False,False,False,False,False,False,False,False,r
2,61095.12478742591,lsst,151.4096703994319,2.296265137622976,170028510548066453,170050494082842775,0,170028510548066453,-2687.8994,164.81812,0,0,0,5856.2554,162.124,True,2026022300191,182,0.0,1.1045545e-05,1.0173002e-05,-1.12957066e-11,1405.1107,0.17845552,2790.1162,0.20340747,False,-2573.7285,433.11807,False,False,True,16.4062,,1511.5941,1681,-2582.1191,1.4055284,151.40966915961457,,2.296266127502733,,0.56290406,,-36.445187,,,0,False,,,,,,,,0,False,False,False,8578.098,40.858273,0.12134007,0.13661769,-0.01179226,0.14120647,0.14528304,0.009544981,False,False,False,False,0.03496816,0.6397341,False,False,61095.12645908726,,19,False,False,False,False,False,False,False,False,False,False,False,False,False,False,False,False,False,False,False,False,False,r
2,61095.125253517304,lsst,151.4096685681523,2.2962389550980693,170028510548066453,170050494217584810,0,170028510548066453,-2405.9563,162.85585,0,0,0,5961.3535,160.31602,True,2026022300192,183,0.0,1.4471855e-05,1.239926e-05,-2.6848437e-11,3163.6416,0.21526456,2073.0913,0.26761594,False,-2199.6304,421.97928,False,False,True,14.57487,,1665.0997,1681,-2398.4712,0.3058711,151.40966716071662,,2.296239209405614,,0.77326244,,94.20762,,,0,False,,,,,,,,0,False,False,False,8401.239,22.814333,0.15839663,0.20266883,0.015641542,0.15120766,0.15134205,0.008857921,False,False,False,False,0.13218209,0.5913774,False,False,61095.126986703,,19,False,False,False,False,False,False,False,False,False,False,False,False,False,False,False,False,False,False,False,False,False,r
2,61095.12572255821,lsst,151.40968636818937,2.2962626239473,170028510548066453,170050494351802532,0,170028510548066453,-2646.9177,160.97392,0,0,0,5766.3228,158.0775,True,2026022300193,183,0.0,1.149594e-05,1.1914559e-05,3.5847215e-12,3795.8997,0.21543488,2091.674,0.20637207,False,-2318.7205,423.04895,False,False,True,16.390312,,1659.5703,1681,-2628.4177,0.08772344,151.40968193406434,,2.2962671878546024,,0.7191218,,-32.743866,,,0,False,,,,,,,,0,False,False,False,8458.983,34.090145,0.16436923,0.17507528,-0.022658158,0.14557055,0.14359866,0.004001823,False,False,False,False,0.10371818,0.6603572,False,False,61095.127349733,,20,False,False,False,False,False,False,False,False,False,False,False,False,False,False,False,False,False,False,False,False,False,r
2,61095.12666042595,lsst,151.40969362786242,2.2962622487030955,170028510548066453,170050494598742205,0,170028510548066453,-2476.7834,143.68321,0,0,0,5937.1855,141.59566,True,2026022300195,142,0.0,9.030705e-06,1.0054145e-05,4.7774293e-12,2840.951,0.1818742,3312.2786,0.1615017,False,-1841.0632,386.70438,False,False,True,16.89098,,1670.6035,1681,-2608.1943,2.0619128,151.40969418977616,,2.2962643222914574,,1.0301114,,52.00989,,,0,False,,,,,,,,0,False,False,False,8471.313,40.179523,0.1519145,0.1294965,0.052620087,0.14038143,0.14351466,0.024408933,False,False,False,False,0.00027183708,0.6090937,False,False,61095.128287806576,,17,False,False,False,False,False,False,False,False,False,False,False,False,False,False,False,False,False,False,False,False,False,r
2,61095.127127925145,lsst,151.40968618503234,2.296260420029906,170028510548066453,170050494748688557,0,170028510548066453,-2744.5632,153.06439,0,0,0,5752.8823,150.2601,True,2026022300196,172,0.0,1.01916285e-05,9.619428e-06,-2.0752122e-12,2825.2166,0.1727654,1859.2338,0.18393174,False,-2519.8335,402.643,False,False,True,17.755308,,1700.2499,1681,-2747.252,1.9751511,151.40968508337957,,2.29625905639395,,0.77154934,,68.833435,,,0,False,,,,,,,,0,False,False,False,8555.809,34.629932,0.13426898,0.15980642,0.02436306,0.15026748,0.15080395,0.018108977,False,False,False,False,0.0020313107,0.65470046,False,False,61095.128878199466,,20,False,False,False,False,False,False,False,False,False,False,False,False,False,False,False,False,False,False,False,False,False,r
2,61095.12759611469,lsst,151.40967817647484,2.2962872992284007,170028510548066453,170050494867701906,0,170028510548066453,-2635.7844,145.7853,0,0,0,5846.216,143.25487,True,2026022300197,143,0.0,9.5044325e-06,9.666149e-06,3.7951288e-13,734.1915,0.17394628,2447.1611,0.17107832,False,-3116.2454,385.4313,False,False,True,17.88847,,1636.6213,1681,-2471.113,0.36197284,151.40967646236746,,2.2962878816707555,,0.38973537,,32.88097,,,0,False,,,,,,,,0,False,False,False,8526.21,25.365688,0.1452912,0.13722758,0.005101486,0.13816187,0.14563918,0.012707614,False,False,False,False,7.239755e-05,0.66070116,False,False,61095.12926131179,,21,False,False,False,False,False,False,False,False,False,False,False,False,False,False,False,False,False,False,False,False,False,r
2,61095.12806316138,lsst,151.40969242885552,2.2962702182033947,170028510548066453,170050495019221209,0,170028510548066453,-2613.567,158.80179,0,0,0,5952.526,156.04735,True,2026022300198,176,0.0,1.1505908e-05,1.1586089e-05,8.611102e-14,1097.6068,0.20855294,1098.1786,0.20739502,False,-2682.0042,409.5413,False,False,True,16.321852,,1600.0283,1681,-2584.8813,0.16443084,151.4096897593599,,2.2962672218306075,,0.7430838,,-12.064372,,,0,False,,,,,,,,0,False,False,False,8552.638,21.061348,0.1962952,0.15400726,-0.013202252,0.14354293,0.15258425,0.010529004,False,False,False,False,0.11667673,0.59359026,False,False,61095.12977198843,,20,False,False,False,False,False,False,False,False,False,False,False,False,False,False,False,False,False,False,False,False,False,r
2,61095.1285307989,lsst,151.40968495121538,2.2962636967481136,170028510548066453,170050495150817445,0,170028510548066453,-2660.9502,151.32794,0,0,0,5792.1685,148.3684,True,2026022300199,171,0.0,9.854856e-06,9.899008e-06,5.3304793e-14,2563.6287,0.178141,1284.3083,0.17752193,False,-3267.2693,397.53635,False,False,True,17.08689,,1707.1508,1681,-2577.6716,0.96164817,151.40968488985587,,2.296263658335028,,0.7695183,,49.50607,,,0,False,,,,,,,,0,False,False,False,8497.451,30.773829,0.14488252,0.15170546,0.02710838,0.14397575,0.13617797,0.01975484,False,False,False,False,0.011984691,0.6403985,False,False,61095.13016484442,,18,False,False,False,False,False,False,False,False,False,False,False,False,False,False,False,False,False,False,False,False,False,r
2,61095.12899616066,lsst,151.40969954167485,2.2962632531419414,170028510548066453,170050495286608039,0,170028510548066453,-2615.4092,158.31235,1,0,0,5797.884,155.64781,True,2026022300200,174,0.0,7.519551e-05,1.9301715e-05,2.0405462e-10,20.306334,0.34380227,2604.473,1.3566693,True,-2574.4067,403.85413,True,False,True,16.763832,,1485.6162,1681,,,,,,,,,,,,0,False,,,,,,,,0,True,False,False,8492.873,20.426968,0.15451583,0.13449311,0.010212167,0.1539627,0.1553291,0.014808918,True,False,False,False,,0.31047982,False,False,61095.13058975611,,20,False,False,False,False,False,False,False,False,False,False,False,False,False,False,False,False,False,False,False,False,False,r
2,61095.13009929539,lsst,151.4096820587078,2.2962806524526944,170028510548066453,170050495541936303,0,170028510548066453,-2589.0234,150.64017,0,0,0,5900.0576,147.72658,True,2026022300202,149,0.0,9.847665e-06,1.0283333e-05,-9.838726e-12,2114.6953,0.17137615,2197.907,0.19063161,False,-2333.197,379.87497,False,False,True,17.081303,,1697.4689,1681,-2545.2117,5.2009234,151.40968729155145,,2.2962818154741265,,0.7184374,,116.61106,,,0,False,,,,,,,,0,False,False,False,8540.355,18.553318,0.12043786,0.14399615,0.020634536,0.16663642,0.16020575,0.009101413,False,False,False,False,0.13844894,0.593038,False,False,61095.13168886103,,20,False,False,False,False,False,False,False,False,False,False,False,False,False,False,False,False,False,False,False,False,False,r
3,61095.13190573314,lsst,151.40969480451594,2.296287933645428,170028510548066453,170050495681396890,0,170028510548066453,-2477.872,232.30501,0,0,0,7719.4746,229.18001,True,2026022300203,159,0.0,1.863816e-05,1.7542341e-05,8.662246e-11,1518.4609,0.36771914,1882.3204,0.278353,False,-1418.9283,597.2631,False,False,True,10.471235,,1623.6233,1681,-2662.3396,10.422042,151.40969480178725,,2.296284317726846,,1.1668175,,32.970222,,,0,False,,,,,,,,0,False,False,False,10256.749,13.597602,0.23324193,0.122989826,-0.041861996,0.18075618,0.15390083,0.0013859983,False,False,False,False,0.017270444,0.5286175,False,False,61095.13358831982,,18,False,False,False,False,False,False,False,False,False,False,False,False,False,False,False,False,False,False,False,False,False,i
3,61095.132372913096,lsst,151.4096558351258,2.29627654617312,170028510548066453,170050495814566076,0,170028510548066453,-2565.316,225.21889,0,0,0,7714.2256,220.37225,True,2026022300204,157,0.0,1.3822437e-05,1.378582e-05,5.7680423e-12,225.99004,0.25262314,577.2375,0.24481732,False,-1935.1476,591.7132,False,False,True,11.309899,,1742.3997,1681,-2494.5657,6.151809,151.40965548543818,,2.2962805204196215,,0.7191951,,88.524,,,0,False,,,,,,,,0,False,False,False,10328.781,16.193493,0.12427731,0.115506135,0.023663616,0.16658925,0.14281699,0.0069151022,False,False,False,False,0.17820302,0.5562697,False,False,61095.1342637586,,17,False,False,False,False,False,False,False,False,False,False,False,False,False,False,False,False,False,False,False,False,False,i
3,61095.132840946884,lsst,151.40966505701022,2.296307212846388,170028510548066453,170050495949832434,0,170028510548066453,-2570.7815,213.65553,0,0,0,7467.1484,207.58244,True,2026022300205,159,0.0,1.4184203e-05,1.4135649e-05,4.0319883e-11,691.7653,0.2796526,846.2121,0.22798756,False,-1293.2952,586.8153,False,False,True,12.058293,,1775.9899,1681,-2585.505,2.470521,151.40966423707826,,2.296310129342133,,0.82131654,,23.902874,,,0,False,,,,,,,,0,False,False,False,9992.813,18.208288,0.15647039,0.110053316,-0.022044087,0.14126779,0.13647088,-0.0018234659,False,False,False,False,0.005655456,0.49787652,False,False,61095.13453776912,,15,False,False,False,False,False,False,False,False,False,False,False,False,False,False,False,False,False,False,False,False,False,i
3,61095.1333076001,lsst,151.40968414818767,2.2962446750399756,170028510548066453,170050496084050072,0,170028510548066453,-2373.2444,223.83525,0,0,0,7702.737,218.96725,True,2026022300206,159,0.0,1.5886377e-05,1.5824768e-05,-1.7275448e-11,3078.6448,0.27581698,1041.1599,0.29534698,False,-2095.0352,593.82166,False,False,True,10.586564,,1783.0828,1681,-2470.8523,7.6682625,151.4096860498596,,2.2962445927558583,,1.0681012,,-14.550194,,,0,False,,,,,,,,0,False,False,False,10148.4375,14.913309,0.10890441,0.15824653,-0.05407342,0.15442614,0.1455809,0.0012628859,False,False,False,False,0.04408899,0.4909129,False,False,61095.135075193684,,17,False,False,False,False,False,False,False,False,False,False,False,False,False,False,False,False,False,False,False,False,False,i
3,61095.13377287988,lsst,151.40966799473009,2.296267572771649,170028510548066453,170050496230326443,0,170028510548066453,-2369.7363,231.07942,0,0,0,8027.517,226.57771,True,2026022300207,182,0.0,1.4821232e-05,1.4917952e-05,5.5729245e-12,2012.7775,0.27136654,2153.3748,0.26454675,False,-1862.0825,611.2978,False,False,True,10.109524,,1715.2129,1681,-2257.8467,8.426971,151.4096623036569,,2.2962697430215115,,0.6501552,,-13.411821,,,0,False,,,,,,,,0,False,False,False,10480.139,15.080803,0.08561393,0.09653647,-0.019070495,0.1479639,0.1530219,0.0042885896,False,False,False,False,0.44451523,0.41156545,False,False,61095.1355312715,,16,False,False,False,False,False,False,False,False,False,False,False,False,False,False,False,False,False,False,False,False,False,i
3,61095.13423836534,lsst,151.40966196150592,2.2962640945929667,170028510548066453,170050496364544169,0,170028510548066453,-2484.8718,235.28896,0,0,0,7828.278,230.51276,True,2026022300208,182,0.0,1.8953127e-05,1.9430076e-05,2.8023065e-11,2617.2976,0.359425,1975.1079,0.33184227,False,-3260.2825,604.67737,False,False,True,10.537895,,1676.2728,1681,-3025.008,7.139042,151.4096435429777,,2.2962594542753796,,1.8944441,,46.411922,,,0,False,,,,,,,,0,False,False,False,10344.71,14.082944,0.5257338,0.1535721,0.06687696,0.14988472,0.16686837,-0.0020436062,False,False,False,False,0.9944854,0.5818748,False,False,61095.136040867554,,21,False,False,False,False,False,False,False,False,False,False,False,False,False,False,False,False,False,False,False,False,False,i
3,61095.13470496947,lsst,151.4096324748571,2.29627351591186,170028510548066453,170050496482508962,0,170028510548066453,-2104.306,228.71286,0,0,0,8009.981,224.31848,True,2026022300209,151,0.0,3.784175e-05,3.9167135e-05,1.2054167e-10,3572.46,0.72328204,371.4331,0.66211253,False,-3032.6765,577.3039,False,False,True,8.985661,,1768.9021,1681,-2036.7197,13.866371,151.40963654044475,,2.2962659948016793,,0.776188,,63.486084,,,0,False,,,,,,,,0,False,False,False,10084.558,13.566957,0.27723455,0.250118,0.022881918,0.16931914,0.16581888,0.0023617567,False,False,False,False,0.7481193,0.58033174,False,False,61095.13654499647,,18,False,False,False,False,False,False,False,False,False,False,False,False,False,False,False,False,False,False,False,False,False,i
3,61095.13563587865,lsst,151.40970380371866,2.2962879922859343,170028510548066453,170050496766148901,0,170028510548066453,-2490.977,223.10402,0,0,0,7506.563,217.16072,True,2026022300211,180,0.0,3.3769284e-05,2.701352e-05,-2.9838104e-10,725.20337,0.43082207,605.8586,0.64890325,False,-3131.34,576.6898,False,False,True,11.263186,,1784.9406,1681,-3343.1926,9.086558,151.40968356683044,,2.2962975820868095,,1.7728798,,-36.940514,,,0,False,,,,,,,,0,False,False,False,9969.812,14.196552,0.18978648,0.4088708,-0.13371138,0.14030218,0.16818878,-0.0029714766,False,False,False,False,0.96711636,0.59453166,False,False,61095.13751185595,,20,False,False,False,False,False,False,False,False,False,False,False,False,False,False,False,False,False,False,False,False,False,i
3,61095.13610608895,lsst,151.40972221392653,2.29628639902766,170028510548066453,170050496884637851,0,170028510548066453,-2232.1555,213.64915,0,0,0,7485.5396,208.16475,True,2026022300212,150,0.0,2.1783022e-05,1.727847e-05,-1.0408868e-10,1646.9052,0.28470287,720.38367,0.41170937,False,-1939.0476,570.7585,False,False,True,10.236147,,1644.394,1681,-2295.2417,0.6898104,151.4097251711624,,2.296287980225643,,0.953279,,100.04841,,,0,False,,,,,,,,0,False,False,False,9734.545,16.791246,0.16212186,0.23611373,0.021039268,0.12766278,0.16679205,0.007251912,False,False,False,False,0.36701983,0.5425272,False,False,61095.13790072156,,18,False,False,False,False,False,False,False,False,False,False,False,False,False,False,False,False,False,False,False,False,False,i
3,61095.13703685996,lsst,151.409639543957,2.2962621984089218,170028510548066453,170050497165132083,0,170028510548066453,-2232.281,221.36975,0,0,0,7897.119,215.97708,True,2026022300214,173,0.0,1.7327733e-05,1.3522173e-05,-4.4825803e-11,533.18005,0.23307729,1434.0981,0.3199675,False,-2144.6006,586.86084,False,False,True,9.983001,,1677.4703,1681,-2161.938,14.333328,151.4096452513029,,2.296261860763402,,0.83150285,,-50.91415,,,0,False,,,,,,,,0,False,False,False,10179.816,15.589762,0.0649373,0.11802674,-0.02291932,0.14015518,0.1524235,0.0019759776,False,False,False,False,0.4017675,0.61848426,False,False,61095.13899232941,,17,False,False,False,False,False,False,False,False,False,False,False,False,False,False,False,False,False,False,False,False,False,i
3,61095.13750201232,lsst,151.40964143219583,2.2962663059695516,170028510548066453,170050497300398297,0,170028510548066453,-2531.504,212.65753,0,0,0,7599.8477,207.21495,True,2026022300215,175,0.0,1.4881876e-05,1.3738861e-05,-9.891795e-12,4003.8982,0.24555194,3264.2297,0.27006656,False,-2457.0107,580.3811,False,False,True,11.906287,,1603.9567,1681,-2422.7783,4.3784914,151.4096397963586,,2.2962643336882183,,0.52816504,,-69.1022,,,0,False,,,,,,,,0,False,False,False,10181.745,17.373732,0.1164538,0.14058317,-0.002285131,0.13243423,0.14016022,-0.008251961,False,False,False,False,0.011061848,0.6445101,False,False,61095.13928089415,,15,False,False,False,False,False,False,False,False,False,False,False,False,False,False,False,False,False,False,False,False,False,i
3,61095.138061760445,lsst,151.40967065025168,2.2962681189079337,170028510548066453,170050497434616011,0,170028510548066453,-2821.959,207.92299,0,0,0,7449.7617,200.94707,True,2026022300216,175,0.0,1.0932695e-05,1.3022991e-05,-1.1137727e-11,2046.0098,0.23608887,1084.0347,0.19513056,False,-3194.577,565.07544,False,False,True,13.43213,,1738.8282,1681,-2866.0515,13.6821995,151.40967941890662,,2.2962671966738126,,0.97792304,,7.7851176,,,0,False,,,,,,,,0,False,False,False,10300.161,19.942516,0.15350085,0.07728429,0.03156006,0.12914233,0.13219166,0.00617073,False,False,False,False,0.043730102,0.6325122,False,False,61095.13979889592,,17,False,False,False,False,False,False,False,False,False,False,False,False,False,False,False,False,False,False,False,False,False,i
3,61095.138529601354,lsst,151.409662301845,2.296273807365866,170028510548066453,170050497563066538,0,170028510548066453,-2353.988,201.14804,0,0,0,7721.0796,191.79529,True,2026022300217,164,0.0,1.3508124e-05,1.415322e-05,-5.0132862e-12,3566.651,0.2556076,993.57697,0.24248308,False,-2533.1865,573.8994,False,False,True,11.331433,,1541.9346,1681,-2272.144,0.14193673,151.40965989878634,,2.296272697565713,,0.7045285,,9.702312,,,0,False,,,,,,,,0,False,False,False,10066.661,27.619123,0.14160281,0.111903325,0.017374804,0.109678924,0.12736776,0.014873666,False,False,False,False,0.014197578,0.4940191,False,False,61095.14011653337,,16,False,False,False,False,False,False,False,False,False,False,False,False,False,False,False,False,False,False,False,False,False,i
1,61095.140408300555,lsst,151.40972034405965,2.2962560384154385,170028510548066453,170050497706721439,0,170028510548066453,-2885.3857,113.29296,0,0,0,5062.2275,111.86438,True,2026022300218,182,0.0,6.6925927e-06,6.7200117e-06,2.018088e-12,3155.3728,0.12347319,372.1453,0.11805272,False,-2647.4546,276.89905,False,False,True,25.15336,,1798.0813,1681,-2773.147,1.518309,151.40971866602823,,2.296255753548882,,0.32213852,,129.19556,,,0,False,,,,,,,,0,False,False,False,7966.9585,20.114073,0.12799957,0.13672055,0.0006578175,0.17454763,0.13628906,0.0038563334,False,False,False,False,0.08207391,0.6878422,False,False,61095.1421256959,,21,False,False,False,False,False,False,False,False,False,False,False,False,False,False,False,False,False,False,False,False,False,g
1,61095.140874321296,lsst,151.4097119457344,2.296261293718745,170028510548066453,170050497827307706,0,170028510548066453,-2987.4434,111.163086,0,0,0,5141.696,108.7298,True,2026022300219,156,0.0,7.1183904e-06,7.1813956e-06,2.4011927e-12,2599.407,0.13183074,3799.2468,0.12561806,False,-3254.8125,260.92517,False,False,True,26.352825,,1801.7589,1681,-2885.3645,0.18184768,151.40971169232876,,2.296260648616784,,0.44167867,,-29.441755,,,0,False,,,,,,,,0,False,False,False,8157.4707,22.196133,0.15697086,0.16982211,-0.0053732777,0.18217973,0.14517425,0.00053366885,False,False,False,False,1.2029593e-05,0.71737385,False,False,61095.14266201125,,22,False,False,False,False,False,False,False,False,False,False,False,False,False,False,False,False,False,False,False,False,False,g
1,61095.14133967445,lsst,151.40971404924065,2.2962370734411013,170028510548066453,170050497959428281,0,170028510548066453,-3103.265,109.976456,0,0,0,5005.6743,107.4121,True,2026022300220,152,0.0,6.2867903e-06,6.761253e-06,1.1279305e-11,2492.4111,0.13270627,3495.3198,0.10013897,False,-2944.171,255.78246,False,False,True,27.45574,,1680.8662,1681,-3013.3765,0.7095071,151.40971494237365,,2.2962363962779437,,0.6080174,,37.560688,,,0,False,,,,,,,,0,False,False,False,8144.4487,24.713316,0.16516027,0.13235147,6.755075e-05,0.20491739,0.14094141,0.0036881987,False,False,False,False,0.08107181,0.7106897,False,False,61095.14320736694,,22,False,False,False,False,False,False,False,False,False,False,False,False,False,False,False,False,False,False,False,False,False,g
1,61095.14227042209,lsst,151.4097031444193,2.296255979468786,170028510548066453,170050498244640885,0,170028510548066453,-2875.0247,114.93406,0,0,0,5263.517,113.04499,True,2026022300222,184,0.0,6.641623e-06,6.9870293e-06,4.452226e-12,3027.8188,0.12921348,107.24889,0.115996055,False,-2345.59,271.87296,False,False,True,24.890692,,1750.1118,1681,-2773.1296,1.1565663,151.4097026121608,,2.2962570849993242,,0.38876817,,113.01877,,,0,False,,,,,,,,0,False,False,False,8139.982,19.476849,0.13175222,0.14413904,0.0018834281,0.18742296,0.13689819,0.0071477722,False,False,False,False,0.086556174,0.67611456,False,False,61095.1440711085,,21,False,False,False,False,False,False,False,False,False,False,False,False,False,False,False,False,False,False,False,False,False,g
1,61095.14273707614,lsst,151.40975312210279,2.2962435669571652,170028510548066453,170050498378858620,0,170028510548066453,-2883.82,111.35981,1,1,0,4312.128,109.52277,True,2026022300223,184,0.0,6.727284e-05,4.346975e-05,-2.033454e-09,3647.5742,0.5043056,18.810167,1.3523126,True,-2931.35,275.4223,True,False,True,24.77554,,1339.8005,1640,,,,,,,,,,,,0,False,,,,,,,,0,True,True,False,7183.2974,18.584887,0.15548044,0.14199458,0.0017301951,0.18018478,0.13559438,0.007528209,True,False,False,False,,0.31047982,False,False,61095.144452326815,,22,False,False,False,False,False,False,False,False,False,False,False,False,False,False,False,False,False,False,False,False,False,g
1,61095.143202573934,lsst,151.40969462187164,2.296243543742174,170028510548066453,170050498495774930,0,170028510548066453,-2969.8472,108.70809,0,0,0,5251.336,106.10773,True,2026022300224,151,0.0,6.2294057e-06,6.956041e-06,5.939059e-12,1250.3164,0.1287858,2235.1172,0.10796824,False,-2470.059,254.92215,False,False,True,27.231173,,1786.0011,1681,-2895.3413,0.1623445,151.40969502713472,,2.2962439525208547,,0.6990629,,52.67163,,,0,False,,,,,,,,0,False,False,False,8260.048,23.698841,0.16227555,0.13625598,0.017902866,0.17515059,0.1394837,0.01196231,False,False,False,False,0.0102470415,0.6988044,False,False,61095.14572759015,,22,False,False,False,False,False,False,False,False,False,False,False,False,False,False,False,False,False,False,False,False,False,g
1,61095.143670465695,lsst,151.40970611442341,2.2962387567245774,170028510548066453,170050498625798319,0,170028510548066453,-2739.412,106.25765,0,0,0,5466.3813,104.41272,True,2026022300225,143,0.0,6.8008867e-06,7.587705e-06,5.6698747e-12,1637.8881,0.13923393,2904.8694,0.11926615,False,-2814.3354,249.53587,False,False,True,25.738432,,1665.8352,1681,-2646.8308,0.53083503,151.40970653183453,,2.296238240919759,,0.63155174,,18.414455,,,0,False,,,,,,,,0,False,False,False,8223.802,20.42498,0.17731738,0.14228149,-0.0025596225,0.16732392,0.14002037,0.0065909107,False,False,False,False,0.0060846554,0.6812934,False,False,61095.146080706225,,22,False,False,False,False,False,False,False,False,False,False,False,False,False,False,False,False,False,False,False,False,False,g
1,61095.14413893499,lsst,151.40971698571062,2.2962466543472586,170028510548066453,170050498775744684,0,170028510548066453,-2924.799,115.98831,0,0,0,5053.7754,113.771835,True,2026022300226,173,0.0,6.4123906e-06,8.38543e-06,1.1828172e-11,2102.4873,0.1552948,1420.3403,0.10943226,False,-2358.022,285.66452,False,False,True,24.471342,,1709.2484,1681,-2926.6196,0.43830556,151.40971538375118,,2.296245462178194,,0.860272,,25.000225,,,0,False,,,,,,,,0,False,False,False,8045.5327,22.351696,0.18838756,0.11990243,0.0066223405,0.17035036,0.13194554,0.009275382,False,False,False,False,0.0014845085,0.6508348,False,False,61095.14616183372,,20,False,False,False,False,False,False,False,False,False,False,False,False,False,False,False,False,False,False,False,False,False,g
1,61095.144604067595,lsst,151.40970816106514,2.296252955556007,170028510548066453,170050498894233786,0,170028510548066453,-2951.4377,100.50275,0,0,0,5084.196,98.02822,True,2026022300227,143,0.0,4.9235896e-06,5.9107347e-06,3.4982956e-12,3585.6912,0.10789637,1703.1227,0.086689904,False,-2639.2642,248.59447,False,False,True,29.071177,,1727.6263,1681,-2838.5815,1.6574445,151.40970778547805,,2.296254440431366,,0.5989786,,3.4138513,,,0,False,,,,,,,,0,False,False,False,8096.316,25.897787,0.12837873,0.09938376,-0.007219447,0.15206283,0.119047746,0.008785194,False,False,False,False,0.08292934,0.69789636,False,False,61095.146384092965,,20,False,False,False,False,False,False,False,False,False,False,False,False,False,False,False,False,False,False,False,False,False,g
1,61095.14506851164,lsst,151.40970351168235,2.2962410144484413,170028510548066453,170050499049423068,0,170028510548066453,-2956.9312,109.93227,0,0,0,5137.4297,107.25404,True,2026022300228,183,0.0,5.4914954e-06,7.0823257e-06,5.060267e-12,857.8647,0.12897879,190.67886,0.096943974,False,-2917.7615,275.50262,False,False,True,26.86688,,1785.7253,1681,-2897.6863,0.7419814,151.40970289324642,,2.2962422125934263,,0.6896289,,9.195109,,,0,False,,,,,,,,0,False,False,False,8117.6084,29.9083,0.15330347,0.110338606,-0.0032351697,0.15023252,0.109587945,0.009169758,False,False,False,False,0.00070292584,0.7046164,False,False,61095.146991410176,,20,False,False,False,False,False,False,False,False,False,False,False,False,False,False,False,False,False,False,False,False,False,g
1,61095.14553665082,lsst,151.40970304412178,2.296248892108582,170028510548066453,170050499177873569,0,170028510548066453,-2949.0928,108.695114,0,0,0,5122.9736,106.01648,True,2026022300229,172,0.0,6.0925904e-06,6.900906e-06,2.0381483e-12,1791.4098,0.12464445,1597.5505,0.10915217,False,-3050.6719,265.00095,False,False,True,26.827332,,1714.9738,1681,-2858.634,0.17353614,151.40970398506823,,2.2962503101258482,,0.6581366,,51.59396,,,0,False,,,,,,,,0,False,False,False,8092.456,27.558353,0.15650307,0.15112206,0.019197086,0.16191119,0.12239862,0.01556814,False,False,False,False,0.023614828,0.7158128,False,False,61095.1472395687,,21,False,False,False,False,False,False,False,False,False,False,False,False,False,False,False,False,False,False,False,False,False,g
1,61095.14600623819,lsst,151.40969163423165,2.296248086414412,170028510548066453,170050499313664211,0,170028510548066453,-2911.8833,111.240875,0,0,0,5338.6816,108.8591,True,2026022300230,175,0.0,6.627179e-06,6.148103e-06,-8.0010597e-13,193.47314,0.110497266,3265.0647,0.11960612,False,-2903.6528,269.64685,False,False,True,25.917816,,1677.9641,1681,-2796.6436,0.57553023,151.409692155955,,2.2962485522727176,,0.57313854,,74.43873,,,0,False,,,,,,,,0,False,False,False,8310.186,24.932156,0.12155256,0.14186917,0.010458372,0.1508415,0.14018556,0.014892831,False,False,False,False,0.032243263,0.7002659,False,False,61095.14780312768,,21,False,False,False,False,False,False,False,False,False,False,False,False,False,False,False,False,False,False,False,False,False,g
1,61095.146552156235,lsst,151.40969821724389,2.29622990224444,170028510548066453,170050499447881913,0,170028510548066453,-2819.9807,109.44848,0,0,0,5175.44,106.65609,True,2026022300231,175,0.0,6.8848267e-06,6.69701e-06,8.1016183e-13,332.29938,0.12018934,1003.69604,0.1243641,False,-2370.2961,266.18164,False,False,True,25.923672,,1655.9227,1681,-2746.3047,0.5828006,151.40969909078564,,2.2962302291832533,,0.6185763,,34.149235,,,0,False,,,,,,,,0,False,False,False,8038.4585,29.113907,0.144347,0.15046057,0.01675096,0.13827062,0.14695436,0.028972633,False,False,False,False,0.004019046,0.69498825,False,False,61095.1483684626,,21,False,False,False,False,False,False,False,False,False,False,False,False,False,False,False,False,False,False,False,False,False,g
1,61095.1470194866,lsst,151.4096973492443,2.2962527330529205,170028510548066453,170050499576332491,0,170028510548066453,-2954.2678,108.24603,0,0,0,5148.971,106.12126,True,2026022300232,164,0.0,6.3537896e-06,6.0495418e-06,1.510484e-12,2179.0747,0.10806267,444.97537,0.1151571,False,-2535.3826,262.11194,False,False,True,27.182915,,1703.0493,1681,-2931.0933,0.23288576,151.40969854321838,,2.2962526593475996,,0.84561104,,30.053421,,,0,False,,,,,,,,0,False,False,False,8191.8413,30.12755,0.13587523,0.14547595,0.03360849,0.13369285,0.14659047,0.02977286,False,False,False,False,5.0856135e-05,0.7099759,False,False,61095.14919056824,,18,False,False,False,False,False,False,False,False,False,False,False,False,False,False,False,False,False,False,False,False,False,g
4,61095.14884484888,lsst,151.409635672126,2.296275376166822,170028510548066453,170050499719987391,0,170028510548066453,-2183.6638,340.8145,0,0,0,11278.294,330.58878,True,2026022300233,182,0.0,4.8694023e-05,4.672566e-05,-4.991029e-10,1769.1296,0.75791985,1590.5697,0.95128846,False,-3224.1497,975.1173,False,False,True,6.3490334,,1686.7919,1681,-2599.554,38.378876,151.4096384618161,,2.296256735878191,,1.4027618,,97.25326,,,0,False,,,,,,,,0,False,False,False,13544.737,96.64397,0.1393522,0.23291315,0.097819366,0.120741956,0.14433716,0.005292802,False,False,False,False,0.41905603,0.3734377,False,False,61095.15046405663,,13,False,False,False,False,False,False,False,False,False,False,False,False,False,False,False,False,False,False,False,False,False,z
4,61095.14931093139,lsst,151.40969396826165,2.296250670346147,170028510548066453,170050499842146481,0,170028510548066453,-2585.6775,344.04062,0,0,0,10846.0205,330.27545,True,2026022300234,159,0.0,2.500559e-05,2.3093793e-05,-1.5655308e-10,1556.1716,0.36769277,1062.6427,0.4909539,False,-3680.2,979.7032,False,False,True,7.5086107,,1622.2201,1681,-2569.2515,8.645491,151.40969167735005,,2.296250293826885,,0.69015306,,112.99265,,,0,False,,,,,,,,0,False,False,False,13432.355,88.812935,0.10984838,0.14855449,0.0100398455,0.12166136,0.1441771,0.0059751314,False,False,False,False,0.0026024447,0.60736555,False,False,61095.15102280707,,14,False,False,False,False,False,False,False,False,False,False,False,False,False,False,False,False,False,False,False,False,False,z
4,61095.14977643661,lsst,151.40972941127583,2.2962443515051283,170028510548066453,170050499988422852,0,170028510548066453,-2521.0598,330.65433,0,0,0,9670.777,315.09296,True,2026022300235,182,0.0,1.7950297e-05,1.7750264e-05,-9.642065e-12,1176.3765,0.3163665,404.48636,0.32686198,False,-1851.3433,969.75433,False,False,True,7.059761,,1678.0815,1681,-2312.2544,67.90487,151.40975031964726,,2.296233382018883,,0.58293974,,33.740124,,,0,False,,,,,,,,0,False,False,False,12197.731,65.77198,0.07481436,0.041909322,0.00013087853,0.12935697,0.12137352,0.009613359,False,False,False,False,0.59229004,0.35072622,False,False,61095.15144848655,,12,False,False,False,False,False,False,False,False,False,False,False,False,False,False,False,False,False,False,False,False,False,z
4,61095.15070402154,lsst,151.40962803553663,2.2962647546425514,170028510548066453,170050500257906923,0,170028510548066453,-2529.8438,332.54477,0,0,0,10726.782,319.5592,True,2026022300237,184,0.0,2.1103364e-05,1.9464678e-05,-4.835342e-11,1378.9156,0.33866832,1016.9993,0.39128378,False,-2208.1257,962.5605,False,False,True,7.5761175,,1640.5121,1681,-2969.9548,17.445217,151.4096219189374,,2.296281815062728,,1.4823004,,-13.475449,,,0,False,,,,,,,,0,False,False,False,13233.597,52.815887,0.21145038,0.17677625,-0.122414514,0.120980464,0.124714114,0.0055736997,False,False,False,False,0.64524055,0.30513772,False,False,61095.1523542326,,13,False,False,False,False,False,False,False,False,False,False,False,False,False,False,False,False,False,False,False,False,False,z
4,61095.15116941439,lsst,151.40967546655656,2.296254117064753,170028510548066453,170050500392124628,0,170028510548066453,-2647.649,335.20593,0,0,0,11047.507,321.86957,True,2026022300238,184,0.0,1.9771367e-05,2.2437715e-05,6.373432e-11,2005.9983,0.41558436,971.84515,0.34318882,False,-2861.04,964.0686,False,False,True,7.8669786,,1690.7979,1681,-3057.3594,19.944633,151.4096724738873,,2.2962690080973243,,1.5568814,,-2.7739334,,,0,False,,,,,,,,0,False,False,False,13638.774,60.5122,0.27127776,0.1059794,-0.11600253,0.12194846,0.12390762,0.007440252,False,False,False,False,0.58530545,0.45803598,False,False,61095.15284982948,,15,False,False,False,False,False,False,False,False,False,False,False,False,False,False,False,False,False,False,False,False,False,z
4,61095.151638746625,lsst,151.40959677548943,2.29624283846323,170028510548066453,170050500509040875,0,170028510548066453,-2039.6783,315.95068,0,0,0,9085.077,296.7914,True,2026022300239,151,0.0,4.229848e-05,4.650076e-05,1.7454413e-10,50.33136,0.85044426,3031.252,0.7471359,False,-1382.2523,968.2434,False,False,True,6.392204,,1694.3638,1681,-2570.5671,11.004494,151.40959567081973,,2.296251877849331,,1.3495419,,93.64349,,,0,False,,,,,,,,0,False,False,False,11114.822,61.900745,0.11000878,0.26782146,0.057775464,0.10474766,0.11416051,-0.0016579403,False,False,False,False,0.76392525,0.28633142,False,False,61095.1532213282,,13,False,False,False,False,False,False,False,False,False,False,False,False,False,False,False,False,False,False,False,False,False,z
4,61095.15210396373,lsst,151.40965577338383,2.2962579635481024,170028510548066453,170050500639064278,0,170028510548066453,-2843.302,322.64548,0,0,0,10640.608,310.7921,True,2026022300240,143,0.0,1.9056217e-05,1.6522325e-05,-3.4376554e-11,409.04932,0.2909712,3137.8909,0.34866807,False,-3769.3958,981.4924,False,False,True,8.742527,,1657.8953,1681,-2994.193,13.834341,151.40965030600847,,2.296265725722192,,0.9937546,,-28.378706,,,0,False,,,,,,,,0,False,False,False,13474.778,86.494644,0.1252479,0.13236353,-0.050114278,0.102851056,0.108190686,-0.00036430886,False,False,False,False,0.120601736,0.48992434,False,False,61095.153776699975,,14,False,False,False,False,False,False,False,False,False,False,False,False,False,False,False,False,False,False,False,False,False,z
4,61095.152571028084,lsst,151.40969242712717,2.2962456117293675,170028510548066453,170050500789010787,0,170028510548066453,-2497.0151,337.56842,0,0,0,11038.605,325.33374,True,2026022300241,173,0.0,5.0520553e-05,2.5743519e-05,-5.7231603e-10,678.6993,0.40367806,1686.2533,0.9383736,False,-3213.4138,978.4286,False,False,True,7.2348876,,1740.3153,1681,-3135.0547,40.877113,151.40969939126174,,2.296233554033537,,1.657054,,105.3605,,,0,False,,,,,,,,0,False,False,False,13503.766,61.314606,0.06683893,0.3835575,0.0013186033,0.12302816,0.124070056,0.00057406834,False,False,False,False,0.8766859,0.6038957,False,False,61095.154352885045,,14,False,False,False,False,False,False,False,False,False,False,False,False,False,False,False,False,False,False,False,False,False,z
4,61095.15304193804,lsst,151.40970023155566,2.296229952869723,170028510548066453,170050500907499704,0,170028510548066453,-2692.756,338.7877,0,0,0,10354.732,330.0951,True,2026022300242,143,0.0,2.4366134e-05,1.9184828e-05,-5.3763976e-11,2432.892,0.33952212,2080.5432,0.4432727,False,-4228.384,990.07825,False,False,True,7.9040456,,1699.8273,1681,-2903.1494,18.30512,151.4097071854028,,2.2962379872073795,,1.0977854,,77.13512,,,0,False,,,,,,,,0,False,False,False,13086.887,73.396515,0.08703304,0.16786207,0.05011825,0.1129701,0.14144666,-0.0019807839,False,False,False,False,1.1246017e-05,0.5988299,False,False,61095.15469044905,,13,False,False,False,False,False,False,False,False,False,False,False,False,False,False,False,False,False,False,False,False,False,z
4,61095.15350438159,lsst,151.40968054418073,2.296297862014651,170028510548066453,170050501059018935,0,170028510548066453,-2742.407,334.26486,0,0,0,10804.855,319.3476,True,2026022300243,176,0.0,2.4312472e-05,1.8627228e-05,-4.231647e-11,3469.0942,0.33195335,670.65497,0.4410167,False,-3724.6145,960.7489,False,False,True,8.076361,,1738.9144,1681,-2760.3745,6.2774525,151.40968484343827,,2.296294060791131,,0.8715758,,-63.35586,,,0,False,,,,,,,,0,False,False,False,13560.034,66.45486,0.12245152,0.18194902,-0.020236336,0.12082456,0.12914167,0.01127856,False,False,False,False,0.13798867,0.52265906,False,False,61095.15515263715,,13,False,False,False,False,False,False,False,False,False,False,False,False,False,False,False,False,False,False,False,False,False,z
4,61095.153971139516,lsst,151.40963802324444,2.296240101028385,170028510548066453,170050501191139562,0,170028510548066453,-2502.5132,328.39264,0,0,0,10481.511,314.9367,True,2026022300244,172,0.0,2.8236902e-05,1.6504768e-05,-6.206373e-11,362.93753,0.29312816,1555.9473,0.51108694,False,-2681.7056,945.12695,False,False,True,7.483711,,1519.0441,1681,-2723.0862,51.031857,151.40964761630778,,2.296231115442617,,1.30067,,78.0903,,,0,False,,,,,,,,0,False,False,False,12961.373,68.00721,0.040047403,0.20345114,0.061792094,0.11456503,0.12926018,0.006036519,False,False,False,False,5.476483e-06,0.5250468,False,False,61095.15563834896,,13,False,False,False,False,False,False,False,False,False,False,False,False,False,False,False,False,False,False,False,False,False,z
4,61095.15443589182,lsst,151.4096906996938,2.2962586583749203,170028510548066453,170050501326405848,0,170028510548066453,-2633.6638,336.43646,0,0,0,11002.215,322.08142,True,2026022300245,174,0.0,2.6586866e-05,1.9138413e-05,-2.0141977e-11,2583.488,0.34406787,3100.441,0.47992253,False,-2985.714,969.63086,False,False,True,7.622684,,1720.5039,1681,-2933.8853,15.442493,151.40967789553937,,2.2962558951204053,,1.3003055,,92.53243,,,0,False,,,,,,,,0,False,False,False,13613.061,94.520584,0.08444081,0.2659862,0.0027471196,0.11762768,0.13487095,-0.0036403541,False,False,False,False,0.37866765,0.35500747,False,False,61095.15607368273,,14,False,False,False,False,False,False,False,False,False,False,False,False,False,False,False,False,False,False,False,False,False,z
4,61095.15508412129,lsst,151.409682641149,2.296281170266431,170028510548066453,170050501429690621,0,170028510548066453,-2452.692,360.79227,0,0,0,11163.369,345.67014,True,2026022300246,115,0.0,2.6538211e-05,2.9213206e-05,-7.374958e-11,718.472,0.46806788,2223.8982,0.53527176,False,-2879.639,982.69025,False,False,True,6.6602473,,1608.9825,1681,-2476.501,2.2822785,151.40968561785684,,2.2962806133324487,,0.858632,,111.25309,,,0,False,,,,,,,,0,False,False,False,13619.171,61.667862,0.18186304,0.17872523,0.034065887,0.15558381,0.14763571,-0.010119549,False,False,False,False,0.12710981,0.49651766,False,False,61095.15674099985,,15,False,False,False,False,False,False,False,False,False,False,False,False,False,False,False,False,False,False,False,False,False,z
2,61095.15743160785,lsst,151.40967797992315,2.2962556749014693,170028510548066453,170050501729583305,0,170028510548066453,-2497.7815,141.91917,0,0,0,6018.4907,138.42957,True,2026022300248,175,0.0,9.1563e-06,9.92318e-06,-1.7615831e-13,1340.0781,0.17864102,3217.5366,0.16510141,False,-2426.6855,369.6621,False,False,True,17.364328,,1568.0828,1681,-2295.657,0.7504671,151.40967769129412,,2.296256040658296,,0.40874562,,-33.25301,,,0,False,,,,,,,,0,False,False,False,8557.089,28.835758,0.12944867,0.123393126,-0.0065290127,0.12913552,0.13988963,-0.0028574555,False,False,False,False,0.012117867,0.63821644,False,False,61095.15918847669,,17,False,False,False,False,False,False,False,False,False,False,False,False,False,False,False,False,False,False,False,False,False,r
2,61095.15789888926,lsst,151.4096669293141,2.2962700340301962,170028510548066453,170050501864325295,0,170028510548066453,-2496.7021,143.56424,0,0,0,6086.326,140.78131,True,2026022300249,176,0.0,1.0518191e-05,1.0308483e-05,2.1134155e-13,3274.415,0.18557996,2163.2632,0.18964146,False,-3034.3835,374.44025,False,False,True,17.173288,,1705.783,1681,-2550.4543,0.66648364,151.40966650372832,,2.2962705502376726,,0.9516074,,42.340446,,,0,False,,,,,,,,0,False,False,False,8587.094,30.567684,0.1586213,0.16183746,0.04361613,0.12813938,0.13648985,0.0057394435,False,False,False,False,0.13713536,0.6639117,False,False,61095.159470589606,,18,False,False,False,False,False,False,False,False,False,False,False,False,False,False,False,False,False,False,False,False,False,r
2,61095.15836536857,lsst,151.40967647618916,2.296251311095959,170028510548066453,170050501998018735,0,170028510548066453,-2632.9077,142.32324,0,0,0,5871.891,138.89667,True,2026022300250,175,0.0,9.070789e-06,9.581594e-06,-1.116664e-12,1654.6852,0.17259459,1927.041,0.16338657,False,-2194.5,370.67987,False,False,True,18.362001,,1686.6306,1681,-2581.531,0.32314008,151.40967572100215,,2.296252187625812,,0.7743583,,29.862553,,,0,False,,,,,,,,0,False,False,False,8547.505,34.481102,0.14449033,0.12823129,0.02675292,0.13423873,0.13518955,0.003174737,False,False,False,False,0.0005038275,0.6559168,False,False,61095.15996321858,,18,False,False,False,False,False,False,False,False,False,False,False,False,False,False,False,False,False,False,False,False,False,r
2,61095.158831362,lsst,151.40966974891688,2.296259094615042,170028510548066453,170050502132236497,0,170028510548066453,-2678.8906,143.65594,0,0,0,5887.1343,140.24792,True,2026022300251,175,0.0,8.680004e-06,9.861985e-06,-3.854497e-12,2946.1694,0.17814972,3943.0742,0.15584908,False,-2180.8113,373.367,False,False,True,18.739216,,1770.1388,1681,-2549.3733,0.21448301,151.40966902893138,,2.2962588293667046,,0.6411458,,-8.389066,,,0,False,,,,,,,,0,False,False,False,8597.063,45.836792,0.15079714,0.11376332,0.00083248276,0.13590746,0.12892747,0.021226814,False,False,False,False,3.5630226e-06,0.6817665,False,False,61095.16056632641,,17,False,False,False,False,False,False,False,False,False,False,False,False,False,False,False,False,False,False,False,False,False,r
2,61095.159295887075,lsst,151.40967635942891,2.2962509796379957,170028510548066453,170050502262259894,0,170028510548066453,-2573.2007,144.52194,0,0,0,5887.617,140.92012,True,2026022300252,167,0.0,1.0919832e-05,1.1134106e-05,-1.0301262e-12,3938.6875,0.20063698,3022.8044,0.19672512,False,-3007.8506,373.7221,False,False,True,17.639915,,1759.2029,1681,-2468.6494,2.2532182,151.40967304551222,,2.296251013656565,,0.61800945,,12.8829365,,,0,False,,,,,,,,0,False,False,False,8464.794,39.52144,0.18873972,0.16780281,0.013139645,0.13506612,0.1414876,0.024269579,False,False,False,False,0.2515671,0.63170975,False,False,61095.160890570434,,18,False,False,False,False,False,False,False,False,False,False,False,False,False,False,False,False,False,False,False,False,False,r
2,61095.159760836905,lsst,151.40967644265436,2.296276998820883,170028510548066453,170050502400147656,0,170028510548066453,-2928.7112,140.9596,0,0,0,5597.9907,138.74225,True,2026022300253,174,0.0,9.582782e-06,8.771509e-06,4.6399182e-12,194.5025,0.15655512,3394.9248,0.17404474,False,-3689.6113,370.48837,False,False,True,20.412237,,1744.4462,1681,-2866.2642,0.17109564,151.40967616704265,,2.296274474747089,,0.65878904,,37.87722,,,0,False,,,,,,,,0,False,False,False,8575.405,25.393124,0.15301406,0.16458659,0.018497797,0.12623057,0.1457741,0.014965346,False,False,False,False,0.09129443,0.67786664,False,False,61095.1614288852,,19,False,False,False,False,False,False,False,False,False,False,False,False,False,False,False,False,False,False,False,False,False,r
2,61095.16022970482,lsst,151.40966639433506,2.2962628191116883,170028510548066453,170050502532792493,0,170028510548066453,-2502.2935,142.1564,0,0,0,5978.0913,139.27634,True,2026022300254,171,0.0,9.272552e-06,9.648747e-06,-2.6502802e-12,2849.935,0.17445236,1449.7163,0.16616508,False,-2034.0323,367.48972,False,False,True,17.570652,,1685.3846,1681,-2405.779,3.026664,151.4096656692689,,2.296263562022856,,0.6893285,,8.658886,,,0,False,,,,,,,,0,False,False,False,8564.773,35.11389,0.1342724,0.10880188,0.017787954,0.12860966,0.14405604,0.017861094,False,False,False,False,0.0393651,0.58960867,False,False,61095.16193908607,,17,False,False,False,False,False,False,False,False,False,False,False,False,False,False,False,False,False,False,False,False,False,r
2,61095.16069642656,lsst,151.40967832089424,2.2962545700126697,170028510548066453,170050502647611592,0,170028510548066453,-2677.5715,145.06828,0,0,0,5914.8994,142.18333,True,2026022300255,134,0.0,9.164425e-06,1.023369e-05,-9.569657e-12,850.5435,0.1874245,543.37573,0.16126029,False,-2466.665,356.59644,False,False,True,18.073902,,1799.4788,1681,-2508.8723,0.6667059,151.40967799783152,,2.2962544393535844,,0.5929939,,-7.721135,,,0,False,,,,,,,,0,False,False,False,8628.693,31.28715,0.15907416,0.13143669,0.0071917325,0.15729867,0.15335463,0.012496623,False,False,False,False,0.016190603,0.63299966,False,False,61095.16236134137,,20,False,False,False,False,False,False,False,False,False,False,False,False,False,False,False,False,False,False,False,False,False,r
2,61095.1611634656,lsst,151.40967569420914,2.2962380184201434,170028510548066453,170050502781305017,0,170028510548066453,-2664.2747,147.2824,0,0,0,5738.398,143.97113,True,2026022300256,133,0.0,1.0569205e-05,1.0148442e-05,5.2169827e-12,3475.4731,0.18049052,2844.2783,0.19237839,False,-3119.5376,356.64273,False,False,True,17.599884,,1696.5051,1681,-2477.293,0.2706542,151.40967500506662,,2.296239344707135,,0.55572176,,19.838705,,,0,False,,,,,,,,0,False,False,False,8441.907,23.306273,0.16645114,0.16594821,0.013483554,0.15867876,0.1675664,0.026480017,False,False,False,False,0.0014505461,0.652445,False,False,61095.16280993771,,20,False,False,False,False,False,False,False,False,False,False,False,False,False,False,False,False,False,False,False,False,False,r
2,61095.16163103953,lsst,151.40968096350508,2.296256687198902,170028510548066453,170050502916047019,0,170028510548066453,-2764.2312,145.32974,0,0,0,5705.373,142.20103,True,2026022300257,134,0.0,1.0804918e-05,1.0263632e-05,8.212707e-12,3091.312,0.18087243,1033.6797,0.19804685,False,-2815.788,353.14957,False,False,True,18.80438,,1637.0106,1681,-2750.5999,1.0286968,151.4096812657267,,2.2962554468487886,,0.9424703,,27.469006,,,0,False,,,,,,,,0,False,False,False,8535.489,29.280544,0.1699075,0.19829577,0.03940817,0.15551499,0.16704175,0.02579783,False,False,False,False,0.077548966,0.6851207,False,False,61095.16362358875,,21,False,False,False,False,False,False,False,False,False,False,False,False,False,False,False,False,False,False,False,False,False,r
2,61095.16209735326,lsst,151.4096771757159,2.2962525547224297,170028510548066453,170050503065469171,0,170028510548066453,-2688.648,148.03738,0,0,0,5873.686,143.75774,True,2026022300258,163,0.0,9.121888e-06,8.2583465e-06,1.3778528e-11,3547.7432,0.13948318,2843.605,0.1722632,False,-2322.5908,367.5355,False,False,True,17.714813,,1743.3944,1681,-2512.07,1.4075594,151.4096761893508,,2.2962535806222477,,0.6411342,,52.621746,,,0,False,,,,,,,,0,False,False,False,8582.043,27.83096,0.08540801,0.12224951,0.0044434383,0.1416107,0.16772804,0.02526486,False,False,False,False,0.3418667,0.6374668,False,False,61095.16381644995,,20,False,False,False,False,False,False,False,False,False,False,False,False,False,False,False,False,False,False,False,False,False,r
2,61095.16302967743,lsst,151.4096690038177,2.2962463431757114,170028510548066453,170050503313981651,0,170028510548066453,-2601.7668,147.87415,0,0,0,5898.24,144.83351,True,2026022300260,125,0.0,1.1594129e-05,1.0817822e-05,2.994787e-11,3341.6277,0.17518198,2928.1736,0.22564518,False,-2313.6033,360.06506,False,False,True,17.458939,,1702.7328,1681,-2502.3918,0.42427275,151.40967037945893,,2.296246561912239,,0.6445538,,-123.2267,,,0,False,,,,,,,,0,False,False,False,8517.942,23.409607,0.15563327,0.19213353,-0.0022636733,0.14281178,0.18038666,0.016329732,False,False,False,False,0.023113482,0.57923186,False,False,61095.16505731165,,20,False,False,False,False,False,False,False,False,False,False,False,False,False,False,False,False,False,False,False,False,False,r
2,61095.163647517715,lsst,151.4096520984675,2.2962706314748518,170028510548066453,170050503477559466,0,170028510548066453,-2571.3843,160.46387,0,0,0,6057.9004,156.2755,True,2026022300261,181,0.0,1.44869755e-05,1.2180405e-05,-2.3803955e-11,1850.7124,0.2132124,1869.2827,0.26603216,False,-2905.3608,365.69376,False,False,True,16.068857,,1647.3486,1681,-2587.0977,1.3033693,151.4096479124163,,2.2962722696195432,,0.94239897,,-44.8863,,,0,False,,,,,,,,0,False,False,False,8613.494,18.591173,0.18288307,0.23288324,-0.03284542,0.18020503,0.20459314,0.011330506,False,False,False,False,0.030711547,0.6187092,False,False,61095.165392208946,,20,False,False,False,False,False,False,False,False,False,False,False,False,False,False,False,False,False,False,False,False,False,r
2,61095.16411102216,lsst,151.40968338072582,2.2962579498303852,170028510548066453,170050503607582940,0,170028510548066453,-2594.5532,156.99178,0,0,0,5958.059,152.9863,True,2026022300262,173,0.0,1.21460325e-05,1.0789457e-05,-9.576678e-12,2173.9321,0.19190039,1718.2429,0.22081283,False,-2877.383,383.5494,False,False,True,16.424013,,1644.4155,1681,-2562.311,1.5936853,151.4096805671879,,2.296256813169844,,0.87429863,,72.16228,,,0,False,,,,,,,,0,False,False,False,8540.498,25.529406,0.15174717,0.17968486,0.033011954,0.15714432,0.17314826,0.015650362,False,False,False,False,4.9167622e-05,0.630475,False,False,61095.16577352744,,20,False,False,False,False,False,False,False,False,False,False,False,False,False,False,False,False,False,False,False,False,False,r
3,61096.12554234835,lsst,151.40966834046225,2.296256523723899,170028510548066453,170054942313152642,0,170028510548066453,-2501.9194,255.2002,0,0,0,7770.3613,252.11516,True,2026022400565,156,0.0,1.7114018e-05,1.64863e-05,2.8316299e-11,2896.5393,0.318631,2309.5264,0.2859985,False,-2218.3284,651.18164,False,False,True,9.330743,,1725.8267,1681,-2988.4688,10.227494,151.40967312834172,,2.29626364705342,,1.6101115,,55.04293,,,0,False,,,,,,,,0,False,False,False,10349.364,45.01865,0.38248095,0.09440456,-0.0024934886,0.22067371,0.18442747,-0.011907274,False,False,False,False,0.14726566,0.50964785,False,False,61096.127254601946,,18,False,False,False,False,False,False,False,False,False,False,False,False,False,False,False,False,False,False,False,False,False,i
3,61096.126009169966,lsst,151.40967252618702,2.2962321887523007,170028510548066453,170054942445797498,0,170028510548066453,-2640.9849,267.21198,0,0,0,7469.367,264.15353,True,2026022400566,153,0.0,1.6744147e-05,1.658706e-05,1.04868475e-11,819.47986,0.3060277,3453.742,0.29416418,False,-1644.2161,645.009,False,False,True,9.705787,,1608.351,1681,-2961.667,5.7404003,151.40967183867258,,2.2962288627688667,,1.3053056,,60.666275,,,0,False,,,,,,,,0,False,False,False,10171.893,39.704525,0.30839822,0.14218038,0.023750536,0.23726606,0.22516723,-0.020207092,False,False,False,False,0.0037957656,0.53279924,False,False,61096.12765184039,,20,False,False,False,False,False,False,False,False,False,False,False,False,False,False,False,False,False,False,False,False,False,i
3,61096.12647471522,lsst,151.40965888905166,2.296281758685426,170028510548066453,170054942577918079,0,170028510548066453,-2499.377,260.45822,0,0,0,7856.544,256.8336,True,2026022400567,149,0.0,2.3835843e-05,2.3181088e-05,9.93327e-11,2920.5837,0.46037206,2975.0962,0.38294056,False,-3091.9714,642.0657,False,False,True,9.538363,,1587.6991,1681,-2959.1516,11.853636,151.40966387974063,,2.2962940781286765,,1.3395556,,31.176208,,,0,False,,,,,,,,0,False,False,False,10369.284,46.58062,0.33452058,0.19156173,-0.05341194,0.24257098,0.21240282,-0.019851234,False,False,False,False,0.12983236,0.56652033,False,False,61096.12825275866,,21,False,False,False,False,False,False,False,False,False,False,False,False,False,False,False,False,False,False,False,False,False,i
3,61096.12694419852,lsst,151.4096518154927,2.296287345926491,170028510548066453,170054942713184416,0,170028510548066453,-2691.1838,254.00519,0,0,0,7480.611,248.42256,True,2026022400568,151,0.0,2.0969286e-05,2.1025287e-05,-1.3469623e-11,822.9767,0.37212834,178.8406,0.3838483,False,-3658.7195,634.9704,False,False,True,10.558091,,1620.341,1681,-3032.3955,4.5116553,151.4096453198574,,2.296270290873893,,1.178074,,48.183865,,,0,False,,,,,,,,0,False,False,False,10144.747,36.249317,0.36900157,0.23918083,0.003396205,0.23243023,0.17846514,0.0013992564,False,False,False,False,0.694122,0.6034319,False,False,61096.12868341325,,20,False,False,False,False,False,False,False,False,False,False,False,False,False,False,False,False,False,False,False,False,False,i
3,61096.12741168241,lsst,151.40968028278516,2.2962873772156405,170028510548066453,170054942851596471,0,170028510548066453,-2425.1663,257.72797,0,0,0,7843.071,252.9892,True,2026022400569,159,0.0,1.8566503e-05,1.8418476e-05,-6.903611e-11,281.35577,0.29764375,1277.3545,0.3652439,False,-2980.4644,641.90015,False,False,True,8.953194,,1687.5996,1681,-2783.0164,13.174578,151.40967986646876,,2.2962776870670862,,1.5578196,,11.834513,,,0,False,,,,,,,,0,False,False,False,10273.253,33.44483,0.32235283,0.2080445,-0.11516194,0.23662083,0.17613764,-0.01318079,False,False,False,False,0.34285942,0.5786904,False,False,61096.12919416452,,18,False,False,False,False,False,False,False,False,False,False,False,False,False,False,False,False,False,False,False,False,False,i
3,61096.12927893826,lsst,151.40966790822912,2.2962597289437867,170028510548066453,170054943383748797,0,170028510548066453,-2287.8633,233.95425,0,0,0,8122.7334,228.65955,True,2026022400573,150,0.0,2.0729234e-05,1.9945952e-05,-3.2244072e-11,806.16144,0.34984067,3922.0586,0.381998,False,-3236.2117,632.6702,False,False,True,9.789717,,1741.8865,1681,-2280.5254,2.4522674,151.40967471730377,,2.296262315091596,,0.40302986,,80.439766,,,0,False,,,,,,,,0,False,False,False,10379.027,23.477255,0.15858231,0.16042535,0.006882109,0.1779727,0.14982869,0.0031175746,False,False,False,False,0.0029463083,0.5642469,False,False,61096.13115720406,,18,False,False,False,False,False,False,False,False,False,False,False,False,False,False,False,False,False,False,False,False,False,i
3,61096.129745841055,lsst,151.40969087889968,2.2962490029446174,170028510548066453,170054943533695177,0,170028510548066453,-2386.9646,238.86618,0,0,0,7824.693,234.14777,True,2026022400574,180,0.0,2.0753545e-05,1.8653149e-05,-6.48168e-11,1449.6062,0.31819022,1050.259,0.3890202,False,-3309.3347,634.687,False,False,True,9.738013,,1748.0692,1681,-2688.7747,15.815467,151.40966781095918,,2.29625196272322,,1.3882096,,107.441414,,,0,False,,,,,,,,0,False,False,False,10214.694,16.0416,0.08582854,0.2817653,0.040305704,0.16981407,0.15577926,-0.010980474,False,False,False,False,0.06554656,0.594047,False,False,61096.13163464807,,19,False,False,False,False,False,False,False,False,False,False,False,False,False,False,False,False,False,False,False,False,False,i
3,61096.130194937294,lsst,151.40965370481828,2.2962648490839186,170028510548066453,170054943653232786,0,170028510548066453,-2228.1348,244.30017,0,0,0,7940.932,239.55243,True,2026022400575,152,0.0,6.0932227e-05,5.7760106e-05,-5.144928e-10,4040.1875,0.9830254,2161.9924,1.1497113,False,-3033.9907,639.4937,False,False,True,9.26266,,1747.866,1681,-2455.1187,39.939922,151.40966897683816,,2.296271424413879,,0.8464469,,65.6341,,,0,False,,,,,,,,0,False,False,False,10234.906,14.669795,0.3153565,0.28554,0.027988208,0.18917607,0.1563814,0.0019471855,False,False,False,False,0.90585476,0.54745287,False,False,61096.13213479573,,18,False,False,False,False,False,False,False,False,False,False,False,False,False,False,False,False,False,False,False,False,False,i
3,61096.130662687276,lsst,151.40966016110178,2.2962565581350187,170028510548066453,170054943803179179,0,170028510548066453,-2171.8625,243.52249,0,0,0,8100.542,237.39093,True,2026022400576,182,0.0,1.9761119e-05,2.5780917e-05,2.6905966e-10,3878.996,0.51908576,2286.01,0.27079466,False,-2844.0227,645.61774,False,False,True,8.6386385,,1664.9366,1681,-2546.489,12.211125,151.4096494900672,,2.2962661138536493,,1.5753778,,56.961327,,,0,False,,,,,,,,0,False,False,False,10281.8545,17.982,0.30846506,0.1322729,0.10806844,0.17351328,0.13433784,0.0012020805,False,False,False,False,0.51279014,0.5257412,False,False,61096.13241061903,,17,False,False,False,False,False,False,False,False,False,False,False,False,False,False,False,False,False,False,False,False,False,i
3,61096.13113053603,lsst,151.40963775028652,2.2962446348502086,170028510548066453,170054943936872614,0,170028510548066453,-2616.2788,221.96169,0,0,0,7204.7446,214.70346,True,2026022400577,181,0.0,1.4946521e-05,1.6496584e-05,3.7298185e-11,3083.6628,0.3079393,2389.961,0.25694934,False,-2666.5593,633.91907,False,False,True,11.741432,,1588.3473,1681,-2628.3887,1.3298053,151.40964159583243,,2.2962463911143507,,0.5978174,,66.880974,,,0,False,,,,,,,,0,False,False,False,9824.468,26.925098,0.1453227,0.13794018,0.015439182,0.15320462,0.118626446,0.016251376,False,False,False,False,0.0060033547,0.6057537,False,False,61096.13288678475,,15,False,False,False,False,False,False,False,False,False,False,False,False,False,False,False,False,False,False,False,False,False,i
3,61096.13159839084,lsst,151.40969589918302,2.296241482455313,170028510548066453,170054944055361732,0,170028510548066453,-2277.7305,226.73372,0,0,0,7677.324,220.13322,True,2026022400578,151,0.0,1.6837854e-05,2.0881813e-05,9.5581695e-11,2644.4998,0.3953488,2952.9407,0.27761137,False,-2528.7246,632.7826,False,False,True,9.958528,,1797.709,1681,-2590.884,5.345774,151.40968296630416,,2.296241748750428,,1.1365335,,56.010048,,,0,False,,,,,,,,0,False,False,False,9946.7295,18.09113,0.22098355,0.15768382,0.05589539,0.1639775,0.13291241,-0.007867247,False,False,False,False,0.2456387,0.5532738,False,False,61096.13345407382,,18,False,False,False,False,False,False,False,False,False,False,False,False,False,False,False,False,False,False,False,False,False,i
3,61096.13206496487,lsst,151.40969153177033,2.2962678434876818,170028510548066453,170054944204783830,0,170028510548066453,-2353.1,227.77924,0,0,0,7862.6484,223.11555,True,2026022400579,180,0.0,2.093384e-05,2.2332773e-05,3.011292e-11,3252.2388,0.4070469,1068.025,0.37179938,False,-3189.2656,629.46826,False,False,True,10.329279,,1726.0239,1681,-2440.7612,2.42924,151.40968817904127,,2.2962667650629736,,0.75099826,,76.25114,,,0,False,,,,,,,,0,False,False,False,10200.971,19.093943,0.1804653,0.19539681,0.024237884,0.15310676,0.1547947,0.0027785574,False,False,False,False,0.1711611,0.5510145,False,False,61096.13386752509,,17,False,False,False,False,False,False,False,False,False,False,False,False,False,False,False,False,False,False,False,False,False,i
3,61096.13253133997,lsst,151.40966246347966,2.296256381870261,170028510548066453,170054944319602858,0,170028510548066453,-2367.545,223.6704,0,0,0,8009.7993,220.3118,True,2026022400580,143,0.0,1.715672e-05,1.8591987e-05,2.089701e-11,1223.0837,0.33814943,3744.9414,0.30508706,False,-1754.0149,629.6366,False,False,True,10.642965,,1641.2372,1681,-2600.3186,3.4946156,151.40966907206905,,2.2962609900812208,,0.92879534,,56.014374,,,0,False,,,,,,,,0,False,False,False,10375.899,30.697031,0.17773165,0.15336163,0.039248064,0.15846545,0.1402945,0.012007417,False,False,False,False,0.042813715,0.5304529,False,False,61096.13434668016,,17,False,False,False,False,False,False,False,False,False,False,False,False,False,False,False,False,False,False,False,False,False,i
3,61096.13346012001,lsst,151.40967410941028,2.296279026399053,170028510548066453,170054944605339819,0,170028510548066453,-2365.5503,223.97755,0,0,0,7918.2573,220.47905,True,2026022400582,176,0.0,3.35304e-05,1.991998e-05,-1.8667633e-10,3750.2017,0.33766365,953.0618,0.6165424,False,-2760.0696,633.7931,False,False,True,10.424446,,1665.8655,1681,-2674.683,3.1724222,151.40967967154256,,2.2962754718149117,,1.1755416,,94.506805,,,0,False,,,,,,,,0,False,False,False,10291.79,34.434254,0.13173662,0.2630056,0.0214502,0.14664316,0.14101852,0.022359436,False,False,False,False,0.39299124,0.5402558,False,False,61096.13516396536,,17,False,False,False,False,False,False,False,False,False,False,False,False,False,False,False,False,False,False,False,False,False,i
3,61096.136261047184,lsst,151.40967411756728,2.2962511856475154,170028510548066453,170054945408024749,0,170028510548066453,-2386.1643,216.90466,0,0,0,7842.1294,211.52736,True,2026022400588,171,0.0,1.8431121e-05,1.8843857e-05,-1.0707542e-12,3379.9333,0.33920997,1775.5233,0.3320437,False,-2815.2722,625.7872,False,False,True,10.819798,,1633.2731,1681,-2323.061,3.6680267,151.40967639312234,,2.2962503845020743,,0.5027494,,57.82567,,,0,False,,,,,,,,0,False,False,False,10223.588,29.449385,0.17937788,0.19167873,0.0089979535,0.12949435,0.13517201,0.01878376,False,False,False,False,0.41437435,0.5864952,False,False,61096.13793820443,,16,False,False,False,False,False,False,False,False,False,False,False,False,False,False,False,False,False,False,False,False,False,i
3,61096.1367257582,lsst,151.40963754596396,2.2962750162585546,170028510548066453,170054945545388212,0,170028510548066453,-2062.5596,230.67343,0,0,0,8019.5215,227.23502,True,2026022400589,177,0.0,2.7353242e-05,2.1494754e-05,3.8677606e-11,1214.4803,0.38494712,512.3847,0.49517998,False,-2880.7104,633.1206,False,False,True,8.772612,,1750.8453,1681,-2195.4392,0.9498429,151.40964044101526,,2.2962696465030215,,1.0279211,,41.553112,,,0,False,,,,,,,,0,False,False,False,10064.045,33.382122,0.18794,0.20234306,0.0500929,0.1377078,0.14922196,0.034822214,False,False,False,False,0.37290815,0.5612014,False,False,61096.138540500586,,17,False,False,False,False,False,False,False,False,False,False,False,False,False,False,False,False,False,False,False,False,False,i
3,61096.13744282487,lsst,151.40969753464987,2.296272960979286,170028510548066453,170054945645527168,0,170028510548066453,-2242.3445,248.644,0,0,0,8053.97,244.07498,True,2026022400590,112,0.0,2.1768425e-05,2.0021243e-05,1.5550353e-11,2126.089,0.3938036,1280.5045,0.35901332,False,-2110.0322,627.4511,False,False,True,8.904021,,1672.5659,1681,-2394.5955,7.4035254,151.40969091442898,,2.296268147805092,,0.96947163,,45.85166,,,0,False,,,,,,,,0,False,False,False,10312.007,25.753174,0.19068532,0.1527668,-0.040905874,0.21313387,0.1844373,-0.0220531,False,False,False,False,0.08812922,0.5026198,False,False,61096.13903104172,,17,False,False,False,False,False,False,False,False,False,False,False,False,False,False,False,False,False,False,False,False,False,i
1,61096.14022571113,lsst,151.4097050185557,2.296243380678258,170028510548066453,170054946068627624,0,170028510548066453,-2983.327,155.66533,0,0,0,5207.558,155.3465,True,2026022400593,151,0.0,8.42749e-06,1.0513452e-05,1.9553853e-11,1549.5183,0.19597083,3713.384,0.14289658,False,-3051.5488,402.6456,False,False,True,18.498896,,1705.2319,1681,-3040.3389,3.8884466,151.409706049548,,2.2962468025832936,,0.76765263,,43.821556,,,0,False,,,,,,,,0,False,False,False,8219.905,23.562311,0.16525614,0.12529531,0.018507162,0.20354357,0.14401472,0.017954074,False,False,False,False,0.110323206,0.67370945,False,False,61096.14182187237,,22,False,False,False,False,False,False,False,False,False,False,False,False,False,False,False,False,False,False,False,False,False,g
1,61096.14068934283,lsst,151.4096839803269,2.2962488367606504,170028510548066453,170054946218049737,0,170028510548066453,-2953.965,163.12134,0,0,0,5288.9624,162.7291,True,2026022400594,180,0.0,1.0701531e-05,1.2820167e-05,1.983247e-11,2023.1509,0.23550074,1608.6185,0.18681203,False,-2995.589,417.47995,False,False,True,17.869112,,1712.8329,1681,-3279.4756,4.19215,151.4096845913908,,2.2962493432856714,,1.214893,,53.569443,,,0,False,,,,,,,,0,False,False,False,8307.206,25.821154,0.2376111,0.1834938,0.06862589,0.2046459,0.14979343,0.02261671,False,False,False,False,0.14510134,0.6545454,False,False,61096.142307954906,,21,False,False,False,False,False,False,False,False,False,False,False,False,False,False,False,False,False,False,False,False,False,g
1,61096.14115796838,lsst,151.4096907117788,2.29623477584006,170028510548066453,170054946332868765,0,170028510548066453,-2682.2847,157.81482,0,0,0,5486.862,157.41338,True,2026022400595,143,0.0,1.0320669e-05,1.5621841e-05,4.4038544e-11,103.9147,0.28832242,3919.0122,0.17419009,False,-2535.8687,396.6,False,False,True,16.915306,,1757.7217,1681,-3004.572,1.1789193,151.4096944648802,,2.29624047790784,,1.2259276,,20.129492,,,0,False,,,,,,,,0,False,False,False,8239.303,32.82808,0.28947684,0.14066131,0.009945405,0.20568012,0.16398945,0.017953223,False,False,False,False,0.1162394,0.64174426,False,False,61096.14279327019,,21,False,False,False,False,False,False,False,False,False,False,False,False,False,False,False,False,False,False,False,False,False,g
1,61096.14162167811,lsst,151.40970650674745,2.2962578705438323,170028510548066453,170054946488057966,0,170028510548066453,-2819.0845,167.37927,0,0,0,5376.3125,166.83679,True,2026022400596,183,0.0,1.14446775e-05,1.2732056e-05,7.620592e-12,2127.2644,0.2303931,383.44107,0.20483121,False,-2923.4355,427.97144,False,False,True,16.702982,,1759.5293,1681,-2735.4705,0.32019156,151.40971156466182,,2.2962620285515967,,0.3194669,,44.577744,,,0,False,,,,,,,,0,False,False,False,8216.458,30.99743,0.16376835,0.15980576,0.0038391894,0.18865101,0.16036241,0.020385455,False,False,False,False,0.022933153,0.62844265,False,False,61096.14321928451,,22,False,False,False,False,False,False,False,False,False,False,False,False,False,False,False,False,False,False,False,False,False,g
1,61096.14208613789,lsst,151.40969247977054,2.2962599177069585,170028510548066453,170054946618605703,0,170028510548066453,-3215.9014,161.34425,0,0,0,5066.8486,160.63092,True,2026022400597,176,0.0,1.0673011e-05,1.0746256e-05,2.371626e-13,2289.3599,0.19340383,1254.0851,0.19229983,False,-2942.94,416.37756,False,False,True,19.839327,,1741.5658,1681,-3097.669,1.3840402,151.40969422859862,,2.296260520778535,,0.35748714,,-4.4068418,,,0,False,,,,,,,,0,False,False,False,8326.737,26.48115,0.20796916,0.19852813,-0.0026419156,0.17633878,0.15732855,0.016280139,False,False,False,False,0.18034461,0.6933884,False,False,61096.14373466023,,21,False,False,False,False,False,False,False,False,False,False,False,False,False,False,False,False,False,False,False,False,False,g
1,61096.14255328699,lsst,151.40969826156987,2.2962389426587153,170028510548066453,170054946750726273,0,170028510548066453,-2842.4175,160.781,0,0,0,5341.0967,160.07237,True,2026022400598,172,0.0,1.0830284e-05,1.0870621e-05,1.3093084e-13,1091.4363,0.19558704,3451.237,0.19507182,False,-2727.866,414.09396,False,False,True,17.274328,,1709.0577,1681,-2814.5117,0.5327346,151.40970055177712,,2.2962426981930784,,0.5746212,,-19.538729,,,0,False,,,,,,,,0,False,False,False,8226.804,35.6436,0.18406457,0.16702226,-0.011641853,0.17060164,0.16646239,0.011800194,False,False,False,False,0.0072674165,0.6557102,False,False,61096.14421406141,,20,False,False,False,False,False,False,False,False,False,False,False,False,False,False,False,False,False,False,False,False,False,g
1,61096.14302064572,lsst,151.40972253602348,2.2962474857960857,170028510548066453,170054946886516886,0,170028510548066453,-2677.773,156.76605,0,0,0,5337.6436,155.9386,True,2026022400599,175,0.0,8.929883e-06,1.0274924e-05,1.9060142e-12,3658.5688,0.18503612,3058.7378,0.16083042,False,-1838.4928,415.8032,False,False,True,17.01602,,1681.8661,1681,-2692.335,2.7509754,151.4097224640487,,2.2962504047038568,,0.67785895,,-15.252455,,,0,False,,,,,,,,0,False,False,False,8054.3394,30.130226,0.14605616,0.11349974,-0.013192467,0.16856024,0.13920842,0.01115395,False,False,False,False,0.09019738,0.52233124,False,False,61096.144662009625,,19,False,False,False,False,False,False,False,False,False,False,False,False,False,False,False,False,False,False,False,False,False,g
1,61096.14348876772,lsst,151.4096870103913,2.296254210967121,170028510548066453,170054947018637430,0,170028510548066453,-2951.6272,158.24748,0,0,0,5245.289,159.21834,True,2026022400600,171,0.0,8.723893e-06,9.442491e-06,3.325047e-13,3002.3997,0.16986828,764.8414,0.15707658,False,-2787.0945,406.79376,False,False,True,18.273993,,1648.2709,1681,-2977.0947,1.3685229,151.40968945085413,,2.296257729861726,,0.7333925,,26.623753,,,0,False,,,,,,,,0,False,False,False,8266.628,32.590233,0.17237183,0.14132364,0.018896798,0.18797885,0.16571175,0.026275052,False,False,False,False,0.054950394,0.69239825,False,False,61096.14508687513,,20,False,False,False,False,False,False,False,False,False,False,False,False,False,False,False,False,False,False,False,False,False,g
1,61096.143954665764,lsst,151.40970697852734,2.296246413171346,170028510548066453,170054947152855198,0,170028510548066453,-2951.7253,157.66809,0,0,0,5139.318,157.4186,True,2026022400601,171,0.0,8.165972e-06,9.882112e-06,-8.9053065e-13,2856.4468,0.17781481,2286.7166,0.14704335,False,-2218.8406,408.4861,False,False,True,18.247452,,1709.5306,1681,-3059.2427,2.80857,151.40970748243961,,2.2962477063541815,,0.97454756,,20.939205,,,0,False,,,,,,,,0,False,False,False,8175.676,34.35512,0.18481861,0.11940695,0.03305772,0.18394518,0.15571499,0.027245447,False,False,False,False,0.04516077,0.6758675,False,False,61096.1456258055,,20,False,False,False,False,False,False,False,False,False,False,False,False,False,False,False,False,False,False,False,False,False,g
1,61096.144417795,lsst,151.4097171383373,2.2962326566385745,170028510548066453,170054947290218624,0,170028510548066453,-2815.9924,162.56715,0,0,0,5056.1807,161.68378,True,2026022400602,177,0.0,8.405677e-06,1.0468535e-05,-3.28069e-12,3572.782,0.18866388,705.18494,0.1512847,False,-2496.2073,422.75732,False,False,True,16.85557,,1708.9667,1681,-2964.4177,5.7586064,151.40971908696383,,2.2962290757677604,,0.9704155,,24.75263,,,0,False,,,,,,,,0,False,False,False,7898.3545,31.343634,0.16528952,0.11758567,0.04005997,0.19516516,0.15005577,0.03266739,False,False,False,False,0.13150774,0.60051,False,False,61096.1460785319,,19,False,False,False,False,False,False,False,False,False,False,False,False,False,False,False,False,False,False,False,False,False,g
1,61096.14488584877,lsst,151.40968504572132,2.2962578976892605,170028510548066453,170054947421290622,0,170028510548066453,-2994.2864,158.06082,0,0,0,5285.5107,157.3136,True,2026022400603,171,0.0,8.699666e-06,1.0424629e-05,-4.4784515e-12,2157.018,0.18805057,1555.6967,0.15604305,False,-3147.5674,408.82166,False,False,True,18.579466,,1746.507,1681,-3189.106,4.4914694,151.40968336111297,,2.296257007222059,,1.0341712,,21.34751,,,0,False,,,,,,,,0,False,False,False,8314.787,41.245983,0.20586103,0.1508047,0.04414376,0.18525232,0.16091616,0.029040443,False,False,False,False,0.0039705485,0.6648327,False,False,61096.14649972225,,21,False,False,False,False,False,False,False,False,False,False,False,False,False,False,False,False,False,False,False,False,False,g
1,61096.14534990976,lsst,151.40971690087784,2.296247683443164,170028510548066453,170054947554984051,0,170028510548066453,-2810.859,160.5812,0,0,0,5198.575,160.8438,True,2026022400604,170,0.0,1.0908533e-05,1.1392253e-05,-2.035428e-12,3819.5227,0.20536116,145.09409,0.19638643,False,-2804.5537,417.9274,False,False,True,17.503014,,1664.6791,1681,-2890.071,0.7810189,151.40971652983438,,2.2962514674304373,,0.49400043,,-30.6544,,,0,False,,,,,,,,0,False,False,False,8016.676,41.154705,0.16978253,0.15353659,-0.006751554,0.18888104,0.16330047,0.038940705,False,False,False,False,0.02918496,0.6288504,False,False,61096.14692040261,,20,False,False,False,False,False,False,False,False,False,False,False,False,False,False,False,False,False,False,False,False,False,g
1,61096.146068488044,lsst,151.4097033935501,2.296242651042585,170028510548066453,170054947658793068,0,170028510548066453,-3025.0151,168.62617,0,0,0,5222.9043,168.91101,True,2026022400605,112,0.0,1.0498326e-05,1.0599144e-05,-5.96618e-13,2116.1775,0.18907122,2827.1743,0.19085477,False,-2420.1672,391.51746,False,False,True,17.746933,,1675.978,1681,-3037.1182,2.2933352,151.40970627104622,,2.2962415079545497,,0.5774845,,142.94681,,,0,False,,,,,,,,0,False,False,False,8262.211,17.555592,0.1735824,0.1944629,0.010128219,0.23176636,0.23160042,-0.0024850317,False,False,False,False,0.21756022,0.60745054,False,False,61096.14782557193,,23,False,False,False,False,False,False,False,False,False,False,False,False,False,False,False,False,False,False,False,False,False,g
1,61096.14653328332,lsst,151.4097025011568,2.296229134311937,170028510548066453,170054947795108031,0,170028510548066453,-2758.485,166.27242,0,0,0,5331.4365,166.35428,True,2026022400606,116,0.0,1.3308447e-05,1.59347e-05,-2.7903006e-11,610.7082,0.23376481,2054.0803,0.29188126,False,-2714.548,390.65176,False,False,True,16.700214,,1736.7108,1681,-2908.9255,0.49908096,151.40968919453752,,2.296233853349146,,0.878074,,37.332405,,,0,False,,,,,,,,0,False,False,False,8178.9863,33.18422,0.23135711,0.20622617,-0.032819796,0.20772898,0.23090243,-0.014934581,False,False,False,False,3.1362233e-05,0.5688808,False,False,61096.14819725396,,23,False,False,False,False,False,False,False,False,False,False,False,False,False,False,False,False,False,False,False,False,False,g
1,61096.14699943643,lsst,151.4097294939842,2.296250899403614,170028510548066453,170054947949248636,0,170028510548066453,-3067.4204,165.29971,0,0,0,4980.824,165.33376,True,2026022400607,154,0.0,1.1173015e-05,1.1775097e-05,-6.1267233e-12,1065.7904,0.19946943,1106.3585,0.21368988,False,-3223.4307,383.27002,False,False,True,18.356041,,1713.3201,1681,-3241.2344,1.9729973,151.4097259760629,,2.296251643555947,,1.0233434,,16.43812,,,0,False,,,,,,,,0,False,False,False,8096.472,15.991814,0.23605348,0.26071262,-0.047011603,0.23846027,0.21769126,-0.011597491,False,False,False,False,0.044241272,0.63505054,False,False,61096.14871614291,,26,False,False,False,False,False,False,False,False,False,False,False,False,False,False,False,False,False,False,False,False,False,g
1,61096.14746810263,lsst,151.40969039687292,2.2962518543372097,170028510548066453,170054948062494836,0,170028510548066453,-2726.2065,161.49878,0,0,0,5555.9946,161.11766,True,2026022400608,114,0.0,1.410667e-05,1.26545165e-05,2.1599411e-11,2564.865,0.2601383,2822.375,0.22073197,False,-2462.557,380.16473,False,False,True,16.687449,,1634.875,1681,-2948.8347,2.8830497,151.40968798400172,,2.2962440851571015,,1.098227,,102.911766,,,0,False,,,,,,,,0,False,False,False,8341.077,13.972478,0.2434403,0.21087171,0.05525756,0.23078161,0.20656197,-0.014482386,False,False,False,False,0.008196748,0.59678525,False,False,61096.14920026214,,23,False,False,False,False,False,False,False,False,False,False,False,False,False,False,False,False,False,False,False,False,False,g
1,61096.147903550285,lsst,151.40971673287967,2.2962475091776593,170028510548066453,170054948217159804,0,170028510548066453,-2683.3003,158.41528,0,0,0,5475.6177,158.06392,True,2026022400609,153,0.0,1.58997e-05,1.3747601e-05,4.4223125e-11,1339.6396,0.29888198,2712.7998,0.2321042,False,-3042.1497,377.72995,False,False,True,17.201223,,1757.8127,1681,-2856.144,1.225758,151.40972358680978,,2.2962486504901767,,0.7885448,,22.173897,,,0,False,,,,,,,,0,False,False,False,8149.3813,17.405819,0.21925546,0.2111325,-0.027583176,0.24787404,0.18576796,-0.018378938,False,False,False,False,0.00030524906,0.59151936,False,False,61096.14977738651,,23,False,False,False,False,False,False,False,False,False,False,False,False,False,False,False,False,False,False,False,False,False,g
1,61096.14836881457,lsst,151.40969919150183,2.2962527618280775,170028510548066453,170054948348756086,0,170028510548066453,-2972.1133,151.75426,0,0,0,5233.164,150.9711,True,2026022400610,148,0.0,1.1876927e-05,9.920008e-06,3.7119696e-11,4019.7288,0.22945046,1330.1378,0.15782084,False,-2582.765,374.5552,False,False,True,19.421934,,1647.844,1681,-3216.8518,1.044199,151.40970100450667,,2.296253781608768,,1.034925,,51.72332,,,0,False,,,,,,,,0,False,False,False,8372.618,19.88734,0.25048545,0.15237659,-0.014554155,0.23049623,0.16537426,-0.01069644,False,False,False,False,0.001541561,0.655257,False,False,61096.15001141881,,21,False,False,False,False,False,False,False,False,False,False,False,False,False,False,False,False,False,False,False,False,False,g
1,61096.14883338816,lsst,151.40971762781567,2.2962490907136908,170028510548066453,170054948487168122,0,170028510548066453,-3087.104,149.4578,0,0,0,4986.777,148.99373,True,2026022400611,156,0.0,1.0747673e-05,9.621702e-06,2.621134e-11,3492.218,0.20749477,575.3925,0.1563336,False,-3143.8818,373.33417,False,False,True,20.417864,,1652.974,1681,-3275.696,1.74808,151.40971742172061,,2.2962501529306065,,0.8020213,,44.13185,,,0,False,,,,,,,,0,False,False,False,8122.6895,21.215948,0.21718743,0.16448817,-0.012589174,0.24369873,0.15519935,-0.026898585,False,False,False,False,0.009259507,0.683794,False,False,61096.15055656044,,21,False,False,False,False,False,False,False,False,False,False,False,False,False,False,False,False,False,False,False,False,False,g
1,61096.149766170085,lsst,151.4097090706071,2.2962329934284673,170028510548066453,170054948753506505,0,170028510548066453,-2826.3965,139.90617,0,0,0,5113.43,139.68011,True,2026022400613,152,0.0,9.506021e-06,9.143596e-06,1.662342e-11,66.24862,0.1835191,2082.3079,0.15065604,False,-2737.699,368.0958,False,False,True,19.739052,,1776.1686,1681,-3065.9287,0.89431965,151.40970925360537,,2.29623200896747,,0.9819218,,22.454502,,,0,False,,,,,,,,0,False,False,False,7967.5894,34.87326,0.21083677,0.16072196,-0.038464375,0.21165852,0.13157488,-0.022296056,False,False,False,False,0.02880301,0.6755184,False,False,61096.15139081403,,20,False,False,False,False,False,False,False,False,False,False,False,False,False,False,False,False,False,False,False,False,False,g
1,61096.150231072395,lsst,151.40970099107236,2.2962603217252715,170028510548066453,170054948891394233,0,170028510548066453,-2851.6206,146.11333,0,0,0,5222.9976,145.66257,True,2026022400614,159,0.0,1.0676914e-05,1.0458834e-05,2.4533129e-11,314.9823,0.21030511,3081.0112,0.16803655,False,-2714.788,370.2763,False,False,True,19.683596,,1612.8176,1681,-2914.5464,0.17508332,151.40970246198165,,2.2962621886109273,,0.4583285,,14.495197,,,0,False,,,,,,,,0,False,False,False,8138.183,27.204636,0.18769161,0.18058804,-0.008277672,0.215724,0.14450507,-0.017450705,False,False,False,False,0.0022491482,0.6522861,False,False,61096.151818595594,,21,False,False,False,False,False,False,False,False,False,False,False,False,False,False,False,False,False,False,False,False,False,g
1,61096.15066859043,lsst,151.4097112369233,2.2962525659028965,170028510548066453,170054949021417640,0,170028510548066453,-3032.934,148.53427,0,0,0,5093.2744,147.75815,True,2026022400615,151,0.0,1.04085375e-05,1.0415138e-05,1.1212718e-11,757.2795,0.1968109,1716.1499,0.17745657,False,-3326.3416,369.01797,False,False,True,20.056107,,1682.2963,1681,-3291.8472,0.58536893,151.40971125911253,,2.2962540466243366,,1.067864,,21.985685,,,0,False,,,,,,,,0,False,False,False,8163.004,28.097195,0.2560867,0.18079661,-0.039184213,0.22783852,0.16207293,-0.018834254,False,False,False,False,0.06827038,0.721814,False,False,61096.15230437214,,21,False,False,False,False,False,False,False,False,False,False,False,False,False,False,False,False,False,False,False,False,False,g
1,61096.15113492396,lsst,151.40970664400277,2.2962487609204802,170028510548066453,170054949155635342,0,170028510548066453,-2890.776,149.24379,0,0,0,5354.9224,148.53685,True,2026022400616,151,0.0,1.02014355e-05,1.0423712e-05,2.0876292e-11,1701.9308,0.20309596,2916.9082,0.1663342,False,-2195.992,366.35257,False,False,True,19.261934,,1799.6849,1681,-2987.2498,0.50275,151.40970607220316,,2.2962457094654303,,0.7231182,,26.559038,,,0,False,,,,,,,,0,False,False,False,8249.126,25.942492,0.22590482,0.18602426,-0.011927473,0.22802226,0.16749883,-0.0067366073,False,False,False,False,0.0084721465,0.65032566,False,False,61096.15313940963,,21,False,False,False,False,False,False,False,False,False,False,False,False,False,False,False,False,False,False,False,False,False,g
1,61096.151598278695,lsst,151.40969867462124,2.2962580640966093,170028510548066453,170054949306105977,0,170028510548066453,-2782.6296,162.1106,0,0,0,5497.2617,161.3095,True,2026022400617,182,0.0,1.0891621e-05,1.17273e-05,4.1818264e-11,2726.2158,0.23550983,3141.8357,0.16633995,False,-2485.267,405.09598,False,False,True,17.023205,,1673.524,1681,-2863.6426,1.3543516,151.40969995003854,,2.296258017765365,,0.8651321,,25.66873,,,0,False,,,,,,,,0,False,False,False,8294.316,26.221529,0.20039925,0.13770065,-0.015400668,0.22304277,0.14428136,-0.015591694,False,False,False,False,0.028696552,0.6606415,False,False,61096.15324513636,,20,False,False,False,False,False,False,False,False,False,False,False,False,False,False,False,False,False,False,False,False,False,g
1,61096.15206373442,lsst,151.40969040007147,2.296244775355512,170028510548066453,170054949424070831,0,170028510548066453,-3009.8252,146.58246,0,0,0,5248.4927,145.40265,True,2026022400618,151,0.0,9.3364215e-06,9.39338e-06,1.3820084e-12,690.25104,0.1699353,2874.217,0.16716945,False,-3014.6296,365.00128,False,False,True,20.351543,,1730.4987,1681,-2884.1519,1.0895065,151.40968950290107,,2.2962432559210604,,0.28649014,,85.78995,,,0,False,,,,,,,,0,False,False,False,8269.431,26.269152,0.1719232,0.17306408,0.0034135533,0.19917071,0.16123873,-0.0025490238,False,False,False,False,0.008214129,0.67540973,False,False,61096.15380011791,,20,False,False,False,False,False,False,False,False,False,False,False,False,False,False,False,False,False,False,False,False,False,g
1,61096.15252676744,lsst,151.4097093653355,2.296244858712852,170028510548066453,170054949575590009,0,170028510548066453,-2489.1633,159.94568,0,0,0,5634.1377,159.86061,True,2026022400619,184,0.0,1.213872e-05,1.4099711e-05,5.60522e-11,3665.9827,0.2759074,1281.3333,0.19025408,False,-2784.2349,388.89365,False,False,True,15.141817,,1715.2556,1681,-2601.0288,6.035406,151.40971077271925,,2.2962474651470095,,1.0825088,,24.726948,,,0,False,,,,,,,,0,False,False,False,8147.5195,34.422497,0.24011458,0.12956937,-0.015934352,0.21648613,0.15980892,0.003383751,False,False,False,False,0.00145351,0.62903595,False,False,61096.154154820804,,19,False,False,False,False,False,False,False,False,False,False,False,False,False,False,False,False,False,False,False,False,False,g
1,61096.152998333884,lsst,151.40969655165856,2.2962526543060857,170028510548066453,170054949695127667,0,170028510548066453,-3101.9602,148.19618,0,0,0,5160.3594,147.76974,True,2026022400620,156,0.0,9.7822885e-06,9.865869e-06,2.0387868e-11,2300.1304,0.19477415,3074.1277,0.15705442,False,-2941.735,362.43506,False,False,True,20.849224,,1724.8878,1681,-3236.9636,1.136498,151.40969761884574,,2.2962545906698,,0.86518073,,39.225555,,,0,False,,,,,,,,0,False,False,False,8328.874,24.746883,0.2241338,0.15611324,-0.0057151024,0.21732956,0.16459905,-0.021330336,False,False,False,False,9.262153e-05,0.6967626,False,False,61096.15468328553,,21,False,False,False,False,False,False,False,False,False,False,False,False,False,False,False,False,False,False,False,False,False,g
1,61096.15346523293,lsst,151.40970316034344,2.2962331855422584,170028510548066453,170054949830918284,0,170028510548066453,-2625.5334,151.74611,0,0,0,5498.541,151.26335,True,2026022400621,159,0.0,1.0962539e-05,1.1342634e-05,2.8180087e-11,2853.8896,0.2228025,3207.923,0.17640641,False,-2766.1174,367.54816,False,False,True,17.124521,,1622.7285,1681,-2754.9617,0.5198397,151.40970322714566,,2.2962320168011847,,0.97718406,,13.70055,,,0,False,,,,,,,,0,False,False,False,8142.2373,21.221392,0.21230462,0.1594898,-0.036930352,0.22497484,0.16246308,-0.012672446,False,False,False,False,0.00787725,0.61319077,False,False,61096.15508223501,,20,False,False,False,False,False,False,False,False,False,False,False,False,False,False,False,False,False,False,False,False,False,g
4,61096.15812978723,lsst,151.40969917411093,2.2962593281281665,170028510548066453,170054950766772387,0,170028510548066453,-3638.8774,425.36307,1,0,0,9949.57,417.28802,True,2026022400628,152,0.0,4.6828864e-05,4.546344e-05,3.172055e-10,40.40814,0.8920824,2105.5688,0.7656751,True,-4242.16,1025.1871,True,False,True,8.476826,,1651.0272,1681,,,,,,,,,,,,0,False,,,,,,,,0,True,False,False,13804.644,38.04853,0.26194832,0.19930659,0.021959089,0.2454286,0.18864432,0.0005712928,True,False,False,False,,0.6359624,False,False,61096.159965857616,,20,False,False,False,False,False,False,False,False,False,False,False,False,False,False,False,False,False,False,False,False,False,z
4,61096.163322469234,lsst,151.40968842729447,2.2962359125158707,170028510548066453,170054952241594519,0,170028510548066453,-3173.6748,348.86014,0,0,0,10034.984,339.81357,True,2026022400639,149,0.0,2.4598778e-05,2.2038083e-05,2.5553654e-10,3392.605,0.5120113,2326.6616,0.30291888,False,-4470.562,979.18567,False,False,True,8.973134,,1727.9556,1681,-3454.1724,4.1815305,151.4096770999318,,2.2962326700424303,,0.96892697,,31.716694,,,0,False,,,,,,,,0,False,False,False,13256.373,84.799866,0.21652956,0.14790615,-0.028578911,0.17880443,0.13663904,-0.027999587,False,False,False,False,0.09083764,0.53998643,False,False,61096.16498037885,,16,False,False,False,False,False,False,False,False,False,False,False,False,False,False,False,False,False,False,False,False,False,z
4,61096.16472291958,lsst,151.40971840495106,2.2963004944881296,170028510548066453,170054952645820579,0,170028510548066453,-3282.978,373.47122,0,0,0,9905.351,362.20673,True,2026022400642,152,0.0,2.3769086e-05,2.3737572e-05,-1.886879e-11,2108.834,0.4207187,3510.9932,0.43509927,False,-4193.7104,1005.9582,False,False,True,8.555868,,1625.4899,1681,-3778.194,16.58086,151.40971552404508,,2.29629343871557,,1.4247907,,86.77469,,,0,False,,,,,,,,0,False,False,False,13179.956,107.48691,0.29146692,0.28593904,0.10148084,0.18598026,0.12420148,0.0035845828,False,False,False,False,0.9440446,0.5645495,False,False,61096.16645580555,,17,False,False,False,False,False,False,False,False,False,False,False,False,False,False,False,False,False,False,False,False,False,z
4,61096.16705422501,lsst,151.4096469056125,2.2962492351357473,170028510548066453,170054953333686457,0,170028510548066453,-3177.724,376.56033,0,0,0,10252.624,363.9373,True,2026022400647,184,0.0,3.2182812e-05,4.235941e-05,5.376131e-10,2220.613,0.82028383,1966.9896,0.49628693,False,-3049.6785,1004.315,False,False,True,8.605288,,1694.9806,1681,-3118.37,7.224719,151.40964999365764,,2.2962561504118786,,0.57871515,,-5.5485854,,,0,False,,,,,,,,0,False,False,False,13536.843,88.318344,0.16706865,0.15515266,-0.013446735,0.16726121,0.14611134,0.003946353,False,False,False,False,0.00312765,0.53270555,False,False,61096.16868553749,,16,False,False,False,False,False,False,False,False,False,False,False,False,False,False,False,False,False,False,False,False,False,z
2,61096.171165934225,lsst,151.40968360132052,2.296252084236461,170028510548066453,170054954136895733,0,170028510548066453,-2680.9187,150.03606,0,0,0,5730.7886,147.46706,True,2026022400653,180,0.0,1.1176201e-05,1.15829625e-05,9.79385e-13,193.8881,0.20855854,2095.0334,0.20125268,False,-3260.341,391.84897,False,False,True,17.924904,,1665.6766,1681,-2551.176,0.8913048,151.40968313955884,,2.2962539349905247,,0.5826638,,27.013216,,,0,False,,,,,,,,0,False,False,False,8450.321,42.64098,0.18279403,0.16040803,0.009790649,0.13673957,0.13523655,-0.00058470585,False,False,False,False,0.2081114,0.70192707,False,False,61096.17270667812,,19,False,False,False,False,False,False,False,False,False,False,False,False,False,False,False,False,False,False,False,False,False,r
2,61096.17162974719,lsst,151.40967080271375,2.2962648011204916,170028510548066453,170054954267443430,0,170028510548066453,-2433.6917,150.61417,0,0,0,6077.283,147.96968,True,2026022400654,173,0.0,1.2263834e-05,9.236356e-06,-3.8921683e-12,270.44977,0.16599031,3134.3977,0.22113055,False,-2083.4565,399.95602,False,False,True,15.834838,,1719.4484,1681,-2370.668,2.067777,151.40967330811102,,2.2962631905782724,,0.7813096,,-68.07591,,,0,False,,,,,,,,0,False,False,False,8543.763,40.216904,0.104962304,0.1508618,-0.017311137,0.13527828,0.13336623,0.0071552186,False,False,False,False,0.007624134,0.6426026,False,False,61096.17332365508,,18,False,False,False,False,False,False,False,False,False,False,False,False,False,False,False,False,False,False,False,False,False,r
2,61096.172097555565,lsst,151.40970082244337,2.296259673698098,170028510548066453,170054954384883893,0,170028510548066453,-2553.234,143.8211,0,0,0,5868.125,141.26196,True,2026022400655,141,0.0,1.0250825e-05,1.1116741e-05,1.7074716e-13,3344.2004,0.20001411,3820.9937,0.18458371,False,-2596.4163,377.30612,False,False,True,17.74819,,1577.8882,1681,-2431.3745,1.1559136,151.40970102104345,,2.2962600058955704,,0.5098597,,66.947716,,,0,False,,,,,,,,0,False,False,False,8444.984,39.495903,0.16148208,0.17684385,0.008232649,0.13886178,0.14248115,-0.005380136,False,False,False,False,0.13433512,0.65130085,False,False,61096.17376846932,,19,False,False,False,False,False,False,False,False,False,False,False,False,False,False,False,False,False,False,False,False,False,r
2,61096.17255968062,lsst,151.40967429293423,2.2962653406510385,170028510548066453,170054954536927382,0,170028510548066453,-2655.201,151.56296,0,0,0,5847.527,149.48471,True,2026022400656,175,0.0,9.988618e-06,9.3374465e-06,5.6632216e-13,3743.461,0.16804376,1823.5884,0.1800878,False,-1802.3624,393.78568,False,False,True,17.150175,,1559.044,1681,-2534.5442,0.80671835,151.4096733039438,,2.2962639026892675,,0.54271823,,83.21075,,,0,False,,,,,,,,0,False,False,False,8564.451,35.894253,0.12187758,0.14754961,0.0018627318,0.15067655,0.14180703,0.002150848,False,False,False,False,0.022495512,0.66012216,False,False,61096.17412606493,,20,False,False,False,False,False,False,False,False,False,False,False,False,False,False,False,False,False,False,False,False,False,r
2,61096.17302342058,lsst,151.40965931704392,2.2962672717088815,170028510548066453,170054954670620815,0,170028510548066453,-2656.4321,154.81476,0,0,0,5818.02,151.86362,True,2026022400657,174,0.0,1.1436214e-05,9.521158e-06,4.0723527e-12,3806.2493,0.17098832,1534.4556,0.20647559,False,-1934.9779,389.2358,False,False,True,17.173632,,1720.975,1681,-2633.8447,0.27860194,151.40965906089397,,2.2962647539594196,,0.7540391,,75.78937,,,0,False,,,,,,,,0,False,False,False,8540.22,46.820858,0.11523691,0.16548806,0.007681352,0.14910443,0.16564713,0.0036998575,False,False,False,False,0.045002867,0.6410129,False,False,61096.17468344052,,18,False,False,False,False,False,False,False,False,False,False,False,False,False,False,False,False,False,False,False,False,False,r
2,61096.17348848161,lsst,151.40967325730512,2.296259525928178,170028510548066453,170054954799595678,0,170028510548066453,-2438.0938,154.3251,0,0,0,6088.353,150.9708,True,2026022400658,164,0.0,1.1875526e-05,9.447287e-06,8.0853475e-12,3418.5378,0.16885908,2332.3096,0.21488309,False,-2192.9885,392.19846,False,False,True,15.390945,,1595.5851,1681,-2433.0828,6.5460057,151.40967180833877,,2.2962567515568924,,0.9025278,,63.833614,,,0,False,,,,,,,,0,False,False,False,8555.213,26.322336,0.094892785,0.1604039,0.02301067,0.15423054,0.1539725,0.007059726,False,False,False,False,0.1073997,0.60578656,False,False,61096.175106757495,,21,False,False,False,False,False,False,False,False,False,False,False,False,False,False,False,False,False,False,False,False,False,r
2,61096.173953867445,lsst,151.40969657495222,2.2962573553287946,170028510548066453,170054954939056274,0,170028510548066453,-2248.9045,154.97989,0,0,0,6186.628,152.6259,True,2026022400659,174,0.0,1.3473979e-05,1.4385182e-05,-5.375457e-12,549.10547,0.25964373,2491.2205,0.24220791,False,-2444.9976,389.60983,False,False,True,14.722636,,1687.1797,1681,-2215.0774,0.43673941,151.4096914429477,,2.2962646890532317,,0.69953656,,-11.373701,,,0,False,,,,,,,,0,False,False,False,8458.068,52.388275,0.17888461,0.13474211,0.0002752068,0.1456767,0.15975495,0.0021597962,False,False,False,False,0.0027496638,0.62989604,False,False,61096.17556166303,,19,False,False,False,False,False,False,False,False,False,False,False,False,False,False,False,False,False,False,False,False,False,r
2,61096.17442102144,lsst,151.40967923224025,2.2962547803973044,170028510548066453,170054955052302495,0,170028510548066453,-2666.4756,140.21323,0,0,0,5764.958,136.70338,True,2026022400660,134,0.0,9.389687e-06,1.0635239e-05,-6.8408725e-12,1935.1852,0.19286646,3358.9604,0.16739626,False,-3021.6577,368.98877,False,False,True,18.968994,,1661.1536,1681,-2726.7085,0.3102834,151.4096784858892,,2.296257432365685,,0.7415221,,11.919975,,,0,False,,,,,,,,0,False,False,False,8454.364,42.725048,0.18297799,0.15292554,0.019855782,0.14870544,0.15161678,0.019048989,False,False,False,False,0.05133958,0.6970354,False,False,61096.176124255544,,21,False,False,False,False,False,False,False,False,False,False,False,False,False,False,False,False,False,False,False,False,False,r
2,61096.174888888316,lsst,151.40968191272373,2.296271985142633,170028510548066453,170054955202248885,0,170028510548066453,-2747.8875,146.67194,0,0,0,5770.447,143.87767,True,2026022400661,164,0.0,1.0561373e-05,1.0841216e-05,-1.9944012e-12,1360.6282,0.19563034,538.7696,0.18972132,False,-2650.6497,385.51102,False,False,True,19.117813,,1739.9255,1681,-2696.7974,0.17411393,151.40968387102035,,2.2962808704826356,,0.33520284,,-41.86994,,,0,False,,,,,,,,0,False,False,False,8590.866,62.758076,0.15317458,0.14687763,-0.0035840315,0.13190028,0.17858623,0.021265907,False,False,False,False,0.0043764017,0.66082805,False,False,61096.176609262286,,19,False,False,False,False,False,False,False,False,False,False,False,False,False,False,False,False,False,False,False,False,False,r
2,61096.17535132934,lsst,151.40967699421861,2.2962656034841333,170028510548066453,170054955338039475,0,170028510548066453,-2743.408,149.24637,0,0,0,5904.7026,147.31601,True,2026022400662,167,0.0,8.514093e-06,8.6473365e-06,-8.9796486e-13,132.61937,0.15603316,3104.4695,0.15320711,False,-2605.0754,390.77332,False,False,True,17.929502,,1741.5599,1681,-2521.8184,1.753056,151.4096762603846,,2.2962637877823355,,0.19018611,,-45.395573,,,0,False,,,,,,,,0,False,False,False,8674.2295,42.851665,0.11921485,0.117227934,-0.0011487011,0.13795789,0.162433,0.01978157,False,False,False,False,0.1567955,0.65716976,False,False,61096.17704152508,,18,False,False,False,False,False,False,False,False,False,False,False,False,False,False,False,False,False,False,False,False,False,r
2,61096.17581987729,lsst,151.40968418540706,2.2962551007757193,170028510548066453,170054955454955706,0,170028510548066453,-2500.6658,146.42212,0,0,0,5958.9565,143.12904,True,2026022400663,134,0.0,1.0127061e-05,1.095208e-05,-9.2233166e-12,889.4724,0.20035106,3891.8042,0.17879917,False,-1967.6052,369.59238,False,False,True,16.851496,,1673.3499,1681,-2553.6604,3.1038425,151.40968732509864,,2.2962610197360984,,0.7248193,,-2.7559226,,,0,False,,,,,,,,0,False,False,False,8530.317,33.948986,0.17576993,0.1401282,0.015810894,0.18175562,0.1688333,0.024876423,False,False,False,False,0.042013798,0.64553636,False,False,61096.17823361821,,20,False,False,False,False,False,False,False,False,False,False,False,False,False,False,False,False,False,False,False,False,False,r
2,61096.17628402815,lsst,151.40968524049592,2.2962651696094447,170028510548066453,170054955605950606,0,170028510548066453,-2834.388,152.12566,0,0,0,5665.772,149.35504,True,2026022400664,166,0.0,8.782123e-06,9.199683e-06,-4.8793343e-12,669.0319,0.16803044,1472.4282,0.15585452,False,-2889.6,391.96616,False,False,True,18.253279,,1670.5924,1681,-2799.74,3.0260723,151.40968963940384,,2.296265753807591,,0.7377685,,-67.76369,,,0,False,,,,,,,,0,False,False,False,8546.423,26.521933,0.14093915,0.13393077,-0.024846824,0.15993914,0.15116438,0.008963224,False,False,False,False,0.05149697,0.6788465,False,False,61096.17790430377,,21,False,False,False,False,False,False,False,False,False,False,False,False,False,False,False,False,False,False,False,False,False,r
2,61096.177001821256,lsst,151.40968002005843,2.296269212491807,170028510548066453,170054955733876967,0,170028510548066453,-2710.3147,155.01604,0,0,0,5784.867,151.38136,True,2026022400665,154,0.0,1.2768609e-05,1.3036637e-05,-6.2557732e-12,905.5446,0.22753711,1352.7418,0.2372215,False,-3155.9514,369.16666,False,False,True,17.1326,,1688.9851,1681,-2927.5044,1.0717957,151.40967990497364,,2.296268964667303,,1.0508215,,24.135963,,,0,False,,,,,,,,0,False,False,False,8553.618,20.01696,0.26116407,0.22474548,-0.04837613,0.21450785,0.20599864,-0.018090263,False,False,False,False,0.11957283,0.6637686,False,False,61096.178804045994,,23,False,False,False,False,False,False,False,False,False,False,False,False,False,False,False,False,False,False,False,False,False,r
2,61096.177465866844,lsst,151.4096850039147,2.296259544336399,170028510548066453,170054955869667456,0,170028510548066453,-2503.3816,156.0895,0,0,0,5944.392,152.15623,True,2026022400666,157,0.0,1.3665826e-05,1.4473169e-05,-2.7738888e-11,2562.6084,0.23383309,1205.706,0.2719829,False,-2498.6152,374.75974,False,False,True,16.101015,,1559.5443,1681,-2703.9253,2.1084368,151.40968279422395,,2.296252228123511,,0.89477473,,-5.362064,,,0,False,,,,,,,,0,False,False,False,8479.195,22.19566,0.19329761,0.23264892,-0.030999316,0.20805052,0.2069111,-0.018484322,False,False,False,False,0.0036368177,0.6097576,False,False,61096.17930698658,,20,False,False,False,False,False,False,False,False,False,False,False,False,False,False,False,False,False,False,False,False,False,r
2,61096.177933699175,lsst,151.40968403460352,2.296256345682767,170028510548066453,170054956003360912,0,170028510548066453,-2407.663,154.55916,0,0,0,6108.3013,151.32307,True,2026022400667,156,0.0,1.3594376e-05,1.3503686e-05,5.288626e-12,2265.3586,0.2477171,3324.4255,0.2403489,False,-2350.3562,370.37234,False,False,True,15.23199,,1743.3594,1681,-2724.0342,2.4476466,151.40968433824662,,2.296267029459706,,1.2150966,,-3.9142287,,,0,False,,,,,,,,0,False,False,False,8516.662,33.278442,0.22083049,0.2783812,-0.065631025,0.23437728,0.1905023,-0.018581478,False,False,False,False,0.15022753,0.57330644,False,False,61096.17995109974,,23,False,False,False,False,False,False,False,False,False,False,False,False,False,False,False,False,False,False,False,False,False,r
2,61096.17840599372,lsst,151.4096720875463,2.2962599203656477,170028510548066453,170054956137578643,0,170028510548066453,-2507.4277,153.25543,0,0,0,6031.576,147.907,True,2026022400668,156,0.0,1.5238612e-05,1.4821006e-05,3.63636e-11,340.53293,0.29201043,136.06784,0.24749322,False,-2034.2206,364.17886,False,False,True,16.347694,,1720.3579,1681,-2596.1443,0.3290383,151.40967796738963,,2.296269130429359,,0.7959403,,7.082224,,,0,False,,,,,,,,0,False,False,False,8460.128,23.916151,0.24222405,0.23824924,-0.028151933,0.22011122,0.19101931,-0.023570206,False,False,False,False,0.1360972,0.5432949,False,False,61096.18016408277,,21,False,False,False,False,False,False,False,False,False,False,False,False,False,False,False,False,False,False,False,False,False,r
2,61096.17887275852,lsst,151.40968072856577,2.2962578854304616,170028510548066453,170054956268126364,0,170028510548066453,-2607.5876,150.57944,0,0,0,5887.6,147.52776,True,2026022400669,149,0.0,1.3984248e-05,1.3960757e-05,7.965859e-12,2279.6663,0.25669917,3765.5276,0.24636991,False,-2954.419,362.74887,False,False,True,17.137287,,1732.9031,1681,-2869.778,0.3262651,151.4096817617866,,2.296268146212498,,1.0831231,,1.7670465,,,0,False,,,,,,,,0,False,False,False,8485.092,30.444075,0.25654405,0.25739443,-0.0549441,0.22657308,0.18537186,-0.0053323647,False,False,False,False,0.27083975,0.5812976,False,False,61096.18119582778,,22,False,False,False,False,False,False,False,False,False,False,False,False,False,False,False,False,False,False,False,False,False,r
2,61096.17933979853,lsst,151.40968084890775,2.2962407798574778,170028510548066453,170054956403392759,0,170028510548066453,-2831.6208,147.54977,0,0,0,5529.3945,144.26553,True,2026022400670,151,0.0,1.2324688e-05,1.2372053e-05,1.7011927e-11,158.39897,0.23431806,662.4363,0.2095187,False,-2760.4429,364.2836,False,False,True,18.887491,,1623.0288,1681,-2901.3608,0.20555857,151.4096840284575,,2.2962494078011964,,0.637444,,63.231407,,,0,False,,,,,,,,0,False,False,False,8417.746,29.692297,0.23393089,0.20599303,0.010933464,0.21249759,0.17039266,0.0004346791,False,False,False,False,0.10074628,0.6611807,False,False,61096.18110017685,,22,False,False,False,False,False,False,False,False,False,False,False,False,False,False,False,False,False,False,False,False,False,r
2,61096.179807382665,lsst,151.4096690538921,2.296262919214154,170028510548066453,170054956538134675,0,170028510548066453,-2703.2764,150.82973,0,0,0,5798.702,147.45872,True,2026022400671,152,0.0,1.2934045e-05,1.3038877e-05,7.697605e-12,3758.068,0.23929021,2171.3938,0.22842184,False,-2645.7866,362.3748,False,False,True,17.901878,,1769.8832,1681,-2977.4546,0.85677356,151.4096685900957,,2.2962761343370874,,1.0321015,,8.133567,,,0,False,,,,,,,,0,False,False,False,8511.889,36.98494,0.26950395,0.22847535,-0.045067955,0.22769386,0.17716503,-0.0038134465,False,False,False,False,0.23516639,0.6859571,False,False,61096.18170091009,,22,False,False,False,False,False,False,False,False,False,False,False,False,False,False,False,False,False,False,False,False,False,r
2,61096.18027509007,lsst,151.40968519166884,2.296266600518121,170028510548066453,170054956688081114,0,170028510548066453,-3008.0745,160.81642,0,0,0,5586.618,157.51286,True,2026022400672,182,0.0,1.1685098e-05,1.2097404e-05,1.8661194e-11,535.1714,0.22833565,564.8833,0.19912292,False,-3247.993,388.77945,False,False,True,18.851122,,1711.3939,1681,-3078.187,2.8406405,151.40968512347166,,2.2962665382804026,,0.8292962,,71.60522,,,0,False,,,,,,,,0,False,False,False,8584.895,34.092346,0.19326223,0.16895244,0.029136863,0.2122138,0.17230351,0.003196085,False,False,False,False,0.016063435,0.6991634,False,False,61096.18204154866,,20,False,False,False,False,False,False,False,False,False,False,False,False,False,False,False,False,False,False,False,False,False,r
2,61096.18073992147,lsst,151.40967217768386,2.2962647782910435,170028510548066453,170054956821250242,0,170028510548066453,-2523.9478,159.44347,0,0,0,6068.891,156.54442,True,2026022400673,180,0.0,1.3482461e-05,1.4378335e-05,3.3905226e-11,3263.816,0.2732224,1285.3461,0.22651495,False,-2506.5474,375.263,False,False,True,15.608594,,1772.0776,1681,-2678.4775,0.42893472,151.40967033121964,,2.2962698230282657,,1.0407641,,20.609734,,,0,False,,,,,,,,0,False,False,False,8634.964,28.31442,0.2882192,0.19963948,-0.024400223,0.2320647,0.16661169,-0.0008028952,False,False,False,False,0.22086039,0.60504985,False,False,61096.18250217235,,22,False,False,False,False,False,False,False,False,False,False,False,False,False,False,False,False,False,False,False,False,False,r
2,61096.18120263509,lsst,151.409684969808,2.2962622802068235,170028510548066453,170054956955992211,0,170028510548066453,-2467.4958,154.0436,0,0,0,6020.224,150.98552,True,2026022400674,181,0.0,1.2104354e-05,1.3512391e-05,3.6087317e-11,3060.2622,0.25777683,3501.5115,0.20085366,False,-2345.9504,374.4045,False,False,True,15.849958,,1823.762,1681,-2493.121,4.895747,151.40968227613948,,2.296265179213723,,0.73920035,,56.423676,,,0,False,,,,,,,,0,False,False,False,8485.074,45.442722,0.17070289,0.13810301,0.018843915,0.21343198,0.15235552,0.003765523,False,False,False,False,0.10519156,0.63983315,False,False,61096.18308678198,,19,False,False,False,False,False,False,False,False,False,False,False,False,False,False,False,False,False,False,False,False,False,r
2,61096.18213688725,lsst,151.40968910634592,2.2962906595128185,170028510548066453,170054957223903472,0,170028510548066453,-2797.408,151.64328,0,0,0,5672.1084,148.45647,True,2026022400676,180,0.0,9.391522e-06,1.1184284e-05,2.362503e-11,541.3643,0.2103588,1389.1531,0.15772635,False,-2233.7131,371.29028,False,False,True,18.278017,,1609.6348,1681,-2900.6707,3.253926,151.40968815317453,,2.2962877821679575,,0.8607848,,40.63521,,,0,False,,,,,,,,0,False,False,False,8504.591,31.73353,0.19517101,0.1346796,0.016879413,0.2218926,0.16238208,0.024162915,False,False,False,False,0.091903694,0.6452337,False,False,61096.18390812354,,20,False,False,False,False,False,False,False,False,False,False,False,False,False,False,False,False,False,False,False,False,False,r
2,61096.18259995692,lsst,151.40970884146424,2.2962496943572845,170028510548066453,170054957360218260,0,170028510548066453,-2975.2993,155.40266,0,0,0,5285.973,151.43842,True,2026022400677,184,0.0,9.9332265e-06,1.0999123e-05,1.12055105e-11,107.156784,0.20185901,2931.3093,0.17485459,False,-3617.2563,378.95667,False,False,True,18.849903,,1735.454,1681,-3083.7485,2.8462243,151.40970499975697,,2.296246188784595,,1.0334897,,61.955685,,,0,False,,,,,,,,0,False,False,False,8306.717,33.298183,0.19103788,0.17006654,0.050771102,0.20538458,0.16630433,0.0063559446,False,False,False,False,0.0037694727,0.6523198,False,False,61096.184271222795,,21,False,False,False,False,False,False,False,False,False,False,False,False,False,False,False,False,False,False,False,False,False,r
2,61096.183067611404,lsst,151.409665699005,2.2962570810432408,170028510548066453,170054957488668833,0,170028510548066453,-2676.358,152.7561,0,0,0,5858.512,148.76613,True,2026022400678,173,0.0,1.0984051e-05,1.2873611e-05,1.8890816e-11,3839.87,0.23642366,1072.715,0.1921261,False,-2357.037,376.42545,False,False,True,17.442455,,1704.4086,1681,-2807.155,1.3413736,151.40966154664014,,2.296252117107121,,1.0095724,,31.198765,,,0,False,,,,,,,,0,False,False,False,8553.811,31.11491,0.25183645,0.16268586,0.018287782,0.19225083,0.15479097,0.0033459645,False,False,False,False,0.15132873,0.6110849,False,False,61096.184740618344,,22,False,False,False,False,False,False,False,False,False,False,False,False,False,False,False,False,False,False,False,False,False,r
2,61096.183531433955,lsst,151.40970786892856,2.2962624734724852,170028510548066453,170054957629702403,0,170028510548066453,-2645.1174,158.50189,0,0,0,5726.7515,154.7199,True,2026022400679,186,0.0,1.1904234e-05,1.24523e-05,4.2611912e-12,531.20557,0.22512096,67.481026,0.21376638,False,-2566.3347,376.75793,False,False,True,16.3571,,1802.8953,1681,-2742.8867,6.595527,151.4097081873308,,2.296260392910395,,1.0425167,,80.03384,,,0,False,,,,,,,,0,False,False,False,8311.671,33.46364,0.14741018,0.21036874,0.042610154,0.19532982,0.18945125,0.0039496995,False,False,False,False,0.023463119,0.5999896,False,False,61096.185422192524,,21,False,False,False,False,False,False,False,False,False,False,False,False,False,False,False,False,False,False,False,False,False,r
2,61096.18408900852,lsst,151.40966883660988,2.2962706139164997,170028510548066453,170054957747142860,0,170028510548066453,-2685.208,155.44781,0,0,0,6006.5845,151.98047,True,2026022400680,154,0.0,1.217711e-05,1.2372773e-05,-6.557996e-12,206.32758,0.21605438,3220.8867,0.22604668,False,-2944.443,361.68896,False,False,True,17.17874,,1641.242,1681,-2782.3735,1.0465119,151.40967048040415,,2.2962664975326152,,0.8297383,,-4.6295943,,,0,False,,,,,,,,0,False,False,False,8671.619,21.818537,0.19286104,0.22218746,-0.027554257,0.21890177,0.21750644,-0.030706419,False,False,False,False,0.013001288,0.6044464,False,False,61096.18586999708,,24,False,False,False,False,False,False,False,False,False,False,False,False,False,False,False,False,False,False,False,False,False,r
2,61096.18455387451,lsst,151.409694134043,2.2962668520449956,170028510548066453,170054957882933437,0,170028510548066453,-2701.0164,150.50061,0,0,0,5793.6357,147.88284,True,2026022400681,157,0.0,1.1736528e-05,1.17977e-05,-2.1376098e-12,1545.8953,0.21043797,3190.0364,0.21365029,False,-2875.6748,363.63528,False,False,True,18.036736,,1697.4591,1681,-2770.7068,1.4292569,151.40968860576817,,2.2962635481872686,,0.8186809,,24.06472,,,0,False,,,,,,,,0,False,False,False,8512.423,34.877384,0.20280899,0.16726162,-0.024942921,0.18027656,0.1889365,-0.018825894,False,False,False,False,2.4954536e-05,0.6205728,False,False,61096.18627934817,,22,False,False,False,False,False,False,False,False,False,False,False,False,False,False,False,False,False,False,False,False,False,r
2,61096.18501919047,lsst,151.40966580959358,2.296264658292231,170028510548066453,170054958018199688,0,170028510548066453,-2508.9014,153.56628,0,0,0,6058.8447,150.40569,True,2026022400682,159,0.0,1.4735322e-05,1.5087355e-05,-3.9716088e-11,1097.7883,0.24328315,720.5589,0.29175577,False,-2443.8828,361.16858,False,False,True,16.417374,,1746.8278,1681,-2646.8723,0.8052044,151.40966915638282,,2.296263864691869,,0.71982586,,-13.331433,,,0,False,,,,,,,,0,False,False,False,8534.348,38.454636,0.21217133,0.23759246,-0.019031841,0.24039066,0.19680832,-0.02842469,False,False,False,False,0.0045104283,0.6314379,False,False,61096.18674277126,,22,False,False,False,False,False,False,False,False,False,False,False,False,False,False,False,False,False,False,False,False,False,r
3,61096.18694860539,lsst,151.4096902027126,2.2962733019508685,170028510548066453,170054958163427592,0,170028510548066453,-2374.2239,200.24342,0,0,0,7802.89,192.58191,True,2026022400683,180,0.0,1.7506705e-05,3.293144e-05,1.0709299e-10,648.971,0.59674525,1943.7377,0.3078958,False,-2404.0154,535.54205,False,False,True,11.841987,,1671.3163,1681,-2563.212,6.9855027,151.40968404408403,,2.2962635431933314,,1.1084065,,12.070689,,,0,False,,,,,,,,0,False,False,False,10181.136,29.90735,0.2283985,0.10589607,0.009402257,0.16941065,0.1256347,0.0076561267,False,False,False,False,0.063245736,0.548216,False,False,61096.188580083646,,18,False,False,False,False,False,False,False,False,False,False,False,False,False,False,False,False,False,False,False,False,False,i
3,61096.187414996224,lsst,151.40966411081584,2.2962594438735646,170028510548066453,170054958293975236,0,170028510548066453,-2672.9175,206.46178,0,0,0,7716.5967,200.01196,True,2026022400684,173,0.0,1.7279488e-05,1.5072998e-05,-5.9667917e-12,757.3911,0.27101603,3075.1929,0.31163055,False,-3275.3643,541.4738,False,False,True,12.828129,,1713.561,1681,-2852.6804,0.24843842,151.40966597693517,,2.296264964461115,,1.010124,,42.11621,,,0,False,,,,,,,,0,False,False,False,10350.335,20.006134,0.2108313,0.18561226,0.046859898,0.15140447,0.15995105,0.017054899,False,False,False,False,0.2524698,0.5662372,False,False,61096.18916828149,,19,False,False,False,False,False,False,False,False,False,False,False,False,False,False,False,False,False,False,False,False,False,i
3,61096.18788122405,lsst,151.40966736631688,2.296276913594038,170028510548066453,170054958411415731,0,170028510548066453,-2488.7393,205.717,0,0,0,7997.254,198.50023,True,2026022400685,141,0.0,1.756257e-05,1.3964464e-05,-3.4987753e-12,3761.212,0.251225,3883.2017,0.31636596,False,-2208.9429,534.3512,False,False,True,12.184738,,1652.2013,1681,-2491.0635,4.856349,151.40966530060712,,2.296279807761658,,0.5445587,,47.94302,,,0,False,,,,,,,,0,False,False,False,10471.087,21.985897,0.13237655,0.13345212,0.013062457,0.15399037,0.17709316,0.012405679,False,False,False,False,0.14855391,0.5613179,False,False,61096.189577762605,,18,False,False,False,False,False,False,False,False,False,False,False,False,False,False,False,False,False,False,False,False,False,i
3,61096.18834791236,lsst,151.40968508207848,2.2962752714621057,170028510548066453,170054958563983527,0,170028510548066453,-2457.66,209.71732,0,0,0,7898.886,204.5965,True,2026022400686,176,0.0,1.5779513e-05,1.6059525e-05,-3.038439e-13,62.51152,0.28912735,1782.6062,0.28450125,False,-2586.6206,544.3649,False,False,True,11.430111,,1680.0116,1681,-2576.7056,2.2121844,151.40967270716035,,2.2962942818562504,,1.0546739,,-27.6677,,,0,False,,,,,,,,0,False,False,False,10359.549,18.434721,0.23303854,0.16788797,-0.042396694,0.15603055,0.16261442,0.0152576715,False,False,False,False,0.23362121,0.536455,False,False,61096.190085455164,,19,False,False,False,False,False,False,False,False,False,False,False,False,False,False,False,False,False,False,False,False,False,i
3,61096.188813172645,lsst,151.4096825934184,2.2962753493634063,170028510548066453,170054958697676981,0,170028510548066453,-2631.9084,203.98294,0,0,0,7770.428,198.4997,True,2026022400687,175,0.0,1.2928098e-05,1.0699205e-05,4.0805037e-12,128.90053,0.19234625,1584.38,0.23329902,False,-2802.8303,537.46606,False,False,True,12.860117,,1702.0479,1681,-2590.2131,3.1739097,151.40968586867587,,2.2962781936857803,,0.6578199,,-86.33483,,,0,False,,,,,,,,0,False,False,False,10379.609,26.123869,0.0875498,0.12598097,-0.005536437,0.15030053,0.15805995,0.012926192,False,False,False,False,0.3059212,0.56046486,False,False,61096.19049350785,,18,False,False,False,False,False,False,False,False,False,False,False,False,False,False,False,False,False,False,False,False,False,i
3,61096.18974496235,lsst,151.40965707521514,2.2962734675836916,170028510548066453,170054958965588155,0,170028510548066453,-2384.3088,196.38617,0,0,0,7972.2104,191.2412,True,2026022400689,174,0.0,1.6486101e-05,1.20982195e-05,2.4088754e-11,1128.9664,0.21448024,2607.4292,0.2997249,False,-2415.8213,545.5896,False,False,True,12.10012,,1642.2434,1681,-2319.1584,3.4087124,151.40965465958936,,2.296273192456772,,0.68877697,,-94.73105,,,0,False,,,,,,,,0,False,False,False,10368.701,48.60134,0.10957572,0.1520738,-0.004308486,0.112035856,0.13771555,-0.0038106942,False,False,False,False,0.0070751132,0.6342825,False,False,61096.191533832,,15,False,False,False,False,False,False,False,False,False,False,False,False,False,False,False,False,False,False,False,False,False,i
3,61096.19021171838,lsst,151.40967787967043,2.29627549721999,170028510548066453,170054959078834400,0,170028510548066453,-2713.0164,187.35715,0,0,0,7643.9497,182.82297,True,2026022400690,134,0.0,1.1588555e-05,1.2457306e-05,-5.071235e-12,2359.7686,0.22506136,3544.0269,0.20780817,False,-3463.5579,533.8205,False,False,True,14.472062,,1689.4608,1681,-2898.423,5.093461,151.40967775893353,,2.296274270614662,,0.9482865,,29.340176,,,0,False,,,,,,,,0,False,False,False,10376.927,50.93226,0.13225627,0.12457772,0.044770524,0.124984585,0.13327374,0.0061672684,False,False,False,False,9.823954e-05,0.6539239,False,False,61096.1920858578,,16,False,False,False,False,False,False,False,False,False,False,False,False,False,False,False,False,False,False,False,False,False,i
3,61096.19067612458,lsst,151.40966827205108,2.2962794658094317,170028510548066453,170054959228780785,0,170028510548066453,-2803.2,190.74011,0,0,0,7530.3203,184.09943,True,2026022400691,164,0.0,1.0139818e-05,1.0418705e-05,-1.732848e-12,1821.3805,0.18796808,734.29004,0.18224332,False,-3586.1392,541.4762,False,False,True,14.442454,,1527.4379,1681,-2732.7576,1.5188825,151.4096708018212,,2.2962795734450947,,0.6243394,,-43.053,,,0,False,,,,,,,,0,False,False,False,10319.636,41.70686,0.113865845,0.092692696,-0.014412818,0.12664787,0.12847905,0.004966817,False,False,False,False,0.10924163,0.65955037,False,False,61096.19253506015,,16,False,False,False,False,False,False,False,False,False,False,False,False,False,False,False,False,False,False,False,False,False,i
3,61096.19113848986,lsst,151.40967206864502,2.2962835833530773,170028510548066453,170054959364571315,0,170028510548066453,-2496.644,211.20236,0,0,0,8077.379,206.04866,True,2026022400692,167,0.0,1.3927406e-05,1.3062916e-05,9.777321e-12,735.47687,0.2328034,3328.667,0.25350153,False,-2050.1523,575.6679,False,False,True,11.596111,,1656.908,1681,-2597.2312,6.848717,151.40966769557224,,2.296282564869271,,0.980471,,24.525143,,,0,False,,,,,,,,0,False,False,False,10516.986,28.786432,0.14867187,0.14586483,0.047407575,0.12418001,0.1625083,-0.007049494,False,False,False,False,0.0026891786,0.62325186,False,False,61096.19287936212,,16,False,False,False,False,False,False,False,False,False,False,False,False,False,False,False,False,False,False,False,False,False,i
3,61096.1926131924,lsst,151.40969242187774,2.2962679382006823,170028510548066453,170054959775613067,0,170028510548066453,-2654.1646,217.37303,0,0,0,7550.737,211.94444,True,2026022400695,183,0.0,1.4400908e-05,1.8513625e-05,1.8297069e-11,2642.8926,0.33455685,421.625,0.25808537,False,-3644.0085,548.58563,False,False,True,12.143941,,1787.5404,1681,-2795.0981,12.197015,151.40970168016256,,2.2962842159018675,,0.9658209,,-18.356472,,,0,False,,,,,,,,0,False,False,False,10234.19,14.590287,0.19639702,0.14133775,-0.03535273,0.16792627,0.19611312,0.021594236,False,False,False,False,0.023523338,0.63500446,False,False,61096.19443237869,,20,False,False,False,False,False,False,False,False,False,False,False,False,False,False,False,False,False,False,False,False,False,i
3,61096.193547905576,lsst,151.40964585439949,2.2962614941867088,170028510548066453,170054960040378537,0,170028510548066453,-2609.0073,213.11534,0,0,0,7674.403,207.61205,True,2026022400697,176,0.0,1.5071252e-05,1.5043272e-05,-1.0885322e-13,275.95248,0.2708357,2067.862,0.27174574,False,-3039.735,550.7748,False,False,True,12.167864,,1539.0055,1681,-2885.892,5.646399,151.40964242976617,,2.2962619603374335,,1.216218,,47.144012,,,0,False,,,,,,,,0,False,False,False,10269.378,18.844658,0.17564146,0.17855015,0.07665375,0.1818155,0.1646348,0.014357991,False,False,False,False,0.0021640125,0.6263967,False,False,61096.195472160995,,19,False,False,False,False,False,False,False,False,False,False,False,False,False,False,False,False,False,False,False,False,False,i
3,61096.194485238964,lsst,151.4096725370761,2.2962345313112142,170028510548066453,170054960306716846,0,170028510548066453,-2411.5017,204.50508,0,0,0,7563.652,197.71838,True,2026022400699,172,0.0,1.4163501e-05,2.270315e-05,-2.2842138e-11,1501.3292,0.40929925,3265.3076,0.2541838,False,-3012.6074,545.1122,False,False,True,11.563564,,1715.5956,1681,-2569.0469,8.241279,151.4096726560967,,2.296247750976329,,0.8401316,,33.99527,,,0,False,,,,,,,,0,False,False,False,9969.92,20.049925,0.16290301,0.14726394,0.032106996,0.17675865,0.15863948,0.021718243,False,False,False,False,0.023472643,0.63624734,False,False,61096.196430971904,,20,False,False,False,False,False,False,False,False,False,False,False,False,False,False,False,False,False,False,False,False,False,i
3,61096.194951500016,lsst,151.4096525873425,2.296269452757621,170028510548066453,170054960424681625,0,170028510548066453,-2585.4106,207.10103,0,0,0,7789.926,202.15926,True,2026022400700,141,0.0,1.678536e-05,1.5136585e-05,6.7367388e-12,894.4967,0.27189407,3277.4236,0.30274308,False,-3047.5273,540.799,False,False,True,12.108063,,1708.0642,1681,-2760.8972,8.100786,151.40966170500673,,2.2962657002679006,,0.93020105,,47.190804,,,0,False,,,,,,,,0,False,False,False,10360.676,20.36717,0.14997317,0.17629324,0.039170515,0.18750599,0.1658311,0.024910321,False,False,False,False,0.025599035,0.6030019,False,False,61096.196827071835,,18,False,False,False,False,False,False,False,False,False,False,False,False,False,False,False,False,False,False,False,False,False,i
3,61096.195413750655,lsst,151.40965865198737,2.296258878540704,170028510548066453,170054960576725131,0,170028510548066453,-2597.037,203.47855,0,0,0,7744.5386,197.61821,True,2026022400701,175,0.0,1.4107956e-05,1.3058863e-05,5.363812e-12,378.49655,0.23442023,1837.9119,0.2549922,False,-2488.7524,546.04395,False,False,True,12.659961,,1600.9371,1681,-2564.453,2.9897022,151.40966061918843,,2.296259765163202,,0.6221671,,39.193535,,,0,False,,,,,,,,0,False,False,False,10340.831,24.415495,0.13224378,0.1376709,0.017133493,0.14746548,0.14724424,0.01642121,False,False,False,False,0.025785541,0.5880269,False,False,61096.19711917297,,18,False,False,False,False,False,False,False,False,False,False,False,False,False,False,False,False,False,False,False,False,False,i
3,61096.19587903485,lsst,151.4096631538249,2.2962716411133877,170028510548066453,170054960710418584,0,170028510548066453,-2609.7686,206.81926,0,0,0,7759.529,201.12282,True,2026022400702,174,0.0,1.6327502e-05,1.6544825e-05,-1.6089091e-12,532.26086,0.2980495,1002.1547,0.2941684,False,-2953.7441,546.83795,False,False,True,12.691547,,1580.5753,1681,-2680.535,0.4313049,151.409666294573,,2.2962814034983348,,0.69290257,,-37.25145,,,0,False,,,,,,,,0,False,False,False,10381.137,20.386127,0.19918448,0.17062362,-0.015892323,0.1556146,0.15785265,0.012399623,False,False,False,False,0.11909293,0.5899692,False,False,61096.19761706657,,18,False,False,False,False,False,False,False,False,False,False,False,False,False,False,False,False,False,False,False,False,False,i
3,61096.19634614074,lsst,151.40968699325276,2.296277826340654,170028510548066453,170054960839393463,0,170028510548066453,-2315.249,202.6595,0,0,0,8046.309,196.57341,True,2026022400703,164,0.0,1.7052329e-05,1.8868805e-05,-2.0246678e-11,658.4215,0.34243095,1221.0398,0.3041726,False,-3282.0413,549.2712,False,False,True,11.383793,,1650.054,1681,-2284.1968,1.142058,151.40968292538375,,2.2962733298022484,,0.6329118,,-6.267165,,,0,False,,,,,,,,0,False,False,False,10391.422,29.08701,0.18656687,0.15320165,0.0059664263,0.13758397,0.14694355,0.014715355,False,False,False,False,0.12559505,0.5779371,False,False,61096.198105675605,,16,False,False,False,False,False,False,False,False,False,False,False,False,False,False,False,False,False,False,False,False,False,i
3,61096.19681011718,lsst,151.40966103078685,2.2962626994907103,170028510548066453,170054960975184014,0,170028510548066453,-2006.8602,208.55061,0,0,0,8311.496,203.07626,True,2026022400704,167,0.0,1.6796057e-05,1.5901229e-05,1.2080151e-11,1444.5356,0.28386196,1515.2238,0.30515707,False,-2746.72,554.61017,False,False,True,9.392925,,1688.3286,1681,-1960.7319,4.193672,151.40966462574312,,2.2962615794004337,,0.67583084,,8.535718,,,0,False,,,,,,,,0,False,False,False,10367.457,23.621195,0.12667587,0.103021406,0.017431833,0.13785389,0.15755339,0.01989973,False,False,False,False,0.16729952,0.5340056,False,False,61096.19861702122,,16,False,False,False,False,False,False,False,False,False,False,False,False,False,False,False,False,False,False,False,False,False,i
3,61096.1972811351,lsst,151.40965246659843,2.296285451684679,170028510548066453,170054961091576006,0,170028510548066453,-2620.578,193.03572,0,0,0,7410.589,185.07611,True,2026022400705,133,0.0,1.3968995e-05,1.1394251e-05,3.188994e-11,3848.036,0.1945688,2081.3142,0.25979924,False,-3256.9094,541.72107,False,False,True,13.45983,,1611.4835,1681,-2639.24,0.972908,151.4096544149212,,2.2962816446972645,,0.75260127,,54.78035,,,0,False,,,,,,,,0,False,False,False,9977.837,33.771717,0.10643165,0.15376395,0.0116574755,0.11557875,0.14257263,0.012585405,False,False,False,False,0.00020242247,0.60386276,False,False,61096.19896783386,,17,False,False,False,False,False,False,False,False,False,False,False,False,False,False,False,False,False,False,False,False,False,i
3,61096.19774598286,lsst,151.40967021821717,2.29625185486826,170028510548066453,170054961225793706,0,170028510548066453,-2803.9219,205.9376,0,0,0,7480.7896,200.69629,True,2026022400706,133,0.0,1.25670795e-05,1.33588455e-05,-1.2111868e-11,3096.946,0.24425128,3418.041,0.2222972,False,-2021.5787,540.3476,False,False,True,13.73258,,1725.5826,1681,-2890.8462,5.2038174,151.409673582691,,2.2962622938782213,,0.85860896,,-31.110832,,,0,False,,,,,,,,0,False,False,False,10294.049,21.525063,0.1796605,0.1112052,-0.007256479,0.13333483,0.17194173,-0.0028167563,False,False,False,False,0.008474345,0.5980818,False,False,61096.19957642484,,19,False,False,False,False,False,False,False,False,False,False,False,False,False,False,False,False,False,False,False,False,False,i
3,61096.19821011253,lsst,151.40968485194367,2.2962490201884362,170028510548066453,170054961377312904,0,170028510548066453,-2321.23,210.69116,0,0,0,7874.855,205.2931,True,2026022400707,166,0.0,1.5446776e-05,1.6884072e-05,-3.471806e-11,969.56,0.3138797,1518.6683,0.267516,False,-2693.0022,561.9456,False,False,True,10.910712,,1713.5226,1681,-2351.3757,6.1883864,151.40968133963028,,2.296258385630631,,0.87985235,,-60.319477,,,0,False,,,,,,,,0,False,False,False,10192.252,26.662853,0.1369248,0.103488475,-0.034240488,0.12159435,0.17267239,-0.0121776145,False,False,False,False,0.1161946,0.5304467,False,False,61096.19995754506,,17,False,False,False,False,False,False,False,False,False,False,False,False,False,False,False,False,False,False,False,False,False,i
3,61096.198677655935,lsst,151.4096743853535,2.296263713317694,170028510548066453,170054961494229162,0,170028510548066453,-2356.138,203.77534,0,0,0,8025.939,197.96652,True,2026022400708,133,0.0,1.8857647e-05,1.8068027e-05,2.8416637e-11,2733.0034,0.3164912,2471.533,0.34780204,False,-3083.0352,542.08093,False,False,True,11.451101,,1647.9464,1681,-2501.399,1.9002385,151.4096712675456,,2.2962643127910036,,0.9326141,,28.44052,,,0,False,,,,,,,,0,False,False,False,10378.459,18.723068,0.15626785,0.19641435,0.035900462,0.13611478,0.17326415,0.009448307,False,False,False,False,0.07300778,0.6005266,False,False,61096.20046010408,,19,False,False,False,False,False,False,False,False,False,False,False,False,False,False,False,False,False,False,False,False,False,i
3,61096.19914293368,lsst,151.40967420402438,2.2962475748447915,170028510548066453,170054961643651270,0,170028510548066453,-2299.0496,216.38847,0,0,0,7883.16,209.36935,True,2026022400709,162,0.0,1.8809846e-05,1.6793065e-05,9.445743e-11,1748.3694,0.2653317,3642.552,0.3690359,False,-2911.7366,560.3539,False,False,True,9.891741,,1613.7063,1681,-2539.3147,15.471863,151.4096578405452,,2.296244379900398,,1.5022697,,47.429207,,,0,False,,,,,,,,0,False,False,False,10182.288,23.353224,0.10476953,0.34073585,0.034214906,0.12158085,0.19912924,-0.008573234,False,False,False,False,0.45588833,0.513232,False,False,61096.20099352261,,20,False,False,False,False,False,False,False,False,False,False,False,False,False,False,False,False,False,False,False,False,False,i
3,61096.200070543055,lsst,151.40965138006868,2.2962294392022753,170028510548066453,170054961914708142,0,170028510548066453,-2318.7466,212.90433,0,0,0,7545.483,206.56747,True,2026022400711,167,0.0,1.670791e-05,1.3145911e-05,7.968605e-11,1464.3677,0.20549805,3672.8845,0.32356977,False,-2934.3115,560.4533,False,False,True,10.595291,,1703.7964,1681,-2519.0981,10.45491,151.4096389768477,,2.296217876641152,,1.3033111,,26.636274,,,0,False,,,,,,,,0,False,False,False,9869.4375,27.85937,0.12920795,0.191749,0.088258356,0.13331689,0.17321165,0.0074127973,False,False,False,False,0.008476053,0.5859545,False,False,61096.201759150805,,18,False,False,False,False,False,False,False,False,False,False,False,False,False,False,False,False,False,False,False,False,False,i
1,61096.202399802736,lsst,151.4096864874747,2.2962339442499897,170028510548066453,170054962189959335,0,170028510548066453,-3091.5022,126.481575,0,0,0,5135.948,124.819595,True,2026022400713,180,0.0,8.1599155e-06,1.0015461e-05,8.147297e-12,2576.6318,0.18188785,1212.4448,0.14486957,False,-3205.1384,282.59174,False,False,True,23.839722,,1677.7427,1681,-3235.6707,1.9145786,151.40968678273356,,2.2962319669742293,,1.0344148,,32.920452,,,0,False,,,,,,,,0,False,False,False,8251.77,17.807566,0.26770297,0.190592,0.0322299,0.23715152,0.18606625,0.027227676,False,False,False,False,0.035692364,0.6760298,False,False,61096.20401673189,,23,False,False,False,False,False,False,False,False,False,False,False,False,False,False,False,False,False,False,False,False,False,g
1,61096.20286370095,lsst,151.4096826326996,2.296254564019733,170028510548066453,170054962320507018,0,170028510548066453,-2780.631,131.4533,0,0,0,5535.669,130.28636,True,2026022400714,173,0.0,1.0736637e-05,1.0709686e-05,-1.7582854e-13,2815.972,0.19265495,2721.0085,0.19340679,False,-2604.7405,286.25922,False,False,True,21.1989,,1644.6956,1681,-2733.916,0.17043197,151.40967814208148,,2.2962547212078226,,0.5099072,,73.09566,,,0,False,,,,,,,,0,False,False,False,8327.647,17.015522,0.2320509,0.24522449,0.0089772325,0.22828871,0.20411383,0.029837009,False,False,False,False,0.056555003,0.64623785,False,False,61096.20457835165,,25,False,False,False,False,False,False,False,False,False,False,False,False,False,False,False,False,False,False,False,False,False,g
1,61096.20379147207,lsst,151.4096921570237,2.29625885919933,170028510548066453,170054962590515345,0,170028510548066453,-2815.592,124.29975,0,0,0,5475.97,123.20272,True,2026022400716,176,0.0,8.833357e-06,8.361621e-06,-5.8895385e-13,2388.3792,0.15042575,1481.8033,0.1592253,False,-2633.8564,284.3828,False,False,True,22.36573,,1644.5233,1681,-2786.0093,0.5150941,151.40968963936857,,2.2962588568578193,,0.68659484,,47.9223,,,0,False,,,,,,,,0,False,False,False,8355.898,33.351017,0.18554452,0.18429251,0.020943744,0.19207072,0.1902205,0.016137935,False,False,False,False,0.0050632823,0.6688304,False,False,61096.20558935639,,22,False,False,False,False,False,False,False,False,False,False,False,False,False,False,False,False,False,False,False,False,False,g
1,61096.204258667596,lsst,151.40969468357804,2.296242412056793,170028510548066453,170054962724208772,0,170028510548066453,-2826.563,126.26304,0,0,0,5409.425,124.87312,True,2026022400717,175,0.0,8.603572e-06,9.833514e-06,3.5718187e-13,2464.67,0.17694275,1657.1187,0.15503208,False,-2762.3489,283.34894,False,False,True,22.069605,,1752.4016,1681,-2866.5593,1.7505746,151.4096959538224,,2.29624463734459,,0.8438437,,21.336771,,,0,False,,,,,,,,0,False,False,False,8271.803,19.773794,0.2255442,0.17644663,0.021255663,0.20813446,0.19952086,0.015146538,False,False,False,False,0.0009841217,0.6660569,False,False,61096.205882967246,,23,False,False,False,False,False,False,False,False,False,False,False,False,False,False,False,False,False,False,False,False,False,g
1,61096.2047259933,lsst,151.40967847825226,2.2962517388436896,170028510548066453,170054962856329344,0,170028510548066453,-3112.9065,123.22276,0,0,0,5135.4736,121.34446,True,2026022400718,171,0.0,7.5867597e-06,8.104544e-06,-2.6269815e-13,1705.3348,0.14582166,3011.4084,0.13663836,False,-3160.5654,285.0064,False,False,True,24.864265,,1830.2,1681,-3102.624,0.88257504,151.40967809872208,,2.2962548846617317,,0.71507096,,8.196353,,,0,False,,,,,,,,0,False,False,False,8319.364,22.662258,0.21280271,0.17006354,0.007944067,0.19815303,0.18692765,0.01131183,False,False,False,False,0.00015918956,0.68284833,False,False,61096.20641841693,,22,False,False,False,False,False,False,False,False,False,False,False,False,False,False,False,False,False,False,False,False,False,g
1,61096.20518922874,lsst,151.40969875649606,2.2962450823764504,170028510548066453,170054962992119920,0,170028510548066453,-2929.865,129.74483,0,0,0,5384.477,127.27829,True,2026022400719,174,0.0,9.243158e-06,8.714073e-06,8.87828e-13,3572.762,0.15672807,2973.0774,0.16669045,False,-2631.54,285.70248,False,False,True,22.3233,,1714.3136,1681,-2775.513,0.015021356,151.40969929720217,,2.29624692567966,,0.32575396,,-67.41451,,,0,False,,,,,,,,0,False,False,False,8295.894,28.676466,0.21129586,0.21637958,-0.0036852292,0.20954897,0.21072702,0.008495575,False,False,False,False,0.0016289875,0.6580954,False,False,61096.20683465059,,23,False,False,False,False,False,False,False,False,False,False,False,False,False,False,False,False,False,False,False,False,False,g
1,61096.20612487248,lsst,151.40970131095307,2.2962357800022124,170028510548066453,170054963255312501,0,170028510548066453,-2809.8584,121.18998,0,0,0,5257.264,118.03851,True,2026022400721,164,0.0,9.345501e-06,7.867038e-06,5.145989e-12,3715.6135,0.14039344,1451.9318,0.16925466,False,-2529.9656,281.95853,False,False,True,22.829626,,1642.9988,1681,-2950.4402,1.1481392,151.40970183961628,,2.296239230120793,,0.92528045,,62.249817,,,0,False,,,,,,,,0,False,False,False,8098.3184,33.944363,0.17287667,0.23896132,0.021957064,0.1944506,0.19198462,0.01846111,False,False,False,False,0.020656917,0.6674042,False,False,61096.20805730153,,22,False,False,False,False,False,False,False,False,False,False,False,False,False,False,False,False,False,False,False,False,False,g
1,61096.207055633524,lsst,151.40970080681402,2.2962512491982348,170028510548066453,170054963523747970,0,170028510548066453,-2873.7798,120.16805,0,0,0,5273.896,117.45247,True,2026022400723,164,0.0,8.003526e-06,9.116873e-06,-6.3305476e-12,3137.103,0.16589543,615.35205,0.14194527,False,-3579.281,282.67883,False,False,True,23.500628,,1703.5515,1681,-2954.6785,0.07689375,151.40969433099292,,2.2962540157679014,,0.8654257,,3.0582936,,,0,False,,,,,,,,0,False,False,False,8205.221,35.09487,0.23763825,0.1852659,0.021926412,0.18188196,0.16765976,0.025134109,False,False,False,False,0.17505132,0.68293905,False,False,61096.20873606026,,22,False,False,False,False,False,False,False,False,False,False,False,False,False,False,False,False,False,False,False,False,False,g
1,61096.20752107461,lsst,151.4097229926177,2.296252359012611,170028510548066453,170054963659014296,0,170028510548066453,-2614.0083,138.35748,0,0,0,5382.441,136.02762,True,2026022400724,166,0.0,1.2615166e-05,1.1520051e-05,1.1494743e-11,3646.4932,0.20400749,2914.2417,0.23046046,False,-2808.7627,288.0203,False,False,True,18.673841,,1787.9845,1681,-2711.481,3.1064508,151.40970687256976,,2.296246897214571,,1.1039666,,51.99109,,,0,False,,,,,,,,0,False,False,False,8012.726,11.6032915,0.21171099,0.3050162,0.033284158,0.16997406,0.28202623,0.004231511,False,False,False,False,0.109571345,0.58776593,False,False,61096.20937059428,,29,False,False,False,False,False,False,False,False,False,False,False,False,False,False,False,False,False,False,False,False,False,g
1,61096.20806593661,lsst,151.40970015458015,2.296249871508699,170028510548066453,170054963801096344,0,170028510548066453,-2867.3916,121.91545,0,0,0,5373.679,119.92934,True,2026022400725,181,0.0,6.8718914e-06,9.965926e-06,1.27696595e-11,644.24554,0.18204015,3650.5837,0.11986066,False,-2169.343,287.25674,False,False,True,23.166983,,1627.2396,1681,-3086.735,0.8908737,151.40970065660548,,2.296253906409899,,1.1129721,,16.512236,,,0,False,,,,,,,,0,False,False,False,8231.83,27.391176,0.2641596,0.14428277,0.007151924,0.230199,0.13824154,-0.0027180272,False,False,False,False,0.05288661,0.6568182,False,False,61096.209801854,,22,False,False,False,False,False,False,False,False,False,False,False,False,False,False,False,False,False,False,False,False,False,g
1,61096.2085328626,lsst,151.40969771847844,2.296241881490106,170028510548066453,170054963936362642,0,170028510548066453,-2712.7292,126.42879,0,0,0,5535.2705,125.07965,True,2026022400726,183,0.0,8.127872e-06,1.0208509e-05,6.8135567e-12,3107.456,0.18481143,3445.738,0.14522217,False,-2497.224,297.36685,False,False,True,21.320194,,1692.3947,1681,-2788.6638,0.26126862,151.4096951577592,,2.296241610026035,,0.8107427,,42.006912,,,0,False,,,,,,,,0,False,False,False,8279.546,24.013145,0.19761093,0.1714711,0.02699164,0.22095594,0.15065768,0.0064838068,False,False,False,False,0.00021592599,0.6618943,False,False,61096.21024597788,,22,False,False,False,False,False,False,False,False,False,False,False,False,False,False,False,False,False,False,False,False,False,g
1,61096.20900341174,lsst,151.40968614217022,2.2962457266554215,170028510548066453,170054964066910333,0,170028510548066453,-2716.1936,121.8576,0,0,0,5569.721,120.12944,True,2026022400727,176,0.0,7.830578e-06,8.864509e-06,2.1352824e-12,2698.2422,0.15979013,1687.1582,0.14081906,False,-2164.8516,286.7668,False,False,True,22.118765,,1616.8922,1681,-2753.6196,1.255736,151.40968657193878,,2.296246944411722,,0.8131454,,46.244934,,,0,False,,,,,,,,0,False,False,False,8300.669,34.074837,0.17638077,0.16415076,0.029799925,0.19259807,0.1649123,0.014337512,False,False,False,False,0.010038579,0.6752083,False,False,61096.21061983878,,20,False,False,False,False,False,False,False,False,False,False,False,False,False,False,False,False,False,False,False,False,False,g
1,61096.2094687807,lsst,151.40969894393055,2.296246990306379,170028510548066453,170054964199555225,0,170028510548066453,-2857.0027,116.16214,0,0,0,5310.6416,114.77719,True,2026022400728,173,0.0,6.5812633e-06,7.933044e-06,1.4279402e-12,3634.3381,0.14285298,2323.8315,0.1183864,False,-2716.5671,285.42017,False,False,True,24.388767,,1706.8475,1681,-2962.9648,1.8370898,151.40969795049924,,2.2962505002081475,,0.92501944,,-21.067589,,,0,False,,,,,,,,0,False,False,False,8220.657,30.448,0.19580343,0.14432356,-0.031358745,0.18533613,0.13705066,-0.004121381,False,False,False,False,0.012130022,0.70638335,False,False,61096.21105930848,,24,False,False,False,False,False,False,False,False,False,False,False,False,False,False,False,False,False,False,False,False,False,g
1,61096.20993671028,lsst,151.40969250886866,2.2962362171468413,170028510548066453,170054964333248666,0,170028510548066453,-2841.6333,117.82074,0,0,0,5308.215,115.60187,True,2026022400729,172,0.0,7.7376e-06,8.561044e-06,2.9139424e-13,3647.0088,0.1540331,3186.8152,0.13936621,False,-2410.8948,282.0566,False,False,True,24.239803,,1605.486,1681,-2863.9338,0.78822714,151.40969279348272,,2.2962374393842233,,0.60736096,,50.783302,,,0,False,,,,,,,,0,False,False,False,8183.371,32.279884,0.16662404,0.17171149,0.016041428,0.19516993,0.15704355,0.018912723,False,False,False,False,0.0068134684,0.69360197,False,False,61096.211655218605,,21,False,False,False,False,False,False,False,False,False,False,False,False,False,False,False,False,False,False,False,False,False,g
1,61096.2104025147,lsst,151.4096847398624,2.296250468103129,170028510548066453,170054964451213459,0,170028510548066453,-2856.968,115.783,0,0,0,5484.1655,113.96413,True,2026022400730,141,0.0,7.3637575e-06,9.100983e-06,-7.9262204e-13,2662.701,0.1637159,3682.35,0.13252518,False,-2620.9795,271.0213,False,False,True,24.461538,,1729.4801,1681,-2897.7722,0.3671303,151.40968423967556,,2.296253125985805,,0.7160451,,-1.0684558,,,0,False,,,,,,,,0,False,False,False,8363.3125,19.15674,0.21738786,0.17171687,0.00043366916,0.19109447,0.17401478,0.0043747798,False,False,False,False,0.019505732,0.63554937,False,False,61096.212522199945,,22,False,False,False,False,False,False,False,False,False,False,False,False,False,False,False,False,False,False,False,False,False,g
1,61096.21086719592,lsst,151.4096770667254,2.2962484349378616,170028510548066453,170054964603256953,0,170028510548066453,-2966.3208,122.75258,0,0,0,5354.702,120.68835,True,2026022400731,175,0.0,8.244355e-06,7.269584e-06,1.2801037e-12,2783.8125,0.13067226,1851.6217,0.14869188,False,-3166.6128,285.09036,False,False,True,23.779161,,1656.2096,1681,-2895.8176,1.1892827,151.40967400183527,,2.296247137101807,,0.74961585,,68.51802,,,0,False,,,,,,,,0,False,False,False,8367.833,32.034924,0.15315764,0.19566037,0.013935428,0.16732115,0.1717746,0.0052987305,False,False,False,False,0.0034811602,0.6714108,False,False,61096.21244949321,,22,False,False,False,False,False,False,False,False,False,False,False,False,False,False,False,False,False,False,False,False,False,g
1,61096.21133153461,lsst,151.40969189465966,2.296258061840328,170028510548066453,170054964736950393,0,170028510548066453,-2890.342,124.92898,0,0,0,5411.5786,122.41656,True,2026022400732,174,0.0,9.725603e-06,8.361228e-06,3.4797876e-12,2887.1187,0.14993335,1409.441,0.1757108,False,-3053.0505,286.8957,False,False,True,23.037596,,1656.8992,1681,-2929.2883,0.09734592,151.40969017272653,,2.296256015055055,,0.8116906,,74.72995,,,0,False,,,,,,,,0,False,False,False,8319.035,29.921078,0.1838009,0.24121718,0.007621118,0.17810343,0.18378219,0.008654041,False,False,False,False,0.12871553,0.6547808,False,False,61096.21300745988,,24,False,False,False,False,False,False,False,False,False,False,False,False,False,False,False,False,False,False,False,False,False,g
1,61096.211799123135,lsst,151.40968069188605,2.29625490188064,170028510548066453,170054964865925261,0,170028510548066453,-2731.9927,120.00113,0,0,0,5530.1616,117.89854,True,2026022400733,164,0.0,8.111129e-06,1.0347415e-05,-7.991495e-12,2654.0283,0.18747114,2048.2441,0.14441502,False,-2864.0493,283.91193,False,False,True,22.901354,,1611.9622,1681,-2861.4731,0.34213504,151.40967670286824,,2.29625567960813,,0.98406243,,-9.056236,,,0,False,,,,,,,,0,False,False,False,8347.967,21.025438,0.23215221,0.14004704,0.0025526104,0.16790192,0.15992305,0.0016651363,False,False,False,False,0.07234245,0.6767455,False,False,61096.21340866963,,22,False,False,False,False,False,False,False,False,False,False,False,False,False,False,False,False,False,False,False,False,False,g
1,61096.21226454733,lsst,151.4096979270267,2.296246916286086,170028510548066453,170054965001715852,0,170028510548066453,-2848.1453,119.33809,0,0,0,5290.4614,117.17018,True,2026022400734,167,0.0,8.16634e-06,9.661202e-06,-6.976219e-12,3862.6057,0.17546809,2248.022,0.14527778,False,-3152.2034,284.68204,False,False,True,23.84618,,1669.5424,1681,-2868.8923,0.025887959,151.40969448119048,,2.296253017553886,,0.62643564,,-3.0251071,,,0,False,,,,,,,,0,False,False,False,8133.5547,27.96651,0.20712301,0.1751398,0.006392211,0.19149451,0.1593508,0.024432262,False,False,False,False,0.034594964,0.6882074,False,False,61096.21395561839,,21,False,False,False,False,False,False,False,False,False,False,False,False,False,False,False,False,False,False,False,False,False,g
1,61096.21273043649,lsst,151.40969009392944,2.2962355113652904,170028510548066453,170054965118632086,0,170028510548066453,-2948.2156,111.593575,0,0,0,5260.9478,109.16795,True,2026022400735,134,0.0,6.7416954e-06,6.8496597e-06,-4.4122583e-13,1295.2561,0.1233866,3026.4468,0.12120072,False,-2670.2036,272.43143,False,False,True,25.905321,,1691.3292,1681,-2907.8318,0.4017922,151.40968917006316,,2.2962369175889816,,0.6642178,,15.57876,,,0,False,,,,,,,,0,False,False,False,8242.772,45.910355,0.17499107,0.15797794,0.017724829,0.17098323,0.14499885,0.01546004,False,False,False,False,0.011345207,0.67156607,False,False,61096.214470296196,,22,False,False,False,False,False,False,False,False,False,False,False,False,False,False,False,False,False,False,False,False,False,g
1,61096.21319369022,lsst,151.40969877157394,2.296248794593095,170028510548066453,170054965268578436,0,170028510548066453,-2688.2004,118.789696,0,0,0,5498.4883,116.98041,False,2026022400736,164,,8.319619e-06,8.061944e-06,1.7923677e-12,670.86725,0.14432949,179.55215,0.15051745,False,-2669.565,284.37903,False,False,True,22.373419,,1631.0085,1681,-2616.252,0.50875324,151.40969880862374,,2.2962512519473943,,0.5425518,,42.289932,,,0,False,,,,,,,,0,False,False,False,8225.836,29.463266,0.16181567,0.17611788,0.010635771,0.16737047,0.16578375,0.012608821,False,False,False,False,0.0008566929,0.6942151,False,False,61096.214825591014,,21,False,False,False,False,False,False,False,False,False,False,False,False,False,False,False,False,False,False,False,False,False,g
1,61096.21365581294,lsst,151.4096949567713,2.2962460062500716,170028510548066453,170054965403844732,0,170028510548066453,-2755.0947,122.93033,0,0,0,5361.5347,120.02304,True,2026022400737,166,0.0,8.301896e-06,8.298538e-06,1.5864137e-13,3413.7705,0.14928094,2691.3787,0.1497759,False,-2129.8894,287.17926,False,False,True,22.057188,,1778.8055,1681,-2629.1382,0.48332646,151.40969093358825,,2.2962481457587764,,0.3617938,,46.979717,,,0,False,,,,,,,,0,False,False,False,8188.1733,43.348743,0.1719631,0.18046613,0.0035777453,0.17034452,0.18271315,0.010315715,False,False,False,False,1.4006197e-05,0.6655936,False,False,61096.21525204812,,21,False,False,False,False,False,False,False,False,False,False,False,False,False,False,False,False,False,False,False,False,False,g
1,61096.21413016114,lsst,151.40969171811787,2.296247174619525,170028510548066453,170054965521285280,0,170028510548066453,-2994.938,112.859604,0,0,0,5286.318,111.1258,True,2026022400738,134,0.0,7.0948704e-06,7.4185955e-06,-2.8620194e-12,228.62144,0.13510431,3515.179,0.12600072,False,-2752.1453,271.78732,False,False,True,26.221834,,1686.7339,1681,-2900.59,0.18513948,151.40969170241507,,2.296248752096544,,0.4874277,,-62.141438,,,0,False,,,,,,,,0,False,False,False,8345.941,22.214973,0.16787985,0.16187727,-0.00981685,0.16588946,0.15687884,0.0049745794,False,False,False,False,0.0018892565,0.69294375,False,False,61096.2158577519,,21,False,False,False,False,False,False,False,False,False,False,False,False,False,False,False,False,False,False,False,False,False,g
1,61096.214594664125,lsst,151.40969166624342,2.2962536349408125,170028510548066453,170054965671755905,0,170028510548066453,-3024.5476,126.98797,0,0,0,5153.1006,125.41443,True,2026022400739,165,0.0,8.564966e-06,8.153442e-06,5.67684e-12,4008.9702,0.14324003,927.9889,0.15770744,False,-3178.5657,291.38718,False,False,True,23.72621,,1598.5452,1681,-3082.7644,0.41221276,151.4096853109902,,2.2962541637843255,,0.7792448,,37.431637,,,0,False,,,,,,,,0,False,False,False,8205.26,34.71134,0.18830271,0.22532375,0.020011108,0.18154013,0.19124801,0.016422315,False,False,False,False,0.054477956,0.7056935,False,False,61096.216306484595,,22,False,False,False,False,False,False,False,False,False,False,False,False,False,False,False,False,False,False,False,False,False,g
1,61096.215109506855,lsst,151.40968307797297,2.296248947402485,170028510548066453,170054965811740813,0,170028510548066453,-2570.8845,122.99227,0,0,0,5735.537,121.763275,True,2026022400740,176,0.0,9.085376e-06,1.1040523e-05,-3.1864435e-12,1686.1603,0.19888748,1790.4308,0.1634822,False,-2515.6086,286.27112,False,False,True,20.667137,,1730.0724,1681,-2706.4624,0.23572543,151.40967993880733,,2.2962486659804875,,0.95049435,,18.889492,,,0,False,,,,,,,,0,False,False,False,8332.134,23.42932,0.24633765,0.18914123,0.030560914,0.1890378,0.1773507,0.022362884,False,False,False,False,0.15042014,0.6396946,False,False,61096.21685452508,,22,False,False,False,False,False,False,False,False,False,False,False,False,False,False,False,False,False,False,False,False,False,g
1,61096.21557514032,lsst,151.40969181063085,2.296244376571633,170028510548066453,170054965947007132,0,170028510548066453,-2759.7114,124.84058,0,0,0,5393.2197,121.8593,True,2026022400741,178,0.0,8.454564e-06,9.617187e-06,-2.8354107e-12,3030.272,0.17343777,863.2795,0.15205465,False,-2604.4075,290.9978,False,False,True,22.220394,,1627.1556,1681,-2858.6714,0.872041,151.40968534392127,,2.2962449652021517,,0.81836265,,-0.7030683,,,0,False,,,,,,,,0,False,False,False,8189.87,30.919027,0.23103108,0.17200567,0.007154534,0.19226986,0.17441311,0.022558188,False,False,False,False,0.04412446,0.64570296,False,False,61096.21733187398,,22,False,False,False,False,False,False,False,False,False,False,False,False,False,False,False,False,False,False,False,False,False,g
1,61096.2160420688,lsst,151.40968038713862,2.296247117331135,170028510548066453,170054966079127688,0,170028510548066453,-2799.2388,122.57848,0,0,0,5498.0674,121.52056,True,2026022400742,174,0.0,7.4414893e-06,9.537303e-06,-6.7557713e-12,3340.3687,0.17278856,2003.559,0.13260539,False,-2836.68,287.96616,False,False,True,22.332335,,1649.4271,1681,-2823.3015,1.1688974,151.4096786304674,,2.296246622102484,,0.81782687,,-5.769206,,,0,False,,,,,,,,0,False,False,False,8348.435,22.507347,0.20665158,0.14606234,0.004969155,0.19868904,0.15929274,0.008557406,False,False,False,False,0.0009694607,0.6563589,False,False,61096.21763065529,,22,False,False,False,False,False,False,False,False,False,False,False,False,False,False,False,False,False,False,False,False,False,g
4,61096.21784403897,lsst,151.40972461349781,2.2962329240646318,170028510548066453,170054966212296864,0,170028510548066453,-2922.2803,365.75894,0,0,0,9481.493,347.86765,True,2026022400743,172,0.0,2.7651473e-05,2.2771379e-05,6.8333256e-11,610.61304,0.40284732,3063.8936,0.5040875,False,-4643.963,978.7187,False,False,True,7.6737175,,1582.8219,1681,-3224.0315,7.4090905,151.4097174832922,,2.296228297323667,,1.2974854,,42.49764,,,0,False,,,,,,,,0,False,False,False,12315.213,88.813416,0.17883486,0.24912062,0.07861416,0.15529954,0.14881642,0.024151089,False,False,False,False,0.46803817,0.5537093,False,False,61096.21950260918,,16,False,False,False,False,False,False,False,False,False,False,False,False,False,False,False,False,False,False,False,False,False,z
4,61096.21877667205,lsst,151.4096852877177,2.296260505157191,170028510548066453,170054966460809348,0,170028510548066453,-2748.395,364.36258,1,0,0,10921.658,351.5206,True,2026022400745,134,0.0,0.0037670715,0.010054184,-3.7324065e-05,1106.0,192.95831,1546.0,10.811498,True,-3620.1472,998.8945,True,False,True,7.871724,,1676.2786,1681,,,,,,,,,,,,0,False,,,,,,,,0,True,False,False,13717.012,128.14189,0.10591252,0.25889584,-0.056135193,0.15870695,0.13983507,0.011314966,True,False,False,False,,0.6247199,False,False,61096.220411325776,,16,False,False,False,False,False,False,False,False,False,False,False,False,False,False,False,False,False,False,False,False,False,z
4,61096.219707164586,lsst,151.4096679951356,2.296263652125849,170028510548066453,170054966744449224,0,170028510548066453,-2883.994,360.83585,0,0,0,10881.741,347.87814,True,2026022400747,163,0.0,1.9869987e-05,2.9593613e-05,-3.18447e-10,3557.0947,0.5791652,3251.8394,0.27707088,False,-3098.3545,996.6921,False,False,True,7.923263,,1640.3226,1681,-2922.1558,37.12817,151.40966133948243,,2.2962981521983186,,0.8392227,,-35.1361,,,0,False,,,,,,,,0,False,False,False,13763.706,117.45346,0.13669077,0.06981908,-0.010419615,0.15251613,0.14726661,0.032148384,False,False,False,False,0.30472583,0.54808766,False,False,61096.22144828697,,16,False,False,False,False,False,False,False,False,False,False,False,False,False,False,False,False,False,False,False,False,False,z
4,61096.22017339264,lsst,151.40968810446162,2.2962257871031393,170028510548066453,170054966862938280,0,170028510548066453,-2480.3027,359.26736,0,0,0,10679.181,348.36063,True,2026022400748,133,0.0,2.550195e-05,2.7808075e-05,-1.0090052e-10,465.38943,0.5187622,2654.8496,0.43889976,False,-2667.6765,1015.90515,False,False,True,6.720799,,1634.5366,1681,-2502.564,17.410742,151.4096683191646,,2.296233409505903,,0.77612686,,-69.291214,,,0,False,,,,,,,,0,False,False,False,13218.37,93.57593,0.12442839,0.11410434,-0.028104978,0.13830046,0.14763214,0.01362153,False,False,False,False,0.09365022,0.57983893,False,False,61096.22180620132,,12,False,False,False,False,False,False,False,False,False,False,False,False,False,False,False,False,False,False,False,False,False,z
4,61096.22063748473,lsst,151.40968751653452,2.296262684466735,170028510548066453,170054967012884683,0,170028510548066453,-2680.631,359.18097,0,0,0,10909.158,347.597,True,2026022400749,163,0.0,4.3257798e-05,3.4799563e-05,7.176071e-10,185.85147,0.49372393,3000.2598,0.87035507,False,-3154.7588,1014.83844,False,False,True,7.1162252,,1587.321,1681,-2983.831,24.689194,151.40969373239136,,2.2962564746407605,,1.268216,,50.09016,,,0,False,,,,,,,,0,False,False,False,13635.741,118.51571,0.11655414,0.27710804,0.020899199,0.12679824,0.15259358,0.011566153,False,False,False,False,0.44318277,0.5262022,False,False,61096.2223173695,,14,False,False,False,False,False,False,False,False,False,False,False,False,False,False,False,False,False,False,False,False,False,z
4,61096.22297164959,lsst,151.40969928584022,2.2962629168629447,170028510548066453,170054967664050429,0,170028510548066453,-2338.7927,361.29773,0,0,0,11184.679,351.99637,True,2026022400754,125,0.0,4.5962963e-05,4.7144946e-05,5.5244415e-10,1224.5272,0.7238389,3334.9685,0.940379,False,-4526.939,1033.9261,False,False,True,6.705967,,1705.0956,1681,-2484.6328,38.01684,151.40968338992687,,2.2962265437645475,,0.79241335,,-101.03271,,,0,False,,,,,,,,0,False,False,False,13534.475,108.929794,0.12842442,0.14537078,-0.028179325,0.1259359,0.15259513,0.00068918854,False,False,False,False,0.0010086978,0.5161842,False,False,61096.22472749891,,12,False,False,False,False,False,False,False,False,False,False,False,False,False,False,False,False,False,False,False,False,False,z
4,61096.22454936262,lsst,151.40969864961676,2.2962507123480878,170028510548066453,170054968093442201,0,170028510548066453,-3090.3606,351.6354,0,0,0,10281.509,338.89435,True,2026022400757,176,0.0,3.727725e-05,2.0182044e-05,-1.306414e-10,2854.182,0.35570607,1688.2135,0.67625237,False,-2428.875,997.3688,False,False,True,9.059302,,1730.4528,1681,-3578.383,6.4003596,151.4096519599231,,2.2962502173233155,,1.0022547,,44.258694,,,0,False,,,,,,,,0,False,False,False,13350.717,106.664856,0.21570282,0.18913423,0.045647483,0.18690698,0.13055995,0.008168368,False,False,False,False,0.26005846,0.5828278,False,False,61096.226189775596,,17,False,False,False,False,False,False,False,False,False,False,False,False,False,False,False,False,False,False,False,False,False,z
4,61096.225483700924,lsst,151.409659706553,2.296224015355782,170028510548066453,170054968359780533,0,170028510548066453,-2531.5483,341.66058,0,0,0,10452.921,328.63104,True,2026022400759,172,0.0,2.2829023e-05,1.9133597e-05,-4.5280234e-12,3773.8628,0.34436896,3203.0923,0.4114767,False,-3728.2158,980.1604,False,False,True,7.2401657,,1535.3173,1681,-2730.0361,3.200825,151.40966472089343,,2.2962344198467117,,1.0258089,,27.127449,,,0,False,,,,,,,,0,False,False,False,12940.603,101.515976,0.20003812,0.13521887,0.04011307,0.17075098,0.12856711,0.030927293,False,False,False,False,0.05257695,0.5753065,False,False,61096.2271720103,,15,False,False,False,False,False,False,False,False,False,False,False,False,False,False,False,False,False,False,False,False,False,z
4,61096.22641582776,lsst,151.40962703864938,2.2962461248965074,170028510548066453,170054968629788844,0,170028510548066453,-2456.8977,356.90155,0,0,0,10136.655,337.32327,True,2026022400761,175,0.0,6.9104746e-05,8.258078e-05,-1.6386674e-10,2923.756,1.4881866,1871.6707,1.2443385,False,-4425.2773,995.9524,False,False,True,7.5256214,,1839.8354,1681,-3199.4375,35.611214,151.40965343683766,,2.296291907375199,,1.3393131,,-19.985338,,,0,False,,,,,,,,0,False,False,False,12567.538,124.26421,0.29683536,0.13783993,-0.047721386,0.1676986,0.13847753,0.04010981,False,False,False,False,0.49106422,0.57570255,False,False,61096.22806508237,,17,False,False,False,False,False,False,False,False,False,False,False,False,False,False,False,False,False,False,False,False,False,z
4,61096.22688246795,lsst,151.40962828048987,2.296240478890237,170028510548066453,170054968763482258,0,170028510548066453,-2732.4119,366.3986,0,0,0,10376.128,354.75208,True,2026022400762,174,0.0,7.479561e-05,8.580437e-05,-2.3456548e-10,3021.9292,1.5479928,1448.1226,1.3449202,False,-4704.877,992.5524,False,False,True,7.6141586,,1800.0989,1681,-3528.8118,34.499504,151.40965657468095,,2.296193455492441,,1.6857992,,-57.337227,,,0,False,,,,,,,,0,False,False,False,13167.06,126.0792,0.33213463,0.38166597,-0.14362504,0.16094306,0.1567038,0.03949449,False,False,False,False,0.99794513,0.513153,False,False,61096.228551440174,,16,False,False,False,False,False,False,False,False,False,False,False,False,False,False,False,False,False,False,False,False,False,z
4,61096.2278163914,lsst,151.40965684474267,2.296261709515965,170028510548066453,170054969028247730,0,170028510548066453,-2891.2402,363.72644,0,0,0,10810.917,353.8696,True,2026022400764,167,0.0,2.5006331e-05,2.5130026e-05,-1.1132257e-12,3998.9268,0.45256302,2293.2651,0.45088693,False,-4016.6494,1004.0773,False,False,True,7.8733916,,1623.5736,1681,-2909.016,46.03946,151.40966346289076,,2.296255781761366,,0.8699983,,38.95195,,,0,False,,,,,,,,0,False,False,False,13753.509,125.642715,0.101932645,0.12160334,0.03627851,0.16034272,0.14160639,0.0077797477,False,False,False,False,0.22516227,0.6377056,False,False,61096.22950332191,,15,False,False,False,False,False,False,False,False,False,False,False,False,False,False,False,False,False,False,False,False,False,z
4,61096.22828304482,lsst,151.40962465282345,2.296264023048971,170028510548066453,170054969145163951,0,170028510548066453,-2960.3525,358.0639,0,0,0,10254.381,347.0598,True,2026022400765,134,0.0,4.066033e-05,4.423385e-05,-9.5402915e-11,1388.2325,0.8018044,3075.7788,0.7262537,False,-3798.7827,1025.802,False,False,True,8.37884,,1729.2688,1681,-3246.6191,14.397569,151.40964505242954,,2.296253533237095,,0.99709773,,-13.91939,,,0,False,,,,,,,,0,False,False,False,13136.783,122.31185,0.26454395,0.17174326,0.00378987,0.15284908,0.12697096,0.0034661575,False,False,False,False,0.6652593,0.57030636,False,False,61096.23000121567,,15,False,False,False,False,False,False,False,False,False,False,False,False,False,False,False,False,False,False,False,False,False,z
4,61096.22968516247,lsst,151.40969673318136,2.296284721205982,170028510548066453,170054969547817149,0,170028510548066453,-2816.788,380.025,0,0,0,10709.937,371.12958,True,2026022400768,134,0.0,3.512247e-05,3.2927604e-05,9.274257e-11,325.98413,0.5805033,3568.2317,0.6439494,False,-4208.6807,1021.4572,False,False,True,7.344215,,1676.7996,1681,-3286.4006,20.938461,151.40971991903004,,2.296328687752741,,1.5762231,,-107.295784,,,0,False,,,,,,,,0,False,False,False,13627.741,80.85112,0.17704271,0.42386785,-0.035728157,0.16637097,0.14916575,0.01651901,False,False,False,False,0.96039927,0.5254179,False,False,61096.23134757154,,18,False,False,False,False,False,False,False,False,False,False,False,False,False,False,False,False,False,False,False,False,False,z
2,61096.233483242395,lsst,151.40964240956316,2.296219765325312,170028510548066453,170054970243023054,0,170028510548066453,-2564.942,150.90356,0,0,0,5390.31,148.06659,True,2026022400773,180,0.0,1.48308345e-05,2.670734e-05,1.2390715e-10,2703.0723,0.49051416,1131.307,0.24865484,False,-2463.1475,393.82635,False,False,True,16.58134,,1634.7494,1681,-2800.6282,2.824542,151.409654548107,,2.2962423082319625,,1.0657345,,-3.001665,,,0,False,,,,,,,,0,False,False,False,7987.85,38.664936,0.23682709,0.14396758,-0.029856578,0.1831836,0.14557776,-0.007437791,False,False,False,False,0.097878344,0.62406534,False,False,61096.235109514724,,21,False,False,False,False,False,False,False,False,False,False,False,False,False,False,False,False,False,False,False,False,False,r
2,61096.23395103241,lsst,151.40966644391588,2.29627027008396,170028510548066453,170054970373570785,0,170028510548066453,-2548.2688,155.02359,0,0,0,5946.881,152.44748,True,2026022400774,173,0.0,9.9964645e-06,1.3949826e-05,1.7850298e-11,2965.541,0.25314647,2659.7153,0.1771349,False,-3073.223,399.0211,False,False,True,15.962782,,1609.883,1681,-2754.666,3.2113473,151.40966441507445,,2.296272801295305,,1.1265768,,-5.154693,,,0,False,,,,,,,,0,False,False,False,8518.013,34.583603,0.23681593,0.12833011,-0.032692224,0.18063223,0.1512524,-0.0031002127,False,False,False,False,0.040839873,0.6159942,False,False,61096.23558589922,,22,False,False,False,False,False,False,False,False,False,False,False,False,False,False,False,False,False,False,False,False,False,r
2,61096.23488197522,lsst,151.4096691345923,2.2962862278552243,170028510548066453,170054970643579009,0,170028510548066453,-2488.9866,167.45752,0,0,0,6034.284,163.95827,True,2026022400776,176,0.0,1.1182982e-05,1.5601692e-05,8.688972e-12,2567.4998,0.2811945,1421.8555,0.20105568,False,-2892.605,404.13034,False,False,True,14.474128,,1819.5955,1681,-2686.7004,1.8580025,151.40967037624696,,2.2962812932208903,,1.1168227,,16.61459,,,0,False,,,,,,,,0,False,False,False,8534.86,41.262344,0.24693541,0.13523747,0.025838722,0.23239164,0.172309,0.012305797,False,False,False,False,0.015573832,0.59920317,False,False,61096.236649785846,,20,False,False,False,False,False,False,False,False,False,False,False,False,False,False,False,False,False,False,False,False,False,r
2,61096.23535018552,lsst,151.40966345290377,2.296258687992343,170028510548066453,170054970777272452,0,170028510548066453,-2467.7166,161.87791,0,0,0,6073.298,158.90764,True,2026022400777,175,0.0,1.4925915e-05,1.3067349e-05,-1.2715776e-12,2654.6152,0.23517129,1634.9442,0.26905796,False,-2669.4456,398.3639,False,False,True,15.252176,,1589.5609,1681,-2561.4668,0.06824126,151.4096607667201,,2.2962657397851745,,0.7929077,,-85.022995,,,0,False,,,,,,,,0,False,False,False,8568.37,34.46247,0.18434641,0.24038365,-0.0035419783,0.19587368,0.17954704,0.021210844,False,False,False,False,0.077863306,0.6187407,False,False,61096.237005261006,,21,False,False,False,False,False,False,False,False,False,False,False,False,False,False,False,False,False,False,False,False,False,r
2,61096.23581645146,lsst,151.4096591900451,2.2962685144774304,170028510548066453,170054970909393041,0,170028510548066453,-2502.541,160.58955,0,0,0,5917.3135,156.72896,True,2026022400778,171,0.0,1.20084915e-05,1.582748e-05,-2.809118e-12,1878.3037,0.2848875,3027.2249,0.21628822,False,-2129.8384,392.77203,False,False,True,15.705316,,1632.544,1681,-2633.678,2.0144136,151.40965692424967,,2.296268207084963,,0.8701893,,-20.686401,,,0,False,,,,,,,,0,False,False,False,8445.398,36.188854,0.22324876,0.16862229,-0.021599649,0.20248078,0.17750184,6.404928e-05,False,False,False,False,0.004641885,0.66643584,False,False,61096.23750189402,,20,False,False,False,False,False,False,False,False,False,False,False,False,False,False,False,False,False,False,False,False,False,r
2,61096.23628102642,lsst,151.4097100859855,2.2962431688944465,170028510548066453,170054971045183643,0,170028510548066453,-2593.1052,162.83524,0,0,0,5689.3115,159.71884,True,2026022400779,174,0.0,1.2126408e-05,1.2218323e-05,-1.539115e-13,3781.3271,0.21994363,2975.2483,0.21863675,False,-3066.2996,397.4482,False,False,True,15.539519,,1742.5049,1681,-2739.0347,1.2394167,151.40970406600894,,2.2962360791979055,,1.0190144,,27.758837,,,0,False,,,,,,,,0,False,False,False,8250.16,28.615225,0.24804875,0.20693304,0.044074126,0.21301547,0.17909896,0.035049833,False,False,False,False,0.11857028,0.62799406,False,False,61096.23793765569,,21,False,False,False,False,False,False,False,False,False,False,False,False,False,False,False,False,False,False,False,False,False,r
2,61096.23721592466,lsst,151.40968263312772,2.2962658924626775,170028510548066453,170054971308376219,0,170028510548066453,-2652.7366,161.76424,0,0,0,5914.4854,158.62198,True,2026022400781,164,0.0,9.335633e-06,1.4822692e-05,-2.5313024e-11,3874.678,0.2695739,1487.7246,0.16359487,False,-2374.0354,397.78488,False,False,True,16.145342,,1669.5936,1681,-2775.6223,2.215044,151.4096798523996,,2.296267133170226,,0.9738946,,-0.25218904,,,0,False,,,,,,,,0,False,False,False,8581.827,28.359688,0.22227396,0.1374656,0.015817206,0.21745978,0.1579117,-0.0022943516,False,False,False,False,0.008108288,0.6303539,False,False,61096.23887322743,,20,False,False,False,False,False,False,False,False,False,False,False,False,False,False,False,False,False,False,False,False,False,r
2,61096.23814692414,lsst,151.40968927008942,2.296267361108576,170028510548066453,170054971576811672,0,170028510548066453,-2580.3286,155.43452,0,0,0,5865.4263,152.89474,True,2026022400783,164,0.0,9.64713e-06,1.447515e-05,-3.770829e-11,3278.6843,0.2673284,653.98846,0.16302057,False,-2834.0034,395.83026,False,False,True,16.556393,,1651.1368,1681,-2574.3865,3.3967865,151.40968624508744,,2.2962723473854285,,0.69755137,,-7.2897105,,,0,False,,,,,,,,0,False,False,False,8477.298,33.512333,0.14796393,0.10552913,0.0070585366,0.18762143,0.14354977,0.006680633,False,False,False,False,0.20374303,0.6222262,False,False,61096.23988337265,,21,False,False,False,False,False,False,False,False,False,False,False,False,False,False,False,False,False,False,False,False,False,r
2,61096.238610585104,lsst,151.4097038917718,2.2962719719714983,170028510548066453,170054971712077994,0,170028510548066453,-2469.3086,165.71742,0,0,0,5926.3447,162.44601,True,2026022400784,166,0.0,1.4989538e-05,1.680862e-05,-2.3409951e-11,3859.7883,0.30707604,2992.7776,0.26528555,False,-2657.5618,405.41373,False,False,True,15.056607,,1770.8464,1681,-2644.7349,0.4255185,151.40969284373676,,2.29628348398853,,0.8667867,,-45.879555,,,0,False,,,,,,,,0,False,False,False,8344.481,39.232235,0.24479735,0.20319515,-0.027014323,0.20669658,0.17706896,0.04100809,False,False,False,False,0.12599161,0.6039039,False,False,61096.240305295476,,21,False,False,False,False,False,False,False,False,False,False,False,False,False,False,False,False,False,False,False,False,False,r
2,61096.23914658364,lsst,151.4097039485825,2.296240038513872,170028510548066453,170054971844722888,0,170028510548066453,-2491.85,154.4812,0,0,0,5745.2236,150.6855,True,2026022400785,163,0.0,1.0857867e-05,1.1203665e-05,-2.3859699e-11,2966.803,0.21744448,3432.3572,0.17797947,False,-3166.809,391.3591,False,False,True,15.604787,,1669.0314,1681,-2586.4805,0.90322477,151.40970137847344,,2.2962434397592215,,1.0404261,,-12.43062,,,0,False,,,,,,,,0,False,False,False,8246.952,33.375053,0.20241131,0.1437271,0.044157732,0.16444838,0.1623073,0.023412108,False,False,False,False,0.014288344,0.65391487,False,False,61096.24098677556,,21,False,False,False,False,False,False,False,False,False,False,False,False,False,False,False,False,False,False,False,False,False,r
2,61096.239612498815,lsst,151.4096888786778,2.2962596846513503,170028510548066453,170054971979989216,0,170028510548066453,-2465.9114,162.12709,0,0,0,5884.9707,159.70198,True,2026022400786,165,0.0,1.40893835e-05,1.4156849e-05,-1.422349e-11,2914.4485,0.2633085,173.35724,0.24533752,False,-2625.1711,408.0098,False,False,True,15.086411,,1606.8324,1681,-2644.7722,1.8303486,151.40967977440727,,2.2962582571968566,,1.0213298,,-0.39233166,,,0,False,,,,,,,,0,False,False,False,8402.965,50.956867,0.1753845,0.16966183,0.050725397,0.17385745,0.15019342,0.021270469,False,False,False,False,0.01689605,0.5946034,False,False,61096.24129122136,,20,False,False,False,False,False,False,False,False,False,False,False,False,False,False,False,False,False,False,False,False,False,r
2,61096.24007967625,lsst,151.40969614275443,2.296272594816434,170028510548066453,170054972096905392,0,170028510548066453,-2476.5554,150.1463,0,0,0,5903.7144,146.48834,True,2026022400787,132,0.0,1.0159336e-05,1.0130342e-05,-7.481504e-12,1595.6932,0.18923575,3847.4998,0.17597231,False,-2631.035,384.69568,False,False,True,16.147448,,1636.8387,1681,-2581.2468,5.510684,151.4096951620557,,2.296274026643374,,1.0240461,,-10.355188,,,0,False,,,,,,,,0,False,False,False,8414.599,43.58887,0.16241683,0.13113971,0.050223786,0.13907589,0.16731766,0.018943928,False,False,False,False,0.006709046,0.60444593,False,False,61096.24179159811,,19,False,False,False,False,False,False,False,False,False,False,False,False,False,False,False,False,False,False,False,False,False,r
2,61096.2405466043,lsst,151.4096746237461,2.2962670732415544,170028510548066453,170054972231647381,0,170028510548066453,-2293.2498,151.15327,0,0,0,6237.7764,147.68036,True,2026022400788,133,0.0,1.2609065e-05,1.2853498e-05,1.7919378e-11,801.5793,0.21594128,2452.5183,0.2417883,False,-2367.9958,379.55988,False,False,True,14.935775,,1732.5654,1681,-2498.0056,2.6659987,151.409673469692,,2.2962661087676133,,1.1010575,,4.293632,,,0,False,,,,,,,,0,False,False,False,8548.646,35.09289,0.1691839,0.20592365,0.05681396,0.17229928,0.17432517,0.03811596,False,False,False,False,0.028845422,0.6003508,False,False,61096.24219625679,,20,False,False,False,False,False,False,False,False,False,False,False,False,False,False,False,False,False,False,False,False,False,r
2,61096.24101841966,lsst,151.40966476631323,2.2962738164926706,170028510548066453,170054972363767977,0,170028510548066453,-2403.8167,159.89064,0,0,0,6174.3286,155.8803,True,2026022400789,129,0.0,1.562528e-05,1.5606453e-05,-2.209256e-12,1852.5024,0.28246188,3816.9502,0.2798647,False,-2363.3193,381.88916,False,False,True,15.083605,,1733.5938,1681,-2422.274,0.8188668,151.409654285757,,2.296272019028687,,0.7023622,,-82.34626,,,0,False,,,,,,,,0,False,False,False,8587.14,28.207163,0.22970068,0.20757532,-0.01874078,0.19128533,0.18407667,0.014783097,False,False,False,False,0.1199073,0.5799087,False,False,61096.24272858942,,20,False,False,False,False,False,False,False,False,False,False,False,False,False,False,False,False,False,False,False,False,False,r
2,61096.24148778765,lsst,151.40967906224108,2.2962712609225866,170028510548066453,170054972496412829,0,170028510548066453,-2599.392,162.01259,0,0,0,5909.6016,159.56747,True,2026022400790,126,0.0,1.2476886e-05,1.1833813e-05,-2.0861623e-11,1804.6993,0.23480794,1615.1333,0.20165867,False,-2327.9097,378.6088,False,False,True,15.808776,,1735.289,1681,-2659.6892,2.6973217,151.40967319130004,,2.296277522287048,,0.9939956,,-31.990036,,,0,False,,,,,,,,0,False,False,False,8569.541,23.755161,0.22577217,0.16147183,0.034193356,0.20901084,0.20062603,0.013938817,False,False,False,False,0.015182548,0.55981463,False,False,61096.243275427754,,21,False,False,False,False,False,False,False,False,False,False,False,False,False,False,False,False,False,False,False,False,False,r
2,61096.241952290104,lsst,151.40969112404503,2.296245066281561,170028510548066453,170054972630106265,0,170028510548066453,-2785.2654,169.59721,0,0,0,5691.1035,166.6116,True,2026022400791,125,0.0,1.398593e-05,1.4042002e-05,9.292027e-13,3264.4736,0.25165904,618.2962,0.25313118,False,-2858.426,387.23264,False,False,True,16.111328,,1752.1757,1681,-2996.1963,3.8061702,151.40968158134976,,2.2962479472913095,,1.2413048,,-7.2502623,,,0,False,,,,,,,,0,False,False,False,8514.202,18.839495,0.20869438,0.24236618,0.07477061,0.22679225,0.21002777,0.016201887,False,False,False,False,0.0057929056,0.6230744,False,False,61096.24379009586,,24,False,False,False,False,False,False,False,False,False,False,False,False,False,False,False,False,False,False,False,False,False,r
2,61096.24335339402,lsst,151.40968083965944,2.2962506038086596,170028510548066453,170054973029089434,0,170028510548066453,-2626.1736,162.43721,0,0,0,5868.423,159.44513,True,2026022400794,118,0.0,1.6157506e-05,1.4417111e-05,-2.6678399e-11,2809.3042,0.29731375,3325.1067,0.25254261,False,-2857.7576,385.31775,False,False,True,16.316751,,1638.2449,1681,-2826.4639,1.2722902,151.40968100818992,,2.296258364628066,,0.96517897,,-45.849915,,,0,False,,,,,,,,0,False,False,False,8509.418,21.018559,0.24335678,0.1804044,0.029935673,0.21126267,0.21161495,0.032881252,False,False,False,False,2.3108789e-05,0.6457106,False,False,61096.24518891068,,21,False,False,False,False,False,False,False,False,False,False,False,False,False,False,False,False,False,False,False,False,False,r
2,61096.24382213189,lsst,151.40966907419661,2.296273220292267,170028510548066453,170054973143384232,0,170028510548066453,-2517.8171,160.49146,0,0,0,6014.0312,157.9656,True,2026022400795,80,0.0,1.4496298e-05,1.2544044e-05,-2.171225e-11,3261.7734,0.26583895,932.71906,0.22006181,False,-2484.3813,393.5074,False,False,True,15.811417,,1545.7606,1681,-2561.172,0.52063596,151.40966630667114,,2.2962742229537176,,0.7046129,,-41.33914,,,0,False,,,,,,,,0,False,False,False,8547.673,44.616375,0.19709817,0.17361173,0.018769838,0.18478554,0.19125275,0.030803235,False,False,False,False,0.00094342383,0.625342,False,False,61096.245564373516,,20,False,False,False,False,False,False,False,False,False,False,False,False,False,False,False,False,False,False,False,False,False,r
2,61096.24522115019,lsst,151.40967434231817,2.296274877951195,170028510548066453,170054973546037414,0,170028510548066453,-2630.7534,157.26688,0,0,0,5960.0566,154.60115,False,2026022400798,80,,9.654322e-06,1.1535651e-05,7.662797e-12,2253.2332,0.17254591,347.31015,0.20868243,False,-2357.6462,396.70502,False,False,True,15.978251,,1716.6439,1681,-2946.175,8.766921,151.40966725698826,,2.296293292319501,,1.4002639,,-28.79645,,,0,False,,,,,,,,0,False,False,False,8611.809,57.636913,0.16422236,0.20627224,0.10601777,0.16487461,0.19557077,0.041773487,False,False,False,False,0.0034969337,0.6388052,False,False,61096.2469023592,,20,False,False,False,False,False,False,False,False,False,False,False,False,False,False,False,False,False,False,False,False,False,r
2,61096.24568870339,lsst,151.4096632654893,2.2962933801031755,170028510548066453,170054973679206543,0,170028510548066453,-2571.1091,170.43323,0,0,0,5852.669,168.32353,False,2026022400799,78,,1.6407259e-05,3.1283256e-05,9.194481e-11,3211.1929,0.28938678,91.84423,0.56657755,False,-2318.075,416.1744,False,False,True,15.168882,,1721.1844,1681,-3091.69,12.461435,151.40968497301458,,2.296270911375676,,1.4137983,,-171.32147,,,0,False,,,,,,,,0,False,False,False,8522.92,32.420185,0.10579863,0.31886375,-0.005234114,0.16643186,0.24241878,0.03016579,False,False,False,False,0.007630793,0.6018433,False,False,61096.247396347455,,21,False,False,False,False,False,False,False,False,False,False,False,False,False,False,False,False,False,False,False,False,False,r
2,61096.24660959029,lsst,151.40969232785812,2.296253882857549,170028510548066453,170054973968613537,0,170028510548066453,-2437.8164,157.43134,0,0,0,5995.7256,154.97156,True,2026022400801,118,0.0,1.2672155e-05,1.3146583e-05,2.1720481e-12,715.1814,0.22821505,3422.9565,0.23697397,False,-1941.8418,389.86884,False,False,True,15.344772,,1779.3312,1681,-2695.1787,3.2626448,151.40969633853118,,2.2962701042700395,,1.1103086,,-19.040977,,,0,False,,,,,,,,0,False,False,False,8485.219,40.646343,0.16654916,0.22769664,0.052064456,0.15307708,0.22984119,0.026090128,False,False,False,False,0.004188287,0.6119249,False,False,61096.24847632546,,21,False,False,False,False,False,False,False,False,False,False,False,False,False,False,False,False,False,False,False,False,False,r
2,61096.24707666016,lsst,151.40968178322342,2.2962155977177283,170028510548066453,170054974082384039,0,170028510548066453,-2518.7568,161.28896,0,0,0,5620.6177,158.13611,True,2026022400802,79,0.0,1.5986878e-05,3.5355275e-05,1.4019196e-10,2423.7498,0.27698472,2975.2556,0.6413105,False,-2180.0066,401.44745,False,False,True,15.342793,,1816.4667,1681,-2944.3853,9.604055,151.40968254079047,,2.2962666692849947,,1.4019964,,-12.464894,,,0,False,,,,,,,,0,False,False,False,8193.97,49.23282,0.1364645,0.29413962,0.06793522,0.14290221,0.22546,0.017559554,False,False,False,False,0.123333305,0.58588517,False,False,61096.24862123997,,22,False,False,False,False,False,False,False,False,False,False,False,False,False,False,False,False,False,False,False,False,False,r
3,61096.248946060485,lsst,151.40965723657823,2.296266101536583,170028510548066453,170054974264836253,0,170028510548066453,-2682.0166,241.86707,0,0,0,7538.2773,237.07584,True,2026022400803,171,0.0,1.4876466e-05,1.4343577e-05,5.530848e-12,3659.41,0.25706178,2946.0212,0.26914015,False,-3320.067,594.78534,False,False,True,10.653736,,1708.8549,1681,-2712.3728,3.742662,151.40965470714883,,2.296268641816389,,0.94035625,,3.9503372,,,0,False,,,,,,,,0,False,False,False,10329.148,40.533047,0.22255911,0.16204292,0.028331405,0.2106725,0.19559543,0.038537055,False,False,False,False,0.014354051,0.54799473,False,False,61096.25052582485,,19,False,False,False,False,False,False,False,False,False,False,False,False,False,False,False,False,False,False,False,False,False,i
3,61096.25128411781,lsst,151.40966773007537,2.296264077171299,170028510548066453,170054974915477680,0,170028510548066453,-2053.9543,231.9897,0,0,0,8272.947,227.05661,True,2026022400808,132,0.0,2.509696e-05,2.2715984e-05,1.2320939e-10,3789.5361,0.37650746,1867.6635,0.47946116,False,-3385.8188,598.7957,False,False,True,8.606655,,1745.142,1681,-2414.326,3.9420311,151.40966989758903,,2.296263522510198,,1.4801509,,40.698685,,,0,False,,,,,,,,0,False,False,False,10369.551,17.983164,0.14054596,0.3342912,0.06437225,0.18394142,0.16967957,0.02483232,False,False,False,False,0.40541238,0.54597795,False,False,61096.253275974734,,18,False,False,False,False,False,False,False,False,False,False,False,False,False,False,False,False,False,False,False,False,False,i
3,61096.251749565956,lsst,151.40969670143096,2.296262622556097,170028510548066453,170054975065424051,0,170028510548066453,-2629.8909,234.1867,0,0,0,7582.958,228.53899,True,2026022400809,162,0.0,1.551324e-05,1.447592e-05,4.6850166e-11,3280.0413,0.23878637,2177.7932,0.29859522,False,-2535.7202,606.6953,False,False,True,11.180827,,1709.9135,1681,-2590.4875,5.6875043,151.40969743879933,,2.296261681136966,,0.8215244,,41.73771,,,0,False,,,,,,,,0,False,False,False,10236.517,16.191256,0.10803928,0.16579938,0.013579689,0.15842994,0.16084968,0.021211548,False,False,False,False,0.07780804,0.52634495,False,False,61096.253588763335,,17,False,False,False,False,False,False,False,False,False,False,False,False,False,False,False,False,False,False,False,False,False,i
3,61096.25361508614,lsst,151.4096842963104,2.2962730287702877,170028510548066453,170054975584993430,0,170028510548066453,-2224.6897,241.12677,0,0,0,8037.609,236.74797,True,2026022400813,129,0.0,3.326124e-05,3.46633e-05,5.2949845e-10,2571.5344,0.44919425,2601.7212,0.7391939,False,-3110.108,603.47437,False,False,True,9.201615,,1725.8052,1681,-2514.8667,5.88956,151.40969221601566,,2.2962941388087277,,1.2912321,,-123.22351,,,0,False,,,,,,,,0,False,False,False,10337.159,16.868475,0.21883753,0.36031944,-0.038597237,0.18373232,0.17996864,0.03561029,False,False,False,False,0.7973895,0.55294806,False,False,61096.25554999725,,19,False,False,False,False,False,False,False,False,False,False,False,False,False,False,False,False,False,False,False,False,False,i
3,61096.254517580455,lsst,151.40970040793687,2.296267964538236,170028510548066453,170054975871254684,0,170028510548066453,-2509.0469,246.50725,0,0,0,7703.6865,240.42204,True,2026022400815,163,0.0,2.2026225e-05,2.2169108e-05,3.098684e-11,413.16693,0.38505027,1913.4781,0.41074044,False,-2336.9543,609.2091,False,False,True,10.177434,,1814.4144,1681,-2618.766,14.592976,151.40969532702528,,2.2962745805206075,,1.0578429,,-78.11647,,,0,False,,,,,,,,0,False,False,False,10220.243,14.861005,0.20656572,0.15467553,-0.048179243,0.17746519,0.19796076,0.020968389,False,False,False,False,0.006688014,0.52814764,False,False,61096.25643134925,,18,False,False,False,False,False,False,False,False,False,False,False,False,False,False,False,False,False,False,False,False,False,i
3,61096.255451064106,lsst,151.4096788591857,2.296257236243932,170028510548066453,170054976119767197,0,170028510548066453,-2437.989,234.88501,0,0,0,7778.3364,230.34634,True,2026022400817,125,0.0,2.0274361e-05,1.9888257e-05,-2.8209556e-11,3777.9028,0.3746693,1708.1185,0.34839132,False,-3262.6584,600.9583,False,False,True,10.218152,,1648.7418,1681,-2634.8958,2.190877,151.40967033989494,,2.2962708846723037,,1.0837419,,-24.374195,,,0,False,,,,,,,,0,False,False,False,10178.01,18.92839,0.23024794,0.16942188,0.04814748,0.16583587,0.1904857,0.023650277,False,False,False,False,0.06389182,0.58190316,False,False,61096.257397084766,,19,False,False,False,False,False,False,False,False,False,False,False,False,False,False,False,False,False,False,False,False,False,i
3,61096.25638397259,lsst,151.4096618788594,2.2962536484454823,170028510548066453,170054976390299790,0,170028510548066453,-2295.95,230.59546,0,0,0,8018.6147,227.47101,True,2026022400819,129,0.0,1.8128427e-05,2.0291021e-05,7.515758e-11,264.33475,0.3036828,1731.5082,0.38449314,False,-2808.7705,605.06024,False,False,True,9.443054,,1684.7233,1681,-2522.06,17.239119,151.40966094725493,,2.296256205360831,,1.4117808,,4.054909,,,0,False,,,,,,,,0,False,False,False,10317.531,18.57114,0.113040835,0.24646923,0.0892471,0.1547629,0.17422506,0.01453645,False,False,False,False,0.034805585,0.54700625,False,False,61096.258387519934,,18,False,False,False,False,False,False,False,False,False,False,False,False,False,False,False,False,False,False,False,False,False,i
3,61096.258257774694,lsst,151.40968821926603,2.2962562603751144,170028510548066453,170054976901480597,0,170028510548066453,-2155.5168,219.78848,0,0,0,7967.7754,213.26073,True,2026022400823,80,0.0,1.8059774e-05,1.845482e-05,5.393384e-12,843.4356,0.32449323,1395.4156,0.33305895,False,-3326.871,607.9796,False,False,True,9.599921,,1635.285,1681,-2098.2356,0.7636118,151.4096867410256,,2.2962578460660823,,0.61770374,,-83.23198,,,0,False,,,,,,,,0,False,False,False,10138.122,39.913143,0.15802236,0.12699504,-0.0069889016,0.12731335,0.1484284,0.008038506,False,False,False,False,0.0038964096,0.59235793,False,False,61096.25996988191,,14,False,False,False,False,False,False,False,False,False,False,False,False,False,False,False,False,False,False,False,False,False,i
3,61096.258725067244,lsst,151.40966795482512,2.296290913456571,170028510548066453,170054977055621292,0,170028510548066453,-2076.6,216.38983,0,0,0,8188.613,213.52348,True,2026022400824,118,0.0,1.7499184e-05,2.0658093e-05,3.626478e-11,1835.6663,0.31022692,392.0186,0.37630793,False,-2280.934,605.8506,False,False,True,9.762683,,1566.0702,1681,-2270.2805,4.6140943,151.40966547258387,,2.2962863777150395,,0.9037598,,-162.0284,,,0,False,,,,,,,,0,False,False,False,10342.535,44.302902,0.11566816,0.19338189,-0.0031875542,0.14061292,0.16003163,0.029673854,False,False,False,False,0.0029384126,0.51991594,False,False,61096.26051014489,,17,False,False,False,False,False,False,False,False,False,False,False,False,False,False,False,False,False,False,False,False,False,i
3,61096.25966308173,lsst,151.4096583767966,2.2962575968907317,170028510548066453,170054977302560931,0,170028510548066453,-2312.4924,226.77162,0,0,0,7971.8296,222.83769,True,2026022400826,77,0.0,2.0435786e-05,1.7764645e-05,-1.8360244e-11,1519.6829,0.3695569,2948.172,0.3181223,False,-2861.5225,605.9897,False,False,True,10.060555,,1653.6002,1681,-2464.6914,0.40666997,151.40966215115054,,2.2962623850948636,,0.98106855,,-53.591503,,,0,False,,,,,,,,0,False,False,False,10301.592,25.061659,0.24927306,0.19546518,0.0358223,0.1709581,0.15371525,0.023707671,False,False,False,False,0.42617792,0.5596011,False,False,61096.261449609825,,18,False,False,False,False,False,False,False,False,False,False,False,False,False,False,False,False,False,False,False,False,False,i
3,61096.260131160816,lsst,151.40968779636933,2.2962450424884744,170028510548066453,170054977437302965,0,170028510548066453,-2457.7258,236.70935,0,0,0,7805.413,233.04092,True,2026022400827,78,0.0,2.9002202e-05,4.5834597e-05,1.4724051e-10,3387.7605,0.5178097,777.54297,0.82861036,False,-3818.1216,625.0879,False,False,True,10.646653,,1741.5306,1681,-2616.4075,1.7587917,151.4096874995369,,2.296270083203786,,0.77728105,,-10.567887,,,0,False,,,,,,,,0,False,False,False,10223.424,19.235321,0.16442057,0.20952444,0.015438197,0.15709849,0.18237723,-0.00024677598,False,False,False,False,0.042905204,0.57326424,False,False,61096.26190223284,,19,False,False,False,False,False,False,False,False,False,False,False,False,False,False,False,False,False,False,False,False,False,i
3,61096.260600284804,lsst,151.4096736979541,2.2962880530313576,170028510548066453,170054977570996370,0,170028510548066453,-2270.4355,231.85356,0,0,0,8053.3438,227.26338,True,2026022400828,77,0.0,1.9144496e-05,2.2825647e-05,1.0283199e-11,2112.7344,0.3445608,2096.5713,0.41107512,False,-2442.4294,606.72614,False,False,True,9.530794,,1751.4015,1681,-2359.8586,6.110351,151.40967619076156,,2.296280218505675,,0.98791,,-154.35088,,,0,False,,,,,,,,0,False,False,False,10321.41,23.226965,0.13217178,0.2005786,-0.032683,0.15502368,0.17529286,-0.004128185,False,False,False,False,0.00022428844,0.5426531,False,False,61096.26238318095,,17,False,False,False,False,False,False,False,False,False,False,False,False,False,False,False,False,False,False,False,False,False,i
3,61096.26106675602,lsst,151.40965236916074,2.2962700714210604,170028510548066453,170054977704165556,0,170028510548066453,-2578.73,240.92294,0,0,0,7741.0415,236.14413,True,2026022400829,75,0.0,1.3640402e-05,2.2651879e-05,3.758781e-12,3143.0256,0.24602483,983.983,0.4078718,False,-3040.0095,621.64923,False,False,True,10.659377,,1736.6075,1681,-2668.1238,5.2550306,151.40965230286187,,2.2962728575182734,,1.0510631,,-169.63396,,,0,False,,,,,,,,0,False,False,False,10305.427,24.041773,0.09821238,0.20324083,-0.018541258,0.13245325,0.18385127,-0.019577902,False,False,False,False,0.008699552,0.5394968,False,False,61096.26283051699,,19,False,False,False,False,False,False,False,False,False,False,False,False,False,False,False,False,False,False,False,False,False,i
3,61096.26184887903,lsst,151.40964482973195,2.2962626543745435,170028510548066453,170054977893957751,0,170028510548066453,-2529.0115,247.88857,0,0,0,7753.2275,242.99321,True,2026022400830,181,0.0,1.3841829e-05,1.7079334e-05,3.0753136e-11,1720.0615,0.3121433,3106.0598,0.24373874,False,-2607.5942,610.72864,False,False,True,9.788954,,1697.3948,1681,-2753.716,4.7513742,151.4096489178006,,2.296276776190227,,1.2169482,,-17.281168,,,0,False,,,,,,,,0,False,False,False,10258.374,30.24033,0.21034265,0.14921224,-0.07015032,0.26198655,0.17265905,-0.030066846,False,False,False,False,0.14994228,0.6013081,False,False,61096.263514097314,,17,False,False,False,False,False,False,False,False,False,False,False,False,False,False,False,False,False,False,False,False,False,i
3,61096.26231589459,lsst,151.40968594505256,2.296261731208705,170028510548066453,170054978029748431,0,170028510548066453,-2351.1626,260.25912,0,0,0,7993.4854,255.44492,True,2026022400831,184,0.0,1.6056692e-05,1.950312e-05,2.913925e-11,188.71071,0.35431224,2965.936,0.28584048,False,-2603.8438,627.4043,False,False,True,8.83752,,1669.2501,1681,-2674.5193,10.450262,151.4096888254493,,2.296279149525727,,1.5425485,,30.188143,,,0,False,,,,,,,,0,False,False,False,10377.183,33.513443,0.32690245,0.10913562,0.075287014,0.2615327,0.17956248,-0.001799333,False,False,False,False,0.0007263018,0.5452302,False,False,61096.26387573443,,20,False,False,False,False,False,False,False,False,False,False,False,False,False,False,False,False,False,False,False,False,False,i
3,61096.26278273766,lsst,151.40966372589992,2.2962542603800182,170028510548066453,170054978159771784,0,170028510548066453,-2507.4385,244.83499,0,0,0,7666.8696,240.35902,True,2026022400832,176,0.0,2.0079378e-05,2.3221492e-05,2.4160481e-11,3911.9355,0.41967666,1431.7843,0.36008742,False,-2295.066,625.77856,False,False,True,10.350877,,1686.5292,1681,-2517.4038,1.4329259,151.4096663315174,,2.2962542337545067,,0.49079382,,-27.884424,,,0,False,,,,,,,,0,False,False,False,10246.355,18.018118,0.1759698,0.17083238,-0.010071572,0.21633945,0.16559175,-0.022200719,False,False,False,False,0.039648194,0.50103956,False,False,61096.26462554201,,17,False,False,False,False,False,False,False,False,False,False,False,False,False,False,False,False,False,False,False,False,False,i
1,61096.26478554259,lsst,151.40967107293022,2.2962567639463427,170028510548066453,170054978296086667,0,170028510548066453,-2969.6462,132.8622,0,0,0,5309.929,131.70146,True,2026022400833,180,0.0,8.743873e-06,9.462152e-06,2.3824874e-12,1583.1409,0.1706462,1587.3179,0.15701269,False,-2704.6284,292.67725,False,False,True,22.259632,,1660.3765,1681,-3040.5278,1.149841,151.40967135258563,,2.2962616088107257,,0.8085281,,-14.131216,,,0,False,,,,,,,,0,False,False,False,8299.528,18.856161,0.21920568,0.18028419,-0.02230765,0.24037035,0.22088611,-0.0266742,False,False,False,False,0.09821818,0.66836697,False,False,61096.26650964515,,24,False,False,False,False,False,False,False,False,False,False,False,False,False,False,False,False,False,False,False,False,False,g
1,61096.26525520469,lsst,151.40967303370252,2.2962516794668404,170028510548066453,170054978426634342,0,170028510548066453,-3021.7363,139.35887,0,0,0,5298.4346,137.29787,True,2026022400834,173,0.0,9.834886e-06,1.0515814e-05,1.7444517e-12,1775.6854,0.1893667,2893.537,0.17691027,False,-2900.8867,309.54776,False,False,True,21.396206,,1767.2386,1681,-3065.258,0.29433978,151.40967242621548,,2.2962595247669757,,0.6841942,,-25.435434,,,0,False,,,,,,,,0,False,False,False,8343.87,18.299368,0.24466935,0.22771195,-0.018671807,0.23875584,0.23013045,-0.027280256,False,False,False,False,0.0003255588,0.63342243,False,False,61096.267005674454,,24,False,False,False,False,False,False,False,False,False,False,False,False,False,False,False,False,False,False,False,False,False,g
1,61096.26572284305,lsst,151.4096920531442,2.296247960690418,170028510548066453,170054978544599138,0,170028510548066453,-2787.3726,135.4789,0,0,0,5521.672,132.2697,True,2026022400835,142,0.0,1.0981543e-05,9.07085e-06,-3.0532597e-12,404.91153,0.16290659,3957.5044,0.19786184,False,-2779.8179,284.5565,False,False,True,20.022127,,1535.903,1681,-3058.2861,3.2520864,151.40969503124367,,2.2962438185228953,,1.2522159,,-68.660805,,,0,False,,,,,,,,0,False,False,False,8297.525,31.894636,0.19356667,0.32093102,-0.042341277,0.26635024,0.26660463,-0.05043535,False,False,False,False,0.007951814,0.63391036,False,False,61096.26751848297,,26,False,False,False,False,False,False,False,False,False,False,False,False,False,False,False,False,False,False,False,False,False,g
1,61096.266192437426,lsst,151.40968314766786,2.2962598156257465,170028510548066453,170054978696642674,0,170028510548066453,-2600.3735,136.49184,0,0,0,5618.999,135.39833,True,2026022400836,176,0.0,1.0937582e-05,1.0756217e-05,-1.5114144e-13,1229.792,0.19353844,1617.7489,0.19709033,False,-2353.131,299.04724,False,False,True,18.90253,,1721.5193,1681,-2744.3633,3.6401772,151.4096853971086,,2.2962646529392927,,1.0171065,,-63.881084,,,0,False,,,,,,,,0,False,False,False,8300.812,21.147675,0.18669365,0.24960506,-0.03714885,0.25286368,0.21932715,-0.023984572,False,False,False,False,0.033551194,0.5936251,False,False,61096.267984016,,24,False,False,False,False,False,False,False,False,False,False,False,False,False,False,False,False,False,False,False,False,False,g
1,61096.266659577945,lsst,151.40969211221704,2.296246491241337,170028510548066453,170054978830336114,0,170028510548066453,-2869.6272,138.14546,0,0,0,5529.085,136.63899,True,2026022400837,175,0.0,9.89944e-06,1.113283e-05,-7.684118e-13,1318.4675,0.20032063,1611.4812,0.17834875,False,-3012.5637,298.73892,False,False,True,20.311853,,1674.5297,1681,-2896.247,0.46224102,151.4096911302284,,2.2962510754317695,,0.7128202,,5.0044446,,,0,False,,,,,,,,0,False,False,False,8304.012,21.446957,0.25991312,0.2164312,0.005159759,0.26879522,0.2102405,-0.005555623,False,False,False,False,0.00018910483,0.6190818,False,False,61096.26845290109,,26,False,False,False,False,False,False,False,False,False,False,False,False,False,False,False,False,False,False,False,False,False,g
1,61096.26712726117,lsst,151.40966751136608,2.2962573333921252,170028510548066453,170054978962456665,0,170028510548066453,-2810.1519,136.88087,0,0,0,5469.535,134.71526,True,2026022400838,171,0.0,9.388602e-06,9.919328e-06,-7.9862077e-13,700.1303,0.17850384,2744.7632,0.16902193,False,-2321.105,301.0233,False,False,True,20.306307,,1642.5399,1681,-2836.7766,2.0801144,151.40966806716665,,2.2962514364944493,,0.7118493,,-6.8550825,,,0,False,,,,,,,,0,False,False,False,8319.954,31.703474,0.23394027,0.18921536,-0.0017880427,0.26331222,0.20941216,-0.009532024,False,False,False,False,0.06290207,0.6528362,False,False,61096.26887008187,,24,False,False,False,False,False,False,False,False,False,False,False,False,False,False,False,False,False,False,False,False,False,g
1,61096.26759238845,lsst,151.40967657586125,2.2962391054204736,170028510548066453,170054979098247281,0,170028510548066453,-2789.4646,137.82281,0,0,0,5470.677,137.33134,True,2026022400839,174,0.0,1.1271375e-05,9.881784e-06,4.0844992e-12,2395.1047,0.17730492,2788.875,0.20359726,False,-2553.462,299.25302,False,False,True,20.080402,,1737.0931,1681,-2772.9258,0.577293,151.40967117451103,,2.2962414417228825,,0.5422243,,-42.30184,,,0,False,,,,,,,,0,False,False,False,8288.626,20.949503,0.2628457,0.25393137,-0.011791699,0.25721195,0.20932075,0.020260077,False,False,False,False,0.06546531,0.6289366,False,False,61096.2694161125,,24,False,False,False,False,False,False,False,False,False,False,False,False,False,False,False,False,False,False,False,False,False,g
1,61096.268061242896,lsst,151.40968765135702,2.2962547398225315,170028510548066453,170054979211493502,0,170028510548066453,-3018.732,129.82224,0,0,0,5354.6475,127.60039,True,2026022400840,134,0.0,9.235229e-06,9.873926e-06,-2.3003485e-12,3249.14,0.17799534,3876.0735,0.16583851,False,-3138.233,284.46878,False,False,True,23.255943,,1791.3779,1681,-3017.7024,0.012597396,151.40968591270172,,2.296251363100113,,0.47658816,,-14.221657,,,0,False,,,,,,,,0,False,False,False,8383.632,24.442726,0.25127107,0.23205501,-0.0012590543,0.26094422,0.21141838,-0.0018065831,False,False,False,False,0.0031738835,0.67665106,False,False,61096.26985557757,,26,False,False,False,False,False,False,False,False,False,False,False,False,False,False,False,False,False,False,False,False,False,g
1,61096.26852725216,lsst,151.40968405005705,2.2962450558161653,170028510548066453,170054979361439840,0,170028510548066453,-2850.4253,133.2357,0,0,0,5365.7017,131.38255,True,2026022400841,164,0.0,8.968299e-06,1.0574246e-05,-7.963777e-12,2786.2153,0.19184957,1091.4631,0.1595536,False,-3031.848,297.1716,False,False,True,21.06534,,1684.172,1681,-3025.2588,0.6831697,151.40968471818238,,2.2962419475349516,,0.98631835,,-8.05529,,,0,False,,,,,,,,0,False,False,False,8259.865,25.88255,0.28717756,0.19901538,0.008516441,0.2686367,0.18489555,0.0081359865,False,False,False,False,0.028965829,0.6358988,False,False,61096.27024796111,,25,False,False,False,False,False,False,False,False,False,False,False,False,False,False,False,False,False,False,False,False,False,g
1,61096.268994758175,lsst,151.4096862692681,2.2962612387009225,170028510548066453,170054979497230453,0,170028510548066453,-2927.3022,138.279,0,0,0,5373.7637,137.94397,True,2026022400842,167,0.0,1.0114678e-05,1.0424675e-05,-2.0044754e-12,2066.6443,0.1881263,3733.1174,0.18182775,False,-2472.505,304.26602,False,False,True,21.05355,,1706.1104,1681,-3019.3613,0.7691859,151.4096844643751,,2.296255401313703,,0.7531353,,18.268373,,,0,False,,,,,,,,0,False,False,False,8341.303,24.367859,0.24248913,0.22547787,0.023647146,0.27067345,0.20476161,0.012287669,False,False,False,False,0.0014673853,0.6256069,False,False,61096.27087296441,,24,False,False,False,False,False,False,False,False,False,False,False,False,False,False,False,False,False,False,False,False,False,g
1,61096.269464012075,lsst,151.4096671612382,2.2962439201081115,170028510548066453,170054979629875329,0,170028510548066453,-2843.2441,132.31625,0,0,0,5370.5645,130.85739,True,2026022400843,164,0.0,8.2620645e-06,1.1595934e-05,-2.6836217e-11,2236.9,0.21584967,223.47531,0.13799918,False,-2782.3894,300.1371,False,False,True,21.129152,,1712.75,1681,-3086.8218,2.5153437,151.40966669471834,,2.296245845035316,,1.1353936,,-37.126217,,,0,False,,,,,,,,0,False,False,False,8252.496,26.8699,0.25742328,0.15421055,-0.036401268,0.27448913,0.16736418,-0.0034055929,False,False,False,False,0.025494192,0.64865595,False,False,61096.27120761429,,24,False,False,False,False,False,False,False,False,False,False,False,False,False,False,False,False,False,False,False,False,False,g
1,61096.26993014777,lsst,151.4096731216344,2.296259075366055,170028510548066453,170054979765141616,0,170028510548066453,-2790.899,138.87688,0,0,0,5499.1045,138.27986,True,2026022400844,166,0.0,9.088404e-06,1.10054925e-05,-1.9374582e-11,2509.007,0.20459959,2369.1482,0.15562905,False,-2638.1982,302.18442,False,False,True,19.879269,,1671.7048,1681,-2980.697,2.0554378,151.40967354411066,,2.2962593098800395,,1.1521373,,-22.949726,,,0,False,,,,,,,,0,False,False,False,8337.924,19.330372,0.2891022,0.1602766,-0.0006018258,0.25842062,0.2075595,0.023994919,False,False,False,False,0.007376963,0.6452016,False,False,61096.27173786346,,24,False,False,False,False,False,False,False,False,False,False,False,False,False,False,False,False,False,False,False,False,False,g
1,61096.27037272681,lsst,151.40967201487453,2.296252532302994,170028510548066453,170054979903553637,0,170028510548066453,-2995.8672,133.91893,0,0,0,5242.2104,132.5222,True,2026022400845,174,0.0,8.691776e-06,1.0157748e-05,-1.0192509e-11,4028.2898,0.18570608,1953.995,0.15311572,False,-3248.023,299.7264,False,False,True,22.049353,,1847.8684,1681,-3178.102,2.0802019,151.40967189958369,,2.2962463012362035,,1.0364615,,-19.79743,,,0,False,,,,,,,,0,False,False,False,8246.992,28.97918,0.29553768,0.19556361,-0.0027559232,0.25876164,0.18037984,0.018630868,False,False,False,False,0.07402132,0.6952308,False,False,61096.27213977653,,26,False,False,False,False,False,False,False,False,False,False,False,False,False,False,False,False,False,False,False,False,False,g
1,61096.27084025917,lsst,151.4096833698636,2.296250491765977,170028510548066453,170054980039344233,0,170028510548066453,-2716.449,136.08006,0,0,0,5525.3633,135.0104,False,2026022400846,177,,9.544214e-06,1.1201671e-05,-1.5678481e-11,468.79837,0.20641893,255.94652,0.16624486,False,-2588.1074,305.35718,False,False,True,19.856165,,1778.9077,1681,-2805.0657,1.2039768,151.40968222247153,,2.296247515716804,,0.8352256,,-27.801477,,,0,False,,,,,,,,0,False,False,False,8298.454,29.10793,0.22319686,0.16109908,-0.0072537907,0.24567312,0.19005693,0.0072172135,False,False,False,False,0.07318903,0.64350384,False,False,61096.27267429864,,24,False,False,False,False,False,False,False,False,False,False,False,False,False,False,False,False,False,False,False,False,False,g
1,61096.27130936639,lsst,151.40966867630272,2.2962402379923637,170028510548066453,170054980168319090,0,170028510548066453,-2982.445,137.9416,0,0,0,5217.7256,137.11401,True,2026022400847,167,0.0,9.535508e-06,1.08192435e-05,-1.4608778e-11,1647.7178,0.20003814,546.0241,0.16551603,False,-2373.6038,303.74603,False,False,True,21.50537,,1698.7611,1681,-3118.572,1.4614888,151.40967336012451,,2.2962509981705863,,0.94586957,,-16.94186,,,0,False,,,,,,,,0,False,False,False,8259.63,21.749256,0.26984432,0.1901367,0.010323786,0.24169007,0.22851443,0.009215828,False,False,False,False,0.0027764065,0.6434419,False,False,61096.273141223224,,25,False,False,False,False,False,False,False,False,False,False,False,False,False,False,False,False,False,False,False,False,False,g
1,61096.27224355948,lsst,151.40966358646153,2.296251553920445,170028510548066453,170054980435181667,0,170028510548066453,-2936.7183,137.06107,0,0,0,5350.2944,135.311,True,2026022400849,164,0.0,1.0449434e-05,1.05217605e-05,-1.1525218e-12,245.95404,0.18984026,736.785,0.18762706,False,-2880.801,300.28607,False,False,True,21.465242,,1673.7334,1681,-2942.6008,0.6612972,151.4096617121563,,2.296250645139975,,0.6548015,,-83.154175,,,0,False,,,,,,,,0,False,False,False,8299.665,21.761814,0.22280398,0.23324317,-0.017992165,0.25241777,0.2096585,-0.0030235208,False,False,False,False,0.0009828192,0.65849125,False,False,61096.27404056612,,24,False,False,False,False,False,False,False,False,False,False,False,False,False,False,False,False,False,False,False,False,False,g
1,61096.27271103287,lsst,151.40969022401725,2.2962498868719443,170028510548066453,170054980551573612,0,170028510548066453,-2967.9,131.11485,0,0,0,5343.877,129.50847,True,2026022400850,130,0.0,9.271656e-06,9.380329e-06,-2.1224415e-12,1974.5618,0.17003195,3279.1704,0.1655399,False,-2883.9915,288.8604,False,False,True,22.320257,,1736.4628,1681,-2907.6685,0.033439,151.40968814224166,,2.296253077741953,,0.48503402,,-7.0239444,,,0,False,,,,,,,,0,False,False,False,8349.331,19.861101,0.24014485,0.227744,0.007913559,0.23793471,0.21052754,0.002629917,False,False,False,False,0.010455362,0.6411242,False,False,61096.274492058044,,25,False,False,False,False,False,False,False,False,False,False,False,False,False,False,False,False,False,False,False,False,False,g
1,61096.27317996833,lsst,151.40967397493355,2.296241076106576,170028510548066453,170054980703092893,0,170028510548066453,-3015.1592,136.48851,0,0,0,5277.778,135.85172,True,2026022400851,163,0.0,9.564086e-06,9.996132e-06,-1.2803397e-11,2252.9922,0.18804905,2764.3928,0.16333643,False,-2924.73,304.29083,False,False,True,22.085571,,1671.9346,1681,-2947.2898,0.045080993,151.40967580917143,,2.296246025523407,,0.49923107,,-113.343,,,0,False,,,,,,,,0,False,False,False,8329.308,19.138453,0.21006785,0.22935072,-0.0046061575,0.23417939,0.19260001,0.020007923,False,False,False,False,0.004670793,0.6508847,False,False,61096.27501586694,,25,False,False,False,False,False,False,False,False,False,False,False,False,False,False,False,False,False,False,False,False,False,g
1,61096.273647287395,lsst,151.4096852633943,2.296242864791353,170028510548066453,170054980836786306,0,170028510548066453,-2540.327,141.16414,0,0,0,5585.005,139.67744,True,2026022400852,162,0.0,1.2451323e-05,1.25704155e-05,-6.174178e-12,3192.1187,0.22972217,240.1814,0.22070351,False,-2324.0125,300.7668,False,False,True,17.993301,,1678.0315,1681,-2512.353,0.98801094,151.4096820932389,,2.2962445661818314,,0.50964826,,13.91433,,,0,False,,,,,,,,0,False,False,False,8142.305,9.7903,0.21694347,0.22316097,0.010706569,0.23976135,0.22640193,0.0037661148,False,False,False,False,0.01805395,0.621408,False,False,61096.27549391838,,25,False,False,False,False,False,False,False,False,False,False,False,False,False,False,False,False,False,False,False,False,False,g
1,61096.274115755616,lsst,151.40969203466014,2.2962637422975307,170028510548066453,170054980953702495,0,170028510548066453,-2816.302,134.77174,0,0,0,5587.058,133.84798,True,2026022400853,129,0.0,1.1107005e-05,1.1316629e-05,-2.1679478e-11,1224.6938,0.2186154,3316.4297,0.18346782,False,-3204.2341,290.56424,False,False,True,20.657877,,1684.7319,1681,-2823.3206,0.51021945,151.4096920847594,,2.2962645085642395,,0.8037244,,-47.093857,,,0,False,,,,,,,,0,False,False,False,8388.441,15.672494,0.26579392,0.20900731,-0.005050071,0.24439849,0.21255974,0.0029669586,False,False,False,False,0.008669997,0.6302548,False,False,61096.27594913302,,24,False,False,False,False,False,False,False,False,False,False,False,False,False,False,False,False,False,False,False,False,False,g
1,61096.275520180825,lsst,151.40967521950165,2.296239272815192,170028510548066453,170054981356355684,0,170028510548066453,-3010.7317,131.28001,0,0,0,5369.6797,129.86852,True,2026022400856,129,0.0,1.0831473e-05,1.0253779e-05,-2.8764243e-11,511.79456,0.21345586,685.7959,0.1627781,False,-3189.803,289.18787,False,False,True,22.838127,,1762.3793,1681,-3108.0054,0.38666454,151.4096713298418,,2.296242801363645,,0.9053285,,-68.28195,,,0,False,,,,,,,,0,False,False,False,8369.069,23.306398,0.27935237,0.21809454,-0.02100184,0.24513064,0.19583173,0.0019559625,False,False,False,False,0.08644633,0.68015695,False,False,61096.27720424183,,25,False,False,False,False,False,False,False,False,False,False,False,False,False,False,False,False,False,False,False,False,False,g
1,61096.276457146814,lsst,151.40969831193362,2.29626091644266,170028510548066453,170054981623218286,0,170028510548066453,-3067.3486,129.22195,0,0,0,5272.769,126.444595,True,2026022400858,126,0.0,9.654642e-06,8.5686315e-06,-2.2324188e-11,601.42377,0.18682048,3900.556,0.13809863,False,-2909.7207,291.38345,False,False,True,23.066492,,1686.9889,1681,-3188.3271,4.588585,151.40969254460205,,2.2962652373767214,,0.9965697,,-43.51568,,,0,False,,,,,,,,0,False,False,False,8359.897,24.95738,0.2501875,0.16686426,0.021225257,0.23415309,0.19194819,0.016262949,False,False,False,False,0.0023986418,0.69151676,False,False,61096.2782442572,,26,False,False,False,False,False,False,False,False,False,False,False,False,False,False,False,False,False,False,False,False,False,g
1,61096.276925032165,lsst,151.40966686094424,2.2962391403099205,170028510548066453,170054981754814560,0,170028510548066453,-2780.954,135.91843,0,0,0,5492.7954,134.50732,True,2026022400859,121,0.0,1.165962e-05,1.0585125e-05,-2.0818857e-11,2065.1843,0.21922335,2348.2231,0.18003175,False,-2707.3972,296.2105,False,False,True,20.317957,,1694.8221,1681,-2961.8184,0.50513893,151.4096643547509,,2.2962425604925656,,1.096106,,-31.065859,,,0,False,,,,,,,,0,False,False,False,8296.498,18.846298,0.2866658,0.22701511,0.04791251,0.23610094,0.2237963,0.026521062,False,False,False,False,0.075708635,0.65802556,False,False,61096.278709310674,,24,False,False,False,False,False,False,False,False,False,False,False,False,False,False,False,False,False,False,False,False,False,g
1,61096.277905984214,lsst,151.40967244692234,2.2962590836666545,170028510548066453,170054982046842964,0,170028510548066453,-2700.7654,139.64928,0,0,0,5666.1553,138.12495,True,2026022400861,166,0.0,1.1000317e-05,1.1291222e-05,-1.6864725e-11,338.4679,0.21408725,1196.8114,0.18650478,False,-2210.21,304.12344,False,False,True,19.137487,,1718.539,1681,-2773.6,0.6029712,151.4096731500218,,2.2962594065224544,,0.8736082,,-49.960762,,,0,False,,,,,,,,0,False,False,False,8360.609,20.60051,0.25963157,0.19464341,-0.0119994655,0.25170815,0.21450685,0.022413192,False,False,False,False,0.0038206119,0.63314354,False,False,61096.27964437228,,23,False,False,False,False,False,False,False,False,False,False,False,False,False,False,False,False,False,False,False,False,False,g
1,61096.27837377819,lsst,151.40967561866177,2.296251402894333,170028510548066453,170054982178963554,0,170028510548066453,-2804.111,137.63426,0,0,0,5436.184,136.80386,True,2026022400862,162,0.0,1.0425087e-05,1.0505455e-05,-9.0140066e-12,2904.9155,0.19601867,708.7876,0.18053423,False,-2457.0527,303.42114,False,False,True,20.175972,,1645.1405,1681,-2989.6392,1.7773544,151.40967626935992,,2.2962506405149874,,1.1234896,,-3.9147563,,,0,False,,,,,,,,0,False,False,False,8279.492,19.621338,0.25272703,0.2273538,0.05885451,0.23932305,0.22398655,0.017273707,False,False,False,False,0.0075650844,0.6640824,False,False,61096.28012834507,,25,False,False,False,False,False,False,False,False,False,False,False,False,False,False,False,False,False,False,False,False,False,g
4,61096.28110440819,lsst,151.4096927735571,2.2962469693206957,170028510548066453,170054982570606727,0,170028510548066453,-3929.9912,527.33093,0,0,0,9944.785,522.0894,True,2026022400865,141,0.0,2.9926709e-05,3.3709668e-05,3.4803294e-13,3208.9167,0.6066438,3776.1213,0.53898853,False,-3641.2712,1218.1719,False,False,True,7.547368,,1673.7067,1681,-4294.1714,30.214302,151.40967289542087,,2.2962592781331965,,0.9711753,,-25.342705,,,0,False,,,,,,,,0,False,False,False,13871.438,103.65282,0.23542634,0.17968684,-0.03424206,0.2461417,0.2742943,-0.0062805773,False,False,False,False,0.23396525,0.6001919,False,False,61096.28279122843,,19,False,False,False,False,False,False,False,False,False,False,False,False,False,False,False,False,False,False,False,False,False,z
2,61096.31624301193,lsst,151.40970011765918,2.296281190446519,170028510548066453,170054986430939220,0,170028510548066453,-2352.947,222.58714,0,0,0,6171.2583,222.22398,True,2026022400894,80,0.0,2.9951765e-05,2.5745647e-05,-1.0400943e-10,1002.23303,0.5512059,2116.574,0.44931605,False,-2352.3752,465.58606,False,False,True,10.608309,,1597.4072,1681,-2344.184,1.4712363,151.40970624366298,,2.2962758493792896,,0.77991843,,5.4298816,,,0,False,,,,,,,,0,False,False,False,8539.806,21.62265,0.29347047,0.33929718,0.013522164,0.27834055,0.2587022,0.0021724028,False,False,False,False,0.19214249,0.5201863,False,False,61096.31778708809,,22,False,False,False,False,False,False,False,False,False,False,False,False,False,False,False,False,False,False,False,False,False,r
2,61096.31799117665,lsst,151.40967207282333,2.2962480814047503,170028510548066453,170054986697801837,0,170028510548066453,-2906.6943,239.62474,0,0,0,5734.188,240.02626,True,2026022400896,77,0.0,2.6383268e-05,2.2004178e-05,-5.9912825e-11,3082.6316,0.48034596,3450.2297,0.38943025,False,-3318.2734,471.17212,False,False,True,12.023776,,1660.2131,1681,-3073.08,0.5052934,151.40966883080927,,2.2962483520736794,,1.3461611,,-99.22409,,,0,False,,,,,,,,0,False,False,False,8659.526,11.63464,0.42643142,0.31136516,-0.06345128,0.32064325,0.30538982,-0.0085252635,False,False,False,False,0.22070774,0.5701588,False,False,61096.320070873255,,26,False,False,False,False,False,False,False,False,False,False,False,False,False,False,False,False,False,False,False,False,False,r
2,61096.31845934743,lsst,151.40965104761494,2.296277495219044,170028510548066453,170054986832019602,0,170028510548066453,-2656.4258,209.29704,0,0,0,5764.1533,207.1379,True,2026022400897,77,0.0,1.4493734e-05,1.810278e-05,2.5134967e-11,1569.3135,0.25774315,3664.2068,0.32829288,False,-1726.3348,467.1829,False,False,True,12.60714,,1647.3223,1681,-2676.2388,1.7406231,151.40964926151872,,2.2962727757800545,,0.915819,,0.5721683,,,0,False,,,,,,,,0,False,False,False,8498.1455,12.685181,0.18408729,0.25545612,0.014507978,0.2372595,0.22972056,0.025712177,False,False,False,False,0.019947397,0.52407163,False,False,61096.32032115846,,23,False,False,False,False,False,False,False,False,False,False,False,False,False,False,False,False,False,False,False,False,False,r
2,61096.31892712937,lsst,151.40966554384292,2.2962468625817163,170028510548066453,170054986966761581,0,170028510548066453,-2788.6982,226.22678,0,0,0,5781.08,225.19221,True,2026022400898,78,0.0,1.9778656e-05,1.6743401e-05,-1.7305135e-11,3505.596,0.3578141,1761.4165,0.30003464,False,-2805.8281,491.74884,False,False,True,11.994813,,1607.8267,1681,-2976.5408,2.523728,151.40966610459367,,2.296247831651751,,1.1460842,,-42.81051,,,0,False,,,,,,,,0,False,False,False,8613.688,18.60422,0.29393545,0.26667446,0.06019042,0.2632312,0.26908126,0.04829585,False,False,False,False,0.018663432,0.5525455,False,False,61096.320674596784,,22,False,False,False,False,False,False,False,False,False,False,False,False,False,False,False,False,False,False,False,False,False,r
2,61096.31939791344,lsst,151.40968582982708,2.296270793612926,170028510548066453,170054987100455038,0,170028510548066453,-2779.9988,216.70721,0,0,0,5783.102,215.8973,True,2026022400899,77,0.0,1.7506154e-05,2.119504e-05,1.4021812e-11,2113.8157,0.31452757,2798.7998,0.38197035,False,-2983.19,471.24,False,False,True,12.731281,,1723.0627,1681,-3146.0303,2.8095996,151.40968330128916,,2.296265420741478,,1.663871,,-19.253769,,,0,False,,,,,,,,0,False,False,False,8646.0625,19.434233,0.23678915,0.4223628,0.1097004,0.24888757,0.25345388,0.013623993,False,False,False,False,0.45768774,0.590767,False,False,61096.32099327497,,26,False,False,False,False,False,False,False,False,False,False,False,False,False,False,True,True,False,False,False,False,False,r
2,61096.31986572258,lsst,151.40964383182856,2.296251670712544,170028510548066453,170054987233624167,0,170028510548066453,-2592.5198,237.3781,0,0,0,5947.932,237.27116,True,2026022400900,75,0.0,1.7055889e-05,2.1445863e-05,7.4345564e-12,3117.2932,0.30735546,1975.7926,0.38618064,False,-2206.0981,494.4812,False,False,True,10.758174,,1676.1056,1681,-2608.363,7.79215,151.40964987815755,,2.2962510078268394,,0.92822963,,-11.397335,,,0,False,,,,,,,,0,False,False,False,8523.63,15.775578,0.18856515,0.2585435,0.018568411,0.25575012,0.31208232,0.041724294,False,False,False,False,0.27486044,0.54106104,False,False,61096.321490767485,,21,False,False,False,False,False,False,False,False,False,False,False,False,False,False,False,False,False,False,False,False,False,r
2,61096.32058809794,lsst,151.40966996292843,2.296247533123894,170028510548066453,170054987420794989,0,170028510548066453,-2677.7988,243.7678,0,0,0,5918.4756,242.62112,True,2026022400901,176,0.0,1.7546738e-05,1.8139843e-05,-4.996131e-13,3472.2444,0.32649818,1458.2086,0.31619316,False,-1609.0432,488.08612,False,False,True,10.738727,,1681.8325,1681,-2722.5938,6.3631206,151.40968032757542,,2.2962343041168296,,1.0706927,,-29.219755,,,0,False,,,,,,,,0,False,False,False,8654.954,12.9507475,0.2552923,0.19702044,-0.04594905,0.3429497,0.315924,-0.038148213,False,False,False,False,0.5552897,0.5340567,False,False,61096.32217880481,,23,False,False,False,False,False,False,False,False,False,False,False,False,False,False,False,False,False,False,False,False,False,r
2,61096.321054108805,lsst,151.4096748042137,2.2962424952029243,170028510548066453,170054987556585566,0,170028510548066453,-2764.1467,242.0256,0,0,0,5788.331,241.91588,False,2026022400902,179,,6.045019e-05,6.988628e-05,-7.756376e-11,877.0787,1.2586603,719.27386,1.0893201,False,-3489.0562,487.83197,False,False,True,11.396643,,1708.1807,1681,-3190.1375,2.0022461,151.40968719276313,,2.2962489801849615,,1.4757966,,-59.51315,,,0,False,,,,,,,,0,False,False,False,8547.919,16.6173,0.51997066,0.596159,-0.092735924,0.35818258,0.2809271,0.0026643255,False,False,False,False,0.9884229,0.53369296,False,False,61096.3227108787,,28,False,False,False,False,False,False,False,False,False,False,False,False,False,False,False,False,False,False,False,False,False,r
2,61096.32152413358,lsst,151.40966615516032,2.2962701100045417,170028510548066453,170054987688706143,0,170028510548066453,-2440.6904,240.81151,0,0,0,6091.284,240.88847,True,2026022400903,175,0.0,2.0519503e-05,3.17544e-05,-6.577139e-11,950.32983,0.57352793,2142.977,0.36660975,False,-1872.1184,478.1352,False,False,True,10.145068,,1627.6758,1681,-2548.9917,18.271112,151.4096661041277,,2.2962839056516975,,1.0917424,,-35.37746,,,0,False,,,,,,,,0,False,False,False,8628.232,17.466528,0.28132787,0.22229743,-0.047673337,0.36740044,0.2994223,-0.009531693,False,False,False,False,0.3933458,0.5165767,False,False,61096.323350247985,,23,False,False,False,False,False,False,False,False,False,False,False,False,False,False,False,False,False,False,False,False,False,r
2,61096.32246304526,lsst,151.40965645218907,2.2962555057958403,170028510548066453,170054987955044480,0,170028510548066453,-2871.3047,227.70998,0,0,0,5678.392,228.12305,True,2026022400905,171,0.0,2.2431681e-05,2.4143921e-05,-1.8307045e-11,2583.533,0.43588224,2940.674,0.40248445,False,-3032.3696,476.70615,False,False,True,12.590023,,1706.4285,1681,-2902.232,6.1098866,151.40966981495777,,2.296247497087024,,0.7280833,,-48.879734,,,0,False,,,,,,,,0,False,False,False,8586.671,18.662804,0.37072638,0.35748506,-0.02193564,0.31713834,0.2557145,-0.006892622,False,False,False,False,0.40953958,0.5191724,False,False,61096.3241732555,,24,False,False,False,False,False,False,False,False,False,False,False,False,False,False,False,False,False,False,False,False,False,r
2,61096.32293179344,lsst,151.4096769460925,2.2962740787375746,170028510548066453,170054988069863543,0,170028510548066453,-2622.4934,213.9807,0,0,0,6062.7637,212.58456,True,2026022400906,134,0.0,1.9613606e-05,2.0892929e-05,-1.5155429e-11,2619.0906,0.37759295,2292.4194,0.3511572,False,-2622.9888,463.93274,False,False,True,12.230991,,1654.3599,1681,-2812.551,7.59331,151.40968029390174,,2.296270746101259,,1.1834053,,-70.64913,,,0,False,,,,,,,,0,False,False,False,8641.007,18.292067,0.22523473,0.27345628,-0.06297794,0.2964859,0.2361478,-0.0057041184,False,False,False,False,0.026658788,0.5593254,False,False,61096.32460145517,,22,False,False,False,False,False,False,False,False,False,False,False,False,False,False,False,False,False,False,False,False,False,r
2,61096.3233997599,lsst,151.4096585808982,2.296255986715733,170028510548066453,170054988225052759,0,170028510548066453,-3292.4495,222.87578,0,0,0,5190.163,221.91968,True,2026022400907,174,0.0,1.2571043e-05,1.9603693e-05,-8.411079e-11,1098.6718,0.36529884,1317.5714,0.20564514,False,-2821.2285,478.57755,False,False,True,14.56618,,1718.3335,1681,-3423.5488,8.63647,151.4096654884772,,2.296256936933389,,1.1041609,,-23.646639,,,0,False,,,,,,,,0,False,False,False,8546.295,23.087704,0.2515998,0.13402635,-0.011077596,0.31900063,0.23898841,-0.008280451,False,False,False,False,0.48632273,0.60252297,False,False,61096.3251413118,,23,False,False,False,False,False,False,False,False,False,False,False,False,False,False,False,False,False,False,False,False,False,r
2,61096.32433966643,lsst,151.4096826547468,2.2962559448223927,170028510548066453,170054988471992464,0,170028510548066453,-2527.6687,215.25316,0,0,0,6029.0513,214.8754,True,2026022400909,133,0.0,2.148965e-05,2.4494733e-05,-7.7582524e-11,2123.2385,0.45337695,3840.7534,0.3721284,False,-2125.2136,465.66757,False,False,True,11.802377,,1836.5483,1681,-2676.203,0.72287667,151.4096906859903,,2.2962523718975913,,1.015166,,-51.2759,,,0,False,,,,,,,,0,False,False,False,8589.965,24.927011,0.31803638,0.26291236,-0.0380731,0.29676518,0.24535218,-0.0017889745,False,False,False,False,0.03417647,0.5516767,False,False,61096.326037272454,,23,False,False,False,False,False,False,False,False,False,False,False,False,False,False,False,False,False,False,False,False,False,r
2,61096.32527424507,lsst,151.40961275360465,2.2962859739406976,170028510548066453,170054988740427922,0,170028510548066453,-2353.227,216.79527,0,0,0,5841.63,216.31935,False,2026022400911,133,,2.4550947e-05,2.5409321e-05,-3.7275794e-11,1550.8813,0.46474004,321.0435,0.43398127,False,-2965.1567,462.5231,False,False,True,10.9375105,,1804.9152,1681,-2364.935,0.19345078,151.4096198579377,,2.296278489062245,,0.6248033,,39.427513,,,0,False,,,,,,,,0,False,False,False,8237.638,15.90724,0.27327877,0.29883018,0.010962785,0.2974546,0.23902121,-0.0221651,False,False,False,False,0.029141607,0.5207109,False,False,61096.32699662706,,23,False,False,False,False,False,False,False,False,False,False,False,False,False,False,False,False,False,False,False,False,False,r
2,61096.325741014734,lsst,151.4096685412003,2.296260971734479,170028510548066453,170054988874645607,0,170028510548066453,-2448.0085,211.5213,0,0,0,6085.575,211.1463,True,2026022400912,133,0.0,2.0589068e-05,2.2618427e-05,-1.0026834e-10,635.4242,0.4322846,1546.3247,0.34082478,False,-1800.9912,463.64777,False,False,True,11.625631,,1620.565,1681,-2514.1206,0.31006446,151.40966625043524,,2.2962554932114743,,0.7697535,,-21.571335,,,0,False,,,,,,,,0,False,False,False,8605.659,22.86124,0.2966491,0.2487652,0.010349271,0.31902874,0.20639232,-0.024934247,False,False,False,False,0.009463876,0.56868434,False,False,61096.32752394988,,22,False,False,False,False,False,False,False,False,False,False,False,False,False,False,False,False,False,False,False,False,False,r
2,61096.32620886632,lsst,151.4097153091451,2.2962709245312003,170028510548066453,170054989024067706,0,170028510548066453,-2855.9585,221.31192,0,0,0,5517.4106,220.73535,True,2026022400913,162,0.0,2.0159358e-05,1.949736e-05,4.4147547e-11,1914.8722,0.33555263,3560.8752,0.37781936,False,-3360.9944,485.40323,False,False,True,13.085164,,1687.3038,1681,-2938.6743,0.8770547,151.4097169339271,,2.2962673094085626,,0.89841557,,28.992094,,,0,False,,,,,,,,0,False,False,False,8379.556,33.836563,0.23355323,0.28114235,0.027575905,0.2902233,0.2139219,-0.008529293,False,False,False,False,0.0027611768,0.5165756,False,False,61096.32787225708,,23,False,False,False,False,False,False,False,False,False,False,False,False,False,False,False,False,False,False,False,False,False,r
2,61096.326676784025,lsst,151.40967768596695,2.2962880423943455,170028510548066453,170054989143081067,0,170028510548066453,-2696.7405,211.49371,0,0,0,5915.9287,211.09062,True,2026022400914,133,0.0,1.6723234e-05,1.727438e-05,-4.5299802e-11,413.72882,0.32948473,547.21716,0.28051314,False,-2992.1765,461.94934,False,False,True,12.453331,,1694.8921,1681,-2882.512,4.0188375,151.40967902983758,,2.2962863491205843,,1.2311525,,-13.612499,,,0,False,,,,,,,,0,False,False,False,8586.479,19.969343,0.30863672,0.21710171,0.05722696,0.3167489,0.21371453,-0.0011344127,False,False,False,False,0.0005258581,0.5682518,False,False,61096.32836603635,,23,False,False,False,False,False,False,False,False,False,False,False,False,False,False,False,False,False,False,False,False,False,r
2,61096.32868173327,lsst,151.4096559111753,2.2962574741676507,170028510548066453,170054989651640425,0,170028510548066453,-2814.7847,237.29132,0,0,0,5713.0254,236.04385,True,2026022400918,79,0.0,2.1750753e-05,1.9938323e-05,-6.0962836e-12,2170.7725,0.3920865,1385.0095,0.35862112,False,-3130.5637,493.75223,False,False,True,11.570567,,1729.217,1681,-3498.8572,2.8067713,151.40964514256342,,2.2962753252119117,,2.1674092,,-42.849434,,,0,False,,,,,,,,0,False,False,False,8575.943,17.957287,0.47334963,0.43465662,0.25651568,0.29391393,0.29451594,0.056906454,False,False,False,False,0.8859693,0.57896847,False,False,61096.330395292345,,24,False,False,False,False,False,False,False,False,False,False,False,False,False,False,False,False,False,False,False,False,False,r
2,61096.32915147324,lsst,151.40963767798502,2.2962967521873137,170028510548066453,170054989786382446,0,170028510548066453,-2635.1658,225.99675,0,0,0,5771.1406,225.0771,True,2026022400919,80,0.0,2.0153077e-05,2.6798723e-05,6.5437174e-12,1473.3491,0.36283788,2441.4019,0.48226595,False,-2996.6912,486.59256,False,False,True,11.502474,,1658.2882,1681,-2911.678,1.1286191,151.40963990284158,,2.2962954761478165,,1.3364025,,-6.2515883,,,0,False,,,,,,,,0,False,False,False,8474.041,19.45393,0.29558668,0.45788106,0.021834912,0.25682056,0.28574055,0.04740626,False,False,False,False,0.64115995,0.60590327,False,False,61096.330755873474,,24,False,False,False,False,False,False,False,False,False,False,False,False,False,False,False,False,False,False,False,False,False,r
2,61096.32962100374,lsst,151.40967456572457,2.296265682192448,170028510548066453,170054989919027316,0,170028510548066453,-2647.1523,229.4294,0,0,0,6011.5566,228.71922,True,2026022400920,77,0.0,2.0842825e-05,1.8414416e-05,2.6507806e-12,820.46533,0.37542936,2443.1284,0.3313169,False,-3427.2551,486.4286,False,False,True,11.432034,,1712.2035,1681,-2841.1333,5.1098375,151.40966858528196,,2.2962710257106793,,1.1969181,,-108.25883,,,0,False,,,,,,,,0,False,False,False,8639.809,18.9891,0.32259578,0.2076356,-0.037436955,0.28537187,0.2773223,0.041131057,False,False,False,False,0.023144988,0.5611006,False,False,61096.331292280054,,23,False,False,False,False,False,False,False,False,False,False,False,False,False,False,False,False,False,False,False,False,False,r
2,61096.330089537616,lsst,151.4096843171762,2.296272625114879,170028510548066453,170054990055342171,0,170028510548066453,-2637.1055,219.25941,0,0,0,5971.75,217.19128,True,2026022400921,81,0.0,1.7197475e-05,1.943914e-05,-6.7530525e-12,610.80054,0.30925813,1620.3069,0.34993482,False,-2081.2976,471.55713,False,False,True,12.049597,,1639.3529,1681,-2763.776,9.21823,151.40968919474165,,2.296271516295918,,1.0406957,,-10.331358,,,0,False,,,,,,,,0,False,False,False,8628.952,17.671152,0.14009076,0.24245158,0.010344271,0.28328976,0.27299452,0.041304816,False,False,False,False,0.49229187,0.5321578,False,False,61096.331817771934,,21,False,False,False,False,False,False,False,False,False,False,False,False,False,False,False,False,False,False,False,False,False,r
2,61096.33056165867,lsst,151.40966520744098,2.2962487106830527,170028510548066453,170054990186938481,0,170028510548066453,-2733.563,232.04889,0,0,0,5849.8477,229.84673,True,2026022400922,76,0.0,1.6236605e-05,2.3196937e-05,-3.8431525e-11,2211.3545,0.28961402,1466.0757,0.41948777,False,-2415.431,497.23114,False,False,True,11.561458,,1747.259,1681,-3050.8333,8.678078,151.40965990566252,,2.2962579594870904,,1.5717076,,-21.028679,,,0,False,,,,,,,,0,False,False,False,8573.046,21.713745,0.19906566,0.42548302,0.056456547,0.266185,0.27224112,0.038557217,False,False,False,False,0.15829775,0.511552,False,False,61096.33221474396,,24,False,False,False,False,False,False,False,False,False,False,False,False,False,False,False,False,False,False,False,False,False,r
2,61096.33103376777,lsst,151.4096523848723,2.2963010970160456,170028510548066453,170054990319583351,0,170028510548066453,-2803.7683,229.94067,0,0,0,5632.8657,228.48967,True,2026022400923,73,0.0,1.7102637e-05,2.0336747e-05,-2.3839623e-11,2870.6106,0.30577457,1598.5073,0.36796892,False,-3051.8245,501.3336,False,False,True,11.950442,,1604.453,1681,-3117.8184,3.2461772,151.4096587390948,,2.296298187753984,,1.3918698,,-37.05782,,,0,False,,,,,,,,0,False,False,False,8471.17,20.646166,0.25705126,0.371727,0.07530643,0.25657493,0.28396785,0.033043794,False,False,False,False,0.16488197,0.59241885,False,False,61096.332662634966,,23,False,False,False,False,False,False,False,False,False,False,False,False,False,False,False,False,False,False,False,False,False,r
3,61097.16984306347,lsst,151.40962530181616,2.2962387809828537,170028510548066453,170059278221050078,0,170028510548066453,-2184.2283,249.2252,0,0,0,7243.9478,245.7075,True,2026022500102,164,0.0,3.7413833e-05,2.0629697e-05,3.133605e-10,2206.8909,0.32883173,3654.9297,0.69623196,False,-3151.8394,684.3053,False,False,True,9.089953,,1687.5547,1681,-2517.044,13.580155,151.4096560651318,,2.2962586989982525,,1.0615203,,70.97356,,,0,False,,,,,,,,0,False,False,False,9442.022,28.471045,0.14796577,0.2559131,0.0050278823,0.1966911,0.13233645,-0.0026695116,False,False,False,False,0.19202936,0.5013332,False,False,61097.17179364479,,17,False,False,False,False,False,False,False,False,False,False,False,False,False,False,False,False,False,False,False,False,False,i
3,61097.17030755105,lsst,151.409655219056,2.2962797849628953,170028510548066453,170059278356840601,0,170028510548066453,-2957.3433,246.331,0,0,0,7288.088,242.43073,True,2026022500103,167,0.0,1.945056e-05,2.0301657e-05,-1.3209555e-11,3680.067,0.36760038,1787.8308,0.34863672,False,-3390.2605,690.0232,False,False,True,12.533469,,1650.347,1681,-3113.7148,1.7609993,151.40965230927017,,2.2962800777343233,,0.54628783,,-93.55701,,,0,False,,,,,,,,0,False,False,False,10250.417,27.389362,0.147881,0.17007338,-0.0068461816,0.17852989,0.12797907,-0.0017100174,False,False,False,False,0.005340132,0.6063642,False,False,61097.17214326239,,19,False,False,False,False,False,False,False,False,False,False,False,False,False,False,False,False,False,False,False,False,False,i
3,61097.1707739195,lsst,151.40966361128937,2.296270157764608,170028510548066453,170059278489485488,0,170028510548066453,-2335.9482,238.15077,0,0,0,7850.135,230.50839,True,2026022500104,164,0.0,1.561658e-05,1.575984e-05,-1.8779533e-12,411.0163,0.28419298,2883.7239,0.28108698,False,-2795.3394,685.00684,False,False,True,9.624138,,1676.8701,1681,-2549.8733,15.805203,151.4096559669244,,2.296258348940362,,1.0950572,,5.325818,,,0,False,,,,,,,,0,False,False,False,10178.75,35.811787,0.15917149,0.08560469,0.053192377,0.1460415,0.13661347,0.024969071,False,False,False,False,0.06158842,0.55611706,False,False,61097.17254761138,,17,False,False,False,False,False,False,False,False,False,False,False,False,False,False,False,False,False,False,False,False,False,i
3,61097.1726387971,lsst,151.40966033840135,2.296249990372383,170028510548066453,170059279010627772,0,170028510548066453,-2658.0068,219.83136,0,0,0,7499.1924,216.38737,True,2026022500108,134,0.0,1.4909997e-05,1.49414045e-05,-6.9687414e-13,814.4996,0.2691967,2936.0254,0.26834908,False,-1979.8365,676.0485,False,False,True,12.224624,,1711.1714,1681,-2800.4263,3.4302382,151.40965616830587,,2.2962561157918486,,0.63893425,,5.5074234,,,0,False,,,,,,,,0,False,False,False,10188.088,52.12125,0.11439299,0.107770495,0.018384917,0.11358802,0.13816015,0.028524298,False,False,False,False,0.042562302,0.60540956,False,False,61097.174415864814,,15,False,False,False,False,False,False,False,False,False,False,False,False,False,False,False,False,False,False,False,False,False,i
3,61097.17310395361,lsst,151.40966289724304,2.2962565508910324,170028510548066453,170059279144321228,0,170028510548066453,-2579.786,217.70718,0,0,0,7547.238,211.86479,True,2026022500109,133,0.0,2.8837028e-05,2.4625419e-05,4.1725282e-10,3651.887,0.30490464,2980.4148,0.6111188,False,-3586.3726,673.3947,False,False,True,11.75625,,1650.9402,1681,-2753.3608,9.71055,151.40966422004146,,2.296248655017672,,0.8368124,,51.729687,,,0,False,,,,,,,,0,False,False,False,10141.69,53.641346,0.08571311,0.15354846,0.0009903426,0.10829557,0.13174078,0.028747713,False,False,False,False,3.128561e-05,0.6211667,False,False,61097.17489121511,,16,False,False,False,False,False,False,False,False,False,False,False,False,False,False,False,False,False,False,False,False,False,i
3,61097.17468155196,lsst,151.40968429521385,2.2962506814785857,170028510548066453,170059279571615968,0,170028510548066453,-2268.6885,233.50816,0,0,0,7758.6445,228.07037,True,2026022500112,180,0.0,1.7802164e-05,2.1790074e-05,6.780105e-11,3392.2253,0.4025962,909.9761,0.30780056,False,-3163.0537,670.06335,False,False,True,9.8064575,,1620.2184,1681,-2391.7542,0.14245701,151.40968084894914,,2.296252672106782,,0.8022232,,9.419811,,,0,False,,,,,,,,0,False,False,False,10054.643,33.49506,0.19816475,0.14341801,-0.011052314,0.14974564,0.12934703,0.011834095,False,False,False,False,0.16065992,0.5801666,False,False,61097.17644343139,,15,False,False,False,False,False,False,False,False,False,False,False,False,False,False,False,False,False,False,False,False,False,i
3,61097.175611128274,lsst,151.4096578554633,2.2962891834596215,170028510548066453,170059279840051458,0,170028510548066453,-2374.7185,238.49254,0,0,0,7918.9897,234.87273,True,2026022500114,180,0.0,2.0323976e-05,3.235675e-05,1.7408665e-10,517.64435,0.59483933,2049.8774,0.3458697,False,-2513.345,674.5172,False,False,True,10.110736,,1594.1592,1681,-2698.455,8.929868,151.40964897504762,,2.2962713087548505,,1.2362665,,25.341202,,,0,False,,,,,,,,0,False,False,False,10313.005,28.395256,0.21870793,0.060807195,0.03170725,0.1541249,0.13562521,0.017733058,False,False,False,False,0.004514904,0.5023192,False,False,61097.1774148509,,18,False,False,False,False,False,False,False,False,False,False,False,False,False,False,False,False,False,False,False,False,False,i
3,61097.17654146222,lsst,151.4096676506837,2.296265248830654,170028510548066453,170059280106389657,0,170028510548066453,-2409.6335,235.16545,0,0,0,7831.9946,232.10658,True,2026022500116,176,0.0,1.785147e-05,1.3608963e-05,-2.0251266e-11,3284.8286,0.24304527,565.37823,0.3233632,False,-3025.2354,675.9399,False,False,True,10.039546,,1624.5059,1681,-2526.453,3.981799,151.40966242038562,,2.2962596317092703,,0.94999224,,74.92113,,,0,False,,,,,,,,0,False,False,False,10236.641,31.896412,0.098999254,0.16057347,0.032871176,0.1244816,0.1464674,0.023082007,False,False,False,False,0.005964489,0.5313202,False,False,61097.17823590418,,14,False,False,False,False,False,False,False,False,False,False,False,False,False,False,False,False,False,False,False,False,False,i
3,61097.17747138611,lsst,151.4096564526295,2.296264314228388,170028510548066453,170059280374825134,0,170028510548066453,-2153.2751,230.96773,0,0,0,8153.6567,230.17972,True,2026022500118,176,0.0,2.445899e-05,1.2830437e-05,-1.81682e-11,809.6876,0.23049304,2505.2817,0.44140103,False,-2325.1646,678.0154,False,False,True,8.985211,,1659.0332,1681,-2471.8203,18.80184,151.4096286792998,,2.296249460616243,,1.4337103,,79.548004,,,0,False,,,,,,,,0,False,False,False,10329.708,58.419178,0.07213463,0.2823328,0.050434705,0.10188804,0.14027008,-0.00032529703,False,False,False,False,0.47930247,0.5484718,False,False,61097.17910135142,,15,False,False,False,False,False,False,False,False,False,False,False,False,False,False,False,False,False,False,False,False,False,i
3,61097.17793853168,lsst,151.40967868726514,2.2962445293705644,170028510548066453,170059280508518610,0,170028510548066453,-2616.2559,231.19211,0,0,0,7551.336,228.08331,True,2026022500119,175,0.0,1.937574e-05,1.4989958e-05,1.4525039e-12,837.73096,0.26986644,813.839,0.34934226,False,-2751.1687,669.0879,False,False,True,11.329361,,1683.8182,1681,-2889.9858,3.0594695,151.40966584797513,,2.296234705172112,,1.0394598,,49.56353,,,0,False,,,,,,,,0,False,False,False,10172.9,30.550919,0.16493998,0.18382555,0.051985748,0.10945715,0.14131768,0.0073378314,False,False,False,False,0.38091323,0.551905,False,False,61097.17970655282,,16,False,False,False,False,False,False,False,False,False,False,False,False,False,False,False,False,False,False,False,False,False,i
3,61097.17840432565,lsst,151.40967099537335,2.296266849972537,170028510548066453,170059280642736301,0,170028510548066453,-2520.514,251.68692,0,0,0,7920.19,247.8528,True,2026022500120,175,0.0,1.4494202e-05,1.53244e-05,-1.5290796e-12,1518.1726,0.27599168,3212.6985,0.26138058,False,-3173.2744,673.66235,False,False,True,9.94374,,1695.8834,1681,-2341.9001,6.2701936,151.40967121633665,,2.2962608578967663,,0.46362177,,81.984116,,,0,False,,,,,,,,0,False,False,False,10452.447,29.34982,0.089698784,0.108391814,0.0014697104,0.13469064,0.16805367,-0.0019195155,False,False,False,False,0.3644821,0.63982385,False,False,61097.18014628352,,16,False,False,False,False,False,False,False,False,False,False,False,False,False,False,False,False,False,False,False,False,False,i
3,61097.17887073534,lsst,151.40967037192792,2.29626996258848,170028510548066453,170059280776429753,0,170028510548066453,-2958.368,239.3819,0,0,0,7410.6113,237.64697,True,2026022500121,174,0.0,1.6550403e-05,1.2342515e-05,1.427426e-11,1743.0952,0.22100987,869.79944,0.29929465,False,-2959.2593,666.5225,False,False,True,12.503139,,1741.9945,1681,-3010.263,8.621291,151.4096698996091,,2.2962676339752917,,0.7421647,,-72.77769,,,0,False,,,,,,,,0,False,False,False,10410.883,25.60592,0.096566275,0.13165206,-0.019156625,0.11659082,0.16981462,0.005949003,False,False,False,False,0.13760911,0.638941,False,False,61097.18068869384,,17,False,False,False,False,False,False,False,False,False,False,False,False,False,False,False,False,False,False,False,False,False,i
3,61097.17980634053,lsst,151.4096901410306,2.2962564986119345,170028510548066453,170059281043292337,0,170028510548066453,-2829.1187,222.92194,0,0,0,7043.46,213.52509,True,2026022500123,171,0.0,1.2867236e-05,1.3402928e-05,-3.2697384e-12,3891.509,0.24172845,1015.4346,0.2313196,False,-3507.4097,666.5065,False,False,True,12.124163,,1648.5605,1681,-2611.0703,3.2083778,151.40968775519477,,2.2962576778819583,,0.45005304,,45.670544,,,0,False,,,,,,,,0,False,False,False,9810.514,34.649494,0.10480895,0.11273507,0.0079083545,0.116317354,0.11026793,0.009778449,False,False,False,False,0.0045034434,0.5634958,False,False,61097.18151478401,,15,False,False,False,False,False,False,False,False,False,False,False,False,False,False,False,False,False,False,False,False,False,i
3,61097.18027161611,lsst,151.40968034200458,2.2962847550498413,170028510548066453,170059281177510058,0,170028510548066453,-2427.8774,228.61255,0,0,0,7906.3647,224.21004,True,2026022500124,171,0.0,1.5798665e-05,1.6954378e-05,-1.1368895e-11,2618.066,0.3068615,1579.5461,0.28287378,False,-3991.1863,664.45966,False,False,True,10.419867,,1674.3447,1681,-2427.4275,0.5695323,151.4096844612478,,2.2962828695971176,,0.78978634,,5.129197,,,0,False,,,,,,,,0,False,False,False,10339.077,29.404587,0.17853087,0.13544196,0.019060269,0.11271159,0.13689111,0.0034115466,False,False,False,False,0.18757732,0.6048789,False,False,61097.181998991735,,15,False,False,False,False,False,False,False,False,False,False,False,False,False,False,False,False,False,False,False,False,False,i
3,61097.18213917282,lsst,151.40965301787358,2.296252053107969,170028510548066453,170059281714380949,0,170028510548066453,-2780.2244,246.33078,0,0,0,7447.8647,243.28928,True,2026022500128,171,0.0,1.630485e-05,1.4964184e-05,1.111376e-11,3216.695,0.2676872,1175.931,0.29529762,False,-3150.1619,659.7846,False,False,True,11.221977,,1575.882,1681,-2619.5583,5.027885,151.40965240908787,,2.2962527601854137,,0.42391932,,69.25071,,,0,False,,,,,,,,0,False,False,False,10281.709,22.226196,0.12329538,0.1383571,0.0018357718,0.14123629,0.16472067,0.013831602,False,False,False,False,0.077135466,0.6496693,False,False,61097.18390146225,,17,False,False,False,False,False,False,False,False,False,False,False,False,False,False,False,False,False,False,False,False,False,i
3,61097.182606956856,lsst,151.40966004711524,2.296275835297873,170028510548066453,170059281848598685,0,170028510548066453,-2333.0154,241.86705,0,0,0,7967.9165,235.19052,True,2026022500129,171,0.0,1.4764611e-05,1.1636164e-05,2.7713167e-11,1199.448,0.20285192,2589.852,0.2711825,False,-2235.851,662.33875,False,False,True,9.203978,,1666.7617,1681,-2236.952,16.014317,151.40966583677033,,2.2962726609166113,,0.80568767,,44.30269,,,0,False,,,,,,,,0,False,False,False,10310.795,23.79789,0.071312144,0.10638871,0.027602475,0.12680115,0.15550414,0.0027874366,False,False,False,False,0.384398,0.5790272,False,False,61097.18442365747,,16,False,False,False,False,False,False,False,False,False,False,False,False,False,False,False,False,False,False,False,False,False,i
3,61097.184471435634,lsst,151.40969603532307,2.2962817522032055,170028510548066453,170059282382848177,0,170028510548066453,-2608.903,220.2312,0,0,0,7357.972,215.63695,True,2026022500133,166,0.0,1.2164572e-05,1.3209724e-05,-2.0547616e-11,3861.8152,0.24541615,323.40442,0.21086423,False,-2719.3372,664.3189,False,False,True,11.597334,,1620.7346,1681,-2655.3306,6.881137,151.40969974496446,,2.2962773623853505,,0.73416126,,-20.433645,,,0,False,,,,,,,,0,False,False,False,9971.05,27.43875,0.12560236,0.076243885,0.007400911,0.10421197,0.11793084,-0.0027883716,False,False,False,False,0.022963515,0.50459826,False,False,61097.186173940776,,14,False,False,False,False,False,False,False,False,False,False,False,False,False,False,False,False,False,False,False,False,False,i
3,61097.184939978135,lsst,151.409678624333,2.296289316778045,170028510548066453,170059282515493037,0,170028510548066453,-2655.171,215.16017,0,0,0,7512.199,209.56133,True,2026022500134,163,0.0,1.2860065e-05,1.2444057e-05,1.09692e-11,1148.548,0.21907169,922.8195,0.23653595,False,-2971.0332,659.05,False,False,True,12.144534,,1684.9723,1681,-2667.766,1.5869908,151.40967915096124,,2.2962863118085424,,0.85349864,,3.0544016,,,0,False,,,,,,,,0,False,False,False,10186.748,28.94037,0.1317293,0.10694933,0.03330524,0.098004065,0.10838576,0.0013674034,False,False,False,False,0.061294135,0.56547856,False,False,61097.18672259082,,15,False,False,False,False,False,False,False,False,False,False,False,False,False,False,False,False,False,False,False,False,False,i
3,61097.18540514552,lsst,151.4096802045156,2.2962614932177106,170028510548066453,170059282649710777,0,170028510548066453,-2280.0762,232.74698,0,0,0,8119.44,230.13794,True,2026022500135,163,0.0,1.7834618e-05,1.739046e-05,2.2184365e-11,482.108,0.3050325,3322.0369,0.3293473,False,-3645.7275,660.13403,False,False,True,9.658725,,1616.3541,1681,-2113.535,0.47029015,151.40967746377908,,2.2962577032410763,,0.5588591,,44.80343,,,0,False,,,,,,,,0,False,False,False,10415.941,22.492191,0.13209374,0.15778188,0.0048869164,0.120457456,0.12031013,-0.0014966419,False,False,False,False,0.11793607,0.5083099,False,False,61097.18706993369,,15,False,False,False,False,False,False,False,False,False,False,False,False,False,False,False,False,False,False,False,False,False,i
3,61097.18727415457,lsst,151.40967313882672,2.2962616680223817,170028510548066453,170059283170853014,0,170028510548066453,-2991.0383,240.53743,0,0,0,7181.716,231.75523,True,2026022500139,133,0.0,1.3418696e-05,1.3549936e-05,2.4153396e-11,850.95966,0.22606142,926.0508,0.25851947,False,-2601.1685,647.5629,False,False,True,12.467198,,1702.1125,1681,-2765.9463,2.4594924,151.40967423313887,,2.2962614062933504,,0.395359,,22.322998,,,0,False,,,,,,,,0,False,False,False,10147.116,17.983015,0.11847638,0.12854286,0.0044580474,0.12861736,0.14741424,0.0009289904,False,False,False,False,0.037432816,0.57034683,False,False,61097.189044670755,,18,False,False,False,False,False,False,False,False,False,False,False,False,False,False,False,False,False,False,False,False,False,i
3,61097.18774097097,lsst,151.40966587225458,2.296263864951386,170028510548066453,170059283302973610,0,170028510548066453,-2519.6975,234.16714,0,0,0,7755.923,229.5169,True,2026022500140,129,0.0,1.5283382e-05,1.5964968e-05,5.9883425e-11,2952.4775,0.24390471,3953.241,0.31453094,False,-2792.0637,656.8859,False,False,True,10.452029,,1601.102,1681,-2505.7856,8.134828,151.4096651963682,,2.2962691082350415,,0.9521481,,26.790009,,,0,False,,,,,,,,0,False,False,False,10255.933,24.80313,0.079748,0.1619081,0.020514384,0.12009988,0.13448778,0.00208538,False,False,False,False,0.008185247,0.5681189,False,False,61097.189488495234,,16,False,False,False,False,False,False,False,False,False,False,False,False,False,False,False,False,False,False,False,False,False,i
3,61097.18844818038,lsst,151.40970811780213,2.296288402395079,170028510548066453,170059283464454254,0,170028510548066453,-2519.0657,263.013,0,0,0,7613.4233,260.4182,True,2026022500141,181,0.0,1.863033e-05,1.8879908e-05,9.208162e-12,952.3975,0.3426658,83.51353,0.33292565,False,-2419.8865,658.0529,False,False,True,9.333227,,1604.5043,1681,-2404.3809,11.929269,151.40970414435472,,2.2962910670462637,,0.65645176,,29.880745,,,0,False,,,,,,,,0,False,False,False,10144.849,14.196556,0.16989645,0.13145028,-0.0018029016,0.20434603,0.15807022,0.007779044,False,False,False,False,0.12085985,0.5661323,False,False,61097.19027411641,,18,False,False,False,False,False,False,False,False,False,False,False,False,False,False,False,False,False,False,False,False,False,i
3,61097.189380807715,lsst,151.40967903323656,2.2962607495499903,170028510548066453,170059283717161139,0,170028510548066453,-2412.165,249.61198,0,0,0,8014.642,248.73608,True,2026022500143,151,0.0,1.7149385e-05,2.0105437e-05,7.3022456e-11,209.2243,0.3779291,2546.7175,0.28914618,False,-2928.099,650.0638,False,False,True,9.392601,,1686.9524,1681,-2549.743,8.701678,151.40967804494804,,2.296268116401051,,1.1455641,,17.726337,,,0,False,,,,,,,,0,False,False,False,10487.042,17.061253,0.25400642,0.12958905,-0.019832553,0.18359815,0.1479249,0.01510773,False,False,False,False,0.09726716,0.52805847,False,False,61097.19122288431,,18,False,False,False,False,False,False,False,False,False,False,False,False,False,False,False,False,False,False,False,False,False,i
3,61097.19031123702,lsst,151.409656866694,2.296262054302441,170028510548066453,170059284000800996,0,170028510548066453,-2822.1572,239.1414,0,0,0,7335.8296,231.66435,True,2026022500145,180,0.0,1.4845764e-05,1.6422828e-05,2.121972e-11,3009.4941,0.30001068,2765.9646,0.2627351,False,-2391.177,648.92017,False,False,True,11.701539,,1650.2202,1681,-2866.602,3.1372154,151.40965607450514,,2.296261534279291,,0.8702089,,49.630543,,,0,False,,,,,,,,0,False,False,False,10185.064,18.02884,0.1804639,0.14295894,0.03023311,0.15487874,0.1341936,0.010218408,False,False,False,False,0.049822994,0.5822185,False,False,61097.19205840021,,18,False,False,False,False,False,False,False,False,False,False,False,False,False,False,False,False,False,False,False,False,False,i
3,61097.19077559469,lsst,151.40967352335676,2.2962667101700083,170028510548066453,170059284135018701,0,170028510548066453,-2822.0437,257.0068,0,0,0,7704.6265,253.85141,True,2026022500146,180,0.0,1.683041e-05,1.8835297e-05,2.4772562e-11,2792.1685,0.34287378,3617.3418,0.2991993,False,-2180.396,650.36176,False,False,True,11.011904,,1598.5172,1681,-2832.7803,2.472161,151.40967439080657,,2.2962731418038698,,0.7492032,,65.83073,,,0,False,,,,,,,,0,False,False,False,10489.584,15.116022,0.16668805,0.17250946,0.025275612,0.20357014,0.15595432,0.0130937435,False,False,False,False,0.014289493,0.57316196,False,False,61097.19266145183,,18,False,False,False,False,False,False,False,False,False,False,False,False,False,False,False,False,False,False,False,False,False,i
3,61097.19124314976,lsst,151.40965503823443,2.2962776995057577,170028510548066453,170059284267139201,0,170028510548066453,-2374.604,251.29196,0,0,0,7900.0684,248.32167,True,2026022500147,176,0.0,1.7858072e-05,2.5160427e-05,8.683608e-11,2429.1807,0.4609466,442.61893,0.31042585,False,-3240.0918,653.31226,False,False,True,9.143897,,1684.7955,1681,-2624.0208,0.6649516,151.40964873797387,,2.29628311467554,,1.3174781,,8.9312315,,,0,False,,,,,,,,0,False,False,False,10297.583,17.425848,0.33137956,0.16095887,-0.01678374,0.17049642,0.14474778,0.02263934,False,False,False,False,0.71228945,0.54695004,False,False,61097.193200611786,,18,False,False,False,False,False,False,False,False,False,False,False,False,False,False,False,False,False,False,False,False,False,i
3,61097.1921761119,lsst,151.4096702634536,2.296245765700589,170028510548066453,170059284535574677,0,170028510548066453,-2140.461,258.39612,0,0,0,8097.375,255.20667,True,2026022500149,176,0.0,2.4424742e-05,2.794377e-05,2.7927822e-11,488.7393,0.50442535,705.80194,0.43880245,False,-2199.3472,648.7706,False,False,True,8.329121,,1636.7848,1681,-2228.9287,4.154718,151.40966432828992,,2.2962468243392955,,0.9513904,,-10.752656,,,0,False,,,,,,,,0,False,False,False,10310.673,15.161057,0.22200304,0.15528925,-0.026582137,0.1771696,0.16724919,0.017959477,False,False,False,False,0.03852838,0.54429346,False,False,61097.19409519744,,17,False,False,False,False,False,False,False,False,False,False,False,False,False,False,False,False,False,False,False,False,False,i
3,61097.19264427503,lsst,151.40965831626693,2.296275628668352,170028510548066453,170059284669792401,0,170028510548066453,-2581.0664,248.0257,0,0,0,7829.66,244.12643,True,2026022500150,176,0.0,2.1099477e-05,1.7925204e-05,-1.226177e-11,1532.2101,0.3221853,2966.636,0.38104808,False,-3827.831,653.3783,False,False,True,10.250518,,1842.6138,1681,-2983.7395,11.321743,151.40963174008928,,2.2962567502686384,,1.5629084,,72.53625,,,0,False,,,,,,,,0,False,False,False,10404.89,19.071503,0.1835299,0.3626115,0.092413105,0.16275075,0.1544076,0.013162351,False,False,False,False,0.8739965,0.59761184,False,False,61097.19453902654,,22,False,False,False,False,False,False,False,False,False,False,False,False,False,False,False,False,False,False,False,False,False,i
3,61097.19311101782,lsst,151.4096882898942,2.296274365587537,170028510548066453,170059284803485873,0,170028510548066453,-2651.936,243.24672,0,0,0,7580.4243,236.90001,True,2026022500151,175,0.0,1.4069034e-05,1.9649005e-05,8.524095e-12,1436.3695,0.35393968,1286.3726,0.25339845,False,-3198.6248,644.2291,False,False,True,10.506907,,1634.9277,1681,-2569.9124,7.9655795,151.40969015618643,,2.2962733083621165,,0.8515064,,21.7891,,,0,False,,,,,,,,0,False,False,False,10225.854,20.188534,0.16759972,0.113574,0.021448072,0.1580449,0.1389332,0.0090663275,False,False,False,False,0.010477206,0.5638904,False,False,61097.19491502249,,19,False,False,False,False,False,False,False,False,False,False,False,False,False,False,False,False,False,False,False,False,False,i
3,61097.19357875838,lsst,151.40967292305183,2.296274000680246,170028510548066453,170059284936130735,0,170028510548066453,-2634.12,248.69095,0,0,0,7781.503,244.2619,True,2026022500152,172,0.0,1.5548641e-05,1.6715856e-05,-2.512445e-13,945.7827,0.3009159,3203.9507,0.28022406,False,-3525.1716,644.31775,False,False,True,10.404011,,1687.7643,1681,-2836.2383,6.246971,151.40967072203384,,2.2962644235249163,,1.3809031,,32.54227,,,0,False,,,,,,,,0,False,False,False,10402.709,18.295961,0.23729421,0.15357196,0.093809485,0.1500167,0.15672426,0.0129878055,False,False,False,False,0.2508271,0.5544696,False,False,61097.19534644269,,18,False,False,False,False,False,False,False,False,False,False,False,False,False,False,False,False,False,False,False,False,False,i
3,61097.19404432306,lsst,151.40967004908111,2.296267242896719,170028510548066453,170059285070348455,0,170028510548066453,-2714.242,241.66368,0,0,0,7618.0693,236.63307,True,2026022500153,172,0.0,1.9154677e-05,1.41365645e-05,9.958369e-12,2903.0276,0.25406614,1139.1193,0.34538862,False,-3018.0334,641.5623,False,False,True,11.120763,,1762.3085,1681,-3051.285,6.129828,151.40965834095815,,2.296275279010879,,1.41748,,-82.55511,,,0,False,,,,,,,,0,False,False,False,10320.468,19.351,0.1255743,0.32241616,-0.039135657,0.14733809,0.15322362,0.017826213,False,False,False,False,0.5953546,0.6080894,False,False,61097.19576624994,,19,False,False,False,False,False,False,False,False,False,False,False,False,False,False,False,False,False,False,False,False,False,i
3,61097.195534619364,lsst,151.40964309370167,2.2962648753208796,170028510548066453,170059285477195944,0,170028510548066453,-2361.9917,250.06273,0,0,0,7879.695,246.17488,True,2026022500156,180,0.0,3.394054e-05,4.6282876e-05,7.5462786e-10,3755.795,0.9091955,860.9569,0.49162814,False,-2778.8484,641.0217,False,False,True,9.412895,,1673.4683,1681,-2479.061,1.4951725,151.40965305412374,,2.296261290063955,,1.0555998,,27.050297,,,0,False,,,,,,,,0,False,False,False,10265.666,15.694076,0.27431625,0.16877207,-0.0024723304,0.17907912,0.15664831,0.014851336,False,False,False,False,0.34931698,0.53740424,False,False,61097.197423738515,,18,False,False,False,False,False,False,False,False,False,False,False,False,False,False,False,False,False,False,False,False,False,i
3,61097.19739761518,lsst,151.40967151427884,2.29626207806862,170028510548066453,170059286014066903,0,170028510548066453,-2591.2014,232.2021,0,0,0,7787.189,229.52026,True,2026022500160,180,0.0,1.48531635e-05,1.5016257e-05,1.3408939e-12,1392.7952,0.27057582,3388.1897,0.26750597,False,-1944.4875,644.854,False,False,True,11.185618,,1701.1449,1681,-2477.0103,4.860655,151.40967150121764,,2.2962620096557838,,0.6260263,,-29.73033,,,0,False,,,,,,,,0,False,False,False,10426.367,21.500412,0.12093843,0.12239433,-0.017708743,0.13817424,0.13375488,0.012510706,False,False,False,False,0.036951363,0.6074161,False,False,61097.19923677619,,15,False,False,False,False,False,False,False,False,False,False,False,False,False,False,False,False,False,False,False,False,False,i
3,61097.19972096908,lsst,151.40967689099307,2.296276989657153,170028510548066453,170059286682534056,0,170028510548066453,-2642.2915,246.8506,0,0,0,7695.355,242.27678,True,2026022500165,175,0.0,2.0163421e-05,1.4866052e-05,-4.7353744e-12,3836.7468,0.2676133,3160.1265,0.3637103,False,-3090.6196,642.73346,False,False,True,10.624982,,1717.4902,1681,-2641.1155,6.342574,151.40967205106526,,2.296277586435283,,0.97343177,,-81.72661,,,0,False,,,,,,,,0,False,False,False,10334.834,20.727953,0.11200563,0.20169602,-0.010880404,0.14371283,0.16137461,0.0009988105,False,False,False,False,0.0030427468,0.58387566,False,False,61097.20143054719,,17,False,False,False,False,False,False,False,False,False,False,False,False,False,False,False,False,False,False,False,False,False,i
3,61097.20158604109,lsst,151.4096961032865,2.2962800688441365,170028510548066453,170059287217832076,0,170028510548066453,-2537.818,233.03833,0,0,0,7713.9336,229.78503,True,2026022500169,172,0.0,1.7276341e-05,1.1993337e-05,2.9910994e-11,211.64278,0.2116445,1815.9487,0.31420365,False,-3182.4548,630.53516,False,False,True,10.580646,,1728.4287,1681,-2552.1506,15.497234,151.40969976852625,,2.2962723357469144,,1.0427346,,-95.36859,,,0,False,,,,,,,,0,False,False,False,10295.865,26.830463,0.06368528,0.17667733,-0.010357416,0.13795383,0.14385864,0.007986455,False,False,False,False,0.07344976,0.5720098,False,False,61097.203250214814,,15,False,False,False,False,False,False,False,False,False,False,False,False,False,False,False,False,False,False,False,False,False,i
3,61097.202050535656,lsst,151.40968616190852,2.296278490210039,170028510548066453,170059287351525545,0,170028510548066453,-2644.4248,220.96039,0,0,0,7710.284,216.8228,True,2026022500170,171,0.0,1.3481427e-05,1.1309548e-05,1.3938326e-11,2015.9993,0.20086546,2099.888,0.24519637,False,-2060.5227,624.729,False,False,True,12.044785,,1625.9634,1681,-2580.393,5.116272,151.4096845684267,,2.2962769272426304,,0.73826325,,-85.989006,,,0,False,,,,,,,,0,False,False,False,10365.447,30.037962,0.074768595,0.11767533,-0.015175508,0.11864718,0.13416293,0.006981721,False,False,False,False,0.16505764,0.5433206,False,False,61097.203743810336,,15,False,False,False,False,False,False,False,False,False,False,False,False,False,False,False,False,False,False,False,False,False,i
3,61097.202596270836,lsst,151.40966832272633,2.2962600409837264,170028510548066453,170059287490461931,0,170028510548066453,-2739.8486,240.7322,0,0,0,7705.786,236.59048,True,2026022500171,180,0.0,1.7414486e-05,1.6924552e-05,-7.344329e-12,698.10626,0.3032431,2130.0916,0.31523794,False,-3904.9028,627.75085,False,False,True,11.422649,,1748.4271,1681,-2865.2383,6.180533,151.40967590286155,,2.2962528589196967,,1.0544572,,-32.389397,,,0,False,,,,,,,,0,False,False,False,10428.179,15.228739,0.15506834,0.18310659,-0.05310775,0.162747,0.14869757,0.00992704,False,False,False,False,0.028308013,0.565989,False,False,61097.20442250942,,18,False,False,False,False,False,False,False,False,False,False,False,False,False,False,False,False,False,False,False,False,False,i
3,61097.203065110414,lsst,151.40966374460555,2.2962762737092453,170028510548066453,170059287624679631,0,170028510548066453,-2731.9614,240.34776,0,0,0,7651.2354,235.80527,True,2026022500172,180,0.0,1.4858095e-05,1.7287244e-05,2.6006024e-11,2171.261,0.3153086,1442.7374,0.26290098,False,-2486.539,628.7114,False,False,True,11.209201,,1732.2046,1681,-2776.9429,2.0525858,151.40966150961106,,2.296278417989505,,1.0113262,,8.984175,,,0,False,,,,,,,,0,False,False,False,10404.576,15.874104,0.20504178,0.10798079,-0.0138572585,0.16447505,0.14857198,0.009027393,False,False,False,False,2.39384e-08,0.554566,False,False,61097.2049488912,,18,False,False,False,False,False,False,False,False,False,False,False,False,False,False,False,False,False,False,False,False,False,i
3,61097.203531521904,lsst,151.40967471495037,2.296260279649825,170028510548066453,170059287758897370,0,170028510548066453,-2727.042,241.29805,0,0,0,7449.785,227.6064,True,2026022500173,180,0.0,1.377116e-05,1.5562886e-05,1.3770233e-11,360.95215,0.2821067,224.5788,0.24586098,False,-2175.7183,628.044,False,False,True,11.176415,,1819.7828,1681,-2568.1206,4.112594,151.409673415353,,2.296263878169765,,0.5210841,,10.929928,,,0,False,,,,,,,,0,False,False,False,10012.773,15.544955,0.14200188,0.118281245,-0.0012542786,0.1883267,0.1324942,-0.0017627461,False,False,False,False,0.13317738,0.6148001,False,False,61097.205364320034,,17,False,False,False,False,False,False,False,False,False,False,False,False,False,False,False,False,False,False,False,False,False,i
3,61097.20445988784,lsst,151.4096538926455,2.2962301322030165,170028510548066453,170059288025235586,0,170028510548066453,-2691.59,251.27014,0,0,0,7310.63,247.28506,True,2026022500175,176,0.0,1.3663389e-05,1.7572973e-05,1.7155558e-11,2246.471,0.3175824,61.06534,0.24473171,False,-1532.2329,639.11316,False,False,True,10.650725,,1733.508,1681,-2714.778,15.4198,151.4096565631832,,2.296222407336672,,1.0085685,,-3.713746,,,0,False,,,,,,,,0,False,False,False,9921.89,14.757722,0.17632201,0.08057228,-0.020564903,0.17081393,0.1617454,0.010526183,False,False,False,False,0.19389918,0.5239598,False,False,61097.20636624821,,18,False,False,False,False,False,False,False,False,False,False,False,False,False,False,False,False,False,False,False,False,False,i
3,61097.20492424132,lsst,151.40966129562665,2.296305169095578,170028510548066453,170059288159453293,0,170028510548066453,-2452.4812,266.75433,0,0,0,7780.339,263.81934,True,2026022500176,176,0.0,4.3395936e-05,3.066208e-05,-8.233782e-11,1849.185,0.5499544,845.29803,0.7838797,False,-2825.7842,638.10724,False,False,True,9.457664,,1623.8702,1681,-2593.4182,1.4655216,151.40965254360566,,2.296298379437906,,0.9733769,,84.22318,,,0,False,,,,,,,,0,False,False,False,10267.485,19.522509,0.20252717,0.28374335,0.015890142,0.20746106,0.18717481,0.017151883,False,False,False,False,0.23392013,0.57456,False,False,61097.206700088136,,18,False,False,False,False,False,False,False,False,False,False,False,False,False,False,False,False,False,False,False,False,False,i
3,61097.20539035074,lsst,151.40964917807804,2.296270993929064,170028510548066453,170059288293146786,0,170028510548066453,-2567.7239,260.12564,0,0,0,7834.442,256.68433,True,2026022500177,175,0.0,2.104224e-05,2.1514306e-05,7.106036e-13,1343.0542,0.3873421,862.19366,0.37932333,False,-2492.4458,627.55634,False,False,True,9.960455,,1660.36,1681,-2549.6775,4.057806,151.4096356627288,,2.2962698101728294,,0.7527556,,35.756077,,,0,False,,,,,,,,0,False,False,False,10391.694,19.83588,0.20657194,0.18721247,0.023482857,0.19052711,0.1867157,0.0062445705,False,False,False,False,0.0090409145,0.6042824,False,False,61097.207234980924,,17,False,False,False,False,False,False,False,False,False,False,False,False,False,False,False,False,False,False,False,False,False,i
3,61097.20585505505,lsst,151.4096776707119,2.2962835723841692,170028510548066453,170059288427364503,0,170028510548066453,-2557.0383,251.1863,0,0,0,7762.7944,247.82285,True,2026022500178,175,0.0,1.5697808e-05,2.0653855e-05,-3.252805e-12,3486.1545,0.37190318,2636.4355,0.2830658,False,-2200.441,628.71497,False,False,True,10.131419,,1630.708,1681,-2726.3843,27.79732,151.4096767228182,,2.2962715218613985,,1.2451419,,-15.564969,,,0,False,,,,,,,,0,False,False,False,10349.466,16.005194,0.22824576,0.08130285,-0.04097164,0.1836409,0.172685,-0.0031664975,False,False,False,False,0.07404386,0.51383144,False,False,61097.20771524945,,18,False,False,False,False,False,False,False,False,False,False,False,False,False,False,False,False,False,False,False,False,False,i
3,61097.20725462068,lsst,151.40969639890508,2.2962697499619966,170028510548066453,170059288829493416,0,170028510548066453,-2719.6548,236.32143,0,0,0,7507.3315,232.36424,True,2026022500181,174,0.0,1.5075057e-05,1.3456455e-05,8.560244e-12,296.32724,0.24124144,550.9324,0.27269524,False,-1995.5519,622.4549,False,False,True,11.390884,,1697.8457,1681,-2680.26,29.247332,151.40969841910388,,2.2962790600138185,,0.909226,,49.21538,,,0,False,,,,,,,,0,False,False,False,10260.588,20.638472,0.08695547,0.12723893,0.03698794,0.1477519,0.15976825,0.009835679,False,False,False,False,0.29859334,0.59179294,False,False,61097.209102245244,,17,False,False,False,False,False,False,False,False,False,False,False,False,False,False,False,False,False,False,False,False,False,i
3,61097.207722079926,lsst,151.40965493012447,2.296260497012188,170028510548066453,170059288962138263,0,170028510548066453,-2725.5862,230.17937,0,0,0,7601.769,225.20839,True,2026022500182,171,0.0,1.5771768e-05,1.3918728e-05,1.3640082e-11,319.8181,0.24848567,2416.8337,0.28605217,False,-2570.95,617.8841,False,False,True,11.856866,,1719.7407,1681,-2522.404,1.1413924,151.40965532094276,,2.296261317800451,,0.39857864,,51.377136,,,0,False,,,,,,,,0,False,False,False,10377.668,23.119282,0.12466006,0.13324963,0.0053078914,0.13772842,0.14481631,0.009405544,False,False,False,False,0.026525646,0.5761162,False,False,61097.20942484774,,17,False,False,False,False,False,False,False,False,False,False,False,False,False,False,False,False,False,False,False,False,False,i
3,61097.208192560196,lsst,151.40966423285022,2.2962661745732698,170028510548066453,170059289096355998,0,170028510548066453,-2628.4622,225.44206,0,0,0,7611.7944,221.14288,True,2026022500183,171,0.0,1.8514449e-05,1.4650972e-05,4.0389095e-11,2682.344,0.2564375,831.5236,0.33918536,False,-3615.0894,616.4624,False,False,True,11.618312,,1652.7596,1681,-2860.865,5.558537,151.40966847272796,,2.296278306319515,,1.112266,,52.097267,,,0,False,,,,,,,,0,False,False,False,10311.261,21.614002,0.14803007,0.23623797,0.041982926,0.13077243,0.15268356,0.00062019815,False,False,False,False,0.36144885,0.5870667,False,False,61097.21005567555,,19,False,False,False,False,False,False,False,False,False,False,False,False,False,False,False,False,False,False,False,False,False,i
3,61097.209127841736,lsst,151.40966370290042,2.2962522232888083,170028510548066453,170059289361121456,0,170028510548066453,-2528.1316,225.091,0,0,0,7698.4644,220.4751,True,2026022500185,164,0.0,1.4166457e-05,1.41032915e-05,1.0422748e-12,3193.3962,0.25358692,1247.9073,0.25555357,False,-2195.493,616.4823,False,False,True,11.035476,,1818.3685,1681,-2429.517,6.172286,151.40966166202418,,2.2962579578661715,,0.7152573,,-58.150772,,,0,False,,,,,,,,0,False,False,False,10283.081,24.16079,0.13678648,0.12245883,-0.022461656,0.12721556,0.14646502,0.0038721957,False,False,False,False,0.009482803,0.5969296,False,False,61097.210779204885,,16,False,False,False,False,False,False,False,False,False,False,False,False,False,False,False,False,False,False,False,False,False,i
3,61097.20960994065,lsst,151.40965092425117,2.2962833989772506,170028510548066453,170059289499009198,0,170028510548066453,-2372.7947,222.68825,0,0,0,7819.3335,216.28473,True,2026022500186,171,0.0,1.8103916e-05,1.4174859e-05,1.753192e-11,2705.917,0.25365725,3019.9167,0.3274585,False,-2490.0852,608.3622,False,False,True,10.607592,,1609.9603,1681,-2454.1353,2.260371,151.40964720445936,,2.2962819156137937,,1.0163342,,76.562546,,,0,False,,,,,,,,0,False,False,False,10163.329,19.617813,0.08707316,0.18952672,0.010382548,0.13636832,0.13847242,0.007952045,False,False,False,False,0.00014092441,0.5760822,False,False,61097.2112404198,,15,False,False,False,False,False,False,False,False,False,False,False,False,False,False,False,False,False,False,False,False,False,i
3,61097.21007610484,lsst,151.40967911741683,2.2962625592045636,170028510548066453,170059289633751224,0,170028510548066453,-2669.6052,219.50768,0,0,0,7711.6245,215.8657,True,2026022500187,172,0.0,1.5731583e-05,1.5810447e-05,-4.439439e-13,105.86768,0.28464687,3100.9749,0.28347778,False,-2729.4832,607.2586,False,False,True,12.18978,,1612.9884,1681,-2882.6772,1.2403728,151.40967718675458,,2.296260816241855,,1.0884649,,46.826397,,,0,False,,,,,,,,0,False,False,False,10400.302,23.74135,0.15959987,0.20881343,0.05285444,0.1337449,0.13161217,0.0017316941,False,False,False,False,0.394044,0.65415317,False,False,61097.21176335489,,17,False,False,False,False,False,False,False,False,False,False,False,False,False,False,False,False,False,False,False,False,False,i
3,61097.21054139579,lsst,151.40967193974942,2.296263557448117,170028510548066453,170059289767444645,0,170028510548066453,-2499.3887,223.6475,0,0,0,7809.093,219.28702,True,2026022500188,171,0.0,1.4790235e-05,1.5318714e-05,-4.072878e-12,3295.0273,0.2762987,1181.9869,0.26588294,False,-3207.419,600.31256,False,False,True,11.086051,,1614.7078,1681,-2488.2622,3.6466172,151.40967161634458,,2.296265072579677,,0.9117062,,-59.41672,,,0,False,,,,,,,,0,False,False,False,10358.417,22.227325,0.13712485,0.13922875,-0.04043814,0.12909664,0.13929434,0.00480343,False,False,False,False,0.0029512672,0.5953118,False,False,61097.21221953005,,15,False,False,False,False,False,False,False,False,False,False,False,False,False,False,False,False,False,False,False,False,False,i
3,61097.21146852921,lsst,151.40967949837795,2.2962642049200115,170028510548066453,170059290032210128,0,170028510548066453,-2355.5703,207.21678,0,0,0,7852.497,201.66167,True,2026022500190,164,0.0,1.8651586e-05,1.5356045e-05,4.6095072e-11,3569.893,0.26661026,3678.3608,0.34406832,False,-3573.931,607.63983,False,False,True,11.253411,,1717.0782,1681,-2345.3525,5.152982,151.40967828293802,,2.2962632113939865,,0.7889722,,48.39769,,,0,False,,,,,,,,0,False,False,False,10178.859,31.71085,0.1522918,0.19329518,0.019697078,0.11401993,0.109325245,0.0024119427,False,False,False,False,0.5672656,0.59298426,False,False,61097.21307581941,,16,False,False,False,False,False,False,False,False,False,False,False,False,False,False,False,False,False,False,False,False,False,i
3,61097.21240431454,lsst,151.40965975537284,2.296267103657445,170028510548066453,170059290300121246,0,170028510548066453,-2585.007,214.52441,0,0,0,7667.186,207.09947,True,2026022500192,163,0.0,1.4812275e-05,1.383255e-05,1.775378e-11,2884.436,0.24343492,2014.7878,0.27212733,False,-3245.3298,604.354,False,False,True,11.773598,,1607.2644,1681,-2518.8423,3.015939,151.4096571618078,,2.296262558751882,,0.78969693,,32.919857,,,0,False,,,,,,,,0,False,False,False,10268.447,29.721458,0.12308884,0.14963599,0.026024297,0.11001315,0.13199186,0.0037090706,False,False,False,False,0.047652543,0.6053184,False,False,61097.21411690733,,16,False,False,False,False,False,False,False,False,False,False,False,False,False,False,False,False,False,False,False,False,False,i
3,61097.21286825037,lsst,151.40969210828712,2.2962711025859845,170028510548066453,170059290435911837,0,170028510548066453,-2536.7678,214.75694,0,0,0,6959.895,196.92926,True,2026022500193,166,0.0,1.5171141e-05,1.7685867e-05,-6.363481e-11,3956.4077,0.33563963,358.14462,0.25215924,False,-3799.1863,610.2647,False,False,True,11.798422,,1679.3167,1681,-2726.4148,9.165066,151.40969661006804,,2.2962686969055683,,1.0104723,,-10.158299,,,0,False,,,,,,,,0,False,False,False,9366.936,20.581745,0.19303614,0.11212501,0.030388245,0.11277654,0.12497571,0.0051373956,False,False,False,False,0.21291092,0.686706,False,False,61097.21457498756,,17,False,False,False,False,False,False,False,False,False,False,False,False,False,False,False,False,False,False,False,False,False,i
3,61097.21379879501,lsst,151.4096883206083,2.29628349561409,170028510548066453,170059290702774474,0,170028510548066453,-2667.2402,208.19284,0,0,0,7710.0864,205.49577,True,2026022500195,163,0.0,1.3305077e-05,1.3677757e-05,-1.2422499e-11,580.8877,0.25182652,3378.4578,0.23412181,False,-3420.9084,606.02985,False,False,True,12.595841,,1655.5206,1681,-2589.7197,1.0495311,151.4096918825074,,2.296282362520272,,0.7241181,,-70.793,,,0,False,,,,,,,,0,False,False,False,10415.132,37.60232,0.1377861,0.12327111,-0.023095032,0.102701366,0.12722357,-0.00027327635,False,False,False,False,0.051440928,0.55978626,False,False,61097.215590336295,,16,False,False,False,False,False,False,False,False,False,False,False,False,False,False,False,False,False,False,False,False,False,i
3,61097.2142658738,lsst,151.40967702780063,2.29624632576742,170028510548066453,170059290820739294,0,170028510548066453,-2253.9875,206.51222,0,0,0,7840.2124,202.04268,True,2026022500196,132,0.0,1.6224965e-05,1.6447108e-05,-1.2411543e-11,2583.9775,0.3013013,3558.9504,0.28712493,False,-2682.7888,592.29736,False,False,True,11.024698,,1659.7821,1681,-2156.9646,1.3198757,151.40967784519412,,2.296248211506585,,0.56419164,,-88.67502,,,0,False,,,,,,,,0,False,False,False,10138.562,26.282698,0.13131253,0.13714716,-0.01377827,0.11000681,0.12018639,0.0021455758,False,False,False,False,0.07655933,0.5593965,False,False,61097.21600411432,,15,False,False,False,False,False,False,False,False,False,False,False,False,False,False,False,False,False,False,False,False,False,i
3,61097.21473328705,lsst,151.40964485112036,2.296261618585536,170028510548066453,170059290954956996,0,170028510548066453,-2819.2563,203.91086,0,0,0,7401.8994,199.8485,True,2026022500197,132,0.0,1.1837093e-05,1.1690303e-05,1.2490953e-11,3695.6292,0.20197834,1482.282,0.22133695,False,-2236.398,596.63007,False,False,True,13.68465,,1757.6737,1681,-2846.9856,4.693624,151.4096465871093,,2.29626087153805,,0.85517216,,-3.489749,,,0,False,,,,,,,,0,False,False,False,10233.893,25.01239,0.1343689,0.11532582,0.034138456,0.10406991,0.13126163,0.0053897495,False,False,False,False,0.010911162,0.5479309,False,False,61097.21646495442,,16,False,False,False,False,False,False,False,False,False,False,False,False,False,False,False,False,False,False,False,False,False,i
3,61097.21566382402,lsst,151.40965111343303,2.2962577986945605,170028510548066453,170059291223916724,0,170028510548066453,-2146.3345,207.7231,0,0,0,7964.729,201.58447,True,2026022500199,133,0.0,1.8906914e-05,1.8701461e-05,-7.0758385e-11,914.2281,0.37095666,991.5621,0.30282617,False,-2246.4897,589.31305,False,False,True,10.207705,,1757.9784,1681,-2151.2258,3.1701934,151.40963601234097,,2.296259832823836,,0.6993705,,-67.619675,,,0,False,,,,,,,,0,False,False,False,10135.008,23.844442,0.18361673,0.15093158,-0.014654666,0.11440645,0.12879683,0.0005255961,False,False,False,False,0.34897092,0.60101825,False,False,61097.21744779602,,14,False,False,False,False,False,False,False,False,False,False,False,False,False,False,False,False,False,False,False,False,False,i
3,61097.21669196607,lsst,151.40965114098537,2.29629709375423,170028510548066453,170059291512275138,0,170028510548066453,-2649.8423,193.12953,0,0,0,7329.0425,187.53845,True,2026022500201,171,0.0,1.1019468e-05,1.0912068e-05,5.4794423e-13,1305.1252,0.19633804,2767.7986,0.19868097,False,-3094.6602,586.8334,False,False,True,13.591761,,1634.7375,1681,-2416.0686,1.4280101,151.40965149060537,,2.2962968831295636,,0.14449562,,-92.43591,,,0,False,,,,,,,,0,False,False,False,9969.656,36.464355,0.10057728,0.1022424,-0.0002674067,0.1025978,0.110442914,0.004845642,False,False,False,False,0.0061186734,0.628991,False,False,61097.21839832261,,15,False,False,False,False,False,False,False,False,False,False,False,False,False,False,False,False,False,False,False,False,False,i
3,61097.21715664563,lsst,151.40968151465543,2.2962613227945154,170028510548066453,170059291646492895,0,170028510548066453,-2494.0378,190.73631,0,0,0,7645.141,184.17361,True,2026022500202,171,0.0,1.0655858e-05,1.241862e-05,-1.10794976e-11,2919.1636,0.2255805,2949.168,0.18963662,False,-3401.5718,581.48206,False,False,True,12.870697,,1644.3713,1681,-2914.638,1.1890483,151.40967940029992,,2.2962498440326544,,1.4118853,,14.193446,,,0,False,,,,,,,,0,False,False,False,10160.73,55.581226,0.23746765,0.11576741,0.094106615,0.10949421,0.095125474,0.006610752,False,False,False,False,0.7410022,0.6264615,False,False,61097.218891728175,,19,False,False,False,False,False,False,False,False,False,False,False,False,False,False,False,False,False,False,False,False,False,i
3,61097.21762425937,lsst,151.40965235363578,2.296268730513266,170028510548066453,170059291780710631,0,170028510548066453,-2497.0298,194.49268,0,0,0,7655.776,188.32796,True,2026022500203,171,0.0,1.5028969e-05,1.3059934e-05,1.9215098e-11,2006.5663,0.23088655,966.5958,0.27434593,False,-3711.769,585.502,False,False,True,12.50962,,1654.0508,1681,-2410.3984,1.544879,151.40965345124457,,2.2962725109385804,,0.6372301,,-62.92281,,,0,False,,,,,,,,0,False,False,False,10173.852,39.220116,0.11122081,0.112005174,-0.018559217,0.10020404,0.112865426,-0.00048578964,False,False,False,False,0.006038601,0.595148,False,False,61097.219490290765,,15,False,False,False,False,False,False,False,False,False,False,False,False,False,False,False,False,False,False,False,False,False,i
3,61097.218553489554,lsst,151.40965490962068,2.296296227359564,170028510548066453,170059292045476062,0,170028510548066453,-2072.9082,192.45499,0,0,0,8025.342,188.33551,True,2026022500205,164,0.0,1.1877346e-05,1.3983969e-05,-2.8579394e-11,2132.0989,0.25954738,3202.5835,0.20457338,False,-2915.0322,584.1328,False,False,True,10.4639845,,1749.1113,1681,-2103.6545,9.460134,151.40965854775246,,2.296291527621619,,0.9024993,,15.597363,,,0,False,,,,,,,,0,False,False,False,10117.994,43.54226,0.11493868,0.09743223,0.040506124,0.10003444,0.102048226,0.005186263,False,False,False,False,0.006536383,0.63156193,False,False,61097.22040464221,,15,False,False,False,False,False,False,False,False,False,False,False,False,False,False,False,False,False,False,False,False,False,i
3,61097.21948633953,lsst,151.40965379717773,2.296288203639082,170028510548066453,170059292313387176,0,170028510548066453,-2481.028,207.31355,0,0,0,7714.0503,203.27386,True,2026022500207,163,0.0,1.6255888e-05,1.587059e-05,1.0633955e-11,1560.9253,0.2823233,1227.5486,0.29630938,False,-3135.2607,579.13153,False,False,True,11.780673,,1757.2174,1681,-2533.6233,3.18615,151.40965539172177,,2.29628763976653,,0.9413619,,-104.72619,,,0,False,,,,,,,,0,False,False,False,10295.204,31.070372,0.1470889,0.22019686,-0.020251114,0.117356926,0.12462042,-0.0015038145,False,False,False,False,0.5562402,0.53771883,False,False,61097.221242354026,,16,False,False,False,False,False,False,False,False,False,False,False,False,False,False,False,False,False,False,False,False,False,i
3,61097.219950059705,lsst,151.40965372363033,2.296292941939968,170028510548066453,170059292447604950,0,170028510548066453,-2417.768,205.52248,0,0,0,7642.423,200.80092,True,2026022500208,163,0.0,1.4839124e-05,1.5959187e-05,-3.5319022e-11,2478.807,0.29961854,3857.0422,0.25377014,False,-3278.771,578.5301,False,False,True,11.659144,,1709.0321,1681,-2318.843,1.9275342,151.40964851976116,,2.2962919850782257,,0.69753534,,-9.5004,,,0,False,,,,,,,,0,False,False,False,10133.475,31.464085,0.18402147,0.1533808,0.0155276405,0.119729415,0.11783614,-0.0019224152,False,False,False,False,0.40878606,0.5752117,False,False,61097.22170183202,,17,False,False,False,False,False,False,False,False,False,False,False,False,False,False,False,False,False,False,False,False,False,i
3,61097.22088130318,lsst,151.40968616833945,2.296268096807245,170028510548066453,170059292715516127,0,170028510548066453,-2383.4763,205.06865,0,0,0,7908.868,201.42735,True,2026022500210,162,0.0,1.6045828e-05,1.5662768e-05,2.7183665e-11,3401.3413,0.26932758,2437.191,0.30122602,False,-3238.5503,576.2081,False,False,True,11.580651,,1737.636,1681,-2244.3076,0.28218117,151.4096787704011,,2.2962698977942675,,0.5527749,,-89.68139,,,0,False,,,,,,,,0,False,False,False,10256.216,43.419075,0.13855256,0.14449143,-0.013114224,0.10467682,0.13363995,-0.009372788,False,False,False,False,0.09981999,0.5660337,False,False,61097.22268170305,,15,False,False,False,False,False,False,False,False,False,False,False,False,False,False,False,False,False,False,False,False,False,i
3,61097.22228151605,lsst,151.4096659014187,2.2962595814439597,170028510548066453,170059293102964940,0,170028510548066453,-2138.7173,204.02087,0,0,0,8231.687,197.38397,True,2026022500213,133,0.0,1.403758e-05,1.40269485e-05,-4.0602313e-12,1306.7969,0.25522918,358.03107,0.25006822,False,-2626.2708,566.0121,False,False,True,10.293943,,1669.8744,1681,-2039.431,10.834637,151.40966705696286,,2.296262252220461,,0.7233691,,-6.12822,,,0,False,,,,,,,,0,False,False,False,10358.423,26.398499,0.09615005,0.089520566,0.024991062,0.11895665,0.13350534,0.0017408513,False,False,False,False,0.198301,0.55228543,False,False,61097.22392118661,,15,False,False,False,False,False,False,False,False,False,False,False,False,False,False,False,False,False,False,False,False,False,i
3,61097.2232146553,lsst,151.4096829571238,2.296269363003714,170028510548066453,170059293369303212,0,170028510548066453,-2791.0166,202.84227,0,0,0,7542.032,197.75247,True,2026022500215,129,0.0,1.2685342e-05,1.2604556e-05,-4.019979e-12,2110.8477,0.23067105,2998.557,0.22472714,False,-3469.0142,565.34265,False,False,True,13.557528,,1756.471,1681,-2787.18,0.5780953,151.4096813401033,,2.2962689111997743,,0.8291966,,8.83841,,,0,False,,,,,,,,0,False,False,False,10379.741,22.681232,0.13623291,0.17256278,0.026475916,0.13042255,0.12273747,0.0021160364,False,False,False,False,0.14185263,0.60201156,False,False,61097.22487491434,,16,False,False,False,False,False,False,False,False,False,False,False,False,False,False,False,False,False,False,False,False,False,i
3,61097.22380676943,lsst,151.40966077640886,2.296264887976591,170028510548066453,170059293525541059,0,170028510548066453,-2556.6562,214.3085,0,0,0,7805.2383,208.01155,True,2026022500216,171,0.0,1.292675e-05,1.5091243e-05,-5.783358e-12,3603.831,0.2719788,3161.6543,0.23258187,False,-2391.6658,568.40186,False,False,True,11.838318,,1700.3451,1681,-2530.0605,7.3497863,151.40966174427163,,2.296266891373212,,0.88266677,,-19.626366,,,0,False,,,,,,,,0,False,False,False,10366.698,19.172165,0.15673588,0.089489184,-0.018201256,0.14392193,0.14788231,0.011893799,False,False,False,False,0.08524893,0.5863901,False,False,61097.225642897625,,17,False,False,False,False,False,False,False,False,False,False,False,False,False,False,False,False,False,False,False,False,False,i
3,61097.22427089328,lsst,151.4096711683799,2.2962763246256785,170028510548066453,170059293660283048,0,170028510548066453,-2592.6765,213.05067,0,0,0,7698.1714,208.25117,True,2026022500217,172,0.0,1.2232375e-05,1.1589193e-05,2.3067468e-12,1001.77856,0.20834154,3171.3972,0.22069718,False,-2229.4795,565.6772,False,False,True,11.858559,,1729.2545,1681,-2456.9082,7.3439546,151.40967490945496,,2.296277387890897,,0.6852366,,32.057262,,,0,False,,,,,,,,0,False,False,False,10366.93,17.487452,0.105469406,0.09851287,0.021737423,0.14053138,0.15049477,0.009869676,False,False,False,False,0.2780637,0.5274666,False,False,61097.22596993744,,17,False,False,False,False,False,False,False,False,False,False,False,False,False,False,False,False,False,False,False,False,False,i
3,61097.225666753,lsst,151.40968491607356,2.2962491178283413,170028510548066453,170059294062411975,0,170028510548066453,-2720.4277,206.67163,0,0,0,7557.636,201.418,True,2026022500220,171,0.0,1.2131976e-05,1.1478221e-05,5.47137e-12,227.65121,0.20527783,3944.8674,0.21996818,False,-3147.8616,572.6906,False,False,True,12.823859,,1703.8853,1681,-2792.4688,17.677364,151.40967789769275,,2.2962587249834603,,1.035708,,36.827343,,,0,False,,,,,,,,0,False,False,False,10264.159,25.046827,0.09240462,0.12919231,0.054653317,0.14279196,0.12836088,0.014020885,False,False,False,False,0.10719717,0.6083317,False,False,61097.227489071476,,16,False,False,False,False,False,False,False,False,False,False,False,False,False,False,False,False,False,False,False,False,False,i
3,61097.226604194584,lsst,151.40966562222485,2.2962805995847377,170028510548066453,170059294326653105,0,170028510548066453,-2624.5166,205.80579,0,0,0,7424.731,196.66101,True,2026022500222,163,0.0,1.3520072e-05,1.3750958e-05,-3.0631476e-12,3735.3855,0.2484192,2463.0479,0.24284117,False,-3200.5503,572.12354,False,False,True,12.398492,,1740.4362,1681,-2760.7136,1.8217984,151.40966417709663,,2.29627967328479,,1.145641,,13.321331,,,0,False,,,,,,,,0,False,False,False,10046.093,35.436066,0.18881275,0.1503141,0.06407576,0.1203527,0.12374489,0.017211456,False,False,False,False,0.37073457,0.61031973,False,False,61097.228367047865,,16,False,False,False,False,False,False,False,False,False,False,False,False,False,False,False,False,False,False,False,False,False,i
3,61097.227535715414,lsst,151.4096577337842,2.2962598942721613,170028510548066453,170059294595088560,0,170028510548066453,-2391.2244,201.94777,0,0,0,7653.581,193.30884,True,2026022500224,163,0.0,2.7513468e-05,2.0649155e-05,2.7212613e-10,2043.2024,0.29770535,1482.2566,0.5436693,False,-1914.6511,571.21216,False,False,True,11.795562,,1747.0511,1681,-2557.2095,19.278137,151.40965676443952,,2.2962627703609835,,1.1469368,,46.20488,,,0,False,,,,,,,,0,False,False,False,10048.348,37.60121,0.07051853,0.19509509,0.03439915,0.104955904,0.12918508,0.011055914,False,False,False,False,0.051590495,0.5046659,False,False,61097.22925359038,,16,False,False,False,False,False,False,False,False,False,False,False,False,False,False,False,False,False,False,False,False,False,i
3,61097.22799929998,lsst,151.40967989763615,2.2962475110846268,170028510548066453,170059294729306315,0,170028510548066453,-2530.6377,216.96864,0,0,0,7666.6963,209.7271,True,2026022500225,163,0.0,1.4670497e-05,1.5151428e-05,-1.441279e-11,1485.828,0.27814928,3909.9834,0.25894493,False,-2981.8972,572.19965,False,False,True,11.69183,,1704.4644,1681,-2445.105,7.717305,151.40967603642466,,2.296246476536578,,0.8177197,,-18.608055,,,0,False,,,,,,,,0,False,False,False,10166.583,29.269936,0.14518903,0.08779612,0.0148341255,0.11629878,0.15525492,0.006436607,False,False,False,False,0.066322535,0.5696756,False,False,61097.22985395735,,17,False,False,False,False,False,False,False,False,False,False,False,False,False,False,False,False,False,False,False,False,False,i
3,61097.228933777384,lsst,151.4096604901872,2.296277035207242,170028510548066453,170059294982013087,0,170028510548066453,-2980.4487,220.94612,0,0,0,7478.286,215.85777,True,2026022500227,133,0.0,1.4230278e-05,1.4280053e-05,-2.0319063e-12,143.63573,0.25803187,2053.6733,0.25540596,False,-2737.6353,571.40906,False,False,True,13.273776,,1579.754,1681,-3056.8418,2.6589496,151.4096547717147,,2.2962720967017587,,0.9901553,,13.144484,,,0,False,,,,,,,,0,False,False,False,10427.438,14.8468275,0.17899486,0.20032161,0.045419037,0.15122381,0.16496421,0.002825728,False,False,False,False,0.14590053,0.5516697,False,False,61097.23073018949,,20,False,False,False,False,False,False,False,False,False,False,False,False,False,False,False,False,False,False,False,False,False,i
3,61097.230335483975,lsst,151.40967845825998,2.296279791732174,170028510548066453,170059295384142002,0,170028510548066453,-2317.7441,215.055,0,0,0,7980.281,209.51463,True,2026022500230,132,0.0,1.7810022e-05,1.8431492e-05,1.2736648e-10,3621.5378,0.2550386,416.82013,0.38471654,False,-2512.7734,572.4665,False,False,True,10.518067,,1699.4475,1681,-2656.8025,10.412769,151.40968520831083,,2.2962832296701,,1.4975228,,-117.22467,,,0,False,,,,,,,,0,False,False,False,10281.109,17.353687,0.11340016,0.30248937,-0.0807124,0.14052661,0.15423068,0.003154814,False,False,False,False,0.46357694,0.51917464,False,False,61097.23210319895,,19,False,False,False,False,False,False,False,False,False,False,False,False,False,False,False,False,False,False,False,False,False,i
3,61097.23143014299,lsst,151.4096618347324,2.296262842174654,170028510548066453,170059295674073279,0,170028510548066453,-2660.4736,226.55106,0,0,0,7711.462,220.58167,True,2026022500232,173,0.0,2.0178262e-05,2.1330678e-05,7.0469225e-12,3339.2405,0.3844331,2495.6729,0.3631513,False,-3381.7131,578.18005,False,False,True,11.5833,,1628.0669,1681,-2665.172,5.8437667,151.4096526661596,,2.2962538107996324,,0.8114638,,66.966446,,,0,False,,,,,,,,0,False,False,False,10336.098,15.805442,0.25059733,0.27706015,0.026060823,0.17463107,0.15800934,0.016156806,False,False,False,False,0.7609096,0.58076453,False,False,61097.23320180619,,19,False,False,False,False,False,False,False,False,False,False,False,False,False,False,False,False,False,False,False,False,False,i
3,61097.23283055525,lsst,151.4096736076989,2.2962670344416165,170028510548066453,170059296077774995,0,170028510548066453,-2930.2297,216.74709,0,0,0,7437.6743,211.35837,True,2026022500235,175,0.0,1.6971726e-05,1.2933871e-05,8.3874097e-13,3002.583,0.23283428,459.6625,0.30592504,False,-3590.4912,571.5075,False,False,True,13.137826,,1618.4126,1681,-3218.7168,6.744629,151.40968194520275,,2.2962703995141944,,1.2814895,,54.617588,,,0,False,,,,,,,,0,False,False,False,10331.426,16.263508,0.1789284,0.2368339,0.07893267,0.1552159,0.15382324,0.017335728,False,False,False,False,0.3696007,0.6355536,False,False,61097.234671648504,,19,False,False,False,False,False,False,False,False,False,False,False,False,False,False,False,False,False,False,False,False,False,i
3,61097.2337657407,lsst,151.40966599605503,2.2962664141392506,170028510548066453,170059296345686172,0,170028510548066453,-2553.939,219.4497,0,0,0,7811.6143,214.26273,True,2026022500237,174,0.0,1.5325451e-05,1.5115283e-05,8.073937e-13,2037.4647,0.27205518,505.8121,0.27631918,False,-2824.201,572.1513,False,False,True,11.405247,,1648.1033,1681,-2392.5503,2.0133774,151.40966531871075,,2.2962695329053573,,0.38959125,,-6.84658,,,0,False,,,,,,,,0,False,False,False,10357.086,17.001724,0.15034093,0.13735384,-9.448271e-05,0.16091596,0.15795444,0.017557457,False,False,False,False,0.03744227,0.6028662,False,False,61097.23555572374,,18,False,False,False,False,False,False,False,False,False,False,False,False,False,False,False,False,False,False,False,False,False,i
3,61097.23423172835,lsst,151.40964307697143,2.296278190971901,170028510548066453,170059296479903899,0,170028510548066453,-2450.8687,226.06705,0,0,0,7757.8315,220.46835,True,2026022500238,174,0.0,1.5163684e-05,1.33594685e-05,8.839844e-12,3897.462,0.2395373,2575.8293,0.2743339,False,-1800.8885,578.38336,False,False,True,10.539943,,1705.465,1681,-2444.75,6.140563,151.40964167734734,,2.2962782128133257,,0.9641376,,34.76508,,,0,False,,,,,,,,0,False,False,False,10201.057,20.297138,0.13848662,0.13607211,0.04614604,0.1597808,0.16257949,0.026663331,False,False,False,False,0.08496528,0.55152994,False,False,61097.236037090974,,19,False,False,False,False,False,False,False,False,False,False,False,False,False,False,False,False,False,False,False,False,False,i
3,61097.23469754694,lsst,151.40969011446117,2.2962644340163116,170028510548066453,170059296614121640,0,170028510548066453,-2815.8271,216.48415,0,0,0,7548.3545,214.17041,True,2026022500239,174,0.0,1.2996853e-05,1.2962957e-05,3.1207182e-13,130.36063,0.23331255,57.83812,0.23434365,False,-3172.336,575.4884,False,False,True,12.717935,,1698.2471,1681,-2759.8823,2.876161,151.4096885004515,,2.2962638252520526,,0.7475937,,35.119232,,,0,False,,,,,,,,0,False,False,False,10364.072,20.79775,0.1512749,0.15590562,0.025445636,0.15204605,0.15456523,0.020258155,False,False,False,False,1.3231791e-05,0.5536817,False,False,61097.236574474475,,18,False,False,False,False,False,False,False,False,False,False,False,False,False,False,False,False,False,False,False,False,False,i
3,61097.23516563969,lsst,151.40965765369577,2.2962898189674674,170028510548066453,170059296748339332,0,170028510548066453,-2605.8865,220.36954,0,0,0,7717.5273,216.09065,True,2026022500240,174,0.0,1.7280603e-05,1.47857745e-05,2.4109995e-11,294.01315,0.26212138,2541.8596,0.31512606,False,-2150.7307,571.268,False,False,True,11.9296875,,1657.3466,1681,-2546.1943,1.1976985,151.40965503771508,,2.296290123114498,,0.7423607,,-93.22504,,,0,False,,,,,,,,0,False,False,False,10344.562,22.858143,0.1232274,0.16926053,-0.010453685,0.14348237,0.15386598,0.015183895,False,False,False,False,0.0009948452,0.543353,False,False,61097.236895690934,,18,False,False,False,False,False,False,False,False,False,False,False,False,False,False,False,False,False,False,False,False,False,i
3,61097.23563217152,lsst,151.4096662663048,2.296286409613251,170028510548066453,170059296877314229,0,170028510548066453,-2239.3274,223.31528,0,0,0,8090.697,217.39032,True,2026022500241,164,0.0,1.8637684e-05,1.694385e-05,2.2954838e-11,1111.9017,0.30092192,3646.9329,0.33966184,False,-2734.7532,571.35175,False,False,True,9.966721,,1677.5613,1681,-2247.7888,4.114433,151.40965826490995,,2.296286622641164,,0.93247044,,53.58836,,,0,False,,,,,,,,0,False,False,False,10323.277,21.122492,0.13198048,0.19918121,0.024299005,0.1464433,0.15742545,0.012572639,False,False,False,False,0.030225845,0.58897835,False,False,61097.23757670417,,17,False,False,False,False,False,False,False,False,False,False,False,False,False,False,False,False,False,False,False,False,False,i
3,61097.236097991,lsst,151.40966372933903,2.296256623973178,170028510548066453,170059297011531915,0,170028510548066453,-2546.9917,235.09291,0,0,0,7812.3896,229.54921,True,2026022500242,164,0.0,1.7683782e-05,1.9030105e-05,-2.2612462e-11,1474.4149,0.34673005,1315.4536,0.3141242,False,-2356.892,575.5356,False,False,True,10.778601,,1716.2028,1681,-2736.1592,5.1821165,151.40965210022827,,2.29626290209792,,1.2411453,,-8.542731,,,0,False,,,,,,,,0,False,False,False,10435.873,16.618362,0.28825167,0.1494908,0.03350895,0.16322617,0.18799436,0.0035787327,False,False,False,False,0.23413189,0.53044146,False,False,61097.237942163454,,20,False,False,False,False,False,False,False,False,False,False,False,False,False,False,False,False,False,False,False,False,False,i
3,61097.23703187594,lsst,151.40964936729233,2.296265913655251,170028510548066453,170059297279967432,0,170028510548066453,-2582.4785,230.06615,0,0,0,7667.325,224.75748,True,2026022500244,164,0.0,3.552522e-05,2.6473852e-05,4.0016784e-10,2687.2832,0.39956295,377.0743,0.69076455,False,-2936.5254,572.8505,False,False,True,11.162413,,1605.8049,1681,-2744.5593,1.8939168,151.40965658159752,,2.296265193991679,,1.1384168,,-113.330345,,,0,False,,,,,,,,0,False,False,False,10322.669,15.305114,0.16716503,0.29082265,-0.008975996,0.1475688,0.20709494,0.0029572537,False,False,False,False,0.31380945,0.5657625,False,False,61097.23898110015,,19,False,False,False,False,False,False,False,False,False,False,False,False,False,False,False,False,False,False,False,False,False,i
3,61097.23795917646,lsst,151.4096597476916,2.2962804981708813,170028510548066453,170059297532149959,0,170028510548066453,-1941.3269,217.10533,0,0,0,8344.942,210.54886,True,2026022500246,133,0.0,2.2324111e-05,2.0983223e-05,6.276539e-11,2244.9373,0.36017203,3741.421,0.4180372,False,-2609.5774,568.8196,False,False,True,8.902981,,1674.504,1681,-2033.4915,2.0200918,151.40965730744017,,2.296272686940338,,1.0443954,,17.396519,,,0,False,,,,,,,,0,False,False,False,10292.876,19.19427,0.17501983,0.19275394,0.052217465,0.12994741,0.1756489,0.011223451,False,False,False,False,0.14641081,0.5255181,False,False,61097.23990095897,,17,False,False,False,False,False,False,False,False,False,False,False,False,False,False,False,False,False,False,False,False,False,i
3,61097.23842349971,lsst,151.40971593910095,2.2962730379331697,170028510548066453,170059297682096290,0,170028510548066453,-2524.3022,213.12521,0,0,0,7215.9077,207.7147,True,2026022500247,163,0.0,1.723851e-05,1.4953173e-05,1.0474439e-10,3682.054,0.22003572,241.89882,0.3472277,False,-2099.4565,563.7404,False,False,True,11.845982,,1603.9458,1681,-2663.567,4.3681707,151.4097109783678,,2.2962765008675845,,1.0601074,,-104.23525,,,0,False,,,,,,,,0,False,False,False,9763.435,20.099133,0.12122222,0.20438339,-0.03752091,0.12719686,0.18621199,0.015392289,False,False,False,False,0.0059226323,0.60527843,False,False,61097.24028769192,,18,False,False,False,False,False,False,False,False,False,False,False,False,False,False,False,False,False,False,False,False,False,i
3,61097.238893193,lsst,151.40966409675983,2.2962785389706206,170028510548066453,170059297800585400,0,170028510548066453,-2531.513,213.26126,0,0,0,7743.6143,206.57755,True,2026022500248,133,0.0,1.555836e-05,1.4837382e-05,4.7562947e-11,3552.8538,0.24304236,2315.6108,0.3013127,False,-3571.6838,565.851,False,False,True,11.711947,,1723.059,1681,-2342.1992,3.8938808,151.40966609647623,,2.2962794115393406,,0.28834248,,34.38962,,,0,False,,,,,,,,0,False,False,False,10283.69,18.450338,0.1188244,0.12464309,0.001988719,0.12597463,0.17230466,-0.0019238613,False,False,False,False,0.11836408,0.6178942,False,False,61097.24071305698,,18,False,False,False,False,False,False,False,False,False,False,False,False,False,False,False,False,False,False,False,False,False,i
3,61097.23935848136,lsst,151.40966591653265,2.296267756119617,170028510548066453,170059297934803135,0,170028510548066453,-2569.3877,203.6459,0,0,0,7787.7134,197.67545,True,2026022500249,133,0.0,1.21560915e-05,1.2023602e-05,1.39075695e-11,1134.1409,0.20699547,2765.125,0.22795796,False,-1841.5182,565.6277,False,False,True,12.559353,,1660.1609,1681,-2459.0876,6.900356,151.40966921405038,,2.296267930250308,,0.60338295,,-130.8781,,,0,False,,,,,,,,0,False,False,False,10349.846,21.561646,0.09299402,0.12600587,-0.00031857364,0.120228335,0.13846824,0.0019578151,False,False,False,False,0.073383704,0.62664664,False,False,61097.241079983345,,15,False,False,False,False,False,False,False,False,False,False,False,False,False,False,False,False,False,False,False,False,False,i
3,61097.24029005452,lsst,151.40967117588187,2.2962875608261784,170028510548066453,170059298202714300,0,170028510548066453,-2555.421,205.6008,0,0,0,7689.986,201.53389,True,2026022500251,132,0.0,1.5277237e-05,1.5367976e-05,1.26726685e-11,2255.9768,0.26840073,3103.2644,0.28344157,False,-3324.8354,570.44904,False,False,True,12.218597,,1709.8923,1681,-2327.2048,6.4345207,151.40966520850515,,2.2962844615687477,,0.2850687,,-116.42562,,,0,False,,,,,,,,0,False,False,False,10297.118,21.091993,0.18316908,0.18825765,-0.002290385,0.124799065,0.13649285,-0.007301001,False,False,False,False,0.44075966,0.6174221,False,False,61097.24201294435,,17,False,False,False,False,False,False,False,False,False,False,False,False,False,False,False,False,False,False,False,False,False,i
3,61097.24262894346,lsst,151.40964187225953,2.2962415603367816,170028510548066453,170059298866987218,0,170028510548066453,-2201.4868,196.34259,0,0,0,7708.545,192.40038,True,2026022500256,119,0.0,2.3277755e-05,2.8969514e-05,2.1393937e-10,620.67615,0.37369657,3466.5603,0.55532664,False,-3256.1375,569.9408,False,False,True,11.259801,,1689.4805,1681,-2544.257,2.170505,151.4096518727076,,2.2962585053187947,,1.2171047,,14.291112,,,0,False,,,,,,,,0,False,False,False,9917.232,23.825567,0.13513112,0.2685417,0.03361584,0.11654447,0.11450412,-0.002258818,False,False,False,False,0.8010455,0.5873795,False,False,61097.24440801509,,16,False,False,False,False,False,False,False,False,False,False,False,False,False,False,False,False,False,False,False,False,False,i
3,61097.24309586386,lsst,151.4096658569708,2.29626151208532,170028510548066453,170059299001204915,0,170028510548066453,-2244.0146,206.62065,0,0,0,7876.106,198.10835,True,2026022500257,119,0.0,1.6182985e-05,1.5521444e-05,-1.2550642e-11,2498.8713,0.2947842,2041.8337,0.27600974,False,-3116.1416,567.1149,False,False,True,10.753701,,1694.2124,1681,-2291.4438,1.6951658,151.40966613331653,,2.296262552170349,,0.97008055,,-21.270506,,,0,False,,,,,,,,0,False,False,False,10120.726,19.002333,0.13662499,0.13345571,0.046954475,0.13073519,0.12932362,-0.0005144941,False,False,False,False,0.0048208656,0.51347166,False,False,61097.24484859949,,15,False,False,False,False,False,False,False,False,False,False,False,False,False,False,False,False,False,False,False,False,False,i
3,61097.243565053366,lsst,151.40967585748382,2.296274292228533,170028510548066453,170059299139092660,0,170028510548066453,-2643.3074,200.45787,0,0,0,7689.777,194.55992,True,2026022500258,126,0.0,1.0550474e-05,1.23132e-05,1.8801023e-11,945.0563,0.18357378,2939.8813,0.22701025,False,-3023.943,568.018,False,False,True,13.059347,,1650.1553,1681,-2633.519,9.412494,151.40967810015835,,2.2962787851590676,,0.84521073,,-4.116145,,,0,False,,,,,,,,0,False,False,False,10313.708,22.239027,0.087145135,0.13108052,0.027585,0.1131928,0.12429179,0.001622694,False,False,False,False,0.01934498,0.673287,False,False,61097.24529681105,,15,False,False,False,False,False,False,False,False,False,False,False,False,False,False,False,False,False,False,False,False,False,i
3,61097.24403135812,lsst,151.40969316963591,2.296264574024894,170028510548066453,170059299269640366,0,170028510548066453,-2165.0671,204.28423,0,0,0,7653.299,191.75424,True,2026022500259,119,0.0,1.576322e-05,1.4745234e-05,-1.2086542e-11,4017.1843,0.28627667,2201.6409,0.2628885,False,-1720.2152,568.11664,False,False,True,10.521969,,1650.5808,1681,-2004.4762,0.048156828,151.40969180700677,,2.2962629968984336,,0.38909018,,-79.14439,,,0,False,,,,,,,,0,False,False,False,9730.904,23.996439,0.13908535,0.12658508,-0.0017533466,0.12165406,0.12809497,0.009594851,False,False,False,False,0.012615927,0.527519,False,False,61097.245710457486,,15,False,False,False,False,False,False,False,False,False,False,False,False,False,False,False,False,False,False,False,False,False,i
3,61097.244500359084,lsst,151.4096693622978,2.2962704104562817,170028510548066453,170059299403858110,0,170028510548066453,-2498.7124,208.37514,0,0,0,7781.9956,200.10196,True,2026022500260,119,0.0,1.3876883e-05,1.5493844e-05,1.4284441e-11,2583.8413,0.24739999,224.25272,0.28119656,False,-2643.4133,570.0542,False,False,True,11.863349,,1669.6492,1681,-2575.6506,3.7710116,151.4096686945205,,2.2962725550132377,,0.96637166,,-16.70302,,,0,False,,,,,,,,0,False,False,False,10273.67,21.731195,0.1305062,0.16945797,0.041347373,0.12499202,0.14413917,0.008694422,False,False,False,False,0.043230478,0.58889705,False,False,61097.24619602406,,16,False,False,False,False,False,False,False,False,False,False,False,False,False,False,False,False,False,False,False,False,False,i
3,61097.245525949475,lsst,151.40966686364783,2.2962761158027942,170028510548066453,170059299679633647,0,170028510548066453,-2626.6567,208.63689,0,0,0,7671.428,201.41847,True,2026022500262,133,0.0,1.2206995e-05,1.3234971e-05,-5.3700204e-11,2736.356,0.2654305,3948.0532,0.18618411,False,-2494.0884,566.5549,False,False,True,12.320153,,1676.2292,1681,-2566.3691,4.4818935,151.4096672286478,,2.2962783671769134,,0.8743731,,-56.775185,,,0,False,,,,,,,,0,False,False,False,10321.291,17.940273,0.14011149,0.07925695,-0.023046002,0.14559953,0.12009563,-0.004557046,False,False,False,False,0.09613157,0.57252043,False,False,61097.247357895045,,15,False,False,False,False,False,False,False,False,False,False,False,False,False,False,False,False,False,False,False,False,False,i
3,61097.245992478274,lsst,151.40966649120762,2.2962721531790415,170028510548066453,170059299813851382,0,170028510548066453,-2445.3008,202.32271,0,0,0,7826.4883,195.06114,True,2026022500263,133,0.0,1.3395218e-05,1.3061157e-05,3.4599528e-11,2705.4175,0.21309735,1766.7654,0.26091182,False,-2052.4573,563.84564,False,False,True,11.89582,,1698.8451,1681,-2330.9768,4.0087986,151.40966542503773,,2.29627077342592,,0.6869848,,26.943542,,,0,False,,,,,,,,0,False,False,False,10293.79,20.771551,0.09806376,0.12973575,0.015071144,0.12288587,0.11738185,0.0009924404,False,False,False,False,0.008059804,0.5792815,False,False,61097.24791150642,,15,False,False,False,False,False,False,False,False,False,False,False,False,False,False,False,False,False,False,False,False,False,i
3,61097.24645790426,lsst,151.40969270399992,2.2962499752177967,170028510548066453,170059299948069043,0,170028510548066453,-2217.9197,199.42558,0,0,0,7981.3765,193.86758,True,2026022500264,133,0.0,1.555644e-05,1.5637566e-05,-3.746153e-11,268.09738,0.30169973,2094.7295,0.25836757,False,-3211.783,564.62976,False,False,True,11.075903,,1759.638,1681,-2213.2532,2.3840551,151.40969216663765,,2.296242920754038,,0.82935476,,3.6664197,,,0,False,,,,,,,,0,False,False,False,10173.145,24.094414,0.13017301,0.13681121,0.032548018,0.1291643,0.10843719,0.00043069548,False,False,False,False,0.044443805,0.612328,False,False,61097.248111717156,,16,False,False,False,False,False,False,False,False,False,False,False,False,False,False,False,False,False,False,False,False,False,i
3,61097.24692304268,lsst,151.40966702487904,2.2962574910196736,170028510548066453,170059300081762463,0,170028510548066453,-2544.6914,207.47342,0,0,0,7703.1553,201.74641,True,2026022500265,132,0.0,1.4011282e-05,1.4051428e-05,3.931154e-12,2254.2273,0.25015435,2153.0967,0.25528714,False,-2408.7485,570.4642,False,False,True,12.208335,,1625.3119,1681,-2458.9946,1.6061664,151.40966778260884,,2.2962565951998553,,0.6592407,,-117.14569,,,0,False,,,,,,,,0,False,False,False,10301.972,17.625257,0.12654608,0.1564444,-0.0126426015,0.1426116,0.123092026,0.0041376106,False,False,False,False,0.013978858,0.5166636,False,False,61097.248679472104,,16,False,False,False,False,False,False,False,False,False,False,False,False,False,False,False,False,False,False,False,False,False,i
3,61097.24739162343,lsst,151.40967674352672,2.2962550110678115,170028510548066453,170059300215980216,0,170028510548066453,-2331.8088,206.62361,0,0,0,8026.639,202.42918,True,2026022500266,132,0.0,1.5313466e-05,1.5330506e-05,-3.650431e-13,1386.6753,0.27618107,2277.8674,0.27584097,False,-2010.9697,573.7234,False,False,True,11.205683,,1708.7261,1681,-2199.8105,2.7891445,151.4096757658862,,2.29625486489745,,0.49941117,,-62.07976,,,0,False,,,,,,,,0,False,False,False,10378.126,25.678453,0.13824107,0.118262954,-0.004400565,0.11899036,0.13585429,-0.0013616893,False,False,False,False,0.00013526138,0.559078,False,False,61097.24906273736,,15,False,False,False,False,False,False,False,False,False,False,False,False,False,False,False,False,False,False,False,False,False,i
3,61097.248322646155,lsst,151.409673935002,2.2962661032000202,170028510548066453,170059300480745661,0,170028510548066453,-2267.4626,203.93628,0,0,0,7917.6665,196.06602,True,2026022500268,125,0.0,1.3575243e-05,1.3972697e-05,1.2654783e-11,2686.9834,0.23902535,1189.8601,0.25701058,False,-2583.4985,573.2903,False,False,True,10.957986,,1671.1069,1681,-2079.3386,2.5446613,151.40967452311577,,2.2962689569587296,,0.43448535,,-92.65977,,,0,False,,,,,,,,0,False,False,False,10185.459,27.403011,0.11165195,0.10688531,-0.007862932,0.10876689,0.13230756,0.0037182767,False,False,False,False,0.026039474,0.5726807,False,False,61097.250088583314,,15,False,False,False,False,False,False,False,False,False,False,False,False,False,False,False,False,False,False,False,False,False,i
3,61097.249726887734,lsst,151.4096660042309,2.296276101847407,170028510548066453,170059300880253103,0,170028510548066453,-2186.5354,218.02867,0,0,0,8256.518,214.42366,True,2026022500271,119,0.0,2.1716014e-05,2.1384643e-05,-9.151381e-12,157.68085,0.39319107,2362.4426,0.38316667,False,-3216.8008,575.2892,False,False,True,9.8303,,1679.1031,1681,-2117.9631,5.62749,151.40966057074806,,2.2962725543729325,,0.6032701,,9.762397,,,0,False,,,,,,,,0,False,False,False,10434.882,15.589387,0.18007827,0.20757842,0.007984576,0.15079121,0.14609762,0.0072718905,False,False,False,False,0.29347682,0.5763689,False,False,61097.251537651784,,17,False,False,False,False,False,False,False,False,False,False,False,False,False,False,False,False,False,False,False,False,False,i
3,61097.250194829656,lsst,151.40966818630457,2.296250169756062,170028510548066453,170059301014470841,0,170028510548066453,-2267.77,213.76306,0,0,0,7833.496,205.27745,True,2026022500272,119,0.0,1.7428276e-05,1.7239687e-05,-3.4524714e-12,2100.6062,0.31473455,1030.1635,0.30956855,False,-2362.5623,576.0421,False,False,True,10.507824,,1628.131,1681,-2060.356,0.7865023,151.40966668302372,,2.296250909070135,,0.24694857,,-148.48434,,,0,False,,,,,,,,0,False,False,False,10072.1,15.319653,0.14414538,0.14898893,-0.0008530227,0.1402258,0.13779108,0.0007441011,False,False,False,False,0.010232081,0.50456303,False,False,61097.25193382015,,15,False,False,False,False,False,False,False,False,False,False,False,False,False,False,False,False,False,False,False,False,False,i
3,61097.25066211226,lsst,151.4096704912415,2.296257473296029,170028510548066453,170059301152358550,0,170028510548066453,-2728.7944,207.90756,0,0,0,7764.226,203.85254,True,2026022500273,126,0.0,1.3912702e-05,1.4508449e-05,6.306987e-12,500.63446,0.24920781,2057.01,0.26244935,False,-3062.4214,577.12897,False,False,True,13.110312,,1692.3473,1681,-2873.379,0.9452882,151.40966797037163,,2.296254941135916,,0.98703456,,-124.028534,,,0,False,,,,,,,,0,False,False,False,10509.195,20.274717,0.16024892,0.18548563,-0.045208264,0.12663345,0.1300106,-0.0027136048,False,False,False,False,0.32077122,0.64160657,False,False,61097.25237106848,,17,False,False,False,False,False,False,False,False,False,False,False,False,False,False,False,False,False,False,False,False,False,i
3,61097.251131012905,lsst,151.40964315701115,2.2962888192470206,170028510548066453,170059301282906290,0,170028510548066453,-2218.64,215.51079,0,0,0,7979.6064,211.20189,True,2026022500274,119,0.0,1.6777534e-05,1.5309493e-05,-1.4768445e-11,3611.7307,0.30447212,1263.0444,0.27307498,False,-2237.018,575.2279,False,False,True,10.293139,,1702.0558,1681,-2253.203,10.580071,151.4096424712232,,2.2962808995008452,,0.95806783,,-109.403465,,,0,False,,,,,,,,0,False,False,False,10168.894,15.156635,0.1405418,0.10958746,-0.04362051,0.15368749,0.14296064,0.010054507,False,False,False,False,0.087212086,0.51017034,False,False,61097.2529352359,,17,False,False,False,False,False,False,False,False,False,False,False,False,False,False,False,False,False,False,False,False,False,i
3,61097.25159683409,lsst,151.40966786265943,2.2962710526015453,170028510548066453,170059301396676799,0,170028510548066453,-2248.238,209.80125,0,0,0,7997.0474,202.50288,True,2026022500275,80,0.0,1.7019727e-05,1.7699145e-05,5.465236e-12,2273.3413,0.30598885,3460.6675,0.31920585,False,-2089.8674,580.842,False,False,True,10.545538,,1600.6719,1681,-2209.506,0.37758043,151.40966764155797,,2.2962675044859346,,0.77494043,,-124.92973,,,0,False,,,,,,,,0,False,False,False,10260.341,18.500166,0.1457476,0.15109114,-0.027618023,0.12924503,0.1329425,0.004613264,False,False,False,False,0.055686615,0.54381406,False,False,61097.253272910195,,15,False,False,False,False,False,False,False,False,False,False,False,False,False,False,False,False,False,False,False,False,False,i
3,61097.25306716746,lsst,151.4096583485157,2.2962730912698253,170028510548066453,170059301825020063,0,170028510548066453,-2571.9885,211.9968,0,0,0,7738.252,208.43045,True,2026022500278,129,0.0,1.3037527e-05,1.2867504e-05,-9.527681e-12,4041.0864,0.23991148,3482.771,0.22633062,False,-3314.059,578.4625,False,False,True,12.042515,,1701.5947,1681,-2464.4463,2.0991611,151.40965769991232,,2.2962727732745245,,0.5800226,,-86.1546,,,0,False,,,,,,,,0,False,False,False,10278.326,18.099619,0.12380893,0.11267762,-0.014001967,0.13528164,0.14476977,-0.0030941255,False,False,False,False,0.08127003,0.53242964,False,False,61097.25480269792,,15,False,False,False,False,False,False,False,False,False,False,False,False,False,False,False,False,False,False,False,False,False,i
3,61097.253532410716,lsst,151.40968229067113,2.2962939255436097,170028510548066453,170059301959237811,0,170028510548066453,-2565.5254,213.43652,0,0,0,7678.611,209.23906,True,2026022500279,129,0.0,1.4260329e-05,1.4971335e-05,2.7820265e-11,1581.4934,0.24433282,3348.2961,0.28096995,False,-2736.0576,583.3094,False,False,True,11.653515,,1680.8726,1681,-2341.7234,1.5002959,151.4096812354864,,2.29629453975405,,0.3410145,,22.550367,,,0,False,,,,,,,,0,False,False,False,10247.629,19.62874,0.12642117,0.13541403,0.0020813507,0.13445434,0.1389375,-0.0012957684,False,False,False,False,0.006093783,0.5993703,False,False,61097.255311652,,16,False,False,False,False,False,False,False,False,False,False,False,False,False,False,False,False,False,False,False,False,False,i
3,61097.25493735748,lsst,151.40965306570757,2.2962675272007993,170028510548066453,170059302356648174,0,170028510548066453,-2426.0745,226.19307,0,0,0,7774.298,221.45372,True,2026022500282,119,0.0,1.8166338e-05,1.7391747e-05,-1.8269029e-11,791.0836,0.33183673,2843.934,0.30840245,False,-2588.5537,578.02386,False,False,True,10.730877,,1687.46,1681,-2475.8428,6.87354,151.40964945363103,,2.2962793651798443,,0.8895936,,-56.224823,,,0,False,,,,,,,,0,False,False,False,10323.088,15.352735,0.18661733,0.1137685,0.009946596,0.15538485,0.17329958,0.013058731,False,False,False,False,0.030037882,0.5625935,False,False,61097.25688132699,,18,False,False,False,False,False,False,False,False,False,False,False,False,False,False,False,False,False,False,False,False,False,i
3,61097.25587181971,lsst,151.40967987089923,2.2962967347062166,170028510548066453,170059302625083548,0,170028510548066453,-2130.2588,217.09123,0,0,0,8159.7725,212.15904,True,2026022500284,119,0.0,2.5010764e-05,3.521745e-05,2.5877916e-10,137.15479,0.41530308,992.86206,0.6577508,False,-2639.9211,582.27905,False,False,True,9.716791,,1813.696,1681,-2281.4458,5.9011807,151.40967555758098,,2.296291782969149,,1.110163,,10.499578,,,0,False,,,,,,,,0,False,False,False,10289.505,18.852005,0.11926868,0.23543395,0.02020659,0.12904242,0.14716461,0.0023333952,False,False,False,False,0.24363527,0.526535,False,False,61097.25760391336,,17,False,False,False,False,False,False,False,False,False,False,False,False,False,False,False,False,False,False,False,False,False,i
3,61097.25633477936,lsst,151.4096804805963,2.2962748660608066,170028510548066453,170059302758777006,0,170028510548066453,-2075.784,219.06021,0,0,0,8222.671,211.64708,True,2026022500285,118,0.0,2.2430178e-05,2.5728708e-05,5.3048725e-11,2361.7373,0.39783362,2463.2983,0.4689005,False,-2782.6292,591.93976,False,False,True,9.489188,,1627.5923,1681,-2297.5225,4.3014407,151.40967964416635,,2.296268908750106,,1.1851777,,-19.971714,,,0,False,,,,,,,,0,False,False,False,10273.299,17.105927,0.17276284,0.21150863,0.06807158,0.12973458,0.14664122,-0.009062551,False,False,False,False,0.40993935,0.5305883,False,False,61097.2580438156,,15,False,False,False,False,False,False,False,False,False,False,False,False,False,False,False,False,False,False,False,False,False,i
3,61097.25680099358,lsst,151.4096767538378,2.2962955353142087,170028510548066453,170059302872547508,0,170028510548066453,-2394.4856,212.91533,0,0,0,7797.846,207.9235,True,2026022500286,79,0.0,1.275356e-05,1.3426321e-05,4.597238e-12,3140.8123,0.22907375,2135.9844,0.24248354,False,-3002.8215,587.582,False,False,True,11.123232,,1696.2057,1681,-2237.937,4.783434,151.4096762193126,,2.296295078408089,,0.5778385,,-106.99082,,,0,False,,,,,,,,0,False,False,False,10189.834,22.9152,0.09310304,0.07874515,-0.0135825565,0.12126441,0.14203176,-0.014064453,False,False,False,False,0.3280988,0.5706161,False,False,61097.25856792405,,15,False,False,False,False,False,False,False,False,False,False,False,False,False,False,False,False,False,False,False,False,False,i
3,61097.257268807545,lsst,151.40964639707198,2.2962776195973817,170028510548066453,170059303007289491,0,170028510548066453,-2154.0945,207.48268,0,0,0,7952.9976,200.48,True,2026022500287,80,0.0,1.62754e-05,1.3864289e-05,-1.497756e-11,1071.7646,0.29489633,1191.3611,0.24762884,False,-2886.7231,592.14984,False,False,True,10.129378,,1713.5236,1681,-2167.2651,3.5378096,151.40964487724443,,2.2962724589749013,,0.92870516,,-108.40252,,,0,False,,,,,,,,0,False,False,False,10061.575,26.264875,0.13210917,0.08665816,-0.037838783,0.11881002,0.124541484,-0.014473735,False,False,False,False,0.030599318,0.5810888,False,False,61097.25904936016,,15,False,False,False,False,False,False,False,False,False,False,False,False,False,False,False,False,False,False,False,False,False,i
3,61097.257736326705,lsst,151.4096764022837,2.296247335148212,170028510548066453,170059303141507247,0,170028510548066453,-2697.1829,216.52002,0,0,0,7222.496,206.05086,True,2026022500288,80,0.0,1.478284e-05,1.50935375e-05,1.2245683e-12,3493.7588,0.26617575,2693.9465,0.27176002,False,-3010.1877,586.9037,False,False,True,12.367249,,1653.7999,1681,-2693.0305,0.4169866,151.4096742062297,,2.2962460876863444,,0.8239068,,-110.76938,,,0,False,,,,,,,,0,False,False,False,9854.956,16.48059,0.18799305,0.15459314,-0.026468169,0.13708594,0.13824555,-0.009424818,False,False,False,False,0.18574221,0.6502294,False,False,61097.25942998986,,17,False,False,False,False,False,False,False,False,False,False,False,False,False,False,False,False,False,False,False,False,False,i
3,61097.25820279922,lsst,151.4096369657439,2.2962873580887533,170028510548066453,170059303275724955,0,170028510548066453,-2257.55,219.39339,0,0,0,7844.1797,215.64203,True,2026022500289,80,0.0,2.019246e-05,1.8514213e-05,-6.056988e-12,2520.2627,0.36400855,1699.8079,0.3329701,False,-3009.1838,591.45593,False,False,True,10.180609,,1582.5493,1681,-2228.579,1.1048486,151.40963477540907,,2.2962863452543423,,0.7447804,,-113.10816,,,0,False,,,,,,,,0,False,False,False,10101.088,15.618329,0.18696845,0.15923616,-0.020892024,0.15148023,0.13733818,-0.009757165,False,False,False,False,0.1329319,0.56831664,False,False,61097.25993237796,,18,False,False,False,False,False,False,False,False,False,False,False,False,False,False,False,False,False,False,False,False,False,i
3,61097.258671980075,lsst,151.40966880860947,2.296257767445608,170028510548066453,170059303408369841,0,170028510548066453,-2415.2217,212.5359,0,0,0,7903.576,208.06845,True,2026022500290,77,0.0,1.6366786e-05,1.563457e-05,-9.285047e-13,1592.8113,0.29490086,3669.5417,0.28138638,False,-3095.6128,589.9935,False,False,True,11.122819,,1678.3684,1681,-2437.3286,1.3952731,151.40966904383413,,2.2962602408374186,,0.89936996,,-134.62279,,,0,False,,,,,,,,0,False,False,False,10326.171,20.187042,0.1523832,0.1568404,-0.038489874,0.1349891,0.1282953,-0.006452749,False,False,False,False,0.0954211,0.6202942,False,False,61097.26026010945,,16,False,False,False,False,False,False,False,False,False,False,False,False,False,False,False,False,False,False,False,False,False,i
3,61097.259420999966,lsst,151.40969547858424,2.2962802383756746,170028510548066453,170059303592919231,0,170028510548066453,-2360.8147,224.4645,0,0,0,7963.515,220.15451,True,2026022500291,173,0.0,2.0453374e-05,1.8431403e-05,-1.0276413e-11,100.0051,0.33112875,3199.5156,0.3691462,False,-3549.3982,595.9734,False,False,True,10.358867,,1651.266,1681,-2389.0564,0.15394561,151.40969699330924,,2.2962788316399028,,0.87693316,,-72.924995,,,0,False,,,,,,,,0,False,False,False,10371.304,16.416891,0.1428542,0.21031158,-0.012058021,0.13740091,0.1626757,-0.0049564037,False,False,False,False,0.110893235,0.5142486,False,False,61097.26109353766,,18,False,False,False,False,False,False,False,False,False,False,False,False,False,False,False,False,False,False,False,False,False,i
3,61097.26035412487,lsst,151.40966674860775,2.2962660188422634,170028510548066453,170059303861354822,0,170028510548066453,-2739.295,211.62091,0,0,0,7364.206,200.21361,True,2026022500293,173,0.0,1.2785994e-05,1.4941791e-05,1.1847457e-12,187.03459,0.26893508,1255.5214,0.2303136,False,-3264.1897,600.2665,False,False,True,12.778237,,1615.9882,1681,-2759.7075,0.55332154,151.40966969099296,,2.296265993029372,,0.8162028,,53.663208,,,0,False,,,,,,,,0,False,False,False,9982.493,22.320183,0.15466705,0.17057148,0.029777426,0.12454755,0.12237292,-0.0045029162,False,False,False,False,0.26708132,0.53587264,False,False,61097.26216421879,,21,False,False,False,False,False,False,False,False,False,False,False,False,True,True,False,False,False,False,False,False,False,i
3,61097.26082036204,lsst,151.40966994076314,2.2962667547243525,170028510548066453,170059303995048130,0,170028510548066453,-2345.3235,213.17064,0,0,0,7965.01,205.19556,True,2026022500294,172,0.0,1.9578032e-05,1.5077207e-05,4.618018e-12,2822.0996,0.27129886,3134.6277,0.35286382,False,-3045.5906,591.96423,False,False,True,10.984543,,1683.5125,1681,-2505.9133,8.014836,151.40966872601228,,2.296273257537791,,1.0705843,,-72.597855,,,0,False,,,,,,,,0,False,False,False,10229.969,24.19003,0.095639855,0.18830937,-0.036453012,0.12373995,0.13022491,0.0044792057,False,False,False,False,0.043332666,0.61673343,False,False,61097.262521958415,,15,False,False,False,False,False,False,False,False,False,False,False,False,False,False,False,False,False,False,False,False,False,i
3,61097.26129263872,lsst,151.40966686076612,2.296258060332915,170028510548066453,170059304130838729,0,170028510548066453,-2325.6426,217.65787,0,0,0,7935.6143,210.30473,True,2026022500295,175,0.0,1.5613656e-05,1.7286153e-05,-4.619098e-12,1194.5685,0.3113656,453.85767,0.2811974,False,-2298.9788,591.7556,False,False,True,10.589882,,1692.9556,1681,-2347.658,1.2760878,151.4096626005135,,2.2962551115198844,,0.92436165,,29.132921,,,0,False,,,,,,,,0,False,False,False,10211.651,22.505924,0.17242339,0.14147174,0.037919987,0.13501358,0.13826644,0.0045467354,False,False,False,False,0.07277314,0.52079123,False,False,61097.263037816236,,15,False,False,False,False,False,False,False,False,False,False,False,False,False,False,False,False,False,False,False,False,False,i
3,61097.261759597175,lsst,151.4096869192962,2.296285420803903,170028510548066453,170059304265056456,0,170028510548066453,-2622.8796,206.22815,0,0,0,7546.442,198.4196,True,2026022500296,175,0.0,1.4577938e-05,1.2333259e-05,8.348053e-12,635.3902,0.22118801,1124.9615,0.2634906,False,-2842.213,592.36395,False,False,True,12.334714,,1671.885,1681,-2814.2546,2.6270256,151.4096828214973,,2.2962800396022467,,1.2109219,,70.07175,,,0,False,,,,,,,,0,False,False,False,10124.667,37.710804,0.13272102,0.2673974,0.030492103,0.113952614,0.11698323,0.010184635,False,False,False,False,0.7881114,0.58137304,False,False,61097.26341462609,,17,False,False,False,False,False,False,False,False,False,False,False,False,False,False,False,False,False,False,False,False,False,i
3,61097.26222792143,lsst,151.40967855628242,2.2962731249548294,170028510548066453,170059304398749863,0,170028510548066453,-2611.9062,218.39058,0,0,0,7082.595,201.08372,True,2026022500297,174,0.0,1.5271253e-05,1.3360699e-05,1.088084e-11,243.52556,0.23911516,96.990005,0.2764882,False,-3167.8438,595.5895,False,False,True,11.8222275,,1588.7689,1681,-2582.8604,5.278322,151.40967797565838,,2.296272674666036,,0.76416725,,-95.188194,,,0,False,,,,,,,,0,False,False,False,9539.519,18.50867,0.11391356,0.16701359,-0.0052248924,0.13854936,0.13271812,0.0090928795,False,False,False,False,0.004296908,0.6060857,False,False,61097.263948017615,,16,False,False,False,False,False,False,False,False,False,False,False,False,False,False,False,False,False,False,False,False,False,i
3,61097.26269423636,lsst,151.40966319592002,2.2962512597812736,170028510548066453,170059304532967555,0,170028510548066453,-2667.8564,226.64124,0,0,0,7636.923,222.10721,True,2026022500298,174,0.0,1.6467346e-05,1.3074956e-05,2.6173856e-11,1942.519,0.23093511,2296.8333,0.30042085,False,-1981.0557,602.62006,False,False,True,11.558345,,1673.8726,1681,-2616.8442,0.9839451,151.40966068717873,,2.2962481671108534,,0.79110855,,-101.36278,,,0,False,,,,,,,,0,False,False,False,10317.729,19.466372,0.10183906,0.16057429,-0.002458191,0.13638222,0.15398628,0.009873218,False,False,False,False,0.03314589,0.5717366,False,False,61097.26448070537,,17,False,False,False,False,False,False,False,False,False,False,False,False,False,False,False,False,False,False,False,False,False,i
3,61097.26363394628,lsst,151.40967495702432,2.2962742922079133,170028510548066453,170059304797733009,0,170028510548066453,-2476.5347,232.34415,0,0,0,7889.5537,227.80579,True,2026022500300,167,0.0,1.538216e-05,1.6220258e-05,-1.0706379e-11,2611.5393,0.29414994,1992.7332,0.27513576,False,-2517.853,609.49005,False,False,True,10.33236,,1792.3456,1681,-2541.4768,8.802984,151.409676203996,,2.29627556510361,,1.1274643,,-0.3649382,,,0,False,,,,,,,,0,False,False,False,10397.393,17.366184,0.2056142,0.10339839,0.041224416,0.14424102,0.15692495,0.01809045,False,False,False,False,0.002557458,0.5307557,False,False,61097.265383500184,,18,False,False,False,False,False,False,False,False,False,False,False,False,False,False,False,False,False,False,False,False,False,i
3,61097.265502430215,lsst,151.4096710641635,2.2962682183140743,170028510548066453,170059305317302465,0,170028510548066453,-2568.7092,224.46121,0,0,0,7872.7637,219.50282,True,2026022500304,134,0.0,1.537084e-05,1.6205646e-05,-2.6150243e-11,1243.4121,0.3004952,3961.276,0.26727006,False,-2828.3853,598.23883,False,False,True,11.289717,,1673.4781,1681,-2615.586,19.007072,151.4096747935575,,2.296276719194058,,0.80954504,,-63.97925,,,0,False,,,,,,,,0,False,False,False,10433.026,17.0292,0.12873772,0.10144446,-0.028526682,0.14951067,0.1562174,0.013630253,False,False,False,False,0.20824024,0.54150635,False,False,61097.26737908616,,17,False,False,False,False,False,False,False,False,False,False,False,False,False,False,False,False,False,False,False,False,False,i
3,61097.26596895638,lsst,151.40967998312564,2.2962470900995364,170028510548066453,170059305450995857,0,170028510548066453,-2813.768,240.53218,0,0,0,7389.8975,235.69682,True,2026022500305,133,0.0,1.9325013e-05,2.0576936e-05,-6.6387756e-11,3104.0276,0.38999173,3348.8179,0.32597798,False,-2865.1106,599.9369,False,False,True,11.807401,,1672.2678,1681,-2902.3826,0.75486165,151.40967911827371,,2.2962444368247716,,0.87004995,,-53.094505,,,0,False,,,,,,,,0,False,False,False,10212.74,14.08779,0.25382408,0.19868366,-0.020480052,0.16512485,0.18977581,0.011422662,False,False,False,False,0.28524595,0.5182812,False,False,61097.267894273435,,19,False,False,False,False,False,False,False,False,False,False,False,False,False,False,False,False,False,False,False,False,False,i
3,61097.26653554453,lsst,151.4096382785079,2.2962706541395703,170028510548066453,170059305605660822,0,170028510548066453,-2476.7444,257.59985,0,0,0,7647.2134,251.40959,True,2026022500306,172,0.0,2.6599178e-05,2.2685039e-05,-1.706386e-11,3381.2007,0.4077504,3236.2644,0.47980255,False,-2625.6067,605.00903,False,False,True,9.520526,,1760.5787,1681,-2943.038,7.9686904,151.409650755463,,2.296275784903136,,1.8076108,,69.16828,,,0,False,,,,,,,,0,False,False,False,10167.828,19.131489,0.20870145,0.4305163,0.13962138,0.20050438,0.21716022,0.02371073,False,False,False,False,0.7702292,0.5869086,False,False,61097.26820315876,,20,False,False,False,False,False,False,False,False,False,False,False,False,False,False,False,False,False,False,False,False,False,i
3,61097.26747173957,lsst,151.40965760422472,2.296262385552245,170028510548066453,170059305874096272,0,170028510548066453,-2934.5647,246.92625,0,0,0,7349.5996,241.50392,True,2026022500308,172,0.0,1.7499417e-05,1.34207385e-05,2.2363047e-12,3553.0442,0.24151763,1301.2749,0.31526402,False,-3381.043,599.9654,False,False,True,11.630507,,1803.004,1681,-3085.7627,1.6357138,151.40965566502882,,2.296255469423028,,1.2499254,,64.908195,,,0,False,,,,,,,,0,False,False,False,10307.663,22.807178,0.12532242,0.23456502,0.060769223,0.18837464,0.20085001,0.020778224,False,False,False,False,0.027280519,0.56108665,False,False,61097.26918784321,,19,False,False,False,False,False,False,False,False,False,False,False,False,False,False,False,False,False,False,False,False,False,i
3,61097.26793868918,lsst,151.40964624679353,2.296282351483117,170028510548066453,170059306008314005,0,170028510548066453,-2602.502,234.72345,0,0,0,7628.5103,230.00438,True,2026022500309,172,0.0,2.2743205e-05,1.9810519e-05,8.800703e-12,1904.3704,0.35630113,3127.196,0.4100667,False,-2967.74,601.1638,False,False,True,11.00568,,1657.354,1681,-2575.792,5.4163556,151.40963879961114,,2.296288416910109,,0.67775834,,-77.63947,,,0,False,,,,,,,,0,False,False,False,10207.275,14.422071,0.20503148,0.23894338,-0.010919257,0.16286257,0.17541634,0.015979687,False,False,False,False,0.3385037,0.63470167,False,False,61097.269851845165,,19,False,False,False,False,False,False,False,False,False,False,False,False,False,False,False,False,False,False,False,False,False,i
3,61097.268406100644,lsst,151.40967955632055,2.296257320995375,170028510548066453,170059306144104602,0,170028510548066453,-2471.7124,241.15979,0,0,0,7913.5347,237.66359,True,2026022500310,175,0.0,1.4496732e-05,1.8304749e-05,-1.5711616e-11,219.15726,0.33044806,388.46616,0.26008296,False,-2376.7776,605.95404,False,False,True,9.94653,,1673.4675,1681,-2668.9846,4.1084666,151.409687372461,,2.29626022933409,,1.3976043,,26.987429,,,0,False,,,,,,,,0,False,False,False,10408.51,17.334904,0.21202992,0.13005716,0.102318816,0.17704728,0.17950897,0.028854782,False,False,False,False,0.007322725,0.5681965,False,False,61097.27023089492,,18,False,False,False,False,False,False,False,False,False,False,False,False,False,False,False,False,False,False,False,False,False,i
3,61097.268875286194,lsst,151.40966855724244,2.2962613586029543,170028510548066453,170059306277798023,0,170028510548066453,-2453.1592,241.80746,0,0,0,7839.018,236.43518,True,2026022500311,174,0.0,1.848602e-05,1.5956182e-05,1.6010476e-11,3857.0806,0.28562883,1038.7952,0.33463866,False,-2200.439,608.4921,False,False,True,9.909134,,1691.5933,1681,-2481.514,1.7737277,151.40967387563558,,2.2962697021644654,,1.0264089,,58.492535,,,0,False,,,,,,,,0,False,False,False,10305.269,15.327634,0.16477449,0.2384507,0.034113415,0.17356199,0.17791267,0.03033629,False,False,False,False,0.090990506,0.500675,False,False,61097.27072822214,,21,False,False,False,False,False,False,False,False,False,False,False,False,False,False,False,False,False,False,False,False,False,i
3,61097.26980762982,lsst,151.4096710433542,2.2962501409037763,170028510548066453,170059306546233468,0,170028510548066453,-2671.651,240.662,0,0,0,7675.064,236.66324,True,2026022500313,174,0.0,1.7764907e-05,1.592375e-05,1.9648696e-11,897.338,0.28344476,2105.1924,0.32319745,False,-2550.0964,619.2696,False,False,True,10.957141,,1650.2386,1681,-2633.33,1.4248561,151.4096689417244,,2.2962546809738558,,0.72943604,,68.75674,,,0,False,,,,,,,,0,False,False,False,10353.115,15.234086,0.15380013,0.20088224,0.004272975,0.16710882,0.16659519,0.019038484,False,False,False,False,0.016381094,0.5781337,False,False,61097.271682325925,,18,False,False,False,False,False,False,False,False,False,False,False,False,False,False,False,False,False,False,False,False,False,i
3,61097.27027568612,lsst,151.4096783632014,2.296268621565584,170028510548066453,170059306675208342,0,170028510548066453,-2838.7773,247.47124,0,0,0,7535.915,242.95746,True,2026022500314,164,0.0,1.8401013e-05,1.4367097e-05,5.214156e-11,1704.6307,0.247061,3395.3516,0.34039176,False,-2551.3125,617.2901,False,False,True,11.206545,,1725.4852,1681,-3018.8496,6.539971,151.40967714930275,,2.2962583900304336,,1.2212133,,62.43827,,,0,False,,,,,,,,0,False,False,False,10350.296,13.401964,0.10754978,0.25495383,0.022421308,0.18577117,0.18142831,0.012509855,False,False,False,False,0.00075148395,0.5032277,False,False,61097.27211827765,,19,False,False,False,False,False,False,False,False,False,False,False,False,False,False,False,False,False,False,False,False,False,i
1,61097.28211282639,lsst,151.40966691031056,2.296245295912615,170028510548066453,170059307329519717,0,170028510548066453,-2894.679,122.38723,0,0,0,5450.271,121.175514,True,2026022500319,132,0.0,9.695751e-06,9.616804e-06,-9.2350814e-12,2103.9536,0.18224585,1969.6398,0.1649961,False,-3262.669,264.9364,False,False,True,23.410486,,1744.2969,1681,-2951.9265,0.2730875,151.4096630925291,,2.2962460038548023,,0.82781047,,-13.958055,,,0,False,,,,,,,,0,False,False,False,8377.22,15.061378,0.23884778,0.21526676,0.028484654,0.22950177,0.21215135,0.017792283,False,False,False,False,0.004386569,0.6660656,False,False,61097.2838764016,,25,False,False,False,False,False,False,False,False,False,False,False,False,False,False,False,False,False,False,False,False,False,g
1,61097.28257869629,lsst,151.40966997393508,2.2962503810157093,170028510548066453,170059307463737441,0,170028510548066453,-3092.378,123.443825,0,0,0,5274.678,121.72473,True,2026022500320,132,0.0,9.317479e-06,9.030567e-06,-1.3589121e-11,1233.8737,0.17822947,2083.3086,0.1510136,False,-2641.2957,265.80322,False,False,True,25.126507,,1773.6567,1681,-3133.4968,0.09571542,151.40966980216223,,2.296250496348084,,0.8024241,,-42.758907,,,0,False,,,,,,,,0,False,False,False,8357.0,11.74149,0.2759787,0.22085683,0.007825635,0.23753333,0.20659886,0.022787014,False,False,False,False,0.07522783,0.6513966,False,False,61097.284393270624,,25,False,False,False,False,False,False,False,False,False,False,False,False,False,False,False,False,False,False,False,False,False,g
1,61097.28351455825,lsst,151.40969709644432,2.2962593017247523,170028510548066453,170059307728502898,0,170028510548066453,-2992.7588,125.36259,0,0,0,5353.955,123.6853,True,2026022500322,125,0.0,9.143373e-06,9.008406e-06,-3.171109e-12,2553.1184,0.16678186,969.211,0.1600171,False,-2892.6255,266.54755,False,False,True,23.793943,,1694.4861,1681,-2960.3796,1.0700893,151.40969562821175,,2.296258964787559,,0.7479709,,-12.639126,,,0,False,,,,,,,,0,False,False,False,8357.267,10.58819,0.21152897,0.20968643,0.024918133,0.23452356,0.21818906,0.032627016,False,False,False,False,0.027041461,0.68635684,False,False,61097.285425715556,,25,False,False,False,False,False,False,False,False,False,False,False,False,False,False,False,False,False,False,False,False,False,g
1,61097.284918380385,lsst,151.40967681839155,2.2962474150988914,170028510548066453,170059308128010358,0,170028510548066453,-3018.7478,124.389534,0,0,0,5374.3423,122.40755,True,2026022500325,119,0.0,9.373375e-06,9.367381e-06,-2.0005074e-13,106.273125,0.1689417,2132.8884,0.16845664,False,-2741.386,268.1894,False,False,True,24.265583,,1613.1088,1681,-2904.5073,0.22386535,151.40967453219127,,2.296248017848528,,0.45303506,,3.0648324,,,0,False,,,,,,,,0,False,False,False,8399.025,10.949506,0.22632681,0.23920271,0.0059158015,0.21649918,0.20696032,0.014698946,False,False,False,False,0.050922588,0.6822893,False,False,61097.286719395575,,24,False,False,False,False,False,False,False,False,False,False,False,False,False,False,False,False,False,False,False,False,False,g
1,61097.28538550996,lsst,151.40967903995912,2.2962673204775443,170028510548066453,170059308262228084,0,170028510548066453,-2834.162,124.85783,0,0,0,5507.5737,122.576126,True,2026022500326,119,0.0,9.861589e-06,9.2080745e-06,-5.859317e-12,2063.4827,0.17966254,819.7519,0.16339648,False,-2403.5916,266.5817,False,False,True,22.496313,,1724.4907,1681,-2867.884,0.5486483,151.40967612774358,,2.2962690206595893,,0.8767859,,-34.559643,,,0,False,,,,,,,,0,False,False,False,8347.705,11.774107,0.24204607,0.21603663,0.03237364,0.2290223,0.21576796,0.008578678,False,False,False,False,0.0049525956,0.64310235,False,False,61097.28729581331,,24,False,False,False,False,False,False,False,False,False,False,False,False,False,False,False,False,False,False,False,False,False,g
1,61097.28585405735,lsst,151.40969034708826,2.296243387998981,170028510548066453,170059308400115805,0,170028510548066453,-2974.7117,126.683716,0,0,0,5418.1562,125.18838,True,2026022500327,126,0.0,9.784594e-06,8.333078e-06,-9.86186e-12,456.03275,0.17910355,1874.3545,0.14633095,False,-2649.6194,266.99713,False,False,True,23.372196,,1705.0844,1681,-2943.082,0.29396513,151.40968956199836,,2.29624324937105,,0.7374236,,-77.39273,,,0,False,,,,,,,,0,False,False,False,8380.855,9.587164,0.2295721,0.18207902,-0.0048055723,0.25355268,0.20983727,0.0035240639,False,False,False,False,0.069625296,0.6377519,False,False,61097.28768814856,,25,False,False,False,False,False,False,False,False,False,False,False,False,False,False,False,False,False,False,False,False,False,g
1,61097.286321843945,lsst,151.40967664167286,2.2962474599383143,170028510548066453,170059308530663554,0,170028510548066453,-2935.802,128.68037,0,0,0,5413.719,126.25911,True,2026022500328,119,0.0,1.0975696e-05,9.1111115e-06,-1.1221041e-11,3569.2913,0.20010306,1074.5594,0.1608203,False,-2689.5244,266.60873,False,False,True,22.481989,,1665.7548,1681,-3040.5742,1.4242492,151.409677314416,,2.2962461723787104,,1.0766352,,-52.78592,,,0,False,,,,,,,,0,False,False,False,8341.221,9.549666,0.2845373,0.20565553,0.03764647,0.26044962,0.22947563,0.008203954,False,False,False,False,1.825769e-06,0.64612633,False,False,61097.288453274814,,24,False,False,False,False,False,False,False,False,False,False,False,False,False,False,False,False,False,False,False,False,False,g
1,61097.2867877056,lsst,151.4096757604421,2.2962579585514526,170028510548066453,170059308644434039,0,170028510548066453,-2948.4824,131.64049,0,0,0,5358.7593,130.36597,True,2026022500329,80,0.0,1.1121438e-05,9.097017e-06,-9.507776e-12,2247.7546,0.20194407,3263.7427,0.16158943,False,-2673.0227,278.62918,False,False,True,22.156834,,1753.5707,1681,-3012.9175,1.058134,151.40967698394414,,2.2962576482662924,,1.0248622,,-60.462772,,,0,False,,,,,,,,0,False,False,False,8351.04,11.819159,0.28995168,0.20940897,0.027444618,0.25150284,0.20959882,0.02227081,False,False,False,False,0.038900763,0.6194496,False,False,61097.28860170275,,26,False,False,False,False,False,False,False,False,False,False,False,False,False,False,False,False,False,False,False,False,False,g
1,61097.287337721966,lsst,151.4096814932417,2.2962406980302714,170028510548066453,170059308805914745,0,170028510548066453,-3082.215,123.96486,0,0,0,5234.516,122.19825,True,2026022500330,132,0.0,8.375073e-06,8.437907e-06,-1.8590296e-11,2897.0288,0.17003606,784.29846,0.12990175,False,-2959.0247,266.20712,False,False,True,24.649279,,1784.0044,1681,-3072.7126,1.237313,151.4096825476499,,2.296239676016065,,0.89231694,,-35.70593,,,0,False,,,,,,,,0,False,False,False,8340.84,11.010692,0.23459058,0.16438125,0.010827019,0.24241321,0.18963759,0.0034750677,False,False,False,False,0.031158987,0.6678549,False,False,61097.28918813776,,25,False,False,False,False,False,False,False,False,False,False,False,False,False,False,False,False,False,False,False,False,False,g
1,61097.28827171204,lsst,151.40968943033727,2.296248755834029,170028510548066453,170059309073301621,0,170028510548066453,-3300.818,123.57456,0,0,0,5088.4473,121.48956,True,2026022500332,130,0.0,8.110605e-06,7.929043e-06,-8.099869e-12,244.46407,0.15326269,3873.9568,0.13480237,False,-3231.5745,268.58893,False,False,True,26.540422,,1755.7385,1681,-3277.5735,0.37449425,151.40968840255854,,2.2962491023597553,,0.85350966,,-26.486183,,,0,False,,,,,,,,0,False,False,False,8412.767,11.569436,0.2430563,0.19855309,0.024384711,0.21345966,0.19198829,0.0025151824,False,False,False,False,0.03949417,0.7156803,False,False,61097.29009713678,,24,False,False,False,False,False,False,False,False,False,False,False,False,False,False,False,False,False,False,False,False,False,g
1,61097.28873700199,lsst,151.40969079118724,2.2962442595387396,170028510548066453,170059309206995064,0,170028510548066453,-2859.9087,127.127304,0,0,0,5449.7383,124.91167,True,2026022500333,129,0.0,1.0643426e-05,1.0202621e-05,-1.577846e-11,2004.8057,0.20133394,3818.579,0.17288367,False,-2583.0337,270.67847,False,False,True,22.40105,,1545.9199,1681,-2799.078,0.37837365,151.40968879548362,,2.2962448435157063,,0.6747169,,-28.206282,,,0,False,,,,,,,,0,False,False,False,8347.536,9.8673725,0.25898585,0.23354685,0.015271563,0.23138371,0.19399709,0.008409391,False,False,False,False,0.12409687,0.67448705,False,False,61097.29057939442,,25,False,False,False,False,False,False,False,False,False,False,False,False,False,False,False,False,False,False,False,False,False,g
1,61097.29013922624,lsst,151.40967755447937,2.2962541283709506,170028510548066453,170059309604405383,0,170028510548066453,-2719.9495,129.44531,0,0,0,5611.2065,127.83011,True,2026022500336,119,0.0,1.2286868e-05,9.735327e-06,-4.120711e-11,1100.5319,0.23668455,3474.1123,0.15376508,False,-2477.7615,270.4304,False,False,True,20.71376,,1610.9634,1681,-2831.134,3.0842757,151.4096763181773,,2.296254247372872,,1.18441,,-54.490158,,,0,False,,,,,,,,0,False,False,False,8378.27,9.161569,0.3001437,0.16860454,0.018103445,0.25786117,0.1951309,0.0023977915,False,False,False,False,0.006828999,0.6151207,False,False,61097.29215652506,,25,False,False,False,False,False,False,False,False,False,False,False,False,False,False,False,False,False,False,False,False,False,g
1,61097.29107946474,lsst,151.40968921090786,2.296249813393026,170028510548066453,170059309872840823,0,170028510548066453,-2897.7656,124.71081,0,0,0,5517.4404,123.04396,True,2026022500338,119,0.0,9.03259e-06,8.14548e-06,-7.349954e-12,400.22504,0.16559623,1647.583,0.14326528,False,-2640.7876,268.84393,False,False,True,23.074703,,1671.2173,1681,-2819.6704,1.1047935,151.4096888798858,,2.296249703926201,,0.6260286,,-53.42439,,,0,False,,,,,,,,0,False,False,False,8440.491,11.081735,0.19844347,0.1684459,0.00849235,0.21725373,0.18853967,0.018183442,False,False,False,False,0.045561954,0.66727066,False,False,61097.29292052611,,22,False,False,False,False,False,False,False,False,False,False,False,False,False,False,False,False,False,False,False,False,False,g
1,61097.29201705432,lsst,151.4096695220598,2.2962651070839484,170028510548066453,170059310120304752,0,170028510548066453,-3056.8203,132.91556,0,0,0,5294.9395,131.43646,True,2026022500340,79,0.0,9.192913e-06,7.8252615e-06,-7.212884e-12,3312.8872,0.1675976,2833.6465,0.13844083,False,-2985.3228,283.3027,False,False,True,22.885658,,1640.8712,1681,-2905.9312,2.1834452,151.40966599191123,,2.2962669302934233,,0.6644428,,-52.628582,,,0,False,,,,,,,,0,False,False,False,8385.652,11.018755,0.19352086,0.16493905,0.01338389,0.23361494,0.19524072,0.029675977,False,False,False,False,0.13456029,0.65599203,False,False,61097.293715426305,,22,False,False,False,False,False,False,False,False,False,False,False,False,False,False,False,False,False,False,False,False,False,g
4,61097.29998390832,lsst,151.40966919867498,2.296152687052851,170028510548066453,170059312021373064,0,170028510548066453,-3032.1082,465.66217,0,0,0,7967.946,463.5279,True,2026022500354,121,0.0,3.214703e-05,3.6906342e-05,1.7014191e-10,3476.3535,0.55880076,856.2602,0.6821189,False,-6809.292,1191.2362,False,False,True,6.324677,,1734.4338,1681,-3491.2512,43.88611,151.40970563955025,,2.296137867125548,,1.6944156,,-71.61689,,,0,False,,,,,,,,0,False,False,False,11026.694,41.39107,0.5804687,0.3013367,-0.02383588,0.1631569,0.18203826,0.00815019,False,False,False,False,0.999971,0.64506584,False,False,61097.3019063581,,15,False,False,False,False,False,False,False,False,False,False,False,False,False,False,False,False,False,False,False,False,False,z
4,61097.300923855684,lsst,151.4096597429908,2.296254651828167,170028510548066453,170059312268312753,0,170028510548066453,-3590.6255,457.4994,0,0,0,10199.929,452.60745,True,2026022500356,80,0.0,3.302302e-05,2.6914002e-05,-1.263314e-10,1578.0737,0.6055877,3540.6553,0.47118682,False,-6026.851,1160.7189,False,False,True,7.754034,,1670.8927,1681,-4139.9,14.300582,151.4096323841675,,2.296245956405304,,1.7100908,,-28.08709,,,0,False,,,,,,,,0,False,False,False,13948.943,39.089214,0.33396,0.33048278,0.15344217,0.17008,0.17470159,0.0018731368,False,False,False,False,0.97548777,0.6902191,False,False,61097.30278577571,,18,False,False,False,False,False,False,False,False,False,False,False,False,False,False,False,False,False,False,False,False,False,z
2,61097.305671543334,lsst,151.4096644295366,2.29626679268412,170028510548066453,170059313235624081,0,170028510548066453,-2857.4946,179.74983,0,0,0,5793.8345,177.4375,True,2026022500363,133,0.0,1.3358995e-05,1.3540671e-05,-2.3165405e-11,901.4246,0.25718117,2585.2751,0.22607775,False,-3047.5457,403.71515,False,False,True,15.629454,,1664.4512,1681,-2875.621,2.7332366,151.4096615066314,,2.296267416392743,,1.069752,,-19.899162,,,0,False,,,,,,,,0,False,False,False,8617.18,10.918867,0.25611615,0.17830232,0.038305692,0.22249037,0.2058011,0.005926129,False,False,False,False,0.0010953589,0.6266972,False,False,61097.307469164574,,24,False,False,False,False,False,False,False,False,False,False,False,False,False,False,False,False,False,False,False,False,False,r
2,61097.30613740001,lsst,151.4096637616965,2.29626240024816,170028510548066453,170059313369317520,0,170028510548066453,-2592.0383,177.15132,0,0,0,5926.2764,174.27072,True,2026022500364,132,0.0,1.386882e-05,1.3878612e-05,-1.3589269e-11,2888.6492,0.25843266,2722.4314,0.24089512,False,-2473.8838,405.06808,False,False,True,14.504785,,1638.6384,1681,-2473.5208,1.6953588,151.4096628536803,,2.2962628092287947,,0.5809169,,-101.52429,,,0,False,,,,,,,,0,False,False,False,8581.504,11.19416,0.18303177,0.19437818,-0.013572249,0.2305629,0.18480569,-0.0054125623,False,False,False,False,0.04246573,0.58059543,False,False,61097.30795089071,,20,False,False,False,False,False,False,False,False,False,False,False,False,False,False,False,False,False,False,False,False,False,r
2,61097.30660463016,lsst,151.40965841052812,2.2962661886755993,170028510548066453,170059313503535270,0,170028510548066453,-2690.169,177.65512,0,0,0,5841.4727,175.29327,True,2026022500365,132,0.0,1.3786371e-05,1.3663081e-05,-1.7399126e-11,2022.4438,0.25832433,2874.807,0.23545723,False,-2813.0002,404.9529,False,False,True,14.820839,,1665.583,1681,-2664.6106,0.74965733,151.4096532042777,,2.2962668495720497,,0.91478467,,-16.08336,,,0,False,,,,,,,,0,False,False,False,8595.936,11.206649,0.23515132,0.2016575,0.03461039,0.22197773,0.19268784,0.002900572,False,False,False,False,0.014685225,0.6312203,False,False,61097.30854119311,,21,False,False,False,False,False,False,False,False,False,False,False,False,False,False,False,False,False,False,False,False,False,r
2,61097.30754100163,lsst,151.40964887036264,2.296288690341464,170028510548066453,170059313768300686,0,170028510548066453,-2377.5564,173.08821,0,0,0,6046.2095,171.12091,True,2026022500367,125,0.0,1.4328154e-05,1.39187805e-05,-1.8670298e-11,3295.0168,0.26654515,1885.2932,0.2416389,False,-2594.9976,406.30847,False,False,True,13.568527,,1598.757,1681,-2500.9663,2.298741,151.40965018087854,,2.296290441047918,,1.268604,,-13.180338,,,0,False,,,,,,,,0,False,False,False,8448.769,14.769374,0.20051111,0.17639183,0.08297059,0.19081524,0.18311383,0.0022076946,False,False,False,False,0.00029594824,0.5584687,False,False,61097.30930291978,,21,False,False,False,False,False,False,False,False,False,False,False,False,False,False,False,False,False,False,False,False,False,r
2,61097.30894467821,lsst,151.4096493666061,2.2962591096120715,170028510548066453,170059314167808186,0,170028510548066453,-2430.7031,170.4679,0,0,0,6075.8296,168.84727,True,2026022500370,119,0.0,1.4216643e-05,1.39241365e-05,-5.996656e-12,523.9624,0.25807676,3159.9749,0.24862915,False,-2617.803,400.96405,False,False,True,14.19712,,1667.1958,1681,-2299.955,0.35067812,151.40964849596511,,2.296258785403996,,0.4277741,,-43.027946,,,0,False,,,,,,,,0,False,False,False,8507.03,17.656822,0.2064219,0.19448183,0.0050221626,0.19928606,0.18231797,0.0064398376,False,False,False,False,0.0121377725,0.54612345,False,False,61097.310660956035,,22,False,False,False,False,False,False,False,False,False,False,False,False,False,False,False,False,False,False,False,False,False,r
2,61097.30941434331,lsst,151.40968390701303,2.296274299246177,170028510548066453,170059314302025906,0,170028510548066453,-2664.6335,170.49324,0,0,0,5900.844,168.40741,True,2026022500371,119,0.0,1.3872074e-05,1.2501635e-05,-2.0166762e-11,2419.3926,0.25556996,1769.125,0.21842292,False,-2122.706,406.82217,False,False,True,15.319163,,1695.8284,1681,-2583.376,2.218241,151.40967773827043,,2.2962775549535697,,0.7446467,,-50.527615,,,0,False,,,,,,,,0,False,False,False,8579.696,17.153952,0.21306166,0.17047635,0.012839177,0.1936329,0.17871499,0.0047597783,False,False,False,False,0.0041959276,0.6038577,False,False,61097.31125677438,,20,False,False,False,False,False,False,False,False,False,False,False,False,False,False,False,False,False,False,False,False,False,r
2,61097.30988670341,lsst,151.40966745167796,2.296258704125327,170028510548066453,170059314439913638,0,170028510548066453,-2869.697,172.86504,0,0,0,5697.828,170.44243,True,2026022500372,126,0.0,1.3548148e-05,1.3748223e-05,2.1908926e-12,850.3465,0.24336958,2707.158,0.2479351,False,-3214.1238,407.7141,False,False,True,16.489283,,1752.121,1681,-3034.354,2.4333186,151.4096642487852,,2.2962614646943518,,1.1909567,,-29.195753,,,0,False,,,,,,,,0,False,False,False,8611.271,14.286451,0.24659842,0.22235864,0.068017505,0.19863014,0.18687145,0.0056197084,False,False,False,False,0.20213574,0.6458911,False,False,61097.31170057138,,21,False,False,False,False,False,False,False,False,False,False,False,False,False,False,False,False,False,False,False,False,False,r
2,61097.31035608298,lsst,151.40965856825753,2.2962679001400548,170028510548066453,170059314570461352,0,170028510548066453,-2723.917,170.99886,0,0,0,5892.807,169.23376,True,2026022500373,119,0.0,1.1019707e-05,1.546166e-05,4.218875e-11,3930.8286,0.18697767,1958.2067,0.2860498,False,-2875.9573,404.1193,False,False,True,15.833668,,1626.5333,1681,-2922.9285,3.6347814,151.40965727047254,,2.2962650381600556,,1.3012516,,-150.8323,,,0,False,,,,,,,,0,False,False,False,8598.517,17.58103,0.12434186,0.28594938,-0.033642408,0.18249059,0.20387782,0.00787875,False,False,False,False,0.018345024,0.6079953,False,False,61097.31208982594,,22,False,False,False,False,False,False,False,False,False,False,False,False,False,False,False,False,False,False,False,False,False,r
2,61097.311496585244,lsst,151.40966310127723,2.2962707575746344,170028510548066453,170059314866684020,0,170028510548066453,-2572.555,200.6383,0,0,0,6012.966,198.87866,True,2026022500375,172,0.0,1.534731e-05,1.7385473e-05,-3.4082075e-12,360.7337,0.3129033,3216.4668,0.27636036,False,-2402.1992,423.81464,False,False,True,12.583622,,1663.3292,1681,-2603.4937,5.2352686,151.40966467299685,,2.2962646924428274,,0.99359256,,53.878204,,,0,False,,,,,,,,0,False,False,False,8606.367,14.558188,0.18264903,0.21986368,0.0427812,0.27421343,0.26345173,0.012113412,False,False,False,False,0.34611163,0.5891885,False,False,61097.31353233893,,22,False,False,False,False,False,False,False,False,False,False,False,False,False,False,False,False,False,False,False,False,False,r
2,61097.311965470464,lsst,151.40966997592616,2.2962471387878374,170028510548066453,170059315000901743,0,170028510548066453,-2738.3015,208.64339,0,0,0,5812.8047,207.15723,True,2026022500376,172,0.0,2.3768602e-05,2.020925e-05,1.6005e-11,1984.0679,0.36292857,3153.6362,0.42876413,False,-2617.2358,427.3864,False,False,True,13.106103,,1820.1772,1681,-2977.0227,2.1202695,151.40967640603836,,2.2962515881415606,,1.3680574,,65.134254,,,0,False,,,,,,,,0,False,False,False,8572.541,14.132657,0.28410593,0.42485946,0.05500461,0.28967443,0.27841213,0.008090118,False,False,False,False,0.3539554,0.59696686,False,False,61097.3136447733,,23,False,False,False,False,False,False,False,False,False,False,False,False,False,False,False,False,False,False,False,False,False,r
2,61097.31243547288,lsst,151.40968564721177,2.2962526078037224,170028510548066453,170059315135119466,0,170028510548066453,-2581.497,208.2901,0,0,0,5881.0273,207.30463,True,2026022500377,172,0.0,1.8667777e-05,1.9473217e-05,-5.045742e-12,789.0542,0.35073292,1325.5608,0.33579004,False,-2199.4612,426.90063,False,False,True,12.41156,,1697.9333,1681,-2565.962,2.7459757,151.4096927737554,,2.296251399254553,,0.8284081,,-45.994904,,,0,False,,,,,,,,0,False,False,False,8538.215,15.961692,0.24213076,0.22548115,-0.029660897,0.27183247,0.29017007,0.008924286,False,False,False,False,0.17977047,0.5290801,False,False,61097.314166321376,,23,False,False,False,False,False,False,False,False,False,False,False,False,False,False,False,False,False,False,False,False,False,r
2,61097.31290322063,lsst,151.40966045251494,2.2962316714041258,170028510548066453,170059315268812920,0,170028510548066453,-2727.5527,203.7486,0,0,0,5693.422,201.23024,True,2026022500378,171,0.0,1.6514896e-05,2.2692659e-05,-5.3601228e-11,3127.6697,0.4127722,2906.602,0.29124823,False,-2379.1238,427.37933,False,False,True,13.254113,,1613.3405,1681,-2889.7273,0.022533827,151.40966349198658,,2.2962323761476897,,1.2370807,,-19.830616,,,0,False,,,,,,,,0,False,False,False,8492.399,15.43124,0.3630864,0.22274843,-0.01988062,0.27749255,0.26526976,0.008565176,False,False,False,False,0.041841574,0.5612729,False,False,61097.314741855,,23,False,False,False,False,False,False,False,False,False,False,False,False,False,False,False,False,False,False,False,False,False,r
2,61097.31384446165,lsst,151.409664516786,2.29627164183757,170028510548066453,170059315538821272,0,170028510548066453,-2611.3516,192.06432,0,0,0,6007.4336,189.2909,True,2026022500380,174,0.0,2.5614314e-05,3.5151676e-05,-2.0844108e-10,591.34607,0.64953387,484.61053,0.4373068,False,-3184.978,422.37463,False,False,True,13.50874,,1643.9346,1681,-2825.7407,1.6154132,151.40966886062256,,2.2962751352941715,,1.2755967,,-22.566603,,,0,False,,,,,,,,0,False,False,False,8613.465,11.334138,0.399699,0.24748357,-0.012593487,0.2475732,0.2263032,0.011185535,False,False,False,False,0.5474941,0.53297746,False,False,61097.315796148614,,24,False,False,False,False,False,False,False,False,False,False,False,False,False,False,False,False,False,False,False,False,False,r
2,61097.31431433642,lsst,151.4096577109963,2.296226189006136,170028510548066453,170059315667796082,0,170028510548066453,-2673.0872,196.96065,0,0,0,5701.511,195.65817,True,2026022500381,164,0.0,1.5116855e-05,1.635902e-05,-1.7272144e-11,483.85565,0.2979762,2889.1768,0.26843,False,-2774.72,427.93063,False,False,True,13.37041,,1667.7611,1681,-2895.5293,5.9930625,151.40966270536515,,2.2962233626364585,,1.383855,,18.503628,,,0,False,,,,,,,,0,False,False,False,8426.027,22.116337,0.2877797,0.2505184,0.09415938,0.27963835,0.22619703,0.004336434,False,False,False,False,0.02572374,0.57630724,False,False,61097.31602492304,,23,False,False,False,False,False,False,False,False,False,False,False,False,False,False,False,False,False,False,False,False,False,r
2,61097.31525257744,lsst,151.40968901758637,2.2962522405013734,170028510548066453,170059315935707277,0,170028510548066453,-3069.1309,198.42238,0,0,0,5400.1055,195.74168,True,2026022500383,163,0.0,1.4786119e-05,1.8229011e-05,-7.672051e-11,2975.8489,0.3466253,1978.4259,0.24169502,False,-3218.2898,432.06995,False,False,True,15.296775,,1692.3363,1681,-3417.2078,0.3234034,151.4096924472436,,2.2962540388894177,,1.4954845,,-42.150772,,,0,False,,,,,,,,0,False,False,False,8582.343,22.695724,0.41470656,0.22258352,-0.057203796,0.2702329,0.23267123,0.0063105943,False,False,False,False,0.36186504,0.62772,False,False,61097.3170136246,,25,False,False,False,False,False,False,False,False,False,False,False,False,False,False,False,False,False,False,False,False,False,r
2,61097.31572252775,lsst,151.4096657463953,2.296306733800619,170028510548066453,170059316071497846,0,170028510548066453,-2875.4377,207.54234,0,0,0,5605.9136,206.8276,True,2026022500384,166,0.0,2.8499684e-05,3.7654867e-05,-5.1646254e-10,2513.2473,0.74519145,203.63324,0.40958548,False,-3302.8853,434.2523,False,False,True,13.804836,,1754.6307,1681,-3265.1675,1.060882,151.40967401545396,,2.2962877078514174,,1.5566744,,-30.354715,,,0,False,,,,,,,,0,False,False,False,8535.2,16.116486,0.50636303,0.269063,-0.0021642428,0.2852873,0.26232633,0.013933961,False,False,False,False,0.6946603,0.65998113,False,False,61097.31735610115,,25,False,False,False,False,False,False,False,False,False,False,False,False,False,False,False,False,False,False,False,False,False,r
3,61097.32533784948,lsst,151.40969402977254,2.2962365596967453,170028510548066453,170059318308110459,0,170028510548066453,-2806.4949,363.34814,0,0,0,7430.58,363.55704,False,2026022500401,80,,3.1245272e-05,4.211168e-05,2.7272473e-10,1601.4521,0.53779644,3545.2424,0.77582717,False,-3496.8523,737.58417,False,False,True,7.611237,,1641.6073,1681,-3151.785,57.443188,151.4096935307365,,2.296227155101976,,2.0336137,,-125.474625,,,0,False,,,,,,,,0,False,False,False,10269.4795,10.616984,0.21179149,0.34848368,-0.24752216,0.28132415,0.30006164,0.025744386,False,False,False,False,0.009540131,0.5238268,False,False,61131.90526700945,,22,False,False,False,False,False,False,False,False,False,False,False,False,False,False,False,False,False,False,False,False,False,i
2,61098.272696955464,lsst,151.40967235271586,2.2962597018364677,170028510548066453,170063723602378916,0,170028510548066453,-2656.664,155.04234,0,0,0,5832.0234,153.83882,True,2026022600455,80,0.0,1.0152817e-05,1.192241e-05,1.0229351e-12,2271.3987,0.18284687,1747.7006,0.21457039,False,-2750.924,420.86337,False,False,True,16.981756,,1780.608,1681,-2760.9197,2.5218556,151.4096700470143,,2.296259963930239,,0.8780092,,-55.88494,,,0,False,,,,,,,,0,False,False,False,8517.036,41.66027,0.16715972,0.1361792,0.033161055,0.12710859,0.15556532,0.018242897,False,False,False,False,0.018714415,0.65343267,False,False,61098.27421210713,,18,False,False,False,False,False,False,False,False,False,False,False,False,False,False,False,False,False,False,False,False,False,r
2,61098.27316592858,lsst,151.40970140463943,2.296238253366632,170028510548066453,170063723735023747,0,170028510548066453,-2505.8655,162.12148,0,0,0,5763.546,158.58528,True,2026022600456,77,0.0,1.003587e-05,1.1675394e-05,-9.187736e-13,681.3742,0.18078537,1421.4169,0.21013193,False,-1984.9962,422.79694,False,False,True,15.267366,,1644.5682,1681,-2549.3413,4.957651,151.40969725791535,,2.296236018556407,,0.85708266,,-19.168789,,,0,False,,,,,,,,0,False,False,False,8274.856,45.496113,0.11378326,0.17071383,0.02028172,0.15396555,0.15886347,0.026311247,False,False,False,False,0.031586487,0.6312197,False,False,61098.274743333895,,19,False,False,False,False,False,False,False,False,False,False,False,False,False,False,False,False,False,False,False,False,False,r
1,61105.117474815896,lsst,151.40969223425833,2.29624265960072,170028510548066453,170094457620791375,0,170028510548066453,-3450.2385,342.6808,0,0,0,4816.615,348.80325,True,2026030500065,152,0.0,3.812235e-05,3.227901e-05,-6.583534e-10,1707.263,0.42521408,1087.3542,0.792403,False,-3232.0479,819.15,False,False,True,10.130122,,1648.7087,1681,-4039.342,13.618417,151.4096976002827,,2.2962365183493922,,1.6722367,,-43.368298,,,0,False,,,,,,,,0,False,False,False,8306.595,17.053644,0.13218287,0.41736612,-0.053808317,0.19596161,0.2339071,-0.003287197,False,False,False,False,0.34073463,0.5894276,False,False,61105.118939359,,22,False,False,False,False,False,False,False,False,False,False,False,False,False,False,False,False,False,False,False,False,False,g
4,61106.24814233878,lsst,151.4096780147314,2.2962748533595847,170028510548066453,170098889077555363,0,170028510548066453,-3210.549,461.99612,0,0,0,10668.448,460.03186,True,2026030600314,133,0.0,2.6855618e-05,2.6885766e-05,-2.7986638e-13,1557.6055,0.4839401,2607.9937,0.48384625,False,-3355.0881,1172.6655,False,False,True,6.94738,,1655.1415,1681,-3310.0718,23.915049,151.40968008647263,,2.296281401766408,,1.1803066,,12.964115,,,0,False,,,,,,,,0,False,False,False,13994.375,47.87028,0.14552066,0.17246114,0.07176721,0.17791307,0.16431813,0.023889294,False,False,False,False,0.02126811,0.5280924,False,False,61106.24980812873,,15,False,False,False,False,False,False,False,False,False,False,False,False,False,False,False,False,False,False,False,False,False,z
2,61108.08591622555,lsst,151.40964906203962,2.2962492895623434,170028510548066453,170107660763922603,0,170028510548066453,-2465.5376,212.74368,0,0,0,6063.326,211.32523,True,2026030800132,173,0.0,1.7766393e-05,2.0071657e-05,1.7306441e-11,2434.2168,0.36272573,2150.1943,0.31840017,False,-2484.948,492.7815,False,False,True,11.572504,,1583.9551,1681,-2448.6038,3.8592405,151.40965113616159,,2.296248280046999,,0.83424675,,-26.495749,,,0,False,,,,,,,,0,False,False,False,8537.727,10.945435,0.21228145,0.19574746,-0.030530388,0.21918714,0.20450054,0.0033205647,False,False,False,False,0.0072134715,0.522647,False,False,61108.087670819295,,21,False,False,False,False,False,False,False,False,False,False,False,False,False,False,False,False,False,False,False,False,False,r
2,61108.08638488848,lsst,151.40970902412553,2.2962692467875665,170028510548066453,170107660898140342,0,170028510548066453,-2938.065,211.2283,0,0,0,5454.9805,209.43611,True,2026030800133,173,0.0,1.492049e-05,1.6004262e-05,4.689886e-12,522.4392,0.2884077,3602.6462,0.2684754,False,-2975.277,491.52957,False,False,True,13.757143,,1659.1722,1681,-2904.8708,1.5227445,151.4097105915769,,2.296271309969024,,0.75343394,,59.313305,,,0,False,,,,,,,,0,False,False,False,8385.834,10.909075,0.20266682,0.21396449,0.02470792,0.21179251,0.20679037,0.0015353676,False,False,False,False,0.00011384238,0.6173764,False,False,61108.08807824501,,22,False,False,False,False,False,False,False,False,False,False,False,False,False,False,False,False,False,False,False,False,False,r
1,61109.1447367893,lsst,151.40966294027,2.296263044056269,170028510548066453,170112044578111590,0,170028510548066453,-3206.1536,232.61732,0,0,0,5218.3413,236.05818,True,2026030900026,163,0.0,1.7833492e-05,1.7952063e-05,-1.7828062e-11,413.92075,0.33104166,1091.1084,0.31311724,False,-2794.4543,434.7839,False,False,True,13.616331,,1795.1582,1681,-3544.171,15.455569,151.4096618435158,,2.2962634714295787,,1.2625314,,-88.85892,,,0,False,,,,,,,,0,False,False,False,8475.5205,8.066318,0.29638615,0.3049674,-0.0759959,0.4092867,0.37502623,-0.10083076,False,False,False,False,0.41371375,0.56826156,False,False,61109.14645933786,,29,False,False,False,False,False,False,False,False,False,False,False,False,False,False,False,False,False,False,False,False,False,g
1,61135.002821534836,lsst,151.4096977511036,2.296268649651774,170028510548066453,170226393647415403,0,170028510548066453,-3381.5073,214.96991,0,0,0,5041.567,217.84454,True,2026040400025,152,0.0,1.3155039e-05,1.35721575e-05,1.5568031e-11,36.725792,0.25149953,3566.5405,0.2292817,False,-3206.776,430.44574,False,False,True,15.45455,,1705.41,1681,-3256.3093,3.3378093,151.40969933660836,,2.296270394356402,,0.8610131,,95.99809,,,0,False,,,,,,,,0,False,False,False,8470.06,11.537301,0.17531082,0.21026692,0.029250022,0.31867188,0.25500545,0.0059840577,False,False,False,False,0.537648,0.56973493,False,False,61135.004206183425,,26,False,False,False,False,False,False,False,False,False,False,False,False,False,False,False,False,False,False,False,False,False,g
2,61136.020365587145,lsst,151.40967209847034,2.2962633164469315,170028510548066453,170230797062635638,0,170028510548066453,-2971.1313,232.87234,0,0,0,5550.0093,233.06007,True,2026040500065,152,0.0,1.5712827e-05,1.6142194e-05,7.06078e-11,706.53656,0.32449487,3626.7378,0.24355806,False,-2586.2056,500.432,False,False,True,12.487928,,1760.7257,1681,-2938.0576,11.469155,151.4096730454217,,2.2962554480007293,,1.1568272,,70.76289,,,0,False,,,,,,,,0,False,False,False,8587.32,10.033548,0.22449584,0.15108946,0.05616537,0.25838834,0.23493144,0.004845621,False,False,False,False,0.29649764,0.5023606,False,False,61136.0219541436,,22,False,False,False,False,False,False,False,False,False,False,False,False,False,False,False,False,False,False,False,False,False,r
2,61136.02083357939,lsst,151.40969383096623,2.2962622210476007,170028510548066453,170230797196853369,0,170028510548066453,-3197.8535,220.64468,0,0,0,5304.1406,220.88208,True,2026040500066,152,0.0,1.5291811e-05,1.5376227e-05,4.9774325e-12,1092.8553,0.27912754,1678.5364,0.27314597,False,-3974.5986,497.3416,False,False,True,14.30016,,1683.775,1681,-3024.8757,1.530191,151.4096966346919,,2.296262897341979,,0.71430945,,120.40305,,,0,False,,,,,,,,0,False,False,False,8559.819,12.024639,0.19043441,0.23341683,0.0069805873,0.23568472,0.201398,0.0020578117,False,False,False,False,0.004999396,0.6323026,False,False,61136.02229801577,,23,False,False,False,False,False,False,False,False,False,False,False,False,False,False,False,False,False,False,False,False,False,r
3,61137.070780076116,lsst,151.4096615228743,2.2962344876625735,170028510548066453,170235204234379397,0,170028510548066453,-3072.187,265.6313,0,0,0,7128.2803,262.8804,True,2026040600133,149,0.0,1.7293702e-05,1.6626678e-05,8.51714e-11,2688.8481,0.3482179,3703.252,0.25584903,False,-2545.343,658.4019,False,False,True,11.453964,,1640.2955,1681,-3152.2546,6.1205034,151.4096652481588,,2.2962364022505826,,1.1311104,,34.208088,,,0,False,,,,,,,,0,False,False,False,10222.356,13.783595,0.24667,0.13613033,-0.031035658,0.18853587,0.17173646,-0.01654786,False,False,False,False,0.01747585,0.5751471,False,False,61137.07230344988,,21,False,False,False,False,False,False,False,False,False,False,False,False,False,False,False,False,False,False,False,False,False,i
1,61137.073734785445,lsst,151.4097039452956,2.296236954179389,170028510548066453,170235204493901913,0,170028510548066453,-3384.2583,191.10698,0,0,0,4791.7964,193.31847,True,2026040600135,132,0.0,1.3212465e-05,1.3489442e-05,-3.6657368e-11,3880.259,0.2639958,1290.4154,0.21408032,False,-3633.6838,395.5289,False,False,True,17.456684,,1686.6769,1681,-3434.2483,1.1905622,151.40970514281136,,2.296240830875211,,1.2090719,,-40.142834,,,0,False,,,,,,,,0,False,False,False,8238.8955,6.9627285,0.35788777,0.21951783,0.0050681178,0.25980836,0.26645878,0.018901538,False,False,False,False,0.060230475,0.66715413,False,False,61137.07528055391,,25,False,False,False,False,False,False,False,False,False,False,False,False,False,False,False,False,False,False,False,False,False,g
1,61137.07420891705,lsst,151.40968024210332,2.2962482572111784,170028510548066453,170235204628643935,0,170028510548066453,-3529.546,207.59348,0,0,0,4879.39,211.30368,True,2026040600136,133,0.0,1.3716582e-05,1.3708394e-05,-3.2647003e-11,420.58328,0.26734525,794.7519,0.22438408,False,-3534.8044,401.90057,False,False,True,16.748318,,1651.9697,1681,-3435.6877,2.1951327,151.40968454098734,,2.296248496773314,,1.0339621,,-57.097298,,,0,False,,,,,,,,0,False,False,False,8449.631,9.500785,0.3000953,0.2092884,-0.019945279,0.31163192,0.29876858,0.022887116,False,False,False,False,0.18855396,0.6168897,False,False,61137.0755785502,,27,False,False,False,False,False,False,False,False,False,False,False,False,False,False,False,False,False,False,False,False,False,g
1,61137.108048389426,lsst,151.40968756397623,2.2962795772854543,170028510548066453,170235208518860885,0,170028510548066453,-2971.9822,226.4618,0,0,0,5295.135,230.05019,True,2026040600165,129,0.0,1.9420198e-05,1.9946152e-05,4.0208663e-11,2912.0752,0.33479655,3285.8894,0.372802,False,-3179.6836,467.11926,False,False,True,13.13982,,1612.3322,1681,-2818.0337,0.1580025,151.40968792580512,,2.2962815862542283,,0.60606277,,8.222208,,,0,False,,,,,,,,0,False,False,False,8373.447,8.740626,0.27743945,0.29340363,0.013645427,0.26223764,0.26113003,0.019159542,False,False,False,False,0.05240332,0.59483236,False,False,61137.109601962205,,23,False,False,False,False,False,False,False,False,False,False,False,False,False,False,False,False,False,False,False,False,False,g
3,61137.11101235982,lsst,151.40966151367346,2.2962704315343325,170028510548066453,170235208809316476,0,170028510548066453,-3008.449,285.5833,0,0,0,7327.5195,283.0604,True,2026040600167,171,0.0,2.0810108e-05,2.7391645e-05,-3.5858823e-11,3997.3977,0.49434316,1911.1943,0.37320668,False,-2833.1404,641.93085,False,False,True,10.482335,,1601.8949,1681,-3072.225,5.245334,151.40965658458595,,2.2962565202937495,,1.1146417,,21.633371,,,0,False,,,,,,,,0,False,False,False,10431.791,12.4783,0.28082687,0.21511042,0.048853077,0.23288293,0.2013939,0.0048554633,False,False,False,False,0.103750356,0.51669985,False,False,61137.11238021206,,21,False,False,False,False,False,False,False,False,False,False,False,False,False,False,False,False,False,False,False,False,False,i
1,61137.1684370451,lsst,151.40968472295776,2.296263731827427,170028510548066453,170235219390496835,0,170028510548066453,-3398.8108,287.03537,0,0,0,4893.3457,293.8238,True,2026040600246,129,0.0,2.3234732e-05,2.045538e-05,-2.0772799e-10,1091.6198,0.47470272,2349.3508,0.29170328,False,-1945.7168,571.7441,False,False,True,11.652036,,1686.7029,1681,-3647.651,20.474163,151.40968861161195,,2.2962646698824374,,1.6565996,,-28.33044,,,0,False,,,,,,,,0,False,False,False,8422.852,7.100114,0.38171497,0.19154039,0.11222705,0.3357647,0.27796993,0.013681767,False,False,False,False,0.032815248,0.51898384,False,False,61137.16981789403,,25,False,False,False,False,False,False,False,False,False,False,False,False,False,False,False,False,False,False,False,False,False,g
1,61137.16890552254,lsst,151.40965218353918,2.2962196729856026,170028510548066453,170235219524714561,0,170028510548066453,-3669.4175,276.3679,0,0,0,4511.429,283.90466,True,2026040600247,129,0.0,1.9901856e-05,1.7265054e-05,-1.1961422e-10,1933.8414,0.39281785,2017.7532,0.26560986,False,-3338.903,571.8354,False,False,True,13.082292,,1818.268,1681,-3770.077,7.405337,151.40965086636808,,2.2962194029342333,,1.3167169,,-65.58457,,,0,False,,,,,,,,0,False,False,False,8229.947,6.8147273,0.34325895,0.18091941,-0.027610881,0.31939068,0.25378275,0.0061089103,False,False,False,False,0.050990965,0.64318746,False,False,61137.17020143014,,24,False,False,False,False,False,False,False,False,False,False,False,False,False,False,False,False,False,False,False,False,False,g
2,61138.07679047523,lsst,151.40967175275148,2.2962664356596996,170028510548066453,170239611012907199,0,170028510548066453,-2912.3774,174.43402,0,0,0,5666.7173,172.81744,False,2026040700198,164,,1.244955e-05,1.2614162e-05,-4.7834605e-12,1000.4205,0.22930905,512.3969,0.22197306,False,-2767.6904,422.4217,False,False,True,16.499289,,1626.8301,1681,-2977.7278,0.8026091,151.40967382320744,,2.296264468082798,,0.9031395,,-97.592445,,,0,False,,,,,,,,0,False,False,False,8607.713,16.744413,0.17914772,0.22454947,-0.0300761,0.19352193,0.17111808,-0.0055923006,False,False,False,False,0.05099154,0.6591178,False,False,61146.5333892306,,20,False,False,False,False,False,False,False,False,False,False,False,False,False,False,False,False,False,False,False,False,False,r
1,61139.07159420273,lsst,151.40971230051474,2.2962422698251066,170028510548066453,170244000071549096,0,170028510548066453,-3545.9868,118.54795,0,0,0,4555.0503,116.322235,True,2026040800131,173,0.0,6.4141186e-06,6.715436e-06,-1.6902257e-13,1107.4807,0.120853394,3773.4258,0.11555145,False,-3142.4492,275.4464,False,False,True,29.01089,,1668.0471,1681,-3403.922,0.70830905,151.40971246892798,,2.296243254725479,,0.49208316,,-27.28491,,,0,False,,,,,,,,0,False,False,False,8145.433,14.241289,0.17154326,0.15813023,-0.008039945,0.18099943,0.17541265,0.0030909707,False,False,False,False,0.024778757,0.7071638,False,False,61139.07295216416,,23,False,False,False,False,False,False,False,False,False,False,False,False,False,False,False,False,False,False,False,False,False,g
3,61139.07326496988,lsst,151.40968641329206,2.296283731494609,170028510548066453,170244000207339703,0,170028510548066453,-2695.2659,219.47778,0,0,0,7532.348,216.27296,True,2026040800132,176,0.0,1.7023338e-05,1.633073e-05,-5.151816e-13,161.06548,0.29403678,1065.4617,0.30694833,False,-2432.955,589.7528,False,False,True,12.293368,,1587.9899,1681,-2811.7666,1.4097526,151.4096888243751,,2.296285119352495,,0.7141044,,36.49759,,,0,False,,,,,,,,0,False,False,False,10358.082,16.378971,0.16142078,0.14638047,0.021859542,0.14602685,0.15553145,0.005089138,False,False,False,False,0.0016174786,0.6468453,False,False,61139.0748100628,,18,False,False,False,False,False,False,False,False,False,False,False,False,False,False,False,False,False,False,False,False,False,i
3,61139.07372735861,lsst,151.40966659464797,2.2962753400746365,170028510548066453,170244000341033109,0,170028510548066453,-2933.1177,226.62558,0,0,0,7325.0034,222.4009,True,2026040800133,175,0.0,1.3439187e-05,1.155641e-05,1.502272e-12,3962.6829,0.20806913,2529.4485,0.24240057,False,-1880.3533,587.3985,False,False,True,12.787611,,1828.2864,1681,-3036.2524,8.24792,151.40967055709237,,2.2962788899517697,,0.9986803,,-59.572456,,,0,False,,,,,,,,0,False,False,False,10302.487,13.649428,0.09755481,0.14197034,-0.04664242,0.15685092,0.16784088,-0.003044449,False,False,False,False,0.24413857,0.5542472,False,False,61139.07521419976,,18,False,False,False,False,False,False,False,False,False,False,False,False,False,False,False,False,False,False,False,False,False,i
2,61140.07950105879,lsst,151.40966737830908,2.296261750118346,170028510548066453,170248393421488238,0,170028510548066453,-3149.882,206.42467,0,0,0,5452.5356,205.66328,True,2026040900096,175,0.0,1.80785e-05,1.6192922e-05,3.1336203e-12,2598.9146,0.29140332,1292.2448,0.3259497,False,-4301.6387,442.7298,False,False,True,15.02476,,1710.1619,1681,-3283.3677,3.0882974,151.40966138360122,,2.296260826996485,,1.348679,,-88.46465,,,0,False,,,,,,,,0,False,False,False,8660.544,10.3787985,0.30959728,0.47826532,-0.012852769,0.22742863,0.23595476,0.0068717855,False,False,False,False,0.941827,0.6404312,False,False,61140.0810056224,,25,False,False,False,False,False,False,False,False,False,False,False,False,False,False,False,False,False,False,False,False,False,r
4,61140.0817355721,lsst,151.40967153737103,2.296235921647728,170028510548066453,170248393684156540,0,170028510548066453,-3762.2688,449.6504,0,0,0,9827.024,447.0962,True,2026040900098,164,0.0,2.3676574e-05,2.4627034e-05,-2.6018741e-11,552.84326,0.44776237,2285.8472,0.42225268,False,-4194.9736,1165.0392,False,False,True,8.411637,,1755.4545,1681,-3691.1633,14.451429,151.4096647336848,,2.2962378508975383,,0.9559067,,-28.830206,,,0,False,,,,,,,,0,False,False,False,13791.257,50.284595,0.20117734,0.11365211,-0.0063472674,0.15814003,0.15767513,0.0032556755,False,False,False,False,3.8525224e-05,0.62875146,False,False,61140.08309708597,,16,False,False,False,False,False,False,False,False,False,False,False,False,False,False,False,False,False,False,False,False,False,z
3,61140.10596921078,lsst,151.40964915741463,2.296262204972202,170028510548066453,170248400592699514,0,170028510548066453,-2974.9006,278.88763,0,0,0,7337.7837,275.9374,True,2026040900150,29,0.0,1.7248532e-05,1.7186827e-05,2.5631654e-12,2610.4585,0.30885893,1795.4745,0.31169105,False,-3726.523,684.3139,False,False,True,10.324834,,1646.6525,1681,-2796.5696,11.69705,151.40965222349385,,2.296259210894845,,0.49394774,,-13.833272,,,0,False,,,,,,,,0,False,False,False,10399.795,12.858725,0.15452372,0.14058898,0.007987087,0.17716196,0.19743672,0.002470428,False,False,False,False,0.19048192,0.5942409,False,False,61140.107503881605,,20,False,False,False,False,False,False,False,False,False,False,False,False,False,False,False,False,False,False,False,False,False,i
2,61140.130317103256,lsst,151.40964807006515,2.2962673120618176,170028510548066453,170248407572021356,0,170028510548066453,-3155.4055,243.9507,0,0,0,5393.477,246.26508,True,2026040900202,29,0.0,2.0226857e-05,2.217022e-05,-1.7485002e-10,2612.9067,0.45222223,1803.489,0.2964229,False,-3502.2083,467.78372,False,False,True,12.738671,,1619.5574,1681,-3245.3735,3.7724402,151.4096449942738,,2.296270796500457,,1.416806,,-24.823973,,,0,False,,,,,,,,0,False,False,False,8657.507,8.8888445,0.38483948,0.20706818,0.045191605,0.32102513,0.30037794,0.008551718,False,False,False,False,0.017380964,0.5514942,False,False,61140.13167264105,,25,False,False,False,False,False,False,False,False,False,False,False,False,False,False,False,False,False,False,False,False,False,r
2,61142.06767881721,lsst,151.40969449387663,2.2962665643120252,170028510548066453,170257199852945560,0,170028510548066453,-3163.76,225.78888,0,0,0,5329.449,226.69914,True,2026041100173,182,0.0,1.607229e-05,1.6494589e-05,1.8763104e-11,488.31003,0.30421805,1247.9017,0.2821913,False,-2779.7332,474.06766,False,False,True,14.042058,,1694.8783,1681,-3253.5562,7.040433,151.40969870915467,,2.296254623985007,,1.204027,,4.44595,,,0,False,,,,,,,,0,False,False,False,8577.466,13.473066,0.24551047,0.17792425,-0.063732974,0.24384512,0.2691256,0.013191479,False,False,False,False,0.17776962,0.610458,False,False,61142.06902201271,,23,False,False,False,False,False,False,False,False,False,False,False,False,False,False,False,False,False,False,False,False,False,r
2,61142.068144634446,lsst,151.40969459866525,2.2962122634204145,170028510548066453,170257199971434644,0,170028510548066453,-3032.5947,209.07121,0,0,0,5108.2593,209.36357,False,2026041100174,152,,1.6778456e-05,1.6746604e-05,-2.0831037e-12,1798.9517,0.30081254,2855.0984,0.30309084,False,-3284.4458,441.95776,False,False,True,14.558504,,1680.0276,1681,-3022.3623,4.109443,151.4096944819719,,2.296208074019452,,1.0221361,,-7.2516036,,,0,False,,,,,,,,0,False,False,False,8221.115,9.625542,0.26090148,0.2430495,-0.0475682,0.24303187,0.2496374,0.002203797,False,False,False,False,0.0032289398,0.6399936,False,False,61150.74603595458,,23,False,False,False,False,False,False,False,False,False,False,False,False,False,False,False,False,False,False,False,False,False,r
1,61143.05462909156,lsst,151.40970469370333,2.296249147144229,170028510548066453,170261592648712326,0,170028510548066453,-3262.731,165.20078,0,0,0,5018.056,165.54565,True,2026041200134,151,0.0,1.1575539e-05,1.1331507e-05,-5.391588e-12,967.6094,0.20134345,3789.0593,0.21098268,False,-2983.2053,333.38834,False,False,True,19.638546,,1732.5206,1681,-3148.678,2.3888526,151.40970640210898,,2.296249686586417,,0.87726927,,-18.884937,,,0,False,,,,,,,,0,False,False,False,8372.165,7.9132776,0.230191,0.24115966,-0.03441012,0.23571233,0.25828758,0.008309918,False,False,False,False,0.012901821,0.6374427,False,False,61143.05614171988,,25,False,False,False,False,False,False,False,False,False,False,False,False,False,False,False,False,False,False,False,False,False,g
1,61143.05509199848,lsst,151.40969317300468,2.296269240974106,170028510548066453,170261592798134420,0,170028510548066453,-3352.041,155.05838,0,0,0,4950.291,155.73186,True,2026041200135,180,0.0,9.510666e-06,9.342016e-06,-2.4286933e-12,2464.8608,0.1668791,2119.7083,0.17256436,False,-2773.568,339.6744,False,False,True,21.631641,,1672.6927,1681,-3157.7708,0.7319028,151.40969211047448,,2.296268806147782,,0.5928545,,76.775444,,,0,False,,,,,,,,0,False,False,False,8410.686,10.592784,0.18713596,0.19160926,0.015183639,0.20448852,0.21238737,-0.0029460236,False,False,False,False,0.04269052,0.69787884,False,False,61143.05641514048,,22,False,False,False,False,False,False,False,False,False,False,False,False,False,False,False,False,False,False,False,False,False,g
3,61145.12625996198,lsst,151.40969737454517,2.296266979685013,170028510548066453,170270398147985504,0,170028510548066453,-3412.246,308.68005,0,0,0,6921.5464,306.83987,True,2026041400204,172,0.0,2.284722e-05,2.2905508e-05,-3.821385e-13,550.2521,0.41228494,2200.4163,0.41165614,False,-3520.8662,694.73206,False,False,True,11.041362,,1701.0646,1681,-3461.8188,2.8843894,151.4096968202266,,2.296258378615897,,0.9761262,,59.57295,,,0,False,,,,,,,,0,False,False,False,10376.52,13.018694,0.20123824,0.26410997,0.030900866,0.25498423,0.2296158,-0.016313884,False,False,False,False,0.009523734,0.5950562,False,False,61145.12763247796,,22,False,False,False,False,False,False,False,False,False,False,False,False,False,False,False,False,False,False,False,False,False,i
3,61145.12672389548,lsst,151.40965240162092,2.2962679372615815,170028510548066453,170270398283251841,0,170028510548066453,-3200.1235,306.80887,0,0,0,7097.9604,304.3988,True,2026041400205,174,0.0,2.3076047e-05,2.0194308e-05,2.5756432e-11,2918.204,0.36131087,2640.8179,0.41809854,False,-3009.1968,703.3634,False,False,True,10.491875,,1662.0681,1681,-3337.8892,19.023584,151.40965383656672,,2.296268000314937,,1.1380833,,-100.2585,,,0,False,,,,,,,,0,False,False,False,10396.577,14.434951,0.121432036,0.2506677,-0.0020718318,0.24291404,0.20181514,-0.004396604,False,False,False,False,0.1380596,0.6286539,False,False,61145.12807328656,,21,False,False,False,False,False,False,False,False,False,False,False,False,False,False,False,False,False,False,False,False,False,i
1,61145.13363716459,lsst,151.4096713644311,2.2962335709076993,170028510548066453,170270399221727298,0,170028510548066453,-3364.3438,163.4226,0,0,0,4975.6885,164.51918,True,2026041400212,172,0.0,1.2348061e-05,1.4404261e-05,5.447397e-13,1243.1814,0.2591504,2809.1194,0.22239192,False,-3135.1885,283.09256,False,False,True,20.51587,,1755.6343,1681,-3345.1357,2.9114122,151.4096731591739,,2.296234933231804,,1.0362703,,-20.585188,,,0,False,,,,,,,,0,False,False,False,8430.1045,6.063863,0.37652305,0.3049209,-0.032684788,0.39443776,0.3589124,-0.0154410675,False,False,False,False,0.08222161,0.60654247,False,False,61145.13499581302,,29,False,False,False,False,False,False,False,False,False,False,False,False,False,False,False,False,False,False,False,False,False,g
1,61145.134102530545,lsst,151.40966132981393,2.2962517089358134,170028510548066453,170270399355420737,0,170028510548066453,-3592.012,181.79941,0,0,0,4860.346,186.86516,True,2026041400213,171,0.0,1.4938231e-05,1.5783608e-05,-1.1002929e-12,4021.8132,0.28399,2808.9006,0.26899433,False,-3358.1938,291.93484,False,False,True,19.649975,,1720.2214,1681,-3453.202,1.438505,151.40965808573196,,2.296253466865443,,0.6855752,,-43.619396,,,0,False,,,,,,,,0,False,False,False,8609.452,5.4653544,0.44383392,0.43847036,-0.019936025,0.48598814,0.44877836,-0.004496696,False,False,False,False,0.036135435,0.5573237,False,False,61145.13555630727,,34,False,False,False,False,False,False,False,False,False,False,False,False,False,False,False,False,False,False,False,False,False,g
2,61146.198612089676,lsst,151.40970156363502,2.2962470798460326,170028510548066453,170274793450897531,0,170028510548066453,-3770.0608,277.59302,0,0,0,4783.145,282.96893,True,2026041500184,59,0.0,2.553808e-05,2.3304821e-05,6.0800476e-11,2001.045,0.4088296,3771.237,0.4691343,False,-4117.9478,464.63666,False,False,True,13.495848,,1672.8229,1681,-3824.8274,0.7599061,151.40969873133668,,2.2962435676153627,,1.230395,,-112.80078,,,0,False,,,,,,,,0,False,False,False,8697.072,6.7333107,0.4305952,0.5667481,-0.0028517467,0.44359922,0.4524616,-0.056841,False,False,False,False,0.13331552,0.56302434,False,False,61146.200141411886,,31,False,False,False,False,False,False,False,False,False,False,False,False,False,False,False,False,False,False,False,False,False,r
3,61151.02863626485,lsst,151.40965909830402,2.296270384919104,170028510548066453,170296772195778724,0,170028510548066453,-2754.0178,244.00124,0,0,0,7525.5317,238.23096,True,2026042000098,164,0.0,1.4767039e-05,1.3977581e-05,2.0200359e-11,952.603,0.24394937,3073.3806,0.27325705,False,-4163.819,680.31866,False,False,True,11.058485,,1555.2227,1681,-2605.6328,5.49176,151.40965893135422,,2.2962682556354075,,0.59155095,,-82.11949,,,0,False,,,,,,,,0,False,False,False,10302.96,22.76696,0.1157432,0.123407096,-0.015230697,0.11486663,0.14581944,0.00541802,False,False,False,False,0.022028038,0.60892195,False,False,61151.03008587663,,16,False,False,False,False,False,False,False,False,False,False,False,False,False,False,False,False,False,False,False,False,False,i
6,61151.03058075915,lsst,151.40967309310875,2.2962948415174953,170028510548066453,170296772325802052,0,170028510548066453,-2927.5876,243.647,0,0,0,3662.5574,235.6853,True,2026042000099,156,0.0,1.6787866e-05,1.5797877e-05,1.14336124e-10,714.8359,0.35142073,935.4314,0.22049597,False,-2577.4302,550.50903,False,False,True,11.734795,,1701.61,1681,-2935.8132,7.712578,151.40967287407426,,2.296294463015818,,1.0475955,,32.558346,,,0,False,,,,,,,,0,False,False,False,6765.7637,54.82674,0.19985016,0.10751592,-0.029974164,0.20659328,0.1520987,0.0008646918,False,False,False,False,0.08766553,0.5546164,False,False,61151.03189955309,,19,False,False,False,False,False,False,False,False,False,False,False,False,False,False,False,False,False,False,False,False,False,u
6,61151.031139796505,lsst,151.40966374061975,2.29628892871485,170028510548066453,170296772456349765,0,170028510548066453,-3095.1177,231.53346,0,0,0,3505.903,224.47919,True,2026042000100,149,0.0,1.4361109e-05,1.43049765e-05,2.7581592e-11,1231.7225,0.27465424,1638.5369,0.23988059,False,-2097.481,526.1691,False,False,True,13.279017,,1682.4955,1681,-3037.3955,8.224341,151.40966294596203,,2.2962903589793773,,0.72226375,,19.996525,,,0,False,,,,,,,,0,False,False,False,6728.531,64.687706,0.16705838,0.13787512,-0.018693896,0.22017163,0.16596293,0.0010980339,False,False,False,False,0.19201295,0.57944196,False,False,61151.03248568412,,19,False,False,False,False,False,False,False,False,False,False,False,False,False,False,False,False,False,False,False,False,False,u
6,61151.03169932362,lsst,151.40966114732197,2.296276120176222,170028510548066453,170296772590567485,0,170028510548066453,-3093.967,239.80237,0,0,0,3594.7832,232.55469,True,2026042000101,149,0.0,1.7575801e-05,1.7660197e-05,1.6619883e-11,2459.3145,0.3254357,2711.2278,0.3083045,False,-2793.3145,527.79724,False,False,True,12.876847,,1741.994,1681,-3084.469,0.95437,151.4096579515959,,2.2962790213069453,,0.88211924,,-45.909477,,,0,False,,,,,,,,0,False,False,False,6757.915,52.973007,0.21834186,0.28840515,-0.0012546219,0.2197103,0.18082663,0.0071617225,False,False,False,False,0.29653117,0.5556234,False,False,61151.033043829004,,21,False,False,False,False,False,False,False,False,False,False,False,False,False,False,False,False,False,False,False,False,False,u
6,61151.032814726736,lsst,151.40964341046825,2.296265947678215,170028510548066453,170296772860051547,0,170028510548066453,-2642.0803,253.81015,0,0,0,3848.8667,249.90228,True,2026042000103,151,0.0,1.7965674e-05,1.8174576e-05,1.2084139e-11,1637.4404,0.33130464,3524.594,0.31883374,False,-2249.1343,570.3129,False,False,True,10.310986,,1677.7457,1681,-2634.9902,4.6458974,151.40963873768763,,2.296268229875957,,0.8587741,,87.846405,,,0,False,,,,,,,,0,False,False,False,6648.6963,72.92098,0.1791875,0.1926835,0.03332793,0.202078,0.17740926,0.0041635293,False,False,False,False,0.001907298,0.5910027,False,False,61151.034179595095,,18,False,False,False,False,False,False,False,False,False,False,False,False,False,False,False,False,False,False,False,False,False,u
1,61151.03535470987,lsst,151.40968806067437,2.2962483215134615,170028510548066453,170296773128487033,0,170028510548066453,-3736.9233,115.69554,0,0,0,4567.622,112.85784,True,2026042000105,151,0.0,5.945048e-06,5.9840454e-06,9.229949e-13,2795.8877,0.108766906,261.55753,0.10590835,False,-3508.1995,266.2616,False,False,True,32.26471,,1692.7572,1681,-3609.4521,0.22215946,151.4096882094692,,2.2962484371275607,,0.6827342,,-9.871826,,,0,False,,,,,,,,0,False,False,False,8305.71,15.918704,0.17636836,0.18192531,-0.02055926,0.1774891,0.16627343,0.0006809598,False,False,False,False,0.0076464834,0.71559674,False,False,61151.03668027703,,22,False,False,False,False,False,False,False,False,False,False,False,False,False,False,False,False,False,False,False,False,False,g
1,61151.0358199796,lsst,151.40968916074468,2.296247864411294,170028510548066453,170296773262704820,0,170028510548066453,-3366.8306,107.76022,0,0,0,4849.902,104.98945,True,2026042000106,151,0.0,5.615394e-06,5.8443443e-06,3.9177732e-12,2023.8394,0.10943166,1612.0538,0.096455134,False,-3384.1187,265.35913,False,False,True,31.142954,,1664.2397,1681,-3183.2544,0.024393544,151.4096889363531,,2.2962475968116056,,0.57417965,,18.84023,,,0,False,,,,,,,,0,False,False,False,8290.669,25.391127,0.16477416,0.14078222,-0.008158268,0.146353,0.128579,-9.847808e-05,False,False,False,False,0.04173674,0.738814,False,False,61151.03718009406,,20,False,False,False,False,False,False,False,False,False,False,False,False,False,False,False,False,False,False,False,False,False,g
2,61152.08314351697,lsst,151.40967889302757,2.29625510907265,170028510548066453,170301167265906813,0,170028510548066453,-3303.0164,227.80025,0,0,0,5261.158,228.32407,True,2026042100076,119,0.0,1.9907635e-05,1.6334927e-05,-5.511339e-11,3558.5188,0.367624,569.8435,0.28259686,False,-3242.196,439.33813,False,False,True,14.357559,,1593.0981,1681,-3326.4497,3.0574071,151.40968216968795,,2.2962531967282516,,1.2627647,,-64.38837,,,0,False,,,,,,,,0,False,False,False,8690.6045,9.458139,0.39319265,0.2448548,0.0143184215,0.32775646,0.27398938,-0.004486165,False,False,False,False,0.02701674,0.6005913,False,False,61152.084513671536,,26,False,False,False,False,False,False,False,False,False,False,False,False,False,False,False,False,False,False,False,False,False,r
2,61152.0836086934,lsst,151.40968028553604,2.2962375437951303,170028510548066453,170301167400124511,0,170028510548066453,-3173.393,262.54245,0,0,0,5509.137,266.69217,True,2026042100077,119,0.0,2.8369162e-05,2.3403578e-05,-8.832507e-11,2028.0458,0.51971126,2822.8623,0.41060764,False,-2684.792,449.48965,False,False,True,12.083235,,1796.8107,1681,-3360.617,2.5292633,151.409678365899,,2.296235269432156,,1.6538733,,-101.16556,,,0,False,,,,,,,,0,False,False,False,8721.873,7.2798247,0.543001,0.3971325,-0.11052712,0.43131828,0.37084475,-0.017269967,False,False,False,False,0.25688267,0.5112785,False,False,61152.085058054174,,29,False,False,False,False,False,False,False,False,False,False,False,False,False,False,False,False,False,False,False,False,False,r
2,61160.07021991124,lsst,151.40965046035444,2.2962749324797467,170028510548066453,170336359964737668,0,170028510548066453,-3539.4126,321.19702,0,0,0,4919.392,327.108,True,2026042900138,129,0.0,1.6866286e-05,1.6026956e-05,-4.337514e-11,2112.505,0.32031053,3593.4456,0.27027413,False,-4250.7104,905.771,False,False,True,10.71121,,1722.9106,1681,-3559.881,4.1564565,151.4096466651557,,2.2962806154770923,,0.98452115,,-19.1173,,,0,False,,,,,,,,0,False,False,False,8549.248,32.20666,0.18494801,0.15257241,0.04394459,0.14444432,0.12062565,0.016361848,False,False,False,False,0.21955301,0.5799511,False,False,61160.071584766076,,15,False,False,False,False,False,False,False,False,False,False,False,False,False,False,False,False,False,False,False,False,False,r
3,61161.09151323506,lsst,151.4096773325569,2.2962699794566763,170028510548066453,170340759237034106,0,170028510548066453,-3535.9124,353.93915,0,0,0,6500.3096,340.6674,True,2026043000147,163,0.0,1.770354e-05,1.9977273e-05,-5.9217846e-11,3301.3633,0.3730553,229.11476,0.30318046,False,-3680.4788,1013.6054,False,False,True,9.953517,,1582.8204,1681,-3385.8635,3.8789399,151.40967775701546,,2.2962707391007235,,0.6341994,,-32.78738,,,0,False,,,,,,,,0,False,False,False,9927.6455,16.994614,0.15911709,0.1237846,-0.0035172582,0.17106494,0.10902315,-0.014394445,False,False,False,False,0.00035364646,0.51143277,False,False,61161.093088610985,,14,False,False,False,False,False,False,False,False,False,False,False,False,False,False,False,False,False,False,False,False,False,i
4,61162.0699413057,lsst,151.40962265680687,2.2962862045501993,170028510548066453,170345139842056338,0,170028510548066453,-2890.7883,512.441,0,0,0,10326.071,512.981,True,2026050100017,176,0.0,6.818572e-05,5.1654817e-05,-2.9818793e-11,606.2712,0.9300989,1059.3585,1.2296126,False,-4852.2,1304.9703,False,False,True,5.675469,,1718.8433,1681,-3415.806,11.256226,151.40965473523255,,2.2962921584209073,,1.3756516,,72.50121,,,0,False,,,,,,,,0,False,False,False,13506.45,33.98712,0.22374405,0.37291256,0.055396125,0.1702201,0.18040237,-3.2445005e-05,False,False,False,False,0.8850021,0.5000844,False,False,61162.071313079054,,16,False,False,False,False,False,False,False,False,False,False,False,False,False,False,False,False,False,False,False,False,False,z
2,61172.00230775271,lsst,151.40967704016654,2.296265014115494,170028510548066453,170389127004422352,0,170028510548066453,-3384.988,143.33798,0,0,0,5185.6113,141.0752,True,2026051100067,150,0.0,6.8112968e-06,7.663047e-06,4.911976e-12,2189.2961,0.13993005,3697.0854,0.12037511,False,-3241.516,391.34146,False,False,True,23.497118,,1661.8434,1681,-3153.7676,0.18693717,151.4096766020743,,2.296266092715701,,0.6049632,,-0.89887077,,,0,False,,,,,,,,0,False,False,False,8632.508,37.073723,0.14756332,0.12277065,-0.010635136,0.12936488,0.110515095,-0.0007224125,False,False,False,False,0.047200963,0.7548605,False,False,61172.00373846088,,18,False,False,False,False,False,False,False,False,False,False,False,False,False,False,False,False,False,False,False,False,False,r
2,61172.00277072223,lsst,151.4096658159227,2.2962649263196395,170028510548066453,170389127154368773,0,170028510548066453,-3353.8323,142.42703,0,0,0,5131.07,140.5262,True,2026051100068,180,0.0,6.3112225e-06,7.212983e-06,3.8828172e-12,3525.7058,0.13125181,1444.9281,0.112078704,False,-3066.469,404.37265,False,False,True,23.338778,,1766.0012,1681,-3123.412,1.6900378,151.40966593224104,,2.296265989954977,,0.5311986,,18.20018,,,0,False,,,,,,,,0,False,False,False,8569.32,46.07209,0.12400993,0.09898828,0.000791678,0.11944846,0.10238666,0.0041270335,False,False,False,False,7.6299715e-05,0.7527689,False,False,61172.004111341215,,17,False,False,False,False,False,False,False,False,False,False,False,False,False,False,False,False,False,False,False,False,False,r
4,61172.004651426956,lsst,151.40968388590792,2.2962540599540624,170028510548066453,170389127263420677,0,170028510548066453,-3618.4905,335.45206,0,0,0,9956.3955,330.1697,True,2026051100069,132,0.0,1.6645083e-05,1.6611615e-05,-2.3278693e-11,3486.1675,0.31185016,714.697,0.28661996,False,-4545.029,1162.9692,False,False,True,10.709296,,1817.5292,1681,-3875.4717,4.037625,151.40969118942863,,2.2962570168549976,,0.919891,,-80.0922,,,0,False,,,,,,,,0,False,False,False,13696.013,149.85674,0.163263,0.13276371,-0.037903067,0.08178007,0.07960942,0.0006462922,False,False,False,False,0.7548258,0.5579249,False,False,61172.00603757235,,12,False,False,False,False,False,False,False,False,False,False,False,False,False,False,False,False,False,False,False,False,False,z
4,61172.00511728968,lsst,151.40965137279034,2.2962524856074964,170028510548066453,170389127397638347,0,170028510548066453,-3124.1812,325.21295,0,0,0,10218.558,320.14627,True,2026051100070,132,0.0,1.4011308e-05,1.4167387e-05,1.3396103e-11,67.30194,0.24503921,1625.1208,0.2623698,False,-3133.5762,1169.5511,False,False,True,9.429099,,1728.0082,1681,-2842.6765,0.6736228,151.40965001420372,,2.2962524784697247,,0.46893412,,-112.53344,,,0,False,,,,,,,,0,False,False,False,13484.702,143.58119,0.07689736,0.08866659,-0.007837663,0.07416388,0.07507322,0.0013977851,False,False,False,False,0.0221216,0.52398103,False,False,61172.006467290514,,11,False,False,False,False,False,False,False,False,False,False,False,False,False,False,False,False,False,False,False,False,False,z
3,61172.98078983698,lsst,151.40967887734544,2.296286260575428,170028510548066453,170393532707635374,0,170028510548066453,-3281.7542,243.76303,0,0,0,7113.087,240.59088,True,2026051200124,162,0.0,1.4303986e-05,1.4625267e-05,7.1407796e-11,3371.4536,0.21139872,887.57526,0.30200237,False,-2880.6619,656.8246,False,False,True,13.02003,,1749.251,1681,-3186.7068,3.091111,151.40967806407113,,2.296291014132597,,0.9437045,,-127.64075,,,0,False,,,,,,,,0,False,False,False,10443.451,22.333534,0.11647767,0.19802223,-0.013462317,0.12985843,0.13940857,0.005160779,False,False,False,False,0.09078998,0.51796615,False,False,61172.98225755498,,16,False,False,False,False,False,False,False,False,False,False,False,False,False,False,False,False,False,False,False,False,False,i
6,61172.98424018914,lsst,151.40963311644236,2.296284607817933,170028510548066453,170393533249224828,0,170028510548066453,-3002.3762,280.85153,0,0,0,3525.5906,276.2382,True,2026051200128,171,0.0,2.2812546e-05,2.9731376e-05,-1.04372955e-10,1804.844,0.5430707,2270.0574,0.39957368,False,-2940.4102,543.5453,False,False,True,10.693584,,1626.8837,1681,-3157.8843,3.150914,151.40963270646014,,2.2962918960890253,,1.479524,,2.991119,,,0,False,,,,,,,,0,False,False,False,6626.308,29.8499,0.43075585,0.2566279,0.06312421,0.2569803,0.26961157,0.014757141,False,False,False,False,0.45845047,0.5156284,False,False,61172.9855083914,,23,False,False,False,False,False,False,False,False,False,False,False,False,False,False,False,False,False,False,False,False,False,u
6,61172.985406220454,lsst,151.4096400841447,2.2962986531153815,170028510548066453,170393533518184504,0,170028510548066453,-2688.7593,267.12714,0,0,0,3910.3855,262.02472,True,2026051200130,172,0.0,1.7416685e-05,1.773877e-05,5.757701e-13,2196.8083,0.31902316,1883.3048,0.31352517,False,-2910.7263,568.5367,False,False,True,9.949277,,1811.2699,1681,-2476.017,9.0583,151.4096419265496,,2.29629750607232,,0.7110825,,44.203014,,,0,False,,,,,,,,0,False,False,False,6732.437,73.217,0.14818692,0.14221069,0.022827521,0.18758525,0.20655993,0.0054820837,False,False,False,False,0.28900623,0.53656155,False,False,61172.98669908786,,18,False,False,False,False,False,False,False,False,False,False,False,False,False,False,False,False,False,False,False,False,False,u
6,61172.98596109613,lsst,151.409659455301,2.2962575208788745,170028510548066453,170393533653975086,0,170028510548066453,-2942.078,277.75604,0,0,0,3633.823,264.87933,True,2026051200131,175,0.0,1.8409948e-05,1.8273568e-05,3.204772e-14,875.0464,0.32866728,256.08185,0.33155498,False,-2643.4312,568.4036,False,False,True,10.555285,,1626.3464,1681,-2825.4475,12.091471,151.40965348020134,,2.2962587735662625,,0.9822477,,39.601273,,,0,False,,,,,,,,0,False,False,False,6649.1,35.51089,0.17896508,0.16180386,0.04571687,0.21424404,0.23087429,0.0060994565,False,False,False,False,0.26339763,0.5786192,False,False,61172.98724270963,,21,False,False,False,False,False,False,False,False,False,False,False,False,False,False,False,False,False,False,False,False,False,u
1,61172.98786701783,lsst,151.4096879471909,2.2962468112466534,170028510548066453,170393533775610010,0,170028510548066453,-3688.3816,111.5418,0,0,0,4638.1323,110.29664,True,2026051200132,151,0.0,5.7975544e-06,5.778173e-06,-8.8124766e-13,1900.2218,0.10277426,1005.81903,0.105556555,False,-3344.9902,247.88576,False,False,True,33.060535,,1737.3414,1681,-3488.1794,0.63054705,151.40968836397641,,2.296246897148115,,0.6176449,,-30.018326,,,0,False,,,,,,,,0,False,False,False,8376.79,16.416805,0.15273644,0.17882955,-0.010661026,0.19423427,0.17622428,0.0032191155,False,False,False,False,0.049751725,0.7253478,False,False,61172.989192898036,,23,False,False,False,False,False,False,False,False,False,False,False,False,False,False,False,False,False,False,False,False,False,g
1,61172.98833012811,lsst,151.40968453566117,2.2962471234319772,170028510548066453,170393533909827727,0,170028510548066453,-3763.1309,111.60457,0,0,0,4505.605,109.95176,True,2026051200133,151,0.0,5.836575e-06,5.933987e-06,1.9456828e-12,3473.9717,0.1089916,605.8707,0.102794915,False,-3414.3115,245.27208,False,False,True,33.748047,,1737.6344,1681,-3484.6182,0.36069372,151.40968400093215,,2.296246603582893,,0.35991257,,8.592339,,,0,False,,,,,,,,0,False,False,False,8315.366,15.483761,0.1839026,0.17798828,-0.004631697,0.19317856,0.1785713,0.0050545293,False,False,False,False,0.0032629864,0.72816056,False,False,61172.989682846375,,23,False,False,False,False,False,False,False,False,False,False,False,False,False,False,False,False,False,False,False,False,False,g
1,61176.98732232928,lsst,151.4096852842992,2.296256657594469,170028510548066453,170411112148762845,0,170028510548066453,-3577.185,146.961,0,0,0,4711.5273,147.18594,True,2026051600029,173,0.0,9.026685e-06,9.317892e-06,7.4273324e-13,52.5056,0.16771351,1141.4955,0.16243395,False,-3555.2588,293.839,False,False,True,23.716297,,1680.3237,1681,-3289.0828,1.203808,151.40968657794474,,2.2962574760489325,,0.37541065,,89.036285,,,0,False,,,,,,,,0,False,False,False,8387.083,10.039166,0.21956296,0.23091567,0.0018334655,0.25858098,0.2475642,0.005881182,False,False,False,False,0.07365248,0.64342505,False,False,61176.988731892176,,27,False,False,False,False,False,False,False,False,False,False,False,False,False,False,False,False,False,False,False,False,False,g
6,61177.99826647334,lsst,151.40967758080117,2.2962751988702963,170028510548066453,170415520400015420,0,170028510548066453,-3063.7412,242.69089,0,0,0,3468.3838,231.69048,True,2026051700105,181,0.0,1.41924e-05,1.6440341e-05,2.6788747e-11,339.06082,0.3008162,617.15,0.24963228,False,-2717.32,535.75305,False,False,True,12.6090145,,1813.4877,1681,-3087.2673,3.4208474,151.40967790275528,,2.296271775797329,,1.1167715,,-20.248114,,,0,False,,,,,,,,0,False,False,False,6620.653,49.926243,0.20352313,0.179497,-0.060321555,0.20998256,0.17203654,-0.0003855435,False,False,False,False,3.278546e-05,0.6561761,False,False,61177.99957364546,,19,False,False,False,False,False,False,False,False,False,False,False,False,False,False,False,False,False,False,False,False,False,u
6,61177.999594516215,lsst,151.40964938861063,2.296292324873143,170028510548066453,170415520643809349,0,170028510548066453,-3054.73,257.26224,0,0,0,3576.7966,250.75778,True,2026051700107,134,0.0,2.3137487e-05,2.1377396e-05,7.262113e-11,1138.45,0.36585838,3707.716,0.43302876,False,-2744.8608,531.5665,False,False,True,11.757682,,1780.0996,1681,-3025.5605,2.2513363,151.4096516018555,,2.296291418143348,,0.96459955,,27.523348,,,0,False,,,,,,,,0,False,False,False,6697.469,47.9011,0.20797487,0.24637112,0.03852804,0.21431431,0.24251512,0.0012936954,False,False,False,False,0.00016864439,0.58100283,False,False,61178.00092038559,,22,False,False,False,False,False,False,False,False,False,False,False,False,False,False,False,False,False,False,False,False,False,u
6,61178.00020038546,lsst,151.40967636893,2.2962625965653523,170028510548066453,170415520777502806,0,170028510548066453,-3236.8452,251.74104,0,0,0,3410.4622,248.00676,True,2026051700108,133,0.0,1.5907843e-05,1.6234153e-05,-1.1993e-11,3645.707,0.29635966,3364.945,0.2818601,False,-3010.631,532.969,False,False,True,12.720813,,1688.4635,1681,-3067.9666,7.1680503,151.4096765672192,,2.2962629388345452,,0.6541949,,-55.917847,,,0,False,,,,,,,,0,False,False,False,6734.0054,47.23002,0.20225254,0.17529069,-0.0132253645,0.21939221,0.22491264,0.0068073045,False,False,False,False,0.11778491,0.5923876,False,False,61178.001510095026,,21,False,False,False,False,False,False,False,False,False,False,False,False,False,False,False,False,False,False,False,False,False,u
2,61178.0021633464,lsst,151.4096731947349,2.296260687239797,170028510548066453,170415520907526360,0,170028510548066453,-3207.084,159.49254,0,0,0,5421.904,157.56647,True,2026051700109,125,0.0,9.479735e-06,9.711647e-06,5.302376e-12,3580.9187,0.16742514,965.524,0.17819025,False,-3245.6868,389.23163,False,False,True,19.77229,,1544.7207,1681,-2857.5977,0.06551493,151.40967423364194,,2.296263207308115,,0.33791807,,5.193127,,,0,False,,,,,,,,0,False,False,False,8648.284,20.580359,0.16070247,0.1658166,0.0041118595,0.15460925,0.1650503,0.0048043393,False,False,False,False,0.0018416374,0.7003332,False,False,61178.00353320157,,21,False,False,False,False,False,False,False,False,False,False,False,False,False,False,False,False,False,False,False,False,False,r
4,61178.004642716085,lsst,151.40968639498942,2.296263839390184,170028510548066453,170415521180156120,0,170028510548066453,-4019.8052,378.6688,0,0,0,9438.981,360.47925,True,2026051700111,133,0.0,1.978723e-05,1.88534e-05,5.2867273e-11,3689.391,0.32091776,2466.9973,0.37328425,False,-4407.5957,1062.2836,False,False,True,10.550326,,1691.2721,1681,-4258.765,4.0882683,151.40969019157998,,2.2962652435733233,,1.0767359,,-83.09711,,,0,False,,,,,,,,0,False,False,False,13459.0,58.62222,0.17666584,0.18736067,-0.05670584,0.12487618,0.12960495,0.003617778,False,False,False,False,0.44575533,0.59603065,False,False,61178.005990354344,,16,False,False,False,False,False,False,False,False,False,False,False,False,False,False,False,False,False,False,False,False,False,z
3,61178.98056354675,lsst,151.40966327303786,2.2962411466063766,170028510548066453,170419911463010500,0,170028510548066453,-3240.184,210.3285,0,0,0,6709.432,203.45497,True,2026051800053,173,0.0,1.0290533e-05,8.802713e-06,-5.8253584e-12,1623.1847,0.1572975,1451.465,0.1864471,False,-1526.1434,638.65204,False,False,True,15.267882,,1711.2473,1681,-3109.914,0.25818163,151.40966162934265,,2.296238420000976,,0.6358227,,92.27385,,,0,False,,,,,,,,0,False,False,False,9948.588,23.463215,0.078703895,0.11443907,0.005675491,0.10265194,0.11728113,-0.0048336815,False,False,False,False,0.04002275,0.62866974,False,False,61178.98200903059,,16,False,False,False,False,False,False,False,False,False,False,False,False,False,False,False,False,False,False,False,False,False,i
1,61178.98321637863,lsst,151.4096869568792,2.2962525601502786,170028510548066453,170419911709950120,0,170028510548066453,-3584.9395,106.64454,0,0,0,4707.9707,104.21221,True,2026051800055,132,0.0,6.1916608e-06,5.576746e-06,-1.1805645e-11,3510.0024,0.12351938,2054.741,0.085166,False,-3797.985,250.57182,False,False,True,33.267902,,1614.1237,1681,-3618.782,0.7257073,151.4096853724803,,2.2962536765044077,,0.9536321,,-51.14836,,,0,False,,,,,,,,0,False,False,False,8327.413,20.685839,0.2172157,0.13084853,0.0036787177,0.17692673,0.13304546,0.003085344,False,False,False,False,0.05686778,0.73448724,False,False,61178.98454206714,,22,False,False,False,False,False,False,False,False,False,False,False,False,False,False,False,False,False,False,False,False,False,g
1,61178.98368309262,lsst,151.40970232100642,2.2962439813155253,170028510548066453,170419911844167840,0,170028510548066453,-3575.1904,101.98178,0,0,0,4586.135,99.61095,True,2026051800056,132,0.0,5.4739207e-06,4.82107e-06,-7.908487e-12,3029.8032,0.106812425,923.51013,0.076406285,False,-3775.2036,250.88338,False,False,True,34.17688,,1610.7588,1681,-3553.1272,0.15680407,151.40970254813357,,2.2962446436910127,,0.8876705,,-35.861267,,,0,False,,,,,,,,0,False,False,False,8214.401,24.020266,0.17408329,0.117533945,0.024981117,0.15436058,0.121084705,0.0101366015,False,False,False,False,0.011803755,0.74100775,False,False,61178.98508733309,,19,False,False,False,False,False,False,False,False,False,False,False,False,False,False,False,False,False,False,False,False,False,g
6,61178.98576437672,lsst,151.40965171980247,2.296292066388914,170028510548066453,170419911987298391,0,170028510548066453,-3171.2065,206.32108,0,0,0,3375.7224,198.75787,True,2026051800057,149,0.0,1.2038219e-05,1.2251048e-05,2.3667813e-11,3245.2048,0.23559535,2797.4631,0.20012347,False,-2533.1833,473.41904,False,False,True,15.346329,,1649.9297,1681,-3005.7273,1.3276261,151.4096494684806,,2.296292411604249,,0.6831642,,29.551693,,,0,False,,,,,,,,0,False,False,False,6594.623,80.76296,0.17894693,0.14099196,-0.008855067,0.16920616,0.16062689,-0.005770256,False,False,False,False,0.003701843,0.56127745,False,False,61178.9870844784,,20,False,False,False,False,False,False,False,False,False,False,False,False,False,False,False,False,False,False,False,False,False,u
6,61178.98632560037,lsst,151.40963294526495,2.296286088082309,170028510548066453,170419912123088939,0,170028510548066453,-3122.5742,236.56732,0,0,0,3405.7542,221.17087,False,2026051800058,152,,1.33361345e-05,1.3297613e-05,-3.4356094e-12,267.71497,0.23729186,67.02015,0.24197015,False,-3014.4556,532.85114,False,False,True,12.948997,,1690.1597,1681,-2882.1895,1.5839242,151.40963377003456,,2.2962874959104664,,0.6870256,,26.316511,,,0,False,,,,,,,,0,False,False,False,6444.074,89.43139,0.16588272,0.12737124,-0.009209544,0.18238872,0.16905375,-0.0076361243,False,False,False,False,0.11340505,0.57166433,False,False,61179.70906999186,,20,False,False,False,False,False,False,False,False,False,False,False,False,False,False,False,False,False,False,False,False,False,u
3,61179.97005487589,lsst,151.40965354215982,2.296267507399597,170028510548066453,170424313377718503,0,170028510548066453,-3172.5847,193.52449,0,0,0,6942.1675,189.17876,True,2026051900082,127,0.0,8.5706915e-06,7.5519597e-06,-5.560107e-12,1551.367,0.13389179,1750.0209,0.15603164,False,-3490.14,631.70245,False,False,True,16.082794,,1627.4359,1681,-2903.3857,3.3853776,151.40965318208023,,2.2962624017463824,,0.4265651,,98.850975,,,0,False,,,,,,,,0,False,False,False,10133.876,48.128796,0.07521784,0.09058428,0.0022800902,0.092908345,0.085659154,-0.0075274184,False,False,False,False,0.01134109,0.6829458,False,False,61179.97145780557,,15,False,False,False,False,False,False,False,False,False,False,False,False,False,False,False,False,False,False,False,False,False,i
2,61179.98240712174,lsst,151.40967185393922,2.2962513490365004,170028510548066453,170424316330508509,0,170028510548066453,-3170.0627,138.83734,0,0,0,5239.8105,136.40103,True,2026051900104,127,0.0,6.4847018e-06,6.6758025e-06,8.78549e-13,1557.5206,0.12051228,1690.1841,0.11629396,False,-3132.3147,400.1155,False,False,True,22.204456,,1770.0465,1681,-3194.8408,2.3938515,151.40967097294129,,2.296253507366664,,0.8809247,,-22.827532,,,0,False,,,,,,,,0,False,False,False,8462.48,45.430897,0.11655627,0.10295069,-0.03824855,0.11759496,0.11523571,-0.009875628,False,False,False,False,0.0094796475,0.6775688,False,False,61179.98378502074,,17,False,False,False,False,False,False,False,False,False,False,False,False,False,False,False,False,False,False,False,False,False,r
2,61179.99164476278,lsst,151.40968121144775,2.2962726500000987,170028510548066453,170424318770020506,0,170028510548066453,-3103.6704,148.60736,0,0,0,5430.9263,145.95483,True,2026051900122,172,0.0,6.974721e-06,7.6252886e-06,-4.1153113e-13,610.4597,0.13723889,2561.1707,0.12562625,False,-3146.9692,438.09055,False,False,True,20.444923,,1754.678,1681,-3040.517,1.1100153,151.40967956370636,,2.296273397066495,,0.6766108,,-37.09091,,,0,False,,,,,,,,0,False,False,False,8612.392,34.45639,0.116874166,0.10181968,-0.01985079,0.11036743,0.11174649,-0.0011855984,False,False,False,False,0.0006584257,0.71882004,False,False,61179.992928634514,,17,False,False,False,False,False,False,False,False,False,False,False,False,False,False,False,False,False,False,False,False,False,r
2,61179.99211116067,lsst,151.40966979650693,2.296262800192229,170028510548066453,170424318905811123,0,170028510548066453,-3308.444,148.1506,0,0,0,5158.002,146.64589,True,2026051900123,175,0.0,6.711743e-06,7.2128128e-06,-6.7778086e-13,1340.115,0.12990203,1910.759,0.12089752,False,-3045.2195,440.51562,False,False,True,22.249126,,1682.5209,1681,-3095.6147,0.18939345,151.40966947594686,,2.2962621868339093,,0.40816453,,-20.348953,,,0,False,,,,,,,,0,False,False,False,8542.931,41.26798,0.11501641,0.10248429,-0.0035764435,0.10948363,0.110419236,-0.007411451,False,False,False,False,0.00032840215,0.7162389,False,False,61179.99344681636,,17,False,False,False,False,False,False,False,False,False,False,False,False,False,False,False,False,False,False,False,False,False,r
6,61179.993998636986,lsst,151.40963694849137,2.2962961503097263,170028510548066453,170424319042650271,0,170028510548066453,-3135.5178,258.06586,0,0,0,3503.2705,254.11095,True,2026051900124,180,0.0,1.6778167e-05,1.7710576e-05,5.794158e-12,139.00449,0.31904823,3746.5283,0.3015611,False,-2777.8926,605.62,False,False,True,11.8945465,,1721.8033,1681,-2947.6736,0.2325178,151.40963662343867,,2.296295354088673,,0.5802128,,92.14896,,,0,False,,,,,,,,0,False,False,False,6754.5264,64.6992,0.16981564,0.1980179,0.004118852,0.17216542,0.17264754,-0.0012267744,False,False,False,False,0.019019015,0.5315756,False,False,61179.995273103574,,20,False,False,False,False,False,False,False,False,False,False,False,False,False,False,False,False,False,False,False,False,False,u
2,61186.975573441705,lsst,151.4096638460619,2.296267770075455,170028510548066453,170455096459526246,0,170028510548066453,-3377.7937,308.3227,0,0,0,5237.7666,313.63705,True,2026052600058,84,0.0,2.111081e-05,2.228495e-05,8.075287e-11,3847.9329,0.4243897,815.48413,0.35368776,False,-3602.127,748.1145,False,False,True,10.8059635,,1742.2994,1681,-3568.7373,179.56073,151.40966411722337,,2.296266413954448,,1.3005844,0.29456434,10.666654,15.117443,,0,False,,,,,,,,0,False,False,False,8666.078,18.531736,0.29457873,0.18958166,-0.06617036,0.19574651,0.17953199,-0.0034445554,False,False,False,False,0.3261287,0.5785565,False,False,61186.97692613705,,20,False,False,False,False,False,False,False,False,False,False,False,False,False,False,False,False,False,False,False,False,False,r
3,61186.981451695785,lsst,151.40963258512858,2.2962561076509127,170028510548066453,170455097313067090,0,170028510548066453,-3861.941,407.20648,0,0,0,6264.3433,413.04108,True,2026052600064,176,0.0,3.0807387e-05,4.737217e-05,3.3762704e-10,2157.9204,0.86857074,1069.658,0.5306691,False,-4156.581,899.1545,False,False,True,9.333729,,1643.1719,1681,-4305.216,186.07004,151.40963150761584,,2.2962570930315778,,1.7355502,0.29105356,29.805712,9.936382,,0,False,,,,,,,,0,False,False,False,10236.683,11.952782,0.42561918,0.14467077,0.09010556,0.23815696,0.23488323,-0.010989763,False,False,False,False,0.22151293,0.585728,False,False,61186.98279799196,,21,False,False,False,False,False,False,False,False,False,False,False,False,False,False,False,False,False,False,False,False,False,i
1,61189.033476696466,lsst,151.40972578591018,2.2962334746770217,170028510548066453,170463893113012284,0,170028510548066453,-4430.362,436.94083,0,0,0,3641.2053,447.41537,True,2026052800062,129,0.0,2.3311753e-05,1.93001e-05,-1.4000985e-10,3018.97,0.44885948,891.6593,0.3085417,False,-4696.861,932.29535,False,False,True,9.908463,,1640.0178,1681,-4388.196,150.84665,151.40972589649385,,2.296234813071789,,1.2267334,0.30480716,-52.34597,14.723382,,0,False,,,,,,,,0,False,False,False,8202.606,7.949275,0.28085628,0.13466421,0.02244652,0.30579734,0.22487153,0.008071266,False,False,False,False,0.26818135,0.50191635,False,False,61189.034813875536,,21,False,False,False,False,False,False,False,False,False,False,False,False,False,False,False,False,False,False,False,False,False,g
3,61189.03585724314,lsst,151.40969478609682,2.2961932621332797,170028510548066453,170463893403467905,0,170028510548066453,-3629.2124,392.79758,0,0,0,5732.0674,396.7874,True,2026052800064,171,0.0,2.7352786e-05,2.1600612e-05,1.876243e-11,2836.3752,0.38833976,2767.6782,0.4933531,False,-3648.1914,982.5516,False,False,True,9.119282,,1682.4066,1681,-3948.6956,234.67726,151.40969283916561,,2.29619947256201,,1.392066,0.32535717,-57.330433,15.72185,,0,False,,,,,,,,0,False,False,False,9324.384,13.656126,0.22584963,0.29368567,-0.10192389,0.1833321,0.18436328,-0.025262097,False,False,False,False,0.54379797,0.5101103,False,False,61189.03715190536,,18,False,False,False,False,False,False,False,False,False,False,False,False,False,False,False,False,False,False,False,False,False,i
3,61190.973753421335,lsst,151.40968728307797,2.2962689063239035,170028510548066453,170472689091739744,0,170028510548066453,-3635.154,352.38028,0,0,0,6660.534,353.7398,True,2026053000061,167,0.0,2.0725953e-05,2.4769244e-05,-6.70227e-11,1738.3458,0.45379034,1368.6942,0.36398053,False,-4514.1235,870.5141,False,False,True,10.088408,,1661.9596,1681,-3998.16,,151.40968373413918,,2.296271233491884,,1.2951934,,6.6128397,,,0,False,,,,,,,,0,False,False,False,10391.982,16.920568,0.32934028,0.22330044,0.062237576,0.21307693,0.19449979,0.012224845,False,False,False,False,0.47608143,0.58482987,False,False,61190.97514176731,,18,False,False,False,False,False,False,False,False,False,False,False,False,False,False,False,False,False,False,False,False,False,i
3,61204.973389402636,lsst,151.40966206166235,2.296270813027186,170028510548066453,170534263059906748,0,170028510548066453,-3162.3435,318.97394,0,0,0,7383.7515,320.06705,True,2026061300071,119,0.0,1.5079811e-05,1.986165e-05,5.930332e-11,563.47076,0.260252,3532.7756,0.36614925,False,-4131.796,940.0542,False,False,True,9.688275,,1601.4856,1681,-3314.5776,133.75098,151.40965830597213,,2.2962717764212175,,1.0622482,0.21405724,-160.12724,10.484023,,0,False,,,,,,,,0,False,False,False,10576.972,22.937456,0.062189594,0.19109997,-0.006102172,0.12123259,0.115504384,0.0035887263,False,False,False,False,0.014388434,0.6216686,False,False,61204.97477555962,,14,False,False,False,False,False,False,False,False,False,False,False,False,False,False,False,False,False,False,False,False,False,i
6,61204.97855285303,lsst,151.40966074147852,2.2963039188024736,170028510548066453,170534263864688682,0,170028510548066453,-3438.536,411.70776,0,0,0,3387.0222,409.05026,True,2026061300077,118,0.0,2.8733702e-05,2.979304e-05,3.86697e-11,3885.1118,0.5116286,3139.7473,0.5416638,False,-2966.83,879.68085,False,False,True,8.347796,,1640.5994,1681,-3418.2925,195.25337,151.4096600999337,,2.296305711644528,,1.0399789,0.4724962,-18.899054,29.107876,,0,False,,,,,,,,0,False,False,False,6887.1104,32.49017,0.21244101,0.21304327,0.052743204,0.2548492,0.2430056,0.019205991,False,False,False,False,0.12324237,0.51152575,False,False,61204.979849289535,,19,False,False,False,False,False,False,False,False,False,False,False,False,False,False,False,False,False,False,False,False,False,u
1,61204.98123464329,lsst,151.4096523452723,2.2962670151831004,170028510548066453,170534264161960017,0,170028510548066453,-3463.2078,248.01059,0,0,0,4785.768,251.26128,True,2026061300079,173,0.0,1.5154201e-05,1.6408309e-05,7.7273405e-12,1443.0896,0.29603377,1961.0789,0.27205977,False,-2693.415,513.7495,False,False,True,13.8672495,,1714.6251,1681,-3485.9883,106.43411,151.40965339435309,,2.296267399442538,,1.1799266,0.25658387,-21.185192,14.331981,,0,False,,,,,,,,0,False,False,False,8364.33,8.7261095,0.25793552,0.19701064,-0.060776502,0.26833418,0.2606962,-0.032709893,False,False,False,False,0.12164477,0.578773,False,False,61204.98252355632,,23,False,False,False,False,False,False,False,False,False,False,False,False,False,False,False,False,False,False,False,False,False,g
1,61204.98175157519,lsst,151.40968688571968,2.2962309037093545,170028510548066453,170534264299847801,0,170028510548066453,-3821.0293,244.14969,0,0,0,4559.584,249.58705,True,2026061300080,180,0.0,1.9295045e-05,1.5124694e-05,-2.056056e-11,1096.1962,0.2704819,2368.6882,0.3488906,False,-4472.0215,469.5123,False,False,True,15.429505,,1720.522,1681,-4147.8535,135.9888,151.4096905602565,,2.2962340977459315,,1.7140487,0.2593293,-59.17085,10.054217,,0,False,,,,,,,,0,False,False,False,8430.018,6.193636,0.27927464,0.49904856,-0.114675835,0.3339821,0.2956253,-0.038197875,False,False,False,False,0.35552824,0.6505018,False,False,61204.98313007165,,29,False,False,False,False,False,False,False,False,False,False,False,False,False,False,False,False,False,False,False,False,False,g
