band,mjd,survey_id,ra,dec,oid,measurement_id,parentDiaSourceId,diaObjectId,psfFlux,psfFluxErr,psfFlux_flag,psfFlux_flag_edge,psfFlux_flag_noGoodPixels,scienceFlux,scienceFluxErr,has_stamp,visit,detector,ssObjectId,raErr,decErr,ra_dec_Cov,x,xErr,y,yErr,centroid_flag,apFlux,apFluxErr,apFlux_flag,apFlux_flag_apertureTruncated,isNegative,snr,psfLnL,psfChi2,psfNdata,trailFlux,trailFluxErr,trailRa,trailRaErr,trailDec,trailDecErr,trailLength,trailLengthErr,trailAngle,trailAngleErr,trailChi2,trailNdata,trail_flag_edge,dipoleMeanFlux,dipoleMeanFluxErr,dipoleFluxDiff,dipoleFluxDiffErr,dipoleLength,dipoleAngle,dipoleChi2,dipoleNdata,forced_PsfFlux_flag,forced_PsfFlux_flag_edge,forced_PsfFlux_flag_noGoodPixels,templateFlux,templateFluxErr,ixx,iyy,ixy,ixxPSF,iyyPSF,ixyPSF,shape_flag,shape_flag_no_pixels,shape_flag_not_contained,shape_flag_parent_source,extendedness,reliability,isDipole,dipoleFitAttempted,timeProcessedMjdTai,timeWithdrawnMjdTai,bboxSize,pixelFlags,pixelFlags_bad,pixelFlags_cr,pixelFlags_crCenter,pixelFlags_edge,pixelFlags_nodata,pixelFlags_nodataCenter,pixelFlags_interpolated,pixelFlags_interpolatedCenter,pixelFlags_offimage,pixelFlags_saturated,pixelFlags_saturatedCenter,pixelFlags_suspect,pixelFlags_suspectCenter,pixelFlags_streak,pixelFlags_streakCenter,pixelFlags_injected,pixelFlags_injectedCenter,pixelFlags_injected_template,pixelFlags_injected_templateCenter,glint_trail,band_name
3,61090.180597784965,lsst,149.56371828661605,1.7940885982305022,170028510512414824,170028510512414824,0,170028510512414824,-1612.761,263.35815,0,0,0,7480.284,261.16986,False,2026021800241,89,,7.411671e-05,6.279857e-05,2.0449316e-09,1982.4751,1.4952198,102.33764,0.9052349,False,-1923.7836,575.9971,False,False,True,6.2312436,,1692.2296,1681,-1824.571,13.381841,149.5636963799079,,1.79404860113924,,1.5981036,,60.083828,,,0,False,,,,,,,,0,False,False,False,9181.516,13.646149,0.49526408,0.2441028,0.02082698,0.27777147,0.21295032,-0.004164203,False,False,False,False,0.79267764,0.21030506,False,False,61090.18237376782,,18,False,False,False,False,False,False,False,False,False,False,False,False,False,False,False,False,False,False,False,False,False,i
3,61090.18106558244,lsst,149.5636952522821,1.7940393551031644,170028510512414824,170028510642962548,0,170028510512414824,-1610.7925,254.83232,0,0,0,7829.817,252.0183,False,2026021800242,82,,3.3954704e-05,3.054657e-05,4.0415302e-10,2605.619,0.68817794,426.0037,0.4495753,False,-1766.4459,568.33765,False,False,True,6.2948647,,1763.0117,1681,-1644.1073,72.529785,149.56372826366615,,1.7940712367225335,,1.3756415,,71.3455,,,0,False,,,,,,,,0,False,False,False,9485.377,13.977804,0.2450718,0.07322829,0.06578333,0.24240822,0.21321368,-0.011452987,False,False,False,False,0.40379897,0.13165471,False,False,61090.18295690214,,17,False,False,False,False,False,False,False,False,False,False,False,False,False,False,False,False,False,False,False,False,False,i
3,61090.18153057039,lsst,149.56363959841127,1.7940259924946405,170028510512414824,170028510777704600,0,170028510512414824,-2098.413,261.0972,0,0,0,7149.2764,258.1081,True,2026021800243,83,0.0,2.3497314e-05,2.4000421e-05,-7.390779e-11,74.045235,0.39801314,3342.4434,0.45479652,False,-1777.4529,572.80945,False,False,True,7.8438654,,1685.5776,1681,-2092.6692,36.891132,149.5636112439546,,1.7940048891554432,,1.2173669,,114.01033,,,0,False,,,,,,,,0,False,False,False,9268.775,13.405919,0.1090516,0.20820695,0.061411545,0.2752127,0.21429573,0.004324208,False,False,False,False,0.5309826,0.36975005,False,False,61090.183346279955,,19,False,False,False,False,False,False,False,False,False,False,False,False,False,False,False,False,False,False,False,False,False,i
3,61090.181996839354,lsst,149.56369336655183,1.794069660994318,170028510512414824,170028510914543743,0,170028510512414824,-1289.7705,236.67137,0,0,0,8055.8315,233.59775,False,2026021800244,88,,7.580404e-05,7.413507e-05,2.5185085e-09,747.0344,1.6243844,2340.2405,1.0018559,False,-958.3743,565.4798,False,False,True,5.457769,,1663.0059,1681,-1734.8353,33.860226,149.5636889216772,,1.7940892026610038,,1.9452257,,12.6617,,,0,False,,,,,,,,0,False,False,False,9377.064,17.09538,0.4273263,0.26607385,-0.19445984,0.23107181,0.1710668,0.0025188413,False,False,False,False,0.92838395,0.26076618,False,False,61090.18379160161,,14,False,False,False,False,False,False,False,False,False,False,False,False,False,False,False,False,False,False,False,False,False,i
3,61090.182463713754,lsst,149.56366568129485,1.7940581944651148,170028510512414824,170028511047188607,0,170028510512414824,-1594.8269,244.44952,0,0,0,7801.3833,239.24542,False,2026021800245,85,,2.6600568e-05,2.7029528e-05,2.1410779e-10,3246.322,0.5498186,507.3421,0.40419516,False,-1642.1108,563.4315,False,False,True,6.4278274,,1716.7965,1681,-1524.0573,12.112227,149.56366780655532,,1.794060010840625,,0.7297138,,-30.211063,,,0,False,,,,,,,,0,False,False,False,9417.02,16.109339,0.07307646,0.11627977,-0.013822851,0.23523493,0.18276723,0.0062509635,False,False,False,False,0.7903419,0.40924546,False,False,61090.18433446085,,14,False,False,False,False,False,False,False,False,False,False,False,False,False,False,False,False,False,False,False,False,False,i
3,61090.182928447764,lsst,149.56370502624333,1.7941064909566582,170028510512414824,170028511181406348,0,170028510512414824,-1479.8065,227.94832,0,0,0,7400.4883,222.50241,False,2026021800246,85,,2.8072194e-05,2.8037712e-05,-7.2302112e-12,709.095,0.5026354,271.82684,0.50714964,False,-895.4969,563.92957,False,False,True,6.4683547,,1650.8014,1681,-1678.9202,27.4735,149.5636934204017,,1.7941169819517433,,1.542129,,85.87308,,,0,False,,,,,,,,0,False,False,False,8899.106,13.346406,0.20563066,0.20889026,0.13439293,0.19626324,0.1645958,-0.0005459728,False,False,False,False,0.094902016,0.29851395,False,False,61090.18492805766,,15,False,False,False,False,False,False,False,False,False,False,False,False,False,False,False,False,False,False,False,False,False,i
3,61090.18339506337,lsst,149.56367923657933,1.7940724304125235,170028510512414824,170028511314051213,0,170028510512414824,-1913.7329,246.55576,0,0,0,7544.8716,244.70856,False,2026021800247,82,,2.5835765e-05,2.7361071e-05,1.499678e-10,750.0642,0.5288609,3299.1465,0.42303768,False,-1241.6145,558.8518,False,False,True,7.778343,,1663.9164,1681,-1922.9784,12.019338,149.5636766419203,,1.7940763565315936,,1.0417098,,67.40753,,,0,False,,,,,,,,0,False,False,False,9499.006,15.602573,0.23398136,0.18208575,0.044720158,0.22391441,0.20116788,-0.0026744003,False,False,False,False,0.002386102,0.19679075,False,False,61090.18520787284,,17,False,False,False,False,False,False,False,False,False,False,False,False,False,False,False,False,False,False,False,False,False,i
3,61090.18385856578,lsst,149.56368211300767,1.7940207679513136,170028510512414824,170028511450366164,0,170028510512414824,-1558.8219,230.56209,0,0,0,7743.417,228.1101,False,2026021800248,86,,4.6692396e-05,5.732786e-05,1.3986777e-09,2233.7314,1.1711695,3609.3167,0.63077044,False,-1731.9695,558.0245,False,False,True,6.6825175,,1647.4945,1681,-1931.349,17.745281,149.56368288265384,,1.7940227828908204,,1.7836446,,41.385174,,,0,False,,,,,,,,0,False,False,False,9361.788,12.75243,0.45932806,0.11475676,0.044071928,0.20419277,0.1773793,0.006119305,False,False,False,False,0.70266926,0.4535064,False,False,61090.18593605773,,17,False,False,False,False,False,False,False,False,False,False,False,False,False,False,False,False,False,False,False,False,False,i
3,61090.18479328063,lsst,149.5636542855137,1.7940551853460889,170028510512414824,170028511696257231,0,170028510512414824,-1432.9996,233.6761,0,0,0,7826.2705,229.39998,False,2026021800250,43,,3.0690455e-05,3.0472114e-05,-1.1104607e-11,2040.7863,0.5466199,3686.704,0.5541777,False,-1801.0939,556.15247,False,False,True,6.0357895,,1765.74,1681,-1501.2174,19.81964,149.56366311418608,,1.7940561049671893,,1.2020395,,-22.362793,,,0,False,,,,,,,,0,False,False,False,9274.117,12.0677,0.17501806,0.20559046,-0.07174939,0.19915001,0.18694286,-0.0009781142,False,False,False,False,0.0009731397,0.18131943,False,False,61090.18683271605,,14,False,False,False,False,False,False,False,False,False,False,False,False,False,False,False,False,False,False,False,False,False,i
3,61090.18526546116,lsst,149.5636874916668,1.7940677600462847,170028510512414824,170028511828902065,0,170028510512414824,-1276.6488,234.4377,0,0,0,8192.208,230.15338,False,2026021800251,40,,3.9349223e-05,4.144389e-05,1.0503004e-10,1156.7051,0.756924,3265.8784,0.69678843,False,-1722.412,559.3249,False,False,True,5.41019,,1621.9148,1681,-1518.9823,11.111495,149.5636761030036,,1.7940751673851276,,1.7524844,,89.67524,,,0,False,,,,,,,,0,False,False,False,9403.88,12.483025,0.18876648,0.39537096,0.1337128,0.19264881,0.18293361,0.00026175333,False,False,False,False,0.7649535,0.27010745,False,False,61090.18732090336,,13,False,False,False,False,False,False,False,False,False,False,False,False,False,False,False,False,False,False,False,False,False,i
3,61090.18572755182,lsst,149.56370250765147,1.7940493935449733,170028510512414824,170028511987237007,0,170028510512414824,-1607.5707,230.75185,0,0,0,7757.4155,227.84071,False,2026021800252,86,,3.5075034e-05,3.2065906e-05,-9.9298396e-11,2261.8765,0.5654249,811.4745,0.6413657,False,-1491.537,566.8637,False,False,True,6.9634833,,1710.051,1681,-1610.0101,0.22622351,149.56369572190636,,1.7940528831242768,,0.8694575,,-29.594975,,,0,False,,,,,,,,0,False,False,False,9425.821,13.802276,0.20018142,0.21651444,-0.03357116,0.17368646,0.16917591,-0.0006190926,False,False,False,False,0.18008883,0.42316982,False,False,61090.187617718955,,15,False,False,False,False,False,False,False,False,False,False,False,False,False,False,False,False,False,False,False,False,False,i
3,61090.186195496266,lsst,149.56366750622914,1.7940623884282427,170028510512414824,170028512123551886,0,170028510512414824,-1679.7947,221.25504,0,0,0,7669.727,217.37053,False,2026021800253,90,,2.3151284e-05,2.0903877e-05,-3.9809597e-11,1883.3535,0.36997902,794.5558,0.42194822,False,-1219.6699,567.86975,False,False,True,7.509956,,1603.6853,1681,-1720.8934,15.109175,149.56367153102352,,1.794069703980418,,1.0765702,,70.270325,,,0,False,,,,,,,,0,False,False,False,9391.826,15.562396,0.11921224,0.14410587,0.059529644,0.15624651,0.1540589,-0.0047458466,False,False,False,False,0.08501498,0.30187324,False,False,61090.18799170567,,15,False,False,False,False,False,False,False,False,False,False,False,False,False,False,False,False,False,False,False,False,False,i
3,61090.18666143439,lsst,149.56366032519028,1.794042823828734,170028510512414824,170028512232603824,0,170028510512414824,-1947.9607,223.13278,0,0,0,7434.9365,220.40636,False,2026021800254,42,,2.0752246e-05,1.949046e-05,-1.6751284e-11,1925.7704,0.3486047,3424.6565,0.3757049,False,-1767.7576,563.79626,False,False,True,8.5856085,,1663.9644,1681,-1795.1055,8.092574,149.56365827625586,,1.7940443480874717,,0.5196453,,66.504166,,,0,False,,,,,,,,0,False,False,False,9390.195,15.103894,0.12645523,0.13056476,0.011685913,0.1583052,0.1573875,-0.0010463287,False,False,False,False,0.12745818,0.38352636,False,False,61090.188569273654,,16,False,False,False,False,False,False,False,False,False,False,False,False,False,False,False,False,False,False,False,False,False,i
1,61090.18851185376,lsst,149.56372556382303,1.7940189583521957,170028510512414824,170028512372064355,0,170028510512414824,-1709.6031,131.79492,0,0,0,6807.7607,132.23033,True,2026021800255,52,0.0,1.5347601e-05,1.6558322e-05,-1.6121897e-11,3635.0554,0.30091467,181.73192,0.27260882,False,-1814.091,259.22894,False,False,True,12.942121,,1726.8547,1681,-1651.844,2.0323703,149.56372469247893,,1.7940193827559379,,0.9718972,,18.089472,,,0,False,,,,,,,,0,False,False,False,8598.893,7.9020195,0.22670245,0.20558691,0.04272963,0.23732132,0.23122,0.0042007435,False,False,False,False,0.0343957,0.5043527,False,False,61090.19040484067,,26,False,False,False,False,False,False,False,False,False,False,False,False,False,False,False,False,False,False,False,False,False,g
1,61090.189136608766,lsst,149.56373055522852,1.7940419601328677,170028510512414824,170028512524107882,0,170028510512414824,-1836.6366,149.17229,0,0,0,6803.8765,150.53223,False,2026021800256,86,,1.979619e-05,2.1228814e-05,1.0819797e-10,1667.0469,0.41533056,1552.3823,0.31617635,False,-1670.9105,263.81494,False,False,True,12.120336,,1722.5836,1681,-1798.6232,4.4682,149.56373386888103,,1.7940418453752514,,1.1241813,,49.502407,,,0,False,,,,,,,,0,False,False,False,8715.375,5.549377,0.3194817,0.21090806,0.02436124,0.34363416,0.3182157,-0.002170024,False,False,False,False,0.2780241,0.46177366,False,False,61090.19101074102,,27,False,False,False,False,False,False,False,False,False,False,False,False,False,False,False,False,False,False,False,False,False,g
1,61090.189604142084,lsst,149.5637161112796,1.7940296342793893,170028510512414824,170028512636305493,0,170028510512414824,-1928.9332,133.24596,0,0,0,6690.347,133.5213,False,2026021800257,44,,1.4410437e-05,1.3886633e-05,-2.025322e-11,734.7723,0.24044827,1197.6134,0.26790684,False,-1829.8716,259.0314,False,False,True,14.403042,,1645.8693,1681,-1861.7753,8.166934,149.56371174311906,,1.7940219261468704,,0.96432066,,105.99244,,,0,False,,,,,,,,0,False,False,False,8677.106,6.55173,0.14219283,0.21235214,0.027120134,0.25604042,0.2511045,-0.0019421447,False,False,False,False,0.43628326,0.5176045,False,False,61090.19209016966,,23,False,False,False,False,False,False,False,False,False,False,False,False,False,False,False,False,False,False,False,False,False,g
1,61090.19006628476,lsst,149.5637139791302,1.7940275948924458,170028510512414824,170028512790970471,0,170028510512414824,-1848.0787,136.01575,0,0,0,6841.1636,136.4962,False,2026021800258,83,,1.9637086e-05,1.8526982e-05,-4.2362783e-11,1451.5931,0.32023606,236.80083,0.36495224,False,-1754.1632,258.0885,False,False,True,13.578259,,1701.2646,1681,-1929.3955,1.4676465,149.56371528409852,,1.7940301474988682,,1.3691982,,-10.135431,,,0,False,,,,,,,,0,False,False,False,8736.376,8.655874,0.31654337,0.29599604,-0.090913214,0.27389133,0.26002917,-0.003498072,False,False,False,False,0.13450575,0.42599058,False,False,61090.19192852716,,24,False,False,False,False,False,False,False,False,False,False,False,False,False,False,False,False,False,False,False,False,False,g
1,61090.19099295893,lsst,149.56372685286686,1.7940551149393569,170028510512414824,170028513059405922,0,170028510512414824,-1928.9395,141.984,0,0,0,6701.8613,142.84935,True,2026021800260,83,0.0,1.8050747e-05,1.7240714e-05,-1.7898768e-11,31.773426,0.30556345,1255.4738,0.32890892,False,-1795.1262,260.39532,False,False,True,13.463723,,1706.0245,1681,-1865.6027,1.4427096,149.56372704442975,,1.7940547976656447,,0.96717453,,-31.878216,,,0,False,,,,,,,,0,False,False,False,8650.489,6.6649513,0.246186,0.28215122,-0.038680054,0.29666138,0.2967632,0.0008839526,False,False,False,False,0.08523864,0.4828202,False,False,61090.19282294429,,25,False,False,False,False,False,False,False,False,False,False,False,False,False,False,False,False,False,False,False,False,False,g
1,61090.191458506844,lsst,149.5637199047535,1.7940227223516545,170028510512414824,170028513193099339,0,170028510512414824,-1869.9835,148.67273,0,0,0,6865.4326,150.55592,True,2026021800261,82,0.0,1.913982e-05,2.2481889e-05,6.960814e-11,1924.246,0.4158552,265.37192,0.3304421,False,-1974.1283,264.75656,False,False,True,12.439246,,1683.7843,1681,-1858.5864,2.9750347,149.5637237308544,,1.7940220756493457,,1.2152011,,19.741968,,,0,False,,,,,,,,0,False,False,False,8829.211,6.4143877,0.39042148,0.25266,-0.006770313,0.32357967,0.31736147,0.006373406,False,False,False,False,8.9231864e-05,0.48568565,False,False,61090.19341218383,,26,False,False,False,False,False,False,False,False,False,False,False,False,False,False,False,False,False,False,False,False,False,g
1,61090.19192419702,lsst,149.56372404201633,1.7940538795930199,170028510512414824,170028513306869920,0,170028510512414824,-1995.5377,144.75082,0,0,0,6716.315,145.73541,False,2026021800262,43,,1.8327275e-05,1.8722407e-05,5.8293335e-12,2339.4338,0.33779138,3400.53,0.32866535,False,-2196.7415,261.72003,False,False,True,13.570822,,1718.1127,1681,-1931.094,0.52976847,149.56372383272637,,1.7940517593207814,,0.9971501,,62.29277,,,0,False,,,,,,,,0,False,False,False,8737.332,6.5088367,0.32845896,0.32091704,0.044623345,0.3214612,0.30011153,0.004375612,False,False,False,False,0.015406517,0.503633,False,False,61090.19400388978,,26,False,False,False,False,False,False,False,False,False,False,False,False,False,False,False,False,False,False,False,False,False,g
1,61090.19238691061,lsst,149.56372064283747,1.7940318792502952,170028510512414824,170028513463631954,0,170028510512414824,-2012.5973,149.18582,0,0,0,6729.892,150.49512,False,2026021800263,86,,2.0351446e-05,2.0290192e-05,-8.120596e-13,2153.8088,0.36478668,988.32294,0.36607823,False,-1905.9417,265.22357,False,False,True,13.453919,,1724.3616,1681,-1896.0742,0.3634772,149.56372122569977,,1.7940319847929724,,0.63337797,,-48.715755,,,0,False,,,,,,,,0,False,False,False,8783.681,6.251809,0.30522242,0.3274268,-0.013212223,0.32783157,0.3208145,0.0066786655,False,False,False,False,0.0049100975,0.4527497,False,False,61090.19429959594,,26,False,False,False,False,False,False,False,False,False,False,False,False,False,False,False,False,False,False,False,False,False,g
1,61090.192853427056,lsst,149.56374504560472,1.7939814920709027,170028510512414824,170028513575829624,0,170028510512414824,-1840.4832,145.35522,0,0,0,6508.183,147.05301,False,2026021800264,44,,1.9710962e-05,1.8830315e-05,-8.914871e-12,564.6606,0.33764714,2854.771,0.3555394,False,-1904.4722,264.09613,False,False,True,12.532256,,1585.9076,1681,-1729.9911,3.8498516,149.5637467766748,,1.7939819761110147,,0.6308793,,80.62032,,,0,False,,,,,,,,0,False,False,False,8410.761,6.2884874,0.255027,0.2789159,0.012401994,0.3117983,0.30137593,0.0018280705,False,False,False,False,0.11995893,0.44896838,False,False,61090.19483986876,,26,False,False,False,False,False,False,False,False,False,False,False,False,False,False,False,False,False,False,False,False,False,g
1,61090.19332057845,lsst,149.56374735140133,1.7940410526621726,170028510512414824,170028513710047328,0,170028510512414824,-1823.3094,136.98721,0,0,0,6614.4585,137.62814,True,2026021800265,44,0.0,1.7540127e-05,1.9771307e-05,1.621254e-11,523.7041,0.3570282,123.06181,0.31397524,False,-1653.6156,260.8521,False,False,True,13.356293,,1708.5337,1681,-1763.5471,0.753006,149.56374549771104,,1.7940395711838375,,0.9086962,,-5.9316797,,,0,False,,,,,,,,0,False,False,False,8476.551,11.170311,0.29863784,0.23645812,-0.020450229,0.2694681,0.2566892,-0.0018160241,False,False,False,False,0.0018940502,0.48022407,False,False,61090.19514506619,,22,False,False,False,False,False,False,False,False,False,False,False,False,False,False,False,False,False,False,False,False,False,g
1,61090.193787357464,lsst,149.5637157486613,1.7940330905504505,170028510512414824,170028513841119365,0,170028510512414824,-1771.0912,155.39412,0,0,0,7105.6636,159.48802,False,2026021800266,38,,2.2259896e-05,2.550172e-05,2.1444263e-11,1108.8693,0.45980713,3882.8125,0.39944205,False,-1677.3082,270.31177,False,False,True,11.412873,,1673.292,1681,-1776.7633,2.6544614,149.5637194204307,,1.794041143930841,,1.3086455,,26.448078,,,0,False,,,,,,,,0,False,False,False,8935.761,5.7871604,0.40900493,0.2798795,0.049032263,0.33169323,0.3379216,-0.00814942,False,False,False,False,0.00690285,0.4737348,False,False,61090.19582336556,,27,False,False,False,False,False,False,False,False,False,False,False,False,False,False,False,False,False,False,False,False,False,g
1,61090.194249104345,lsst,149.56371502937608,1.7939844752426448,170028510512414824,170028513998930045,0,170028510512414824,-1813.3456,143.27576,0,0,0,6643.1685,144.7088,False,2026021800267,83,,1.8017583e-05,2.004921e-05,5.906363e-12,3037.1033,0.36076358,2558.1902,0.32379666,False,-1923.0519,263.56638,False,False,True,12.613867,,1731.5884,1681,-1738.641,1.5170857,149.563718632287,,1.793989948030921,,0.9114244,,18.524727,,,0,False,,,,,,,,0,False,False,False,8542.747,7.2536435,0.31564194,0.24996696,0.017676586,0.28902304,0.28411606,0.0023273511,False,False,False,False,0.001233698,0.4420186,False,False,61090.19612889511,,23,False,False,False,False,False,False,False,False,False,False,False,False,False,False,False,False,False,False,False,False,False,g
1,61090.19471476575,lsst,149.5637289699724,1.794034790056704,170028510512414824,170028514116370599,0,170028510512414824,-1780.9546,142.77086,0,0,0,6849.6875,141.89635,False,2026021800268,51,,1.8027293e-05,2.4031722e-05,6.610698e-12,3769.6204,0.4322174,3964.9294,0.32411936,False,-1257.7462,261.29602,False,False,True,12.570144,,1574.7742,1681,-1738.7236,0.28263816,149.5637292322999,,1.7940386947956177,,1.0744419,,5.7427864,,,0,False,,,,,,,,0,False,False,False,8705.074,6.791555,0.35349438,0.24856116,0.007819279,0.29500327,0.27714628,0.0007946972,False,False,False,False,0.019314615,0.45259473,False,False,61090.19660822106,,23,False,False,False,False,False,False,False,False,False,False,False,False,False,False,False,False,False,False,False,False,False,g
1,61090.19518579271,lsst,149.56372601061344,1.7940168263223144,170028510512414824,170028514244821148,0,170028510512414824,-1985.2152,133.81487,0,0,0,6507.1323,134.19882,False,2026021800269,40,,1.5794316e-05,1.8674567e-05,-2.4706842e-12,694.2544,0.33608755,2767.108,0.28418127,False,-2388.0366,263.524,False,False,True,14.842506,,1747.3282,1681,-1921.386,0.024305709,149.56372189726025,,1.7940161274820672,,0.90455,,-19.351076,,,0,False,,,,,,,,0,False,False,False,8542.227,7.5963044,0.3045902,0.24514613,-0.02164766,0.2402728,0.23668706,0.0060247877,False,False,False,False,0.12953867,0.52249557,False,False,61090.19709664128,,24,False,False,False,False,False,False,False,False,False,False,False,False,False,False,False,False,False,False,False,False,False,g
4,61090.19701994756,lsst,149.56375973810663,1.7940660138501061,170028510512414824,170028514385854611,0,170028510512414824,-2737.5537,487.9724,0,0,0,8137.468,493.66043,False,2026021800270,53,,5.1555096e-05,5.108333e-05,-3.516211e-10,3926.4258,0.9833813,2015.0369,0.85957646,False,-4026.734,1030.6001,False,False,True,5.494497,,1641.7438,1681,-3148.2715,41.83931,149.5637129201378,,1.7940627565838494,,2.1311278,,-83.77929,,,0,False,,,,,,,,0,False,False,False,11003.743,27.568377,0.5720704,0.43579233,-0.22980368,0.23980081,0.2661903,0.007672489,False,False,False,False,0.99801016,0.4351694,False,False,61090.198692914666,,16,False,False,False,False,False,False,False,False,False,False,False,False,False,False,False,False,False,False,False,False,False,z
2,61090.20557180919,lsst,149.56370167280687,1.7940390038122827,170028510512414824,170028516402790549,0,170028510512414824,-2035.0092,188.24577,0,0,0,6526.5146,188.59401,False,2026021800285,60,,2.16232e-05,2.2922608e-05,1.1606126e-10,372.11246,0.34925053,2582.7986,0.44653377,False,-2160.4402,376.06998,False,False,True,10.780166,,1623.2386,1681,-2171.1248,1.6964945,149.5637053732438,,1.7940356915698816,,1.6100867,,34.00655,,,0,False,,,,,,,,0,False,False,False,8612.477,9.451611,0.19301148,0.45643145,0.018634839,0.2725366,0.25964144,0.0029633183,False,False,False,False,0.27575356,0.4576895,False,False,61090.207362905974,,24,False,False,False,False,False,False,False,False,False,False,False,False,False,False,False,False,False,False,False,False,False,r
2,61090.20618903403,lsst,149.56366210120555,1.7940221833666319,170028510512414824,170028516549066852,0,170028510512414824,-1448.1583,234.29013,0,0,0,7343.6074,239.49916,False,2026021800286,83,,4.695606e-05,4.0685893e-05,-3.1141797e-11,3474.6821,0.73144066,903.65344,0.8449888,False,-1229.6942,391.1792,False,False,True,6.1923027,,1608.2743,1681,-1501.3365,11.1957445,149.56366061010306,,1.7940141707476458,,1.517749,,55.362198,,,0,False,,,,,,,,0,False,False,False,8835.731,6.6935635,0.40091413,0.45547625,0.10680001,0.40628925,0.4221653,-0.005846296,False,False,False,False,0.011690148,0.25095454,False,False,61090.20815447497,,22,False,False,False,False,False,False,False,False,False,False,False,False,False,False,False,False,False,False,False,False,False,r
2,61090.20665668342,lsst,149.5636473123785,1.7940482254048677,170028510512414824,170028516664934499,0,170028510512414824,-1591.5986,251.85318,0,0,0,7189.773,259.07913,False,2026021800287,48,,3.99576e-05,3.0806714e-05,-6.3019763e-12,3430.717,0.55419034,1554.3274,0.7191283,False,-1464.4741,398.22122,False,False,True,6.1731358,,1727.8726,1681,-1536.9901,3.6500783,149.5636478389162,,1.7940522479865988,,1.1483904,,-88.92816,,,0,False,,,,,,,,0,False,False,False,8810.713,6.618956,0.18130313,0.3075479,-0.0011702398,0.466135,0.48712796,-0.014036134,False,False,False,False,0.9407557,0.22581707,False,False,61090.20858122673,,22,False,False,False,False,False,False,False,False,False,False,False,False,False,False,False,False,False,False,False,False,False,r
2,61090.207120104984,lsst,149.5637166280886,1.7941056219463694,170028510512414824,170028516800725086,0,170028510512414824,-1440.5842,219.28456,0,0,0,6871.162,223.13579,True,2026021800288,51,0.0,4.0014846e-05,4.05533e-05,-2.2543803e-12,2160.9546,0.72941995,454.76517,0.7199023,False,-1043.0957,391.2893,False,False,True,6.7774305,,1703.1389,1681,-1378.8236,2.9295077,149.56371306089122,,1.7941026151945636,,0.7579789,,34.106865,,,0,False,,,,,,,,0,False,False,False,8414.384,7.62564,0.31625792,0.3020006,0.024054956,0.330772,0.3451726,-0.0035855847,False,False,False,False,0.05961048,0.32911947,False,False,61090.20896917612,,20,False,False,False,False,False,False,False,False,False,False,False,False,False,False,False,False,False,False,False,False,False,r
2,61090.20758356889,lsst,149.56365911608677,1.7940685483568126,170028510512414824,170028516930748543,0,170028510512414824,-1575.1744,244.36865,0,0,0,7172.5293,250.17747,False,2026021800289,43,,4.6936428e-05,4.085713e-05,5.2757493e-11,2564.3198,0.7341219,2242.4573,0.84555316,False,-1756.4121,397.47067,False,False,True,6.3455505,,1669.3328,1681,-1525.7244,15.478566,149.56366738045654,,1.7940746728070454,,1.215128,,-60.74798,,,0,False,,,,,,,,0,False,False,False,8792.4,6.599197,0.2632364,0.3115788,-0.065911494,0.4326703,0.4565808,-0.0014671467,False,False,False,False,0.7506741,0.21483299,False,False,61090.20964874529,,23,False,False,False,False,False,False,False,False,False,False,False,False,False,False,False,False,False,False,False,False,False,r
2,61090.20805073771,lsst,149.56372419655753,1.7940735758086046,170028510512414824,170028517069160542,0,170028510512414824,-1425.1047,214.47554,0,0,0,7156.748,217.31326,False,2026021800290,51,,3.9640985e-05,3.617103e-05,4.0651676e-11,408.45242,0.6491503,494.02832,0.7146573,False,-1644.1654,388.42197,False,False,True,6.5258455,,1721.1271,1681,-1339.8673,7.23245,149.5637185795984,,1.7940696345010636,,0.9403167,,-62.439507,,,0,False,,,,,,,,0,False,False,False,8591.151,8.741307,0.23616324,0.2605226,-0.03845734,0.32666293,0.3469253,-0.00095785793,False,False,False,False,0.4401931,0.28409615,False,False,61090.20997557334,,21,False,False,False,False,False,False,False,False,False,False,False,False,False,False,False,False,False,False,False,False,False,r
2,61090.208516529354,lsst,149.5637409832761,1.7940187826226794,170028510512414824,170028517198135417,0,170028510512414824,-1731.7394,212.33276,0,0,0,6574.477,215.14442,False,2026021800291,41,,5.5139506e-05,4.894607e-05,1.3687941e-10,3279.5247,0.87543476,2585.7449,0.99681515,False,-2101.401,388.89166,False,False,True,8.070021,,1742.0168,1681,-2005.0581,4.358991,149.56375362784888,,1.7940172204605849,,2.0898364,,53.42529,,,0,False,,,,,,,,0,False,False,False,8457.004,9.46679,0.4524214,0.73570585,0.1687308,0.31834972,0.33701733,-0.0008127834,False,False,False,False,0.9955263,0.41269004,False,False,61090.21066309407,,25,False,False,False,False,False,False,False,False,False,False,False,False,False,False,False,False,False,False,False,False,False,r
2,61090.209911183556,lsst,149.56374934739011,1.794077334627063,170028510512414824,170028517604458639,0,170028510512414824,-1691.7836,200.36687,0,0,0,6508.8887,202.75671,False,2026021800294,48,,2.7106453e-05,3.3784105e-05,-1.7810364e-10,2325.8364,0.6253382,2823.307,0.46502775,False,-1094.5717,386.96054,False,False,True,8.596343,,1720.7773,1681,-1689.9823,5.727093,149.56375292770645,,1.7940753360446784,,1.1240267,,-26.540361,,,0,False,,,,,,,,0,False,False,False,8292.939,9.845181,0.33436766,0.21853882,-0.012181026,0.27484313,0.28161177,-0.010947551,False,False,False,False,0.00028256746,0.28414243,False,False,61090.21190304017,,20,False,False,False,False,False,False,False,False,False,False,False,False,False,False,False,False,False,False,False,False,False,r
2,61090.21037865158,lsst,149.5636857202478,1.7940723793531206,170028510512414824,170028517738676348,0,170028510512414824,-1836.1842,172.98714,0,0,0,6739.834,173.88698,False,2026021800295,48,,1.7464787e-05,1.9646312e-05,-4.345639e-11,3822.8235,0.36198443,543.4984,0.30444664,False,-1803.6733,378.1556,False,False,True,10.487833,,1763.321,1681,-1699.7748,3.5364487,149.56368690926536,,1.7940721495073728,,0.7035781,,-17.61203,,,0,False,,,,,,,,0,False,False,False,8608.419,12.114655,0.18492422,0.14130583,0.0045527527,0.2112017,0.20008785,-0.0035973447,False,False,False,False,0.19728144,0.47045976,False,False,61090.21223743998,,18,False,False,False,False,False,False,False,False,False,False,False,False,False,False,False,False,False,False,False,False,False,r
2,61090.21084512786,lsst,149.563679225736,1.7940421572693055,170028510512414824,170028517871845498,0,170028510512414824,-1636.116,181.91458,0,0,0,7111.828,183.606,False,2026021800296,46,,2.5514333e-05,3.2026604e-05,-2.45323e-10,2714.3484,0.6093716,1216.0692,0.41440964,False,-1888.4884,382.4756,False,False,True,8.911913,,1720.1702,1681,-1988.8833,2.6011488,149.56368134883303,,1.7940486462330922,,2.1376898,,-46.37943,,,0,False,,,,,,,,0,False,False,False,8766.47,10.730688,0.5773172,0.17486699,-0.16971739,0.22691707,0.23365745,-0.021750337,False,False,False,False,0.9005195,0.44719237,False,False,61090.212928792454,,22,False,False,False,False,False,False,False,False,False,False,False,False,False,False,False,False,False,False,False,False,False,r
2,61090.211308147875,lsst,149.56370369616593,1.7940405381484597,170028510512414824,170028518008684768,0,170028510512414824,-1880.2122,162.37994,0,0,0,6674.992,160.58803,False,2026021800297,51,,1.5773807e-05,1.6620796e-05,-2.3537405e-11,2131.818,0.30620253,3267.7996,0.27595136,False,-1681.1897,379.31323,False,False,True,11.601688,,1641.162,1681,-1790.8105,3.1164062,149.56370630160845,,1.7940381342646567,,0.7297106,,-46.108837,,,0,False,,,,,,,,0,False,False,False,8576.699,17.001173,0.18421645,0.14356625,-0.012946377,0.17721364,0.17191046,-0.004842152,False,False,False,False,0.01615509,0.47366717,False,False,61090.213148874376,,18,False,False,False,False,False,False,False,False,False,False,False,False,False,False,False,False,False,False,False,False,False,r
2,61090.21177405331,lsst,149.56371843646582,1.7940393991225585,170028510512414824,170028518143426747,0,170028510512414824,-1584.8063,173.7563,0,0,0,6855.1333,171.76337,False,2026021800298,52,,3.3239612e-05,3.8122475e-05,-3.7957007e-10,3631.7654,0.7409258,3725.4082,0.5280088,False,-1684.1693,383.9149,False,False,True,9.104433,,1607.4692,1681,-1742.4089,4.0168138,149.5637132964538,,1.7940487448646754,,1.4633859,,-22.711002,,,0,False,,,,,,,,0,False,False,False,8481.11,13.27326,0.39641124,0.19384235,0.03674308,0.20181672,0.19036591,-0.0037373984,False,False,False,False,0.71316576,0.4780786,False,False,61090.21370803563,,19,False,False,False,False,False,False,False,False,False,False,False,False,False,False,False,False,False,False,False,False,False,r
2,61090.212240906156,lsst,149.56371901702786,1.7940795870619868,170028510512414824,170028518273974396,0,170028510512414824,-1529.8834,189.5263,0,0,0,6799.5156,189.69318,False,2026021800299,45,,2.7229404e-05,2.6553536e-05,5.2843424e-11,1326.6205,0.46484062,1185.8704,0.5026153,False,-1018.90765,386.49997,False,False,True,8.0358,,1721.4878,1681,-1431.5128,3.5557437,149.5637173388654,,1.7940820411050573,,0.7790718,,-74.35104,,,0,False,,,,,,,,0,False,False,False,8422.445,9.962633,0.23128705,0.21956179,-0.026434718,0.24072017,0.2525713,-0.010787064,False,False,False,False,0.044620473,0.3030093,False,False,61090.21408539741,,20,False,False,False,False,False,False,False,False,False,False,False,False,False,False,False,False,False,False,False,False,False,r
3,61090.21412580824,lsst,149.5636608517308,1.794043881208378,170028510512414824,170028518412386397,0,170028510512414824,-2034.0591,295.85458,0,0,0,7422.2725,297.6591,False,2026021800300,53,,3.4155877e-05,3.3928864e-05,1.10530245e-10,3272.38,0.5824941,1637.0605,0.64121914,False,-1405.6573,633.2806,False,False,True,6.839959,,1752.8376,1681,-2181.874,32.3819,149.56367308051097,,1.7940298028744677,,1.6379119,,20.4807,,,0,False,,,,,,,,0,False,False,False,9534.755,11.738487,0.17073204,0.3467236,0.11774928,0.2636578,0.21677038,0.0064576846,False,False,False,False,0.035019785,0.35908377,False,False,61090.21583955476,,18,False,False,False,False,False,False,False,False,False,False,False,False,False,False,False,False,False,False,False,False,False,i
3,61090.215617639304,lsst,149.56365117093304,1.7939868567498949,170028510512414824,170028518813991018,0,170028510512414824,-1963.6306,270.03598,0,0,0,6627.4067,268.10318,True,2026021800303,51,0.0,3.396656e-05,5.1422332e-05,-2.5203412e-10,3356.2288,0.93237525,58.46487,0.60021776,False,-2556.135,643.26855,False,False,True,7.2400217,,1657.6293,1681,-2179.1768,3.5202181,149.5636568856935,,1.793979532301366,,1.6694934,,-37.41375,,,0,False,,,,,,,,0,False,False,False,8729.54,13.401832,0.34651312,0.174909,-0.12799965,0.18767974,0.17589243,0.0035911354,False,False,False,False,0.57518786,0.42831895,False,False,61090.21751337347,,16,False,False,False,False,False,False,False,False,False,False,False,False,False,False,False,False,False,False,False,False,False,i
3,61090.21608362456,lsst,149.56369359235228,1.7940922927288303,170028510512414824,170028518944014494,0,170028510512414824,-1587.9489,264.55124,0,0,0,7527.2812,263.1594,False,2026021800304,43,,4.0954747e-05,4.0300223e-05,1.1413503e-11,3592.471,0.72480345,891.27246,0.737665,False,-357.33234,643.89136,False,False,True,5.9827156,,1695.6744,1681,-1971.9811,3.3287196,149.56373214446143,,1.7940917441338968,,1.8844734,,-52.421368,,,0,False,,,,,,,,0,False,False,False,9164.902,14.322591,0.38339505,0.31711885,-0.19048215,0.18280537,0.16778554,0.00055231946,False,False,False,False,0.98728573,0.23251697,False,False,61090.217995216444,,14,False,False,False,False,False,False,False,False,False,False,False,False,False,False,False,False,False,False,False,False,False,i
3,61090.21748062823,lsst,149.56368498020828,1.7940703616200242,170028510512414824,170028519349289059,0,170028510512414824,-1501.9594,289.36426,0,0,0,8010.664,290.37933,False,2026021800307,48,,3.909028e-05,4.912702e-05,-4.0602843e-10,1535.0831,0.91245127,1259.4633,0.6663067,False,-1860.6102,630.6518,False,False,True,5.1152873,,1671.9362,1681,-1542.6351,34.673393,149.56368870046367,,1.7940499921705622,,1.3608345,,19.631481,,,0,False,,,,,,,,0,False,False,False,9550.213,11.79019,0.21923295,0.19128153,0.09675598,0.22272938,0.24125347,0.005677927,False,False,False,False,0.07410879,0.26530355,False,False,61090.21931585607,,14,False,False,False,False,False,False,False,False,False,False,False,False,False,False,False,False,False,False,False,False,False,i
3,61090.21840949553,lsst,149.56369031632036,1.7940841782951564,170028510512414824,170028519617724550,0,170028510512414824,-2008.2556,273.3764,0,0,0,7239.657,272.41104,False,2026021800309,48,,2.8674149e-05,2.7093269e-05,6.1873694e-11,3743.5012,0.4767976,2449.7214,0.5260413,False,-1343.1915,632.5817,False,False,True,7.2126975,,1671.0504,1681,-2115.7178,7.3626347,149.56368607778185,,1.794087436759499,,1.4205339,,-56.23668,,,0,False,,,,,,,,0,False,False,False,9283.473,13.621958,0.25941682,0.14299038,-0.092778295,0.19912039,0.21221441,-0.003507904,False,False,False,False,0.0024182242,0.24127598,False,False,61090.22034743593,,16,False,False,False,False,False,False,False,False,False,False,False,False,False,False,False,False,False,False,False,False,False,i
3,61090.21887727787,lsst,149.56360611111103,1.7939954342078281,170028510512414824,170028519752466521,0,170028510512414824,-1586.45,270.56693,0,0,0,6742.8633,270.32,True,2026021800310,49,0.0,0.00012198053,0.00011837562,7.644341e-10,1270.2454,2.0959666,360.30646,2.2286098,False,-2635.7603,631.1355,False,False,True,6.0064816,,1790.9602,1681,-2082.6294,53.90746,149.56361580359965,,1.7939771407489125,,1.969047,,-100.97197,,,0,False,,,,,,,,0,False,False,False,8356.392,13.00415,0.2636266,0.58508503,-0.12775688,0.1900956,0.21479812,-0.005225768,False,False,False,False,0.99771196,0.43061838,False,False,61090.220725529405,,16,False,False,False,False,False,False,False,False,False,False,False,False,False,False,False,False,False,False,False,False,False,i
3,61090.22027472742,lsst,149.56372133783827,1.7940000383627535,170028510512414824,170028520157216905,0,170028510512414824,-1856.2689,325.73282,0,0,0,7168.0825,328.91208,False,2026021800313,53,,3.717234e-05,3.787673e-05,-1.3574131e-10,179.81091,0.7074811,3957.2336,0.64117146,False,-2366.1772,649.2266,False,False,True,5.5034423,,1762.2804,1681,-1763.0463,36.060196,149.56371161837328,,1.7940173285453036,,1.1441462,,-25.407692,,,0,False,,,,,,,,0,False,False,False,9136.79,11.037292,0.2208121,0.102093205,0.03192512,0.29266265,0.2706921,0.0085492255,False,False,False,False,0.72240937,0.23288831,False,False,61090.22210466604,,16,False,False,False,False,False,False,False,False,False,False,False,False,False,False,False,False,False,False,False,False,False,i
1,61090.22258711555,lsst,149.56371362680227,1.7940238783261586,170028510512414824,170028520424603721,0,170028510512414824,-1850.0542,173.01692,0,0,0,7131.335,177.60672,False,2026021800315,51,,3.272243e-05,2.7285989e-05,-5.1492175e-11,2723.7603,0.48805636,715.01074,0.59076935,False,-1888.105,267.9425,False,False,True,10.665649,,1611.9778,1681,-1914.4113,5.5672746,149.56371069109966,,1.7940293893775037,,1.5245281,,-78.19245,,,0,False,,,,,,,,0,False,False,False,9030.063,4.420142,0.36123067,0.5798351,-0.011742037,0.49031493,0.4618768,0.0028930104,False,False,False,False,0.0016210253,0.37505975,False,False,61090.224523310986,,31,False,False,False,False,False,False,False,False,False,False,False,False,False,False,False,False,False,False,False,False,False,g
1,61090.22305840437,lsst,149.56372510419416,1.794028738999732,170028510512414824,170028520575598664,0,170028510512414824,-1914.629,176.25476,0,0,0,7018.3193,181.06755,False,2026021800316,83,,2.4924731e-05,3.790903e-05,7.4487576e-11,3285.8003,0.68335277,1169.1426,0.44580892,False,-1785.47,270.11508,False,False,True,10.827183,,1719.5538,1681,-2083.7861,7.4278035,149.56372932521552,,1.7940321794611411,,1.987706,,-18.914398,,,0,False,,,,,,,,0,False,False,False,9023.816,4.371946,0.64151895,0.37265325,-0.15034352,0.48679283,0.48720455,0.0036457812,False,False,False,False,0.020464776,0.3874294,False,False,61090.225092592664,,31,False,False,False,False,False,False,False,False,False,False,False,False,False,False,False,False,False,False,False,False,False,g
1,61090.22352579983,lsst,149.56370910887918,1.7940314299034457,170028510512414824,170028520691466320,0,170028510512414824,-2052.901,166.88405,0,0,0,6753.129,170.52058,False,2026021800317,48,,2.3539027e-05,2.685409e-05,7.1304503e-12,2973.177,0.48307434,1678.6262,0.42341578,False,-2005.2577,266.10773,False,False,True,12.316709,,1661.8544,1681,-2222.8657,8.244715,149.56370779893834,,1.7940305378393528,,1.8720113,,-35.797092,,,0,False,,,,,,,,0,False,False,False,8938.766,4.4511104,0.5045427,0.42198533,-0.17293216,0.45524192,0.43089116,0.01030223,False,False,False,False,0.022727277,0.48748314,False,False,61090.22550340224,,30,False,False,False,False,False,False,False,False,False,False,False,False,False,False,False,False,False,False,False,False,False,g
1,61090.22399201628,lsst,149.56374829270473,1.794039820463105,170028510512414824,170028520827256892,0,170028510512414824,-1719.7682,188.11447,0,0,0,7119.644,194.68771,False,2026021800318,51,,3.649605e-05,3.9580656e-05,-2.998136e-12,1812.6895,0.7117557,610.04297,0.65644276,False,-1691.4602,274.7719,False,False,True,9.167172,,1718.3813,1681,-1744.0334,2.6906729,149.56374841098338,,1.7940434238760525,,1.1324599,,-24.828136,,,0,False,,,,,,,,0,False,False,False,8967.793,4.201044,0.60946745,0.5342608,-0.04224389,0.5723208,0.5778919,-0.006447045,False,False,False,False,0.00045607216,0.32313207,False,False,61090.22630502985,,31,False,False,False,False,False,False,False,False,False,False,False,False,False,False,False,False,False,False,False,False,False,g
1,61090.22446261891,lsst,149.5636931261742,1.7940207885901926,170028510512414824,170028520957280373,0,170028510512414824,-1706.5879,166.2175,0,0,0,7227.2046,169.71248,False,2026021800319,43,,3.0867697e-05,2.6905404e-05,1.4317219e-11,2274.3684,0.4837334,2675.2285,0.5555284,False,-1670.6744,266.5465,False,False,True,10.290164,,1636.5588,1681,-1735.1866,6.0744276,149.5636950313356,,1.7940264568401822,,1.4051484,,-85.97093,,,0,False,,,,,,,,0,False,False,False,9000.376,4.6124616,0.30408216,0.4845265,-0.024752386,0.4190348,0.4180239,0.00949288,False,False,False,False,0.03440729,0.37205645,False,False,61090.226601908194,,29,False,False,False,False,False,False,False,False,False,False,False,False,False,False,False,False,False,False,False,False,False,g
1,61090.22492843913,lsst,149.56374585255412,1.793980104934876,170028510512414824,170028521095692374,0,170028510512414824,-1881.4026,149.13846,0,0,0,6459.9927,151.4278,False,2026021800320,51,,2.1052612e-05,1.89622e-05,9.828435e-12,67.187874,0.34047833,688.7497,0.37917498,False,-1724.5165,260.29285,False,False,True,12.575601,,1612.7781,1681,-1877.8274,3.2440338,149.56374139136543,,1.7939773039082225,,1.2125467,,59.64003,,,0,False,,,,,,,,0,False,False,False,8418.581,5.86097,0.22897117,0.32412404,0.051669836,0.3623326,0.32677308,-0.00022076826,False,False,False,False,0.28468686,0.44027644,False,False,61090.22681641058,,26,False,False,False,False,False,False,False,False,False,False,False,False,False,False,False,False,False,False,False,False,False,g
1,61090.225396120295,lsst,149.5637111549554,1.793997903894082,170028510512414824,170028521224667226,0,170028510512414824,-2013.8595,167.05693,0,0,0,6826.2515,170.78189,False,2026021800321,41,,2.4302246e-05,2.8051454e-05,-3.4425577e-11,2856.9187,0.5064124,2819.574,0.435034,False,-1969.6323,268.96683,False,False,True,11.998835,,1661.7992,1681,-1917.5477,0.038055416,149.56370833661654,,1.7939946227952328,,0.7813138,,10.495511,,,0,False,,,,,,,,0,False,False,False,8920.48,4.7945147,0.4647153,0.4244887,0.016992472,0.43137062,0.40697277,-0.0007349724,False,False,False,False,0.037787583,0.44712773,False,False,61090.227452989726,,29,False,False,False,False,False,False,False,False,False,False,False,False,False,False,False,False,False,False,False,False,False,g
1,61090.225862096835,lsst,149.5637243152572,1.7940119250582067,170028510512414824,170028521358884939,0,170028510512414824,-1968.928,178.75154,0,0,0,6909.316,184.01042,False,2026021800322,41,,2.2305941e-05,2.4361776e-05,-2.2713244e-11,3801.7615,0.440009,2089.074,0.39924607,False,-1683.2247,273.6158,False,False,True,10.842879,,1678.5316,1681,-1936.3267,6.083264,149.56372035850683,,1.7940237524414604,,1.3265486,,-37.633793,,,0,False,,,,,,,,0,False,False,False,9026.167,4.4112625,0.3515459,0.24199001,-0.06557476,0.5026416,0.48446864,-0.0059058215,False,False,False,False,0.85898215,0.42174676,False,False,61090.22806099219,,28,False,False,False,False,False,False,False,False,False,False,False,False,False,False,False,False,False,False,False,False,False,g
1,61090.22632448294,lsst,149.5636921762291,1.7939868325800816,170028510512414824,170028521515122749,0,170028510512414824,-2067.0972,188.56056,0,0,0,6853.6455,196.18726,False,2026021800323,83,,3.522323e-05,2.4225285e-05,2.0260911e-10,3978.7615,0.4136574,898.82227,0.64798445,False,-1829.2266,275.66003,False,False,True,10.925357,,1657.2314,1681,-2323.8525,4.8641763,149.56367050164283,,1.7939890466829178,,2.3209827,,-95.27414,,,0,False,,,,,,,,0,False,False,False,9090.609,4.1738787,0.32387763,0.85558635,-0.1034073,0.58437085,0.5982354,-0.011535532,False,False,False,False,0.00010416212,0.35986972,False,False,61090.228605256925,,34,False,False,False,False,False,False,False,False,False,False,False,False,False,False,False,False,False,False,False,False,False,g
1,61090.226792596615,lsst,149.5636911229629,1.7940289982892481,170028510512414824,170028521630990432,0,170028510512414824,-1894.5863,165.04953,0,0,0,6976.981,168.39235,False,2026021800324,48,,2.568271e-05,3.0232884e-05,-9.6855655e-11,1913.248,0.55331033,2937.8877,0.45042378,False,-1879.4882,268.85782,False,False,True,11.442127,,1647.854,1681,-1885.8577,0.3871604,149.56368996297243,,1.79402332721961,,1.2065157,,4.0789723,,,0,False,,,,,,,,0,False,False,False,8968.714,5.4400363,0.50463647,0.4123302,0.04683332,0.43534794,0.38311625,-0.003605136,False,False,False,False,0.13753153,0.4477362,False,False,61090.22883515543,,29,False,False,False,False,False,False,False,False,False,False,False,False,False,False,False,False,False,False,False,False,False,g
1,61090.22725824319,lsst,149.56369915173272,1.794009606816146,170028510512414824,170028521765208121,0,170028510512414824,-2036.0934,169.96208,0,0,0,6884.634,174.53789,False,2026021800325,48,,2.3574345e-05,2.5487558e-05,-4.399599e-11,3336.7607,0.4644843,615.5405,0.4174837,False,-2224.9045,269.91003,False,False,True,11.705458,,1675.1367,1681,-2009.6584,1.6123879,149.56369775854367,,1.7940141181315838,,1.3471649,,-7.3089995,,,0,False,,,,,,,,0,False,False,False,8999.672,4.776204,0.5031426,0.35499176,0.040149312,0.44727114,0.4208649,0.007190841,False,False,False,False,0.001437538,0.41946653,False,False,61090.229332974384,,30,False,False,False,False,False,False,False,False,False,False,False,False,False,False,False,False,False,False,False,False,False,g
1,61090.227725356526,lsst,149.56368165087082,1.7940638011710903,170028510512414824,170028521898377291,0,170028510512414824,-2128.0662,158.52972,0,0,0,6709.771,161.75266,False,2026021800326,46,,1.6996188e-05,1.9633728e-05,-5.4960588e-11,2109.3423,0.36433223,1186.887,0.29247078,False,-1778.9744,266.45865,False,False,True,13.291654,,1687.9058,1681,-2105.1155,2.036767,149.5636817402854,,1.7940643413804147,,1.3044165,,-35.418633,,,0,False,,,,,,,,0,False,False,False,8903.49,5.1780663,0.37628523,0.22430491,-0.030920347,0.37170565,0.37256154,0.0057980814,False,False,False,False,0.29278776,0.48681718,False,False,61090.229765287164,,28,False,False,False,False,False,False,False,False,False,False,False,False,False,False,False,False,False,False,False,False,False,g
1,61090.22819024716,lsst,149.56367210314272,1.794066472428725,170028510512414824,170028522035216483,0,170028510512414824,-1663.4738,166.08487,0,0,0,7183.6167,169.8687,False,2026021800327,51,,3.2961136e-05,3.3273733e-05,-1.5359082e-11,1891.4718,0.6005207,3392.8513,0.590539,False,-1869.8895,266.75076,False,False,True,9.852992,,1679.03,1681,-1776.8838,2.6402647,149.5636731738573,,1.7940762284761465,,1.936989,,-97.23751,,,0,False,,,,,,,,0,False,False,False,8987.497,4.774367,0.36315757,0.6482122,-0.12503837,0.43359894,0.40089872,0.010095944,False,False,False,False,0.37356296,0.4001858,False,False,61090.23028434387,,29,False,False,False,False,False,False,False,False,False,False,False,False,False,False,False,False,False,False,False,False,False,g
1,61090.22865572484,lsst,149.56370562053715,1.7940146514573652,170028510512414824,170028522169958490,0,170028510512414824,-1912.4873,163.16104,0,0,0,7003.3174,165.59688,False,2026021800328,52,,2.4417057e-05,2.5129302e-05,-3.2302955e-11,3405.127,0.45861718,3654.1128,0.43197465,False,-1676.8099,264.25687,False,False,True,11.828274,,1718.2223,1681,-1956.1068,4.137746,149.5637009208607,,1.7940130402691186,,1.5257899,,11.262446,,,0,False,,,,,,,,0,False,False,False,8992.518,4.8624306,0.39807633,0.3743797,0.11271222,0.40846458,0.3983546,0.0025455717,False,False,False,False,0.018090626,0.4564402,False,False,61090.230699203414,,28,False,False,False,False,False,False,False,False,False,False,False,False,False,False,False,False,False,False,False,False,False,g
1,61090.22912295166,lsst,149.56369281758614,1.794029304149699,170028510512414824,170028522300506197,0,170028510512414824,-1998.2954,164.34627,0,0,0,7008.1094,168.53455,False,2026021800329,45,,2.1968683e-05,2.1025331e-05,4.787548e-11,708.28,0.36439398,1352.3594,0.4082323,False,-1573.1063,263.6182,False,False,True,12.124603,,1785.7314,1681,-1973.2954,7.966338,149.5636992165305,,1.7940292485059899,,1.1475717,,-96.9729,,,0,False,,,,,,,,0,False,False,False,9107.966,4.851455,0.2824185,0.35545945,-0.048832927,0.43121034,0.41624346,0.0048368853,False,False,False,False,0.47662324,0.436879,False,False,61090.2310967112,,30,False,False,False,False,False,False,False,False,False,False,False,False,False,False,False,False,False,False,False,False,False,g
2,61090.239840525035,lsst,149.56367680280604,1.7940390591934434,170028510512414824,170028524602130543,0,170028510512414824,-1634.8689,182.81398,0,0,0,7002.2393,181.5907,True,2026021800346,83,0.0,2.7032835e-05,1.729381e-05,9.827698e-12,3911.6802,0.31096408,348.75192,0.48636794,False,-1536.6498,382.67764,False,False,True,8.823612,,1673.5302,1681,-1738.1917,10.925475,149.5636648384292,,1.7940463561936977,,1.5268483,,73.80442,,,0,False,,,,,,,,0,False,False,False,8638.502,9.89075,0.11820646,0.33893186,0.063116886,0.24178092,0.22860096,0.010436961,False,False,False,False,0.0046441318,0.37235048,False,False,61090.241772014706,,20,False,False,False,False,False,False,False,False,False,False,False,False,False,False,False,False,False,False,False,False,False,r
2,61090.240308331515,lsst,149.56368036777937,1.794049101988901,170028510512414824,170028524718522456,0,170028510512414824,-2119.5244,194.43277,0,0,0,6576.581,195.15831,False,2026021800347,49,,1.9791378e-05,1.9565608e-05,5.8312074e-13,270.18518,0.35195997,1355.8243,0.35620072,False,-2499.0981,385.69308,False,False,True,10.775663,,1736.8684,1681,-1948.4902,5.7853365,149.56368386726533,,1.794047801407963,,0.5103614,,-71.3164,,,0,False,,,,,,,,0,False,False,False,8693.622,8.967098,0.19063607,0.206349,-0.008006619,0.28529462,0.26024824,0.010870285,False,False,False,False,0.39667326,0.5077651,False,False,61090.24210158872,,22,False,False,False,False,False,False,False,False,False,False,False,False,False,False,False,False,False,False,False,False,False,r
2,61090.24077445308,lsst,149.5636773062533,1.794000123962917,170028510512414824,170028524853788751,0,170028510512414824,-1594.9475,201.41385,0,0,0,6844.206,203.45871,True,2026021800348,51,0.0,4.097866e-05,2.876949e-05,1.0912047e-10,2968.758,0.5131872,140.76389,0.740341,False,-1796.1245,387.38278,False,False,True,7.9141803,,1720.7817,1681,-1741.8496,4.3453646,149.5637043059236,,1.7939998375280375,,1.6734622,,-81.96553,,,0,False,,,,,,,,0,False,False,False,8514.475,8.34222,0.2338068,0.48059097,-0.072552666,0.30734608,0.29354653,0.008842549,False,False,False,False,0.23488021,0.39066154,False,False,61090.24265071565,,23,False,False,False,False,False,False,False,False,False,False,False,False,False,False,False,False,False,False,False,False,False,r
2,61090.24124078986,lsst,149.56373725456217,1.7940043435468465,170028510512414824,170028524983812236,0,170028510512414824,-1748.0028,196.71625,0,0,0,6502.9897,198.13272,False,2026021800349,43,,2.3246632e-05,2.4028792e-05,-7.1114165e-12,3226.9905,0.43284872,1302.0245,0.41778105,False,-1854.5708,383.4446,False,False,True,8.793286,,1711.7372,1681,-1626.5674,6.843155,149.5637398200053,,1.7940088762852788,,0.7154454,,35.32764,,,0,False,,,,,,,,0,False,False,False,8296.459,10.168123,0.20225045,0.20297772,0.022734635,0.27779692,0.27372807,0.00516591,False,False,False,False,0.384135,0.4791213,False,False,61090.24314803179,,21,False,False,False,False,False,False,False,False,False,False,False,False,False,False,False,False,False,False,False,False,False,r
2,61090.241708757756,lsst,149.56368922104753,1.7940177411393758,170028510512414824,170028525122224234,0,170028510512414824,-1844.2751,188.11536,0,0,0,6617.6235,187.55132,False,2026021800350,51,,2.5344945e-05,2.5060895e-05,3.3665605e-12,1211.775,0.45053983,42.648716,0.45630682,False,-1819.0201,384.01163,False,False,True,9.766193,,1657.698,1681,-1756.7518,0.38063088,149.56368917381027,,1.7940204798478845,,0.744832,,57.642002,,,0,False,,,,,,,,0,False,False,False,8548.556,11.860782,0.26192388,0.30004638,0.015068491,0.26590684,0.24062076,-0.01122459,False,False,False,False,0.07298052,0.39545965,False,False,61090.243540136944,,21,False,False,False,False,False,False,False,False,False,False,False,False,False,False,False,False,False,False,False,False,False,r
2,61090.2426417723,lsst,149.5636991420386,1.7940201272492613,170028510512414824,170028525389086809,0,170028510512414824,-1318.7114,237.56743,0,0,0,7308.6025,241.02815,False,2026021800352,48,,3.3533302e-05,3.6769987e-05,-8.980452e-11,1018.6633,0.6690908,1415.6017,0.59511757,False,-798.72833,400.33084,False,False,True,5.41167,,1645.7584,1681,-1209.6113,29.337896,149.56373501814514,,1.7940168560402936,,0.67562217,,44.672314,,,0,False,,,,,,,,0,False,False,False,8741.979,7.267032,0.10812343,0.13362788,0.016612554,0.414766,0.42012075,-0.026225097,False,False,False,False,0.9948256,0.20351483,False,False,61090.24463670616,,20,False,False,False,False,False,False,False,False,False,False,False,False,False,False,False,False,False,False,False,False,False,r
2,61090.243106764654,lsst,149.563732911161,1.794013052009104,170028510512414824,170028525545324642,0,170028510512414824,-1386.9188,199.38068,0,0,0,6896.7144,201.62798,False,2026021800353,90,,4.4854147e-05,6.2021165e-05,-9.145244e-10,369.16513,1.1691518,196.59288,0.7271771,False,-1244.0317,389.58127,False,False,True,6.8362465,,1633.0387,1681,-1628.6465,21.441088,149.5637350096909,,1.7940399235402475,,1.891628,,-1.2256292,,,0,False,,,,,,,,0,False,False,False,8355.857,9.452162,0.5005926,0.21407992,0.13102324,0.31782177,0.26439148,0.006440283,False,False,False,False,0.31355414,0.23802096,False,False,61090.244905003645,,22,False,False,False,False,False,False,False,False,False,False,False,False,False,False,False,False,False,False,False,False,False,r
2,61090.243574652224,lsst,149.56368579838292,1.79404194065214,170028510512414824,170028525657522295,0,170028510512414824,-1827.78,205.15756,0,0,0,6808.8364,206.13568,False,2026021800354,48,,2.2152371e-05,3.1173364e-05,-2.8964273e-10,3284.706,0.5987373,2518.6223,0.3389689,False,-1310.2247,392.80594,False,False,True,8.841579,,1643.3331,1681,-1853.6987,23.473375,149.563696672004,,1.7940412615511336,,1.3619928,,-16.265604,,,0,False,,,,,,,,0,False,False,False,8738.77,10.369049,0.34502012,0.1673254,0.028454434,0.31530738,0.27722135,-0.006858436,False,False,False,False,0.12674564,0.41341922,False,False,61090.245605642864,,25,False,False,False,False,False,False,False,False,False,False,False,False,False,False,False,False,False,False,False,False,False,r
2,61090.24404098784,lsst,149.56371388980244,1.7940565406623112,170028510512414824,170028525792264271,0,170028510512414824,-1718.7413,205.07684,0,0,0,6867.421,206.77425,True,2026021800355,49,0.0,2.8098168e-05,2.6847165e-05,5.1203358e-11,743.2763,0.47373948,367.48093,0.5144225,False,-1861.7661,390.34674,False,False,True,8.220952,,1818.2651,1681,-1672.2227,8.83028,149.56371818053339,,1.7940690244610353,,1.2829969,,18.108051,,,0,False,,,,,,,,0,False,False,False,8629.621,8.938401,0.19205874,0.19918844,0.08538812,0.31138793,0.28274676,-0.01189289,False,False,False,False,0.57916677,0.3733882,False,False,61090.24590836503,,20,False,False,False,False,False,False,False,False,False,False,False,False,False,False,False,False,False,False,False,False,False,r
2,61090.244971403474,lsst,149.56372669400054,1.7940524806572482,170028510512414824,170028526061748390,0,170028510512414824,-1754.0646,185.69221,0,0,0,6640.859,185.44772,False,2026021800357,51,,2.272006e-05,2.5132113e-05,-1.4842139e-10,2731.008,0.48703116,2941.3435,0.36635056,False,-1715.2847,386.27545,False,False,True,9.361813,,1653.172,1681,-1772.2393,2.06297,149.5637307360777,,1.7940525596778343,,1.2552787,,-48.368763,,,0,False,,,,,,,,0,False,False,False,8434.94,9.725434,0.3072293,0.16965447,-0.036580205,0.24538557,0.22493847,0.010182171,False,False,False,False,0.001141561,0.45767057,False,False,61090.24702100428,,21,False,False,False,False,False,False,False,False,False,False,False,False,False,False,False,False,False,False,False,False,False,r
2,61090.24590655339,lsst,149.56375539363552,1.7939955129466056,170028510512414824,170028526327038030,0,170028510512414824,-1794.5171,208.11711,0,0,0,6205.847,210.31339,False,2026021800359,45,,2.511494e-05,2.6652166e-05,-2.3050342e-10,2741.4736,0.5411384,841.81866,0.3762707,False,-1266.7501,396.20435,False,False,True,8.572453,,1667.9724,1681,-1901.8551,9.448734,149.56376297320415,,1.7939835651676044,,1.716479,,-36.69301,,,0,False,,,,,,,,0,False,False,False,8046.0615,8.243872,0.4679343,0.15536234,0.018647324,0.30435613,0.29692593,0.0006639278,False,False,False,False,0.01002479,0.44658548,False,False,61090.247657315456,,23,False,False,False,False,False,False,False,False,False,False,False,False,False,False,False,False,False,False,False,False,False,r
2,61090.33972556394,lsst,149.5637514020694,1.7939384125304738,170028510512414824,170028539080867941,0,170028510512414824,-2263.361,309.80014,0,0,0,5876.1504,324.61908,False,2026021800454,51,,5.1154293e-05,4.456232e-05,1.6077739e-10,1076.8007,0.79350793,3299.6738,0.92676514,False,-1631.2516,459.22168,False,False,True,7.389076,,1763.5552,1681,-2472.9487,13.982693,149.5637459568136,,1.7939327057111762,,1.770719,,-79.74268,,,0,False,,,,,,,,0,False,False,False,8309.73,5.9431686,0.4831512,0.68499523,-0.11095947,0.6326098,0.60608464,-0.027678214,False,False,False,False,0.048897106,0.24863781,False,False,61090.34182928402,,28,False,False,False,False,False,False,False,False,False,False,False,False,False,False,False,False,False,False,False,False,False,r
3,61091.16261766493,lsst,149.5636332682688,1.7940212361193648,170028510512414824,170032899810656456,0,170028510512414824,-1276.8186,223.84906,0,0,0,7735.3857,218.07625,True,2026021900176,43,0.0,3.2497817e-05,2.7428101e-05,-2.3605773e-10,2940.2073,0.44941425,3047.09,0.6195115,False,-2113.6143,524.9477,False,False,True,5.564763,,1647.6234,1681,-1534.1436,9.795833,149.56365353215872,,1.7940266466326562,,1.9674137,,108.06437,,,0,False,,,,,,,,0,False,False,False,9009.106,26.798397,0.07700142,0.50659686,0.08270462,0.2253953,0.18715218,0.000683654,False,False,False,False,0.58781946,0.38536057,False,False,61091.16440702441,,14,False,False,False,False,False,False,False,False,False,False,False,False,False,False,False,False,False,False,False,False,False,i
3,61091.16308053378,lsst,149.56368716603214,1.79403513501029,170028510512414824,170032899967418479,0,170028510512414824,-1604.4257,231.34836,0,0,0,7818.2896,226.25502,True,2026021900177,86,0.0,3.201154e-05,3.1150896e-05,-3.2938745e-11,1635.7227,0.5559963,792.61835,0.580331,False,-1816.9524,525.97864,False,False,True,6.804611,,1664.1259,1681,-1680.1814,0.24413818,149.5636811336609,,1.794017796168582,,1.2337209,,-37.605953,,,0,False,,,,,,,,0,False,False,False,9462.295,18.62987,0.22011037,0.30594304,-0.059821904,0.2151371,0.2114899,-0.004794706,False,False,False,False,0.25130197,0.33028984,False,False,61091.16483686901,,16,False,False,False,False,False,False,False,False,False,False,False,False,False,False,False,False,False,False,False,False,False,i
3,61091.163548739874,lsst,149.5636912634493,1.7940538019215797,170028510512414824,170032900083286193,0,170028510512414824,-1159.0571,219.84088,0,0,0,8216.767,214.43596,True,2026021900178,51,0.0,5.2616033e-05,8.5932734e-05,2.3011797e-09,1011.098,1.642616,3486.3267,0.7670755,False,-1300.3948,521.855,False,False,True,5.486155,,1754.6272,1681,-1349.9707,31.168646,149.56368678085906,,1.7940511269189352,,1.3976194,,34.44069,,,0,False,,,,,,,,0,False,False,False,9381.88,23.693794,0.2941425,0.10115705,0.042887274,0.17646398,0.21106267,-0.006171517,False,False,False,False,0.0019453749,0.29494488,False,False,61091.165406866756,,13,False,False,False,False,False,False,False,False,False,False,False,False,False,False,False,False,False,False,False,False,False,i
3,61091.16447875126,lsst,149.56365692842064,1.7940202546552317,170028510512414824,170032900367450249,0,170028510512414824,-1768.3523,217.70387,0,0,0,7491.7617,213.9047,True,2026021900180,81,0.0,1.6468408e-05,2.2565942e-05,7.626593e-11,2918.5916,0.41509256,296.96222,0.2839457,False,-1396.464,526.69324,False,False,True,7.8545,,1603.7432,1681,-1600.0247,43.497997,149.5636693382038,,1.7940454614855565,,0.45198277,,-45.422577,,,0,False,,,,,,,,0,False,False,False,9319.893,13.589986,0.07393224,0.0839806,-0.007574122,0.21201697,0.15852514,-0.0064841653,False,False,False,False,0.78247255,0.35567886,False,False,61091.16650291417,,16,False,False,False,False,False,False,False,False,False,False,False,False,False,False,False,False,False,False,False,False,False,i
3,61091.16547073807,lsst,149.56369627214912,1.7940433073161275,170028510512414824,170032900636934282,0,170028510512414824,-1617.016,205.52246,0,0,0,7723.326,200.63414,True,2026021900182,83,0.0,3.2941363e-05,2.0369633e-05,6.689827e-11,3517.3904,0.36355516,646.8528,0.59452283,False,-1822.1001,526.3138,False,False,True,7.752695,,1777.1792,1681,-1605.2839,1.0563016,149.56369759389972,,1.7940468958724716,,0.8341669,,83.59837,,,0,False,,,,,,,,0,False,False,False,9363.56,19.66997,0.1524983,0.21632107,0.00084132014,0.13202955,0.18235,0.0040761647,False,False,False,False,0.11107374,0.3940464,False,False,61091.167281628404,,16,False,False,False,False,False,False,False,False,False,False,False,False,False,False,False,False,False,False,False,False,False,i
3,61091.1659358117,lsst,149.56367112710888,1.794033443519162,170028510512414824,170032900754899120,0,170028510512414824,-1608.5807,209.73747,0,0,0,7761.422,205.08693,False,2026021900183,52,,3.3761447e-05,3.0411524e-05,3.2326225e-11,1116.0095,0.5457261,1803.6936,0.60880065,False,-1526.0287,522.618,False,False,True,7.633401,,1671.4386,1681,-1872.1895,3.4137347,149.56367809268036,,1.7940466884660191,,1.543668,,7.518409,,,0,False,,,,,,,,0,False,False,False,9401.54,14.530299,0.4159808,0.21012704,0.06370587,0.16641352,0.16769062,0.020766042,False,False,False,False,0.9587298,0.49923217,False,False,61091.16795436703,,17,False,False,False,False,False,False,False,False,False,False,False,False,False,False,False,False,False,False,False,False,False,i
3,61091.16686687249,lsst,149.56364736478292,1.7940002934628876,170028510512414824,170032901017043090,0,170028510512414824,-1283.5476,206.04955,0,0,0,7710.7725,203.47942,True,2026021900185,40,0.0,1.9445228e-05,2.2760189e-05,-3.8953042e-11,4003.7703,0.4136698,1387.693,0.34537598,False,-1082.4849,521.56854,False,False,True,5.9208984,,1863.2115,1681,-1128.4299,33.765705,149.5636693509344,,1.7940048865204188,,0.82498807,,-93.47045,,,0,False,,,,,,,,0,False,False,False,9018.901,17.676138,0.018219851,0.09147217,-0.014779307,0.16548423,0.14418061,0.009413063,False,False,False,False,0.80102664,0.20267837,False,False,61091.168723604,,13,False,False,False,False,False,False,False,False,False,False,False,False,False,False,False,False,False,False,False,False,False,i
3,61091.16733538685,lsst,149.5636776191257,1.7940478634301735,170028510512414824,170032901154406583,0,170028510512414824,-2036.3857,220.48715,0,0,0,7366.955,215.9177,True,2026021900186,46,0.0,1.934695e-05,2.6208414e-05,-1.0674183e-10,3520.029,0.4828191,3904.4133,0.33263156,False,-1322.5626,522.81696,False,False,True,8.938081,,1660.9849,1681,-2215.4329,5.09878,149.56367761380545,,1.7940461150186455,,1.3899748,,-5.045583,,,0,False,,,,,,,,0,False,False,False,9533.132,14.28599,0.32967833,0.148456,0.040871195,0.22970837,0.1757732,0.044619888,False,False,False,False,0.15016921,0.48864457,False,False,61091.169506464226,,19,False,False,False,False,False,False,False,False,False,False,False,False,False,False,False,False,False,False,False,False,False,i
3,61091.167800000585,lsst,149.56369569071782,1.7940393184283772,170028510512414824,170032901288100029,0,170028510512414824,-1742.6403,223.48349,0,0,0,7658.9253,218.6884,True,2026021900187,45,0.0,2.7909817e-05,2.6932401e-05,2.3010907e-11,1926.5024,0.48184362,2716.2966,0.5052975,False,-1640.8485,532.6635,False,False,True,7.6429815,,1703.0906,1681,-1893.955,2.2124512,149.56368952535553,,1.7940324420663232,,1.3628478,,31.176466,,,0,False,,,,,,,,0,False,False,False,9447.17,12.865654,0.21577838,0.25922477,0.09236454,0.20368205,0.18217981,0.021671444,False,False,False,False,0.22699033,0.35713768,False,False,61091.17004157387,,16,False,False,False,False,False,False,False,False,False,False,False,False,False,False,False,False,False,False,False,False,False,i
3,61091.16826449189,lsst,149.56369088819423,1.7941023030321706,170028510512414824,170032901423890611,0,170028510512414824,-1753.0021,210.67259,0,0,0,7198.1514,204.93367,True,2026021900188,48,0.0,2.4639628e-05,2.3423647e-05,3.1195324e-11,3800.6843,0.41622442,3301.1897,0.4483741,False,-1537.1631,524.27563,False,False,True,8.12546,,1669.6733,1681,-1938.7227,6.1539845,149.5636950594974,,1.7940950421866306,,1.3576759,,25.943161,,,0,False,,,,,,,,0,False,False,False,8955.1455,13.920419,0.21435897,0.243278,0.09366013,0.16570432,0.18014282,0.013920991,False,False,False,False,0.36328933,0.4475801,False,False,61091.17041076122,,17,False,False,False,False,False,False,False,False,False,False,False,False,False,False,False,False,False,False,False,False,False,i
3,61091.16873097868,lsst,149.5636710295883,1.7940417940334161,170028510512414824,170032901556535486,0,170028510512414824,-1324.1808,223.94307,0,0,0,8020.216,218.90479,True,2026021900189,45,0.0,4.337972e-05,3.0596213e-05,6.251488e-10,2900.7266,0.44996527,2571.992,0.8432006,False,-1605.2999,529.4027,False,False,True,5.8255877,,1763.6227,1681,-1449.9565,21.061409,149.56368981065992,,1.7940468195140558,,1.5313762,,43.14069,,,0,False,,,,,,,,0,False,False,False,9427.719,13.409133,0.122383155,0.31841886,0.08458988,0.17996675,0.21337016,0.0045908946,False,False,False,False,0.06910603,0.36467192,False,False,61091.170688404214,,15,False,False,False,False,False,False,False,False,False,False,False,False,False,False,False,False,False,False,False,False,False,i
3,61091.16919300548,lsst,149.563673067446,1.7940417896519878,170028510512414824,170032901690228905,0,170028510512414824,-1594.2786,219.38281,0,0,0,7727.8066,215.0981,True,2026021900190,44,0.0,3.2946446e-05,3.2178265e-05,4.2007942e-11,3389.4148,0.5722924,2443.7092,0.5993409,False,-1575.8124,517.2868,False,False,True,7.214099,,1711.4907,1681,-1608.7509,0.6940199,149.56368703155806,,1.7940351006225381,,0.9432113,,-102.25144,,,0,False,,,,,,,,0,False,False,False,9355.898,13.282313,0.21041135,0.27717245,-0.02325513,0.17293957,0.20594792,0.005008495,False,False,False,False,0.32262802,0.36978066,False,False,61091.171220937176,,16,False,False,False,False,False,False,False,False,False,False,False,False,False,False,False,False,False,False,False,False,False,i
1,61091.17116440219,lsst,149.56373359724532,1.7940042665826577,170028510512414824,170032901848563848,0,170028510512414824,-2040.5161,122.18363,0,0,0,6127.0635,122.0811,True,2026021900191,90,0.0,1.1711502e-05,1.2225501e-05,-5.7694912e-12,1095.5948,0.22152586,478.86755,0.20885587,False,-2116.1558,270.79758,False,False,True,16.318638,,1658.3751,1681,-2072.1028,1.3309968,149.56372985712738,,1.7940035976655246,,1.0739615,,12.229855,,,0,False,,,,,,,,0,False,False,False,8207.052,19.817892,0.21347387,0.17068584,0.05187694,0.1846069,0.2000181,0.032006465,False,False,False,False,7.022156e-06,0.53433657,False,False,61091.172899211415,,23,False,False,False,False,False,False,False,False,False,False,False,False,False,False,False,False,False,False,False,False,False,g
1,61091.171631250385,lsst,149.56370875060585,1.7940284084131042,170028510512414824,170032901957091455,0,170028510512414824,-1706.9458,126.862045,0,0,0,6873.748,125.35253,True,2026021900192,41,0.0,1.4157385e-05,1.5320318e-05,-1.957215e-11,3621.1582,0.28073245,1209.8914,0.24902982,False,-1490.1571,272.55704,False,False,True,13.588563,,1775.8258,1681,-1730.4557,5.2063727,149.56370809163545,,1.7940291816066123,,1.109565,,-47.090595,,,0,False,,,,,,,,0,False,False,False,8601.596,14.802004,0.20594199,0.11833263,-0.044590835,0.1824394,0.19358487,0.0131287305,False,False,False,False,0.08508742,0.52321047,False,False,61091.17352917659,,21,False,False,False,False,False,False,False,False,False,False,False,False,False,False,False,False,False,False,False,False,False,g
1,61091.172097319926,lsst,149.56372533870402,1.794032696604176,170028510512414824,170032902093406373,0,170028510512414824,-1988.3706,124.780106,0,0,0,6415.6777,122.58905,True,2026021900193,45,0.0,1.358535e-05,1.4517535e-05,-1.8382362e-11,3984.69,0.26693252,2612.9648,0.2381408,False,-1826.2189,270.56546,False,False,True,15.971664,,1681.9747,1681,-1930.2457,0.22593865,149.56372343504103,,1.7940335635761449,,0.7714128,,-29.54091,,,0,False,,,,,,,,0,False,False,False,8404.168,14.985328,0.24020873,0.18715695,-0.0021195274,0.18217596,0.20239004,0.005937083,False,False,False,False,0.057754643,0.5354877,False,False,61091.174431586056,,21,False,False,False,False,False,False,False,False,False,False,False,False,False,False,False,False,False,False,False,False,False,g
1,61091.17256120909,lsst,149.56373222380657,1.7940201366211026,170028510512414824,170032902231294122,0,170028510512414824,-1863.9447,124.57034,0,0,0,6444.8354,124.00321,True,2026021900194,52,0.0,1.368036e-05,1.3862329e-05,-4.393614e-12,1613.5033,0.25093085,2216.5059,0.24435712,False,-2126.8428,272.38052,False,False,True,14.661729,,1632.5563,1681,-1837.1638,0.94300365,149.56373091002294,,1.794017652228915,,0.88728464,,10.677178,,,0,False,,,,,,,,0,False,False,False,8373.978,12.056903,0.2058244,0.1955991,0.03589564,0.18759674,0.18672614,0.015568232,False,False,False,False,0.024184335,0.5778479,False,False,61091.17445807936,,20,False,False,False,False,False,False,False,False,False,False,False,False,False,False,False,False,False,False,False,False,False,g
1,61091.17302648314,lsst,149.56373963051757,1.7940092626556814,170028510512414824,170032902364987524,0,170028510512414824,-1806.3527,123.80423,0,0,0,6393.025,123.333824,True,2026021900195,51,0.0,1.6009497e-05,1.544779e-05,2.0606539e-11,3332.2917,0.26978132,244.77492,0.2954946,False,-2217.7441,272.26678,False,False,True,14.634623,,1607.5621,1681,-1671.0789,3.2700107,149.5637375993144,,1.794014789746321,,0.48497164,,-87.61584,,,0,False,,,,,,,,0,False,False,False,8224.939,18.938597,0.25783774,0.264182,-0.009509125,0.18112695,0.17973113,0.0004348654,False,False,False,False,0.5927056,0.57831144,False,False,61091.17487194872,,22,False,False,False,False,False,False,False,False,False,False,False,False,False,False,False,False,False,False,False,False,False,g
1,61091.17356770113,lsst,149.56373219257569,1.7940239374763445,170028510512414824,170032902493962378,0,170028510512414824,-1848.9015,132.4267,0,0,0,6602.2744,131.71658,True,2026021900196,41,0.0,1.7610111e-05,1.5086397e-05,-5.4807565e-14,3717.562,0.27134493,2560.2156,0.31683454,False,-2248.3516,273.9439,False,False,True,13.691531,,1804.5743,1681,-1877.992,0.509887,149.56373087817124,,1.7940203846510614,,1.1424725,,52.576138,,,0,False,,,,,,,,0,False,False,False,8473.789,8.118175,0.23554403,0.2681317,0.059959497,0.21705481,0.22006212,0.0041200654,False,False,False,False,0.118849985,0.4918007,False,False,61091.17560624459,,22,False,False,False,False,False,False,False,False,False,False,False,False,False,False,False,False,False,False,False,False,False,g
1,61091.17402935767,lsst,149.56374498998326,1.794042064337536,170028510512414824,170032902650200177,0,170028510512414824,-1593.1605,135.31055,0,0,0,6791.4004,135.74088,True,2026021900197,83,0.0,3.208753e-05,4.278019e-05,-4.683182e-11,3309.5176,0.7698835,936.6257,0.57628846,False,-2231.0205,273.91968,False,False,True,11.748344,,1749.248,1681,-1601.0474,3.1658838,149.56374330407263,,1.794037581423488,,0.9682062,,0.76206005,,,0,False,,,,,,,,0,False,False,False,8456.772,9.401978,0.36900163,0.28585073,0.005983288,0.22848935,0.24963456,0.024595913,False,False,False,False,0.55737615,0.4949506,False,False,61091.1760419534,,24,False,False,False,False,False,False,False,False,False,False,False,False,False,False,False,False,False,False,False,False,False,g
1,61091.17449609281,lsst,149.56370431459717,1.7940160545202242,170028510512414824,170032902768165002,0,170028510512414824,-1888.7834,132.38506,0,0,0,6729.795,131.97585,True,2026021900198,52,0.0,1.4958777e-05,1.971904e-05,-1.7677712e-11,776.07904,0.3554373,1852.7422,0.26791725,False,-2038.3267,276.99615,False,False,True,14.273017,,1740.4069,1681,-2023.5638,0.5905171,149.5636997730451,,1.7940153609505773,,1.2583636,,-16.44789,,,0,False,,,,,,,,0,False,False,False,8620.87,8.426697,0.34109873,0.1975458,-0.027273498,0.22310695,0.2241284,0.017527616,False,False,False,False,0.20793813,0.5445082,False,False,61091.17660644137,,23,False,False,False,False,False,False,False,False,False,False,False,False,False,False,False,False,False,False,False,False,False,g
1,61091.175428905204,lsst,149.56371897609858,1.7940288794525,170028510512414824,170032903030308997,0,170028510512414824,-1744.014,130.22171,0,0,0,6790.5127,129.9113,True,2026021900200,40,0.0,1.29037335e-05,1.8804503e-05,-4.2303248e-11,3494.27,0.34264654,1844.4081,0.22574669,False,-1595.4308,277.8896,False,False,True,13.123908,,1557.3099,1681,-1757.3799,2.2207189,149.56371923226675,,1.7940272576065694,,1.104249,,-6.923665,,,0,False,,,,,,,,0,False,False,False,8562.193,12.956151,0.261318,0.14462483,0.010754371,0.22171505,0.18314916,0.008898808,False,False,False,False,3.5890684e-05,0.49961025,False,False,61091.177154512385,,21,False,False,False,False,False,False,False,False,False,False,False,False,False,False,False,False,False,False,False,False,False,g
1,61091.17589895343,lsst,149.56375085944904,1.7940252431366055,170028510512414824,170032903167672497,0,170028510512414824,-1851.2256,131.2312,0,0,0,6223.8125,130.74919,True,2026021900201,46,0.0,1.5022526e-05,1.5302974e-05,-2.3947695e-12,2933.1523,0.27560848,3860.9375,0.26997373,False,-1675.6031,277.17996,False,False,True,14.131124,,1700.3289,1681,-1816.5402,0.9976637,149.56375044774575,,1.7940284394717636,,0.7559088,,41.385788,,,0,False,,,,,,,,0,False,False,False,8121.3916,9.091542,0.21839654,0.23783658,0.02343221,0.2406201,0.20180234,0.021506848,False,False,False,False,0.0053691734,0.5083317,False,False,61091.177902083924,,22,False,False,False,False,False,False,False,False,False,False,False,False,False,False,False,False,False,False,False,False,False,g
1,61091.17636493237,lsst,149.5637399752353,1.7940261810947509,170028510512414824,170032903301365912,0,170028510512414824,-1678.9493,131.43163,0,0,0,6577.6206,130.39713,True,2026021900202,45,0.0,1.4726349e-05,2.0994852e-05,-8.198303e-11,1295.4075,0.38897422,2910.6926,0.24812153,False,-1723.1959,274.68134,False,False,True,12.670452,,1751.2987,1681,-1712.3464,4.239822,149.5637357367119,,1.7940384217098926,,0.9733873,,23.908802,,,0,False,,,,,,,,0,False,False,False,8315.772,8.966365,0.20103435,0.19173804,0.044437002,0.28662047,0.18628398,0.027550045,False,False,False,False,0.1559934,0.50934947,False,False,61091.17910223273,,22,False,False,False,False,False,False,False,False,False,False,False,False,False,False,False,False,False,False,False,False,False,g
1,61091.17682879486,lsst,149.56371810409553,1.7940112757090265,170028510512414824,170032903437156500,0,170028510512414824,-1773.1658,133.83693,0,0,0,6709.801,132.9899,True,2026021900203,48,0.0,1.5680194e-05,2.1691187e-05,-1.01954355e-10,3370.2668,0.40607417,3405.837,0.25850645,False,-1739.8008,278.94858,False,False,True,13.020729,,1740.3195,1681,-2004.9951,2.7964046,149.56372241995993,,1.7940082305774505,,1.657813,,6.335653,,,0,False,,,,,,,,0,False,False,False,8545.242,11.294648,0.37608877,0.20747377,0.120028935,0.2472036,0.20761292,0.039634664,False,False,False,False,0.36546668,0.4983866,False,False,61091.17888749956,,23,False,False,False,False,False,False,False,False,False,False,False,False,False,False,False,False,False,False,False,False,False,g
1,61091.17729506297,lsst,149.5637317767185,1.794035030738076,170028510512414824,170032903569801372,0,170028510512414824,-2037.6332,126.639946,0,0,0,6347.292,125.62561,True,2026021900204,45,0.0,1.10321125e-05,1.3206795e-05,-2.9545828e-11,2271.4631,0.24641165,2720.5017,0.18744762,False,-1732.428,274.6895,False,False,True,15.781453,,1665.3666,1681,-2045.3707,2.726405,149.56373107444097,,1.7940294810015327,,0.9732136,,-17.210825,,,0,False,,,,,,,,0,False,False,False,8406.35,11.996139,0.21899301,0.13089421,0.010840165,0.20683382,0.2037313,0.031137163,False,False,False,False,0.10596255,0.5508273,False,False,61091.17923629896,,20,False,False,False,False,False,False,False,False,False,False,False,False,False,False,False,False,False,False,False,False,False,g
1,61091.17775920381,lsst,149.56371585355373,1.7940354372418754,170028510512414824,170032903703494821,0,170028510512414824,-1700.5715,128.74033,0,0,0,6847.37,128.96599,True,2026021900205,44,0.0,1.4042242e-05,1.4056008e-05,-3.2489059e-13,3106.1113,0.2529149,2735.772,0.25245157,False,-1596.1609,275.50632,False,False,True,12.966397,,1597.3059,1681,-1781.682,6.322855,149.56371891508783,,1.7940339711907953,,1.328603,,15.490791,,,0,False,,,,,,,,0,False,False,False,8575.028,10.443477,0.18714747,0.17295486,0.09494957,0.20670293,0.21910217,0.040029984,False,False,False,False,0.118847854,0.505218,False,False,61091.17962147418,,20,False,False,False,False,False,False,False,False,False,False,False,False,False,False,False,False,False,False,False,False,False,g
4,61091.183393621,lsst,149.56370246105132,1.7940782843288197,170028510512414824,170032904913551539,0,170028510512414824,-2397.171,376.22134,0,0,0,9022.749,367.93777,True,2026021900214,48,0.0,5.1811297e-05,6.065259e-05,-3.2391384e-10,1368.3147,1.1055782,3468.8682,0.9157219,False,-2473.4946,934.73425,False,False,True,6.425937,,1665.827,1681,-2918.077,12.1813,149.56368795035678,,1.7940737641660427,,1.5757264,,-3.1727562,,,0,False,,,,,,,,0,False,False,False,11370.12,41.127228,0.39808512,0.1652676,0.05860582,0.19062403,0.20426002,0.005967112,False,False,False,False,0.5926636,0.3288504,False,False,61091.18542112207,,16,False,False,False,False,False,False,False,False,False,False,False,False,False,False,False,False,False,False,False,False,False,z
4,61091.18386176531,lsst,149.5635747279478,1.7939275332681692,170028510512414824,170032905044099180,0,170028510512414824,-1757.888,356.72372,0,0,0,5831.2812,347.57343,True,2026021900215,41,0.0,0.00028593504,0.00015447746,2.3481363e-08,990.4396,2.2436652,518.5456,5.4043417,False,-1984.7803,943.572,False,False,True,5.4918857,,1639.3944,1681,-2732.503,480.8007,149.5636501802681,,1.7939621892481272,,1.9871006,,-79.70526,,,0,False,,,,,,,,0,False,False,False,7594.5615,51.03657,0.24857843,0.47097802,-0.18988352,0.1417966,0.20592488,0.012161456,False,False,False,False,0.9930701,0.19611026,False,False,61091.18583069861,,14,False,False,False,False,False,False,False,False,False,False,False,False,False,False,False,False,False,False,False,False,False,z
4,61091.185729386816,lsst,149.56366830206844,1.7940567340391493,170028510512414824,170032905583591636,0,170028510512414824,-2024.5563,335.55447,0,0,0,9530.426,328.2652,True,2026021900219,46,0.0,2.2165217e-05,2.6620108e-05,-2.1117515e-10,142.006,0.5208374,2356.081,0.34286273,False,-1465.8477,934.13776,False,False,True,6.023059,,1619.9817,1681,-1904.426,68.56658,149.56367474249996,,1.7940358603212139,,0.64182144,,-40.720074,,,0,False,,,,,,,,0,False,False,False,11656.811,88.66035,0.07410421,0.034485202,-0.0066985223,0.13491836,0.13518447,0.0041325046,False,False,False,False,0.7011155,0.15799806,False,False,61091.18758269815,,11,False,False,False,False,False,False,False,False,False,False,False,False,False,False,False,False,False,False,False,False,False,z
2,61091.18811639339,lsst,149.56369823239666,1.7940329292746464,170028510512414824,170032905874571451,0,170028510512414824,-1592.3142,153.87036,0,0,0,6965.4316,152.56418,True,2026021900221,89,0.0,1.7375629e-05,1.6148699e-05,5.5733706e-11,3735.1096,0.3320624,1466.7668,0.26796862,False,-1446.25,380.71722,False,False,True,10.409703,,1592.1532,1681,-1588.8542,2.9068727,149.5636958505188,,1.7940331079610057,,0.82374936,,27.813663,,,0,False,,,,,,,,0,False,False,False,8589.588,42.997826,0.15842,0.121345006,-0.026108852,0.18270764,0.1494972,0.008228719,False,False,False,False,0.09817525,0.46387818,False,False,61091.18994391053,,18,False,False,False,False,False,False,False,False,False,False,False,False,False,False,False,False,False,False,False,False,False,r
2,61091.188582192284,lsst,149.56371600685804,1.7940755178558077,170028510512414824,170032906008264842,0,170028510512414824,-1422.0022,153.21721,0,0,0,6827.9644,151.5206,True,2026021900222,88,0.0,2.3391072e-05,2.1548494e-05,1.5683665e-10,32.260136,0.4651787,1371.7549,0.33345908,False,-1473.5608,378.58783,False,False,True,9.0898075,,1668.229,1681,-1382.9597,0.9295015,149.56370791906306,,1.7940717612922077,,0.71915257,,60.52751,,,0,False,,,,,,,,0,False,False,False,8265.761,51.563347,0.20415576,0.15968934,0.0064919847,0.17885254,0.15082814,0.012341174,False,False,False,False,0.043267153,0.39532733,False,False,61091.19046547251,,17,False,False,False,False,False,False,False,False,False,False,False,False,False,False,False,False,False,False,False,False,False,r
2,61091.18904850815,lsst,149.5637141236039,1.7940380078138478,170028510512414824,170032906140385450,0,170028510512414824,-1737.2487,148.60756,0,0,0,6798.856,149.79294,True,2026021900223,84,0.0,1.5020531e-05,1.455911e-05,4.3752658e-11,2579.3054,0.29197654,442.0651,0.23767552,False,-1475.2859,378.68118,False,False,True,11.589914,,1716.0385,1681,-1717.614,2.003444,149.56371635905626,,1.7940389496454616,,0.8042574,,67.97518,,,0,False,,,,,,,,0,False,False,False,8585.651,35.2002,0.16394234,0.115480036,0.01826846,0.16300796,0.14646178,0.012647838,False,False,False,False,0.035797354,0.50130206,False,False,61091.19089372143,,18,False,False,False,False,False,False,False,False,False,False,False,False,False,False,False,False,False,False,False,False,False,r
2,61091.18951318039,lsst,149.56367999352653,1.7940555882912683,170028510512414824,170032906275651766,0,170028510512414824,-1684.2318,145.38374,0,0,0,6838.7144,143.99678,True,2026021900224,86,0.0,1.3292001e-05,1.3308855e-05,-4.48151e-12,2393.8484,0.23622364,494.98047,0.24226022,False,-1675.2446,375.3223,False,False,True,11.52522,,1749.1151,1681,-1614.6584,2.8327272,149.56368037882248,,1.7940537811680564,,0.7090637,,115.88898,,,0,False,,,,,,,,0,False,False,False,8550.347,37.92734,0.08406634,0.12010712,0.015503006,0.14854848,0.12846285,0.007856227,False,False,False,False,0.21267095,0.45453003,False,False,61091.191361054596,,15,False,False,False,False,False,False,False,False,False,False,False,False,False,False,False,False,False,False,False,False,False,r
2,61091.19101204362,lsst,149.56370326194104,1.7940322284256707,170028510512414824,170032906676732136,0,170028510512414824,-1709.7633,138.91228,0,0,0,6709.0093,137.90392,True,2026021900227,83,0.0,1.3906735e-05,1.2310171e-05,-6.4732807e-12,2383.795,0.22072767,2533.7495,0.25079453,False,-1683.6694,377.86096,False,False,True,12.272421,,1702.9019,1681,-1603.9335,3.6750166,149.56370221310465,,1.7940313899367808,,0.64886945,,60.362534,,,0,False,,,,,,,,0,False,False,False,8461.057,40.545692,0.100370705,0.10950786,0.018891465,0.11425151,0.1157112,0.0055137305,False,False,False,False,0.021660274,0.44902837,False,False,61091.19298573502,,15,False,False,False,False,False,False,False,False,False,False,False,False,False,False,False,False,False,False,False,False,False,r
2,61091.19147756044,lsst,149.5636821167722,1.7940426398523854,170028510512414824,170032906794172639,0,170028510512414824,-1442.443,139.89172,0,0,0,7088.066,139.54538,True,2026021900228,51,0.0,1.7627408e-05,1.35179935e-05,-1.3015545e-11,3267.0828,0.24228008,2287.1116,0.31779996,False,-292.27142,378.41974,False,False,True,10.45779,,1732.6152,1681,-1382.1204,1.269608,149.56367887086603,,1.7940438932924756,,0.67341655,,-71.637436,,,0,False,,,,,,,,0,False,False,False,8556.455,42.52743,0.09724059,0.13500544,-0.008903213,0.11662271,0.1128601,-0.004333462,False,False,False,False,0.00041531475,0.47660357,False,False,61091.19326305167,,15,False,False,False,False,False,False,False,False,False,False,False,False,False,False,False,False,False,False,False,False,False,r
2,61091.19194334913,lsst,149.56368968055384,1.7940324526260332,170028510512414824,170032906924720311,0,170028510512414824,-1648.0616,143.84587,0,0,0,6857.174,142.9703,True,2026021900229,44,0.0,1.2615416e-05,1.5820277e-05,4.401361e-12,2191.7056,0.28473872,1477.1917,0.22683676,False,-1039.143,381.59375,False,False,True,11.323122,,1678.7845,1681,-1539.8715,1.9845772,149.56368865696075,,1.794032090383448,,0.6081308,,9.221723,,,0,False,,,,,,,,0,False,False,False,8539.973,33.757893,0.13875416,0.10631491,0.003704765,0.13814133,0.1128621,-0.0063111717,False,False,False,False,0.0017506648,0.41987413,False,False,61091.19377136363,,16,False,False,False,False,False,False,False,False,False,False,False,False,False,False,False,False,False,False,False,False,False,r
2,61091.192409812866,lsst,149.56370586530096,1.7940495660916655,170028510512414824,170032907058413767,0,170028510512414824,-1541.0754,138.26404,0,0,0,6855.614,137.56801,True,2026021900230,43,0.0,1.7112123e-05,1.1835875e-05,3.2934696e-13,1065.141,0.21302749,234.0435,0.30797005,False,-1362.3525,379.71365,False,False,True,11.222814,,1779.5874,1681,-1559.2837,4.0675735,149.56370631785597,,1.7940517295115586,,0.9225092,,-78.63186,,,0,False,,,,,,,,0,False,False,False,8463.161,59.097874,0.07989407,0.15844597,-0.016713576,0.10703531,0.10874268,0.0048325746,False,False,False,False,0.029051563,0.50256914,False,False,61091.194153187316,,15,False,False,False,False,False,False,False,False,False,False,False,False,False,False,False,False,False,False,False,False,False,r
2,61091.193343182604,lsst,149.56368017409818,1.7940413787995162,170028510512414824,170032907325800585,0,170028510512414824,-1770.6614,149.04321,0,0,0,6749.008,148.07191,True,2026021900232,41,0.0,1.7249537e-05,1.5474241e-05,6.104256e-12,2328.6663,0.27807006,64.90815,0.31084,False,-1372.6082,382.21262,False,False,True,11.906069,,1694.5696,1681,-1710.7957,0.96708083,149.5636847164411,,1.7940411087067518,,0.6712985,,74.29639,,,0,False,,,,,,,,0,False,False,False,8582.546,37.700382,0.13695192,0.17508689,0.006685074,0.14630856,0.1372581,0.003880302,False,False,False,False,0.035094127,0.4829774,False,False,61091.19513674116,,19,False,False,False,False,False,False,False,False,False,False,False,False,False,False,False,False,False,False,False,False,False,r
2,61091.193806567084,lsst,149.56370319129329,1.7940309445454798,170028510512414824,170032907465261215,0,170028510512414824,-1727.2568,141.89182,0,0,0,6701.88,140.11674,True,2026021900233,51,0.0,1.789626e-05,3.0304274e-05,-9.99909e-11,1075.3124,0.5499498,30.612478,0.3137269,False,-1907.3251,380.7538,False,False,True,11.998446,,1777.3097,1681,-1845.8577,1.272214,149.56370230123932,,1.7940367872723495,,1.1371137,,3.1720452,,,0,False,,,,,,,,0,False,False,False,8469.369,48.307545,0.21993303,0.09909939,0.027953245,0.12216782,0.118760414,-0.005937592,False,False,False,False,0.27107716,0.5034712,False,False,61091.195638684105,,16,False,False,False,False,False,False,False,False,False,False,False,False,False,False,False,False,False,False,False,False,False,r
2,61091.19427260785,lsst,149.56368282431004,1.794046794602676,170028510512414824,170032907592663331,0,170028510512414824,-1670.1616,141.27112,0,0,0,6739.429,137.95667,True,2026021900234,38,0.0,1.3915579e-05,1.2550603e-05,8.048105e-12,3235.8154,0.22459394,3918.5815,0.2516056,False,-2053.8264,380.1067,False,False,True,11.74797,,1593.3302,1681,-1713.6709,13.599374,149.56367673284868,,1.7940462681983669,,0.9735572,,-45.053043,,,0,False,,,,,,,,0,False,False,False,8406.03,49.70629,0.13250723,0.09230355,-0.044942144,0.12240772,0.11535365,-0.0056930506,False,False,False,False,0.008776158,0.4844088,False,False,61091.196077744244,,15,False,False,False,False,False,False,False,False,False,False,False,False,False,False,False,False,False,False,False,False,False,r
2,61091.19473536946,lsst,149.563699100476,1.7940457051525525,170028510512414824,170032907750473871,0,170028510512414824,-1859.8766,143.3905,0,0,0,6650.282,141.51247,True,2026021900235,83,0.0,1.52773e-05,1.2811238e-05,2.0766826e-11,1633.5577,0.22639652,197.86191,0.27819812,False,-2084.098,380.1309,False,False,True,12.581919,,1817.0,1681,-2022.6016,4.1762066,149.56369043546255,,1.794050301390423,,1.2315335,,-74.76249,,,0,False,,,,,,,,0,False,False,False,8538.145,42.44535,0.13964142,0.21514262,-0.06943706,0.1294319,0.12928751,-0.014062931,False,False,False,False,0.35940418,0.5317457,False,False,61091.19652215086,,18,False,False,False,False,False,False,False,False,False,False,False,False,False,False,False,False,False,False,False,False,False,r
3,61091.1965565696,lsst,149.56364718003144,1.7940441048924918,170028510512414824,170032907886264531,0,170028510512414824,-1614.4019,195.34666,0,0,0,7587.4707,191.56688,True,2026021900236,86,0.0,1.9316063e-05,1.8840403e-05,-3.536695e-11,2928.567,0.3256137,3515.6458,0.36006358,False,-2026.5233,546.9343,False,False,True,7.887005,,1699.7694,1681,-1753.333,14.155504,149.56365680946146,,1.7940481048856896,,1.2419,,88.97516,,,0,False,,,,,,,,0,False,False,False,9234.933,29.89498,0.13894969,0.17462556,0.081336126,0.123875394,0.13118698,0.016836252,False,False,False,False,0.15433443,0.35764858,False,False,61091.19828904327,,14,False,False,False,False,False,False,False,False,False,False,False,False,False,False,False,False,False,False,False,False,False,i
3,61091.19702290851,lsst,149.5636577679091,1.7940412153588667,170028510512414824,170032908019433656,0,170028510512414824,-1618.7249,190.61032,0,0,0,7658.0713,185.99095,True,2026021900237,84,0.0,1.9281275e-05,1.7713e-05,-7.998665e-11,3834.696,0.28897777,1070.8495,0.37218902,False,-2295.2542,545.00244,False,False,True,8.220781,,1647.4408,1681,-1603.5242,2.9652011,149.56365814456527,,1.7940371247422617,,0.9609473,,-54.462948,,,0,False,,,,,,,,0,False,False,False,9284.215,34.278416,0.05208975,0.1498939,-0.0008847916,0.112708405,0.11237661,0.0057839146,False,False,False,False,0.029196136,0.3989567,False,False,61091.198985778625,,13,False,False,False,False,False,False,False,False,False,False,False,False,False,False,False,False,False,False,False,False,False,i
3,61091.19795575959,lsst,149.5636475665058,1.794041159987339,170028510512414824,170032908287344859,0,170028510512414824,-1581.4125,199.87943,0,0,0,7561.5615,196.20488,True,2026021900239,83,0.0,2.1912838e-05,2.3360946e-05,5.2173422e-11,3187.7754,0.43126827,2375.189,0.3822227,False,-1185.8696,540.2548,False,False,True,7.8111362,,1739.9427,1681,-1509.5829,2.1944249,149.56365165928753,,1.7940421015986987,,0.6518972,,96.792564,,,0,False,,,,,,,,0,False,False,False,9142.927,27.235249,0.13505661,0.16227458,0.013315682,0.14579539,0.12863255,0.014382329,False,False,False,False,0.02358851,0.29358092,False,False,61091.199812555475,,14,False,False,False,False,False,False,False,False,False,False,False,False,False,False,False,False,False,False,False,False,False,i
3,61091.19842292099,lsst,149.56368231608707,1.7940744930965375,170028510512414824,170032908421562595,0,170028510512414824,-1365.5057,192.88428,0,0,0,7836.98,189.76555,True,2026021900240,83,0.0,2.1379845e-05,2.4340876e-05,8.6218775e-11,215.9067,0.4532308,3540.1995,0.3666062,False,-855.83264,542.7941,False,False,True,7.0700936,,1722.3254,1681,-1416.4618,8.16359,149.5636856138042,,1.794071817871459,,1.0340124,,-2.6028857,,,0,False,,,,,,,,0,False,False,False,9254.217,24.399025,0.17889428,0.12066912,-0.04503078,0.12975192,0.10695023,-0.0032613915,False,False,False,False,0.18821649,0.2715524,False,False,61091.20035950552,,13,False,False,False,False,False,False,False,False,False,False,False,False,False,False,False,False,False,False,False,False,False,i
3,61091.198919012466,lsst,149.56369367731043,1.7940502371895723,170028510512414824,170032908535333031,0,170028510512414824,-1635.4445,194.9349,0,0,0,7850.297,189.95619,True,2026021900241,44,0.0,1.6768014e-05,2.1690394e-05,6.461579e-11,416.3764,0.39853898,887.1778,0.29087064,False,-2104.8452,539.8981,False,False,True,8.16271,,1558.9697,1681,-1651.8926,13.091184,149.5637016182324,,1.7940448225405592,,1.059888,,33.809216,,,0,False,,,,,,,,0,False,False,False,9486.669,29.777319,0.1761184,0.07734706,0.03236371,0.12672247,0.113768235,0.0031153683,False,False,False,False,0.008708688,0.41360894,False,False,61091.20076241033,,14,False,False,False,False,False,False,False,False,False,False,False,False,False,False,False,False,False,False,False,False,False,i
3,61091.19938135061,lsst,149.56372317558848,1.794021479747622,170028510512414824,170032908689998047,0,170028510512414824,-1312.3959,186.53674,0,0,0,7473.066,183.21011,True,2026021900242,83,0.0,1.8308221e-05,2.0732889e-05,2.4806575e-11,2062.8755,0.37565786,3294.599,0.32638645,False,-1392.64,538.8038,False,False,True,6.869859,,1623.9961,1681,-1342.1323,17.048214,149.56372732348729,,1.794033280432859,,1.0542037,,62.5831,,,0,False,,,,,,,,0,False,False,False,8830.833,32.937237,0.09703612,0.112972036,0.06073962,0.11831691,0.10715957,-0.00021770927,False,False,False,False,0.013165082,0.37625185,False,False,61091.20129862844,,12,False,False,False,False,False,False,False,False,False,False,False,False,False,False,False,False,False,False,False,False,False,i
3,61091.199846814015,lsst,149.56368581866892,1.7940303379948435,170028510512414824,170032908807438598,0,170028510512414824,-1721.8324,187.03607,0,0,0,7686.007,182.886,True,2026021900243,51,0.0,1.5124819e-05,1.951826e-05,3.0684802e-11,2512.6611,0.35387108,2590.8037,0.26858705,False,-2122.8103,537.43964,False,False,True,8.943279,,1690.4697,1681,-1847.7886,6.2375326,149.56369075955658,,1.7940381768197484,,1.1573498,,35.4032,,,0,False,,,,,,,,0,False,False,False,9361.363,28.846663,0.19297998,0.09953012,0.053425144,0.11334963,0.109881215,-0.0031841323,False,False,False,False,0.23548904,0.31427747,False,False,61091.201797471,,15,False,False,False,False,False,False,False,False,False,False,False,False,False,False,False,False,False,False,False,False,False,i
3,61091.20031271612,lsst,149.56365140613082,1.7940562939259423,170028510512414824,170032908937986273,0,170028510512414824,-1598.0094,187.35799,0,0,0,7542.7856,182.54582,True,2026021900244,44,0.0,1.9226238e-05,1.9368317e-05,6.6712684e-13,1389.9484,0.34854993,2273.86,0.3459516,False,-2293.2075,534.8247,False,False,True,8.445892,,1666.2574,1681,-1651.3633,17.122398,149.56364928692074,,1.794054551682677,,1.0109081,,-37.033432,,,0,False,,,,,,,,0,False,False,False,9182.1,29.976637,0.10944743,0.10988646,-0.054389045,0.11779893,0.111519024,-0.0069022607,False,False,False,False,0.0054157395,0.52028114,False,False,61091.20226952068,,14,False,False,False,False,False,False,False,False,False,False,False,False,False,False,False,False,False,False,False,False,False,i
3,61091.20077841617,lsst,149.5636411604719,1.7940310174030631,170028510512414824,170032909071679690,0,170028510512414824,-1376.0569,182.8523,0,0,0,7426.238,178.93954,True,2026021900245,43,0.0,2.1746126e-05,2.1540722e-05,-1.0949486e-12,172.28156,0.38773954,1532.0513,0.39147237,False,-1037.2023,542.45953,False,False,True,7.5305924,,1744.6447,1681,-1519.2098,7.557184,149.5636499443131,,1.7940191301251291,,1.0817188,,-41.730553,,,0,False,,,,,,,,0,False,False,False,8822.424,35.589813,0.13473698,0.1426085,-0.0606623,0.113609925,0.09937479,-0.006438101,False,False,False,False,0.21583946,0.34826052,False,False,61091.20252249237,,13,False,False,False,False,False,False,False,False,False,False,False,False,False,False,False,False,False,False,False,False,False,i
3,61091.20124584455,lsst,149.56371058469148,1.7940031254417907,170028510512414824,170032909208518787,0,170028510512414824,-1510.1324,189.7032,0,0,0,7149.004,185.54083,True,2026021900246,48,0.0,3.8957587e-05,3.286961e-05,-1.7790908e-11,2658.4055,0.591258,43.874,0.7015157,False,-1482.3312,544.4825,False,False,True,7.793936,,1613.8942,1681,-1827.9995,15.906285,149.56372717021324,,1.7940063883255257,,1.3816975,,-53.03268,,,0,False,,,,,,,,0,False,False,False,8743.891,26.859964,0.15528782,0.22831503,-0.096743084,0.11732863,0.11822068,-0.0003159476,False,False,False,False,0.6874618,0.38415095,False,False,61091.20304207488,,15,False,False,False,False,False,False,False,False,False,False,False,False,False,False,False,False,False,False,False,False,False,i
3,61091.201710601716,lsst,149.56367135232568,1.7940285393453437,170028510512414824,170032909339066522,0,170028510512414824,-1642.5588,200.83694,0,0,0,7693.9175,196.58089,True,2026021900247,41,0.0,4.4842527e-05,2.6039379e-05,1.7031446e-11,1023.30457,0.4685782,866.85095,0.80735356,False,-2260.4373,548.6866,False,False,True,8.191851,,1754.3578,1681,-1779.9379,9.370504,149.56367904264494,,1.7940288184039317,,1.1298016,,88.56638,,,0,False,,,,,,,,0,False,False,False,9373.456,23.508183,0.09938179,0.22955263,0.0015562255,0.12580574,0.13237613,0.002369989,False,False,False,False,0.2152411,0.46596527,False,False,61091.203447164095,,15,False,False,False,False,False,False,False,False,False,False,False,False,False,False,False,False,False,False,False,False,False,i
3,61091.20217559941,lsst,149.5636744543638,1.7940326795906267,170028510512414824,170032909478527122,0,170028510512414824,-1616.5178,198.03462,0,0,0,7739.1367,193.474,True,2026021900248,51,0.0,2.5058494e-05,1.2735782e-05,3.2313367e-11,148.51526,0.22756204,539.77826,0.4517563,False,-1540.2365,545.6962,False,False,True,7.790397,,1655.1754,1681,-1640.6359,5.870005,149.56367646139634,,1.794029392936859,,1.0183512,,-87.580765,,,0,False,,,,,,,,0,False,False,False,9378.835,23.481373,0.048606455,0.15838265,-0.012414789,0.115269095,0.14555122,3.418592e-05,False,False,False,False,0.12958774,0.46969762,False,False,61091.203984310734,,13,False,False,False,False,False,False,False,False,False,False,False,False,False,False,False,False,False,False,False,False,False,i
3,61091.20264292219,lsst,149.5636786007277,1.7940325069292358,170028510512414824,170032909607501962,0,170028510512414824,-1394.535,207.77179,0,0,0,8033.6807,203.78944,True,2026021900249,41,0.0,3.146751e-05,2.3144537e-05,5.44793e-11,1897.4843,0.4140294,413.23813,0.5683746,False,-1076.3005,545.415,False,False,True,6.69084,,1602.605,1681,-1433.286,8.8167305,149.56368041655472,,1.7940383040161574,,0.97151655,,-78.3528,,,0,False,,,,,,,,0,False,False,False,9418.349,19.544134,0.10315018,0.17806213,-0.028054414,0.13395672,0.15471777,-0.0065649324,False,False,False,False,0.0024084551,0.35648814,False,False,61091.20442724605,,14,False,False,False,False,False,False,False,False,False,False,False,False,False,False,False,False,False,False,False,False,False,i
3,61091.20310534898,lsst,149.56367784266888,1.7940260282438603,170028510512414824,170032909763739801,0,170028510512414824,-1534.1627,197.22818,0,0,0,7747.8994,193.18065,True,2026021900250,83,0.0,2.0325568e-05,1.6929158e-05,2.3494076e-11,1138.0769,0.30236223,1031.5897,0.36759245,False,-1505.6403,542.5944,False,False,True,7.584187,,1779.6835,1681,-1471.9607,4.7033343,149.56367769235902,,1.794024437788898,,0.6877381,,-83.97373,,,0,False,,,,,,,,0,False,False,False,9321.974,31.969133,0.092533,0.12961037,-0.011799366,0.12520476,0.13697441,-0.011414355,False,False,False,False,0.073522,0.3912664,False,False,61091.20484723216,,14,False,False,False,False,False,False,False,False,False,False,False,False,False,False,False,False,False,False,False,False,False,i
1,61091.20494201068,lsst,149.56370735588996,1.7940574116327885,170028510512414824,170032909897957538,0,170028510512414824,-1655.8562,134.44174,0,0,0,6975.9453,135.1004,True,2026021900251,83,0.0,1.6601203e-05,1.5790294e-05,-3.0327884e-12,3275.5037,0.28375545,3551.3582,0.29871535,False,-1609.0958,285.20413,False,False,True,12.039693,,1706.7161,1681,-1602.0465,0.4845367,149.5637090406714,,1.794056922281129,,0.62891287,,42.798546,,,0,False,,,,,,,,0,False,False,False,8673.793,11.703269,0.20338807,0.19308227,0.01654899,0.21002644,0.23791103,0.011621035,False,False,False,False,0.07111923,0.47353885,False,False,61091.20675789272,,21,False,False,False,False,False,False,False,False,False,False,False,False,False,False,False,False,False,False,False,False,False,g
1,61091.20540666592,lsst,149.5637249743313,1.7940153438072586,170028510512414824,170032910011203749,0,170028510512414824,-1787.2302,142.07806,0,0,0,6713.7734,142.58401,True,2026021900252,43,0.0,2.02487e-05,1.5365042e-05,-1.1627886e-11,2323.8499,0.2759622,1799.8939,0.36458465,False,-1816.3428,285.03915,False,False,True,12.544374,,1770.8752,1681,-1793.2848,2.4466064,149.5637189781137,,1.794017659073565,,1.1187661,,-70.04999,,,0,False,,,,,,,,0,False,False,False,8518.45,6.4468713,0.1767598,0.27827042,-0.03215969,0.23476231,0.2486223,0.005171863,False,False,False,False,0.020550955,0.5032333,False,False,61091.207938609456,,22,False,False,False,False,False,False,False,False,False,False,False,False,False,False,False,False,False,False,False,False,False,g
1,61091.205870378675,lsst,149.56369687002785,1.7940002661216214,170028510512414824,170032910144372860,0,170028510512414824,-1931.8639,132.14586,0,0,0,6465.121,132.39589,True,2026021900253,41,0.0,1.5661277e-05,1.20168415e-05,-1.6680182e-12,858.01,0.2161439,1362.3344,0.28181976,False,-2159.7095,291.85727,False,False,True,14.437635,,1617.8567,1681,-1892.0045,0.98802876,149.56369639068572,,1.7940002361752492,,0.9313224,,84.267296,,,0,False,,,,,,,,0,False,False,False,8453.724,13.516527,0.14355022,0.22297695,0.009365297,0.17512536,0.19572222,-0.00991823,False,False,False,False,0.0006283492,0.59026295,False,False,61091.20761038804,,20,False,False,False,False,False,False,False,False,False,False,False,False,False,False,False,False,False,False,False,False,False,g
1,61091.20633404564,lsst,149.563722707823,1.7940247588144036,170028510512414824,170032910283833525,0,170028510512414824,-1758.7341,137.99223,0,0,0,6724.3506,138.45253,True,2026021900254,51,0.0,1.2197465e-05,1.9824452e-05,-1.0321228e-11,2026.5398,0.3566852,3369.7632,0.21903273,False,-1235.6658,310.67978,False,False,True,12.646463,,1681.9799,1681,-1830.0813,1.2421583,149.56372578613514,,1.794020824122619,,1.1552223,,0.30591547,,,0,False,,,,,,,,0,False,False,False,8543.634,13.173124,0.2510327,0.117391616,0.006357774,0.18701698,0.17959145,-0.005999502,False,False,False,False,0.00011220977,0.4859084,False,False,61091.208250053576,,20,False,False,False,False,False,False,False,False,False,False,False,False,False,False,False,False,False,False,False,False,False,g
1,61091.20679835285,lsst,149.56370749837728,1.793983405366808,170028510512414824,170032910414381216,0,170028510512414824,-1675.2677,140.56029,0,0,0,6675.919,142.4183,True,2026021900255,44,0.0,1.7202477e-05,1.8949388e-05,-6.068747e-12,3125.981,0.34106195,2829.3945,0.3090929,False,-2109.327,310.08008,False,False,True,11.724985,,1615.8875,1681,-1644.1287,0.56209785,149.56370969863283,,1.7939833824380138,,0.9382052,,-44.35978,,,0,False,,,,,,,,0,False,False,False,8376.334,9.627937,0.23287503,0.21600942,-0.03965156,0.20863642,0.18848221,-0.00049021916,False,False,False,False,0.080758005,0.50192285,False,False,61091.20857295922,,20,False,False,False,False,False,False,False,False,False,False,False,False,False,False,False,False,False,False,False,False,False,g
1,61091.2097276383,lsst,149.56367522208373,1.794084717019501,170028510512414824,170032911218114646,0,170028510512414824,-1721.9064,232.75867,0,0,0,6796.756,238.28487,True,2026021900261,41,0.0,3.5079636e-05,3.6001828e-05,4.98022e-11,790.5318,0.6542814,3172.074,0.6241923,False,-1335.9437,445.1832,False,False,True,7.4021783,,1686.2836,1681,-1675.9183,2.129507,149.56367603975758,,1.7940786174980574,,1.0649486,,5.390363,,,0,False,,,,,,,,0,False,False,False,8648.436,7.156849,0.31402582,0.24186437,-0.038064457,0.28754172,0.29693326,-0.012516702,False,False,False,False,0.01730317,0.34817186,False,False,61091.21161750774,,19,False,False,False,False,False,False,False,False,False,False,False,False,False,False,False,False,False,False,False,False,False,g
1,61091.21019316616,lsst,149.5636914739677,1.7939877380503706,170028510512414824,170032911353380985,0,170028510512414824,-1790.2554,240.1607,0,0,0,6515.699,247.16406,True,2026021900262,43,0.0,3.1282023e-05,2.8783343e-05,-9.4759874e-11,103.693504,0.5034197,2312.1016,0.575787,False,-2696.3755,490.30905,False,False,True,7.3143477,,1629.6362,1681,-1776.211,24.299362,149.56368370300126,,1.7939787480266012,,1.2634171,,98.02367,,,0,False,,,,,,,,0,False,False,False,8418.655,6.8655705,0.13523754,0.26855487,0.047298778,0.25342035,0.25430965,0.0023418386,False,False,False,False,0.23335917,0.44526306,False,False,61091.21260165665,,19,False,False,False,False,False,False,False,False,False,False,False,False,False,False,False,False,False,False,False,False,False,g
1,61091.210658790544,lsst,149.56369878127458,1.7940380049602667,170028510512414824,170032911508570180,0,170028510512414824,-2199.0488,214.1633,0,0,0,6578.377,217.78386,True,2026021900263,83,0.0,2.9986755e-05,2.286798e-05,-1.8760708e-10,636.59845,0.37960944,40.20654,0.56207967,False,-2508.351,409.88293,False,False,True,10.186656,,1630.1917,1681,-2278.4358,1.8285251,149.56370194463622,,1.7940338688353294,,1.4034376,,103.65588,,,0,False,,,,,,,,0,False,False,False,8911.779,8.54635,0.21591936,0.40051305,0.029243235,0.29412508,0.2798807,-0.0013725448,False,False,False,False,0.038381856,0.47479188,False,False,61091.21245377041,,22,False,False,False,False,False,False,False,False,False,False,False,False,False,False,False,False,False,False,False,False,False,g
1,61091.21112614623,lsst,149.56367911388594,1.7940479723704894,170028510512414824,170032911621816419,0,170028510512414824,-1825.4929,228.47437,0,0,0,7209.153,234.23053,True,2026021900264,43,0.0,3.8457165e-05,3.7991515e-05,-1.5743212e-11,680.0745,0.6821654,1509.4987,0.69322145,False,-1476.1652,402.678,False,False,True,8.102597,,1649.7062,1681,-1793.9005,3.146954,149.56367847046002,,1.7940508874661272,,0.91442657,,-29.54146,,,0,False,,,,,,,,0,False,False,False,9055.274,5.926395,0.32293475,0.33379117,-0.03676467,0.341573,0.34765613,0.0043490715,False,False,False,False,0.018959558,0.3916472,False,False,61091.21290592168,,23,False,False,False,False,False,False,False,False,False,False,False,False,False,False,False,False,False,False,False,False,False,g
2,61091.22184939298,lsst,149.5636794989255,1.7940619999034353,170028510512414824,170032913924489417,0,170028510512414824,-1573.8016,216.6484,0,0,0,7046.5566,217.63564,True,2026021900281,83,0.0,2.71628e-05,2.6635662e-05,-2.0365723e-12,3399.7188,0.47907612,3226.3962,0.488638,False,-1673.3827,507.62482,False,False,True,7.1375966,,1624.5149,1681,-1589.4735,10.415048,149.56368274642136,,1.7940503467787263,,1.1068641,,-29.090105,,,0,False,,,,,,,,0,False,False,False,8590.036,16.300417,0.18790172,0.13697502,-0.056659095,0.2087423,0.17636783,0.011098973,False,False,False,False,0.11094907,0.3353094,False,False,61091.22366189695,,16,False,False,False,False,False,False,False,False,False,False,False,False,False,False,False,False,False,False,False,False,False,r
2,61091.22231403686,lsst,149.5636815021235,1.7940325987626158,170028510512414824,170032914037735581,0,170028510512414824,-1566.5566,232.87256,0,0,0,7091.7607,236.77997,True,2026021900282,43,0.0,1.9913248e-05,2.319504e-05,2.5855613e-12,2721.078,0.4174109,1245.4612,0.35830253,False,-1001.86035,553.73175,False,False,True,6.623593,,1758.185,1681,-1503.6194,6.4714704,149.56367980816458,,1.7940290717531306,,0.9276732,,37.324116,,,0,False,,,,,,,,0,False,False,False,8634.578,18.58362,0.13254434,0.10632491,0.041202858,0.20178467,0.17241956,0.017726785,False,False,False,False,0.45743537,0.2224539,False,False,61091.223909312896,,14,False,False,False,False,False,False,False,False,False,False,False,False,False,False,False,False,False,False,False,False,False,r
2,61091.22278103921,lsst,149.56371015144384,1.794059375225539,170028510512414824,170032914170904678,0,170028510512414824,-1674.7605,215.6705,0,0,0,6812.932,215.71791,True,2026021900283,41,0.0,2.3478427e-05,3.658777e-05,-2.44411e-11,1470.063,0.6584533,932.10724,0.42228863,False,-2245.7163,466.442,False,False,True,7.648258,,1645.0984,1681,-1953.0496,7.707859,149.56371728270173,,1.7940313320002133,,1.9376366,,4.7397504,,,0,False,,,,,,,,0,False,False,False,8504.857,10.673997,0.5591325,0.15692204,0.04641554,0.22602563,0.2197152,0.007905076,False,False,False,False,0.87100375,0.41962445,False,False,61091.2247699136,,21,False,False,False,False,False,False,False,False,False,False,False,False,False,False,False,False,False,False,False,False,False,r
2,61091.22429989655,lsst,149.56366370523418,1.794054806607536,170028510512414824,170032914595053662,0,170028510512414824,-1465.5786,228.267,0,0,0,7032.4087,231.9653,True,2026021900286,82,0.0,3.8958693e-05,4.101326e-05,3.7539394e-10,1793.4888,0.8015754,1082.7494,0.62724555,False,-679.8627,528.4134,False,False,True,6.506682,,1755.5485,1681,-1738.7738,7.71404,149.5636639444039,,1.7940710843268537,,1.613141,,-8.754006,,,0,False,,,,,,,,0,False,False,False,8578.187,12.730292,0.20754193,0.2346267,-0.14767863,0.21574637,0.20770743,0.01593371,False,False,False,False,0.0102771,0.30945584,False,False,61091.2261090041,,18,False,False,False,False,False,False,False,False,False,False,False,False,False,False,False,False,False,False,False,False,False,r
2,61091.22476381732,lsst,149.5636854348386,1.7939956128431582,170028510512414824,170032914731368564,0,170028510512414824,-1852.5557,283.8522,0,0,0,6259.0024,288.12817,True,2026021900287,86,0.0,2.8373444e-05,2.8259636e-05,-9.739955e-12,1564.4093,0.50610346,2438.0703,0.51256144,False,-2091.0503,657.57935,False,False,True,6.41338,,1689.4004,1681,-1741.1418,68.727516,149.56366008838143,,1.7939698775061603,,0.7880246,,-2.2241845,,,0,False,,,,,,,,0,False,False,False,8189.737,13.912284,0.07941928,0.063360296,-0.031484153,0.23487346,0.20519064,0.010144361,False,False,False,False,0.91847724,0.3874794,False,False,61091.226703084525,,18,False,False,False,False,False,False,False,False,False,False,False,False,False,False,False,False,False,False,False,False,False,r
2,61091.2256952425,lsst,149.5636631224533,1.7940158116174432,170028510512414824,170032914997706875,0,170028510512414824,-1558.0223,235.87282,0,0,0,6861.3467,237.97589,True,2026021900289,82,0.0,3.1530664e-05,2.7495478e-05,-2.0307839e-10,3211.292,0.45507056,2008.1765,0.59946996,False,-902.6167,540.1939,False,False,True,6.5201545,,1681.5143,1681,-1562.5752,11.498947,149.56366311540762,,1.7940238744789314,,0.9370789,,101.73909,,,0,False,,,,,,,,0,False,False,False,8466.691,13.142986,0.16215453,0.22850521,0.02418005,0.21813868,0.22250079,0.006817606,False,False,False,False,0.068343006,0.33085665,False,False,61091.2276509683,,17,False,False,False,False,False,False,False,False,False,False,False,False,False,False,False,False,False,False,False,False,False,r
2,61091.22616138874,lsst,149.56371046194323,1.794071844735449,170028510512414824,170032915131400315,0,170028510512414824,-1618.6505,260.8862,0,0,0,6897.848,265.45834,True,2026021900290,81,0.0,2.75082e-05,2.4772175e-05,-9.836879e-11,2107.2258,0.42735368,3354.9875,0.51104236,False,-58.542736,611.309,False,False,True,6.245907,,1728.0503,1681,,,,,,,,,,,,0,False,,,,,,,,0,False,False,False,8603.888,15.742825,,,,0.22042379,0.19845231,0.012407744,True,False,False,False,,0.12247236,False,False,61091.22835330632,,15,False,False,False,False,False,False,False,False,False,False,False,False,False,False,False,False,False,False,False,False,False,r
2,61091.227095847906,lsst,149.56367818970455,1.7940277835582266,170028510512414824,170032915379912833,0,170028510512414824,-1518.6333,260.9242,0,0,0,6975.8364,265.51242,True,2026021900292,43,0.0,2.5471249e-05,3.8827566e-05,3.8802694e-10,783.3408,0.7326096,1170.0858,0.4021565,False,-1014.73566,680.8442,False,False,True,5.8177776,,1611.7751,1681,-1556.4286,50.23155,149.5636610995593,,1.7940238059536207,,1.072849,,-6.1056333,,,0,False,,,,,,,,0,False,False,False,8510.128,34.96562,0.14771853,0.07420058,-0.0512562,0.16701859,0.1470825,0.004784682,False,False,False,False,0.28683072,0.15989031,False,False,61091.22886491043,,14,False,False,False,False,False,False,False,False,False,False,False,False,False,False,False,False,False,False,False,False,False,r
2,61091.22755946318,lsst,149.56369859428244,1.7940526979729763,170028510512414824,170032915514654871,0,170028510512414824,-2167.381,280.48236,0,0,0,6217.748,284.50964,True,2026021900293,44,0.0,2.7101874e-05,2.0604044e-05,-1.1180236e-10,1142.7451,0.35457382,3530.652,0.4994113,False,-972.2377,732.161,False,False,True,7.6835284,,1756.2952,1681,-2470.3826,3.757451,149.56368728604278,,1.7940486751790186,,1.399072,,74.99628,,,0,False,,,,,,,,0,False,False,False,8529.481,31.267115,0.15834397,0.24480681,0.096027724,0.15409455,0.16992895,0.002570934,False,False,False,False,0.21438584,0.3124884,False,False,61091.22937883578,,16,False,False,False,False,False,False,False,False,False,False,False,False,False,False,False,False,False,False,False,False,False,r
2,61091.22802527272,lsst,149.56369142302583,1.794068554043638,170028510512414824,170032915648348308,0,170028510512414824,-1785.0878,185.83112,0,0,0,6793.6675,186.65431,True,2026021900294,43,0.0,1.8633544e-05,2.0222049e-05,1.7629868e-11,1417.1425,0.36602992,415.5603,0.3330568,False,-1488.8759,479.65247,False,False,True,9.4468,,1683.8352,1681,-1688.3196,0.1367047,149.56369081116364,,1.7940717701647966,,0.58761686,,-7.117984,,,0,False,,,,,,,,0,False,False,False,8633.446,20.065685,0.17527333,0.15357143,-0.010603725,0.16060418,0.14057481,-0.0029404645,False,False,False,False,0.031256374,0.4452434,False,False,61091.229735953624,,17,False,False,False,False,False,False,False,False,False,False,False,False,False,False,False,False,False,False,False,False,False,r
3,61091.28458085817,lsst,149.5636975982046,1.7940714637230197,170028510512414824,170032928270057629,0,170028510512414824,-1864.3241,321.8594,0,0,0,7542.8315,324.8762,True,2026021900388,53,0.0,3.147584e-05,3.186736e-05,6.3195386e-11,2961.1594,0.5511448,3399.5554,0.5878933,False,-1962.9265,802.1787,False,False,True,5.708715,,1613.8348,1681,-1944.6901,15.213581,149.563683780674,,1.7940714606344417,,1.3067626,,-78.57741,,,0,False,,,,,,,,0,False,False,False,9369.302,13.38664,0.2230875,0.1204183,-0.0769048,0.18073593,0.1896364,0.015533791,False,False,False,False,0.024042511,0.25255656,False,False,61091.2865913939,,14,False,False,False,False,False,False,False,False,False,False,False,False,False,False,False,False,False,False,False,False,False,i
3,61094.12090321916,lsst,149.5637238329883,1.794060471922327,170028510512414824,170046089943056534,0,170028510512414824,-1486.6041,241.03496,0,0,0,7584.0664,234.57394,True,2026022200146,80,0.0,6.7184425e-05,5.403826e-05,1.0202813e-09,3874.6018,1.2750038,486.7009,0.8858223,False,-1416.884,544.8347,False,False,True,6.344205,,1597.1335,1681,-1786.3606,5.3173966,149.56371326075524,,1.7940647383690123,,1.6333349,,66.61522,,,0,False,,,,,,,,0,False,False,False,9142.88,20.89426,0.51076627,0.24485181,0.012224818,0.24779393,0.24270622,0.0037200046,False,False,False,False,0.83338636,0.29762155,False,False,61094.1227957583,,18,False,False,False,False,False,False,False,False,False,False,False,False,False,False,False,False,False,False,False,False,False,i
3,61094.12136688755,lsst,149.563731426422,1.79406349413122,170028510512414824,170046090080944262,0,170028510512414824,-1586.9663,247.84175,0,0,0,7496.6973,243.27628,True,2026022200147,87,0.0,3.659354e-05,4.2614734e-05,-3.8817277e-10,2862.762,0.603014,1618.992,0.81138766,False,-2411.8616,539.36395,False,False,True,6.4210715,,1662.3818,1681,-2047.8092,12.310331,149.56372026943197,,1.7940411462139982,,1.9062891,,116.24941,,,0,False,,,,,,,,0,False,False,False,9174.645,17.897415,0.44890225,0.57860494,0.1699809,0.27544197,0.268527,0.0003091101,False,False,False,False,0.995355,0.23296383,False,False,61094.123268006675,,19,False,False,False,False,False,False,False,False,False,False,False,False,False,False,False,False,False,False,False,False,False,i
3,61094.12183275723,lsst,149.56366576730875,1.7940334719180657,170028510512414824,170046090214113435,0,170028510512414824,-1964.7543,249.00803,0,0,0,7546.339,245.25288,True,2026022200148,85,0.0,2.9207416e-05,2.6974381e-05,1.3070979e-10,831.23553,0.55044454,3971.5735,0.4570772,False,-1881.348,539.1116,False,False,True,8.007151,,1703.297,1681,-2027.4357,9.183967,149.56367390270844,,1.794033589872479,,0.76673365,,-1.7060555,,,0,False,,,,,,,,0,False,False,False,9482.8955,20.745255,0.20946144,0.23488605,-0.022903442,0.3111755,0.2555173,0.00021318751,False,False,False,False,0.28107473,0.42013487,False,False,61094.12373016296,,20,False,False,False,False,False,False,False,False,False,False,False,False,False,False,False,False,False,False,False,False,False,i
3,61094.12229982676,lsst,149.563683860776,1.7940926204486525,170028510512414824,170046090348855408,0,170028510512414824,-1837.4479,246.91226,0,0,0,7365.02,242.67761,True,2026022200149,86,0.0,5.1378865e-05,6.2532265e-05,-1.7903895e-09,569.0701,0.6672258,2594.1672,1.2941457,False,-2011.4716,544.10895,False,False,True,7.572204,,1623.6552,1681,-2304.902,4.611858,149.56369096354487,,1.794080633786205,,1.8756571,,-30.230013,,,0,False,,,,,,,,0,False,False,False,9233.964,19.751287,0.13345839,0.51776946,-0.033909027,0.28165174,0.24209349,0.0084381625,False,False,False,False,0.32124108,0.38608345,False,False,61094.124163204426,,20,False,False,False,False,False,False,False,False,False,False,False,False,False,False,False,False,False,False,False,False,False,i
3,61094.122763854,lsst,149.56358854901234,1.7940310292509427,170028510512414824,170046090484646036,0,170028510512414824,-1652.1154,255.21721,0,0,0,6757.4917,252.52266,True,2026022200150,89,0.0,3.582412e-05,3.5413257e-05,6.132653e-11,2225.3594,0.6565471,3614.8335,0.6247453,False,-1719.771,551.8034,False,False,True,6.442813,,1577.0398,1681,-1772.9597,9.7932,149.5635969847827,,1.794026043994931,,1.3146627,,90.31617,,,0,False,,,,,,,,0,False,False,False,8492.532,12.036511,0.28357148,0.24634501,0.08320301,0.2603686,0.25122958,-0.00958963,False,False,False,False,0.008157627,0.27248874,False,False,61094.12471511333,,18,False,False,False,False,False,False,False,False,False,False,False,False,False,False,False,False,False,False,False,False,False,i
3,61094.123229918376,lsst,149.56370371712364,1.7940456348538094,170028510512414824,170046090615193788,0,170028510512414824,-1370.196,224.57936,0,0,0,7951.3975,218.53082,True,2026022200151,82,0.0,3.1770203e-05,3.3189946e-05,-3.4294226e-10,119.9113,0.47938263,3941.3013,0.67361355,False,-2031.453,544.53827,False,False,True,5.9866195,,1648.1941,1681,-1603.5839,4.624998,149.56371499944103,,1.7940228567746246,,1.672238,,-27.87318,,,0,False,,,,,,,,0,False,False,False,9303.529,13.267573,0.09824445,0.3821487,-0.07115511,0.20034759,0.17910522,-0.0076604066,False,False,False,False,0.28501278,0.3050228,False,False,61094.12524126188,,14,False,False,False,False,False,False,False,False,False,False,False,False,False,False,False,False,False,False,False,False,False,i
3,61094.12369408317,lsst,149.56373717010905,1.794049722285458,170028510512414824,170046090753081509,0,170028510512414824,-1525.573,215.24101,0,0,0,7328.563,210.59186,True,2026022200152,89,0.0,3.0216763e-05,3.052178e-05,-4.0082213e-10,2352.6099,0.410783,1034.1461,0.65443,False,-1420.0846,546.6877,False,False,True,7.113016,,1606.7504,1681,-1607.0247,5.653782,149.5637283845669,,1.794056667824454,,1.1378938,,-35.914246,,,0,False,,,,,,,,0,False,False,False,8852.445,16.934042,0.107383184,0.23325545,-0.019050468,0.16340011,0.16073689,0.0016539217,False,False,False,False,0.010434921,0.34140873,False,False,61094.12572259037,,15,False,False,False,False,False,False,False,False,False,False,False,False,False,False,False,False,False,False,False,False,False,i
3,61094.12416344517,lsst,149.56365969491753,1.7940509230895922,170028510512414824,170046090881007834,0,170028510512414824,-1554.3531,218.44751,0,0,0,7903.3164,214.47125,True,2026022200153,77,0.0,2.154004e-05,2.1155412e-05,-1.0586455e-10,3999.3936,0.33672512,1834.6488,0.42663538,False,-1568.5687,546.78625,False,False,True,6.95382,,1680.9156,1681,-1498.9912,26.22814,149.56366438414605,,1.794046132516285,,0.9733795,,-39.921314,,,0,False,,,,,,,,0,False,False,False,9490.473,25.255682,0.06858062,0.1631688,-0.012323605,0.15389521,0.16780905,0.018058227,False,False,False,False,0.269872,0.45258188,False,False,61094.12618569921,,16,False,False,False,False,False,False,False,False,False,False,False,False,False,False,False,False,False,False,False,False,False,i
3,61094.124630810795,lsst,149.56366306016986,1.7940412834000616,170028510512414824,170046091017322640,0,170028510512414824,-1831.8762,225.40831,0,0,0,7592.415,220.39153,True,2026022200154,81,0.0,4.4079217e-05,4.8265912e-05,1.0765201e-09,1693.0653,1.0231978,464.7243,0.58108735,False,-1808.0841,540.84924,False,False,True,8.063999,,1738.098,1681,-2185.1082,7.013526,149.56366369028342,,1.7940406711785841,,1.704266,,37.144684,,,0,False,,,,,,,,0,False,False,False,9413.165,13.120703,0.48977974,0.18834877,-0.0146492,0.19625884,0.18358049,-0.010196168,False,False,False,False,0.94650275,0.4110137,False,False,61094.12661958066,,19,False,False,False,False,False,False,False,False,False,False,False,False,False,False,False,False,False,False,False,False,False,i
3,61094.125095146046,lsst,149.56365572302877,1.7941009804638748,170028510512414824,170046091152064688,0,170028510512414824,-1282.8344,216.57928,0,0,0,7512.4087,211.56639,True,2026022200155,82,0.0,3.7239803e-05,3.3499582e-05,-4.4747134e-10,3151.781,0.50509423,2816.0493,0.74644244,False,-873.724,540.52124,False,False,True,5.911478,,1690.6545,1681,-1541.6125,37.585415,149.5636764293188,,1.7941342386008872,,1.9221376,,-7.274814,,,0,False,,,,,,,,0,False,False,False,8792.5,17.845251,0.28119832,0.26610973,-0.22106187,0.15900305,0.18151042,-0.002162284,False,False,False,False,0.7916818,0.2552495,False,False,61094.12706419233,,13,False,False,False,False,False,False,False,False,False,False,False,False,False,False,False,False,False,False,False,False,False,i
3,61094.125563195266,lsst,149.56365843382267,1.794075427329199,170028510512414824,170046091288379543,0,170028510512414824,-1821.4033,224.63554,0,0,0,7333.8394,218.75784,True,2026022200156,86,0.0,2.5496134e-05,2.5305797e-05,-1.1608237e-11,486.5475,0.4525403,1722.3735,0.46140927,False,-1234.0051,547.3903,False,False,True,8.114066,,1658.8615,1681,-1824.7037,3.4263775,149.56365460356764,,1.7940749947108061,,0.8615851,,83.14675,,,0,False,,,,,,,,0,False,False,False,9183.772,15.341226,0.1817349,0.1923836,0.033812348,0.18722801,0.1797421,0.016733991,False,False,False,False,0.001737378,0.29053143,False,False,61094.12799954649,,16,False,False,False,False,False,False,False,False,False,False,False,False,False,False,False,False,False,False,False,False,False,i
3,61094.12603188417,lsst,149.56364832601835,1.7940585187236717,170028510512414824,170046091421024427,0,170028510512414824,-1595.8798,221.79787,0,0,0,7633.014,217.3763,True,2026022200157,83,0.0,2.6220272e-05,2.3295723e-05,-1.3412411e-10,676.9861,0.38700137,2454.463,0.4984507,False,-1901.4509,546.0631,False,False,True,7.217021,,1705.5106,1681,,,,,,,,,,,,0,False,,,,,,,,0,False,False,False,9256.338,15.79377,,,,0.17822456,0.16920194,0.005147584,True,False,False,False,,0.46260607,False,False,61094.12795945727,,16,False,False,False,False,False,False,False,False,False,False,False,False,False,False,False,False,False,False,False,False,False,i
3,61094.1264975798,lsst,149.56369634327763,1.7941132795663974,170028510512414824,170046091554717854,0,170028510512414824,-1301.578,237.70638,0,0,0,7427.9697,232.71915,True,2026022200158,82,0.0,5.0036568e-05,7.778346e-05,2.5582008e-09,44.63746,1.5473086,3900.6948,0.61401546,False,-1855.308,544.19,False,False,True,5.2659664,,1681.6682,1681,,,,,,,,,,,,0,False,,,,,,,,0,False,False,False,8804.274,17.05446,,,,0.22392423,0.20697246,0.012309251,True,False,False,False,,0.33526132,False,False,61094.12841502353,,16,False,False,False,False,False,False,False,False,False,False,False,False,False,False,False,False,False,False,False,False,False,i
1,61094.12946386969,lsst,149.56366960476905,1.7940179337881352,170028510512414824,170046091936399532,0,170028510512414824,-2026.7054,127.38522,0,0,0,6623.121,124.807106,False,2026022200161,42,,1.1503426e-05,1.4417852e-05,3.98834e-11,3859.573,0.26987404,3707.1523,0.19303165,False,-1540.2472,243.89108,False,False,True,15.687011,,1696.2415,1681,-2010.1628,6.303479,149.56366508335574,,1.7940185464161735,,1.0171481,,19.059769,,,0,False,,,,,,,,0,False,False,False,8676.706,11.080513,0.24869525,0.15129745,-0.0072607542,0.29125193,0.22066797,-0.007950434,False,False,False,False,0.26325515,0.5536251,False,False,61102.64297318161,,24,False,False,False,False,False,False,False,False,False,False,False,False,False,False,False,False,False,False,False,False,False,g
1,61094.129929947114,lsst,149.56372533590377,1.7940121086491585,170028510512414824,170046092071141550,0,170028510512414824,-1761.2766,137.29973,0,0,0,6874.36,137.03174,False,2026022200162,43,,1.934343e-05,2.3748207e-05,8.1581894e-11,2516.2334,0.43849134,3558.6636,0.3335498,False,-1756.3429,242.61287,False,False,True,12.807354,,1665.688,1681,-1729.847,1.6632134,149.56373065293445,,1.7940117013862957,,0.9922995,,19.516375,,,0,False,,,,,,,,0,False,False,False,8676.021,7.843766,0.3515089,0.26251978,-0.0013198425,0.34845334,0.31195232,0.01925968,False,False,False,False,0.03983626,0.5045683,False,False,61102.69471451391,,26,False,False,False,False,False,False,False,False,False,False,False,False,False,False,False,False,False,False,False,False,False,g
1,61094.130396334454,lsst,149.56375115663064,1.794033268810521,170028510512414824,170046092226330743,0,170028510512414824,-1936.5219,128.2374,0,0,0,6407.021,127.168434,True,2026022200163,83,0.0,1.4976806e-05,1.813966e-05,3.6054083e-11,2270.8286,0.33168712,628.52,0.26251352,False,-1956.57,240.9068,False,False,True,15.118561,,1702.1881,1681,-2027.7324,0.84835553,149.56375321396845,,1.794038550580381,,1.3575935,,-12.813615,,,0,False,,,,,,,,0,False,False,False,8383.754,9.133723,0.32362145,0.23302272,-0.07910854,0.30574223,0.2644755,2.1984626e-05,False,False,False,False,0.004022787,0.5180397,False,False,61094.13216965877,,25,False,False,False,False,False,False,False,False,False,False,False,False,False,False,False,False,False,False,False,False,False,g
1,61094.13085978302,lsst,149.56373619855768,1.7940129121391228,170028510512414824,170046092362121354,0,170028510512414824,-2091.1958,125.24108,0,0,0,6329.2705,124.451836,False,2026022200164,86,,1.4470011e-05,1.3948406e-05,-3.9442703e-12,385.80618,0.25019807,1578.4883,0.26080003,False,-2334.771,240.92021,False,False,True,16.440388,,1652.7761,1681,-2111.1267,1.1160071,149.56373195633103,,1.7940105460775522,,1.1368746,,-42.608772,,,0,False,,,,,,,,0,False,False,False,8443.821,6.507818,0.22523206,0.27391845,-0.056498673,0.28586572,0.23770005,0.004836108,False,False,False,False,0.014103151,0.54153544,False,False,61102.61699105986,,25,False,False,False,False,False,False,False,False,False,False,False,False,False,False,False,False,False,False,False,False,False,g
1,61094.131375983634,lsst,149.56373634060344,1.7940106427870692,170028510512414824,170046092494766241,0,170028510512414824,-1944.938,126.27122,0,0,0,6476.483,125.92447,False,2026022200165,83,,1.3009876e-05,1.9539855e-05,3.1035532e-11,2052.6858,0.3533975,3853.4382,0.23084101,False,-1584.9016,242.3345,False,False,True,15.119477,,1691.9083,1681,-2003.5242,1.4438288,149.56373322195736,,1.794011917777617,,1.2589796,,8.843017,,,0,False,,,,,,,,0,False,False,False,8495.278,10.460384,0.34893653,0.19549775,0.0018887174,0.2843089,0.24864915,0.011055296,False,False,False,False,0.0030778295,0.5033334,False,False,61102.619882902894,,24,False,False,False,False,False,False,False,False,False,False,False,False,False,False,False,False,False,False,False,False,False,g
1,61094.13516483684,lsst,149.5637238999488,1.7940146846436953,170028510512414824,170046092740133036,0,170028510512414824,-2020.8005,126.73864,0,0,0,6454.556,125.289375,True,2026022200167,39,0.0,1.4452346e-05,1.666378e-05,6.213101e-12,3821.1472,0.30015588,2905.4304,0.25968552,False,-2416.9392,237.96869,False,False,True,15.606616,,1605.6189,1681,-2089.517,0.5352649,149.56372653076926,,1.794015126742598,,1.329288,,43.795155,,,0,False,,,,,,,,0,False,False,False,8508.003,9.466591,0.3462969,0.3085245,0.082457535,0.3077124,0.25868556,0.01833065,False,False,False,False,0.15838026,0.54770964,False,False,61094.137055669664,,26,False,False,False,False,False,False,False,False,False,False,False,False,False,False,False,False,False,False,False,False,False,g
1,61094.1356325361,lsst,149.56373329086014,1.7940309688424758,170028510512414824,170046092873826450,0,170028510512414824,-1880.3256,130.58563,0,0,0,6781.6704,130.41014,True,2026022200168,38,0.0,1.5563866e-05,1.9416999e-05,5.5771845e-12,302.3895,0.34939805,3871.8254,0.27994475,False,-1694.5905,240.76349,False,False,True,14.378477,,1668.4797,1681,-1890.7657,3.1379316,149.56373246459813,,1.7940322085294709,,0.9302265,,24.86006,,,0,False,,,,,,,,0,False,False,False,8680.161,6.879078,0.31157392,0.2563822,0.027498545,0.31775564,0.26564798,0.00085231464,False,False,False,False,0.0050953105,0.48903027,False,False,61094.13776737702,,27,False,False,False,False,False,False,False,False,False,False,False,False,False,False,False,False,False,False,False,False,False,g
1,61094.136098352625,lsst,149.56371894064802,1.7940335210023197,170028510512414824,170046093011190053,0,170028510512414824,-2044.5498,205.33748,0,0,0,6567.653,206.5489,True,2026022200169,44,0.0,2.4821627e-05,2.8436507e-05,-2.2762389e-12,3379.9521,0.51140726,737.6521,0.4464609,False,-2186.8071,386.77826,False,False,True,9.945352,,1686.845,1681,-2125.576,1.594366,149.5637167417801,,1.794036719236956,,1.3741162,,22.073929,,,0,False,,,,,,,,0,False,False,False,8673.86,8.090253,0.40371147,0.27631137,0.06466414,0.32183215,0.29101324,0.012844113,False,False,False,False,0.087802045,0.42486003,False,False,61094.138606747,,25,False,False,False,False,False,False,False,False,False,False,False,False,False,False,True,True,False,False,False,False,False,g
1,61094.1381581989,lsst,149.56374632385374,1.7939911059630438,170028510512414824,170046093278052470,0,170028510512414824,-2032.0635,143.1406,0,0,0,6357.742,142.48578,True,2026022200171,41,0.0,1.7171782e-05,1.9733818e-05,-1.6872176e-11,263.06012,0.35628003,3942.24,0.3073258,False,-1926.5612,241.98863,False,False,True,14.1524935,,1719.8832,1681,-2038.7848,1.8605934,149.56374454528094,,1.7939906649533588,,1.136218,,8.9933405,,,0,False,,,,,,,,0,False,False,False,8479.159,5.8527884,0.399612,0.30595046,0.03597102,0.36505175,0.36678055,0.013773697,False,False,False,False,0.011700856,0.48912984,False,False,61094.14011525054,,29,False,False,False,False,False,False,False,False,False,False,False,False,False,False,False,False,False,False,False,False,False,g
1,61094.13862435321,lsst,149.56374322103565,1.7940377724796128,170028510512414824,170046093412270180,0,170028510512414824,-1851.8975,135.66046,0,0,0,6714.2476,136.15576,True,2026022200172,41,0.0,1.958335e-05,1.8899582e-05,6.0929608e-12,2484.0818,0.3393187,510.38498,0.35296205,False,-1907.0948,239.06036,False,False,True,13.491758,,1845.7946,1681,-1825.7445,2.0524888,149.56374429592006,,1.794036785830164,,1.038118,,33.873154,,,0,False,,,,,,,,0,False,False,False,8624.742,5.6346774,0.32275474,0.327991,0.048782136,0.32276464,0.32784224,0.015726322,False,False,False,False,3.7020973e-07,0.43005097,False,False,61094.14061275502,,27,False,False,False,False,False,False,False,False,False,False,False,False,False,False,False,False,False,False,False,False,False,g
1,61094.13908838856,lsst,149.56372934576947,1.7940439294209565,170028510512414824,170046093545963693,0,170028510512414824,-1780.76,121.61658,0,0,0,6761.8765,120.45275,True,2026022200173,40,0.0,1.5640848e-05,1.4574861e-05,9.75967e-12,3460.271,0.2605053,2490.8228,0.28296107,False,-1642.5347,239.7747,False,False,True,14.719372,,1739.6158,1681,-1738.3717,0.9129194,149.56372960653013,,1.7940434403336587,,0.759896,,29.058367,,,0,False,,,,,,,,0,False,False,False,8586.95,7.844881,0.22526641,0.22497086,0.025675805,0.22299764,0.24606328,0.023379445,False,False,False,False,0.0093879895,0.5191446,False,False,61094.141217228505,,23,False,False,False,False,False,False,False,False,False,False,False,False,False,False,False,False,False,False,False,False,False,g
1,61094.13962644496,lsst,149.56373642273314,1.794028696158835,170028510512414824,170046093680181368,0,170028510512414824,-1958.08,120.92362,0,0,0,6431.922,120.04593,True,2026022200174,40,0.0,1.4456859e-05,1.6040101e-05,9.660189e-12,927.91235,0.2896652,936.31146,0.25899416,False,-2179.8643,238.80182,False,False,True,16.051302,,1648.4784,1681,-1884.1136,0.1642733,149.5637370870275,,1.7940304114487668,,0.66799575,,24.006897,,,0,False,,,,,,,,0,False,False,False,8426.742,7.478212,0.28693923,0.25205374,0.00845822,0.2474633,0.21492247,0.019505035,False,False,False,False,0.14662471,0.5243859,False,False,61094.1416735309,,24,False,False,False,False,False,False,False,False,False,False,False,False,False,False,False,False,False,False,False,False,False,g
1,61094.14056508511,lsst,149.56377472561934,1.7940425660949118,170028510512414824,170046093950714016,0,170028510512414824,-2185.8389,109.01554,0,0,0,5505.121,107.23004,True,2026022200176,44,0.0,8.573925e-06,1.1185877e-05,4.4691447e-12,572.39575,0.20149888,583.1206,0.15381643,False,-2164.6218,236.8771,False,False,True,19.651308,,1655.6719,1681,-2168.1753,1.3086498,149.5637735773724,,1.7940423246414134,,0.9473144,,18.375229,,,0,False,,,,,,,,0,False,False,False,7743.33,12.760413,0.21134397,0.13514577,0.019316629,0.20021099,0.1829338,0.009330803,False,False,False,False,0.042825066,0.575534,False,False,61094.14243814838,,21,False,False,False,False,False,False,False,False,False,False,False,False,False,False,False,False,False,False,False,False,False,g
4,61094.143329136816,lsst,149.56369996754808,1.7940811125923282,170028510512414824,170046094374862961,0,170028510512414824,-2115.6748,397.0311,0,0,0,9206.427,390.14847,True,2026022200179,85,0.0,3.1658627e-05,3.0338995e-05,1.8523466e-10,60.17894,0.6107379,325.98923,0.4998811,False,-2107.7078,993.9244,False,False,True,5.276748,,1775.6017,1681,-2296.4885,54.729836,149.56370285298414,,1.794087474746599,,1.4864122,,24.985214,,,0,False,,,,,,,,0,False,False,False,11411.502,43.941257,0.24702066,0.08744168,-0.10412621,0.20527773,0.16183028,-0.004694574,False,False,False,False,0.035630837,0.27296522,False,False,61094.14513514777,,13,False,False,False,False,False,False,False,False,False,False,False,False,False,False,False,False,False,False,False,False,False,z
2,61094.15225350608,lsst,149.5637075246563,1.7940564761424225,170028510512414824,170046096522870926,0,170028510512414824,-1999.5197,178.93674,0,0,0,6587.6875,177.98323,False,2026022200195,86,,2.046811e-05,1.8802011e-05,-2.5783988e-11,1772.139,0.33390483,1290.1885,0.37207407,False,-2273.5757,348.0836,False,False,True,11.080829,,1600.6195,1681,-1879.1735,1.2124231,149.56370737551484,,1.794059167662789,,0.6129064,,-60.922405,,,0,False,,,,,,,,0,False,False,False,8627.128,9.388455,0.19227135,0.22307068,-0.005592049,0.2653108,0.30119184,0.025407134,False,False,False,False,0.39558002,0.5080493,False,False,61102.59534742292,,21,False,False,False,False,False,False,False,False,False,False,False,False,False,False,False,False,False,False,False,False,False,r
1,61094.167940492975,lsst,149.56373109531987,1.7940029601835294,170028510512414824,170046100128399549,0,170028510512414824,-1799.6787,127.319626,0,0,0,6585.816,127.03925,True,2026022200222,51,0.0,1.6404874e-05,2.0459905e-05,-2.0067916e-11,1125.1781,0.36907032,1964.4839,0.29353547,False,-1788.1119,236.36284,False,False,True,14.133482,,1695.6945,1681,-1797.9838,0.22289231,149.56373055598593,,1.7940060593537794,,1.1259053,,-23.310017,,,0,False,,,,,,,,0,False,False,False,8417.243,8.675802,0.37656307,0.27729312,-0.030608566,0.2891251,0.25222957,0.016040627,False,False,False,False,0.25297448,0.510606,False,False,61094.16989146061,,24,False,False,False,False,False,False,False,False,False,False,False,False,False,False,False,False,False,False,False,False,False,g
1,61094.16840422245,lsst,149.5637235699735,1.794051224082474,170028510512414824,170046100279394461,0,170028510512414824,-1935.9722,129.25404,0,0,0,6732.56,128.55711,True,2026022200223,83,0.0,1.3720938e-05,2.0629092e-05,-4.651085e-11,1505.3605,0.37478456,1617.8407,0.24091129,False,-1992.1046,237.96138,False,False,True,14.743647,,1629.29,1681,-2039.679,2.1141393,149.56371969238882,,1.7940502392185094,,1.5200399,,-4.017634,,,0,False,,,,,,,,0,False,False,False,8689.402,7.638151,0.42319718,0.19571535,0.027031206,0.298895,0.25706586,0.026949877,False,False,False,False,0.08509144,0.5221269,False,False,61094.170334234674,,25,False,False,False,False,False,False,False,False,False,False,False,False,False,False,False,False,False,False,False,False,False,g
1,61094.1688732014,lsst,149.56371170577884,1.7940413947555416,170028510512414824,170046100395262075,0,170028510512414824,-1665.5837,123.78858,0,0,0,6924.077,122.77724,True,2026022200224,48,0.0,1.537972e-05,1.9111194e-05,-3.220782e-11,1464.4572,0.34727535,736.0265,0.2722515,False,-1728.975,236.7495,False,False,True,13.37066,,1674.2141,1681,-1735.7164,2.367977,149.56370385698418,,1.7940439878799197,,1.3680542,,-32.77078,,,0,False,,,,,,,,0,False,False,False,8638.789,7.109292,0.3422911,0.19718233,-0.058753867,0.23947322,0.23852049,0.0053068255,False,False,False,False,0.09401031,0.5145064,False,False,61094.171057589236,,24,False,False,False,False,False,False,False,False,False,False,False,False,False,False,False,False,False,False,False,False,False,g
1,61094.169335494546,lsst,149.56376477551598,1.7939784682468731,170028510512414824,170046100547829887,0,170028510512414824,-2427.1833,120.52684,0,0,0,5627.611,118.00684,True,2026022200225,83,0.0,8.605475e-06,9.587452e-06,-5.8762873e-12,3831.1655,0.17401935,539.179,0.15289456,False,-1990.3914,235.41321,False,False,True,20.016832,,1773.1102,1681,-2339.777,4.370133,149.56376233962183,,1.793981382460775,,0.99582124,,20.10598,,,0,False,,,,,,,,0,False,False,False,8068.7373,6.9899235,0.17086324,0.14328638,0.04665021,0.26937982,0.2409363,0.011925613,False,False,False,False,0.60959494,0.6090748,False,False,61094.17144408601,,23,False,False,False,False,False,False,False,False,False,False,False,False,False,False,False,False,False,False,False,False,False,g
1,61094.16982731434,lsst,149.56370302540435,1.7939974209984393,170028510512414824,170046100658454687,0,170028510512414824,-1859.4758,120.87919,0,0,0,6620.5376,120.49052,True,2026022200226,38,0.0,1.4438853e-05,1.4531e-05,-1.2019283e-12,1672.038,0.26170507,1904.2329,0.25960663,False,-1942.3647,235.70859,False,False,True,15.360645,,1704.3724,1681,-1738.6426,0.40024495,149.5637027484013,,1.7939977392921118,,0.5241029,,65.77461,,,0,False,,,,,,,,0,False,False,False,8508.282,7.0093017,0.21256027,0.23582558,0.0020011382,0.246228,0.22385634,0.011475951,False,False,False,False,0.01243485,0.5614712,False,False,61094.172002235195,,23,False,False,False,False,False,False,False,False,False,False,False,False,False,False,False,False,False,False,False,False,False,g
1,61094.17029384519,lsst,149.5637415211602,1.7939909219796475,170028510512414824,170046100796342384,0,170028510512414824,-1805.9731,117.62821,0,0,0,6335.2603,116.37543,True,2026022200227,45,0.0,1.2889008e-05,1.5524802e-05,-3.693209e-11,3253.8818,0.28784555,992.4831,0.22113702,False,-2097.8022,232.49,False,False,True,14.904852,,1685.809,1681,-1788.2067,1.7248497,149.56374139771694,,1.7939905445297013,,1.143593,,-4.1893287,,,0,False,,,,,,,,0,False,False,False,8154.6943,8.392435,0.25828025,0.15471451,0.037929047,0.23314042,0.21714039,0.016994687,False,False,False,False,0.037820846,0.5153345,False,False,61094.172321996244,,23,False,False,False,False,False,False,False,False,False,False,False,False,False,False,False,False,False,False,False,False,False,g
1,61094.17076685547,lsst,149.56370434878204,1.794039653066304,170028510512414824,170046100932133033,0,170028510512414824,-1844.5413,121.11732,0,0,0,6760.5957,118.75351,True,2026022200228,48,0.0,1.425213e-05,1.6666983e-05,-4.570978e-11,3866.2786,0.31121084,2880.607,0.24232924,False,-2024.8427,236.67139,False,False,True,15.0592575,,1670.6116,1681,-1921.5112,0.68811446,149.5637046545596,,1.794042715377216,,1.1991638,,-3.9450998,,,0,False,,,,,,,,0,False,False,False,8629.048,7.2908063,0.32170808,0.22108647,0.046726838,0.23355553,0.22455469,0.01805319,False,False,False,False,0.17749214,0.5537887,False,False,61094.173089870405,,25,False,False,False,False,False,False,False,False,False,False,False,False,False,False,False,False,False,False,False,False,False,g
1,61094.171229547865,lsst,149.5637194585225,1.79401549133289,170028510512414824,170046101067923607,0,170028510512414824,-1853.4609,118.42114,0,0,0,6650.427,117.34201,True,2026022200229,51,0.0,1.3322266e-05,1.4977152e-05,-3.6237246e-11,1823.6154,0.2809178,1475.8728,0.22590944,False,-1877.4143,234.80487,False,False,True,15.464248,,1595.9543,1681,-1864.4857,1.5726206,149.56371979514134,,1.7940162762168357,,1.074557,,-7.1191626,,,0,False,,,,,,,,0,False,False,False,8537.761,7.611909,0.26089513,0.18026194,0.03747209,0.23408943,0.21910477,0.017572176,False,False,False,False,0.0039815265,0.51975304,False,False,61094.173370489836,,23,False,False,False,False,False,False,False,False,False,False,False,False,False,False,False,False,False,False,False,False,False,g
1,61094.17173853671,lsst,149.5637517875379,1.7940141789533437,170028510512414824,170046101202665589,0,170028510512414824,-2052.2285,117.723946,0,0,0,6060.5513,116.9462,True,2026022200230,52,0.0,1.2023269e-05,1.1240602e-05,1.7675438e-11,773.5894,0.19330035,24.205647,0.22415668,False,-1944.743,234.4374,False,False,True,17.035778,,1533.1285,1681,-2066.1536,2.9059358,149.56375140963948,,1.7940116450186232,,0.9165286,,41.352016,,,0,False,,,,,,,,0,False,False,False,8269.672,6.9172025,0.16939181,0.23353025,0.022084253,0.23767276,0.23245506,0.02560159,False,False,False,False,0.11295694,0.31047982,False,False,61094.174049252935,,24,False,False,False,False,False,False,False,False,False,False,False,False,False,False,False,False,False,False,False,False,False,g
1,61094.17220403766,lsst,149.56377381552082,1.7940094475459596,170028510512414824,170046101334786181,0,170028510512414824,-1920.0973,114.35455,0,0,0,5913.973,113.66682,True,2026022200231,48,0.0,1.1395255e-05,1.0713546e-05,1.9507104e-11,1458.3616,0.18108682,632.10236,0.21529944,False,-1327.9336,236.70021,False,False,True,16.570347,,1685.6232,1681,-1951.9684,6.7636867,149.56377047994116,,1.7940162086959275,,1.1799071,,18.867981,,,0,False,,,,,,,,0,False,False,False,7846.316,8.083313,0.14967558,0.19088046,0.06879276,0.21886855,0.2263473,0.023147402,False,False,False,False,0.2644037,0.53018534,False,False,61094.17431288147,,23,False,False,False,False,False,False,False,False,False,False,False,False,False,False,False,False,False,False,False,False,False,g
1,61094.17270278622,lsst,149.56372102009144,1.7939912430320004,170028510512414824,170046101467955394,0,170028510512414824,-1611.3555,115.39763,0,0,0,6680.522,114.52185,True,2026022200232,46,0.0,1.7509088e-05,1.729965e-05,1.3456064e-11,680.0482,0.3057488,2660.2444,0.32033166,False,-2165.1746,235.86583,False,False,True,13.875397,,1669.1359,1681,-1607.1282,0.52851516,149.5637233221043,,1.793996657169264,,0.944657,,6.772212,,,0,False,,,,,,,,0,False,False,False,8320.933,10.887656,0.28833452,0.2858213,0.040219836,0.19798556,0.20886482,0.019030241,False,False,False,False,0.5764563,0.52708393,False,False,61094.175342780276,,22,False,False,False,False,False,False,False,False,False,False,False,False,False,False,False,False,False,False,False,False,False,g
1,61094.17316665963,lsst,149.56370577184805,1.7940804951918068,170028510512414824,170046101601648783,0,170028510512414824,-1934.8115,122.40917,0,0,0,6611.6177,121.37653,True,2026022200233,45,0.0,1.4296965e-05,1.4731719e-05,-4.0978353e-11,1121.8735,0.28563735,3107.4568,0.23409532,False,-1645.1704,234.56873,False,False,True,15.622023,,1621.6107,1681,-1908.5802,1.4485759,149.56370315199317,,1.7940805974246121,,0.92897743,,-35.546017,,,0,False,,,,,,,,0,False,False,False,8595.844,8.018061,0.26896083,0.19105223,0.006950556,0.25678524,0.26129246,0.02187368,False,False,False,False,0.07804718,0.532443,False,False,61094.17524419517,,24,False,False,False,False,False,False,False,False,False,False,False,False,False,False,False,False,False,False,False,False,False,g
1,61094.17394839073,lsst,149.56364641761644,1.7940151790879086,170028510512414824,170046101752643763,0,170028510512414824,-1616.3228,126.71124,0,0,0,6828.9355,125.809364,True,2026022200234,77,0.0,1.8511733e-05,1.9007644e-05,-1.5108324e-11,3761.1277,0.32911307,3672.9907,0.34588206,False,-1701.1234,245.59676,False,False,True,12.748413,,1557.0577,1681,-1636.5701,1.6947701,149.56365720111953,,1.7940108424119894,,1.0886434,,100.0756,,,0,False,,,,,,,,0,False,False,False,8472.404,6.840419,0.2695253,0.24722053,0.05440748,0.23075354,0.26874673,-0.017643819,False,False,False,False,0.007410849,0.49486586,False,False,61094.17606239843,,23,False,False,False,False,False,False,False,False,False,False,False,False,False,False,False,False,False,False,False,False,False,g
1,61094.17441096142,lsst,149.56370989446134,1.794065696214096,170028510512414824,170046101892104336,0,170028510512414824,-1918.6475,120.3753,0,0,0,6616.6797,118.11348,True,2026022200235,87,0.0,1.3773596e-05,1.4178771e-05,-1.2056021e-11,2682.6147,0.24279316,724.08026,0.25978976,False,-1712.1172,236.84276,False,False,True,15.991738,,1667.2034,1681,-1905.4143,1.2312131,149.56370583050915,,1.7940677783962853,,0.835247,,116.13918,,,0,False,,,,,,,,0,False,False,False,8560.897,8.123066,0.22540097,0.25375473,0.027904173,0.24594246,0.24228908,-0.022856079,False,False,False,False,0.002104057,0.50951064,False,False,61094.17651542269,,24,False,False,False,False,False,False,False,False,False,False,False,False,False,False,False,False,False,False,False,False,False,g
1,61094.17487627909,lsst,149.56374438674698,1.7940161106018038,170028510512414824,170046102025273504,0,170028510512414824,-1806.9182,116.03084,0,0,0,6484.2803,115.70888,True,2026022200236,85,0.0,1.4830641e-05,1.585937e-05,-4.519362e-11,750.7851,0.24657528,3186.0696,0.30284923,False,-2059.4277,233.37878,False,False,True,15.3966675,,1730.7218,1681,-1927.076,2.0581064,149.5637434172522,,1.7940214501965708,,1.2780025,,-7.453598,,,0,False,,,,,,,,0,False,False,False,8346.7,10.33692,0.2358872,0.3246884,-0.0654494,0.24405739,0.23471494,-0.028703054,False,False,False,False,0.16008301,0.5113659,False,False,61094.17688767408,,25,False,False,False,False,False,False,False,False,False,False,False,False,False,False,False,False,False,False,False,False,False,g
4,61094.17729944256,lsst,149.56369363698622,1.7940469970174087,170028510512414824,170046102295806179,0,170028510512414824,-2504.2815,377.4406,0,0,0,9130.805,371.7597,True,2026022200238,89,0.0,3.0950585e-05,2.8840957e-05,3.5799042e-10,2077.2412,0.6382848,3369.449,0.41475216,False,-2067.7627,973.35297,False,False,True,6.4749904,,1685.6163,1681,-2772.5242,57.633053,149.56367247615327,,1.7940484091367326,,1.528802,,20.026089,,,0,False,,,,,,,,0,False,False,False,11690.255,50.92739,0.2534474,0.116686,-0.11811453,0.19173045,0.15799434,-0.013035785,False,False,False,False,0.014765232,0.1666342,False,False,61094.179196496065,,15,False,False,False,False,False,False,False,False,False,False,False,False,False,False,False,False,False,False,False,False,False,z
4,61094.179692975245,lsst,149.56362731940604,1.7940406053259932,170028510512414824,170046102963224775,0,170028510512414824,-1984.2288,372.82437,0,0,0,9003.738,365.29922,True,2026022200243,82,0.0,2.7838705e-05,2.8707911e-05,6.8275274e-11,3256.7585,0.5314492,2519.9941,0.4851641,False,-2286.9622,953.99097,False,False,True,5.2960224,,1618.4087,1681,-1955.4563,47.228783,149.56364321882535,,1.7940374449140122,,1.0946947,,5.4627647,,,0,False,,,,,,,,0,False,False,False,10982.912,52.301033,0.13577564,0.06618113,-0.058981277,0.185774,0.14603631,0.0020818105,False,False,False,False,0.4699866,0.12837498,False,False,61094.18161521157,,12,False,False,False,False,False,False,False,False,False,False,False,False,False,False,False,False,False,False,False,False,False,z
4,61094.18064885397,lsst,149.56367398481444,1.7940014889364222,170028510512414824,170046103232184500,0,170028510512414824,-1981.7865,365.5529,0,0,0,9210.67,356.73993,True,2026022200245,83,0.0,3.0736275e-05,3.2744483e-05,1.03306884e-10,793.6655,0.6048769,2205.6238,0.5358475,False,-3334.0198,964.0621,False,False,True,5.3620343,,1725.2941,1681,-2001.2349,5.014668,149.56367507054028,,1.7939945609110721,,1.0661502,,-41.43879,,,0,False,,,,,,,,0,False,False,False,11187.895,63.227932,0.056281503,0.1546279,-0.039380223,0.18529955,0.14166638,0.008055164,False,False,False,False,0.40222538,0.15008129,False,False,61094.18255738843,,12,False,False,False,False,False,False,False,False,False,False,False,False,False,False,False,False,False,False,False,False,False,z
2,61094.18548147687,lsst,149.56373056340817,1.794023409654439,170028510512414824,170046104173281437,0,170028510512414824,-1566.9648,146.19804,0,0,0,6582.292,142.77055,True,2026022200252,86,0.0,1.9765246e-05,1.9765628e-05,2.8371257e-12,612.8206,0.35686892,962.26215,0.35422215,False,-2116.069,341.63733,False,False,True,10.5883045,,1771.6582,1681,-1616.312,3.5680466,149.56372670799433,,1.794022354406225,,1.0763042,,92.86029,,,0,False,,,,,,,,0,False,False,False,8183.121,19.572031,0.17622855,0.18599658,0.056742363,0.18274198,0.17426421,-0.0052261013,False,False,False,False,0.0009519834,0.44127405,False,False,61094.18739900523,,19,False,False,False,False,False,False,False,False,False,False,False,False,False,False,False,False,False,False,False,False,False,r
2,61094.185948288636,lsst,149.5636807769656,1.7940315753519562,170028510512414824,170046104309072075,0,170028510512414824,-1676.6716,154.55817,0,0,0,6852.76,151.4828,True,2026022200253,89,0.0,1.9946092e-05,1.9784617e-05,-3.257973e-11,1392.7653,0.3422158,2178.979,0.371869,False,-1490.402,342.9687,False,False,True,10.920323,,1706.137,1681,-1594.8109,1.599868,149.5636777627566,,1.7940317698130974,,0.58727044,,115.11565,,,0,False,,,,,,,,0,False,False,False,8559.392,13.486451,0.17436033,0.1992615,0.008465522,0.1956187,0.1982321,0.007711873,False,False,False,False,0.012887142,0.42543766,False,False,61094.18791012495,,19,False,False,False,False,False,False,False,False,False,False,False,False,False,False,False,False,False,False,False,False,False,r
2,61094.186417677,lsst,149.5637125979729,1.7940607287402512,170028510512414824,170046104439619766,0,170028510512414824,-1604.3743,144.93272,0,0,0,6853.7803,142.31451,True,2026022200254,82,0.0,1.8160363e-05,1.8402694e-05,2.24116e-11,691.40625,0.34005857,1621.5006,0.31746385,False,-1399.2766,344.44382,False,False,True,10.840367,,1674.5815,1681,-1490.8453,0.008086719,149.56371227305192,,1.7940615473419872,,0.34384385,,124.90466,,,0,False,,,,,,,,0,False,False,False,8469.819,21.736147,0.16559426,0.17548725,0.00081161107,0.16748767,0.1611411,0.011548442,False,False,False,False,0.005876675,0.47118685,False,False,61094.18833801522,,18,False,False,False,False,False,False,False,False,False,False,False,False,False,False,False,False,False,False,False,False,False,r
2,61094.1868908294,lsst,149.5637070090205,1.794069061333437,170028510512414824,170046104575934711,0,170028510512414824,-1792.2745,144.04802,0,0,0,6676.4087,141.63573,True,2026022200255,86,0.0,1.4879602e-05,1.5335783e-05,2.1752542e-11,1942.2266,0.28503853,3891.5469,0.25781494,False,-1818.9132,347.64572,False,False,True,12.177031,,1755.411,1681,-1786.3218,0.19243479,149.5637060523302,,1.794067007813119,,1.0108283,,70.687584,,,0,False,,,,,,,,0,False,False,False,8495.295,26.916548,0.18195301,0.14603859,0.04667671,0.15735304,0.15962596,0.0038290792,False,False,False,False,0.004764017,0.5214637,False,False,61094.18878567648,,19,False,False,False,False,False,False,False,False,False,False,False,False,False,False,False,False,False,False,False,False,False,r
2,61094.1873665547,lsst,149.56370730438496,1.794030901411993,170028510512414824,170046104707530965,0,170028510512414824,-1546.4462,146.76974,0,0,0,7002.6504,146.80406,True,2026022200256,81,0.0,1.7958664e-05,1.8894487e-05,4.0872014e-11,38.326393,0.3528789,3017.5781,0.30924293,False,-1614.8665,350.43137,False,False,True,10.366806,,1658.1241,1681,-1505.3179,0.17149813,149.5637061593614,,1.7940386280629743,,0.811828,,-24.86761,,,0,False,,,,,,,,0,False,False,False,8616.968,23.893284,0.17653406,0.20375247,-0.026730265,0.17578782,0.15526766,-0.006686158,False,False,False,False,0.087440886,0.48267567,False,False,61094.18923473857,,18,False,False,False,False,False,False,False,False,False,False,False,False,False,False,False,False,False,False,False,False,False,r
2,61094.18783389365,lsst,149.56367683024123,1.7940419589072063,170028510512414824,170046104821301468,0,170028510512414824,-1583.1259,142.32957,0,0,0,6938.219,139.215,True,2026022200257,42,0.0,1.6464284e-05,1.8861785e-05,7.74452e-11,2840.4038,0.36076927,2050.0312,0.27000389,False,-1870.7789,346.5956,False,False,True,10.938433,,1676.3938,1681,-1683.0398,2.1717584,149.5636778830559,,1.7940483317936813,,1.1995195,,6.6153584,,,0,False,,,,,,,,0,False,False,False,8541.172,27.7128,0.2433043,0.1464651,-0.054148585,0.16040267,0.14366436,-0.0023027195,False,False,False,False,0.2605548,0.52612776,False,False,61094.18999460617,,20,False,False,False,False,False,False,False,False,False,False,False,False,False,False,False,False,False,False,False,False,False,r
2,61094.18831357907,lsst,149.56369094225843,1.794032022632597,170028510512414824,170046104976490700,0,170028510512414824,-1354.9341,143.46042,0,0,0,7176.2188,139.90184,True,2026022200258,82,0.0,1.8207395e-05,2.0555528e-05,6.4469693e-11,3861.0293,0.38412943,1000.6945,0.31058595,False,-1413.8832,344.39886,False,False,True,9.443873,,1699.4869,1681,-1324.671,6.2650523,149.56368658518772,,1.7940354910182374,,0.86841506,,23.889456,,,0,False,,,,,,,,0,False,False,False,8526.407,26.529316,0.16820978,0.09595414,-0.0044765347,0.17018363,0.14530309,-0.0019302793,False,False,False,False,0.098989666,0.35848072,False,False,61094.19024648721,,17,False,False,False,False,False,False,False,False,False,False,False,False,False,False,False,False,False,False,False,False,False,r
2,61094.18877846857,lsst,149.56368071864017,1.7940704954051285,170028510512414824,170046105112805523,0,170028510512414824,-1563.881,141.4092,0,0,0,6907.823,138.35725,True,2026022200259,86,0.0,1.5073638e-05,1.87122e-05,6.963354e-11,667.2659,0.35138965,112.6828,0.25167632,False,-1528.4288,342.94354,False,False,True,10.882972,,1660.9333,1681,-1515.1365,2.1446376,149.56368119383094,,1.7940719342630795,,0.7378804,,17.757584,,,0,False,,,,,,,,0,False,False,False,8522.303,33.409008,0.17944217,0.1311151,-0.0056074276,0.1930359,0.13429086,-0.007503086,False,False,False,False,0.0106669525,0.4966941,False,False,61094.19063047087,,18,False,False,False,False,False,False,False,False,False,False,False,False,False,False,False,False,False,False,False,False,False,r
2,61094.18973357497,lsst,149.56370185889625,1.7940292345987308,170028510512414824,170046105379143866,0,170028510512414824,-1615.9838,139.72144,0,0,0,6804.069,137.30579,True,2026022200261,82,0.0,1.3309731e-05,1.4794132e-05,1.5498955e-11,621.3225,0.26932624,1583.6294,0.23594236,False,-1685.0552,345.22702,False,False,True,11.404483,,1732.3065,1681,-1526.5945,6.107887,149.5636992215222,,1.7940263092084436,,0.6242019,,-34.491425,,,0,False,,,,,,,,0,False,False,False,8459.732,32.150246,0.1149328,0.124488555,-0.01697632,0.17224273,0.13559699,2.3842653e-05,False,False,False,False,0.17297128,0.4775988,False,False,61094.19168202603,,18,False,False,False,False,False,False,False,False,False,False,False,False,False,False,False,False,False,False,False,False,False,r
2,61094.19021781404,lsst,149.56367815660354,1.7940560010221756,170028510512414824,170046105492914407,0,170028510512414824,-1632.0273,144.0059,0,0,0,6806.9893,140.8135,True,2026022200262,43,0.0,1.698622e-05,1.7411996e-05,4.273952e-12,949.0439,0.31394398,1774.2461,0.30502564,False,-2174.1294,344.31793,False,False,True,11.388671,,1586.3976,1681,-1629.5286,2.5488677,149.56368208787424,,1.7940543626679155,,0.84463924,,-29.474749,,,0,False,,,,,,,,0,False,False,False,8466.164,28.384724,0.16911902,0.16937917,-0.03310814,0.17066653,0.1558609,0.0030149042,False,False,False,False,0.005467487,0.49990132,False,False,61094.19207504857,,19,False,False,False,False,False,False,False,False,False,False,False,False,False,False,False,False,False,False,False,False,False,r
2,61094.19068603684,lsst,149.56370000954817,1.7940221260114815,170028510512414824,170046105647055006,0,170028510512414824,-1466.7837,146.07558,0,0,0,7078.381,144.91273,True,2026022200263,81,0.0,1.7743518e-05,2.1520049e-05,3.4186563e-11,3246.9424,0.3904505,809.3067,0.31541842,False,-1080.0782,346.87024,False,False,True,9.927812,,1608.9232,1681,-1498.5145,10.264401,149.56370415820086,,1.7940287668951962,,1.054384,,16.488443,,,0,False,,,,,,,,0,False,False,False,8614.436,25.983088,0.20824963,0.09745595,0.007910781,0.17660797,0.15610103,0.003234362,False,False,False,False,0.027009945,0.45087928,False,False,61094.19247812824,,19,False,False,False,False,False,False,False,False,False,False,False,False,False,False,False,False,False,False,False,False,False,r
2,61094.19177344709,lsst,149.56370847852799,1.7940277466693084,170028510512414824,170046105896616155,0,170028510512414824,-1392.8939,145.4974,0,0,0,7050.506,143.20303,True,2026022200265,45,0.0,2.1809296e-05,2.2432203e-05,-2.598949e-11,2915.7473,0.40974814,2727.2686,0.38608322,False,-1586.173,347.75845,False,False,True,9.52695,,1644.4755,1681,-1417.8708,1.4465457,149.5637004874435,,1.7940300315234077,,1.0593771,,-81.16519,,,0,False,,,,,,,,0,False,False,False,8460.688,26.609945,0.17968328,0.19940157,-0.053580374,0.14703752,0.16602732,-0.0055724746,False,False,False,False,0.15964612,0.48246837,False,False,61094.19373219363,,17,False,False,False,False,False,False,False,False,False,False,False,False,False,False,False,False,False,False,False,False,False,r
2,61094.19223963185,lsst,149.56366934662935,1.7940781473309064,170028510512414824,170046106032930978,0,170028510512414824,-1517.133,150.13535,0,0,0,6878.169,149.00438,True,2026022200266,49,0.0,2.5394333e-05,2.2477629e-05,1.7180704e-10,521.0668,0.3550541,753.5468,0.49627438,False,-1989.6965,347.64075,False,False,True,9.958388,,1708.8804,1681,-1607.4459,4.5842404,149.56366034823503,,1.7940691039317407,,1.242615,,-94.79348,,,0,False,,,,,,,,0,False,False,False,8453.386,22.455215,0.17437536,0.25589418,-0.06594113,0.18407425,0.1731752,-0.006631083,False,False,False,False,0.17005226,0.47926173,False,False,61094.19407794244,,22,False,False,False,False,False,False,False,False,False,False,False,False,False,False,False,False,False,False,False,False,False,r
2,61094.26523756652,lsst,149.56369489585722,1.7940099942585646,170028510512414824,170046118385680492,0,170028510512414824,-1671.1874,160.65834,0,0,0,6646.0156,158.01071,True,2026022200358,58,0.0,2.5033345e-05,1.9924124e-05,-6.4944154e-11,2254.3708,0.456706,62.992077,0.35086554,False,-1646.4146,350.61993,False,False,True,10.393161,,1625.0269,1681,-1771.48,5.7622724,149.56369585137108,,1.7940188995304456,,1.2231153,,-38.06711,,,0,False,,,,,,,,0,False,False,False,8373.885,10.950331,0.2627305,0.22390826,0.07043777,0.23372261,0.20281449,0.016664889,False,False,False,False,0.06936242,0.52975684,False,False,61094.267414809336,,21,False,False,False,False,False,False,False,False,False,False,False,False,False,False,False,False,False,False,False,False,False,r
2,61094.26615295804,lsst,149.56369155100984,1.794045381036687,170028510512414824,170046118519373966,0,170028510512414824,-1444.0559,157.13144,0,0,0,7136.096,154.26086,True,2026022200359,57,0.0,2.1756618e-05,2.2381137e-05,5.4705966e-12,3296.6863,0.39104706,1312.8248,0.40322477,False,-1481.647,351.11572,False,False,True,8.960651,,1674.7643,1681,-1583.9207,4.0026903,149.56368471429536,,1.794056106050731,,1.4276334,,-24.249119,,,0,False,,,,,,,,0,False,False,False,8586.863,16.942738,0.22589155,0.29214603,0.0988537,0.20718007,0.20198663,0.033668865,False,False,False,False,0.30366513,0.40866807,False,False,61094.26786948228,,19,False,False,False,False,False,False,False,False,False,False,False,False,False,False,False,False,False,False,False,False,False,r
4,61094.271669922906,lsst,149.5637270636778,1.7939584568790443,170028510512414824,170046118935658696,0,170028510512414824,-2088.28,379.61017,0,0,0,7668.913,371.75424,True,2026022200362,83,0.0,2.153285e-05,3.4003635e-05,2.6831903e-11,711.5066,0.6121123,3708.8035,0.3869711,False,-2344.1807,992.15796,False,False,True,5.282028,,1672.9265,1681,-2317.14,25.912683,149.56372833343625,,1.7939882033267014,,1.4036046,,-13.712331,,,0,False,,,,,,,,0,False,False,False,9771.642,54.169952,0.26203164,0.07101549,-0.059387974,0.19706327,0.17116782,-0.014785011,False,False,False,False,0.041117165,0.2510683,False,False,61094.27338586636,,12,False,False,False,False,False,False,False,False,False,False,False,False,False,False,False,False,False,False,False,False,False,z
4,61094.27258301657,lsst,149.5636555079826,1.794007979305978,170028510512414824,170046119047856302,0,170028510512414824,-2142.0881,364.56036,0,0,0,8751.144,355.38568,True,2026022200363,41,0.0,3.2520857e-05,6.4099164e-05,-3.0529926e-11,2770.21,1.1534978,2084.43,0.58528167,False,-1348.3245,992.9512,False,False,True,5.94169,,1680.9049,1681,-2942.7544,39.66119,149.56364997205824,,1.7940186697852323,,1.8632244,,0.46440738,,,0,False,,,,,,,,0,False,False,False,10924.554,77.39409,0.47617424,0.0700408,0.007279384,0.16144533,0.15047397,-0.022258813,False,False,False,False,0.88910854,0.1446492,False,False,61094.274202466404,,16,False,False,False,False,False,False,False,False,False,False,False,False,False,False,False,False,False,False,False,False,False,z
3,61095.09799276355,lsst,149.56367558124882,1.7941039509923193,170028510512414824,170050487591633014,0,170028510512414824,-1358.6217,271.42773,0,0,0,7583.53,270.61594,True,2026022300143,89,0.0,0.00012360314,5.106175e-05,1.5139466e-09,839.21594,2.2368789,567.62054,0.88662887,False,-1086.4099,649.317,False,False,True,5.0826902,,1719.4753,1681,,,,,,,,,,,,0,False,,,,,,,,0,False,False,False,8980.346,24.741627,,,,0.24169266,0.19810039,0.008423871,True,False,False,False,,0.14132604,False,False,61095.09966411794,,14,False,False,False,False,False,False,False,False,False,False,False,False,False,False,False,False,False,False,False,False,False,i
3,61095.09845906275,lsst,149.56369410957106,1.7939531389245447,170028510512414824,170050487745773720,0,170028510512414824,-1559.2299,275.48303,0,0,0,6548.82,272.14984,True,2026022300144,127,0.0,0.000113388305,4.3050117e-05,1.9716104e-09,1203.8723,2.0679858,1846.6555,0.69945335,False,-1296.6069,649.80804,False,False,True,5.8612704,,1730.1089,1681,-1954.5082,76.491234,149.5637502213778,,1.7939785915551683,,1.722113,,94.88247,,,0,False,,,,,,,,0,False,False,False,8138.297,16.143703,0.43450743,0.15384685,0.07933585,0.24751703,0.1942264,0.0007146768,False,False,False,False,0.45560738,0.19552645,False,False,61095.100237104765,,19,False,False,False,False,False,False,False,False,False,False,False,False,False,False,False,False,False,False,False,False,False,i
3,61095.09939221444,lsst,149.56363869931707,1.794025843724941,170028510512414824,170050487992713337,0,170028510512414824,-1507.3326,281.8994,0,0,0,7646.097,280.21585,True,2026022300146,86,0.0,6.352196e-05,7.737215e-05,-5.9770794e-10,2222.8608,1.1186799,1671.0505,1.4113569,False,-2657.915,644.8498,False,False,True,5.448785,,1695.9248,1681,-1870.6162,81.39579,149.5636145312636,,1.7940096998119595,,1.8652503,,-13.56773,,,0,False,,,,,,,,0,False,False,False,9224.288,14.959836,0.0838227,0.4845399,-0.015314692,0.22308677,0.22315566,0.013954362,False,False,False,False,0.34117058,0.41366315,False,False,61095.101221539255,,16,False,False,False,False,False,False,False,False,False,False,False,False,False,False,False,False,False,False,False,False,False,i
3,61095.09985955096,lsst,149.56371581427072,1.7940318040976537,170028510512414824,170050488128503922,0,170028510512414824,-1422.5984,269.86282,0,0,0,7775.6846,265.70682,True,2026022300147,89,0.0,4.6976304e-05,4.9271202e-05,-8.506092e-11,841.556,0.8396283,1267.7831,0.89173454,False,-1411.4437,645.071,False,False,True,5.2120967,,1783.2898,1681,-1823.4244,0.46837747,149.56372876240692,,1.794021091734312,,2.05717,,106.88012,,,0,False,,,,,,,,0,False,False,False,9224.767,19.340872,0.4165908,0.2589036,0.2334701,0.22638443,0.17112266,0.02046397,False,False,False,False,0.9117699,0.23876022,False,False,61095.1016106719,,13,False,False,False,False,False,False,False,False,False,False,False,False,False,False,False,False,False,False,False,False,False,i
3,61095.10032654812,lsst,149.56371350056716,1.7940540506583569,170028510512414824,170050488261148832,0,170028510512414824,-1355.2577,263.328,0,0,0,8003.5415,261.85995,True,2026022300148,86,0.0,3.501653e-05,2.9317225e-05,1.7498854e-10,3241.7612,0.6477219,2847.1511,0.5054326,False,-1477.2867,643.9792,False,False,True,5.0994263,,1705.9493,1681,,,,,,,,,,,,0,False,,,,,,,,0,False,False,False,9380.992,12.906089,,,,0.20597926,0.17761162,0.013418816,True,False,False,False,,0.2142022,False,False,61095.102462321214,,11,False,False,False,False,False,False,False,False,False,False,False,False,False,False,False,False,False,False,False,False,False,i
3,61095.10079480152,lsst,149.5637445652435,1.7941060501785258,170028510512414824,170050488396939445,0,170028510512414824,-1625.5797,251.04054,0,0,0,6763.223,250.39857,True,2026022300149,89,0.0,5.6541692e-05,4.2164324e-05,8.386509e-10,1048.9083,1.0774705,3899.2776,0.6705585,False,-1821.9634,640.875,False,False,True,6.377846,,1697.5934,1681,-1736.9696,7.517934,149.56372316617112,,1.7941057447426372,,1.1683238,,83.69295,,,0,False,,,,,,,,0,False,False,False,8405.197,14.624363,0.26918268,0.16242807,0.040461008,0.19236055,0.16125834,-0.0010964099,False,False,False,False,0.1933399,0.27776065,False,False,61095.10279912737,,15,False,False,False,False,False,False,False,False,False,False,False,False,False,False,False,False,False,False,False,False,False,i
3,61095.10126308698,lsst,149.56368629138092,1.7940101742287125,170028510512414824,170050488531157129,0,170028510512414824,-1715.9255,255.82915,0,0,0,7451.8486,253.6457,True,2026022300150,89,0.0,3.6927177e-05,3.510983e-05,9.609127e-11,1863.0183,0.676656,1726.665,0.6185194,False,-2492.1052,639.876,False,False,True,6.6385136,,1677.0061,1681,-1801.9485,9.800886,149.5636939933523,,1.794015075223678,,1.0560074,,-26.120636,,,0,False,,,,,,,,0,False,False,False,9208.008,13.64223,0.23318687,0.33570874,-0.0031172065,0.20020567,0.165349,0.00045971695,False,False,False,False,0.75647926,0.39263228,False,False,61095.10325528782,,16,False,False,False,False,False,False,False,False,False,False,False,False,False,False,False,False,False,False,False,False,False,i
3,61095.1017368813,lsst,149.56370138096383,1.794071477753178,170028510512414824,170050488663277680,0,170028510512414824,-1960.8785,250.1524,0,0,0,7402.406,248.65121,True,2026022300151,85,0.0,2.7082571e-05,2.5235118e-05,8.9064374e-11,1018.38727,0.50469947,468.9874,0.43475246,False,-1275.9597,641.212,False,False,True,7.84801,,1691.1692,1681,-2054.331,6.4923506,149.56370268261134,,1.7940637887740183,,0.956636,,15.016349,,,0,False,,,,,,,,0,False,False,False,9413.59,13.98571,0.1801607,0.17792028,-0.043467816,0.194448,0.15869477,0.002757694,False,False,False,False,0.00086231757,0.28600535,False,False,61095.10372181857,,17,False,False,False,False,False,False,False,False,False,False,False,False,False,False,False,False,False,False,False,False,False,i
3,61095.102202338916,lsst,149.56364679410473,1.7940141517530903,170028510512414824,170050488793301239,0,170028510512414824,-1415.8741,246.46828,0,0,0,7518.1978,242.74489,True,2026022300152,77,0.0,4.0293693e-05,4.563886e-05,-5.570466e-10,3650.226,0.63691753,3760.826,0.89191985,False,-747.8353,640.98,False,False,True,5.7403674,,1715.1345,1681,,,,,,,,,,,,0,False,,,,,,,,0,False,False,False,8928.579,13.745067,,,,0.19428608,0.14981465,-0.0020306292,True,False,False,False,,0.19339994,False,False,61095.10437926512,,14,False,False,False,False,False,False,False,False,False,False,False,False,False,False,False,False,False,False,False,False,False,i
3,61095.10313983078,lsst,149.5637073018164,1.7940422061705745,170028510512414824,170050489063833755,0,170028510512414824,-1485.0837,257.80417,0,0,0,7858.182,254.96536,True,2026022300154,81,0.0,3.13513e-05,3.1706535e-05,-5.7756938e-11,1667.3176,0.55061895,2593.105,0.58397734,False,-1056.2128,638.6941,False,False,True,5.6842475,,1720.4359,1681,-1445.6064,14.033417,149.56370743957734,,1.7940471676632783,,0.6178162,,30.337181,,,0,False,,,,,,,,0,False,False,False,9382.421,13.251657,0.14703709,0.120804526,-0.010967262,0.20951392,0.17767346,-0.014233858,False,False,False,False,0.36863416,0.1627479,False,False,61095.10521298442,,13,False,False,False,False,False,False,False,False,False,False,False,False,False,False,False,False,False,False,False,False,False,i
3,61095.10360786973,lsst,149.56365256064842,1.7940555910642577,170028510512414824,170050489200148642,0,170028510512414824,-1740.0115,253.7311,0,0,0,7423.792,250.20656,True,2026022300155,85,0.0,5.2349238e-05,5.061586e-05,1.1801925e-09,3425.2993,1.1142902,1609.0833,0.68925124,False,-670.2566,637.79785,False,False,True,7.073976,,1681.9313,1681,-2152.4126,6.5546727,149.56365116948783,,1.7940562764093109,,1.5632406,,59.021065,,,0,False,,,,,,,,0,False,False,False,9225.551,14.396915,0.40185827,0.1685419,0.051225815,0.176024,0.17906442,0.0026482625,False,False,False,False,0.8041973,0.27391142,False,False,61095.10569241816,,17,False,False,False,False,False,False,False,False,False,False,False,False,False,False,False,False,False,False,False,False,False,i
3,61095.10417082596,lsst,149.56370194807928,1.7940186339910664,170028510512414824,170050489312870599,0,170028510512414824,-1599.4338,249.35664,0,0,0,7549.2896,246.88742,True,2026022300156,44,0.0,3.2598153e-05,4.040608e-05,2.2229757e-10,3814.2632,0.7437352,2975.3972,0.5650363,False,-1983.8671,632.3466,False,False,True,6.314233,,1776.2236,1681,-1674.5345,1.5559764,149.5637122305384,,1.7940157171869757,,0.9449521,,29.456535,,,0,False,,,,,,,,0,False,False,False,9175.212,13.954789,0.27032584,0.1936606,0.014674561,0.19332525,0.17434092,0.0002026406,False,False,False,False,0.27029905,0.3134219,False,False,61095.10607183461,,15,False,False,False,False,False,False,False,False,False,False,False,False,False,False,False,False,False,False,False,False,False,i
3,61095.1046373645,lsst,149.5636415841216,1.7940328809104409,170028510512414824,170050489446564014,0,170028510512414824,-1317.1997,253.69525,0,0,0,7773.643,250.77824,True,2026022300157,43,0.0,3.413217e-05,4.284569e-05,2.0788926e-10,1384.7811,0.78350645,1883.5083,0.5984856,False,-2121.9685,636.2579,False,False,True,5.062898,,1646.5576,1681,-1557.8276,5.8496237,149.56365910061874,,1.7939934278283394,,1.6314845,,-0.67362726,,,0,False,,,,,,,,0,False,False,False,9122.586,13.403422,0.3611966,0.11083876,-0.08191732,0.17873804,0.18132374,-0.0046564564,False,False,False,False,0.35285732,0.2902921,False,False,61095.10659221279,,12,False,False,False,False,False,False,False,False,False,False,False,False,False,False,False,False,False,False,False,False,False,i
1,61095.106552146935,lsst,149.56371164655653,1.7940580668938684,170028510512414824,170050489625346184,0,170028510512414824,-1687.2485,165.2143,0,0,0,6969.2344,166.27997,True,2026022300158,128,0.0,2.5033583e-05,2.3050798e-05,3.0206356e-12,3610.8403,0.45023823,2649.0908,0.4145348,False,-1539.0836,344.98895,False,False,True,10.253803,,1749.3309,1681,-1738.6075,2.065881,149.56371649720313,,1.7940605296928298,,0.89968354,,55.67967,,,0,False,,,,,,,,0,False,False,False,8665.862,15.135024,0.27925575,0.24838725,-0.033033296,0.2680804,0.26291972,-0.024270933,False,False,False,False,0.000264825,0.41170177,False,False,61095.10841005892,,21,False,False,False,False,False,False,False,False,False,False,False,False,False,False,False,False,False,False,False,False,False,g
1,61095.10702053385,lsst,149.5637461641734,1.7940153063240856,170028510512414824,170050489737543820,0,170028510512414824,-1744.3536,167.98938,0,0,0,6575.7725,169.0175,True,2026022300159,86,0.0,2.4159528e-05,2.3769388e-05,1.608442e-12,2307.8135,0.43449757,3272.0508,0.42732945,False,-2084.8875,348.21295,False,False,True,10.292055,,1592.8413,1681,-1837.4148,0.37388116,149.56374563019708,,1.7940110621178407,,1.2438284,,19.507051,,,0,False,,,,,,,,0,False,False,False,8404.8955,10.949383,0.29521915,0.39115146,-0.054166198,0.26951584,0.2690635,-0.008676176,False,False,False,False,0.39703283,0.44791254,False,False,61095.1087997625,,24,False,False,False,False,False,False,False,False,False,False,False,False,False,False,False,False,False,False,False,False,False,g
1,61095.10748965437,lsst,149.5637080144932,1.7940141044115478,170028510512414824,170050489873334436,0,170028510512414824,-1558.1549,165.44238,0,0,0,7013.327,166.59811,True,2026022300160,89,0.0,1.9314484e-05,2.4119448e-05,-2.8991807e-11,1685.0459,0.34550413,3058.4883,0.43517455,False,-739.6181,343.49857,False,False,True,9.353717,,1791.1686,1681,-1555.968,16.041628,149.56370887454023,,1.7940021164987148,,0.8506645,,0.810755,,,0,False,,,,,,,,0,False,False,False,8604.733,10.342171,0.15750763,0.221031,-0.009805577,0.27140513,0.25933194,-0.010771567,False,False,False,False,0.4198806,0.2946573,False,False,61095.109443736554,,20,False,False,False,False,False,False,False,False,False,False,False,False,False,False,False,False,False,False,False,False,False,g
1,61095.10842493411,lsst,149.56372494103897,1.7940105931405905,170028510512414824,170050490162217079,0,170028510512414824,-2036.5084,152.99704,0,0,0,6396.2524,154.07843,True,2026022300162,128,0.0,1.804795e-05,1.6417394e-05,1.4748125e-11,2396.9546,0.32638183,1351.1323,0.29325914,False,-2368.4731,340.28568,False,False,True,13.367997,,1745.1537,1681,-2078.9324,2.2336903,149.5637246150579,,1.7940099978636728,,0.7523372,,93.41499,,,0,False,,,,,,,,0,False,False,False,8431.467,9.078116,0.23609175,0.19457138,0.0143007655,0.23728588,0.2273515,-0.026214,False,False,False,False,0.030522598,0.47218966,False,False,61095.11035207215,,22,False,False,False,False,False,False,False,False,False,False,False,False,False,False,False,False,False,False,False,False,False,g
1,61095.10889287756,lsst,149.56375478419514,1.7940358093203868,170028510512414824,170050490275987621,0,170028510512414824,-1831.9653,147.20262,0,0,0,6221.454,148.25908,True,2026022300163,89,0.0,1.6672333e-05,1.6110274e-05,6.1272463e-12,2782.2424,0.30081928,3305.5715,0.2886622,False,-2204.639,338.9177,False,False,True,12.173126,,1682.2661,1681,-1934.6288,2.7039676,149.56375757525305,,1.7940397560451045,,1.0864581,,28.04536,,,0,False,,,,,,,,0,False,False,False,8096.588,10.898312,0.21968594,0.22012877,-0.056465294,0.22229923,0.2015681,-0.016319638,False,False,False,False,0.0074575916,0.51050365,False,False,61095.110838566325,,22,False,False,False,False,False,False,False,False,False,False,False,False,False,False,False,False,False,False,False,False,False,g
1,61095.109361112234,lsst,149.56377290397495,1.7940142990787826,170028510512414824,170050490408108175,0,170028510512414824,-1874.1132,145.13211,0,0,0,5964.536,145.20071,True,2026022300164,85,0.0,1.4844636e-05,1.3264665e-05,1.8229415e-11,987.564,0.27096692,3123.638,0.2340747,False,-984.7178,339.70428,False,False,True,12.832253,,1631.3785,1681,-1890.0916,3.059695,149.5637701173115,,1.79401598417464,,0.79642123,,87.34533,,,0,False,,,,,,,,0,False,False,False,7861.243,10.681355,0.20209038,0.1541288,0.016198214,0.21935672,0.1886954,-0.011399298,False,False,False,False,0.078888394,0.4205222,False,False,61095.111202038344,,20,False,False,False,False,False,False,False,False,False,False,False,False,False,False,False,False,False,False,False,False,False,g
1,61095.10982836946,lsst,149.56376110162802,1.793987120050092,170028510512414824,170050490543374477,0,170028510512414824,-2311.9749,143.31659,0,0,0,5476.608,145.25256,True,2026022300165,87,0.0,1.1228201e-05,1.0988325e-05,2.6643225e-12,123.91732,0.20298092,3244.3433,0.19676833,False,-1926.2639,340.894,False,False,True,15.861645,,1756.6259,1681,-2261.4377,4.812702,149.56375915462328,,1.7939882702429173,,0.47338519,,39.36341,,,0,False,,,,,,,,0,False,False,False,7905.647,12.455855,0.15966962,0.1487617,-0.008003848,0.20768222,0.1905595,-0.008933763,False,False,False,False,0.22354162,0.56095064,False,False,61095.11165664921,,20,False,False,False,False,False,False,False,False,False,False,False,False,False,False,False,False,False,False,False,False,False,g
1,61095.11029494139,lsst,149.56376459226013,1.7939947746142746,170028510512414824,170050490677592211,0,170028510512414824,-1897.794,145.55176,0,0,0,5785.284,146.02942,True,2026022300166,87,0.0,1.7131317e-05,1.5633002e-05,3.0916138e-11,2686.8855,0.3160072,3070.7305,0.2724669,False,-1960.8021,339.5174,False,False,True,13.10564,,1574.6176,1681,-1874.8943,0.4275586,149.5637619599469,,1.7939981673374739,,0.62840503,,127.401924,,,0,False,,,,,,,,0,False,False,False,7712.777,10.40181,0.2044847,0.22495678,0.013867177,0.21773885,0.18526411,-0.012874736,False,False,False,False,0.021425303,0.46678,False,False,61095.11222027047,,20,False,False,False,False,False,False,False,False,False,False,False,False,False,False,False,False,False,False,False,False,False,g
1,61095.110766933474,lsst,149.5637528251286,1.7940091852204492,170028510512414824,170050490810237042,0,170028510512414824,-1599.8654,150.23866,0,0,0,6381.5806,151.06166,True,2026022300167,84,0.0,1.9558587e-05,1.932951e-05,7.06652e-12,1311.3076,0.3537581,1746.2611,0.34585425,False,-1710.8895,336.16888,False,False,True,10.431301,,1622.4064,1681,-1521.0011,3.768363,149.56374991969855,,1.7940037612257511,,0.35764495,,88.15653,,,0,False,,,,,,,,0,False,False,False,8079.956,9.119649,0.18817331,0.18175311,0.0043706703,0.23920977,0.19870484,-0.00827127,False,False,False,False,0.12349543,0.44482955,False,False,61095.11272956553,,21,False,False,False,False,False,False,False,False,False,False,False,False,False,False,False,False,False,False,False,False,False,g
1,61095.111232141004,lsst,149.56372820452268,1.7940152433483472,170028510512414824,170050490944979136,0,170028510512414824,-2008.2676,139.96124,0,0,0,6282.192,140.5568,True,2026022300168,85,0.0,1.32494715e-05,1.2439149e-05,2.0979996e-11,3574.3435,0.24697562,3777.5051,0.21407369,False,-1875.1077,332.94553,False,False,True,14.051696,,1749.7926,1681,-2000.8447,3.8046777,149.5637297594427,,1.7940154933947408,,0.80435586,,14.733444,,,0,False,,,,,,,,0,False,False,False,8335.6,14.473898,0.17334062,0.17014314,-0.029633785,0.20255458,0.16738479,-0.015201297,False,False,False,False,0.023330804,0.5570988,False,False,61095.11313536919,,20,False,False,False,False,False,False,False,False,False,False,False,False,False,False,False,False,False,False,False,False,False,g
1,61095.11169738555,lsst,149.56373457403637,1.7940193447976807,170028510512414824,170050491080245359,0,170028510512414824,-1772.702,151.69983,0,0,0,6595.0327,152.5085,True,2026022300169,87,0.0,2.061057e-05,1.9442905e-05,6.292303e-11,1002.08295,0.38955986,1161.5225,0.3288736,False,-1462.7548,337.4591,False,False,True,11.607741,,1579.3304,1681,-1980.8392,1.9744513,149.56373626333885,,1.7940127674508406,,1.4549134,,23.986805,,,0,False,,,,,,,,0,False,False,False,8395.158,8.502398,0.33212492,0.23256,-0.0949337,0.24687256,0.19264139,-0.011602636,False,False,False,False,0.35931525,0.5084711,False,False,61095.11363876552,,22,False,False,False,False,False,False,False,False,False,False,False,False,False,False,False,False,False,False,False,False,False,g
1,61095.11216618589,lsst,149.56374652869323,1.7940208365974497,170028510512414824,170050491235434657,0,170028510512414824,-1712.9226,141.02336,0,0,0,6416.6924,141.03773,True,2026022300170,127,0.0,1.4157314e-05,1.4496791e-05,-1.9926042e-11,484.60754,0.24454117,440.19568,0.2702941,False,-2015.322,332.3342,False,False,True,11.97848,,1679.7947,1681,-1669.6112,4.320426,149.5637437115849,,1.7940192335953697,,0.7075479,,-19.284477,,,0,False,,,,,,,,0,False,False,False,8168.1724,16.263409,0.119965576,0.15625541,-0.013934949,0.19949317,0.16666909,-0.007995,False,False,False,False,0.24103895,0.50989705,False,False,61095.113936166345,,19,False,False,False,False,False,False,False,False,False,False,False,False,False,False,False,False,False,False,False,False,False,g
1,61095.11270446167,lsst,149.5637593396108,1.7939982111347552,170028510512414824,170050491349729402,0,170028510512414824,-1933.5715,141.67007,0,0,0,6028.47,143.47168,True,2026022300171,89,0.0,1.2594178e-05,1.6085305e-05,-1.3031904e-11,809.966,0.22530483,458.3511,0.29015666,False,-1735.9104,329.99933,False,False,True,13.386648,,1612.0454,1681,-2004.3257,7.565796,149.5637570985406,,1.7940004872263944,,1.1517628,,15.405713,,,0,False,,,,,,,,0,False,False,False,8023.781,15.53968,0.1324016,0.2264628,-0.047703665,0.19732007,0.20839208,-0.02219052,False,False,False,False,0.06526143,0.47910854,False,False,61095.114456210955,,21,False,False,False,False,False,False,False,False,False,False,False,False,False,False,False,False,False,False,False,False,False,g
1,61095.1131727677,lsst,149.56374134851455,1.7940059587059276,170028510512414824,170050491503870110,0,170028510512414824,-1883.0791,144.1907,0,0,0,6263.2554,144.42068,True,2026022300172,127,0.0,1.60368e-05,2.0478348e-05,-3.104712e-11,1122.0956,0.28528252,1694.0458,0.3708666,False,-2173.175,324.7579,False,False,True,12.98414,,1737.0178,1681,-2050.322,1.8976387,149.56373911049718,,1.7940030788289125,,1.2234087,,20.013947,,,0,False,,,,,,,,0,False,False,False,8181.9873,11.029912,0.2179773,0.28857058,-0.06348215,0.20111907,0.22646463,-0.023378834,False,False,False,False,0.16645543,0.49371657,False,False,61095.11506636077,,22,False,False,False,False,False,False,False,False,False,False,False,False,False,False,False,False,False,False,False,False,False,g
4,61095.119651627625,lsst,149.56363511786714,1.7940932450087046,170028510512414824,170050492936749305,0,170028510512414824,-1959.395,352.7044,0,0,0,8416.533,347.17902,True,2026022300183,44,0.0,1.7924616e-05,3.426485e-05,1.314948e-10,1908.2118,0.62179226,3143.278,0.3124754,False,-2347.9326,1070.9215,False,False,True,5.4403176,,1649.0593,1681,-2160.3032,63.644344,149.563623749992,,1.794092599291039,,1.2311075,,-3.2458873,,,0,False,,,,,,,,0,False,False,False,10422.74,85.639465,0.19842038,0.034472752,-0.035886202,0.123060875,0.11329248,0.0028133758,False,False,False,False,0.0006327398,0.16482954,False,False,61095.12157354609,,10,False,False,False,False,False,False,False,False,False,False,False,False,False,False,False,False,False,False,False,False,False,z
2,61095.12338987329,lsst,149.56367993279974,1.7940267947722512,170028510512414824,170050493629333702,0,170028510512414824,-1167.9706,158.2173,0,0,0,7348.3867,158.4039,True,2026022300188,85,0.0,2.8787521e-05,2.9786768e-05,7.0845586e-11,3314.7634,0.55002517,1735.8483,0.5028278,False,-1326.3733,396.7585,False,False,True,7.4346175,,1720.9338,1681,-1202.9315,5.34646,149.56367658288661,,1.7940405196834024,,0.91478646,,29.368061,,,0,False,,,,,,,,0,False,False,False,8563.286,18.967638,0.21173413,0.13370474,-0.006062724,0.15334241,0.1681954,0.013463176,False,False,False,False,0.021939209,0.41717225,False,False,61095.12518711269,,15,False,False,False,False,False,False,False,False,False,False,False,False,False,False,False,False,False,False,False,False,False,r
2,61095.12385543584,lsst,149.56369886768854,1.7940417760500342,170028510512414824,170050493766172815,0,170028510512414824,-1569.8712,151.55875,0,0,0,6841.829,149.50447,True,2026022300189,90,0.0,1.7723341e-05,1.8753124e-05,3.5018956e-11,457.5504,0.34718215,330.57605,0.3080044,False,-2129.6453,395.20102,False,False,True,10.090884,,1757.5249,1681,-1519.1774,7.8204427,149.5636960551455,,1.7940394357486478,,0.6284084,,-37.825466,,,0,False,,,,,,,,0,False,False,False,8431.589,27.127434,0.11376321,0.1400257,-0.012029673,0.1392523,0.1465661,0.0050664884,False,False,False,False,0.04381285,0.49665216,False,False,61095.12557857031,,19,False,False,False,False,False,False,False,False,False,False,False,False,False,False,False,False,False,False,False,False,False,r
2,61095.124320700954,lsst,149.56369471283253,1.7940500251908873,170028510512414824,170050493896720587,0,170028510512414824,-1653.7931,153.19846,0,0,0,6906.0435,151.19116,True,2026022300190,83,0.0,1.8245672e-05,1.6222992e-05,-5.1304426e-11,1079.7797,0.27635592,2167.7317,0.3413497,False,-1481.4508,395.56522,False,False,True,10.768355,,1729.155,1681,-1747.102,13.810972,149.5636939563879,,1.794043264349596,,1.110085,,-47.030304,,,0,False,,,,,,,,0,False,False,False,8584.506,20.671736,0.0948213,0.20487985,-0.031978704,0.14264837,0.14766787,0.0085119605,False,False,False,False,0.003780356,0.41989514,False,False,61095.126183437154,,18,False,False,False,False,False,False,False,False,False,False,False,False,False,False,False,False,False,False,False,False,False,r
2,61095.12478742591,lsst,149.56370510831624,1.7940269389791184,170028510512414824,170050494034608342,0,170028510512414824,-1652.3663,146.44167,0,0,0,6793.7397,144.56259,True,2026022300191,90,0.0,1.48328345e-05,1.49495045e-05,2.02887e-12,383.36588,0.26942998,1888.4347,0.26623645,False,-1045.259,393.78528,False,False,True,11.189005,,1672.3263,1681,-1707.4615,0.6852981,149.56370351543526,,1.7940277541879797,,0.9071039,,74.06565,,,0,False,,,,,,,,0,False,False,False,8483.326,25.810255,0.12184099,0.13372853,0.040061407,0.13198416,0.12998621,0.0035498922,False,False,False,False,0.0019500491,0.4822235,False,False,61095.126628507845,,16,False,False,False,False,False,False,False,False,False,False,False,False,False,False,False,False,False,False,False,False,False,r
2,61095.12572255821,lsst,149.5636897249401,1.7940725801204818,170028510512414824,170050494299373826,0,170028510512414824,-1580.7046,146.19554,0,0,0,6779.6777,143.76157,True,2026022300193,83,0.0,1.6104135e-05,1.5950753e-05,-1.886067e-12,1499.4658,0.28656018,3207.32,0.29003924,False,-1196.0409,391.6045,False,False,True,10.581409,,1694.9517,1681,-1536.6107,1.7656834,149.56369468343865,,1.79407019736833,,0.5973673,,-7.854326,,,0,False,,,,,,,,0,False,False,False,8390.079,25.98837,0.14442596,0.12543127,-0.012751782,0.13601187,0.12865925,0.0005575848,False,False,False,False,0.0012677488,0.45568338,False,False,61095.127617151156,,15,False,False,False,False,False,False,False,False,False,False,False,False,False,False,False,False,False,False,False,False,False,r
2,61095.12666042595,lsst,149.56370782436852,1.7940435436204494,170028510512414824,170050494544740625,0,170028510512414824,-1734.416,143.56613,0,0,0,6766.277,143.85191,True,2026022300195,39,0.0,1.2829246e-05,1.44787255e-05,1.0749187e-11,3502.6565,0.26214692,2629.126,0.22921357,False,-953.22144,386.72107,False,False,True,12.031897,,1593.5814,1681,-1703.6172,6.132504,149.563712075278,,1.7940424120018312,,0.61715955,,44.334198,,,0,False,,,,,,,,0,False,False,False,8567.892,32.38083,0.117129244,0.101295516,0.015432251,0.15301417,0.12924074,0.014419469,False,False,False,False,0.16510567,0.48366678,False,False,61095.12840406749,,16,False,False,False,False,False,False,False,False,False,False,False,False,False,False,False,False,False,False,False,False,False,r
2,61095.127127925145,lsst,149.56368717726704,1.7940365762767945,170028510512414824,170050494681055402,0,170028510512414824,-1591.9945,146.16795,0,0,0,6880.251,145.06859,True,2026022300196,43,0.0,1.6805005e-05,1.8266608e-05,9.114627e-12,914.144,0.32952762,380.00067,0.30157426,False,-1572.8566,382.0217,False,False,True,11.025937,,1626.6006,1681,-1567.4885,0.7082391,149.56369261042425,,1.7940417891210516,,0.3125532,,63.697052,,,0,False,,,,,,,,0,False,False,False,8503.838,43.085022,0.14125842,0.14374183,0.003950467,0.15281099,0.13531923,0.009977357,False,False,False,False,0.00042476162,0.53606075,False,False,61095.128921653435,,17,False,False,False,False,False,False,False,False,False,False,False,False,False,False,False,False,False,False,False,False,False,r
2,61095.12759611469,lsst,149.5637073516242,1.7940493203022116,170028510512414824,170050494814224527,0,170028510512414824,-1688.1833,148.8264,0,0,0,6981.7637,149.1448,True,2026022300197,41,0.0,1.3910451e-05,1.5797177e-05,6.941975e-12,388.9992,0.2847676,249.661,0.24986471,False,-1223.037,384.14417,False,False,True,11.329656,,1650.954,1681,-1628.3394,2.9374068,149.5637056059786,,1.7940510209320397,,0.60824317,,-10.95446,,,0,False,,,,,,,,0,False,False,False,8742.919,27.82109,0.1453419,0.11857777,-0.009740556,0.15015233,0.13832538,0.0060214372,False,False,False,False,0.025791077,0.45824152,False,False,61095.12946277099,,17,False,False,False,False,False,False,False,False,False,False,False,False,False,False,False,False,False,False,False,False,False,r
2,61095.12806316138,lsst,149.5637169539429,1.7940422818105706,170028510512414824,170050494950015191,0,170028510512414824,-1551.4978,148.16428,0,0,0,6828.382,145.7708,True,2026022300198,44,0.0,1.41505425e-05,1.9697822e-05,1.2902947e-11,2536.4497,0.3547436,2476.3315,0.25400943,False,-1889.8857,385.5702,False,False,True,10.11462,,1708.0973,1681,-1611.2316,1.072171,149.56372039989745,,1.7940449171023078,,1.0019383,,26.684425,,,0,False,,,,,,,,0,False,False,False,8404.112,35.832348,0.20736594,0.13931099,0.034650598,0.1464875,0.13895565,0.010777225,False,False,False,False,0.15126517,0.4731702,False,False,61095.13003575076,,18,False,False,False,False,False,False,False,False,False,False,False,False,False,False,False,False,False,False,False,False,False,r
2,61095.1285307989,lsst,149.56369974590118,1.7940374033003825,170028510512414824,170050495082135760,0,170028510512414824,-1802.832,146.42865,0,0,0,6740.58,144.79597,True,2026022300199,40,0.0,1.4221788e-05,1.4782411e-05,1.3833083e-13,1485.0018,0.2660519,2117.5518,0.25598237,False,-1880.4855,382.2119,False,False,True,12.2246,,1607.8314,1681,-1746.8538,0.36423072,149.56369825850726,,1.7940413679054954,,0.62225497,,-33.29877,,,0,False,,,,,,,,0,False,False,False,8555.082,25.273323,0.15367043,0.1410238,-0.016043743,0.14978607,0.12831195,0.008773914,False,False,False,False,0.012302028,0.5085173,False,False,61095.130330253254,,16,False,False,False,False,False,False,False,False,False,False,False,False,False,False,False,False,False,False,False,False,False,r
2,61095.12899616066,lsst,149.56372300464207,1.7940491215692098,170028510512414824,170050495217926389,0,170028510512414824,-1453.2067,150.1458,0,0,0,6816.444,148.91734,True,2026022300200,43,0.0,1.8433513e-05,2.1677897e-05,-5.164409e-12,791.2559,0.39023107,2953.0017,0.3315742,False,-1281.096,378.47214,False,False,True,9.65633,,1737.7485,1681,-1488.9875,1.3742892,149.56372649174958,,1.7940585654497887,,0.8735599,,23.387964,,,0,False,,,,,,,,0,False,False,False,8299.009,30.681263,0.20726407,0.16300875,0.027540002,0.16813171,0.14893693,0.0118579045,False,False,False,False,0.10554126,0.48394853,False,False,61095.13081197045,,18,False,False,False,False,False,False,False,False,False,False,False,False,False,False,False,False,False,False,False,False,False,r
2,61095.129633617296,lsst,149.56371994940798,1.7940545763242586,170028510512414824,170050495374688409,0,170028510512414824,-1827.8992,147.24179,0,0,0,6468.514,146.71164,True,2026022300201,86,0.0,1.498575e-05,1.5279056e-05,-7.760859e-12,555.65125,0.2668542,707.6423,0.2774625,False,-1864.4445,379.79688,False,False,True,12.311593,,1727.243,1681,-1769.9106,0.017851448,149.56371665768057,,1.794054237795783,,0.5392302,,-19.862068,,,0,False,,,,,,,,0,False,False,False,8337.959,24.938868,0.1522645,0.17594889,-0.004503062,0.15216336,0.14976032,-0.0011811642,False,False,False,False,0.02817097,0.4969114,False,False,61095.131324894224,,19,False,False,False,False,False,False,False,False,False,False,False,False,False,False,False,False,False,False,False,False,False,r
3,61095.13190573314,lsst,149.56371488477535,1.7940320271571444,170028510512414824,170050495644172455,0,170028510512414824,-1609.727,222.56026,0,0,0,7618.6616,219.95055,True,2026022300203,88,0.0,2.797137e-05,2.6832646e-05,1.3399867e-10,3782.631,0.5364814,974.15497,0.44567955,False,-2129.775,585.94995,False,False,True,7.076727,,1697.8363,1681,-2015.2612,8.026969,149.56372813607442,,1.794033379246083,,1.78123,,74.16026,,,0,False,,,,,,,,0,False,False,False,9241.869,15.381765,0.4194862,0.17215846,0.12464663,0.15775216,0.15778796,-0.0022359858,False,False,False,False,0.9510918,0.4020303,False,False,61095.13378928372,,16,False,False,False,False,False,False,False,False,False,False,False,False,False,False,False,False,False,False,False,False,False,i
3,61095.132372913096,lsst,149.56362784466063,1.7940493746688784,170028510512414824,170050495775768804,0,170028510512414824,-1218.6254,211.92175,0,0,0,7515.173,207.79889,True,2026022300204,83,0.0,3.0037083e-05,3.0195988e-05,-3.570927e-11,3201.7178,0.5309224,2354.9707,0.5524882,False,-1495.6654,583.16895,False,False,True,5.609482,,1604.5369,1681,-1255.6179,2.5195627,149.56362415022843,,1.794038977638996,,0.99008185,,-9.089682,,,0,False,,,,,,,,0,False,False,False,8765.828,21.701588,0.1417026,0.18282947,-0.04308224,0.13582164,0.14344504,0.0011258401,False,False,False,False,0.08754286,0.37125298,False,False,61095.13425660285,,11,False,False,False,False,False,False,False,False,False,False,False,False,False,False,False,False,False,False,False,False,False,i
3,61095.132840946884,lsst,149.56363364790312,1.7940467270019123,170028510512414824,170050495911559313,0,170028510512414824,-1612.0345,213.46605,0,0,0,7327.195,208.5727,True,2026022300205,86,0.0,2.3848295e-05,2.3951352e-05,-1.2640002e-10,300.17215,0.37946895,984.7928,0.4752147,False,-1778.7555,585.3627,False,False,True,7.427566,,1722.5732,1681,-1697.0917,1.4425246,149.56364403641012,,1.7940459543467089,,1.1132768,,-18.659948,,,0,False,,,,,,,,0,False,False,False,8947.074,20.474255,0.14087422,0.21764219,-0.048414115,0.13814206,0.1435065,-0.0013721555,False,False,False,False,0.23050147,0.5088727,False,False,61095.13476846651,,14,False,False,False,False,False,False,False,False,False,False,False,False,False,False,False,False,False,False,False,False,False,i
3,61095.1333076001,lsst,149.56369240660155,1.794022750817891,170028510512414824,170050496044204328,0,170028510512414824,-1868.7117,216.21149,0,0,0,7426.333,212.58275,True,2026022300206,83,0.0,2.1232976e-05,2.1598695e-05,9.2284964e-11,3603.8196,0.42240226,3858.7944,0.3442235,False,-3025.6177,583.83606,False,False,True,8.584775,,1711.3164,1681,-2229.249,6.587322,149.5636959874135,,1.7940302942347282,,1.606609,,18.146524,,,0,False,,,,,,,,0,False,False,False,9310.551,16.617393,0.34260198,0.1567095,-0.106445454,0.13145705,0.15815163,0.0019168925,False,False,False,False,0.8498503,0.5121454,False,False,61095.13527570752,,17,False,False,False,False,False,False,False,False,False,False,False,False,False,False,False,False,False,False,False,False,False,i
3,61095.13377287988,lsst,149.56368134298333,1.7940354580814597,170028510512414824,170050496179470556,0,170028510512414824,-1335.9875,212.10957,0,0,0,7951.3086,207.04018,True,2026022300207,85,0.0,2.5023859e-05,2.4689973e-05,-4.225693e-11,3564.474,0.43144482,3445.68,0.4625527,False,-2054.5764,579.90643,False,False,True,6.1123314,,1562.3256,1681,-1315.6283,4.805723,149.56367923065554,,1.7940341449753803,,0.78341943,,-23.613134,,,0,False,,,,,,,,0,False,False,False,9306.102,19.637444,0.1077678,0.14197409,-0.023433015,0.13607703,0.14001375,0.0037284303,False,False,False,False,0.030921804,0.29209998,False,False,61095.13567967969,,12,False,False,False,False,False,False,False,False,False,False,False,False,False,False,False,False,False,False,False,False,False,i
3,61095.13423836534,lsst,149.5636982934958,1.7940673356731147,170028510512414824,170050496314212525,0,170028510512414824,-1713.8948,208.66824,0,0,0,7591.967,203.89786,True,2026022300208,86,0.0,1.8249977e-05,1.7514702e-05,-4.2828144e-11,1010.5615,0.29843262,1835.6454,0.34357935,False,-1683.8723,580.0839,False,False,True,8.00118,,1639.0072,1681,-1666.5648,2.5350852,149.56370142898623,,1.7940662352409065,,0.8298818,,83.417206,,,0,False,,,,,,,,0,False,False,False,9290.281,18.278511,0.07639578,0.081331916,0.035984665,0.12928203,0.13588215,-0.0019424013,False,False,False,False,0.41935772,0.35959536,False,False,61095.13609399855,,13,False,False,False,False,False,False,False,False,False,False,False,False,False,False,False,False,False,False,False,False,False,i
3,61095.13470496947,lsst,149.56366030488908,1.7940868105742038,170028510512414824,170050496425885961,0,170028510512414824,-1355.8027,209.79202,0,0,0,7610.725,205.36986,True,2026022300209,43,0.0,3.6185007e-05,4.0237555e-05,3.736125e-10,3030.6824,0.77788967,3186.1218,0.5858279,False,-1828.8405,574.8504,False,False,True,6.43306,,1712.4099,1681,-1447.3245,17.329323,149.56366365792033,,1.7940792610315444,,1.1207994,,29.78486,,,0,False,,,,,,,,0,False,False,False,9010.874,17.839842,0.21814747,0.089874454,-0.008984222,0.13333942,0.13935284,-0.0048708287,False,False,False,False,0.055581585,0.36264467,False,False,61095.136640432844,,12,False,False,False,False,False,False,False,False,False,False,False,False,False,False,False,False,False,False,False,False,False,i
3,61095.135169875066,lsst,149.56371255105884,1.7939905396407179,170028510512414824,170050496559579357,0,170028510512414824,-1446.5496,213.08669,0,0,0,7100.998,209.80531,True,2026022300210,42,0.0,5.0940103e-05,3.642004e-05,-1.162796e-09,567.95184,0.45418456,3649.4011,1.0317073,False,-1865.35,572.0567,False,False,True,6.781911,,1734.8547,1681,-1816.8563,33.639645,149.56370245606303,,1.7940022160537077,,1.7557967,,-56.063335,,,0,False,,,,,,,,0,False,False,False,8563.928,19.111416,0.0660283,0.42342463,-0.020355172,0.13663593,0.14307232,-0.001340778,False,False,False,False,0.860106,0.2925335,False,False,61095.13709443172,,14,False,False,False,False,False,False,False,False,False,False,False,False,False,False,False,False,False,False,False,False,False,i
3,61095.13563587865,lsst,149.56368097566224,1.7940200491486988,170028510512414824,170050496714244267,0,170028510512414824,-1575.1049,211.54631,0,0,0,7743.0156,209.58496,True,2026022300211,81,0.0,2.197537e-05,1.7523065e-05,-1.2686557e-10,2732.8342,0.27925608,780.7189,0.42181116,False,-745.0163,571.9157,False,False,True,7.3447676,,1686.5487,1681,-1563.1279,24.349977,149.5636883754005,,1.7940226500911187,,0.951858,,-54.1878,,,0,False,,,,,,,,0,False,False,False,9366.933,17.64438,0.053753495,0.14568837,-0.013514746,0.12867583,0.1512633,0.001294508,False,False,False,False,0.25123203,0.33208224,False,False,61095.13754083813,,14,False,False,False,False,False,False,False,False,False,False,False,False,False,False,False,False,False,False,False,False,False,i
3,61095.13610608895,lsst,149.56370626921532,1.7940576916311342,170028510512414824,170050496826966254,0,170028510512414824,-1671.3064,203.3138,1,1,0,7475.571,198.41661,True,2026022300212,40,0.0,3.165981e-05,2.7850148e-05,-1.3424185e-10,710.6154,0.48074237,3991.3083,0.5873406,True,-2142.7412,569.5698,True,False,True,8.432499,,1096.2786,1353,,,,,,,,,,,,0,False,,,,,,,,0,True,True,False,9137.507,19.585491,0.1962158,0.07745588,-0.0021884097,0.12038333,0.12808265,0.0021836502,True,False,False,False,,0.31047982,False,False,61095.13806286613,,16,False,True,False,False,False,False,False,True,False,False,False,False,False,False,False,False,False,False,False,False,False,i
3,61095.13657048374,lsst,149.56370259892708,1.7940481630907759,170028510512414824,170050496983728310,0,170028510512414824,-1396.316,205.32433,0,0,0,8000.2085,201.25725,True,2026022300213,83,0.0,2.0570908e-05,2.15925e-05,2.0100283e-11,493.2302,0.3917855,1004.9973,0.3666229,False,-700.642,568.074,False,False,True,6.7054024,,1620.9249,1681,-1369.1875,24.393614,149.56369889270226,,1.7940333739645686,,0.915693,,5.8596125,,,0,False,,,,,,,,0,False,False,False,9407.448,22.111883,0.11006656,0.027544184,-0.025205776,0.12311222,0.13369688,-0.003684479,False,False,False,False,0.49890438,0.2615293,False,False,61095.13838430519,,12,False,False,False,False,False,False,False,False,False,False,False,False,False,False,False,False,False,False,False,False,False,i
3,61095.13703685996,lsst,149.56367724439676,1.7940325151586693,170028510512414824,170050497096450283,0,170028510512414824,-1307.6431,204.26385,0,0,0,8152.705,201.13159,True,2026022300214,42,0.0,2.4306364e-05,1.8131184e-05,-9.970337e-11,2518.6738,0.3092973,2507.1587,0.44974637,False,-752.16437,566.1171,False,False,True,6.3844514,,1649.447,1681,-1297.7795,7.6256886,149.56367796901918,,1.7940329756513558,,0.86398834,,89.76602,,,0,False,,,,,,,,0,False,False,False,9492.025,24.640554,0.06604038,0.12629867,0.02327825,0.12992541,0.12037384,0.0006926821,False,False,False,False,0.15447041,0.16638616,False,False,61095.13896678287,,11,False,False,False,False,False,False,False,False,False,False,False,False,False,False,False,False,False,False,False,False,False,i
3,61095.13750201232,lsst,149.56366911945332,1.7940604899721055,170028510512414824,170050497251115234,0,170028510512414824,-1304.0017,204.35498,0,0,0,8070.855,200.80463,True,2026022300215,81,0.0,2.1816526e-05,3.4669156e-05,2.1647478e-10,3396.1338,0.63937736,3282.5178,0.36715934,False,-711.77905,566.7589,False,False,True,6.2139053,,1727.2552,1681,-1503.2811,12.784443,149.56367294682948,,1.7940777932962566,,1.4305563,,-5.5684843,,,0,False,,,,,,,,0,False,False,False,9390.878,24.37611,0.2728161,0.103653245,-0.076014064,0.13284777,0.12030404,0.0010970857,False,False,False,False,0.52797073,0.2366277,False,False,61095.139307348654,,12,False,False,False,False,False,False,False,False,False,False,False,False,False,False,False,False,False,False,False,False,False,i
3,61095.138061760445,lsst,149.56365994124243,1.7940209883958962,170028510512414824,170050497370128573,0,170028510512414824,-1406.5089,202.84624,0,0,0,7774.809,198.52252,True,2026022300216,52,0.0,2.2064129e-05,2.5172514e-05,-3.2768836e-11,171.86151,0.45536503,610.9314,0.39419442,False,-1794.1879,564.5127,False,False,True,6.848692,,1667.5944,1681,-1503.8854,33.277817,149.56367114638786,,1.7940186176187547,,1.1059846,,0.9223316,,,0,False,,,,,,,,0,False,False,False,9196.617,23.385946,0.18473954,0.06622221,0.028780717,0.13300046,0.12319241,0.009683644,False,False,False,False,0.0013332489,0.40970927,False,False,61095.13976116943,,13,False,False,False,False,False,False,False,False,False,False,False,False,False,False,False,False,False,False,False,False,False,i
3,61095.138529601354,lsst,149.56370286530117,1.7940749570251795,170028510512414824,170050497498579095,0,170028510512414824,-1760.1833,206.57198,0,0,0,7438.653,201.7975,True,2026022300217,41,0.0,2.787674e-05,2.0665571e-05,1.0177963e-10,3511.685,0.35973755,467.565,0.5106344,False,-2272.8474,568.07263,False,False,True,8.570687,,1635.7688,1681,-1804.1431,0.33192408,149.56370661464666,,1.7940738622804109,,0.8340373,,-78.32039,,,0,False,,,,,,,,0,False,False,False,9199.618,26.910429,0.14682268,0.18514034,-0.025957195,0.1422726,0.13494138,0.017921047,False,False,False,False,0.12640943,0.41727915,False,False,61095.14022641072,,14,False,False,False,False,False,False,False,False,False,False,False,False,False,False,False,False,False,False,False,False,False,i
1,61095.140408300555,lsst,149.56372115833992,1.7940321732489313,170028510512414824,170050497655865603,0,170028510512414824,-1818.1354,106.99372,0,0,0,6498.913,105.63087,True,2026022300218,85,0.0,1.2328748e-05,1.2585093e-05,5.507803e-11,3438.7815,0.2608635,3625.032,0.17984462,False,-1807.8202,252.01178,False,False,True,17.02669,,1748.8593,1681,-1985.0874,0.34451923,149.5637250562485,,1.7940325459159274,,1.063435,,23.817102,,,0,False,,,,,,,,0,False,False,False,8353.827,29.658716,0.23731095,0.15229781,-0.034474585,0.15991452,0.13559094,-0.004460364,False,False,False,False,0.31197557,0.5748517,False,False,61095.142377581666,,21,False,False,False,False,False,False,False,False,False,False,False,False,False,False,False,False,False,False,False,False,False,g
1,61095.140874321296,lsst,149.56370250035127,1.794011248724321,170028510512414824,170050497789034701,0,170028510512414824,-1891.9164,109.21962,0,0,0,6658.484,109.06893,True,2026022300219,83,0.0,1.1073942e-05,1.1171847e-05,6.7121105e-12,3818.6316,0.20543356,1365.0387,0.19444327,False,-2271.361,249.85625,False,False,True,17.081255,,1719.4901,1681,-1880.6307,1.2803261,149.56370272283007,,1.79401090963335,,0.80231935,,2.6084905,,,0,False,,,,,,,,0,False,False,False,8598.3125,24.817503,0.1755796,0.16109197,-0.028669488,0.16462876,0.15672472,-0.0025535366,False,False,False,False,0.009067579,0.56243753,False,False,61095.142995289156,,21,False,False,False,False,False,False,False,False,False,False,False,False,False,False,False,False,False,False,False,False,False,g
1,61095.14133967445,lsst,149.5637310160477,1.794001510462122,170028510512414824,170050497923252460,0,170028510512414824,-1916.8218,109.107056,0,0,0,6250.6777,107.14335,True,2026022300220,83,0.0,1.1505002e-05,1.23461205e-05,3.704742e-11,543.50287,0.24181013,3780.9429,0.18341923,False,-1900.0186,250.84882,False,False,True,17.256298,,1734.7572,1681,-2007.0778,3.050364,149.56373340939194,,1.7940063747640442,,1.1458108,,14.5871105,,,0,False,,,,,,,,0,False,False,False,8199.072,20.48521,0.23209992,0.1403445,-0.047012113,0.17575935,0.15349638,-0.013227105,False,False,False,False,0.068251476,0.54404455,False,False,61095.14382785816,,21,False,False,False,False,False,False,False,False,False,False,False,False,False,False,False,False,False,False,False,False,False,g
1,61095.141805133,lsst,149.56373490994457,1.7940325727976345,170028510512414824,170050498057470213,0,170028510512414824,-1899.9008,108.48641,0,0,0,6305.684,106.556305,True,2026022300221,83,0.0,9.491919e-06,9.862517e-06,9.259345e-12,4003.222,0.18302381,2912.668,0.16456005,False,-1573.6113,253.05621,False,False,True,17.53419,,1566.4193,1681,-1904.272,1.9130772,149.56373245094218,,1.794029240084974,,0.8614864,,-9.96578,,,0,False,,,,,,,,0,False,False,False,8238.158,24.246199,0.13694842,0.13546611,-0.03557079,0.17022243,0.13813354,-0.004471795,False,False,False,False,0.050913263,0.5528738,False,False,61095.14394227974,,19,False,False,False,False,False,False,False,False,False,False,False,False,False,False,False,False,False,False,False,False,False,g
1,61095.14227042209,lsst,149.56370282302507,1.7940230758840827,170028510512414824,170050498192736481,0,170028510512414824,-1717.5453,108.564224,0,0,0,6784.816,108.66345,True,2026022300222,85,0.0,1.3067586e-05,1.1883803e-05,-2.8529196e-11,3466.9927,0.20017305,1858.7225,0.24665163,False,-1369.3165,251.03128,False,False,True,15.929056,,1674.4895,1681,-1746.6354,0.68513596,149.5637057820876,,1.7940202139989898,,0.8287349,,117.42237,,,0,False,,,,,,,,0,False,False,False,8573.303,20.703999,0.14440925,0.20706396,0.0042837863,0.17029265,0.13848639,-0.0044483314,False,False,False,False,0.07101514,0.5382558,False,False,61095.14436639038,,19,False,False,False,False,False,False,False,False,False,False,False,False,False,False,False,False,False,False,False,False,False,g
1,61095.14273707614,lsst,149.56375563023477,1.794012960482999,170028510512414824,170050498327478454,0,170028510512414824,-2057.17,103.490326,0,0,0,5582.1313,102.14853,True,2026022300223,86,0.0,8.609953e-06,8.863851e-06,3.357949e-12,1121.1074,0.16123126,505.03537,0.15293251,False,-1839.7905,248.17804,False,False,True,19.705679,,1728.5945,1681,-2125.1912,2.53455,149.56375168942736,,1.7940154512088446,,0.9977612,,-15.228786,,,0,False,,,,,,,,0,False,False,False,7697.211,22.720495,0.15607168,0.15106282,-0.048992716,0.16331933,0.1297917,-0.0060508708,False,False,False,False,0.008336287,0.5907487,False,False,61095.14470175891,,20,False,False,False,False,False,False,False,False,False,False,False,False,False,False,False,False,False,False,False,False,False,g
1,61095.143670465695,lsst,149.56373221700343,1.7940116411301419,170028510512414824,170050498572845235,0,170028510512414824,-1854.6361,105.60337,0,0,0,6249.923,104.90175,True,2026022300225,42,0.0,1.0209834e-05,1.1121156e-05,9.650791e-12,1708.5752,0.20336547,1137.3359,0.18017459,False,-2107.5308,251.21568,False,False,True,16.936735,,1690.8076,1681,-1810.3577,0.4417057,149.56373285887574,,1.7940108072719967,,0.6656097,,54.73805,,,0,False,,,,,,,,0,False,False,False,8147.3574,24.127125,0.16488105,0.1477024,0.017880943,0.16282961,0.13069762,0.0005767464,False,False,False,False,0.015339622,0.5918613,False,False,61095.145565974395,,20,False,False,False,False,False,False,False,False,False,False,False,False,False,False,False,False,False,False,False,False,False,g
1,61095.14413893499,lsst,149.56368679920354,1.7940024690829521,170028510512414824,170050498707063054,0,170028510512414824,-1772.5922,106.04671,0,0,0,6631.792,106.51965,True,2026022300226,42,0.0,1.0940994e-05,1.2482621e-05,1.4517114e-11,3656.0762,0.22827362,2806.0322,0.19257866,False,-1928.5061,246.61784,False,False,True,16.72169,,1699.9172,1681,-1777.0986,0.16780426,149.5636852218721,,1.7940042795117486,,0.7346591,,-5.3449736,,,0,False,,,,,,,,0,False,False,False,8472.669,22.401978,0.18873511,0.15719526,-0.018546905,0.16543435,0.12869646,-0.008378242,False,False,False,False,0.10768129,0.6052519,False,False,61095.146139654804,,21,False,False,False,False,False,False,False,False,False,False,False,False,False,False,False,False,False,False,False,False,False,g
1,61095.144604067595,lsst,149.563719644179,1.79402206594509,170028510512414824,170050498840232171,0,170028510512414824,-1764.8635,104.88966,0,0,0,6579.6924,103.891396,True,2026022300227,40,0.0,1.04666915e-05,1.056788e-05,6.1041e-13,2346.3728,0.19026825,2127.8354,0.18820406,False,-1912.5964,251.1135,False,False,True,16.828564,,1818.9697,1681,-1836.3739,1.4883308,149.5637166864142,,1.7940248208706173,,0.9492801,,-35.725418,,,0,False,,,,,,,,0,False,False,False,8380.782,25.157797,0.14571841,0.16808893,-0.042076975,0.14578813,0.11577441,-0.00414155,False,False,False,False,0.12220372,0.57943237,False,False,61095.14689221466,,17,False,False,False,False,False,False,False,False,False,False,False,False,False,False,False,False,False,False,False,False,False,g
1,61095.14506851164,lsst,149.56375463047033,1.794009463225916,170028510512414824,170050498976547080,0,170028510512414824,-2179.5376,99.99297,0,0,0,5498.869,98.537285,True,2026022300228,44,0.0,6.522671e-06,8.3616e-06,6.94986e-12,1317.1908,0.15216142,3904.2822,0.11499719,False,-2030.3647,248.95032,False,False,True,21.088428,,1591.628,1681,-2129.9658,2.3465886,149.5637534030452,,1.7940102124823831,,0.74245006,,-5.8195267,,,0,False,,,,,,,,0,False,False,False,7734.669,27.071331,0.14794645,0.10786085,-0.015998662,0.1532491,0.11900311,-0.008772991,False,False,False,False,0.012319699,0.6091747,False,False,61095.147063722645,,18,False,False,False,False,False,False,False,False,False,False,False,False,False,False,False,False,False,False,False,False,False,g
1,61095.14553665082,lsst,149.5637154546373,1.794032690212049,170028510512414824,170050499109716124,0,170028510512414824,-1786.2433,106.24779,0,0,0,6610.4624,104.58621,True,2026022300229,42,0.0,9.261086e-06,1.1726279e-05,9.839501e-12,3795.9438,0.21238568,272.14886,0.1648528,False,-1724.3799,249.76591,False,False,True,16.598185,,1695.9161,1681,-1777.5835,0.45555717,149.56371255060338,,1.7940333557534556,,0.78261214,,-16.895287,,,0,False,,,,,,,,0,False,False,False,8421.715,26.874207,0.16810024,0.13542397,-0.023096923,0.167852,0.12699904,-0.0044195345,False,False,False,False,0.0031813837,0.49794224,False,False,61095.1474674698,,19,False,False,False,False,False,False,False,False,False,False,False,False,False,False,False,False,False,False,False,False,False,g
1,61095.14600623819,lsst,149.56371334436213,1.7940158636752435,170028510512414824,170050499264381131,0,170028510512414824,-1852.1937,105.654396,0,0,0,6614.8965,104.56561,True,2026022300230,81,0.0,7.85325e-06,1.2088108e-05,1.0948344e-11,3952.527,0.21852934,1112.32,0.13965191,False,-1511.3594,250.67596,False,False,True,16.83503,,1686.1404,1681,-1864.7002,1.408181,149.56371391339954,,1.7940164944511365,,0.86347646,,3.1108603,,,0,False,,,,,,,,0,False,False,False,8501.503,19.468939,0.16328262,0.09180243,-0.0052364506,0.16568334,0.12230968,0.005097151,False,False,False,False,0.045865543,0.5605905,False,False,61095.14803845555,,18,False,False,False,False,False,False,False,False,False,False,False,False,False,False,False,False,False,False,False,False,False,g
1,61095.146552156235,lsst,149.56375810260607,1.7940171795965727,170028510512414824,170050499383394462,0,170028510512414824,-1986.1871,101.99272,0,0,0,5709.722,100.74548,True,2026022300231,52,0.0,7.987546e-06,1.0533229e-05,-1.4723448e-11,843.2133,0.19298083,497.8607,0.13882712,False,-1953.969,248.35503,False,False,True,19.533094,,1569.4417,1681,-2070.26,0.23050234,149.56375784469665,,1.7940162112803115,,0.9249616,,-6.639713,,,0,False,,,,,,,,0,False,False,False,7746.3115,26.537106,0.19209309,0.11411692,0.013213192,0.15890263,0.13332815,0.016735079,False,False,False,False,0.008309242,0.57922363,False,False,61095.14837872027,,20,False,False,False,False,False,False,False,False,False,False,False,False,False,False,False,False,False,False,False,False,False,g
1,61095.1470194866,lsst,149.5637613857682,1.7940019604846327,170028510512414824,170050499515515045,0,170028510512414824,-2054.6235,101.36934,1,1,0,5503.0356,99.45969,True,2026022300232,48,0.0,7.393693e-06,1.2836558e-05,-4.326067e-11,239.28015,0.2411388,16.972418,0.1133798,True,-1745.7832,250.59401,True,False,True,20.26799,,1277.5652,1558,,,,,,,,,,,,0,False,,,,,,,,0,True,True,False,7595.078,20.971615,0.15021469,0.0913086,-0.0051921094,0.1538432,0.12639354,0.012838846,True,False,False,False,,0.31047982,False,False,61095.14881704471,,18,False,False,False,False,False,False,False,False,False,False,False,False,False,False,False,False,False,False,False,False,False,g
4,61095.15304193804,lsst,149.56370985786313,1.794060427512278,170028510512414824,170050500853498042,0,170028510512414824,-1766.1073,312.09012,0,0,0,9474.377,302.9277,True,2026022300242,40,0.0,2.1653133e-05,2.2073962e-05,4.0672942e-12,3239.6304,0.39770174,1304.8602,0.38951796,False,-1511.9352,968.4594,False,False,True,5.39204,,1611.2736,1681,-1963.6254,18.31,149.56370008844917,,1.7940687570553646,,1.3447967,,-32.025852,,,0,False,,,,,,,,0,False,False,False,11277.922,109.43664,0.14233129,0.14078033,-0.106043525,0.0928176,0.12101562,-0.0032506825,False,False,False,False,0.24471715,0.14451222,False,False,61095.15477630998,,10,False,False,False,False,False,False,False,False,False,False,False,False,False,False,False,False,False,False,False,False,False,z
4,61095.15350438159,lsst,149.56362639994467,1.7940190519879922,170028510512414824,170050500989812995,0,170028510512414824,-1735.6781,313.2835,0,0,0,8650.749,304.15952,True,2026022300243,44,0.0,2.3916627e-05,2.5422103e-05,1.2699224e-11,1793.1783,0.45822158,3288.8604,0.42961577,False,-1099.0123,971.09265,False,False,True,5.4803996,,1729.5237,1681,-2012.8505,15.702133,149.56363618819842,,1.7940561570050542,,1.3485433,,21.056686,,,0,False,,,,,,,,0,False,False,False,10445.391,86.147705,0.26318386,0.07844655,0.03939582,0.10189071,0.11457298,0.001888119,False,False,False,False,0.59516156,0.16437934,False,False,61095.155423211516,,10,False,False,False,False,False,False,False,False,False,False,False,False,False,False,False,False,False,False,False,False,False,z
4,61095.15443589182,lsst,149.56363683187405,1.7940210227411566,170028510512414824,170050501278171274,0,170028510512414824,-1882.4634,316.5585,0,0,0,8903.911,302.74023,True,2026022300245,82,0.0,3.2604483e-05,2.3265562e-05,-2.9979783e-11,117.3171,0.4181786,94.75956,0.58727974,False,-2332.327,971.707,False,False,True,5.8249903,,1688.8397,1681,-2115.629,7.8587637,149.56363060759762,,1.794013564143336,,1.3914158,,41.292538,,,0,False,,,,,,,,0,False,False,False,10751.129,136.25755,0.22442317,0.1743239,0.10110427,0.10124641,0.109030195,-0.002625057,False,False,False,False,0.8789584,0.20137016,False,False,61095.1560780265,,11,False,False,False,False,False,False,False,False,False,False,False,False,False,False,False,False,False,False,False,False,False,z
4,61095.15508412129,lsst,149.56370383503105,1.794007149255959,170028510512414824,170050501414486183,0,170028510512414824,-1884.8414,346.69846,0,0,0,9249.094,338.5863,True,2026022300246,86,0.0,3.3387147e-05,4.1867763e-05,-3.2069497e-10,460.0658,0.56374365,2076.0813,0.78139967,False,-3008.1348,976.5652,False,False,True,5.3409677,,1576.0817,1681,-2094.6978,7.1074796,149.5637037041439,,1.7940001802161396,,1.1981176,,16.524553,,,0,False,,,,,,,,0,False,False,False,11137.749,94.32224,0.2026341,0.23164628,-0.069481716,0.12843476,0.14675106,0.0031024702,False,False,False,False,0.6830183,0.35793892,False,False,61095.15684668222,,11,False,False,False,False,False,False,False,False,False,False,False,False,False,False,False,False,False,False,False,False,False,z
2,61095.15743160785,lsst,149.56369769757617,1.7940236947879462,170028510512414824,170050501660901643,0,170028510512414824,-1556.0724,131.05556,0,0,0,6773.267,128.33076,True,2026022300248,44,0.0,1.3860533e-05,1.4531332e-05,-3.1119644e-13,1273.1357,0.26143184,3773.1233,0.24935117,False,-1524.6781,351.53235,False,False,True,11.859486,,1578.1693,1681,-1485.1416,0.15236948,149.56369832880594,,1.7940272608402168,,0.5628325,,2.406578,,,0,False,,,,,,,,0,False,False,False,8347.18,29.753092,0.14969668,0.12186864,0.0015686201,0.11504792,0.11977712,-0.0018840721,False,False,False,False,0.06926237,0.50742966,False,False,61095.15930142018,,15,False,False,False,False,False,False,False,False,False,False,False,False,False,False,False,False,False,False,False,False,False,r
2,61095.15789888926,lsst,149.5636986016409,1.7940260547290732,170028510512414824,170050501799313648,0,170028510512414824,-1600.4883,130.7097,0,0,0,6756.6865,128.21393,True,2026022300249,52,0.0,1.3733329e-05,1.6165539e-05,-4.599515e-12,618.5927,0.29092443,2335.1926,0.24687262,False,-861.93774,353.6487,False,False,True,12.202631,,1717.3033,1681,-1652.5958,0.8570975,149.56369548580443,,1.794028000496763,,0.8844364,,-37.34606,,,0,False,,,,,,,,0,False,False,False,8353.636,32.818665,0.1564743,0.12771122,-0.03469259,0.11629779,0.11811976,2.4966683e-05,False,False,False,False,0.123574115,0.5047571,False,False,61095.1596871452,,15,False,False,False,False,False,False,False,False,False,False,False,False,False,False,False,False,False,False,False,False,False,r
2,61095.15836536857,lsst,149.5636735657048,1.794042834121039,170028510512414824,170050501933007074,0,170028510512414824,-1552.5228,135.1794,0,0,0,6914.444,132.17987,True,2026022300250,51,0.0,1.5805026e-05,1.2602285e-05,1.09049774e-11,810.7956,0.22576395,1775.2388,0.2850624,False,-851.78375,357.09064,False,False,True,11.509647,,1605.6814,1681,-1528.5234,1.2264316,149.56367488265,,1.7940420971658309,,0.80433077,,-76.73527,,,0,False,,,,,,,,0,False,False,False,8498.994,34.87954,0.095853634,0.14330208,-0.01992692,0.11592306,0.12898146,-0.0010017283,False,False,False,False,0.001683288,0.43043405,False,False,61095.16017488648,,15,False,False,False,False,False,False,False,False,False,False,False,False,False,False,False,False,False,False,False,False,False,r
2,61095.158831362,lsst,149.5636860170356,1.7940608269091067,170028510512414824,170050502067224886,0,170028510512414824,-1631.7655,135.60838,0,0,0,6910.86,132.19766,True,2026022300251,51,0.0,1.2528535e-05,1.5257411e-05,-1.3459237e-11,3901.3298,0.27577475,3567.3525,0.22370149,False,-1579.4965,355.83618,False,False,True,11.822246,,1670.828,1681,-1520.6147,0.40871444,149.56368699225692,,1.7940609936679415,,0.6008386,,-12.475112,,,0,False,,,,,,,,0,False,False,False,8572.673,39.474373,0.14332405,0.11113711,-0.0015214841,0.13370505,0.10831852,0.0028135967,False,False,False,False,0.007946401,0.49555767,False,False,61095.160741588785,,16,False,False,False,False,False,False,False,False,False,False,False,False,False,False,False,False,False,False,False,False,False,r
2,61095.159295887075,lsst,149.5637111770605,1.7940270177500577,170028510512414824,170050502197772515,0,170028510512414824,-1761.0511,135.0399,0,0,0,6559.7764,132.95116,True,2026022300252,44,0.0,2.218284e-05,2.7195578e-05,-5.956494e-11,2524.7324,0.49370477,2527.359,0.393527,False,-2038.8179,355.08237,False,False,True,12.834256,,1785.2815,1681,-1900.1414,0.6493463,149.56370407229053,,1.7940176803048946,,1.0378004,,-40.27462,,,0,False,,,,,,,,0,False,False,False,8350.528,27.073977,0.21959569,0.15984866,-0.042495586,0.13948756,0.11888893,0.009542751,False,False,False,False,0.50752425,0.5568746,False,False,61095.16111710934,,16,False,False,False,False,False,False,False,False,False,False,False,False,False,False,False,False,False,False,False,False,False,r
2,61095.159760836905,lsst,149.56368246435562,1.794037245922774,170028510512414824,170050502335660309,0,170028510512414824,-1589.6934,139.42323,0,0,0,6916.438,136.46956,True,2026022300253,51,0.0,1.468118e-05,1.5190005e-05,-4.71593e-12,568.8724,0.27403128,2862.5376,0.2632817,False,-1528.4059,355.37576,False,False,True,11.227258,,1641.4951,1681,-1519.6576,0.79591364,149.56368134961397,,1.7940368370614777,,0.6378719,,38.51574,,,0,False,,,,,,,,0,False,False,False,8525.522,27.994156,0.13233703,0.14407381,0.017301358,0.13918178,0.13674703,0.009901712,False,False,False,False,1.0512471e-05,0.49676722,False,False,61095.161712238034,,16,False,False,False,False,False,False,False,False,False,False,False,False,False,False,False,False,False,False,False,False,False,r
2,61095.16022970482,lsst,149.56368941235385,1.7940337601769771,170028510512414824,170050502468829336,0,170028510512414824,-1742.0082,140.47786,0,0,0,6728.654,137.49489,True,2026022300254,49,0.0,1.4297161e-05,1.305849e-05,1.282493e-11,628.35944,0.23192927,991.9171,0.26001376,False,-1808.096,354.23044,False,False,True,12.244733,,1664.637,1681,-1658.4276,1.0649182,149.5636868826965,,1.794031749577418,,0.6843967,,-97.14674,,,0,False,,,,,,,,0,False,False,False,8489.667,24.97087,0.12370159,0.16279851,-0.008228169,0.14317288,0.13936634,0.008121787,False,False,False,False,0.00069335446,0.5636856,False,False,61095.16195092471,,16,False,False,False,False,False,False,False,False,False,False,False,False,False,False,False,False,False,False,False,False,False,r
2,61095.16069642656,lsst,149.5636825173578,1.7940332962134224,170028510512414824,170050502600949928,0,170028510512414824,-1522.3085,139.85396,0,0,0,6926.498,138.50456,True,2026022300255,45,0.0,1.4758195e-05,1.6820168e-05,-3.0790256e-11,378.05783,0.30916038,204.31184,0.25818574,False,-1280.3204,354.1073,False,False,True,10.846071,,1655.4294,1681,-1489.4355,1.3720614,149.5636805895763,,1.794036558910471,,0.78940856,,-67.02655,,,0,False,,,,,,,,0,False,False,False,8481.869,26.79955,0.13579454,0.13662511,-0.029190976,0.14749064,0.12815815,-0.0049333945,False,False,False,False,0.00047282656,0.49448952,False,False,61095.16244736609,,15,False,False,False,False,False,False,False,False,False,False,False,False,False,False,False,False,False,False,False,False,False,r
2,61095.1611634656,lsst,149.56369307657516,1.7940108429987727,170028510512414824,170050502735167741,0,170028510512414824,-1379.1785,147.20383,0,0,0,6988.5015,144.96309,True,2026022300256,45,0.0,1.7844051e-05,1.9144683e-05,-2.8307735e-11,619.7591,0.3505532,2760.1775,0.3145821,False,-1127.2977,354.8238,False,False,True,9.294412,,1699.9481,1681,-1400.8347,6.065463,149.5637044252499,,1.7940076050033178,,1.0300678,,-78.1804,,,0,False,,,,,,,,0,False,False,False,8393.592,24.232262,0.14501405,0.17555106,-0.050207,0.1634226,0.1574335,0.017974587,False,False,False,False,3.2979472e-06,0.425481,False,False,61095.163148720545,,18,False,False,False,False,False,False,False,False,False,False,False,False,False,False,False,False,False,False,False,False,False,r
2,61095.16163103953,lsst,149.56365988095087,1.794024287987498,170028510512414824,170050502869909684,0,170028510512414824,-1503.9652,144.5087,0,0,0,6858.4863,142.32764,True,2026022300257,46,0.0,1.5985035e-05,1.6098473e-05,-2.5385844e-12,1912.0107,0.29037833,1271.6558,0.28707266,False,-1012.4059,353.08395,False,False,True,10.240989,,1695.5233,1681,-1518.2057,1.574439,149.56366220697814,,1.79402554089941,,1.0116897,,20.522383,,,0,False,,,,,,,,0,False,False,False,8415.794,23.051888,0.124886245,0.13583644,0.052044075,0.15746073,0.15062384,0.0054264823,False,False,False,False,0.086980544,0.45501977,False,False,61095.16412864207,,17,False,False,False,False,False,False,False,False,False,False,False,False,False,False,False,False,False,False,False,False,False,r
2,61095.16209735326,lsst,149.5637123716397,1.7940134912734418,170028510512414824,170050503005700355,0,170028510512414824,-1686.6589,140.31483,0,0,0,6504.51,138.13422,True,2026022300258,49,0.0,1.4683706e-05,1.5518368e-05,-2.3176561e-11,42.905453,0.28703275,3578.0022,0.255633,False,-1350.286,350.42422,False,False,True,12.0012665,,1730.455,1681,-1674.0345,2.483478,149.5637137638515,,1.7940144361212762,,0.84555495,,9.782347,,,0,False,,,,,,,,0,False,False,False,8266.45,24.760798,0.15635309,0.14589383,0.033222795,0.15639472,0.13690086,0.014433008,False,False,False,False,0.0034058143,0.5304646,False,False,61095.16405324277,,18,False,False,False,False,False,False,False,False,False,False,False,False,False,False,False,False,False,False,False,False,False,r
2,61095.162564312246,lsst,149.56369156059782,1.794039294951666,170028510512414824,170050503137820826,0,170028510512414824,-1522.7673,141.0165,0,0,0,6991.176,139.20648,True,2026022300259,45,0.0,1.8497221e-05,2.0992391e-05,-1.1894033e-10,2499.558,0.41035944,1031.4664,0.2918194,False,-1247.9001,351.96283,False,False,True,10.645462,,1656.6261,1681,-1536.3063,0.7417057,149.56369237669875,,1.7940323445584012,,0.9076442,,-33.58767,,,0,False,,,,,,,,0,False,False,False,8558.189,24.428644,0.20426124,0.1262371,0.00021138083,0.14320712,0.13989873,0.008014208,False,False,False,False,0.09440282,0.49026233,False,False,61095.164434880346,,18,False,False,False,False,False,False,False,False,False,False,False,False,False,False,False,False,False,False,False,False,False,r
2,61095.16302967743,lsst,149.5637035921337,1.794015514712189,170028510512414824,170050503269941393,0,170028510512414824,-1442.9932,140.62689,0,0,0,6805.8984,138.20056,True,2026022300260,41,0.0,1.96517e-05,1.9505236e-05,9.375457e-12,3332.3892,0.34772763,568.9003,0.35686362,False,-1432.3818,351.56155,False,False,True,10.319609,,1603.0052,1681,-1429.6562,2.3189876,149.56370531811143,,1.79401874401973,,0.80628365,,17.697138,,,0,False,,,,,,,,0,False,False,False,8272.349,24.113369,0.18395369,0.20330605,0.02787185,0.14024615,0.14552408,0.006680163,False,False,False,False,0.36256856,0.47273314,False,False,61095.16483034482,,19,False,False,False,False,False,False,False,False,False,False,False,False,False,False,False,False,False,False,False,False,False,r
2,61095.163647517715,lsst,149.56372862995954,1.7940245732685856,170028510512414824,170050503405732104,0,170028510512414824,-1636.9912,147.4082,0,0,0,6485.5913,144.9436,True,2026022300261,44,0.0,1.8310666e-05,1.9680621e-05,1.9708846e-11,3865.583,0.3570215,2958.2097,0.326143,False,-1283.7415,353.3057,False,False,True,10.999748,,1614.6808,1681,-1486.5955,1.2970972,149.56372823349216,,1.7940250849181185,,0.28287783,,8.575418,,,0,False,,,,,,,,0,False,False,False,8146.337,19.98348,0.19586311,0.18953803,-0.00116133,0.15983051,0.16377017,0.004597451,False,False,False,False,0.13700788,0.46057656,False,False,61095.165575223,,18,False,False,False,False,False,False,False,False,False,False,False,False,False,False,False,False,False,False,False,False,False,r
2,61095.16411102216,lsst,149.56369968566574,1.7940337028863709,170028510512414824,170050503539425499,0,170028510512414824,-1668.9272,145.38763,0,0,0,6823.6777,142.14787,True,2026022300262,43,0.0,1.4347737e-05,1.4380256e-05,1.5579398e-13,1428.0502,0.25879762,1853.3048,0.2581647,False,-1538.3613,354.83344,False,False,True,11.449088,,1656.8431,1681,-1598.9949,1.3321775,149.56370038673685,,1.7940340521813989,,0.6767031,,-30.41892,,,0,False,,,,,,,,0,False,False,False,8518.474,19.895031,0.12754099,0.12919743,-0.020879477,0.15628049,0.15299472,0.009158596,False,False,False,False,0.105503805,0.4956516,False,False,61095.16582847463,,17,False,False,False,False,False,False,False,False,False,False,False,False,False,False,False,False,False,False,False,False,False,r
3,61096.13578916609,lsst,149.5636563763026,1.794046341265444,170028510512414824,170054945227669662,0,170028510512414824,-1896.0657,226.63345,0,0,0,7335.884,222.95837,True,2026022400587,83,0.0,2.5511685e-05,1.6960485e-05,9.983297e-12,1386.3263,0.30502924,1240.7275,0.45912054,False,-2253.4055,620.8684,False,False,True,8.266121,,1752.4375,1681,-2059.9363,5.823128,149.5636424619492,,1.7940394028364905,,1.0127431,,-70.34941,,,0,False,,,,,,,,0,False,False,False,9254.014,29.112604,0.11823777,0.1930256,-0.03421757,0.1684776,0.16054447,0.022642646,False,False,False,False,0.011900654,0.501152,False,False,61096.13776092397,,16,False,False,False,False,False,False,False,False,False,False,False,False,False,False,False,False,False,False,False,False,False,i
1,61096.14348876772,lsst,149.56371415780376,1.794007568393309,170028510512414824,170054946949955732,0,170028510512414824,-1909.9431,157.95753,0,0,0,6457.7583,157.39362,True,2026022400600,40,0.0,1.79951e-05,2.0511392e-05,2.0371452e-12,1699.8351,0.36907542,1673.7977,0.32379392,False,-2300.705,391.32407,False,False,True,12.073156,,1787.8247,1681,-1981.777,3.569609,149.56371533619728,,1.7940204274443352,,0.8314251,,52.73341,,,0,False,,,,,,,,0,False,False,False,8373.495,41.585857,0.24478732,0.25845334,0.030116484,0.19266465,0.17339033,0.022970429,False,False,False,False,0.47387174,0.55087304,False,False,61096.14520673677,,19,False,False,False,False,False,False,False,False,False,False,False,False,False,False,False,False,False,False,False,False,False,g
1,61096.143954665764,lsst,149.56374318659502,1.794044133584066,170028510512414824,170054947084173452,0,170028510512414824,-1832.1846,156.6013,0,0,0,6368.387,156.06084,True,2026022400601,40,0.0,2.0801519e-05,4.1111405e-05,-3.7873905e-11,3319.2712,0.739842,2720.5178,0.373765,False,-2336.3042,393.08664,False,False,True,11.324925,,1753.8973,1681,-2077.5667,4.2268744,149.56373727302758,,1.7940430997116728,,1.2639006,,-4.1187644,,,0,False,,,,,,,,0,False,False,False,8205.063,47.32861,0.30377844,0.14413546,-0.0067195017,0.20178472,0.16403812,0.020283489,False,False,False,False,0.20549366,0.51803225,False,False,61096.14577833236,,19,False,False,True,False,False,False,False,True,False,False,False,False,False,False,False,False,False,False,False,False,False,g
1,61096.14488584877,lsst,149.563723297864,1.794042718809308,170028510512414824,170054947353133206,0,170028510512414824,-1965.8357,153.8504,0,0,0,6447.6025,153.87463,True,2026022400603,41,0.0,1.3631434e-05,1.9114008e-05,-2.4818649e-11,1911.0892,0.34539235,1341.8485,0.24303272,False,-2322.015,382.5751,False,False,True,12.735911,,1700.0328,1681,-2072.8154,2.9952724,149.5637213246012,,1.7940422894274883,,0.9137567,,2.4201357,,,0,False,,,,,,,,0,False,False,False,8432.142,40.101955,0.23506184,0.1623834,0.01341099,0.20079818,0.1731393,0.020161722,False,False,False,False,0.018283153,0.545483,False,False,61096.14655106226,,20,False,False,False,False,False,False,False,False,False,False,False,False,False,False,False,False,False,False,False,False,False,g
1,61096.14534990976,lsst,149.56374545473628,1.7940183938835552,170028510512414824,170054947488923807,0,170028510512414824,-2025.161,155.70732,0,0,0,6125.2153,156.63551,True,2026022400604,44,0.0,1.094383e-05,1.3665846e-05,-1.3442335e-11,1265.9229,0.24748604,3952.1152,0.19467823,False,-2057.7314,382.4514,False,False,True,12.40082,,1826.8221,1681,-2085.7522,6.547122,149.5637453462355,,1.7940246617364246,,1.0058341,,8.234992,,,0,False,,,,,,,,0,False,False,False,8208.641,54.943707,0.23453043,0.15903015,0.029820535,0.2170432,0.17574356,0.022794362,False,False,False,False,1.902335e-05,0.57221186,False,False,61096.14708843338,,21,False,False,False,False,False,False,False,False,False,False,False,False,False,False,False,False,False,False,False,False,False,g
1,61096.14699943643,lsst,149.5637443632375,1.7940206296050014,170028510512414824,170054947915169890,0,170028510512414824,-1992.6566,157.74747,0,0,0,6125.3223,158.55716,True,2026022400607,89,0.0,1.6220507e-05,1.9613488e-05,-5.5289603e-11,732.12335,0.27963248,1812.0483,0.36236382,False,-1954.615,374.50873,False,False,True,12.643746,,1643.1979,1681,-2376.815,3.707789,149.5637476356118,,1.7940198829809784,,1.4928622,,1.3054764,,,0,False,,,,,,,,0,False,False,False,8192.723,20.156572,0.21301372,0.37336293,-0.07988338,0.23753783,0.19900945,-0.01891151,False,False,False,False,0.47357854,0.5328252,False,False,61096.14876748988,,23,False,False,False,False,False,False,False,False,False,False,False,False,False,False,False,False,False,False,False,False,False,g
1,61096.15113492396,lsst,149.56373711767787,1.794025728772891,170028510512414824,170054949120508018,0,170028510512414824,-2166.0125,153.02696,0,0,0,6119.0254,153.76016,True,2026022400616,84,0.0,1.6004049e-05,1.6015169e-05,1.2151531e-12,2440.4675,0.28877512,1187.0908,0.2872587,False,-2212.639,365.0369,False,False,True,14.158788,,1703.7533,1681,-2351.6716,0.55896384,149.56373440352334,,1.7940335098962505,,0.9418543,,110.10944,,,0,False,,,,,,,,0,False,False,False,8335.211,30.515215,0.2402526,0.29852083,0.027688118,0.23935238,0.19368233,-0.009023028,False,False,False,False,0.2755873,0.6224221,False,False,61096.15308521061,,23,False,False,False,False,False,False,False,False,False,False,False,False,False,False,False,False,False,False,False,False,False,g
1,61096.15206373442,lsst,149.56371494132233,1.7940274530865874,170028510512414824,170054949387370629,0,170028510512414824,-1592.6982,152.15366,0,0,0,6869.7617,151.50468,True,2026022400618,81,0.0,2.1284177e-05,2.1845955e-05,3.6761663e-11,3522.4607,0.4038818,2467.0115,0.37142485,False,-2284.5337,361.1084,False,False,True,10.385608,,1610.7784,1681,-1774.0599,0.31468514,149.5637116642012,,1.7940336266148622,,1.144254,,37.297848,,,0,False,,,,,,,,0,False,False,False,8519.721,31.665407,0.3604977,0.23861022,0.0028686714,0.20653248,0.18813065,-0.0057840557,False,False,False,False,0.7334942,0.5221211,False,False,61096.15400821299,,20,False,False,False,False,False,False,False,False,False,False,False,False,False,False,False,False,False,False,False,False,False,g
1,61096.15252676744,lsst,149.56368192103983,1.794067555414179,170028510512414824,170054949523685534,0,170028510512414824,-1867.549,150.18616,0,0,0,6636.711,150.5018,True,2026022400619,85,0.0,2.6863489e-05,3.2805918e-05,3.8644662e-10,3547.9563,0.6544631,3628.56,0.3914196,False,-2161.426,358.33374,False,False,True,12.357188,,1760.0554,1681,-2155.0383,1.7248459,149.5636768288149,,1.7940662344013774,,1.3376184,,31.801151,,,0,False,,,,,,,,0,False,False,False,8529.977,18.86145,0.3889049,0.21526514,-0.002651628,0.2182692,0.16605946,0.00044283908,False,False,False,False,0.79177874,0.5153487,False,False,61096.15430779237,,21,False,False,False,False,False,False,False,False,False,False,False,False,False,False,False,False,False,False,False,False,False,g
1,61096.152998333884,lsst,149.56374137623274,1.7940072553576993,170028510512414824,170054949656854664,0,170028510512414824,-1945.1973,146.8754,0,0,0,6089.9927,146.47842,True,2026022400620,83,0.0,1.5499703e-05,1.5659134e-05,6.80528e-11,2407.4565,0.31705156,2389.489,0.23763569,False,-2035.754,356.53894,False,False,True,13.057576,,1633.0945,1681,-2013.1003,1.1759696,149.56374945786803,,1.7940097045919103,,0.9363212,,54.226826,,,0,False,,,,,,,,0,False,False,False,8084.43,30.136951,0.22371823,0.14645933,0.014456694,0.20450397,0.17217536,-0.015960822,False,False,False,False,0.0013992188,0.52960634,False,False,61096.15541561696,,20,False,False,False,False,False,False,False,False,False,False,False,False,False,False,False,False,False,False,False,False,False,g
1,61096.15393184069,lsst,149.5637297944654,1.7940389352412822,170028510512414824,170054949926862962,0,170028510512414824,-1654.9973,147.4636,0,0,0,6718.3574,148.52309,True,2026022400622,86,0.0,1.7859482e-05,1.7005317e-05,-5.863522e-11,59.842503,0.2806932,393.32736,0.3433443,False,-2097.991,349.44424,False,False,True,11.021535,,1711.1423,1681,-1761.3177,3.9481044,149.56372763012752,,1.794042376455528,,1.1449789,,-28.907549,,,0,False,,,,,,,,0,False,False,False,8410.015,30.798872,0.17807893,0.26569936,-0.04612987,0.22525586,0.16743869,-0.0022830637,False,False,False,False,0.07957051,0.52770656,False,False,61096.15562260305,,19,False,False,False,False,False,False,False,False,False,False,False,False,False,False,False,False,False,False,False,False,False,g
2,61096.17255968062,lsst,149.56371898307196,1.7940337344280488,170028510512414824,170054954471915685,0,170028510512414824,-1746.133,150.64374,0,0,0,6587.5107,147.67583,True,2026022400656,51,0.0,2.045253e-05,1.3272889e-05,1.1692345e-11,545.5184,0.23835376,2111.0908,0.36819932,False,-1644.1426,375.93207,False,False,True,11.312355,,1590.0525,1681,-1820.9974,3.284458,149.56371641306077,,1.7940339761919284,,1.1201798,,-69.714836,,,0,False,,,,,,,,0,False,False,False,8334.088,29.939774,0.13210344,0.21939258,-0.045341175,0.1455182,0.16648677,-0.008633734,False,False,False,False,0.06049463,0.50334376,False,False,61096.17433576219,,19,False,False,False,False,False,False,False,False,False,False,False,False,False,False,False,False,False,False,False,False,False,r
2,61096.17348848161,lsst,149.563710353621,1.7940334742437867,170028510512414824,170054954734583977,0,170028510512414824,-1862.3813,149.25143,0,0,0,6572.8857,148.10144,True,2026022400658,40,0.0,1.9234034e-05,1.3812696e-05,2.7717115e-11,3726.656,0.24581413,2030.536,0.3481221,False,-1269.3411,375.18234,False,False,True,12.317971,,1616.0466,1681,-1940.0361,3.698284,149.56370602772876,,1.794030723076319,,0.942858,,-96.6679,,,0,False,,,,,,,,0,False,False,False,8476.884,40.086582,0.11118701,0.19694945,-0.0029388028,0.15780877,0.16858655,0.0036512243,False,False,False,False,0.0126813585,0.5038092,False,False,61096.17534213605,,18,False,False,False,False,False,False,False,False,False,False,False,False,False,False,False,False,False,False,False,False,False,r
2,61096.173953867445,lsst,149.56369007113454,1.7940524093910017,170028510512414824,170054954870898881,0,170028510512414824,-1728.5538,145.05205,0,0,0,6810.8745,143.32922,True,2026022400659,44,0.0,1.5950212e-05,1.2902494e-05,1.9156515e-11,2770.4993,0.22930439,2025.6565,0.2891962,False,-2068.219,373.72043,False,False,True,11.704957,,1754.7877,1681,-1745.1874,6.136028,149.5636894579219,,1.7940447597463027,,0.8553172,,-82.726585,,,0,False,,,,,,,,0,False,False,False,8566.929,44.79855,0.112963915,0.16778946,-0.021521106,0.15103139,0.1420523,0.012481808,False,False,False,False,0.006456088,0.5383446,False,False,61096.1756956568,,18,False,False,False,False,False,False,False,False,False,False,False,False,False,False,False,False,False,False,False,False,False,r
2,61096.17442102144,lsst,149.56368812333395,1.7940279736880411,170028510512414824,170054955001970907,0,170028510512414824,-1768.3635,143.72075,0,0,0,6744.3657,142.09705,True,2026022400660,38,0.0,1.6051308e-05,1.5335285e-05,6.130127e-12,1546.4138,0.2750386,2819.9731,0.28985286,False,-2079.0679,372.03293,False,False,True,12.323717,,1629.0676,1681,-1911.854,3.0576587,149.56368618615514,,1.794028926493637,,1.008072,,-97.19814,,,0,False,,,,,,,,0,False,False,False,8523.113,54.167683,0.11474706,0.21095435,-0.012701242,0.15098314,0.16025545,0.011899491,False,False,False,False,0.008364857,0.522932,False,False,61096.176377660195,,19,False,False,False,False,False,False,False,False,False,False,False,False,False,False,False,False,False,False,False,False,False,r
2,61096.174888888316,lsst,149.5636602055472,1.794018210341882,170028510512414824,170054955137761417,0,170028510512414824,-1583.8094,140.03127,0,0,0,6629.027,137.6793,True,2026022400661,41,0.0,1.2877949e-05,1.6008617e-05,-3.2107202e-11,2815.8677,0.29373413,45.57144,0.22452836,False,-1485.532,369.80765,False,False,True,11.020401,,1713.7178,1681,-1615.4255,10.262041,149.56365870324035,,1.7940213198202157,,0.79822785,,-6.665914,,,0,False,,,,,,,,0,False,False,False,8237.127,52.004288,0.15260102,0.09644517,0.011332186,0.13854243,0.16259599,0.01680606,False,False,False,False,0.10648348,0.54587144,False,False,61096.17664688965,,19,False,False,False,False,False,False,False,False,False,False,False,False,False,False,False,False,False,False,False,False,False,r
2,61096.18259995692,lsst,149.56368112079696,1.7940442764603048,170028510512414824,170054957308838023,0,170028510512414824,-1773.3129,146.59636,0,0,0,6687.401,143.4489,True,2026022400677,86,0.0,1.73196e-05,1.8304985e-05,1.7710396e-11,131.3027,0.33291608,1193.5944,0.3076597,False,-1962.5009,357.7271,False,False,True,12.011142,,1789.9722,1681,-1791.7806,3.7327456,149.5636897914464,,1.794040094819151,,0.8019343,,29.11366,,,0,False,,,,,,,,0,False,False,False,8439.338,62.181335,0.20347778,0.14609659,0.0065604523,0.2158209,0.16704525,-0.007434759,False,False,False,False,0.035493203,0.5068782,False,False,61096.18437971473,,20,False,False,False,False,False,False,False,False,False,False,False,False,False,False,False,False,False,False,False,False,False,r
2,61096.18408900852,lsst,149.56369438033013,1.793981844846992,170028510512414824,170054957709918403,0,170028510512414824,-1739.5868,151.48454,1,0,0,6134.1357,148.04718,True,2026022400680,83,0.0,2.7679716e-05,2.9759825e-05,-1.7451034e-10,1828.956,0.45560429,3972.489,0.5716735,True,-2033.6421,359.64096,True,False,True,11.547273,,1708.9695,1681,,,,,,,,,,,,0,False,,,,,,,,0,True,False,False,7881.7764,32.665653,0.23791741,0.2711667,-0.066842735,0.20361051,0.23006281,-0.018368525,True,False,False,False,,0.53913665,False,False,61096.18604055485,,19,False,False,False,False,False,False,False,False,False,False,False,False,False,False,False,False,False,False,False,False,False,r
3,61096.18788122405,lsst,149.5636950848272,1.7940779692338025,170028510512414824,170054958358462628,0,170028510512414824,-1464.5902,214.83965,0,0,0,7773.2607,209.58565,True,2026022400685,40,0.0,4.42807e-05,4.5590325e-05,2.171022e-12,2160.749,0.82069397,610.71906,0.7972588,False,-1793.2692,530.9969,False,False,True,6.8533025,,1672.6864,1681,-1478.5336,3.6358488,149.5636674849633,,1.7940711339181756,,0.7859941,,59.10284,,,0,False,,,,,,,,0,False,False,False,9255.902,16.581182,0.21137853,0.23431113,0.025124121,0.17090528,0.18528014,0.018161995,False,False,False,False,0.24514924,0.5002941,False,False,61096.18991945133,,16,False,False,False,False,False,False,False,False,False,False,False,False,False,False,False,False,False,False,False,False,False,i
3,61096.19021171838,lsst,149.5636824851849,1.7940582517384445,170028510512414824,170054959028502749,0,170028510512414824,-1748.2025,190.54106,0,0,0,7647.747,185.82144,True,2026022400690,38,0.0,2.0555426e-05,1.913236e-05,1.38607546e-11,1174.705,0.34282878,3017.544,0.37153044,False,-2915.0503,537.20905,False,False,True,8.963359,,1661.7529,1681,-1789.782,3.6015708,149.56367798538966,,1.7940625049456675,,0.6969576,,16.839518,,,0,False,,,,,,,,0,False,False,False,9417.05,62.46529,0.19793302,0.17650768,0.01877411,0.1366489,0.1383881,0.0030326871,False,False,False,False,0.3618522,0.5099036,False,False,61096.192126544294,,15,False,False,False,False,False,False,False,False,False,False,False,False,False,False,False,False,False,False,False,False,False,i
3,61096.19113848986,lsst,149.56369836541978,1.7940260009387599,170028510512414824,170054959300083921,0,170028510512414824,-1700.505,192.22766,0,0,0,7607.4507,188.35185,True,2026022400692,44,0.0,1.7754803e-05,1.69804e-05,1.0891009e-11,3379.0554,0.30344263,2895.6064,0.32140833,False,-2785.0786,535.1839,False,False,True,8.526887,,1644.023,1681,-1772.3365,4.3964596,149.56369377414535,,1.7940383517068716,,1.0337398,,-43.002857,,,0,False,,,,,,,,0,False,False,False,9294.17,49.161167,0.20509847,0.13336971,-0.038233653,0.15017144,0.12602113,0.0066264276,False,False,False,False,0.16084912,0.5046782,False,False,61096.19311414899,,14,False,False,False,False,False,False,False,False,False,False,False,False,False,False,False,False,False,False,False,False,False,i
3,61096.19587903485,lsst,149.56367236665452,1.7940338564073688,170028510512414824,170054960642261137,0,170028510512414824,-1697.3568,201.92796,0,0,0,7644.1143,196.54619,True,2026022400702,44,0.0,2.7638003e-05,2.7031474e-05,8.085571e-12,3658.371,0.4857191,490.81726,0.49797454,False,-1783.0085,540.03265,False,False,True,8.233375,,1723.0337,1681,-1944.225,9.398276,149.5636779860634,,1.7940476736006878,,1.3340125,,-36.02665,,,0,False,,,,,,,,0,False,False,False,9350.402,29.616049,0.27831018,0.1489115,-0.065664515,0.18007785,0.1472481,0.00042201864,False,False,False,False,0.3166991,0.5474665,False,False,61096.197780870294,,18,False,False,False,False,False,False,False,False,False,False,False,False,False,False,False,False,False,False,False,False,False,i
3,61096.19681011718,lsst,149.5636543285401,1.7940553914310282,170028510512414824,170054960910696598,0,170028510512414824,-1883.545,204.41693,0,0,0,7374.559,199.41093,True,2026022400704,44,0.0,2.2674356e-05,2.11639e-05,2.6441712e-11,3957.1885,0.37679946,1076.08,0.41168442,False,-2043.8556,541.2314,False,False,True,9.124028,,1684.0267,1681,-1938.818,8.03081,149.56365525095708,,1.794083344380651,,0.6643415,,-23.130798,,,0,False,,,,,,,,0,False,False,False,9272.311,29.718306,0.2819376,0.24389642,-0.002506293,0.18969442,0.15193212,0.01196839,False,False,False,False,0.7107898,0.5512519,False,False,61096.19876705442,,18,False,False,False,False,False,False,False,False,False,False,False,False,False,False,False,False,False,False,False,False,False,i
3,61096.1972811351,lsst,149.56368395016975,1.7940407556554712,170028510512414824,170054961041768626,0,170028510512414824,-1764.4276,197.56915,0,0,0,7722.6978,192.87831,True,2026022400705,38,0.0,1.9682318e-05,1.808508e-05,2.9194362e-11,3743.8052,0.31953627,1781.9312,0.35978466,False,-1950.7533,543.1892,False,False,True,8.842548,,1714.3967,1681,-1958.575,6.142007,149.56369728905295,,1.7940312793359496,,1.1075433,,-70.82863,,,0,False,,,,,,,,0,False,False,False,9498.058,43.008827,0.16180551,0.17771249,-0.061149813,0.16021006,0.14043379,0.008043783,False,False,False,False,0.0609104,0.5117149,False,False,61096.19916421438,,17,False,False,False,False,False,False,False,False,False,False,False,False,False,False,False,False,False,False,False,False,False,i
1,61096.202399802736,lsst,149.56371290307624,1.7939992766993085,170028510512414824,170054962118656119,0,170028510512414824,-1976.3682,122.95164,0,0,0,6539.132,122.466675,True,2026022400713,44,0.0,1.1311279e-05,1.30482e-05,1.0228887e-11,3298.34,0.23626736,555.0068,0.20158334,False,-2066.6091,267.28992,False,False,True,15.919544,,1770.0933,1681,-1982.2582,2.3010206,149.56371024084967,,1.7940058792868478,,0.89384806,,-10.12362,,,0,False,,,,,,,,0,False,False,False,8596.943,16.86077,0.20831114,0.15674457,-0.026865391,0.22342306,0.18637145,-0.0074994075,False,False,False,False,0.05913439,0.5724322,False,False,61096.20421947444,,21,False,False,False,False,False,False,False,False,False,False,False,False,False,False,False,False,False,False,False,False,False,g
1,61096.20286370095,lsst,149.56373095725698,1.794018347774897,170028510512414824,170054962252873848,0,170028510512414824,-1795.8779,118.21967,0,0,0,6491.4263,116.888176,True,2026022400714,44,0.0,1.21288585e-05,1.3669125e-05,7.130311e-12,888.63275,0.24665591,1251.2827,0.21723266,False,-1770.9921,267.80542,False,False,True,14.92891,,1671.5543,1681,-1851.0604,0.5335313,149.56373031187934,,1.7940174577640235,,0.9016858,,40.576122,,,0,False,,,,,,,,0,False,False,False,8333.862,29.884125,0.20089877,0.16436407,0.033282522,0.20386942,0.173584,0.00093064294,False,False,False,False,0.0049016466,0.52864146,False,False,61096.20469927154,,20,False,False,False,False,False,False,False,False,False,False,False,False,False,False,False,False,False,False,False,False,False,g
1,61096.20332983043,lsst,149.56370570866147,1.794041080373161,170028510512414824,170054962384994445,0,170028510512414824,-1713.2874,116.95735,0,0,0,6837.028,116.2811,True,2026022400715,40,0.0,1.1899508e-05,1.3849678e-05,6.2575028e-12,934.2118,0.24970129,1869.575,0.2135428,False,-1761.6093,269.69012,False,False,True,14.495373,,1560.4836,1681,-1709.1697,0.9456146,149.5637051899353,,1.7940445981923778,,0.7676604,,-13.9129505,,,0,False,,,,,,,,0,False,False,False,8561.574,33.843082,0.18965214,0.14984266,-0.017981494,0.18543656,0.15254107,0.0011239778,False,False,False,False,8.507059e-05,0.5445094,False,False,61096.205118188955,,20,False,False,False,False,False,False,False,False,False,False,False,False,False,False,False,False,False,False,False,False,False,g
1,61096.20379147207,lsst,149.56371710019465,1.7940560576857416,170028510512414824,170054962521309368,0,170028510512414824,-1722.0576,116.65046,0,0,0,6779.5596,115.00448,True,2026022400716,44,0.0,1.115369e-05,1.4309078e-05,5.371598e-12,3881.0974,0.25752223,2848.5293,0.20029405,False,-1563.6991,268.56345,False,False,True,14.643682,,1671.5144,1681,-1823.348,0.24851206,149.56371697496738,,1.794060090669299,,1.136549,,-19.397242,,,0,False,,,,,,,,0,False,False,False,8521.388,43.597263,0.23106529,0.14234634,-0.046688985,0.17833188,0.1584491,-0.0029309492,False,False,False,False,0.048490502,0.5421931,False,False,61096.20566671706,,20,False,False,False,False,False,False,False,False,False,False,False,False,False,False,False,False,False,False,False,False,False,g
1,61096.204258667596,lsst,149.56370534060406,1.7940249359976657,170028510512414824,170054962655527077,0,170028510512414824,-1730.1997,119.32397,0,0,0,6819.2524,118.00812,True,2026022400717,44,0.0,1.4028447e-05,1.3818621e-05,-1.526868e-13,1437.7086,0.24851741,2489.771,0.25230324,False,-1415.2654,266.8027,False,False,True,14.395037,,1734.5814,1681,-1843.1298,2.0036237,149.5637070173322,,1.7940320721397736,,1.0948528,,41.072067,,,0,False,,,,,,,,0,False,False,False,8558.42,26.283442,0.21944965,0.200219,0.05706391,0.20436275,0.1789239,0.008581401,False,False,False,False,0.042178966,0.50401163,False,False,61096.20621247773,,20,False,False,False,False,False,False,False,False,False,False,False,False,False,False,False,False,False,False,False,False,False,g
1,61096.2047259933,lsst,149.56371466753993,1.7940400707635349,170028510512414824,170054962787647655,0,170028510512414824,-1592.8558,116.87009,0,0,0,6908.614,115.91376,True,2026022400718,40,0.0,1.33024305e-05,1.5635373e-05,-2.4881254e-12,2342.1729,0.28133163,3404.674,0.23926626,False,-1685.9332,268.56137,False,False,True,13.562572,,1633.0026,1681,-1686.3608,1.499319,149.56371197391348,,1.79404465967587,,1.0479171,,-28.143456,,,0,False,,,,,,,,0,False,False,False,8540.216,22.218735,0.2375749,0.17332603,-0.041523248,0.18146995,0.16363531,-0.0084336735,False,False,False,False,0.14498737,0.5419229,False,False,61096.20659925206,,20,False,False,False,False,False,False,False,False,False,False,False,False,False,False,False,False,False,False,False,False,False,g
1,61096.20518922874,lsst,149.56369007443786,1.7940496592553508,170028510512414824,170054962923962528,0,170028510512414824,-1873.936,119.2293,0,0,0,6684.111,117.49994,True,2026022400719,44,0.0,1.2793145e-05,1.3068927e-05,-7.034699e-13,1862.3868,0.23507574,2982.548,0.23003875,False,-2115.1553,267.7552,False,False,True,15.561569,,1631.0481,1681,-1917.0369,2.6923344,149.56369247149635,,1.794046620574495,,0.8563683,,-68.34042,,,0,False,,,,,,,,0,False,False,False,8584.284,26.935133,0.16555768,0.20556903,-0.027245281,0.2097017,0.16800614,-0.0025926025,False,False,False,False,0.0014298692,0.52881694,False,False,61096.20708918107,,20,False,False,False,False,False,False,False,False,False,False,False,False,False,False,False,False,False,False,False,False,False,g
1,61096.20565706593,lsst,149.5637262521539,1.7940459317033823,170028510512414824,170054963054510279,0,170028510512414824,-1661.8556,118.411705,0,0,0,6646.525,115.84056,True,2026022400720,37,0.0,1.8751874e-05,2.8787035e-05,-6.788874e-11,3980.4663,0.52083606,3970.2002,0.33289534,False,-1784.7982,268.36798,False,False,True,14.147526,,1655.4686,1681,-1803.7349,1.4839665,149.56373602086327,,1.7940318396523436,,0.96431315,,-34.770405,,,0,False,,,,,,,,0,False,False,False,8349.027,44.58493,0.24610798,0.19506185,-0.03479906,0.2109372,0.17080392,0.001642199,False,False,False,False,0.1091353,0.5489504,False,False,61096.20767373435,,20,False,False,False,False,False,False,False,False,False,False,False,False,False,False,False,False,False,False,False,False,False,g
1,61096.20658736615,lsst,149.56371681661227,1.7940225577968076,170028510512414824,170054963326615728,0,170028510512414824,-1827.2778,116.06485,0,0,0,6645.912,114.68462,True,2026022400722,44,0.0,1.12602675e-05,1.554318e-05,-3.1296087e-11,2727.098,0.28409335,3596.1533,0.19602942,False,-1656.7135,267.47015,False,False,True,15.8110285,,1723.4338,1681,-1856.8143,2.3737779,149.5637160324308,,1.7940258247415166,,0.6593519,,-3.8293467,,,0,False,,,,,,,,0,False,False,False,8521.411,34.71508,0.1906385,0.15456769,0.006894169,0.2118236,0.15260357,0.013690994,False,False,False,False,0.012569317,0.5665276,False,False,61096.20843500001,,20,False,False,False,False,False,False,False,False,False,False,False,False,False,False,False,False,False,False,False,False,False,g
1,61096.20752107461,lsst,149.56371108397894,1.7940148402362808,170028510512414824,170054963595051211,0,170028510512414824,-1954.27,125.285904,0,0,0,6455.166,125.67352,True,2026022400724,44,0.0,1.1564011e-05,1.2364807e-05,-8.2456585e-12,2474.1184,0.22458532,2530.5215,0.20559417,False,-2047.2999,268.702,False,False,True,15.272738,,1626.8463,1681,-1724.8455,0.15848598,149.5637068665848,,1.7940246742407764,,0.57063276,,21.903893,,,0,False,,,,,,,,0,False,False,False,8472.221,21.723738,0.18452339,0.18173929,0.014121866,0.17198314,0.17286377,0.0029251631,False,False,False,False,0.016459864,0.50444514,False,False,61096.20954218068,,22,False,False,False,False,False,False,False,False,False,False,False,False,False,False,False,False,False,False,False,False,False,g
1,61096.20806593661,lsst,149.56371632334012,1.794033251710982,170028510512414824,170054963732938928,0,170028510512414824,-1838.8508,115.0721,0,0,0,6666.6274,113.7379,True,2026022400725,51,0.0,9.6201575e-06,1.4087128e-05,2.591796e-11,1270.8374,0.2571076,3015.8958,0.16729778,False,-1828.2367,268.938,False,False,True,15.983582,,1723.1788,1681,-1905.6918,2.7075026,149.563714770301,,1.794036618656291,,0.8686564,,-19.707085,,,0,False,,,,,,,,0,False,False,False,8548.974,36.400528,0.16865878,0.13911225,-0.032451585,0.19293022,0.15095834,-0.019619316,False,False,False,False,0.04622102,0.5789073,False,False,61096.20996878318,,20,False,False,False,False,False,False,False,False,False,False,False,False,False,False,False,False,False,False,False,False,False,g
1,61096.20900341174,lsst,149.56372106156704,1.7940169973567814,170028510512414824,170054963997704369,0,170028510512414824,-1872.841,117.65221,0,0,0,6470.8945,115.072174,True,2026022400727,44,0.0,1.055245e-05,1.238415e-05,5.2859635e-12,2357.1687,0.22317956,3747.023,0.18921083,False,-1345.3114,268.85468,False,False,True,15.816243,,1646.5802,1681,-1883.7583,1.3482746,149.56371853436292,,1.7940196739509167,,0.7181661,,-26.33423,,,0,False,,,,,,,,0,False,False,False,8371.402,43.10544,0.18467289,0.16648296,-0.021293564,0.20037337,0.16541775,-0.01307148,False,False,False,False,0.0072792107,0.5595458,False,False,61096.21142156919,,20,False,False,False,False,False,False,False,False,False,False,False,False,False,False,False,False,False,False,False,False,False,g
1,61096.2094687807,lsst,149.5637235620737,1.7940144684063437,170028510512414824,170054964134019268,0,170028510512414824,-1784.3314,112.097046,0,0,0,6461.557,110.83203,True,2026022400728,48,0.0,1.0762118e-05,1.1160182e-05,6.0856577e-13,643.19006,0.20072758,3771.9026,0.19355732,False,-1468.0157,271.15396,False,False,True,15.8465,,1539.9806,1681,-1833.0854,1.5795741,149.5637225064403,,1.7940166750216089,,0.81585777,,-38.635315,,,0,False,,,,,,,,0,False,False,False,8299.316,36.059753,0.15684903,0.15220168,-0.03087787,0.16276623,0.14858918,-0.024911862,False,False,False,False,0.00021288627,0.5048512,False,False,61096.211266990795,,19,False,False,False,False,False,False,False,False,False,False,False,False,False,False,False,False,False,False,False,False,False,g
1,61096.21086719592,lsst,149.5637163076288,1.794013794718313,170028510512414824,170054964538245296,0,170028510512414824,-1727.3938,116.13397,0,0,0,6761.404,114.79344,True,2026022400731,51,0.0,1.2512309e-05,1.3864376e-05,-3.146204e-12,865.4264,0.24948102,1890.0618,0.22483426,False,-2385.7139,269.70734,False,False,True,14.641625,,1632.0322,1681,-1823.4858,0.8040636,149.56371196990057,,1.794018634906317,,1.119133,,-31.57761,,,0,False,,,,,,,,0,False,False,False,8497.571,25.244442,0.24407488,0.17114487,-0.04887658,0.16881151,0.15423831,-0.011460077,False,False,False,False,0.27970985,0.5635218,False,False,61096.21272906073,,22,False,False,False,False,False,False,False,False,False,False,False,False,False,False,False,False,False,False,False,False,False,g
1,61096.21133153461,lsst,149.56369220833062,1.79403812263425,170028510512414824,170054964668792948,0,170028510512414824,-1660.0972,119.83352,0,0,0,6926.9478,118.257935,True,2026022400732,44,0.0,1.3907157e-05,1.5691534e-05,-7.517597e-12,2756.458,0.28279153,1179.3815,0.24946377,False,-1573.5538,269.64822,False,False,True,13.709462,,1689.7457,1681,-1759.0612,0.3979851,149.5636933200311,,1.7940327684506658,,1.0532033,,32.53274,,,0,False,,,,,,,,0,False,False,False,8632.641,21.544378,0.19822724,0.18106788,0.0530544,0.19134787,0.1760942,-0.0029920754,False,False,False,False,0.0047602435,0.53255206,False,False,61096.21309646903,,20,False,False,False,False,False,False,False,False,False,False,False,False,False,False,False,False,False,False,False,False,False,g
1,61096.21226454733,lsst,149.5637269698372,1.7940056095498844,170028510512414824,170054964937228430,0,170028510512414824,-1776.9409,112.714874,0,0,0,6438.223,111.63288,True,2026022400734,44,0.0,1.0713799e-05,1.4277584e-05,-2.3571952e-11,3104.2231,0.26043072,1743.42,0.18771991,False,-1893.6895,268.3441,False,False,True,15.352888,,1721.353,1681,-1931.9312,1.6791865,149.5637227762779,,1.7940167072355147,,1.089555,,-10.173444,,,0,False,,,,,,,,0,False,False,False,8276.05,33.018814,0.26873794,0.15545058,0.007472017,0.19756278,0.13744451,2.1967588e-05,False,False,False,False,0.2564098,0.5672006,False,False,61096.21408152107,,22,False,False,False,False,False,False,False,False,False,False,False,False,False,False,False,False,False,False,False,False,False,g
1,61096.21273043649,lsst,149.56371373332465,1.7940334265469493,170028510512414824,170054965068300458,0,170028510512414824,-1711.1721,113.50834,0,0,0,6791.967,111.56965,True,2026022400735,38,0.0,1.2191301e-05,1.2968789e-05,-6.5525875e-12,2152.0637,0.23467045,2506.022,0.21794657,False,-1785.5182,270.24216,False,False,True,15.114922,,1594.4082,1681,-1701.6971,0.032584768,149.56371062128142,,1.794035309045784,,0.6243344,,28.133871,,,0,False,,,,,,,,0,False,False,False,8530.395,40.35699,0.16606134,0.16586469,0.017236093,0.16717657,0.12964837,0.00052112405,False,False,False,False,0.050527483,0.5585059,False,False,61096.21461663707,,19,False,False,False,False,False,False,False,False,False,False,False,False,False,False,False,False,False,False,False,False,False,g
1,61096.21365581294,lsst,149.5637127372212,1.79401161790934,170028510512414824,170054965339881640,0,170028510512414824,-2021.4359,111.79629,0,0,0,6316.004,109.726715,True,2026022400737,44,0.0,1.0193516e-05,1.1656591e-05,-1.6586829e-11,3863.9858,0.21497567,2489.862,0.17699702,False,-2206.2617,267.39706,False,False,True,18.080877,,1592.9792,1681,-2047.365,0.08812182,149.5637109822213,,1.794014812321289,,0.6795288,,-21.641628,,,0,False,,,,,,,,0,False,False,False,8386.666,45.362022,0.19719279,0.1561231,0.0009780165,0.17651983,0.13892336,0.007344623,False,False,False,False,0.055152867,0.6310721,False,False,61096.215539589284,,20,False,False,False,False,False,False,False,False,False,False,False,False,False,False,False,False,False,False,False,False,False,g
1,61096.21413016114,lsst,149.5637153038011,1.7940145822168574,170028510512414824,170054965474623646,0,170028510512414824,-1615.1586,111.72771,0,0,0,6859.5337,111.00235,True,2026022400738,45,0.0,1.3028385e-05,1.5489179e-05,-4.4429866e-11,2234.2466,0.29079694,3555.405,0.21907254,False,-1454.6404,267.5882,False,False,True,14.262796,,1676.0758,1681,-1693.6237,0.18896945,149.56370983114067,,1.794022688849702,,0.8907872,,-29.158113,,,0,False,,,,,,,,0,False,False,False,8502.681,40.111755,0.22883685,0.15585473,-0.004259146,0.16915438,0.13851266,-0.0033955046,False,False,False,False,0.21397267,0.540113,False,False,61096.21601874105,,20,False,False,False,False,False,False,False,False,False,False,False,False,False,False,False,False,False,False,False,False,False,g
1,61096.214594664125,lsst,149.56370000041457,1.7940240904943001,170028510512414824,170054965608317075,0,170028510512414824,-1644.4072,117.00026,0,0,0,7029.493,117.37214,True,2026022400739,44,0.0,1.4507016e-05,1.6090447e-05,-3.8828645e-11,3771.6985,0.30114576,1401.6582,0.2472073,False,-1701.7246,269.09955,False,False,True,13.8703575,,1682.6327,1681,-1684.5168,1.825916,149.563693331071,,1.7940248291578094,,0.69963354,,-50.198814,,,0,False,,,,,,,,0,False,False,False,8736.524,28.390314,0.24185032,0.21003972,-0.014531468,0.20391753,0.15827048,0.014607149,False,False,False,False,0.24211025,0.55595785,False,False,61096.216456253154,,20,False,False,False,False,False,False,False,False,False,False,False,False,False,False,False,False,False,False,False,False,False,g
1,61096.215109506855,lsst,149.5637020281262,1.7940279809208945,170028510512414824,170054965746204832,0,170028510512414824,-1825.8763,114.44376,0,0,0,6742.48,112.86315,True,2026022400740,51,0.0,1.126372e-05,1.2741308e-05,-2.8502433e-12,3757.0898,0.22925435,1868.7157,0.20238937,False,-1818.3713,269.81287,False,False,True,16.04941,,1688.089,1681,-1947.3735,1.8758057,149.56370041708698,,1.7940318115472689,,0.9450017,,-54.990303,,,0,False,,,,,,,,0,False,False,False,8607.451,40.936302,0.16834426,0.18438926,-0.0416111,0.18198574,0.15112695,-0.0045322855,False,False,False,False,0.014314514,0.5703521,False,False,61096.21695180697,,20,False,False,False,False,False,False,False,False,False,False,False,False,False,False,False,False,False,False,False,False,False,g
1,61096.21557514032,lsst,149.56372175040875,1.7940063333032026,170028510512414824,170054965900869767,0,170028510512414824,-1808.5767,113.3025,0,0,0,6444.373,112.872,True,2026022400741,90,0.0,1.3346905e-05,1.4638752e-05,-5.0098914e-12,2713.6016,0.26363587,619.5765,0.23954913,False,-2068.217,268.90332,False,False,True,15.584391,,1640.8967,1681,-1825.1948,2.0364542,149.56372061530013,,1.7940172533018663,,0.64996463,,-3.2332227,,,0,False,,,,,,,,0,False,False,False,8297.302,25.018887,0.25089774,0.21449073,0.0028659615,0.20666158,0.14239179,-0.0005695517,False,False,False,False,0.38348532,0.59334743,False,False,61096.21737835516,,21,False,False,False,False,False,False,False,False,False,False,False,False,False,False,False,False,False,False,False,False,False,g
1,61096.2160420688,lsst,149.5637260375302,1.794008823206709,170028510512414824,170054966014640303,0,170028510512414824,-1754.9569,112.2813,0,0,0,6517.4517,110.600235,True,2026022400742,51,0.0,1.03008615e-05,1.3756575e-05,-1.6023087e-11,515.54785,0.24931066,1603.5742,0.18264261,False,-1274.9929,270.80908,False,False,True,15.243708,,1588.6655,1681,-1820.6031,3.0511699,149.56372717928028,,1.7940118402355878,,0.90385216,,-34.410053,,,0,False,,,,,,,,0,False,False,False,8300.688,21.599213,0.17701069,0.12441504,-0.028981837,0.18349673,0.1343477,-0.010548881,False,False,False,False,0.010526541,0.56878036,False,False,61096.217739235995,,19,False,False,False,False,False,False,False,False,False,False,False,False,False,False,False,False,False,False,False,False,False,g
2,61096.23441988666,lsst,149.5637005277679,1.7940366676818407,170028510512414824,170054970438058138,0,170028510512414824,-1697.2986,145.97939,0,0,0,6770.6074,143.2805,True,2026022400775,40,0.0,1.49462185e-05,1.4446804e-05,-2.185095e-12,828.5102,0.2598188,1936.9623,0.26919746,False,-1917.4756,379.5598,False,False,True,11.430969,,1630.3954,1681,-1704.8394,1.8629372,149.5636999077486,,1.7940369958510278,,0.71465176,,-44.084156,,,0,False,,,,,,,,0,False,False,False,8490.129,56.09863,0.113602534,0.124548115,-0.023108628,0.16109128,0.14562455,-0.019423628,False,False,False,False,0.17432699,0.51638275,False,False,61096.23623579558,,18,False,False,False,False,False,False,False,False,False,False,False,False,False,False,False,False,False,False,False,False,False,r
2,61096.23767949536,lsst,149.56368311381402,1.7940258575509067,170028510512414824,170054971379679464,0,170028510512414824,-1803.3309,156.25352,0,0,0,6699.191,153.49939,True,2026022400782,44,0.0,2.3636845e-05,4.6726997e-05,-4.2578635e-10,2668.89,0.8603889,3637.2969,0.38324535,False,-1920.4934,379.0028,False,False,True,11.533371,,1677.5214,1681,-1945.888,6.7907486,149.56369882080037,,1.7940213641879068,,0.9038094,,-18.090479,,,0,False,,,,,,,,0,False,False,False,8512.413,34.625404,0.23627801,0.16150868,-0.005606326,0.2131176,0.18510956,0.014134343,False,False,False,False,6.081265e-06,0.52233636,False,False,61096.239576690205,,19,False,False,False,False,False,False,False,False,False,False,False,False,False,False,False,False,False,False,False,False,False,r
2,61096.23914658364,lsst,149.5636979669697,1.7940382413444302,170028510512414824,170054971787051185,0,170028510512414824,-1697.653,147.56181,0,0,0,6773.5776,145.25314,True,2026022400785,53,0.0,1.5641192e-05,1.6550928e-05,-1.00504986e-10,882.80615,0.34164476,2045.3638,0.22592115,False,-1506.8721,378.7094,False,False,True,11.392145,,1639.3843,1681,-1749.7943,7.8103056,149.56369666620162,,1.7940463871487897,,0.9268863,,-57.05969,,,0,False,,,,,,,,0,False,False,False,8515.631,31.34266,0.16529049,0.09349911,-0.022778496,0.17343351,0.14365232,0.009326602,False,False,False,False,0.12521583,0.5012156,False,False,61096.240935729846,,17,False,False,False,False,False,False,False,False,False,False,False,False,False,False,False,False,False,False,False,False,False,r
2,61096.24475299404,lsst,149.5636958850651,1.7940308884396665,170028510512414824,170054973397663903,0,170028510512414824,-1810.5981,142.38284,0,0,0,6711.8506,141.93272,True,2026022400797,53,0.0,1.6536289e-05,1.5026114e-05,-1.1830872e-11,330.48773,0.29893878,372.09973,0.26864916,False,-1762.0707,381.93097,False,False,True,12.763476,,1460.9081,1681,-1789.567,0.04114088,149.56369016638834,,1.7940354990103267,,0.3523964,,-96.565346,,,0,False,,,,,,,,0,False,False,False,8582.194,32.093895,0.15787636,0.14971757,-0.003352586,0.14962965,0.137009,0.017155709,False,False,False,False,0.018942904,0.5369283,False,False,61096.24658860713,,18,False,False,False,False,False,False,False,False,False,False,False,False,False,False,False,False,False,False,False,False,False,r
2,61096.24707666016,lsst,149.5636673527433,1.7940315985132476,170028510512414824,170054974072422562,0,170028510512414824,-1627.9574,150.54959,0,0,0,6766.9756,149.06123,True,2026022400802,60,0.0,2.3532228e-05,1.918592e-05,-2.5930529e-11,202.68529,0.42466253,2204.6501,0.34345528,False,-1563.9742,384.74496,False,False,True,10.7336,,1624.7919,1681,-1890.7517,6.913126,149.56366200712523,,1.7940452829670415,,1.2971187,,-54.692696,,,0,False,,,,,,,,0,False,False,False,8462.202,45.38233,0.25305277,0.15348284,0.07138142,0.15884021,0.1812816,0.029155951,False,False,False,False,0.14946944,0.51508766,False,False,61096.2488592321,,19,False,False,False,False,False,False,False,False,False,False,False,False,False,False,False,False,False,False,False,False,False,r
1,61096.26478554259,lsst,149.5636544758517,1.7940434792406577,170028510512414824,170054978224783462,0,170028510512414824,-2070.6624,123.88043,0,0,0,6360.455,121.67727,True,2026022400833,44,0.0,1.1217962e-05,1.0623697e-05,-2.4942498e-12,3743.2466,0.19064942,202.87674,0.20212644,False,-1702.8638,281.27725,False,False,True,16.636763,,1752.8307,1681,-2108.5588,4.7236257,149.5636570651504,,1.7940417440982923,,0.83102787,,-33.50548,,,0,False,,,,,,,,0,False,False,False,8473.479,24.011433,0.15630952,0.15358646,-0.032224685,0.17311078,0.21926017,-0.042877194,False,False,False,False,0.19451451,0.5525908,False,False,61096.266666922755,,20,False,False,False,False,False,False,False,False,False,False,False,False,False,False,False,False,False,False,False,False,False,g
1,61096.26525520469,lsst,149.56368700751543,1.794049243574324,170028510512414824,170054978359001180,0,170028510512414824,-1807.782,124.7532,0,0,0,6802.4487,124.20528,True,2026022400834,44,0.0,1.4213087e-05,1.2395826e-05,-6.412985e-12,1296.2709,0.22232997,785.1444,0.2561538,False,-1979.882,281.92728,False,False,True,14.322575,,1601.4711,1681,-1931.5729,1.4353715,149.56368689752003,,1.7940496977044036,,1.0315045,,-45.53766,,,0,False,,,,,,,,0,False,False,False,8615.448,18.902653,0.1705725,0.19846892,-0.049511615,0.17633021,0.23047581,-0.043545816,False,False,False,False,0.042805985,0.5321645,False,False,61096.267143572506,,20,False,False,False,False,False,False,False,False,False,False,False,False,False,False,False,False,False,False,False,False,False,g
1,61096.26572284305,lsst,149.5637086000444,1.7940107902015816,170028510512414824,170054978491121750,0,170028510512414824,-1940.8138,127.220726,0,0,0,6554.415,126.92374,True,2026022400835,40,0.0,1.3736114e-05,1.258455e-05,-2.5650395e-12,1516.6586,0.22627674,1205.6919,0.24729893,False,-1603.9478,284.6979,False,False,True,14.925187,,1688.4797,1681,-2123.4712,1.51845,149.56370543675237,,1.7940119449523728,,1.2061024,,-48.086292,,,0,False,,,,,,,,0,False,False,False,8528.95,19.835457,0.20997524,0.24740113,-0.06895556,0.18652467,0.23657078,-0.041419767,False,False,False,False,0.034097984,0.5292979,False,False,61096.267531292375,,22,False,False,False,False,False,False,False,False,False,False,False,False,False,False,False,False,False,False,False,False,False,g
1,61096.266659577945,lsst,149.56369082552865,1.794033023030992,170028510512414824,170054978761654369,0,170028510512414824,-2095.5032,128.3983,0,0,0,6590.0845,127.84693,True,2026022400837,44,0.0,1.2236324e-05,1.2115913e-05,2.0500654e-14,1786.9884,0.21787897,2050.7227,0.22005834,False,-2116.2314,281.92114,False,False,True,16.059505,,1705.6093,1681,-2238.377,2.066698,149.56368740334452,,1.7940365447068334,,1.1398867,,-46.33118,,,0,False,,,,,,,,0,False,False,False,8698.208,20.790398,0.22226058,0.22054516,-0.062981606,0.21174248,0.21920605,-0.03696113,False,False,False,False,0.004062258,0.5504226,False,False,61096.268475851124,,23,False,False,False,False,False,False,False,False,False,False,False,False,False,False,False,False,False,False,False,False,False,g
1,61096.26712726117,lsst,149.56368289612243,1.7940245754480226,170028510512414824,170054978893774943,0,170028510512414824,-1774.565,127.914085,0,0,0,6848.4,127.621895,True,2026022400838,40,0.0,1.6149646e-05,1.3239589e-05,6.7239044e-12,2850.283,0.23780411,2819.9548,0.29083422,False,-2190.782,281.68762,False,False,True,13.556,,1692.5203,1681,-1969.7435,4.4592404,149.56367601658445,,1.7940302517567275,,1.3814821,,-66.94046,,,0,False,,,,,,,,0,False,False,False,8670.136,25.903309,0.19901071,0.30923444,-0.079435,0.20960067,0.20532519,-0.024924617,False,False,False,False,0.23052539,0.54508066,False,False,61096.269021142754,,21,False,False,False,False,False,False,False,False,False,False,False,False,False,False,False,False,False,False,False,False,False,g
1,61096.26759238845,lsst,149.56368620543665,1.7940220922859562,170028510512414824,170054979030089839,0,170028510512414824,-1979.0126,127.03285,0,0,0,6621.859,125.59553,True,2026022400839,44,0.0,1.5034828e-05,1.4128597e-05,3.5745027e-12,2195.6838,0.25376582,2568.3923,0.270665,False,-1902.9104,282.8714,False,False,True,15.52404,,1645.1809,1681,-2143.5884,3.2353044,149.56368421513272,,1.7940289356952643,,1.1964412,,-68.78936,,,0,False,,,,,,,,0,False,False,False,8592.546,26.380644,0.17413619,0.24963114,-0.06020183,0.20921062,0.19497487,-0.018191995,False,False,False,False,0.011766656,0.5635422,False,False,61096.269601422464,,21,False,False,False,False,False,False,False,False,False,False,False,False,False,False,False,False,False,False,False,False,False,g
1,61096.268061242896,lsst,149.5637057989333,1.794039403959148,170028510512414824,170054979161161855,0,170028510512414824,-1962.2008,125.55795,0,0,0,6616.5522,125.133316,True,2026022400840,38,0.0,1.2688812e-05,1.5686312e-05,-1.667274e-11,450.49414,0.2839636,3462.3572,0.22609541,False,-2358.8816,285.62,False,False,True,15.3331995,,1590.1603,1681,-2153.3542,3.105785,149.5637018476757,,1.7940440702591467,,1.2117459,,-29.281244,,,0,False,,,,,,,,0,False,False,False,8610.213,23.878878,0.285274,0.17034374,-0.043847132,0.20620614,0.18318602,-0.024253428,False,False,False,False,0.1312154,0.5806076,False,False,61096.26995117664,,22,False,False,False,False,False,False,False,False,False,False,False,False,False,False,False,False,False,False,False,False,False,g
1,61096.26852725216,lsst,149.5637040658598,1.7940100356493331,170028510512414824,170054979296952409,0,170028510512414824,-1883.97,123.57073,0,0,0,6622.5376,122.57734,True,2026022400841,41,0.0,1.2045236e-05,1.3915477e-05,-1.2627166e-11,1826.7589,0.25227004,596.36096,0.21440233,False,-2071.6057,282.30316,False,False,True,15.036579,,1663.0223,1681,-1905.5619,1.2271677,149.56370016577097,,1.794010585379227,,0.6683627,,-19.070684,,,0,False,,,,,,,,0,False,False,False,8527.408,25.15984,0.20246355,0.16357358,-0.0037317963,0.2222861,0.17501868,-0.01638491,False,False,False,False,0.030254884,0.5573323,False,False,61096.27032102246,,20,False,False,False,False,False,False,False,False,False,False,False,False,False,False,False,False,False,False,False,False,False,g
1,61096.268994758175,lsst,149.56369245588056,1.7940426629332737,170028510512414824,170054979432743027,0,170028510512414824,-1866.1581,129.05855,0,0,0,6809.163,128.61136,True,2026022400842,44,0.0,1.50419155e-05,1.5651653e-05,-6.3306335e-12,3040.5735,0.28253525,3231.8306,0.26933455,False,-1694.2993,283.3779,False,False,True,14.55836,,1736.167,1681,-1978.865,2.3189802,149.56368628037194,,1.7940548135063386,,0.9502251,,-48.932938,,,0,False,,,,,,,,0,False,False,False,8720.239,21.638489,0.23846434,0.20216823,-0.037627775,0.23655327,0.20743462,-0.016118512,False,False,False,False,0.0003162657,0.520558,False,False,61096.27110172673,,22,False,False,False,False,False,False,False,False,False,False,False,False,False,False,False,False,False,False,False,False,False,g
1,61096.26993014777,lsst,149.5636868226037,1.794028925861459,170028510512414824,170054979701178475,0,170028510512414824,-1787.3495,129.15282,0,0,0,6854.0005,128.4944,True,2026022400844,44,0.0,1.6185337e-05,1.687694e-05,-1.1816869e-11,2834.2842,0.30612284,2153.4792,0.28828532,False,-1835.3833,286.02707,False,False,True,13.777104,,1757.5016,1681,-1861.9988,0.3856878,149.5636854362459,,1.7940273418714379,,0.8661465,,-55.872143,,,0,False,,,,,,,,0,False,False,False,8676.129,22.962004,0.23986529,0.21237035,-0.031110344,0.24163696,0.17945647,-0.019323034,False,False,False,False,0.028324997,0.5590744,False,False,61096.27189023445,,20,False,False,False,False,False,False,False,False,False,False,False,False,False,False,False,False,False,False,False,False,False,g
1,61096.27037272681,lsst,149.563712326935,1.7940293832852543,170028510512414824,170054979839590512,0,170028510512414824,-1941.6045,127.42717,0,0,0,6645.5156,127.3847,True,2026022400845,52,0.0,1.2613686e-05,1.4998055e-05,-2.4347064e-11,1646.3601,0.2744063,1495.3568,0.22104672,False,-2094.466,285.4465,False,False,True,14.9191265,,1668.087,1681,-2124.9631,1.7209263,149.5637082691645,,1.7940346981808872,,1.2221982,,-50.86931,,,0,False,,,,,,,,0,False,False,False,8602.602,17.964642,0.23769131,0.17489843,-0.06824825,0.23430602,0.18723157,-0.027610954,False,False,False,False,0.0023663545,0.55891925,False,False,61096.27229153906,,22,False,False,False,False,False,False,False,False,False,False,False,False,False,False,False,False,False,False,False,False,False,g
1,61096.27130936639,lsst,149.56367389012732,1.7940265969896416,170028510512414824,170054980107501677,0,170028510512414824,-1779.59,127.36705,0,0,0,6785.1763,127.16208,True,2026022400847,51,0.0,1.7002345e-05,1.71482e-05,-2.9343925e-12,2789.9736,0.3090149,456.21716,0.30506256,False,-1728.3074,282.85226,False,False,True,14.011308,,1677.6359,1681,-1867.5289,1.6669651,149.56366789622888,,1.794030430367464,,0.9047892,,-64.64491,,,0,False,,,,,,,,0,False,False,False,8577.684,15.300085,0.23058194,0.21860194,-0.036949072,0.21908619,0.20422088,-0.016875522,False,False,False,False,0.019539619,0.5296403,False,False,61096.27319313051,,21,False,False,False,False,False,False,False,False,False,False,False,False,False,False,False,False,False,False,False,False,False,g
1,61096.271776798494,lsst,149.5636825921971,1.7940581318869913,170028510512414824,170054980240670826,0,170028510512414824,-1779.8989,130.28072,0,0,0,6821.3467,129.45326,True,2026022400848,49,0.0,1.5404814e-05,1.6171969e-05,-1.6947999e-11,2939.4258,0.29557902,2416.0967,0.27197173,False,-2151.996,286.1396,False,False,True,13.57612,,1641.4314,1681,-1978.6558,1.7770008,149.56367878418314,,1.7940456376555147,,1.3785,,2.006305,,,0,False,,,,,,,,0,False,False,False,8616.947,14.012389,0.30001575,0.19907555,0.08229369,0.21302563,0.19699562,-0.023661036,False,False,False,False,0.21450327,0.5124012,False,False,61096.27363734309,,21,False,False,False,False,False,False,False,False,False,False,False,False,False,False,False,False,False,False,False,False,False,g
1,61096.27224355948,lsst,149.5637010785897,1.7940254246208898,170028510512414824,170054980374888549,0,170028510512414824,-1835.5638,129.65341,0,0,0,6790.6216,128.61328,True,2026022400849,49,0.0,2.15424e-05,2.7795337e-05,-2.7120337e-10,637.6119,0.54842705,1393.0012,0.31486765,False,-1934.2104,287.05615,False,False,True,14.121486,,1670.5883,1681,-2093.807,2.2488465,149.5637057263157,,1.794016537160799,,1.4311343,,-35.341267,,,0,False,,,,,,,,0,False,False,False,8620.463,17.213203,0.34198758,0.1313863,-0.019183043,0.22964111,0.18687142,-0.030265583,False,False,False,False,0.09232978,0.5369162,False,False,61096.27417046967,,21,False,False,False,False,False,False,False,False,False,False,False,False,False,False,False,False,False,False,False,False,False,g
1,61096.27271103287,lsst,149.56364735585993,1.794046837281045,170028510512414824,170054980507009106,0,170028510512414824,-1776.1973,129.83481,0,0,0,6685.536,129.57881,True,2026022400850,45,0.0,1.712719e-05,1.8149303e-05,-4.1055246e-11,3989.3818,0.33943227,164.88638,0.2938804,False,-2012.7922,282.81418,False,False,True,13.674179,,1729.8204,1681,-1911.1772,2.1026764,149.56363891516818,,1.7940542092129637,,1.149035,,-72.520096,,,0,False,,,,,,,,0,False,False,False,8516.862,12.948768,0.2503006,0.22578205,-0.06226184,0.22820371,0.20064402,-0.0072159762,False,False,False,False,0.06291482,0.530524,False,False,61096.27460873681,,22,False,False,False,False,False,False,False,False,False,False,False,False,False,False,False,False,False,False,False,False,False,g
1,61096.27317996833,lsst,149.5636921748188,1.7940123970892023,170028510512414824,170054980644896854,0,170028510512414824,-2053.001,126.772835,0,0,0,6440.699,126.59783,True,2026022400851,52,0.0,1.07227725e-05,1.1657431e-05,-3.292371e-11,1886.8239,0.22738634,318.62564,0.1714714,False,-2207.151,283.8956,False,False,True,15.668643,,1764.1813,1681,-2068.07,2.6214921,149.5636897562173,,1.7940134359427835,,0.9858821,,-47.757,,,0,False,,,,,,,,0,False,False,False,8550.753,18.29238,0.20675954,0.11992274,-0.018562702,0.22332309,0.17376049,-0.008191618,False,False,False,False,0.14418854,0.60156125,False,False,61096.27499854706,,21,False,False,False,False,False,False,False,False,False,False,False,False,False,False,False,False,False,False,False,False,False,g
1,61096.273647287395,lsst,149.56370219352198,1.7940177877927321,170028510512414824,170054980777541739,0,170028510512414824,-2076.9011,134.71234,0,0,0,6587.589,134.55946,True,2026022400852,49,0.0,1.7358114e-05,1.7616576e-05,-2.224159e-11,243.96954,0.32587516,2700.4058,0.30268794,False,-2458.173,286.97635,False,False,True,15.303699,,1687.2914,1681,-2202.5085,0.3990607,149.56369411550156,,1.7940185318811925,,1.1449318,,-79.32568,,,0,False,,,,,,,,0,False,False,False,8705.98,11.395816,0.30739802,0.2866875,-0.06026788,0.23404084,0.21784227,-0.005141447,False,False,False,False,0.4278626,0.548134,False,False,61096.27573911412,,25,False,False,False,False,False,False,False,False,False,False,False,False,False,False,False,False,False,False,False,False,False,g
1,61096.274115755616,lsst,149.56369559315274,1.7940323065859105,170028510512414824,170054980909662321,0,170028510512414824,-1922.8652,127.5944,0,0,0,6810.4453,127.90572,True,2026022400853,45,0.0,1.37378265e-05,1.4177549e-05,-6.2330724e-11,4048.0305,0.28856575,2257.3047,0.20695679,False,-1561.401,284.90387,False,False,True,15.027813,,1640.8717,1681,-1974.2997,3.3469894,149.56369127972508,,1.7940342893640897,,0.95034134,,-53.215874,,,0,False,,,,,,,,0,False,False,False,8847.778,19.63575,0.22569616,0.14671591,-0.016024666,0.21324365,0.17217,-0.001702565,False,False,False,False,0.0054614716,0.5448664,False,False,61096.27648982909,,20,False,False,False,False,False,False,False,False,False,False,False,False,False,False,False,False,False,False,False,False,False,g
1,61096.27458139261,lsst,149.56371381676217,1.7940203056503887,170028510512414824,170054981045977215,0,170028510512414824,-1862.4028,130.9458,0,0,0,6657.5522,128.14656,True,2026022400854,49,0.0,1.6166987e-05,1.613613e-05,-5.86999e-11,249.10516,0.3214135,3359.623,0.25576106,False,-2281.4016,287.83096,False,False,True,14.107902,,1642.7577,1681,-1985.1658,0.6275605,149.56370518162075,,1.7940263116925348,,1.1158277,,-47.9406,,,0,False,,,,,,,,0,False,False,False,8522.472,19.02184,0.29298767,0.17452712,-0.005603193,0.22735642,0.18549418,-0.00067750533,False,False,False,False,0.086351134,0.5567835,False,False,61096.27645823645,,21,False,False,False,False,False,False,False,False,False,False,False,False,False,False,False,False,False,False,False,False,False,g
1,61096.27505108977,lsst,149.5636946942499,1.794030254742004,170028510512414824,170054981178622034,0,170028510512414824,-1787.2789,131.43068,0,0,0,6839.625,130.52873,True,2026022400855,46,0.0,3.0468138e-05,2.9334633e-05,-3.2268005e-10,3458.1797,0.6278742,515.5697,0.4297557,False,-1860.3484,286.92242,False,False,True,13.553146,,1661.3773,1681,-1826.9666,1.170161,149.56369872647394,,1.7940275252467834,,0.8451296,,-61.411278,,,0,False,,,,,,,,0,False,False,False,8686.864,18.488003,0.28720042,0.23023437,-0.014407158,0.22865659,0.17746337,-0.011598119,False,False,False,False,0.3168735,0.53779435,False,False,61096.27701252732,,20,False,False,False,False,False,False,False,False,False,False,False,False,False,False,False,False,False,False,False,False,False,g
1,61096.275520180825,lsst,149.56370794413849,1.7940369183125602,170028510512414824,170054981312839773,0,170028510512414824,-1938.2001,131.04979,0,0,0,6788.159,130.76868,True,2026022400856,46,0.0,1.40272405e-05,1.3585272e-05,-2.8566113e-11,3722.607,0.26665175,2430.8157,0.22867662,False,-2004.089,288.40445,False,False,True,14.663321,,1720.7782,1681,-1950.2568,2.4023385,149.56370790905495,,1.7940406780721987,,0.7006523,,-64.613846,,,0,False,,,,,,,,0,False,False,False,8783.076,20.738443,0.22653387,0.18787463,-0.00990416,0.23818286,0.18609326,-0.0067902636,False,False,False,False,0.0028614053,0.5535522,False,False,61096.277318008055,,24,False,False,False,False,False,False,False,False,False,False,False,False,False,False,False,False,False,False,False,False,False,g
1,61096.276457146814,lsst,149.5637017227429,1.7940273362456785,170028510512414824,170054981581799533,0,170028510512414824,-1892.1438,129.14116,0,0,0,6838.162,130.18018,True,2026022400858,47,0.0,1.5941403e-05,1.3860293e-05,-6.948651e-11,2395.7534,0.31108293,3685.135,0.21819308,False,-1904.9327,288.47342,False,False,True,14.404685,,1642.2812,1681,-2046.5872,1.5896038,149.56369859175885,,1.7940272979351612,,1.2272462,,-49.452785,,,0,False,,,,,,,,0,False,False,False,8788.526,21.549091,0.30082974,0.15722717,0.019506887,0.23963876,0.17115878,0.0096563855,False,False,False,False,0.065627895,0.5225677,False,False,61096.27886877366,,21,False,False,False,False,False,False,False,False,False,False,False,False,False,False,False,False,False,False,False,False,False,g
1,61096.276925032165,lsst,149.56374684133286,1.7940360970560012,170028510512414824,170054981717065855,0,170028510512414824,-1834.1143,130.37639,0,0,0,6508.9966,129.26991,True,2026022400859,49,0.0,1.6837497e-05,1.7275352e-05,1.2629468e-11,993.616,0.29884627,3436.8525,0.31446669,False,-2005.1208,286.40167,False,False,True,14.110634,,1714.1953,1681,-1946.5991,0.3716996,149.56374806573706,,1.7940289947607018,,0.9728173,,-125.88633,,,0,False,,,,,,,,0,False,False,False,8346.572,19.23583,0.24475117,0.3015823,-0.032365512,0.25145736,0.19119135,0.018355869,False,False,False,False,0.2614118,0.5302001,False,False,61096.27887291853,,23,False,False,False,False,False,False,False,False,False,False,False,False,False,False,False,False,False,False,False,False,False,g
1,61096.27743780435,lsst,149.56368133333564,1.7940454948940006,170028510512414824,170054981853380730,0,170028510512414824,-1960.0111,126.12619,0,0,0,6589.5845,124.84932,True,2026022400860,53,0.0,1.2481075e-05,1.297876e-05,-2.2096531e-11,309.932,0.24458893,1852.1571,0.21212211,False,-1951.8676,285.69794,False,False,True,15.474321,,1596.9313,1681,-1939.8232,0.4216984,149.56368076076546,,1.79404527135392,,0.7211678,,6.2801504,,,0,False,,,,,,,,0,False,False,False,8555.948,19.254822,0.1937546,0.19100744,0.023167457,0.20875469,0.15700153,0.0007760268,False,False,False,False,0.0122430585,0.555932,False,False,61096.27931171228,,21,False,False,False,False,False,False,False,False,False,False,False,False,False,False,False,False,False,False,False,False,False,g
1,61096.277905984214,lsst,149.5636835739933,1.7940315144016776,170028510512414824,170054981987074193,0,170028510512414824,-1924.1978,127.61962,0,0,0,6708.681,127.351425,True,2026022400861,52,0.0,1.45855865e-05,1.4831057e-05,-2.0110372e-11,2042.2874,0.2766425,3834.201,0.25169554,False,-2010.8198,285.54626,False,False,True,15.097915,,1705.263,1681,-1921.3549,0.09113234,149.56367888161193,,1.7940328611083924,,0.66326934,,-4.602461,,,0,False,,,,,,,,0,False,False,False,8720.656,27.626337,0.21340123,0.20056318,0.01824615,0.22738683,0.17525169,-0.0004346619,False,False,False,False,0.0039656507,0.60921484,False,False,61096.27981885224,,20,False,False,False,False,False,False,False,False,False,False,False,False,False,False,False,False,False,False,False,False,False,g
3,61097.21669196607,lsst,149.56369692846494,1.7940244487377617,170028510512414824,170059291444117703,0,170028510512414824,-1594.9966,200.17387,0,0,0,7582.2153,196.97585,True,2026022500201,41,0.0,1.7802635e-05,1.9884177e-05,-1.6601776e-11,3251.4,0.3593394,2314.1277,0.31875262,False,-1805.0051,589.06146,False,False,True,7.963304,,1638.5381,1681,-1568.326,8.285326,149.56369522860498,,1.7940236104237892,,0.6534767,,-46.95711,,,0,False,,,,,,,,0,False,False,False,9188.981,32.270443,0.10650259,0.09370146,-0.018783588,0.11138465,0.12488157,0.00348627,False,False,False,False,0.06647531,0.5479479,False,False,61097.21854955096,,13,False,False,False,False,False,False,False,False,False,False,False,False,False,False,False,False,False,False,False,False,False,i
3,61097.21762425937,lsst,149.563675540419,1.7940421468885708,170028510512414824,170059291716223120,0,170028510512414824,-1505.4336,192.59361,0,0,0,7880.517,189.15273,True,2026022500203,48,0.0,1.9891837e-05,2.1179841e-05,-1.8423799e-11,3300.1921,0.38354892,464.66324,0.35548398,False,-2085.7256,582.23816,False,False,True,7.7515182,,1586.8065,1681,-1455.4454,5.8454356,149.5636790424886,,1.794043654696219,,0.5912214,,-18.832745,,,0,False,,,,,,,,0,False,False,False,9388.363,41.93481,0.11478962,0.08295731,-0.0008131147,0.09792808,0.11576709,0.00244533,False,False,False,False,0.014764822,0.5264089,False,False,61097.21948042454,,13,False,False,False,False,False,False,False,False,False,False,False,False,False,False,False,False,False,False,False,False,False,i
3,61097.221816379926,lsst,149.5636792785657,1.7940548326875723,170028510512414824,170059292924706921,0,170028510512414824,-1838.8549,211.41988,0,0,0,7632.299,206.83247,True,2026022500212,49,0.0,2.5243628e-05,2.5167174e-05,9.199689e-11,2518.039,0.41940397,62.598923,0.4855252,False,-2348.9294,572.783,False,False,True,8.669546,,1712.848,1681,-1984.278,0.41124818,149.5636778765836,,1.7940542404361624,,1.0510197,,12.614031,,,0,False,,,,,,,,0,False,False,False,9460.208,17.504398,0.17388523,0.2172157,0.048629563,0.1388918,0.14853518,-0.007999649,False,False,False,False,0.37333554,0.544852,False,False,61097.22367491505,,16,False,False,False,False,False,False,False,False,False,False,False,False,False,False,False,False,False,False,False,False,False,i
3,61097.22228151605,lsst,149.5636884533482,1.7940803428572516,170028510512414824,170059293059448959,0,170028510512414824,-1738.6155,205.7222,0,0,0,7415.136,201.80798,True,2026022500213,50,0.0,2.3837241e-05,2.4684297e-05,2.3917343e-10,2686.7725,0.33601823,856.5837,0.5182764,False,-2901.3674,564.9614,False,False,True,8.231977,,1547.2413,1681,-2018.0316,16.761444,149.56369770668636,,1.7940815855863168,,1.4643896,,-113.0817,,,0,False,,,,,,,,0,False,False,False,9203.649,16.960766,0.11650735,0.2743061,-0.08975539,0.1316994,0.15021896,-0.005358942,False,False,False,False,0.40884614,0.5074936,False,False,61097.22419955968,,15,False,False,False,False,False,False,False,False,False,False,False,False,False,False,False,False,False,False,False,False,False,i
3,61097.226604194584,lsst,149.56370668592015,1.7940814901467257,170028510512414824,170059294266359980,0,170028510512414824,-1463.3267,207.36906,0,0,0,7642.515,203.42108,True,2026022500222,48,0.0,2.2572529e-05,2.0930243e-05,3.7977083e-11,193.27419,0.36949262,2293.9622,0.41282138,False,-2504.9485,569.1605,False,False,True,7.0328145,,1632.5393,1681,-1396.5625,21.094446,149.56371205966965,,1.7940705290483812,,0.57148945,,51.48849,,,0,False,,,,,,,,0,False,False,False,9101.552,24.972336,0.06873416,0.094807625,0.0075590885,0.14030471,0.1398084,0.013829899,False,False,False,False,0.4545959,0.5510045,False,False,61097.22852812694,,13,False,False,False,False,False,False,False,False,False,False,False,False,False,False,False,False,False,False,False,False,False,i
3,61097.243565053366,lsst,149.56366759567118,1.7940153849458909,170028510512414824,170059299102916824,0,170028510512414824,-1712.5826,197.64561,0,0,0,7396.435,193.555,True,2026022500258,57,0.0,2.4075924e-05,1.8051476e-05,-1.1890776e-10,3087.244,0.45053214,3502.1858,0.30054963,False,-1782.949,571.9517,False,False,True,8.691503,,1609.2612,1681,-1768.7905,1.786734,149.56366857224154,,1.7940145115304016,,0.86205554,,-83.753426,,,0,False,,,,,,,,0,False,False,False,9159.141,24.811152,0.16628642,0.10489604,-0.01814211,0.12614274,0.11269084,0.0041641584,False,False,False,False,0.05328366,0.55323833,False,False,61097.2454852427,,15,False,False,False,False,False,False,False,False,False,False,False,False,False,False,False,False,False,False,False,False,False,i
3,61097.25540403944,lsst,149.56364164976517,1.7940467225082242,170028510512414824,170059302456262802,0,170028510512414824,-1902.198,215.48787,0,0,0,7149.406,211.72838,True,2026022500283,53,0.0,2.5602787e-05,2.4174136e-05,-3.692817e-11,1666.2784,0.46609977,1161.9207,0.42909846,False,-2882.037,586.6637,False,False,True,8.697383,,1736.7202,1681,-2137.0698,7.7960052,149.5636468393566,,1.7940450340724494,,1.2955253,,-49.74761,,,0,False,,,,,,,,0,False,False,False,9092.473,17.831465,0.34275445,0.20804699,0.04651136,0.1336092,0.15610522,0.004263573,False,False,False,False,0.94705915,0.52394617,False,False,61097.25728372155,,18,False,False,False,False,False,False,False,False,False,False,False,False,False,False,False,False,False,False,False,False,False,i
3,61097.264568081824,lsst,149.5636587331482,1.794062344016976,170028510512414824,170059305003778153,0,170028510512414824,-1832.6112,230.27908,0,0,0,7474.982,226.41379,True,2026022500302,48,0.0,1.7199467e-05,1.8799536e-05,-3.6559644e-11,2050.7644,0.3466171,617.5091,0.30019182,False,-2635.32,596.97687,False,False,True,7.8081617,,1713.037,1681,-1803.9872,20.256344,149.56364937342167,,1.7940693169477588,,0.8035979,,-28.258026,,,0,False,,,,,,,,0,False,False,False,9294.279,13.302404,0.11160396,0.045102034,-0.0028158126,0.15967858,0.1820755,-0.00582602,False,False,False,False,0.7140651,0.50409687,False,False,61097.26655294318,,15,False,False,False,False,False,False,False,False,False,False,False,False,False,False,False,False,False,False,False,False,False,i
1,61097.28211282639,lsst,149.5636811066474,1.7940205822194095,170028510512414824,170059307286003811,0,170028510512414824,-2093.4517,127.58973,0,0,0,6743.3135,128.77077,True,2026022500319,49,0.0,1.3844034e-05,1.3641207e-05,-2.9157267e-11,3662.3906,0.265559,2597.5173,0.2272534,False,-2034.9247,261.89636,False,False,True,16.090672,,1720.7416,1681,-2063.8105,0.8140445,149.56368071580354,,1.79402156692273,,0.71920323,,-55.84569,,,0,False,,,,,,,,0,False,False,False,8878.79,9.216752,0.24391447,0.20000647,-0.006378513,0.26774248,0.22719905,-0.0059902114,False,False,False,False,0.063521944,0.5347075,False,False,61097.28409120945,,24,False,False,False,False,False,False,False,False,False,False,False,False,False,False,False,False,False,False,False,False,False,g
1,61097.28257869629,lsst,149.56371204300322,1.7940303768862231,170028510512414824,170059307420745855,0,170028510512414824,-1806.0978,128.16371,0,0,0,6762.5015,126.10883,True,2026022500320,50,0.0,1.6322347e-05,1.5094127e-05,-9.4322196e-11,58.199787,0.3332015,3712.3684,0.22093253,False,-1781.0671,264.65143,False,False,True,13.970755,,1681.328,1681,-1859.4388,2.472493,149.56371533418726,,1.7940305590288843,,0.9347351,,-50.00529,,,0,False,,,,,,,,0,False,False,False,8544.408,7.8689146,0.24731274,0.16622429,0.0011095019,0.2586699,0.20984848,-0.012243443,False,False,False,False,0.07735637,0.52554613,False,False,61097.284594686746,,23,False,False,False,False,False,False,False,False,False,False,False,False,False,False,False,False,False,False,False,False,False,g
1,61097.28304775509,lsst,149.56370123941832,1.794054171930895,170028510512414824,170059307554439245,0,170028510512414824,-1870.406,130.61414,0,0,0,6816.677,129.65567,True,2026022500321,49,0.0,1.7846645e-05,1.6597012e-05,-6.844805e-11,3040.3489,0.34526774,911.4675,0.27000406,False,-1968.201,263.02786,False,False,True,14.057639,,1797.5283,1681,-1936.7524,0.5771184,149.5637004898285,,1.794052391771463,,1.057094,,-41.924095,,,0,False,,,,,,,,0,False,False,False,8723.88,6.9618177,0.33543804,0.24127457,0.02062416,0.2919759,0.21768634,-0.0071152216,False,False,False,False,0.10424512,0.51055276,False,False,61097.28512166553,,24,False,False,False,False,False,False,False,False,False,False,False,False,False,False,False,False,False,False,False,False,False,g
1,61097.283983424306,lsst,149.563717492191,1.7940253868073797,170028510512414824,170059307823399013,0,170028510512414824,-1940.396,129.87064,0,0,0,6728.701,128.80505,True,2026022500323,50,0.0,1.811795e-05,1.4718046e-05,-9.8490764e-11,560.2639,0.35311854,1593.241,0.22702114,False,-2480.8748,263.42767,False,False,True,14.734234,,1730.1611,1681,-2013.9324,2.3831005,149.5637128134403,,1.7940265805673623,,1.1949703,,-74.551056,,,0,False,,,,,,,,0,False,False,False,8688.246,7.020917,0.3105055,0.19061032,-0.033985235,0.27563083,0.20855533,0.009192229,False,False,False,False,0.00736077,0.54270643,False,False,61097.2860621725,,25,False,False,False,False,False,False,False,False,False,False,False,False,False,False,False,False,False,False,False,False,False,g
1,61097.284918380385,lsst,149.56368760272343,1.7940180498786056,170028510512414824,170059308091834477,0,170028510512414824,-1902.2029,126.216194,0,0,0,6659.274,124.99872,True,2026022500325,50,0.0,1.5563963e-05,1.3019875e-05,-4.110046e-11,1242.055,0.29037172,1427.8446,0.22108303,False,-1781.439,263.80258,False,False,True,14.9991665,,1592.2247,1681,-1931.1772,3.1169863,149.56368958347062,,1.7940196573101843,,1.0141737,,-50.01428,,,0,False,,,,,,,,0,False,False,False,8635.961,7.728349,0.24901004,0.1660524,0.025462022,0.23990904,0.19261031,0.01065517,False,False,False,False,0.008755693,0.5353544,False,False,61097.28683632626,,23,False,False,False,False,False,False,False,False,False,False,False,False,False,False,False,False,False,False,False,False,False,g
1,61097.28538550996,lsst,149.5637055133206,1.7940314722464965,170028510512414824,170059308229722238,0,170028510512414824,-1695.0605,125.739914,0,0,0,6870.0537,125.00698,True,2026022500326,57,0.0,1.7295077e-05,1.5332003e-05,-2.9459962e-11,53.01331,0.3169356,1540.0516,0.2690247,False,-1488.0262,261.24063,False,False,True,13.526683,,1773.9655,1681,-1658.4329,0.49181187,149.56370353399345,,1.7940309493336069,,0.5554348,,-45.409813,,,0,False,,,,,,,,0,False,False,False,8592.154,7.525504,0.22024803,0.20197642,0.009716099,0.24150665,0.19834311,0.0143052675,False,False,False,False,0.00877727,0.5173149,False,False,61097.287511944225,,22,False,False,False,False,False,False,False,False,False,False,False,False,False,False,False,False,False,False,False,False,False,g
1,61097.286321843945,lsst,149.56369149586763,1.7940347208110923,170028510512414824,170059308499730510,0,170028510512414824,-1966.1775,126.649994,0,0,0,6701.582,126.392334,True,2026022500328,60,0.0,1.5899464e-05,1.1499715e-05,-3.549141e-11,3547.4604,0.29138172,569.58636,0.19914828,False,-1969.8232,261.67383,False,False,True,15.233236,,1699.6571,1681,-1994.7056,2.5864332,149.56368959526503,,1.7940349149596264,,0.945938,,-71.597824,,,0,False,,,,,,,,0,False,False,False,8714.232,7.106627,0.24528874,0.16237332,0.004638193,0.27310437,0.19863117,0.026698684,False,False,False,False,0.102933824,0.5389379,False,False,61097.28823693692,,23,False,False,False,False,False,False,False,False,False,False,False,False,False,False,False,False,False,False,False,False,False,g
1,61097.2867877056,lsst,149.56368933519587,1.794021886403081,170028510512414824,170059308633948236,0,170028510512414824,-1809.4878,125.78206,0,0,0,6709.629,125.076195,True,2026022500329,60,0.0,1.6810649e-05,1.3206617e-05,-2.4676497e-11,3105.254,0.3052132,85.93343,0.23388284,False,-1878.6085,261.37772,False,False,True,14.290784,,1579.4618,1681,-1838.788,1.0790031,149.56368801163137,,1.7940207932162164,,0.9147036,,-53.611744,,,0,False,,,,,,,,0,False,False,False,8571.509,7.8213925,0.2459372,0.19491197,0.028708354,0.2688533,0.18828703,0.035249066,False,False,False,False,0.007220589,0.5163992,False,False,61097.28877384114,,24,False,False,False,False,False,False,False,False,False,False,False,False,False,False,False,False,False,False,False,False,False,g
1,61097.287337721966,lsst,149.56367679476367,1.7940200952274334,170028510512414824,170059308762398806,0,170028510512414824,-1900.6271,122.80364,0,0,0,6675.136,121.801155,True,2026022500330,49,0.0,1.4654911e-05,1.47491555e-05,-5.925836e-11,2691.077,0.29840428,362.68576,0.2253741,False,-2382.338,263.97214,False,False,True,15.333868,,1736.2484,1681,-1959.9861,1.1330138,149.5636784665666,,1.7940192660794791,,1.031775,,-28.978415,,,0,False,,,,,,,,0,False,False,False,8620.978,10.7230215,0.26571733,0.1795139,0.025625756,0.22378515,0.17636846,0.00388588,False,False,False,False,0.061417926,0.57250136,False,False,61097.289258340286,,22,False,False,False,False,False,False,False,False,False,False,False,False,False,False,False,False,False,False,False,False,False,g
1,61097.28827171204,lsst,149.56367537233385,1.7940281086370589,170028510512414824,170059309031358555,0,170028510512414824,-2045.3676,124.91324,0,0,0,6561.0054,123.461044,True,2026022500332,50,0.0,1.4783346e-05,1.3381958e-05,-1.0421097e-10,3083.9365,0.31398106,1143.5254,0.1732871,False,-2352.1572,266.01495,False,False,True,15.925375,,1689.1879,1681,-2177.2148,0.90126985,149.56367707793146,,1.794029386968546,,1.3442177,,-47.32384,,,0,False,,,,,,,,0,False,False,False,8640.806,10.209517,0.31733072,0.1327108,0.009863319,0.22481933,0.17884484,-0.0017801009,False,False,False,False,0.06434993,0.5454077,False,False,61097.29017465683,,23,False,False,False,False,False,False,False,False,False,False,False,False,False,False,False,False,False,False,False,False,False,g
1,61097.28873700199,lsst,149.56366190820793,1.7940310001249362,170028510512414824,170059309165576304,0,170028510512414824,-2057.1362,126.21027,0,0,0,6548.31,125.930595,True,2026022500333,50,0.0,1.5311212e-05,1.3387574e-05,-9.192323e-11,2071.1072,0.31290606,2150.7354,0.1894154,False,-1967.3743,267.64624,False,False,True,16.043543,,1605.4896,1681,-2185.5933,2.1474159,149.56366099159828,,1.7940320740065516,,1.2550969,,-52.883324,,,0,False,,,,,,,,0,False,False,False,8647.983,8.624674,0.31661448,0.16090876,0.0013180217,0.24220076,0.18418582,0.0019228698,False,False,False,False,0.073685974,0.55398965,False,False,61097.2908089368,,24,False,False,False,False,False,False,False,False,False,False,False,False,False,False,False,False,False,False,False,False,False,g
1,61097.28920431656,lsst,149.56366655413348,1.7940506548128101,170028510512414824,170059309299794033,0,170028510512414824,-2017.7054,131.05632,0,0,0,6624.9644,130.10559,True,2026022500334,50,0.0,1.5720603e-05,1.3745446e-05,-6.959776e-11,1241.5162,0.30802357,2988.9858,0.21480826,False,-1915.8546,268.5491,False,False,True,15.298755,,1678.1439,1681,-2037.9834,0.33048066,149.5636631887472,,1.7940518722366199,,0.9827956,,-42.879566,,,0,False,,,,,,,,0,False,False,False,8691.688,7.533039,0.26615715,0.18614751,0.02036616,0.27812618,0.19219272,-0.00026968122,False,False,False,False,0.008572844,0.5188902,False,False,61097.29127687849,,23,False,False,False,False,False,False,False,False,False,False,False,False,False,False,False,False,False,False,False,False,False,g
1,61097.29013922624,lsst,149.56370560393407,1.7940287001538433,170028510512414824,170059309568229477,0,170028510512414824,-2052.7449,129.71785,0,0,0,6615.7393,128.87573,True,2026022500336,50,0.0,1.4797281e-05,1.2379855e-05,-4.748991e-11,882.4796,0.28077465,1226.6829,0.20385264,False,-2197.0078,269.02182,False,False,True,15.613183,,1709.0355,1681,-2014.7045,1.1427563,149.56370334635608,,1.7940266971244492,,0.794889,,-55.31263,,,0,False,,,,,,,,0,False,False,False,8696.445,8.474933,0.23919716,0.18410712,0.0069206753,0.26705974,0.18521293,0.0061874306,False,False,False,False,0.022891713,0.5572794,False,False,61097.2921654353,,24,False,False,False,False,False,False,False,False,False,False,False,False,False,False,False,False,False,False,False,False,False,g
1,61097.29060961295,lsst,149.56369285171152,1.7940140707289716,170028510512414824,170059309704020052,0,170028510512414824,-2003.832,130.37984,0,0,0,6664.724,129.70207,True,2026022500337,53,0.0,1.541225e-05,1.2019277e-05,-5.4071254e-11,1406.2825,0.2911977,1043.3796,0.19673772,False,-1849.0552,267.29095,False,False,True,15.153929,,1704.3043,1681,-2081.544,0.36793658,149.5636912150644,,1.7940118832929508,,1.2352226,,-35.957287,,,0,False,,,,,,,,0,False,False,False,8690.451,7.6952224,0.24927017,0.16984971,0.065755494,0.26329082,0.19531867,0.0064551337,False,False,False,False,0.041531477,0.53800946,False,False,61097.2925994782,,24,False,False,False,False,False,False,False,False,False,False,False,False,False,False,False,False,False,False,False,False,False,g
1,61097.29107946474,lsst,149.56368242731457,1.7940220745023232,170028510512414824,170059309836664934,0,170028510512414824,-2023.7102,127.89168,0,0,0,6662.4897,126.75699,True,2026022500338,50,0.0,1.4963655e-05,1.2850013e-05,-2.7803943e-11,2493.6665,0.27564207,2160.577,0.22329499,False,-2031.0166,269.2633,False,False,True,15.48452,,1651.9646,1681,-2093.3843,0.4217627,149.56368152872994,,1.7940207710731253,,1.1310221,,-34.22544,,,0,False,,,,,,,,0,False,False,False,8698.903,9.632102,0.27385187,0.22893095,0.05643824,0.24149123,0.17614114,0.022446267,False,False,False,False,0.19481146,0.5177925,False,False,61097.292977948615,,22,False,False,False,False,False,False,False,False,False,False,False,False,False,False,False,False,False,False,False,False,False,g
1,61097.291547081804,lsst,149.56368752858432,1.7940455358745142,170028510512414824,170059309972455524,0,170028510512414824,-1799.3629,131.78741,0,0,0,6941.2676,131.16519,True,2026022500339,53,0.0,1.6710868e-05,1.2965183e-05,-4.233802e-11,1577.473,0.3080561,927.7386,0.22304548,False,-1449.0898,269.22052,False,False,True,13.552979,,1603.119,1681,-1798.2555,7.1375923,149.5636898083272,,1.794044985050708,,0.9645654,,-46.58856,,,0,False,,,,,,,,0,False,False,False,8760.748,8.234986,0.20768078,0.15024237,0.033740487,0.26566517,0.19378503,0.018033523,False,False,False,False,0.24413441,0.5175556,False,False,61097.29352214518,,22,False,False,False,False,False,False,False,False,False,False,False,False,False,False,False,False,False,False,False,False,False,g
2,61097.30613740001,lsst,149.56368939853868,1.793991773602353,170028510512414824,170059313325801648,0,170028510512414824,-1823.0582,173.78531,0,0,0,6361.4443,171.27902,True,2026022500364,49,0.0,2.0651358e-05,2.0612402e-05,-1.1272693e-10,3144.0352,0.41725376,2550.573,0.3183378,False,-2223.0525,405.62347,False,False,True,10.40843,,1695.4126,1681,-1929.6952,1.9843087,149.56368507528882,,1.7939912608861734,,1.1922542,,-79.692795,,,0,False,,,,,,,,0,False,False,False,8190.6226,12.31381,0.245639,0.19548991,-0.065327875,0.21226278,0.1766026,0.010668225,False,False,False,False,0.08395766,0.50955635,False,False,61097.30813196728,,19,False,False,False,False,False,False,False,False,False,False,False,False,False,False,False,False,False,False,False,False,False,r
2,61097.30754100163,lsst,149.56365911566323,1.7940589273576832,170028510512414824,170059313730027643,0,170028510512414824,-1948.7274,170.6347,0,0,0,6516.354,170.90508,True,2026022500367,52,0.0,1.9266105e-05,2.0309975e-05,6.250548e-11,3741.4634,0.32464322,530.82855,0.38488975,False,-2121.0076,404.07712,False,False,True,11.272288,,1651.0974,1681,-1872.0063,1.2250451,149.5636596559523,,1.7940539388703447,,0.58389693,,-91.69868,,,0,False,,,,,,,,0,False,False,False,8499.427,13.9654255,0.22752194,0.21997215,-0.014271024,0.18721321,0.1847645,-0.002018387,False,False,False,False,0.1741398,0.53678226,False,False,61097.309343518966,,20,False,False,False,False,False,False,False,False,False,False,False,False,False,False,False,False,False,False,False,False,False,r
2,61097.31525257744,lsst,149.56367116081722,1.7940655351106545,170028510512414824,170059315875414147,0,170028510512414824,-1783.2684,185.0917,0,0,0,6732.541,184.77959,True,2026022500383,48,0.0,2.102393e-05,2.1438655e-05,-1.2536428e-11,1493.4554,0.3882662,2183.1975,0.3754791,False,-1472.616,415.34027,False,False,True,9.5884695,,1680.2588,1681,-1766.5289,7.023006,149.5636827905539,,1.794060397938323,,0.8231609,,49.883442,,,0,False,,,,,,,,0,False,False,False,8572.257,11.207284,0.10782057,0.16529796,0.014228942,0.24060525,0.20642333,-0.010836826,False,False,False,False,0.5702708,0.5296565,False,False,61097.317189652014,,20,False,False,False,False,False,False,False,False,False,False,False,False,False,False,False,False,False,False,False,False,False,r
2,61098.272696955464,lsst,149.5636850467117,1.7940298273286284,170028510512414824,170063723612864666,0,170028510512414824,-1664.0627,148.40927,0,0,0,6773.3027,146.7022,True,2026022600455,100,0.0,1.5407411e-05,1.9140552e-05,3.0143006e-12,1345.6515,0.27720702,295.6547,0.3443669,False,-1703.8337,410.0241,False,False,True,10.988773,,1704.955,1681,-1823.5396,2.5694613,149.5636799917757,,1.794024027987541,,1.1673574,,-25.922039,,,0,False,,,,,,,,0,False,False,False,8476.216,40.006554,0.11507364,0.19761248,0.05818762,0.12316144,0.1233329,0.02181882,False,False,False,False,0.19907537,0.52119815,False,False,61098.27432444779,,16,False,False,False,False,False,False,False,False,False,False,False,False,False,False,False,False,False,False,False,False,False,r
1,61151.03535470987,lsst,149.56372096865834,1.7940198562791174,170028510512414824,170296773092311176,0,170028510512414824,-1719.5967,120.43487,0,0,0,6700.4434,118.72799,True,2026042000105,82,0.0,1.3322497e-05,1.2916662e-05,-2.4453082e-11,345.32288,0.21824582,1249.5852,0.2525643,False,-1617.098,263.03116,False,False,True,14.212233,,1593.686,1681,-1654.7913,2.5801861,149.56372211316975,,1.7940160828194123,,0.8148657,,102.01093,,,0,False,,,,,,,,0,False,False,False,8477.497,17.06348,0.15155135,0.18784325,0.024605814,0.18241824,0.17087255,-0.013203781,False,False,False,False,0.0068007307,0.5170905,False,False,61151.03674986618,,20,False,False,False,False,False,False,False,False,False,False,False,False,False,False,False,False,False,False,False,False,False,g
1,61151.0358199796,lsst,149.56373592616893,1.7940057746394371,170028510512414824,170296773226528902,0,170028510512414824,-1614.6276,114.218636,0,0,0,6540.6895,112.17631,True,2026042000106,82,0.0,1.1576364e-05,1.1511422e-05,-2.3942744e-12,664.9382,0.20573804,1169.1766,0.20957524,False,-1040.7585,262.7153,False,False,True,14.007422,,1572.7456,1681,-1489.7216,2.9131343,149.56373427521837,,1.7940062338313933,,0.5633078,,-28.169743,,,0,False,,,,,,,,0,False,False,False,8179.8203,17.95696,0.11746981,0.13479127,-0.01111616,0.16002023,0.15400773,-0.014204566,False,False,False,False,0.14073779,0.51606065,False,False,61151.03731506028,,19,False,False,False,False,False,False,False,False,False,False,False,False,False,False,False,False,False,False,False,False,False,g
1,61172.98833012811,lsst,149.5636968377347,1.7939984600036007,170028510512414824,170393533873651834,0,170028510512414824,-1589.8158,115.038445,0,0,0,6810.417,114.19843,True,2026051200133,82,0.0,1.4466905e-05,1.5229576e-05,4.0017465e-11,1608.5112,0.291346,804.55634,0.24066918,False,-1292.6836,247.60777,False,False,True,13.544163,,1712.0087,1681,-1555.9987,0.6391588,149.56369633323413,,1.794003428457298,,0.90070426,,9.000914,,,0,False,,,,,,,,0,False,False,False,8420.38,16.57497,0.21338148,0.17158192,-0.031315494,0.17483674,0.16197476,-1.5311369e-05,False,False,False,False,0.08236163,0.505079,False,False,61172.989751410176,,20,False,False,False,False,False,False,False,False,False,False,False,False,False,False,False,False,False,False,False,False,False,g
1,61178.98368309262,lsst,149.56372287163572,1.794005186928968,170028510512414824,170419911806419083,0,170028510512414824,-1408.5297,105.294716,0,0,0,6760.5425,104.16714,True,2026051800056,60,0.0,1.2188686e-05,1.2339009e-05,4.1222676e-12,380.3718,0.21726584,518.4633,0.22391738,False,-1116.0073,251.09618,False,False,True,13.433765,,1712.5297,1681,-1368.6349,2.1020257,149.56372446385427,,1.7940016567757167,,0.7105438,,-81.14429,,,0,False,,,,,,,,0,False,False,False,8192.569,27.66519,0.14258385,0.11197486,-0.017540583,0.12982985,0.12847169,0.021426313,False,False,False,False,0.0006768587,0.52565575,False,False,61178.98521419839,,16,False,False,False,False,False,False,False,False,False,False,False,False,False,False,False,False,False,False,False,False,False,g
