band,mjd,survey_id,ra,dec,oid,measurement_id,parentDiaSourceId,diaObjectId,psfFlux,psfFluxErr,psfFlux_flag,psfFlux_flag_edge,psfFlux_flag_noGoodPixels,scienceFlux,scienceFluxErr,has_stamp,visit,detector,ssObjectId,raErr,decErr,ra_dec_Cov,x,xErr,y,yErr,centroid_flag,apFlux,apFluxErr,apFlux_flag,apFlux_flag_apertureTruncated,isNegative,snr,psfLnL,psfChi2,psfNdata,trailFlux,trailFluxErr,trailRa,trailRaErr,trailDec,trailDecErr,trailLength,trailLengthErr,trailAngle,trailAngleErr,trailChi2,trailNdata,trail_flag_edge,dipoleMeanFlux,dipoleMeanFluxErr,dipoleFluxDiff,dipoleFluxDiffErr,dipoleLength,dipoleAngle,dipoleChi2,dipoleNdata,forced_PsfFlux_flag,forced_PsfFlux_flag_edge,forced_PsfFlux_flag_noGoodPixels,templateFlux,templateFluxErr,ixx,iyy,ixy,ixxPSF,iyyPSF,ixyPSF,shape_flag,shape_flag_no_pixels,shape_flag_not_contained,shape_flag_parent_source,extendedness,reliability,isDipole,dipoleFitAttempted,timeProcessedMjdTai,timeWithdrawnMjdTai,bboxSize,pixelFlags,pixelFlags_bad,pixelFlags_cr,pixelFlags_crCenter,pixelFlags_edge,pixelFlags_nodata,pixelFlags_nodataCenter,pixelFlags_interpolated,pixelFlags_interpolatedCenter,pixelFlags_offimage,pixelFlags_saturated,pixelFlags_saturatedCenter,pixelFlags_suspect,pixelFlags_suspectCenter,pixelFlags_streak,pixelFlags_streakCenter,pixelFlags_injected,pixelFlags_injectedCenter,pixelFlags_injected_template,pixelFlags_injected_templateCenter,glint_trail,band_name
2,61090.34019544802,lsst,151.46901151280719,2.773511189769627,170028539284291661,170028539284291661,0,170028539284291661,-1998.1698,295.8044,0,0,0,8250.037,301.469,False,2026021800455,183,,3.8506092e-05,4.167585e-05,-8.5648544e-11,1855.9233,0.75578046,1008.5323,0.68782085,False,-1643.1652,479.121,False,False,True,6.7676926,,1575.2782,1681,-2075.4663,5.675961,151.4690063681596,,2.773523600326921,,1.6356192,,39.585365,,,0,False,,,,,,,,0,False,False,False,10416.687,7.1244035,0.19289018,0.30523,0.1370526,0.4974364,0.47045118,-0.022275964,False,False,False,False,0.9423595,0.15922573,False,False,61090.34197260131,,24,False,False,False,False,False,False,False,False,False,False,False,False,False,False,False,False,False,False,False,False,False,r
3,61091.28458085817,lsst,151.46903293503522,2.7733746664143824,170028539284291661,170032928331399256,0,170028539284291661,-5005.61,386.16907,0,0,0,9441.369,387.7877,True,2026021900388,170,0.0,1.5569181e-05,1.5986801e-05,3.3729304e-11,506.97443,0.26387328,740.60583,0.30373254,False,-2974.2356,907.377,False,False,True,12.620561,,1656.7355,1681,-4932.215,10.126878,151.46902409978748,,2.7733724674368543,,0.7842278,,-136.94774,,,0,False,,,,,,,,0,False,False,False,14448.164,18.154362,0.17932318,0.23421983,-0.0032202003,0.19504268,0.2267165,0.0041060895,False,False,False,False,0.0020048704,0.5228602,False,False,61091.28619922379,,22,False,False,False,False,False,False,False,False,False,False,False,False,False,False,False,False,False,False,False,False,False,i
3,61091.28504779168,lsst,151.46898718850932,2.7733460456827874,170028539284291661,170032928461946977,0,170028539284291661,-5471.529,603.61896,0,0,0,8847.978,619.4952,True,2026021900389,163,0.0,2.5892521e-05,2.4557767e-05,-1.196602e-10,678.46216,0.49685252,3503.1797,0.40804213,False,-4243.6606,1402.742,False,False,True,9.064636,,1665.1924,1681,-6026.2554,3.3584495,151.46899747130024,,2.7733437451371574,,1.5347353,,-20.565952,,,0,False,,,,,,,,0,False,False,False,14748.413,15.18832,0.32383734,0.21980019,0.11160393,0.20727074,0.24029298,0.009866758,False,False,False,False,0.22763407,0.35234547,False,False,61091.28657286853,,20,False,False,False,False,False,False,False,False,False,False,False,False,False,False,False,False,False,False,False,False,False,i
1,61094.17487627909,lsst,151.4691325119732,2.773420316437014,170028539284291661,170046102061449334,0,170028539284291661,-636.9425,123.01737,0,0,0,6516.995,119.36491,True,2026022200236,154,0.0,3.4435463e-05,3.3879372e-05,5.707134e-11,773.25684,0.6312108,149.6806,0.598732,False,-112.56068,243.61118,False,False,True,5.182612,,1760.8859,1681,-636.5869,5.638715,151.46912858305726,,2.7734043219603284,,0.78264683,,3.8348806,,,0,False,,,,,,,,0,False,False,False,7164.2715,8.12084,0.15950157,0.17068422,-0.027492162,0.30661404,0.21527052,-0.016697349,False,False,False,False,0.58566463,0.17250317,False,False,61094.17697576522,,14,False,False,False,False,False,False,False,False,False,False,False,False,False,False,False,False,False,False,False,False,False,g
2,61094.18973357497,lsst,151.46905949722426,2.7734507398834003,170028539284291661,170046105431048290,0,170028539284291661,831.7506,155.63324,0,0,0,10118.062,152.5346,True,2026022200261,181,0.0,1.8395753e-05,2.7655422e-05,1.603512e-10,2777.4038,0.51515543,3097.1763,0.30412567,False,703.7717,362.07404,False,False,False,5.013306,,1780.9304,1681,,,,,,,,,,,,0,False,,,,,,,,0,False,False,False,9226.167,29.669056,,,,0.17719597,0.14948303,0.008870173,True,False,False,False,,0.3495646,False,False,61094.191551016054,,12,False,False,False,False,False,False,False,False,False,False,False,False,False,False,False,False,False,False,False,False,False,r
2,61094.26523756652,lsst,151.4690129538094,2.77335214065285,170028539284291661,170046118422904953,0,170028539284291661,-3817.2185,170.02864,0,0,0,8440.406,165.1303,True,2026022200358,129,0.0,9.993543e-06,1.0458559e-05,2.5588776e-12,3203.9155,0.17930797,378.37656,0.18877177,False,-3833.055,356.32895,False,False,True,22.211393,,1700.5967,1681,-3792.9355,0.093388915,151.46901429326994,,2.7733553632763757,,0.8196807,,-21.95387,,,0,False,,,,,,,,0,False,False,False,12326.984,14.418012,0.24946289,0.26674393,0.028629066,0.23716943,0.25167122,0.033351474,False,False,False,False,0.018964892,0.6990399,False,False,61094.26700272705,,25,False,False,False,False,False,False,False,False,False,False,False,False,False,False,False,False,False,False,False,False,False,r
4,61094.27258301657,lsst,151.46903643902945,2.773343718111933,170028539284291661,170046119120732355,0,170028539284291661,-4496.44,393.05753,0,0,0,11349.611,383.97113,True,2026022200363,180,0.0,1.528032e-05,2.0538855e-05,-1.9178374e-12,3110.7878,0.36981913,2633.9683,0.27535036,False,-6494.833,964.6316,False,False,True,11.060472,,1711.354,1681,-5028.5693,1.6801351,151.4690280371638,,2.773340308751055,,1.4988365,,8.206397,,,0,False,,,,,,,,0,False,False,False,15824.865,46.26346,0.39785472,0.17905647,0.034348056,0.2408919,0.15582053,-0.0004833423,False,False,False,False,0.64107084,0.745713,False,False,61094.274238373895,,20,False,False,False,False,False,False,False,False,False,False,False,False,False,False,False,False,False,False,False,False,False,z
1,61096.215109506855,lsst,151.46902227379053,2.773356316876251,170028539284291661,170054965815935118,0,170028539284291661,-1667.9204,130.60779,0,0,0,6826.0664,129.27753,True,2026022400740,184,0.0,1.738702e-05,1.5285148e-05,4.910568e-12,1690.802,0.2750348,3531.1487,0.31370392,False,-1502.2242,294.63968,False,False,True,12.735813,,1590.4878,1681,-1798.1343,1.2024962,151.46901239861253,,2.7733473194601554,,1.1076387,,60.349487,,,0,False,,,,,,,,0,False,False,False,8551.486,28.862799,0.18724148,0.2621353,0.045376584,0.18888475,0.18262528,0.009779873,False,False,False,False,0.18490386,0.5171041,False,False,61096.21678860067,,20,False,False,False,False,False,False,False,False,False,False,False,False,False,False,False,False,False,False,False,False,False,g
4,61096.22157286631,lsst,151.46900411746662,2.773349661306333,170028539284291661,170054967281844380,0,170028539284291661,-5068.0337,357.4162,0,0,0,10760.0625,345.95047,True,2026022400751,164,0.0,1.0520883e-05,1.0859445e-05,-1.5034087e-11,1020.4152,0.2051165,2186.2588,0.17917088,False,-4923.0645,1000.2924,False,False,True,13.752139,,1646.7218,1681,-5020.687,2.7855058,151.46900073846356,,2.7733532618202066,,0.8514951,,-12.533572,,,0,False,,,,,,,,0,False,False,False,15820.693,134.4506,0.14952941,0.10626544,0.027465716,0.13654372,0.14626174,0.023250137,False,False,False,False,0.031779945,0.7473908,False,False,61096.22333533156,,16,False,False,False,False,False,False,False,False,False,False,False,False,False,False,False,False,False,False,False,False,False,z
4,61096.222503448414,lsst,151.4690145600863,2.7733469348446205,170028539284291661,170054967550279853,0,170028539284291661,-5132.3296,338.31897,0,0,0,10798.851,326.5827,True,2026022400753,164,0.0,8.7608105e-06,8.771484e-06,-9.545593e-13,203.02336,0.15881836,1777.5486,0.15698367,False,-3620.2278,1003.46814,False,False,True,14.734388,,1818.5206,1681,-5033.4834,10.247113,151.46901467622968,,2.7733428330771606,,0.8108472,,4.532071,,,0,False,,,,,,,,0,False,False,False,15978.908,126.001625,0.08627207,0.09542087,0.032743886,0.122583695,0.1223648,0.016688423,False,False,False,False,0.18493207,0.7031647,False,False,61096.22421446811,,16,False,False,False,False,False,False,False,False,False,False,False,False,False,False,False,False,False,False,False,False,False,z
4,61096.22297164959,lsst,151.46900517316,2.7733467464265096,170028539284291661,170054967685021884,0,170028539284291661,-4641.8374,356.70862,0,0,0,11097.475,348.18408,True,2026022400754,165,0.0,1.5874524e-05,1.538328e-05,-8.709311e-11,1944.4854,0.3282331,1930.1995,0.225925,False,-4655.2295,1010.28625,False,False,True,13.011087,,1761.1921,1681,-4986.7764,13.004343,151.46900983480128,,2.7733388621041013,,1.0211198,,-1.2473754,,,0,False,,,,,,,,0,False,False,False,15682.922,94.549164,0.1433927,0.14868234,0.05222843,0.12256741,0.15935326,-0.0086033875,False,False,False,False,0.0045760083,0.6004789,False,False,61096.22465686095,,15,False,False,False,False,False,False,False,False,False,False,False,False,False,False,False,False,False,False,False,False,False,z
4,61096.22501853051,lsst,151.46899678182547,2.7733373824917553,170028539284291661,170054968230281383,0,170028539284291661,-5496.963,352.00638,0,0,0,10290.192,343.11368,True,2026022400758,181,0.0,9.309393e-06,1.5142314e-05,1.12684315e-11,3919.154,0.27330315,2700.1072,0.16694635,False,-5354.576,1009.6461,False,False,True,15.967386,,1651.4944,1681,-5849.449,12.617295,151.46900103524112,,2.7733361636445357,,0.7592438,,-10.738421,,,0,False,,,,,,,,0,False,False,False,15759.178,92.8518,0.14683956,0.10023406,-0.013775916,0.19622427,0.12229125,-0.0016922157,False,False,False,False,0.18187729,0.81067365,False,False,61096.22664182224,,18,False,False,False,False,False,False,False,False,False,False,False,False,False,False,False,False,False,False,False,False,False,z
4,61096.22595019463,lsst,151.4690051058285,2.773346085812693,170028539284291661,170054968494522562,0,170028539284291661,-4881.6123,357.21326,0,0,0,10666.084,343.4493,True,2026022400760,173,0.0,1.1691206e-05,1.5487714e-05,-2.3338905e-12,2878.741,0.27880955,735.7821,0.2105812,False,-5002.5767,1016.7153,False,False,True,13.705442,,1692.5791,1681,-5110.4985,10.264514,151.46900814460778,,2.773345409126599,,0.8065822,,26.444557,,,0,False,,,,,,,,0,False,False,False,15612.171,119.840775,0.15155952,0.11672249,0.02527884,0.16727534,0.1319253,0.030064927,False,False,False,False,0.03918404,0.682206,False,False,61096.22761553957,,18,False,False,False,False,False,False,False,False,False,False,False,False,False,False,False,False,False,False,False,False,False,z
4,61096.22828304482,lsst,151.46900737799842,2.7733380601808517,170028539284291661,170054969165086878,0,170028539284291661,-5549.4316,347.94376,0,0,0,10248.725,337.84726,True,2026022400765,172,0.0,1.2892819e-05,1.183549e-05,8.318943e-12,848.4475,0.21118489,2261.4905,0.23401599,False,-6625.0254,997.41504,False,False,True,15.732527,,1730.4568,1681,-5454.559,0.9138376,151.46900586128575,,2.7733381964919577,,0.7306229,,-28.769741,,,0,False,,,,,,,,0,False,False,False,15843.902,124.94829,0.16257007,0.11819959,-0.010414134,0.13594508,0.1198373,0.008482264,False,False,False,False,0.030084087,0.7722282,False,False,61096.22998754775,,16,False,False,False,False,False,False,False,False,False,False,False,False,False,False,False,False,False,False,False,False,False,z
4,61096.22921741908,lsst,151.4690058695645,2.7733355028621305,170028539284291661,170054969436143778,0,170028539284291661,-6339.5894,386.1453,0,0,0,9341.157,376.69727,True,2026022400767,177,0.0,1.1133813e-05,1.1244488e-05,-1.1731709e-12,2600.097,0.20290089,2828.2983,0.20057549,False,-5969.528,1026.4209,False,False,True,16.491526,,1739.8041,1681,-6221.4546,0.1400326,151.46899449389184,,2.7733279967497193,,0.6036117,,44.112602,,,0,False,,,,,,,,0,False,False,False,15685.996,98.480835,0.1724819,0.19444868,0.011582787,0.1609164,0.17673086,0.0019293928,False,False,False,False,0.03135028,0.86328363,False,False,61096.23083436479,,19,False,False,False,False,False,False,False,False,False,False,False,False,False,False,False,False,False,False,False,False,False,z
4,61096.22968516247,lsst,151.46902524225132,2.7733390200427057,170028539284291661,170054969567215812,0,170028539284291661,-6336.6445,366.26318,0,0,0,9394.497,356.5537,True,2026022400768,171,0.0,1.0213281e-05,1.0642697e-05,-5.429938e-12,3370.688,0.19373366,3966.2168,0.18181688,False,-5789.379,999.59534,False,False,True,17.345308,,1716.4979,1681,-6021.751,2.5135064,151.46902505219782,,2.7733445403681114,,0.36122984,,52.85902,,,0,False,,,,,,,,0,False,False,False,15748.322,100.31574,0.13779397,0.14799692,0.0022188735,0.16108888,0.14376912,0.0141218295,False,False,False,False,0.014817143,0.8158824,False,False,61096.23132934922,,19,False,False,False,False,False,False,False,False,False,False,False,False,False,False,False,False,False,False,False,False,False,z
4,61096.230147865615,lsst,151.46902184202068,2.773341403884811,170028539284291661,170054969700909221,0,170028539284291661,-5971.724,389.44003,0,0,0,9863.988,382.0195,True,2026022400769,170,0.0,1.1567104e-05,1.0393558e-05,2.0140696e-11,2731.8533,0.17740262,1852.4202,0.21717986,False,-4018.869,1027.345,False,False,True,15.12609,,1781.7771,1681,-5939.136,11.0376215,151.46902104644192,,2.773335093119585,,0.7847801,,41.833622,,,0,False,,,,,,,,0,False,False,False,15846.028,93.94065,0.108685486,0.15360689,0.018256482,0.14991301,0.19397317,0.027591316,False,False,False,False,0.21556646,0.7496655,False,False,61096.23183743394,,19,False,False,False,False,False,False,False,False,False,False,False,False,False,False,False,False,False,False,False,False,False,z
4,61096.23070084871,lsst,151.46900510413153,2.773342663731293,170028539284291661,170054969842991261,0,170028539284291661,-6611.1875,387.579,0,0,0,9151.726,378.27655,True,2026022400770,185,0.0,9.270674e-06,1.39846525e-05,1.43323894e-11,2766.486,0.2532295,400.32462,0.16538621,False,-6469.4907,1028.4315,False,False,True,16.81423,,1584.9053,1681,-6766.026,16.178198,151.46901008007228,,2.7733330866628285,,0.73837,,7.016406,,,0,False,,,,,,,,0,False,False,False,15768.415,114.755875,0.17742756,0.12766804,-0.0003434645,0.21139938,0.15729874,-0.00032653837,False,False,False,False,0.12853757,0.85281795,False,False,61096.23237533218,,19,False,False,False,False,False,False,False,False,False,False,False,False,False,False,False,False,False,False,False,False,False,z
4,61096.231605078545,lsst,151.4689946396736,2.77333503262101,170028539284291661,170054970110902397,0,170028539284291661,-6229.1304,390.23972,0,0,0,9401.541,376.7385,True,2026022400772,184,0.0,1.1814663e-05,1.4541026e-05,1.6952454e-12,352.51422,0.2619662,2906.7346,0.21308161,False,-6248.612,1040.1849,False,False,True,15.89162,,1718.4001,1681,-6462.8955,0.3451938,151.46899629816505,,2.7733352266260773,,0.7931134,,-6.230768,,,0,False,,,,,,,,0,False,False,False,15699.774,97.26236,0.17518002,0.11882606,-0.007815993,0.19057226,0.15917958,0.0038835027,False,False,False,False,0.10540527,0.85476667,False,False,61096.23330867184,,19,False,False,False,False,False,False,False,False,False,False,False,False,False,False,False,False,False,False,False,False,False,z
2,61096.233483242395,lsst,151.46903655188882,2.7733532762243978,170028539284291661,170054970244071564,0,170028539284291661,-4151.873,166.16136,0,0,0,7680.163,162.50305,True,2026022400773,182,0.0,9.618469e-06,1.0008552e-05,1.7504662e-12,2853.8464,0.18063343,188.39725,0.1729357,False,-4479.3643,417.3446,False,False,True,25.224937,,1622.4323,1681,-4141.7114,2.4502485,151.46903259226096,,2.773352379027666,,0.4406282,,27.470966,,,0,False,,,,,,,,0,False,False,False,11888.911,24.621279,0.20352367,0.18891087,0.003923946,0.19619203,0.14760159,-0.014204488,False,False,False,False,0.08256034,0.780522,False,False,61096.23509595163,,22,False,False,False,False,False,False,False,False,False,False,False,False,False,False,False,False,False,False,False,False,False,r
2,61096.23395103241,lsst,151.46900899343765,2.773340938517753,170028539284291661,170054970377765024,0,170028539284291661,-4064.6086,158.9612,0,0,0,7991.548,155.72601,True,2026022400774,181,0.0,8.172227e-06,8.95856e-06,2.4573492e-12,3117.3132,0.16175625,2160.0317,0.14677228,False,-3848.1448,394.657,False,False,True,25.890696,,1711.8774,1681,-4081.7021,0.16461961,151.46900627864824,,2.7733373004876154,,0.54900324,,7.3387394,,,0,False,,,,,,,,0,False,False,False,12125.281,33.317707,0.18548907,0.15938893,-0.001399022,0.18878354,0.1502327,-0.0021151816,False,False,False,False,0.001267928,0.78181815,False,False,61096.23556942886,,21,False,False,False,False,False,False,False,False,False,False,False,False,False,False,False,False,False,False,False,False,False,r
2,61096.23441988666,lsst,151.4690336357121,2.7733416776356195,170028539284291661,170054970495729803,0,170028539284291661,-4039.2075,159.65372,0,0,0,8013.4487,154.6207,True,2026022400775,150,0.0,7.507211e-06,7.646674e-06,2.3974862e-13,1611.8796,0.1376425,3960.4956,0.13516147,False,-3964.498,386.00842,False,False,True,24.756283,,1699.6908,1681,-3979.498,0.1349311,151.4690334143566,,2.7733414459587986,,0.5176259,,-38.54516,,,0,False,,,,,,,,0,False,False,False,12081.622,42.775547,0.18749726,0.18845262,-0.011562318,0.21043776,0.16118088,-0.004513053,False,False,False,False,0.0006309747,0.74071825,False,False,61096.236125409414,,22,False,False,False,False,False,False,False,False,False,False,False,False,False,False,False,False,False,False,False,False,False,r
2,61096.23488197522,lsst,151.46900352811846,2.773342383140889,170028539284291661,170054970647773307,0,170028539284291661,-4407.2285,171.67822,0,0,0,7689.9883,168.40372,True,2026022400776,184,0.0,7.484607e-06,7.839379e-06,3.1413923e-13,2735.898,0.1412174,1848.9921,0.13493045,False,-4599.5625,403.7393,False,False,True,25.510977,,1757.5939,1681,-4513.7686,0.35236433,151.46900516123327,,2.773340574455697,,0.6351223,,6.5797267,,,0,False,,,,,,,,0,False,False,False,12141.056,45.924282,0.23267531,0.19754285,0.001407779,0.23800424,0.17593846,0.0056763086,False,False,False,False,0.00798556,0.79946536,False,False,61096.23673993717,,23,False,False,False,False,False,False,False,False,False,False,False,False,False,False,False,False,False,False,False,False,False,r
2,61096.23535018552,lsst,151.46902653105988,2.7733288343771143,170028539284291661,170054970781466780,0,170028539284291661,-4069.895,173.3283,0,0,0,8016.786,168.9806,True,2026022400777,183,0.0,8.244592e-06,1.0001464e-05,6.3162913e-13,2785.4941,0.18009251,2508.1719,0.14863694,False,-4196.813,413.2237,False,False,True,23.223278,,1832.3391,1681,-4089.0764,1.0532005,151.4690221991046,,2.77333324290378,,0.6975181,,-21.359411,,,0,False,,,,,,,,0,False,False,False,12087.34,49.288467,0.20780374,0.1774307,-0.01537703,0.19891517,0.17357919,0.011213757,False,False,False,False,0.0054426203,0.77077997,False,False,61096.236954938446,,21,False,False,False,False,False,False,False,False,False,False,False,False,False,False,False,False,False,False,False,False,False,r
2,61096.23581645146,lsst,151.46901256457463,2.7733326850164786,170028539284291661,170054970912014473,0,170028539284291661,-4124.4375,169.69856,0,0,0,7978.2207,164.99255,True,2026022400778,176,0.0,8.424984e-06,9.955546e-06,-8.136964e-13,1980.6552,0.17920434,100.97508,0.15180543,False,-4512.127,407.39706,False,False,True,24.00275,,1788.5848,1681,-4311.0044,0.4320667,151.46901363145247,,2.7733313428003985,,0.9200608,,-18.863493,,,0,False,,,,,,,,0,False,False,False,12166.532,48.867645,0.2663778,0.20273823,-0.02197336,0.20643699,0.16832489,-0.0032068253,False,False,False,False,0.25715786,0.7731612,False,False,61096.23750353606,,22,False,False,False,False,False,False,False,False,False,False,False,False,False,False,False,False,False,False,False,False,False,r
2,61096.23628102642,lsst,151.46903909733575,2.773341327659931,170028539284291661,170054971047805062,0,170028539284291661,-3753.4785,174.02718,0,0,0,8256.079,171.63364,True,2026022400779,179,0.0,9.165098e-06,9.974628e-06,-1.3708303e-12,3800.0288,0.17971021,527.12006,0.16519988,False,-3536.809,407.84332,False,False,True,21.6581,,1705.4954,1681,-3804.0654,6.928258,151.46903547937018,,2.7733354528592153,,0.7689665,,44.432526,,,0,False,,,,,,,,0,False,False,False,12039.765,35.455173,0.16756156,0.17541419,0.026610948,0.21319705,0.17609356,0.020868393,False,False,False,False,0.06671493,0.7473398,False,False,61096.23794010283,,23,False,False,False,False,False,False,False,False,False,False,False,False,False,False,False,False,False,False,False,False,False,r
2,61096.23767949536,lsst,151.46902147075957,2.7733242547419703,170028539284291661,170054971449934048,0,170028539284291661,-3862.93,187.37671,0,0,0,8170.587,184.0362,True,2026022400782,178,0.0,9.688165e-06,1.2707899e-05,-1.7555643e-11,3106.7573,0.2318419,3015.9683,0.17079608,False,-4347.921,417.72006,False,False,True,20.561356,,1754.2501,1681,-4110.2783,3.5895894,151.46901250157208,,2.773320534949028,,1.1545305,,9.092032,,,0,False,,,,,,,,0,False,False,False,12107.612,31.978163,0.29033723,0.20108242,0.04567779,0.23185563,0.21157973,0.03758052,False,False,False,False,0.06302163,0.73377436,False,False,61096.23964643007,,26,False,False,False,False,False,False,False,False,False,False,False,False,False,False,False,False,False,False,False,False,False,r
2,61096.238610585104,lsst,151.4690146014788,2.7733400864064697,170028539284291661,170054971717845134,0,170028539284291661,-3805.708,173.97725,0,0,0,8222.174,170.6875,True,2026022400784,177,0.0,1.1597019e-05,1.0721562e-05,8.100044e-12,3097.8276,0.19057359,2682.647,0.21152759,False,-3926.629,412.03915,False,False,True,22.08487,,1777.9243,1681,-3795.832,0.7190184,151.46901248665802,,2.773340897009837,,0.48640913,,-65.26946,,,0,False,,,,,,,,0,False,False,False,12080.61,35.418785,0.22115101,0.22158097,-0.0101243025,0.19342121,0.1929485,0.036665693,False,False,False,False,0.09792657,0.77887815,False,False,61096.240240166444,,22,False,False,False,False,False,False,False,False,False,False,False,False,False,False,False,False,False,False,False,False,False,r
2,61096.23914658364,lsst,151.46902747077277,2.773345856041106,170028539284291661,170054971852062843,0,170028539284291661,-4148.675,168.06662,0,0,0,8016.3853,164.60147,True,2026022400785,177,0.0,7.309015e-06,7.51161e-06,-9.609757e-12,287.71228,0.14477225,1405.7638,0.12127917,False,-4539.9624,408.07782,False,False,True,24.20004,,1606.0748,1681,-4022.3066,0.20272234,151.4690165661835,,2.7733435053448634,,0.7770921,,-97.95517,,,0,False,,,,,,,,0,False,False,False,12154.485,44.134613,0.17581046,0.19857186,-0.024828913,0.16396955,0.16791546,0.014996874,False,False,False,False,0.06591934,0.78191924,False,False,61096.24093622033,,22,False,False,False,False,False,False,False,False,False,False,False,False,False,False,False,False,False,False,False,False,False,r
2,61096.24007967625,lsst,151.4690106606451,2.7733332057312494,170028539284291661,170054972114731132,0,170028539284291661,-3811.863,166.99084,0,0,0,8339.831,164.5328,True,2026022400787,166,0.0,8.873151e-06,8.740438e-06,-2.2536575e-11,2478.9617,0.18019609,2354.9124,0.13372566,False,-3470.5415,406.15466,False,False,True,22.953278,,1729.5255,1681,-3868.9211,2.4592535,151.4690056861426,,2.7733392641613412,,0.9129004,,-35.64147,,,0,False,,,,,,,,0,False,False,False,12210.485,40.61488,0.2056759,0.13256338,0.014713158,0.14358078,0.16270903,0.009977385,False,False,False,False,0.04089129,0.77578026,False,False,61096.241775505,,21,False,False,False,False,False,False,False,False,False,False,False,False,False,False,False,False,False,False,False,False,False,r
2,61096.2405466043,lsst,151.46901195899645,2.7733259187110915,170028539284291661,170054972249473144,0,170028539284291661,-3689.8315,163.93843,0,0,0,8372.468,161.37102,True,2026022400788,167,0.0,8.594202e-06,8.582427e-06,-1.0879052e-12,1316.3861,0.15575168,1215.6062,0.15366694,False,-3125.6797,402.0732,False,False,True,22.126562,,1609.5815,1681,-3692.424,0.3229851,151.46900898062185,,2.7733255762114535,,0.70399916,,-3.161999,,,0,False,,,,,,,,0,False,False,False,12126.019,33.274746,0.17478767,0.17712356,0.022150112,0.16317734,0.16510244,0.030897697,False,False,False,False,0.021073155,0.75591403,False,False,61096.24232393794,,20,False,False,False,False,False,False,False,False,False,False,False,False,False,False,False,False,False,False,False,False,False,r
2,61096.24101841966,lsst,151.46901679505177,2.7733435166059794,170028539284291661,170054972381593762,0,170028539284291661,-3830.0889,170.94061,0,0,0,8335.187,167.48605,True,2026022400789,163,0.0,8.346056e-06,7.9892125e-06,-1.128616e-11,1995.2728,0.1594155,2808.5923,0.13374424,False,-3615.76,396.23056,False,False,True,22.001974,,1657.6624,1681,-3763.4224,5.027224,151.46901543001837,,2.773344278979642,,0.78538626,,-33.057026,,,0,False,,,,,,,,0,False,False,False,12227.852,32.954643,0.18763357,0.14356199,0.01769719,0.18452927,0.1842562,0.014535536,False,False,False,False,0.046826705,0.7450618,False,False,61096.24273074267,,22,False,False,False,False,False,False,False,False,False,False,False,False,False,False,False,False,False,False,False,False,False,r
2,61096.24148778765,lsst,151.46900505052895,2.7733420777427242,170028539284291661,170054972500082818,0,170028539284291661,-3684.3813,168.46524,0,0,0,8496.221,165.12201,True,2026022400790,133,0.0,9.805143e-06,9.3289855e-06,-1.2215997e-11,1574.8959,0.18409944,830.3783,0.15956065,False,-3813.2312,384.18704,False,False,True,21.76513,,1606.3091,1681,-3664.5928,1.2446973,151.46900457834576,,2.773343223620699,,0.77178216,,-66.18144,,,0,False,,,,,,,,0,False,False,False,12256.509,26.17098,0.22372687,0.17392538,-0.009858232,0.19821903,0.19520082,0.016006056,False,False,False,False,0.0005690579,0.67293507,False,False,61096.24329247489,,23,False,False,False,False,False,False,False,False,False,False,False,False,False,False,False,False,False,False,False,False,False,r
2,61096.241952290104,lsst,151.46904999994976,2.773333725087308,170028539284291661,170054972651077755,0,170028539284291661,-3681.3188,184.96362,0,0,0,8359.085,182.60133,True,2026022400791,165,0.0,1.273094e-05,1.1285573e-05,-3.4261843e-11,2548.4236,0.24373761,32.903145,0.18586358,False,-4232.94,414.20807,False,False,True,19.873838,,1786.5372,1681,-3608.909,2.7278395,151.4690426824952,,2.773337995097929,,0.43116158,,-63.534645,,,0,False,,,,,,,,0,False,False,False,12064.955,20.256535,0.17469607,0.1590032,-0.0013747837,0.22287434,0.20032981,0.015494133,False,False,False,False,0.21109751,0.72415686,False,False,61096.24385356271,,24,False,False,False,False,False,False,False,False,False,False,False,False,False,False,False,False,False,False,False,False,False,r
2,61096.24241883446,lsst,151.4690176049505,2.7733340010567633,170028539284291661,170054972783722614,0,170028539284291661,-3744.0132,177.4503,0,0,0,8486.6,174.74416,True,2026022400792,162,0.0,9.16474e-06,9.882893e-06,1.0139291e-11,70.83033,0.15971434,837.9184,0.18291973,False,-4086.8013,399.6868,False,False,True,21.070105,,1799.8585,1681,-3799.677,3.010887,151.46901264005024,,2.7733460048384977,,1.0297103,,-4.5925336,,,0,False,,,,,,,,0,False,False,False,12275.69,39.90141,0.1530254,0.195294,0.04718394,0.21542718,0.20966935,0.03088885,False,False,False,False,0.15941063,0.71877074,False,False,61096.24421966538,,23,False,False,False,False,False,False,False,False,False,False,False,False,False,False,False,False,False,False,False,False,False,r
2,61096.24335339402,lsst,151.46899455123685,2.7733424049797346,170028539284291661,170054973032759424,0,170028539284291661,-3384.4268,174.6542,0,0,0,8691.511,171.02884,True,2026022400794,125,0.0,1.135562e-05,1.217981e-05,9.277428e-12,855.1986,0.2016811,3232.954,0.22217388,False,-2893.7432,393.4866,False,False,True,19.402624,,1762.7554,1681,-3721.4995,1.1008466,151.46899311152586,,2.7733514353363824,,1.1876527,,-13.418775,,,0,False,,,,,,,,0,False,False,False,12107.518,23.157343,0.2118609,0.25502795,0.06521463,0.22382799,0.2214801,0.048860323,False,False,False,False,0.013016149,0.6884579,False,False,61096.24526457151,,24,False,False,False,False,False,False,False,False,False,False,False,False,False,False,False,False,False,False,False,False,False,r
2,61096.24382213189,lsst,151.46901722273034,2.773327314506258,170028539284291661,170054973169074277,0,170028539284291661,-3801.6768,161.87543,0,0,0,8407.906,158.29318,True,2026022400795,129,0.0,1.0088838e-05,8.817296e-06,-9.887924e-12,889.18036,0.18480285,908.66,0.15504351,False,-4106.9507,385.6458,False,False,True,23.569365,,1734.6931,1681,-3964.6177,1.6289723,151.46900835782168,,2.7733392464980637,,0.7770934,,-28.999956,,,0,False,,,,,,,,0,False,False,False,12247.658,41.704227,0.20596763,0.1992469,0.026931498,0.17646013,0.20214944,0.033037916,False,False,False,False,0.023105616,0.75756663,False,False,61096.2459760225,,22,False,False,False,False,False,False,False,False,False,False,False,False,False,False,False,False,False,False,False,False,False,r
2,61096.24660959029,lsst,151.46897719606304,2.7733619866287342,170028539284291661,170054973971759254,0,170028539284291661,-3199.5542,173.41608,0,0,0,8506.038,171.13556,True,2026022400801,124,0.0,1.0000844e-05,1.2056429e-05,8.6728446e-12,1262.7267,0.17890805,3613.997,0.21846479,False,-3468.2441,408.65796,False,False,True,18.403027,,1805.0817,1681,-3351.8274,0.5476381,151.46898594485958,,2.7733529901054217,,0.79458296,,-156.31828,,,0,False,,,,,,,,0,False,False,False,11698.844,44.264023,0.22346464,0.27393627,-0.01225658,0.16879703,0.2285632,0.022788474,False,False,False,False,0.27079692,0.6387752,False,False,61096.24834950207,,21,False,False,False,False,False,False,False,False,False,False,False,False,False,False,False,False,False,False,False,False,False,r
2,61096.24707666016,lsst,151.4690164242581,2.773360494437434,170028539284291661,170054974104404105,0,170028539284291661,-2716.337,164.88254,0,0,0,9271.498,162.19342,True,2026022400802,121,0.0,1.2150297e-05,1.2925551e-05,2.4865752e-12,2536.1855,0.2187984,3159.7427,0.23300324,False,-3452.8745,396.26767,False,False,True,16.48088,,1801.7552,1681,-2897.8374,1.0339847,151.46902031040725,,2.7733602846022873,,0.90506774,,-167.27931,,,0,False,,,,,,,,0,False,False,False,12026.345,44.830723,0.15987046,0.23468494,-0.0064118537,0.14265746,0.2299918,0.030956386,False,False,False,False,0.016000122,0.57024175,False,False,61096.24866412503,,20,False,False,False,False,False,False,False,False,False,False,False,False,False,False,False,False,False,False,False,False,False,r
3,61096.249412471894,lsst,151.46900989683311,2.7733466585784448,170028539284291661,170054974401151102,0,170028539284291661,-3828.7551,245.61671,0,0,0,10533.17,239.64774,True,2026022400804,175,0.0,9.355013e-06,1.17132595e-05,-2.159097e-11,2885.257,0.21697706,1986.6921,0.16069847,False,-3375.4446,601.0757,False,False,True,15.031419,,1709.503,1681,-4003.7065,8.215275,151.46901647548773,,2.7733481535976527,,1.0999621,,-14.566081,,,0,False,,,,,,,,0,False,False,False,14372.367,43.68186,0.23352951,0.11540656,0.012398718,0.23748216,0.15452422,0.02765226,False,False,False,False,0.057534236,0.6156524,False,False,61096.251058820155,,19,False,False,False,False,False,False,False,False,False,False,False,False,False,False,False,False,False,False,False,False,False,i
3,61096.25081517147,lsst,151.4690106777136,2.773371173673728,170028539284291661,170054974803280010,0,170028539284291661,-3419.4172,236.60352,0,0,0,10771.93,231.9169,True,2026022400807,174,0.0,1.15849525e-05,1.2354895e-05,-1.5238503e-11,861.8839,0.2286311,3567.0364,0.2021487,False,-3052.7668,600.57324,False,False,True,14.453992,,1773.9501,1681,-3527.1904,3.1324868,151.46900914318917,,2.773375383730079,,0.92943764,,-15.87684,,,0,False,,,,,,,,0,False,False,False,14231.96,23.117304,0.18515499,0.110836744,0.019232692,0.17342566,0.16053668,0.048602052,False,False,False,False,0.052652404,0.611019,False,False,61096.25273020104,,19,False,False,False,False,False,False,False,False,False,False,False,False,False,False,False,False,False,False,False,False,False,i
3,61096.25128411781,lsst,151.4689822135203,2.7733423397806236,170028539284291661,170054974932254857,0,170028539284291661,-3430.6235,235.88907,0,0,0,10498.069,231.17511,True,2026022400808,164,0.0,1.4343273e-05,1.4642427e-05,-8.828454e-12,2010.384,0.2669636,3124.1692,0.25501132,False,-2989.596,603.053,False,False,True,14.481402,,1565.0785,1681,-3684.3674,1.5112098,151.4689792741113,,2.7733378764090526,,1.0237505,,-1.5718867,,,0,False,,,,,,,,0,False,False,False,13944.147,18.580582,0.21112797,0.1632635,0.044404976,0.1784544,0.16346648,0.029996514,False,False,False,False,0.037861645,0.5551949,False,False,61096.25316893935,,19,False,False,False,False,False,False,False,False,False,False,False,False,False,False,False,False,False,False,False,False,False,i
3,61096.251749565956,lsst,151.46902405096324,2.7733347444095435,170028539284291661,170054975068045455,0,170028539284291661,-3254.1345,243.71286,0,0,0,11159.77,238.97713,True,2026022400809,167,0.0,1.4733256e-05,1.44438345e-05,1.31577796e-11,1183.4877,0.25407383,3826.3909,0.27157295,False,-3712.463,616.92303,False,False,True,12.982614,,1666.0515,1681,-3455.3062,3.847888,151.46902193209726,,2.773326071219081,,1.202872,,15.446774,,,0,False,,,,,,,,0,False,False,False,14441.826,20.916414,0.17859255,0.20969625,0.0715124,0.16309512,0.16364266,0.023626804,False,False,False,False,0.13525668,0.6507028,False,False,61096.25364688248,,19,False,False,False,False,False,False,False,False,False,False,False,False,False,False,False,False,False,False,False,False,False,i
3,61096.252216849854,lsst,151.46900098437533,2.773316450146194,170028539284291661,170054975200690299,0,170028539284291661,-3201.9653,251.36624,0,0,0,10972.224,246.43155,True,2026022400810,164,0.0,2.0191263e-05,1.9350751e-05,7.1409004e-11,1347.4829,0.32086352,231.5579,0.3882038,False,-3913.2014,607.81006,False,False,True,12.668604,,1700.4501,1681,-3440.1443,7.610025,151.46900852879773,,2.7733239543043715,,1.10079,,49.430508,,,0,False,,,,,,,,0,False,False,False,14172.256,15.834517,0.14014421,0.25795817,0.004571746,0.21052665,0.1810669,0.004389942,False,False,False,False,0.001352499,0.56368476,False,False,61096.25421810208,,19,False,False,False,False,False,False,False,False,False,False,False,False,False,False,False,False,False,False,False,False,False,i
3,61096.25361508614,lsst,151.46902402025518,2.7733300185260448,170028539284291661,170054975602819265,0,170028539284291661,-2860.0732,250.59149,0,0,0,11501.115,243.56526,True,2026022400813,163,0.0,1.9033585e-05,1.942908e-05,8.869389e-11,3361.4573,0.30172622,1168.5682,0.3859873,False,-3146.246,611.12854,False,False,True,11.20922,,1773.5242,1681,-2925.587,5.0297294,151.46902524614245,,2.7733295349676723,,0.95990723,,20.047325,,,0,False,,,,,,,,0,False,False,False,14378.087,21.12034,0.1510429,0.21268606,0.031019274,0.1735706,0.18215992,0.03648765,False,False,False,False,0.002248247,0.55151796,False,False,61096.255585072904,,19,False,False,False,False,False,False,False,False,False,False,False,False,False,False,False,False,False,False,False,False,False,i
3,61096.25638397259,lsst,151.4690071160064,2.7733422462975312,170028539284291661,170054976407601321,0,170028539284291661,-2853.3667,236.87746,0,0,0,11451.047,231.43439,True,2026022400819,162,0.0,1.6640051e-05,1.6048736e-05,-1.8619079e-11,3729.34,0.30574328,1181.8693,0.28278014,False,-2703.591,613.7817,False,False,True,12.23923,,1766.5619,1681,-2872.8347,4.217327,151.46900729633697,,2.7733470010524237,,0.5742437,,-107.2559,,,0,False,,,,,,,,0,False,False,False,14333.808,23.71235,0.13390103,0.13696444,-0.014533319,0.14321804,0.16379574,0.016181996,False,False,False,False,0.051895663,0.54170036,False,False,61096.258213944806,,18,False,False,False,False,False,False,False,False,False,False,False,False,False,False,False,False,False,False,False,False,False,i
3,61096.25919599859,lsst,151.46900767829155,2.77332283062003,170028539284291661,170054977190363332,0,170028539284291661,-2152.6875,228.5285,0,0,0,12068.004,222.85873,True,2026022400825,119,0.0,5.9384805e-05,8.132608e-05,7.4451134e-10,3914.568,1.0434121,2933.3591,1.4826174,False,-2954.2334,608.7626,False,False,True,9.402817,,1678.2424,1681,-2524.1812,14.670085,151.46899418561418,,2.773327063549764,,1.3111731,,-32.927006,,,0,False,,,,,,,,0,False,False,False,14266.903,36.006424,0.2066207,0.20108,0.08926072,0.1509821,0.15502712,0.022265535,False,False,False,False,0.34470552,0.51823264,False,False,61096.26095106155,,17,False,False,False,False,False,False,False,False,False,False,False,False,False,False,False,False,False,False,False,False,False,i
3,61097.19786150624,lsst,151.46902398343187,2.7733720920588323,170028539284291661,170059286149333125,0,170028539284291661,-3331.1277,279.50882,0,0,0,10818.454,276.63434,True,2026022500161,182,0.0,1.4001501e-05,1.7118111e-05,2.4100924e-11,1263.0684,0.31142375,3271.7847,0.2487631,False,-2407.4595,677.0049,False,False,True,11.930436,,1691.7455,1681,-3323.0527,14.324249,151.46903072314572,,2.77336740532344,,0.9871643,,-14.262007,,,0,False,,,,,,,,0,False,False,False,14218.366,15.682191,0.16247723,0.1067542,-0.040315457,0.17389692,0.17933713,0.008823617,False,False,False,False,0.22149628,0.58916867,False,False,61097.19978869399,,19,False,False,False,False,False,False,False,False,False,False,False,False,False,False,False,False,False,False,False,False,False,i
3,61097.198326957296,lsst,151.46902073727423,2.7733356534405016,170028539284291661,170059286284599429,0,170028539284291661,-2882.044,243.37105,0,0,0,11364.289,238.83916,True,2026022500162,184,0.0,1.3524243e-05,1.1551639e-05,-9.677307e-12,848.1559,0.20663837,212.28214,0.24504182,False,-3196.5059,653.8541,False,False,True,11.49449,,1663.8862,1681,-2841.9617,10.468877,151.46902638706842,,2.7733398148886415,,0.8306289,,-70.253815,,,0,False,,,,,,,,0,False,False,False,14258.02,31.38616,0.08335825,0.14700569,-0.010636591,0.1345325,0.13893433,-0.00026343862,False,False,False,False,0.08159266,0.64165807,False,False,61097.20003968547,,18,False,False,False,False,False,False,False,False,False,False,False,False,False,False,False,False,False,False,False,False,False,i
3,61097.1987902259,lsst,151.469015134221,2.773323789369954,170028539284291661,170059286418817205,0,170028539284291661,-2913.7075,265.89426,0,0,0,11472.703,263.12354,True,2026022500163,184,0.0,2.3072838e-05,1.4063872e-05,-4.5208857e-11,3243.4314,0.24952482,2108.303,0.4185224,False,-2844.7954,656.3091,False,False,True,10.782743,,1664.6888,1681,-2877.8032,15.553587,151.46901490116048,,2.7733239169243835,,0.8530646,,-75.42291,,,0,False,,,,,,,,0,False,False,False,14407.578,19.346287,0.092791274,0.16097131,-0.008577327,0.14461097,0.210432,0.0057920557,False,False,False,False,0.30389702,0.55334,False,False,61097.200657779904,,19,False,False,False,False,False,False,False,False,False,False,False,False,False,False,False,False,False,False,False,False,False,i
3,61097.20018784681,lsst,151.46901216843983,2.77332826720313,170028539284291661,170059286817276056,0,170028539284291661,-3631.677,251.07971,0,0,0,10822.944,248.30069,True,2026022500166,176,0.0,1.1949071e-05,1.4007564e-05,-1.6605645e-12,3978.0527,0.25227383,2487.8914,0.21545942,False,-4432.6367,653.1626,False,False,True,14.333039,,1722.2577,1681,-3654.7644,1.1495478,151.46901344359497,,2.773336031043804,,0.9695443,,9.326662,,,0,False,,,,,,,,0,False,False,False,14451.819,35.25177,0.23369327,0.15137357,0.016636182,0.13565472,0.15040025,-0.0044951416,False,False,False,False,0.34909415,0.73274446,False,False,61097.20194918963,,20,False,False,False,False,False,False,False,False,False,False,False,False,False,False,False,False,False,False,False,False,False,i
3,61097.20065447445,lsst,151.46903073149537,2.7733337209434996,170028539284291661,170059286951493783,0,170028539284291661,-3429.5151,249.08784,0,0,0,10734.35,244.0567,True,2026022500167,176,0.0,1.279088e-05,1.1445207e-05,2.5776276e-12,3575.168,0.20592123,599.2374,0.23074993,False,-4095.5847,650.1014,False,False,True,13.505262,,1713.34,1681,-3459.0864,2.3226175,151.46903077864005,,2.773333679670923,,0.983775,,-56.529175,,,0,False,,,,,,,,0,False,False,False,14230.815,26.341717,0.148254,0.17082448,-0.045793563,0.13957426,0.15027724,-0.00079072366,False,False,False,False,0.03623712,0.62346965,False,False,61097.202381565134,,20,False,False,False,False,False,False,False,False,False,False,False,False,False,False,False,False,False,False,False,False,False,i
3,61097.202596270836,lsst,151.4690117505704,2.7733381489308613,170028539284291661,170059287491510422,0,170028539284291661,-4004.687,251.15103,0,0,0,10308.399,246.52863,True,2026022500171,182,0.0,1.12014795e-05,1.0696842e-05,-4.8548565e-12,682.44055,0.19115865,203.58289,0.20332201,False,-4483.481,647.99927,False,False,True,15.406269,,1622.5553,1681,-3982.5476,6.870404,151.46901030291966,,2.7733366281064136,,0.8780432,,77.14417,,,0,False,,,,,,,,0,False,False,False,14371.382,17.21476,0.12868896,0.1590314,0.0336058,0.16506368,0.14718619,0.005314494,False,False,False,False,0.023845935,0.7614699,False,False,61097.20444204787,,20,False,False,False,False,False,False,False,False,False,False,False,False,False,False,False,False,False,False,False,False,False,i
3,61097.20399567136,lsst,151.46900972884603,2.773323651246918,170028539284291661,170059287893639296,0,170028539284291661,-4456.061,244.61261,0,0,0,9958.905,241.47903,True,2026022500174,181,0.0,8.393483e-06,1.021198e-05,6.6954515e-12,3648.5186,0.18507674,1836.4015,0.14989947,False,-4203.731,633.08014,False,False,True,17.822144,,1727.3715,1681,-4393.6562,1.7208693,151.46900861804738,,2.7733243135070493,,0.84398055,,28.301882,,,0,False,,,,,,,,0,False,False,False,14448.917,17.860325,0.1619091,0.10596093,0.019376835,0.16754082,0.14564231,0.0064928113,False,False,False,False,0.07883759,0.72903436,False,False,61097.20587692504,,20,False,False,False,False,False,False,False,False,False,False,False,False,False,False,False,False,False,False,False,False,False,i
3,61097.20492424132,lsst,151.46902391724026,2.7733658671937595,170028539284291661,170059288163647610,0,170028539284291661,-4617.2266,274.57236,0,0,0,9762.821,270.1226,True,2026022500176,184,0.0,1.13738415e-05,1.4596359e-05,7.1434846e-12,2022.5803,0.26331928,1171.5747,0.20463037,False,-5875.6875,645.514,False,False,True,16.506212,,1747.0555,1681,-4783.4194,4.7637835,151.4690216588834,,2.7733653944534646,,1.0884634,,26.54999,,,0,False,,,,,,,,0,False,False,False,14374.78,22.779781,0.2464918,0.16290262,0.03921179,0.20401025,0.20004867,0.008864109,False,False,False,False,0.0008826411,0.6843646,False,False,61097.20675223229,,22,False,False,False,False,False,False,False,False,False,False,False,False,False,False,False,False,False,False,False,False,False,i
3,61097.20539035074,lsst,151.46902902238884,2.773366831340119,170028539284291661,170059288297341037,0,170028539284291661,-4646.6045,267.51788,0,0,0,9629.351,263.64175,True,2026022500177,183,0.0,1.1209785e-05,1.1226752e-05,-1.13415916e-13,1485.772,0.20216845,1639.098,0.20213959,False,-4904.5396,640.77203,False,False,True,17.269115,,1585.3873,1681,-4471.9814,5.223374,151.46902448662334,,2.773368511045306,,0.73771214,,-45.511272,,,0,False,,,,,,,,0,False,False,False,14270.572,15.409025,0.16943987,0.17371468,-0.024487304,0.18191168,0.1985703,-0.005162126,False,False,False,False,0.044841133,0.7667278,False,False,61097.207488564236,,21,False,False,False,False,False,False,False,False,False,False,False,False,False,False,False,False,False,False,False,False,False,i
3,61097.20585505505,lsst,151.46901984255794,2.7733488996582367,170028539284291661,170059288431558786,0,170028539284291661,-4470.6016,266.25992,0,0,0,10213.376,267.33188,True,2026022500178,183,0.0,1.1995673e-05,1.3070357e-05,-7.052333e-13,3576.2249,0.23544827,3867.3123,0.21640098,False,-6066.22,645.3009,False,False,True,16.466524,,1677.8441,1681,-4760.7944,2.2978802,151.4690118968874,,2.773346480610162,,1.2762473,,50.285137,,,0,False,,,,,,,,0,False,False,False,14804.914,18.843674,0.23077393,0.26627883,0.078432,0.18084396,0.20118836,-0.014726069,False,False,False,False,0.35219938,0.76436335,False,False,61097.207768658176,,23,False,False,False,False,False,False,False,False,False,False,False,False,False,False,False,False,False,False,False,False,False,i
3,61097.20632217654,lsst,151.46902724737322,2.773332327059253,170028539284291661,170059288562106513,0,170028539284291661,-4632.421,254.5976,0,0,0,9725.172,250.28944,True,2026022500179,176,0.0,1.1255668e-05,8.504025e-06,3.8278404e-12,3659.346,0.15284467,2374.844,0.20320083,False,-4518.9346,637.9527,False,False,True,17.964426,,1720.0459,1681,-4534.0303,1.9715344,151.46902292727412,,2.7733348995149023,,0.7724583,,72.19282,,,0,False,,,,,,,,0,False,False,False,14336.301,18.417732,0.12825112,0.1770124,0.012659258,0.16279572,0.17767178,0.005637529,False,False,False,False,0.044579532,0.7340583,False,False,61097.208145962766,,19,False,False,False,False,False,False,False,False,False,False,False,False,False,False,False,False,False,False,False,False,False,i
3,61097.20725462068,lsst,151.46903362264538,2.773341269967422,170028539284291661,170059288830541974,0,170028539284291661,-4770.262,248.07137,0,0,0,9525.102,244.54881,True,2026022500181,176,0.0,9.00053e-06,8.1030985e-06,2.7931275e-12,114.87115,0.14536113,3105.291,0.16282718,False,-4385.2974,634.37854,False,False,True,18.85812,,1719.0559,1681,-4655.683,9.81562,151.46903297340373,,2.773339211217951,,0.8500497,,-85.20909,,,0,False,,,,,,,,0,False,False,False,14352.476,22.535366,0.09972729,0.16009356,-0.017209036,0.15356998,0.16826329,-0.0010832556,False,False,False,False,0.13904697,0.73083115,False,False,61097.20906142563,,20,False,False,False,False,False,False,False,False,False,False,False,False,False,False,False,False,False,False,False,False,False,i
3,61097.2086584045,lsst,151.46902407092563,2.7733335638046817,170028539284291661,170059289233195184,0,170028539284291661,-5150.291,247.66795,0,0,0,9368.793,243.90352,True,2026022500184,176,0.0,9.165076e-06,9.278722e-06,-8.632624e-13,693.9289,0.16735113,912.1847,0.16492678,False,-6167.905,627.67804,False,False,True,20.845015,,1787.9268,1681,-4931.9897,0.8229414,151.46902608472897,,2.773333796199012,,0.37448072,,0.4099418,,,0,False,,,,,,,,0,False,False,False,14589.078,17.643133,0.16518927,0.15591629,0.0037652187,0.15832932,0.17329887,-0.00072171015,False,False,False,False,0.004172276,0.8077364,False,False,61097.21064816527,,21,False,False,False,False,False,False,False,False,False,False,False,False,False,False,False,False,False,False,False,False,False,i
3,61097.209127841736,lsst,151.46900294283023,2.773336161589746,170028539284291661,170059289366888587,0,170028539284291661,-5957.0454,228.64421,0,0,0,8483.753,224.61996,True,2026022500185,175,0.0,6.530201e-06,6.646638e-06,-7.4287717e-13,2270.168,0.120068826,1241.5527,0.11731982,False,-6410.214,614.5718,False,False,True,25.477886,,1730.3083,1681,-5576.4756,1.8841738,151.46900398026173,,2.7733371910087947,,0.4557797,,-23.306824,,,0,False,,,,,,,,0,False,False,False,14477.964,26.672546,0.14706202,0.1291002,-0.00040676052,0.13245325,0.15294899,-0.0045434106,False,False,False,False,0.0037391793,0.89733297,False,False,61097.21087256773,,20,False,False,False,False,False,False,False,False,False,False,False,False,False,False,False,False,False,False,False,False,False,i
3,61097.20960994065,lsst,151.46899433290432,2.7733393233211627,170028539284291661,170059289501630621,0,170028539284291661,-5360.689,234.72417,0,0,0,8912.108,229.94745,True,2026022500186,176,0.0,9.277844e-06,8.371859e-06,2.1549416e-12,2622.4705,0.15043102,1004.961,0.16754591,False,-5779.6616,625.3094,False,False,True,22.642252,,1647.7059,1681,-5295.8047,0.1820002,151.46899317319148,,2.773342233990043,,0.67315066,,59.736713,,,0,False,,,,,,,,0,False,False,False,14335.701,20.126356,0.15686849,0.18538325,0.014297961,0.14591406,0.15293205,0.0003799022,False,False,False,False,0.07591832,0.8399413,False,False,61097.21136616006,,21,False,False,False,False,False,False,False,False,False,False,False,False,False,False,False,False,False,False,False,False,False,i
3,61097.21054139579,lsst,151.46902198720903,2.773341854898622,170028539284291661,170059289770066048,0,170028539284291661,-5855.4717,229.97629,0,0,0,8477.535,224.66394,True,2026022500188,176,0.0,7.182987e-06,6.2836675e-06,3.1140654e-12,2934.8284,0.11205037,31.346998,0.13042441,False,-5784.6733,622.74255,False,False,True,25.21169,,1687.4554,1681,-5685.9897,2.0794249,151.4690219264579,,2.773341965752969,,0.6991312,,62.90731,,,0,False,,,,,,,,0,False,False,False,14375.259,23.927008,0.10977745,0.14981695,0.01009139,0.136416,0.13914832,0.0013946274,False,False,False,False,0.011521917,0.86713094,False,False,61097.21222343079,,18,False,False,False,False,False,False,False,False,False,False,False,False,False,False,False,False,False,False,False,False,False,i
3,61097.21100478902,lsst,151.469012894841,2.773328190622894,170028539284291661,170059289904283802,0,170028539284291661,-6308.8267,224.35004,0,0,0,8171.5713,221.13737,True,2026022500189,176,0.0,5.4568413e-06,5.6310637e-06,-6.517415e-13,747.6605,0.10170993,1869.2686,0.098069645,False,-4817.2183,620.12683,False,False,True,27.84904,,1709.5177,1681,-6013.7974,2.5765748,151.46901397222177,,2.77332939180939,,0.52896667,,-51.026867,,,0,False,,,,,,,,0,False,False,False,14592.986,30.610197,0.12720643,0.118233375,-0.011507376,0.12479297,0.14181702,-0.011048694,False,False,False,False,0.020837096,0.8812549,False,False,61097.21276238687,,18,False,False,False,False,False,False,False,False,False,False,False,False,False,False,False,False,False,False,False,False,False,i
3,61097.21146852921,lsst,151.46901540533267,2.7733414314582645,170028539284291661,170059290037977270,0,170028539284291661,-6128.307,216.1202,0,0,0,8384.77,211.0401,True,2026022500190,175,0.0,5.1651305e-06,5.673628e-06,-2.2552847e-12,2816.7544,0.10343002,3354.5295,0.09174305,False,-6807.1978,613.5525,False,False,True,27.650362,,1805.1643,1681,-5685.8647,1.614825,151.4690177210979,,2.773340990532449,,0.5063779,,-30.886208,,,0,False,,,,,,,,0,False,False,False,14517.19,32.235817,0.1245016,0.103612594,-0.0043377997,0.115866005,0.1305372,-0.0075317887,False,False,False,False,0.016864678,0.9059048,False,False,61097.21311997068,,18,False,False,False,False,False,False,False,False,False,False,False,False,False,False,False,False,False,False,False,False,False,i
3,61097.21193425188,lsst,151.46901513109668,2.773339842310394,170028539284291661,170059290173767817,0,170028539284291661,-6317.9863,227.74039,0,0,0,8242.819,223.43715,True,2026022500191,178,0.0,6.4246187e-06,5.516892e-06,5.445171e-12,1892.5625,0.09557737,37.466347,0.1190207,False,-5919.2617,617.03796,False,False,True,26.815977,,1743.5282,1681,-6195.4683,5.1142254,151.4690168904018,,2.773340683834676,,0.8041893,,-83.19983,,,0,False,,,,,,,,0,False,False,False,14579.129,24.065042,0.115609884,0.14741395,-0.026110124,0.12395579,0.16098103,-0.009355917,False,False,False,False,0.020896047,0.886625,False,False,61097.213628007965,,19,False,False,False,False,False,False,False,False,False,False,False,False,False,False,False,False,False,False,False,False,False,i
3,61097.21240431454,lsst,151.46901658989896,2.7733451422262676,170028539284291661,170059290305888378,0,170028539284291661,-6469.2515,222.24557,0,0,0,8016.945,217.58456,True,2026022500192,174,0.0,5.983125e-06,5.1510333e-06,5.8011994e-12,1680.7643,0.08773677,2477.821,0.11203314,False,-6276.178,608.6517,False,False,True,28.788141,,1650.2653,1681,-6226.2524,1.8525069,151.4690163235197,,2.77334565407264,,0.7279077,,63.42841,,,0,False,,,,,,,,0,False,False,False,14493.012,25.70564,0.103363335,0.15242408,0.0007874115,0.1233418,0.1464793,-0.00213466,False,False,False,False,0.009103041,0.89275634,False,False,61097.21417543122,,19,False,False,False,False,False,False,False,False,False,False,False,False,False,False,False,False,False,False,False,False,False,i
3,61097.21286825037,lsst,151.46902290220527,2.773344311514906,170028539284291661,170059290441679004,0,170028539284291661,-5961.931,227.37326,0,0,0,8510.084,222.94246,True,2026022500193,177,0.0,6.92984e-06,6.3023394e-06,6.486835e-12,2499.246,0.10831187,1196.7334,0.12957971,False,-6795.6646,615.21576,False,False,True,25.926958,,1709.6741,1681,-5947.4863,3.2052202,151.4690203961098,,2.7733444970537633,,0.80514276,,43.830685,,,0,False,,,,,,,,0,False,False,False,14513.425,22.501316,0.117435925,0.16714771,0.01742263,0.12202367,0.14903659,-0.010230255,False,False,False,False,0.008422976,0.89827305,False,False,61097.214621743085,,19,False,False,False,False,False,False,False,False,False,False,False,False,False,False,False,False,False,False,False,False,False,i
3,61097.213335869965,lsst,151.46901236694072,2.773341527393606,170028539284291661,170059290570653853,0,170028539284291661,-6247.758,211.46002,0,0,0,8146.475,207.46672,True,2026022500194,167,0.0,5.6225917e-06,5.0831686e-06,5.8063354e-12,3755.7793,0.08492386,2166.0806,0.10700307,False,-6450.3975,611.871,False,False,True,29.383106,,1616.8959,1681,-5939.478,1.2360805,151.46901396452745,,2.773341178231453,,0.5974732,,-115.885506,,,0,False,,,,,,,,0,False,False,False,14451.95,30.746845,0.09308387,0.124755144,-0.0032580628,0.10627887,0.128046,-0.0051588095,False,False,False,False,0.014425323,0.88411456,False,False,61097.21505308359,,17,False,False,False,False,False,False,False,False,False,False,False,False,False,False,False,False,False,False,False,False,False,i
3,61097.21379879501,lsst,151.46901648416738,2.7733370704603617,170028539284291661,170059290706444450,0,170028539284291661,-6629.457,219.5375,0,0,0,7722.619,214.1904,True,2026022500195,170,0.0,5.636408e-06,5.5831924e-06,8.6789495e-13,2800.7434,0.09955958,690.68604,0.10268352,False,-5841.1846,615.9378,False,False,True,30.016914,,1756.8883,1681,-6383.354,0.31914303,151.46901639319313,,2.7733376747119696,,0.47306463,,-62.20922,,,0,False,,,,,,,,0,False,False,False,14398.972,32.309723,0.13960049,0.12853241,-0.007997597,0.11936536,0.13399155,-0.010046784,False,False,False,False,0.010746429,0.9028391,False,False,61097.215573612106,,18,False,False,False,False,False,False,False,False,False,False,False,False,False,False,False,False,False,False,False,False,False,i
3,61097.2142658738,lsst,151.46901623066404,2.773338824840758,170028539284291661,170059290839089308,0,170028539284291661,-6554.4834,213.12512,0,0,0,7874.309,209.80586,True,2026022500196,167,0.0,5.371296e-06,5.1492248e-06,4.5981435e-12,272.87344,0.08625799,1175.5466,0.10267932,False,-5847.1123,606.17566,False,False,True,30.223906,,1741.9425,1681,-6285.27,1.3766147,151.4690159934692,,2.7733383075875224,,0.69102526,,-109.86241,,,0,False,,,,,,,,0,False,False,False,14470.112,32.586735,0.103481784,0.13923311,-0.012822677,0.11391328,0.12867385,0.0010132138,False,False,False,False,8.4297096e-07,0.90138376,False,False,61097.21606953269,,18,False,False,False,False,False,False,False,False,False,False,False,False,False,False,False,False,False,False,False,False,False,i
3,61097.21473328705,lsst,151.46901687102243,2.77334992932069,170028539284291661,170059290971734190,0,170028539284291661,-6828.1885,207.74738,0,0,0,7477.773,203.36505,True,2026022500197,164,0.0,5.229123e-06,5.1687157e-06,2.2143084e-12,1058.7891,0.089662775,3640.9663,0.097511426,False,-7509.5996,601.1675,False,False,True,32.82734,,1634.4557,1681,-6591.0454,1.0620718,151.4690148257229,,2.7733515802555377,,0.6082575,,-89.65947,,,0,False,,,,,,,,0,False,False,False,14385.1455,35.317593,0.123933464,0.12861966,-0.016440308,0.106057145,0.12806247,-8.360778e-05,False,False,False,False,0.018010287,0.90943354,False,False,61097.216504881624,,19,False,False,False,False,False,False,False,False,False,False,False,False,False,False,False,False,False,False,False,False,False,i
3,61097.21519835226,lsst,151.46902586251704,2.773349192253651,170028539284291661,170059291105951923,0,170028539284291661,-6509.117,214.50696,0,0,0,7749.9746,208.72856,True,2026022500198,164,0.0,5.5475725e-06,5.5658165e-06,-1.677876e-12,3541.803,0.10272908,3626.2388,0.09739016,False,-6623.8,604.18256,False,False,True,30.188557,,1715.4244,1681,-6290.8633,2.0848184,151.46902366495698,,2.773349335712604,,0.69425815,,-75.6268,,,0,False,,,,,,,,0,False,False,False,14284.12,27.364502,0.13953672,0.12022331,-0.019852415,0.12194833,0.13029255,-0.0039267787,False,False,False,False,0.0028021883,0.8889884,False,False,61097.216882364606,,18,False,False,False,False,False,False,False,False,False,False,False,False,False,False,False,False,False,False,False,False,False,i
3,61097.21566382402,lsst,151.4690139769349,2.773338959336376,170028539284291661,170059291240169654,0,170028539284291661,-7076.421,211.77866,0,0,0,7345.2217,205.83437,True,2026022500199,164,0.0,4.95893e-06,4.949834e-06,-1.1905457e-12,1799.4584,0.09134705,3730.3242,0.08710734,False,-7755.6875,601.27484,False,False,True,32.761,,1718.3145,1681,-6650.159,0.2095903,151.4690142324602,,2.773338991017305,,0.397815,,-75.8338,,,0,False,,,,,,,,0,False,False,False,14443.908,25.708569,0.12421004,0.11708456,-0.005810077,0.1219233,0.12555803,-0.0034456507,False,False,False,False,0.0019346715,0.8840052,False,False,61097.21733695356,,19,False,False,False,False,False,False,False,False,False,False,False,False,False,False,False,False,False,False,False,False,False,i
3,61097.216130944274,lsst,151.46901814254664,2.773336108318843,170028539284291661,170059291373863094,0,170028539284291661,-7289.701,206.87152,0,0,0,7098.2993,201.11491,True,2026022500200,163,0.0,4.590415e-06,4.5963134e-06,2.1543744e-14,3524.4724,0.082666524,2784.6812,0.08283951,False,-9286.155,596.88745,False,False,True,34.13976,,1672.2794,1681,-6991.6865,1.619042,151.46901870302972,,2.7733365501830116,,0.6982321,,-88.55679,,,0,False,,,,,,,,0,False,False,False,14413.571,37.01039,0.12675855,0.117462896,-0.02200877,0.11746971,0.121896625,-0.013046616,False,False,False,False,0.0012323584,0.91272956,False,False,61097.21787926582,,18,False,False,False,False,False,False,False,False,False,False,False,False,False,False,False,False,False,False,False,False,False,i
3,61097.21669196607,lsst,151.46901187746198,2.773335157407396,170028539284291661,170059291514896551,0,170028539284291661,-7323.054,198.55536,0,0,0,6967.332,193.46489,True,2026022500201,176,0.0,4.31597e-06,4.149422e-06,2.8658683e-13,1063.8538,0.07458714,1279.5787,0.077930845,False,-7459.6685,597.9919,False,False,True,36.36101,,1732.919,1681,-6876.2266,0.6881187,151.46901312292917,,2.773336158584784,,0.44635248,,43.39516,,,0,False,,,,,,,,0,False,False,False,14382.063,46.145714,0.10247189,0.10830197,0.008204752,0.10792628,0.113017514,0.003631644,False,False,False,False,0.005845347,0.91825134,False,False,61097.21848717149,,19,False,False,False,False,False,False,False,False,False,False,False,False,False,False,False,False,False,False,False,False,False,i
3,61097.21715664563,lsst,151.46901277755904,2.773336592274785,170028539284291661,170059291649114276,0,170028539284291661,-7178.675,196.55864,0,0,0,7148.864,191.8879,True,2026022500202,176,0.0,3.951425e-06,4.3513405e-06,-9.208579e-13,2524.3052,0.07884063,1888.8954,0.07070424,False,-6092.9478,595.08844,False,False,True,36.228992,,1730.8269,1681,-6855.566,0.69140863,151.46901402151622,,2.77333642101016,,0.5209549,,12.575984,,,0,False,,,,,,,,0,False,False,False,14414.635,68.8632,0.118324436,0.10416567,0.009725008,0.11084481,0.10565651,0.0064714584,False,False,False,False,0.0020728782,0.91199553,False,False,61097.21883503103,,18,False,False,False,False,False,False,False,False,False,False,False,False,False,False,False,False,False,False,False,False,False,i
3,61097.21762425937,lsst,151.46901865142675,2.773339418466827,170028539284291661,170059291783332010,0,170028539284291661,-7511.7896,196.18698,0,0,0,6827.876,191.18912,True,2026022500203,176,0.0,4.1576063e-06,4.176974e-06,-6.5169285e-14,1434.3467,0.075250216,323.4419,0.07489996,False,-7890.9517,590.3906,False,False,True,37.43297,,1710.4287,1681,-6914.6455,0.12719578,151.4690184545338,,2.7733394652910874,,0.25027788,,-29.700289,,,0,False,,,,,,,,0,False,False,False,14384.303,46.813953,0.11820487,0.11339745,-0.0011051451,0.107905865,0.111113876,-0.0009895416,False,False,False,False,0.009010405,0.91232663,False,False,61097.219364244855,,18,False,True,False,False,False,False,False,True,False,False,False,False,False,False,False,False,False,False,False,False,False,i
3,61097.21808878737,lsst,151.4690125383323,2.773334882874413,170028539284291661,170059291917025445,0,170028539284291661,-7363.7515,200.15106,0,0,0,6917.657,193.78542,True,2026022500204,175,0.0,4.0728305e-06,4.281231e-06,-7.489494e-13,3361.759,0.07766225,2013.008,0.072820425,False,-6484.485,585.4669,False,False,True,36.791077,,1725.0104,1681,-6768.1797,0.4323835,151.46901300230746,,2.773336389381448,,0.40894037,,-12.837717,,,0,False,,,,,,,,0,False,False,False,14293.672,43.01952,0.112036735,0.09801766,0.0018651764,0.11420332,0.11228419,0.00080538477,False,False,False,False,0.014822492,0.9147201,False,False,61097.21972328068,,18,False,False,False,False,False,False,False,False,False,False,False,False,False,False,False,False,False,False,False,False,False,i
3,61097.218553489554,lsst,151.4690121538173,2.7733402407409966,170028539284291661,170059292051243178,0,170028539284291661,-7757.3486,198.16559,0,0,0,6599.6606,192.14789,True,2026022500205,175,0.0,3.9053125e-06,3.7541342e-06,6.133029e-13,1114.7954,0.06695765,3362.1238,0.07104362,False,-6854.9053,588.2454,False,False,True,39.062412,,1651.4197,1681,-7003.527,0.83202773,151.46901226525296,,2.7733410569884644,,0.23126322,,-97.55125,,,0,False,,,,,,,,0,False,False,False,14391.859,47.4604,0.10144468,0.105298996,-0.0011758072,0.10591239,0.11510838,-0.0025311457,False,False,False,False,0.011488011,0.91696185,False,False,61097.22031126614,,19,False,False,False,False,False,False,False,False,False,False,False,False,False,False,False,False,False,False,False,False,False,i
3,61097.21948633953,lsst,151.46901984043734,2.773337152778031,170028539284291661,170059292319154330,0,170028539284291661,-8097.611,214.9657,0,0,0,6513.247,210.58282,True,2026022500207,174,0.0,4.4070603e-06,4.5298298e-06,-8.7080424e-13,45.565155,0.08251842,2141.2651,0.07848598,False,-8325.404,582.91907,False,False,True,36.97442,,1805.8983,1681,-7518.7695,0.30046514,151.46901927884252,,2.7733377878760677,,0.6569547,,-47.813576,,,0,False,,,,,,,,0,False,False,False,14722.157,29.057615,0.15075397,0.119663596,-0.011778527,0.1350794,0.13906373,-0.004361866,False,False,False,False,0.00063409953,0.91765046,False,False,61097.22132816096,,20,False,False,False,False,False,False,False,False,False,False,False,False,False,False,False,False,False,False,False,False,False,i
3,61097.219950059705,lsst,151.4690213271539,2.7733310698742706,170028539284291661,170059292454944926,0,170028539284291661,-7702.0063,210.26176,0,0,0,6514.0645,206.73303,True,2026022500208,177,0.0,4.2758516e-06,4.3006894e-06,-1.9431288e-13,676.9825,0.07769513,907.53015,0.076906405,False,-7113.5396,591.46234,False,False,True,35.75619,,1614.7305,1681,-7301.7026,4.07559,151.4690229857201,,2.7733305781171174,,0.43483564,,-107.98725,,,0,False,,,,,,,,0,False,False,False,14303.042,25.932484,0.111279406,0.12569256,-0.003916151,0.1289985,0.1346536,-0.012566768,False,False,False,False,0.03328131,0.91195935,False,False,61097.22171655895,,20,False,False,False,False,False,False,False,False,False,False,False,False,False,False,False,False,False,False,False,False,False,i
3,61097.220416401804,lsst,151.46901320686342,2.7733381917089126,170028539284291661,170059292583919742,0,170028539284291661,-8238.716,213.62666,0,0,0,6290.345,209.01195,True,2026022500209,167,0.0,4.2959014e-06,4.1572102e-06,1.7213285e-12,2147.2937,0.07214558,1691.0275,0.080010824,False,-7610.888,585.3326,False,False,True,38.263462,,1622.9058,1681,-7417.7363,0.5485131,151.46901253263255,,2.773338541274265,,0.31630048,,-102.037735,,,0,False,,,,,,,,0,False,False,False,14542.525,25.172882,0.11926204,0.12511352,-0.0030897495,0.124757834,0.14109477,-0.0022281313,False,False,False,False,0.02150259,0.91401833,False,False,61097.222123631735,,19,False,False,False,False,False,False,False,False,False,False,False,False,False,False,False,False,False,False,False,False,False,i
3,61097.22088130318,lsst,151.46901508733825,2.7733420790217864,170028539284291661,170059292719710339,0,170028539284291661,-7868.8003,213.07603,0,0,0,6520.7075,208.29701,True,2026022500210,170,0.0,4.5783872e-06,4.434446e-06,2.802925e-12,1019.51654,0.07521715,154.98293,0.08688394,False,-7882.9673,589.6021,False,False,True,36.199146,,1675.554,1681,-7815.1357,2.7258844,151.4690112446167,,2.7733414124824045,,0.7331098,,-96.22774,,,0,False,,,,,,,,0,False,False,False,14427.298,30.23897,0.12817338,0.14985114,-0.022212645,0.12694971,0.14529017,-0.017365258,False,False,False,False,0.0015399841,0.92082083,False,False,61097.22273995129,,22,False,False,False,False,False,False,False,False,False,False,False,False,False,False,False,False,False,False,False,False,False,i
3,61097.22134912446,lsst,151.4690111082227,2.773329625682949,170028539284291661,170059292851830918,0,170028539284291661,-8165.118,218.75117,0,0,0,6405.116,212.96727,True,2026022500211,166,0.0,4.656262e-06,4.7079093e-06,-1.6248442e-12,2961.361,0.087430015,485.52054,0.08119736,False,-8065.522,583.66516,False,False,True,36.279037,,1710.6777,1681,-7667.3438,1.3343812,151.46901108636112,,2.7733299703431955,,0.419367,,-13.996491,,,0,False,,,,,,,,0,False,False,False,14545.589,23.174046,0.13844351,0.12965174,0.006167725,0.139461,0.15248658,0.0006932912,False,False,False,False,0.024119258,0.91197956,False,False,61097.223139317124,,22,False,False,False,False,False,False,False,False,False,False,False,False,False,False,False,False,False,False,False,False,False,i
3,61097.221816379926,lsst,151.46902036292911,2.7733370766172274,170028539284291661,170059292984475819,0,170028539284291661,-7869.089,207.41504,0,0,0,6433.4355,202.37016,True,2026022500212,163,0.0,4.134928e-06,4.118406e-06,3.0708563e-12,3860.8674,0.067276135,2997.886,0.08080897,False,-7449.909,569.57935,False,False,True,37.384716,,1709.7928,1681,-7429.6973,2.5144985,151.46902061122964,,2.7733365937880063,,0.6782047,,-110.44621,,,0,False,,,,,,,,0,False,False,False,14360.728,34.680412,0.10467186,0.13325548,-0.015594185,0.1176232,0.14574319,-0.0070304023,False,False,False,False,0.030300114,0.90611833,False,False,61097.22352180537,,20,False,False,False,False,False,False,False,False,False,False,False,False,False,False,False,False,False,False,False,False,False,i
3,61097.22228151605,lsst,151.46900700086104,2.773338538222171,170028539284291661,170059293119217830,0,170028539284291661,-7954.6074,205.41592,0,0,0,6400.5244,200.74132,True,2026022500213,164,0.0,4.2681327e-06,4.291014e-06,1.027203e-12,2112.625,0.074852556,3152.916,0.079274654,False,-6633.968,574.18555,False,False,True,38.469505,,1725.1724,1681,-7287.391,0.11993933,151.46900703587653,,2.7733386608704267,,0.3486594,,21.989262,,,0,False,,,,,,,,0,False,False,False,14472.175,33.184223,0.12716755,0.13494651,0.003428077,0.11805069,0.14021245,-0.0039046467,False,False,False,False,0.0007186274,0.91976154,False,False,61097.223987417296,,20,False,False,False,False,False,False,False,False,False,False,False,False,False,False,False,False,False,False,False,False,False,i
3,61097.22274881901,lsst,151.46901997744837,2.7733397536274556,170028539284291661,170059293253435553,0,170028539284291661,-8276.768,203.96149,0,0,0,6175.971,199.42622,True,2026022500214,164,0.0,3.8427547e-06,3.9378333e-06,1.9044959e-12,369.0495,0.065415815,3146.176,0.074483216,False,-8098.663,569.7381,False,False,True,40.3383,,1704.7832,1681,-7756.905,1.1473975,151.46901931923682,,2.773340080698782,,0.5334839,,38.769924,,,0,False,,,,,,,,0,False,False,False,14512.603,30.013166,0.098119125,0.123418905,0.00040901103,0.121851504,0.1369615,-0.0017673937,False,False,False,False,0.06501395,0.9233986,False,False,61097.224533677894,,21,False,False,False,False,False,False,False,False,False,False,False,False,False,False,False,False,False,False,False,False,False,i
3,61097.2232146553,lsst,151.4690141295629,2.7733363726810762,170028539284291661,170059293387128993,0,170028539284291661,-7952.934,200.92668,0,0,0,6423.5728,194.9672,True,2026022500215,163,0.0,4.5224683e-06,4.435821e-06,-1.4046965e-12,2156.3777,0.083547406,2046.6721,0.07774186,False,-8033.1235,568.14307,False,False,True,39.040043,,1802.7924,1681,-7355.8535,0.19110739,151.46901559194484,,2.7733364836911067,,0.44585642,,-8.622952,,,0,False,,,,,,,,0,False,False,False,14423.496,27.523893,0.1344193,0.13417383,0.008596736,0.12135552,0.12337118,-0.0032356072,False,False,False,False,0.02872437,0.9187923,False,False,61097.224885134085,,19,False,False,False,False,False,False,False,False,False,False,False,False,False,False,False,False,False,False,False,False,False,i
3,61097.22380676943,lsst,151.4690200822164,2.7733444671296867,170028539284291661,170059293528162454,0,170028539284291661,-8149.029,215.34401,0,0,0,6203.966,209.78781,True,2026022500216,176,0.0,4.883908e-06,4.6573878e-06,1.9113964e-13,3601.4639,0.083826706,815.46014,0.08807927,False,-7912.0815,575.98694,False,False,True,36.738945,,1624.3514,1681,-7702.489,1.8657887,151.4690183605569,,2.7733443522444636,,0.6297424,,52.575195,,,0,False,,,,,,,,0,False,False,False,14422.738,18.752417,0.1342156,0.14981712,0.01592992,0.14956708,0.14767006,0.008812152,False,False,False,False,0.007319265,0.9099903,False,False,61097.22549362913,,22,False,False,False,False,False,False,False,False,False,False,False,False,False,False,False,False,False,False,False,False,False,i
3,61097.22427089328,lsst,151.46902441491852,2.773343239189593,170028539284291661,170059293666050185,0,170028539284291661,-8156.739,216.51048,0,0,0,6214.8213,211.56891,True,2026022500217,183,0.0,4.61199e-06,4.65141e-06,-7.578544e-14,860.6098,0.08378458,1263.7244,0.08312745,False,-6677.498,579.0103,False,False,True,37.276566,,1697.1759,1681,-7678.388,0.49808174,151.46902420482326,,2.773343758504667,,0.49129468,,26.51067,,,0,False,,,,,,,,0,False,False,False,14470.768,19.691381,0.14242089,0.13521957,0.00987203,0.14474978,0.15043129,0.010669749,False,False,False,False,0.012970958,0.92038834,False,False,61097.22613751162,,22,False,False,False,False,False,False,False,False,False,False,False,False,False,False,False,False,False,False,False,False,False,i
3,61097.2252031954,lsst,151.46901845293635,2.7733412155216306,170028539284291661,170059293930815620,0,170028539284291661,-7926.681,214.42058,0,0,0,6475.1636,209.09207,True,2026022500219,176,0.0,4.926605e-06,4.196893e-06,1.826708e-12,1752.4419,0.07455225,1742.8086,0.08968258,False,-7589.6104,582.5338,False,False,True,36.15663,,1670.2634,1681,-7692.221,1.1863086,151.46901810993893,,2.7733413679597563,,0.6747181,,52.954014,,,0,False,,,,,,,,0,False,False,False,14476.854,19.739185,0.11575831,0.14500442,0.014697389,0.13283986,0.15925941,0.006867339,False,False,False,False,0.041230705,0.89959913,False,False,61097.22703443867,,22,False,True,False,False,False,False,False,True,False,False,False,False,False,False,False,False,False,False,False,False,False,i
3,61097.225666753,lsst,151.46902720390347,2.773332893073803,170028539284291661,170059294064509100,0,170028539284291661,-7922.4854,204.70572,0,0,0,6211.9966,201.60524,True,2026022500220,175,0.0,4.3059786e-06,4.16255e-06,4.155226e-13,3878.095,0.07467023,3311.8455,0.07793135,False,-8071.9814,571.73535,False,False,True,38.411747,,1720.9681,1681,-7590.495,1.0491096,151.46902559136055,,2.773332166820591,,0.6095748,,36.795013,,,0,False,,,,,,,,0,False,False,False,14240.558,28.48745,0.12838842,0.13888475,0.015763694,0.13296215,0.13351321,0.014414301,False,False,False,False,2.9926343e-05,0.9157688,False,False,61097.227421417905,,20,False,False,False,False,False,False,False,False,False,False,False,False,False,False,False,False,False,False,False,False,False,i
3,61097.22613228146,lsst,151.46901824007404,2.773334280967398,170028539284291661,170059294200299662,0,170028539284291661,-7690.882,210.56427,0,0,0,6745.562,203.32379,True,2026022500221,178,0.0,4.5880965e-06,4.437232e-06,5.796102e-13,2988.3645,0.079469435,27.667023,0.08318419,False,-7941.481,583.3279,False,False,True,35.73003,,1651.675,1681,-7328.271,1.9836085,151.46902005923124,,2.7733348145871344,,0.5680302,,29.3932,,,0,False,,,,,,,,0,False,False,False,14408.89,39.93242,0.12584452,0.13058111,0.014132238,0.12216588,0.14424881,0.009534642,False,False,False,False,0.004682846,0.9180275,False,False,61097.227755665896,,19,False,False,False,False,False,False,False,False,False,False,False,False,False,False,False,False,False,False,False,False,False,i
3,61097.226604194584,lsst,151.4690210946831,2.773336872194142,170028539284291661,170059294332420245,0,170028539284291661,-7770.8193,212.56282,0,0,0,6638.641,206.85374,True,2026022500222,174,0.0,4.3942923e-06,4.2353217e-06,7.4000756e-13,2709.2031,0.07556724,2636.9849,0.07990868,False,-7585.0015,573.8218,False,False,True,36.15828,,1701.0892,1681,-6929.6978,0.7764487,151.46902179253087,,2.77333788202658,,0.30938908,,-111.008644,,,0,False,,,,,,,,0,False,False,False,14425.496,34.815853,0.1239256,0.13202554,-0.00033720458,0.1271546,0.14221774,0.01220926,False,False,False,False,0.008342051,0.9213816,False,False,61097.22828309142,,19,False,False,False,False,False,False,False,False,False,False,False,False,False,False,False,False,False,False,False,False,False,i
3,61097.22706884726,lsst,151.46901878527396,2.7733313994512407,170028539284291661,170059294468210841,0,170028539284291661,-7576.007,219.86978,0,0,0,6790.36,214.93022,True,2026022500223,177,0.0,4.8662264e-06,4.880514e-06,-7.8212596e-14,3641.3147,0.08795966,1319.6122,0.08774407,False,-8519.049,592.12555,False,False,True,33.70575,,1732.9443,1681,-7158.0728,1.6764699,151.4690167347056,,2.773330858410287,,0.5504625,,-102.77245,,,0,False,,,,,,,,0,False,False,False,14409.276,32.893917,0.12788697,0.15162487,-0.006083099,0.12633145,0.1532601,0.0018564234,False,False,False,False,2.849528e-07,0.91301703,False,False,61097.22874279304,,22,False,False,False,False,False,False,False,False,False,False,False,False,False,False,False,False,False,False,False,False,False,i
3,61097.227535715414,lsst,151.46901126282748,2.773339634548162,170028539284291661,170059294600855694,0,170028539284291661,-7143.8887,208.62753,0,0,0,7187.0137,202.87918,True,2026022500224,174,0.0,4.7133444e-06,4.3030673e-06,3.0744474e-12,518.9889,0.07375581,2409.6572,0.08826543,False,-6091.672,574.3522,False,False,True,33.91401,,1699.8582,1681,-6764.7944,2.602947,151.46901143138385,,2.7733396672960184,,0.6858362,,54.38549,,,0,False,,,,,,,,0,False,False,False,14371.405,40.347065,0.09611347,0.13852274,0.0046668705,0.116519466,0.13851318,0.008811557,False,False,False,False,0.020229006,0.89821154,False,False,61097.229325154985,,18,False,False,False,False,False,False,False,False,False,False,False,False,False,False,False,False,False,False,False,False,False,i
3,61097.22799929998,lsst,151.46902389503606,2.7733399350872276,170028539284291661,170059294732976284,0,170028539284291661,-7349.7837,224.11743,0,0,0,7042.1235,219.01611,True,2026022500225,170,0.0,5.751175e-06,5.1424154e-06,7.074512e-12,3927.0325,0.08437082,965.53375,0.11060625,False,-7629.718,585.53815,False,False,True,31.800358,,1561.8483,1681,-7162.3555,3.936061,151.4690149143582,,2.7733397645650886,,0.8285241,,-103.02711,,,0,False,,,,,,,,0,False,False,False,14414.521,29.140799,0.13864467,0.18840301,-0.019874169,0.13008812,0.16737019,4.9750717e-05,False,False,False,False,0.036229692,0.8865692,False,False,61097.22984434209,,22,False,False,False,False,False,False,False,False,False,False,False,False,False,False,False,False,False,False,False,False,False,i
3,61097.22846708984,lsst,151.46901577282478,2.773330723742157,170028539284291661,170059294865621130,0,170028539284291661,-6735.253,221.48177,0,0,0,7700.892,216.11682,True,2026022500226,167,0.0,5.864005e-06,5.6802846e-06,3.1562797e-12,1258.6006,0.09863154,1550.3699,0.109172665,False,-8017.4946,576.4074,False,False,True,29.692791,,1818.173,1681,-6181.3145,0.04923852,151.46901596193587,,2.7733297417253193,,0.47349784,,-117.19434,,,0,False,,,,,,,,0,False,False,False,14434.8125,25.50074,0.14456128,0.16314502,-0.0027526903,0.13432986,0.15775898,0.007635536,False,False,False,False,0.010406985,0.895207,False,False,61097.23028567338,,23,False,False,False,False,False,False,False,False,False,False,False,False,False,False,False,False,False,False,False,False,False,i
3,61097.229400538534,lsst,151.46902315533666,2.7733400686985576,170028539284291661,170059295136153765,0,170028539284291661,-6963.234,222.77446,0,0,0,7412.3335,219.30637,True,2026022500228,171,0.0,5.825003e-06,5.8222126e-06,2.990695e-13,206.56717,0.104383975,3872.4053,0.10543057,False,-6928.1987,575.39197,False,False,True,30.53036,,1659.5254,1681,-6725.6494,1.5212793,151.4690211067763,,2.7733407704757633,,0.6205482,,-10.488439,,,0,False,,,,,,,,0,False,False,False,14486.282,16.734705,0.15956762,0.14346395,0.01509976,0.14977689,0.16748397,0.006840535,False,False,False,False,0.007958179,0.8786139,False,False,61097.231294776415,,22,False,False,False,False,False,False,False,False,False,False,False,False,False,False,False,False,False,False,False,False,False,i
3,61097.230335483975,lsst,151.46900560155132,2.7733510988299086,170028539284291661,170059295400919226,0,170028539284291661,-6339.993,218.15627,0,0,0,8001.574,213.64062,True,2026022500230,164,0.0,6.148916e-06,6.1944543e-06,2.9226472e-12,190.62355,0.10676846,3214.858,0.11545065,False,-7195.043,576.0426,False,False,True,28.80376,,1663.4221,1681,-6014.9316,0.42539644,151.4690048422021,,2.7733502556902034,,0.53972334,,-104.472145,,,0,False,,,,,,,,0,False,False,False,14390.124,21.938715,0.14970632,0.16015036,-0.0116071645,0.14356709,0.15096475,-0.0032216883,False,False,False,False,0.009935244,0.86395043,False,False,61097.23210823622,,21,False,False,False,False,False,False,False,False,False,False,False,False,False,False,False,False,False,False,False,False,False,i
3,61097.230964319504,lsst,151.46900987027837,2.7733393301802756,170028539284291661,170059295544049792,0,170028539284291661,-6811.277,233.83727,0,0,0,7592.124,228.96964,True,2026022500231,181,0.0,6.1733735e-06,6.571855e-06,1.02721e-12,1923.296,0.11863211,2286.5444,0.11096805,False,-6077.0835,575.5006,False,False,True,28.492327,,1682.5372,1681,-6378.746,1.6980778,151.46900873166032,,2.773340038703481,,0.40075666,,7.6171284,,,0,False,,,,,,,,0,False,False,False,14427.061,14.186133,0.16512589,0.15152524,-0.00093821366,0.18753268,0.17572951,0.0075920904,False,False,False,False,0.07215891,0.8848364,False,False,61097.232945665695,,22,False,False,False,False,False,False,False,False,False,False,False,False,False,False,False,False,False,False,False,False,False,i
3,61097.23143014299,lsst,151.46901754598724,2.7733483392809486,170028539284291661,170059295678267550,0,170028539284291661,-6386.431,227.54227,0,0,0,8034.3877,222.48105,True,2026022500232,181,0.0,6.5532645e-06,6.9624753e-06,7.829136e-13,3505.453,0.12555315,2276.9717,0.1179657,False,-6579.1245,576.90845,False,False,True,27.675282,,1637.7051,1681,-6236.7505,0.6316425,151.46901734607397,,2.773349319059137,,0.7128468,,33.919544,,,0,False,,,,,,,,0,False,False,False,14468.965,17.732843,0.18283603,0.15391903,0.01770711,0.18215115,0.15645413,0.014946355,False,False,False,False,0.00012662543,0.8647281,False,False,61097.233280800865,,22,False,False,False,False,False,False,False,False,False,False,False,False,False,False,False,False,False,False,False,False,False,i
3,61097.23189604493,lsst,151.46901644459848,2.7733283660760604,170028539284291661,170059295812485260,0,170028539284291661,-6473.7183,221.23817,0,0,0,7879.4443,215.17882,True,2026022500233,181,0.0,6.777605e-06,6.6294438e-06,-2.5371128e-13,1893.0228,0.11935126,1257.792,0.12217448,False,-6326.155,572.45233,False,False,True,29.247658,,1661.8654,1681,-6228.7964,0.10238192,151.4690157438679,,2.773328116138574,,0.51444423,,43.212288,,,0,False,,,,,,,,0,False,False,False,14383.826,16.736649,0.17714003,0.1713387,0.01108428,0.15910114,0.16263582,0.012898512,False,False,False,False,0.02744582,0.88182044,False,False,61097.233741357995,,21,False,False,False,False,False,False,False,False,False,False,False,False,False,False,False,False,False,False,False,False,False,i
3,61097.232364983254,lsst,151.46901780090286,2.7733318805309852,170028539284291661,170059295946703004,0,170028539284291661,-6421.278,224.55365,0,0,0,8109.858,219.12488,True,2026022500234,181,0.0,6.9054518e-06,6.770643e-06,-1.4099557e-13,435.13074,0.12192887,3713.7097,0.1244909,False,-6371.2817,575.38196,False,False,True,28.426706,,1756.3846,1681,-6016.495,1.0365924,151.46901456118283,,2.7733321272566216,,0.42267844,,74.02729,,,0,False,,,,,,,,0,False,False,False,14565.405,16.885971,0.17641056,0.18857771,0.0046042134,0.16605042,0.16022879,0.0071408413,False,False,False,False,0.055897783,0.89182144,False,False,61097.23425487609,,22,False,False,False,False,False,False,False,False,False,False,False,False,False,False,False,False,False,False,False,False,False,i
3,61097.23283055525,lsst,151.46901515706384,2.7733425505970772,170028539284291661,170059296081969292,0,170028539284291661,-5932.7144,222.68747,0,0,0,8488.051,217.89748,True,2026022500235,183,0.0,5.934793e-06,6.818243e-06,-1.4144228e-13,3105.3442,0.12279177,1601.231,0.10701249,False,-5644.0986,584.0243,False,False,True,26.17712,,1636.1576,1681,-5682.843,3.0090694,151.4690167869627,,2.7733425890591628,,0.67987144,,25.843723,,,0,False,,,,,,,,0,False,False,False,14451.827,21.024197,0.14132918,0.11576301,0.016796602,0.15410896,0.14841522,0.011074068,False,False,False,False,0.081927076,0.8649288,False,False,61097.234600097836,,21,False,False,False,False,False,False,False,False,False,False,False,False,False,False,False,False,False,False,False,False,False,i
3,61097.233296507584,lsst,151.46901984288382,2.7733352010437367,170028539284291661,170059296216187010,0,170028539284291661,-6078.657,229.13322,0,0,0,8326.558,224.06944,True,2026022500236,183,0.0,7.3109195e-06,7.1971535e-06,3.67789e-14,2525.7148,0.12962574,2766.895,0.13185407,False,-6993.5464,582.915,False,False,True,26.332344,,1652.3875,1681,-5828.0513,0.3555176,151.46901592847013,,2.7733316807251063,,0.5817332,,62.308125,,,0,False,,,,,,,,0,False,False,False,14421.934,18.205719,0.16248997,0.18215515,0.011085452,0.1678267,0.15825766,0.014550963,False,False,False,False,0.013152436,0.8691849,False,False,61097.23511967926,,22,False,False,False,False,False,False,False,False,False,False,False,False,False,False,False,False,False,False,False,False,False,i
3,61097.2337657407,lsst,151.46900628628487,2.773347238499461,170028539284291661,170059296346734730,0,170028539284291661,-6146.2627,226.77888,0,0,0,8191.1113,221.14462,True,2026022500237,176,0.0,6.338951e-06,6.9988814e-06,-1.0449699e-12,1999.9542,0.12617733,2539.9692,0.11413911,False,-5517.9272,577.9725,False,False,True,27.032427,,1661.9641,1681,-6061.65,3.003093,151.46900519753052,,2.7733463976202177,,0.75776935,,17.621037,,,0,False,,,,,,,,0,False,False,False,14340.52,17.463884,0.16731422,0.13222973,0.019708244,0.16102849,0.15840305,0.016036503,False,False,False,False,0.015391383,0.86231685,False,False,61097.235710962916,,21,False,False,False,False,False,False,False,False,False,False,False,False,False,False,False,False,False,False,False,False,False,i
3,61097.23423172835,lsst,151.4690293541236,2.7733304463739423,170028539284291661,170059296482525320,0,170028539284291661,-5746.6807,235.54515,0,0,0,8393.8125,229.32191,True,2026022500238,179,0.0,7.474132e-06,6.936292e-06,1.2794999e-12,3742.1724,0.1246539,824.5807,0.1351073,False,-5307.2944,587.2129,False,False,True,23.849773,,1673.236,1681,-5621.9287,5.1632447,151.46902871686893,,2.7733286154447363,,0.79300445,,42.49503,,,0,False,,,,,,,,0,False,False,False,14218.103,18.692488,0.15081732,0.16485487,0.02814677,0.1668332,0.17814746,0.01699063,False,False,False,False,0.030734418,0.86676913,False,False,61097.23610178206,,21,False,False,False,False,False,False,False,False,False,False,False,False,False,False,False,False,False,False,False,False,False,i
3,61097.23563217152,lsst,151.46902981701106,2.773339261590026,170028539284291661,170059296883081357,0,170028539284291661,-5442.7153,230.79796,0,0,0,8938.8125,226.30356,True,2026022500241,175,0.0,7.1198833e-06,6.7214664e-06,2.0732422e-12,437.73383,0.1200887,3159.1265,0.12928084,False,-5147.1143,577.4135,False,False,True,23.007168,,1808.1493,1681,-5156.828,3.8342934,151.4690290173563,,2.7733358790596796,,0.7600502,,34.282604,,,0,False,,,,,,,,0,False,False,False,14446.0625,25.083517,0.13430369,0.14858384,0.025745608,0.15543616,0.16955875,0.010071566,False,False,False,False,0.06606255,0.8248627,False,False,61097.237667906586,,22,False,False,False,False,False,False,False,False,False,False,False,False,False,False,False,False,False,False,False,False,False,i
3,61097.236097991,lsst,151.4690250982849,2.773349102434022,170028539284291661,170059297017299058,0,170028539284291661,-5645.656,235.24063,0,0,0,8840.389,230.51274,True,2026022500242,175,0.0,8.883948e-06,7.274767e-06,1.2072901e-11,593.5647,0.12495882,1231.7657,0.16490969,False,-5830.7437,574.0315,False,False,True,23.560211,,1571.82,1681,-5461.2764,1.9993273,151.46902349281606,,2.7733481906642687,,0.7228335,,-103.3115,,,0,False,,,,,,,,0,False,False,False,14482.844,16.56651,0.1563212,0.20134972,-0.006547129,0.16432951,0.1887686,0.003596998,False,False,False,False,0.0007412676,0.83443224,False,False,61097.23807350955,,22,False,False,False,False,False,False,False,False,False,False,False,False,False,False,False,False,False,False,False,False,False,i
3,61097.23656441576,lsst,151.46902699246516,2.773338433156374,170028539284291661,170059297151516803,0,170028539284291661,-5214.967,229.7399,0,0,0,9097.862,222.53151,True,2026022500243,175,0.0,1.0761007e-05,9.183464e-06,1.7997867e-11,2937.5051,0.15710315,398.20746,0.20071442,False,-6365.1797,574.96545,False,False,True,22.546892,,1647.6254,1681,-5350.7656,1.0223409,151.46901978329294,,2.773334903764336,,0.8683465,,54.812527,,,0,False,,,,,,,,0,False,False,False,14315.248,18.89289,0.16689745,0.2312987,0.012672712,0.14918144,0.1792234,0.002932274,False,False,False,False,0.16946836,0.82575953,False,False,61097.23844440515,,22,False,False,False,False,False,False,False,False,False,False,False,False,False,False,False,False,False,False,False,False,False,i
3,61097.23703187594,lsst,151.4690093531169,2.773335258759203,170028539284291661,170059297285734526,0,170028539284291661,-5367.44,236.51073,0,0,0,9118.635,231.02751,True,2026022500244,175,0.0,9.7454995e-06,8.901609e-06,1.1191185e-11,1331.453,0.15426502,1066.7223,0.18100177,False,-6472.6753,573.4189,False,False,True,22.440271,,1796.8398,1681,-5117.11,0.3930112,151.4690066348444,,2.7733358280815623,,0.40330988,,-33.028187,,,0,False,,,,,,,,0,False,False,False,14535.4,16.944124,0.19261123,0.17901942,-0.0013470562,0.15596934,0.21178046,-0.0076495064,False,False,False,False,0.0005127169,0.8029887,False,False,61097.23905950461,,22,False,False,False,False,False,False,False,False,False,False,False,False,False,False,False,False,False,False,False,False,False,i
3,61097.23749753804,lsst,151.46902707941754,2.7733352577429624,170028539284291661,170059297419427996,0,170028539284291661,-5145.668,229.9772,0,0,0,9298.291,224.05008,True,2026022500245,174,0.0,9.666816e-06,8.16222e-06,2.4149979e-11,2888.724,0.13032342,999.72833,0.18706685,False,-5906.498,570.39886,False,False,True,22.043697,,1749.0428,1681,-5263.3667,0.5497839,151.46902418452714,,2.7733345789982384,,1.0377573,,-115.040985,,,0,False,,,,,,,,0,False,False,False,14428.153,21.776201,0.13252811,0.23506106,-0.009793048,0.14323106,0.19051571,0.0016654175,False,False,False,False,0.042059097,0.8371151,False,False,61097.2393060034,,21,False,False,False,False,False,False,False,False,False,False,False,False,False,False,False,False,False,False,False,False,False,i
3,61097.23795917646,lsst,151.4690132738786,2.773338531241729,170028539284291661,170059297553645715,0,170028539284291661,-4895.77,223.07927,0,0,0,9497.599,217.72318,True,2026022500246,174,0.0,8.423629e-06,7.238853e-06,1.9696814e-11,440.869,0.11373056,773.8826,0.16469628,False,-5086.9614,568.8871,False,False,True,21.56493,,1654.9501,1681,-4908.0444,6.004509,151.46900987066388,,2.773336994499782,,0.9415576,,51.275948,,,0,False,,,,,,,,0,False,False,False,14423.51,27.683748,0.10399215,0.18827765,0.009511604,0.12999746,0.17634797,0.008860781,False,False,False,False,0.008065902,0.8080653,False,False,61097.23982769309,,21,False,False,False,False,False,False,False,False,False,False,False,False,False,False,False,False,False,False,False,False,False,i
3,61097.23842349971,lsst,151.46902173715003,2.7733462481042013,170028539284291661,170059297687863430,0,170028539284291661,-4785.223,225.11026,0,0,0,9620.057,219.53938,True,2026022500247,174,0.0,9.913653e-06,8.76858e-06,3.065756e-11,1587.4575,0.13366127,1866.5533,0.19757567,False,-5326.399,571.24286,False,False,True,20.668814,,1685.0326,1681,-4811.6953,3.15252,151.4690144981848,,2.7733423368729557,,0.9116049,,42.443134,,,0,False,,,,,,,,0,False,False,False,14421.254,30.961245,0.1307785,0.2024787,0.016237555,0.12630533,0.18689075,0.010558137,False,False,False,False,0.015965674,0.8338992,False,False,61097.24027995276,,22,False,False,False,False,False,False,False,False,False,False,False,False,False,False,False,False,False,False,False,False,False,i
3,61097.23935848136,lsst,151.46900798879142,2.773330365202889,170028539284291661,170059297952628907,0,170028539284291661,-4695.788,211.61617,0,0,0,9647.528,206.09485,True,2026022500249,167,0.0,6.9181724e-06,6.8696104e-06,2.9735496e-12,2639.246,0.12015866,773.4115,0.12814575,False,-4578.0117,576.59454,False,False,True,22.127487,,1740.123,1681,-4522.9277,0.73760307,151.46900749628335,,2.773330518912944,,0.58232,,15.457272,,,0,False,,,,,,,,0,False,False,False,14374.885,36.242588,0.10565056,0.117958434,0.013965092,0.11896921,0.13950424,0.0017891828,False,False,False,False,0.05719733,0.7938307,False,False,61097.241059759326,,17,False,False,False,False,False,False,False,False,False,False,False,False,False,False,False,False,False,False,False,False,False,i
3,61097.23982355084,lsst,151.4690237272232,2.773346870748136,170028539284291661,170059298086846598,0,170028539284291661,-4223.7036,217.52228,0,0,0,10151.78,213.40164,True,2026022500250,167,0.0,8.961377e-06,8.957503e-06,5.723316e-12,55.403774,0.15549707,1227.9521,0.1672102,False,-4024.6733,581.7363,False,False,True,19.197828,,1677.8893,1681,-4007.364,0.93124676,151.46902436760163,,2.7733485836426337,,0.4445701,,-93.68345,,,0,False,,,,,,,,0,False,False,False,14406.435,24.607466,0.1346151,0.13718714,-0.008445096,0.12827936,0.14385724,-0.0076132445,False,False,False,False,5.147291e-06,0.71594065,False,False,61097.24166023194,,17,False,False,False,False,False,False,False,False,False,False,False,False,False,False,False,False,False,False,False,False,False,i
3,61097.24029005452,lsst,151.46900921100752,2.773339352383183,170028539284291661,170059298220540033,0,170028539284291661,-4318.0986,221.53473,0,0,0,10149.261,216.3707,True,2026022500251,166,0.0,8.657124e-06,8.785635e-06,1.2593839e-11,3055.7473,0.14344089,1671.5886,0.1698529,False,-4048.9617,584.0686,False,False,True,19.169256,,1795.2832,1681,-4228.4365,1.3379203,151.46900741161156,,2.7733396909923496,,0.7269507,,-120.371284,,,0,False,,,,,,,,0,False,False,False,14486.149,24.169899,0.11970968,0.15996055,-0.013524302,0.1347718,0.14470722,-0.012096977,False,False,False,False,1.6394085e-06,0.7584288,False,False,61097.242069057786,,20,False,False,False,False,False,False,False,False,False,False,False,False,False,False,False,False,False,False,False,False,False,i
3,61097.24075844562,lsst,151.46902776011538,2.7733338538000556,170028539284291661,170059298352660662,0,170028539284291661,-4143.615,208.30338,0,0,0,10218.925,204.05786,True,2026022500252,162,0.0,7.5553967e-06,7.7763425e-06,8.486131e-12,3999.168,0.12752719,2422.0554,0.14801477,False,-4235.9365,574.5033,False,False,True,19.705162,,1776.3663,1681,-3838.8132,1.8793217,151.46902985352622,,2.7733332792712484,,0.50829726,,-122.66287,,,0,False,,,,,,,,0,False,False,False,14384.56,37.98979,0.09844718,0.11708712,-0.0066325013,0.114379436,0.12984888,-0.005483173,False,False,False,False,0.041349236,0.73877925,False,False,61097.242608436005,,17,False,False,False,False,False,False,False,False,False,False,False,False,False,False,False,False,False,False,False,False,False,i
3,61097.24122591873,lsst,151.46902677358634,2.7733320634914653,170028539284291661,170059298488451263,0,170028539284291661,-4160.192,214.19983,0,0,0,10153.787,208.80754,True,2026022500253,165,0.0,7.5257976e-06,7.81641e-06,7.1413947e-12,3505.2544,0.12914927,1215.6553,0.1468902,False,-4521.1294,589.8637,False,False,True,19.04958,,1698.6108,1681,-4204.2295,2.3730757,151.46902785460398,,2.7733332697710837,,0.83870333,,-103.79935,,,0,False,,,,,,,,0,False,False,False,14353.8125,35.074165,0.10226548,0.11554935,-0.03399789,0.12182906,0.12194389,-0.019998772,False,False,False,False,0.034054413,0.83259153,False,False,61097.243056197214,,16,False,False,False,False,False,False,False,False,False,False,False,False,False,False,False,False,False,False,False,False,False,i
3,61097.24169506251,lsst,151.4690089029602,2.7733356663093063,170028539284291661,170059298621096144,0,170028539284291661,-3929.5266,201.8037,0,0,0,10403.418,197.05324,True,2026022500254,162,0.0,7.801471e-06,7.694994e-06,-2.2187935e-12,2144.98,0.14231353,1226.5896,0.13686895,False,-3775.7495,577.73413,False,False,True,19.40052,,1678.1844,1681,-3655.0151,1.2732981,151.46900741876203,,2.773335787052955,,0.39825338,,-122.86906,,,0,False,,,,,,,,0,False,False,False,14403.096,35.969025,0.094300106,0.10368185,-0.005034311,0.10551693,0.10965726,-0.014964511,False,False,False,False,0.017059715,0.77744657,False,False,61097.243516504066,,17,False,False,False,False,False,False,False,False,False,False,False,False,False,False,False,False,False,False,False,False,False,i
3,61097.24215983966,lsst,151.46902325828378,2.773326726455308,170028539284291661,170059298755313882,0,170028539284291661,-3933.3518,204.99725,0,0,0,10250.276,201.51318,True,2026022500255,162,0.0,7.788245e-06,7.6475335e-06,-2.2265015e-12,130.20587,0.14195992,3326.163,0.13624245,False,-3924.16,587.41016,False,False,True,19.046892,,1673.5353,1681,-3631.1877,0.7994364,151.46902373108864,,2.77332772028247,,0.5403009,,-80.2336,,,0,False,,,,,,,,0,False,False,False,14251.28,31.010262,0.12070511,0.10133803,-0.00867659,0.109403715,0.10751485,-0.010409653,False,False,False,False,0.0015166134,0.76095665,False,False,61097.24402791436,,16,False,False,False,False,False,False,False,False,False,False,False,False,False,False,False,False,False,False,False,False,False,i
3,61097.24262894346,lsst,151.4690043459409,2.7733318848088606,170028539284291661,170059298870132900,0,170028539284291661,-4055.275,203.63696,0,0,0,10250.156,199.13812,True,2026022500256,125,0.0,7.748408e-06,8.209587e-06,5.170582e-12,3657.29,0.13647886,3122.5396,0.15081726,False,-4651.3755,583.5102,False,False,True,19.339703,,1613.4083,1681,-3813.4355,0.4817323,151.46900520265655,,2.773331770106873,,0.54477906,,-137.84534,,,0,False,,,,,,,,0,False,False,False,14351.19,25.05438,0.104278654,0.12738332,-0.006377289,0.10856804,0.11130012,-0.0022188344,False,False,False,False,0.007892491,0.8022593,False,False,61097.24428155807,,16,False,False,False,False,False,False,False,False,False,False,False,False,False,False,False,False,False,False,False,False,False,i
3,61097.24309586386,lsst,151.46903700775212,2.773336177210674,170028539284291661,170059299008020642,0,170028539284291661,-3266.2769,213.29832,0,0,0,11045.9,208.90251,True,2026022500257,132,0.0,1.13901515e-05,1.1145963e-05,-3.468727e-12,850.9163,0.20650606,1842.9075,0.19943224,False,-2434.8518,574.00385,False,False,True,15.350344,,1658.7467,1681,-3109.5378,0.27794063,151.46903660798495,,2.7733352915902523,,0.48864362,,-59.647255,,,0,False,,,,,,,,0,False,False,False,14351.332,21.846458,0.14456749,0.12416767,0.0020568068,0.12628715,0.1317274,-0.0020818005,False,False,False,False,0.005561517,0.65375966,False,False,61097.2447971508,,17,False,False,False,False,False,False,False,False,False,False,False,False,False,False,False,False,False,False,False,False,False,i
3,61097.243565053366,lsst,151.46901182979212,2.773328485333873,170028539284291661,170059299142238398,0,170028539284291661,-3518.3599,208.3711,0,0,0,10777.183,202.57936,True,2026022500258,132,0.0,1.04585015e-05,9.2364535e-06,-1.1480338e-11,3112.653,0.19228134,2868.513,0.16184065,False,-3671.9932,576.6685,False,False,True,16.473866,,1777.6031,1681,-3674.9248,2.6317961,151.46901050250347,,2.7733270770485294,,1.0461247,,-41.241287,,,0,False,,,,,,,,0,False,False,False,14328.439,23.785807,0.16020198,0.09345429,0.04639597,0.11070178,0.12486623,0.004538498,False,False,False,False,0.017234992,0.7108269,False,False,61097.24528670095,,18,False,False,False,False,False,False,False,False,False,False,False,False,False,False,False,False,False,False,False,False,False,i
3,61097.24403135812,lsst,151.4690143808328,2.773343473877231,170028539284291661,170059299276456116,0,170028539284291661,-3568.4414,207.0522,0,0,0,10897.297,202.07973,True,2026022500259,132,0.0,8.286549e-06,9.98972e-06,1.16692e-11,1491.5337,0.14497656,2231.731,0.18342447,False,-3750.1929,574.4843,False,False,True,16.789396,,1734.6189,1681,-3578.9316,1.2619257,151.46901477982973,,2.7733446457944284,,0.8826135,,-19.820646,,,0,False,,,,,,,,0,False,False,False,14493.613,25.123537,0.11159623,0.12907661,0.03736932,0.10718101,0.12815382,0.010448452,False,False,False,False,0.0015145957,0.68947387,False,False,61097.24576348866,,16,False,False,False,False,False,False,False,False,False,False,False,False,False,False,False,False,False,False,False,False,False,i
3,61097.245062407645,lsst,151.46901729532246,2.7733210288446073,170028539284291661,170059299563241643,0,170028539284291661,-4014.1797,215.41698,0,0,0,10440.788,209.77567,True,2026022500261,167,0.0,8.5962065e-06,8.926313e-06,-7.977329e-12,3500.8325,0.16625884,482.77856,0.14898382,False,-4288.954,579.2418,False,False,True,18.467432,,1697.4791,1681,-3624.7454,0.80504507,151.4690179527658,,2.773321945312891,,0.33209798,,-32.268276,,,0,False,,,,,,,,0,False,False,False,14460.989,19.004732,0.12425178,0.11489496,0.00048136307,0.13515195,0.12751588,0.007899187,False,False,False,False,0.026029356,0.7327528,False,False,61097.2467590407,,17,False,False,False,False,False,False,False,False,False,False,False,False,False,False,False,False,False,False,False,False,False,i
3,61097.245525949475,lsst,151.46901051024065,2.773327537245791,170028539284291661,170059299701129364,0,170028539284291661,-3354.7166,213.09395,0,0,0,11164.315,208.73528,True,2026022500262,174,0.0,9.972628e-06,1.0217515e-05,-9.910222e-12,338.77518,0.1906624,1632.0392,0.17266934,False,-3273.4067,571.57227,False,False,True,15.634524,,1711.5919,1681,-3396.6873,4.0226026,151.46900813226856,,2.773326977132876,,0.9600793,,3.1298769,,,0,False,,,,,,,,0,False,False,False,14551.045,21.783585,0.1336406,0.12184201,0.045947544,0.130559,0.11885082,0.0035247596,False,False,False,False,0.001850185,0.65041196,False,False,61097.24727492915,,16,False,False,False,False,False,False,False,False,False,False,False,False,False,False,False,False,False,False,False,False,False,i
3,61097.24645790426,lsst,151.4690065306667,2.773337536931154,170028539284291661,170059299965894820,0,170028539284291661,-3144.253,207.33002,0,0,0,11211.614,202.07549,True,2026022500264,167,0.0,1.0137313e-05,1.0166293e-05,-7.21732e-12,1446.2395,0.18908753,378.3771,0.17648387,False,-2544.342,576.2829,False,False,True,14.9631605,,1667.2441,1681,-2942.5762,4.4396796,151.46900667971846,,2.773337728990796,,0.5726553,,-3.5529742,,,0,False,,,,,,,,0,False,False,False,14388.458,28.504744,0.10618363,0.10175544,0.014638312,0.1173431,0.108818345,0.006355342,False,False,False,False,0.01821881,0.6112154,False,False,61097.24824260203,,15,False,False,False,False,False,False,False,False,False,False,False,False,False,False,False,False,False,False,False,False,False,i
3,61097.24739162343,lsst,151.4690248310619,2.7733399588679024,170028539284291661,170059300233805989,0,170028539284291661,-2902.1375,225.6325,0,0,0,11563.141,219.98808,True,2026022500266,166,0.0,1.5098222e-05,1.5220033e-05,8.332159e-12,1831.2318,0.26794252,1088.3274,0.2783845,False,-3612.694,584.0632,False,False,True,12.770015,,1636.7317,1681,-2878.9075,0.6642344,151.46901744125964,,2.7733403918898007,,0.7623293,,-54.214497,,,0,False,,,,,,,,0,False,False,False,14496.2295,23.9516,0.20612128,0.1540925,-0.003765444,0.12621668,0.15349165,-0.011688798,False,False,False,False,0.25200802,0.66370124,False,False,61097.24929198751,,20,False,False,False,False,False,False,False,False,False,False,False,False,False,False,False,False,False,False,False,False,False,i
3,61097.24879024207,lsst,151.46900543120157,2.773326366821557,170028539284291661,170059300634361986,0,170028539284291661,-2731.6438,215.09589,0,0,0,11556.468,209.3068,True,2026022500269,162,0.0,1.4570884e-05,1.5446303e-05,2.3548155e-11,1162.7509,0.25381732,391.1212,0.2863225,False,-3309.258,580.6787,False,False,True,12.85281,,1730.7006,1681,-2747.1785,3.0109081,151.46899925111092,,2.7733262822986844,,0.7334515,,-116.26943,,,0,False,,,,,,,,0,False,False,False,14290.997,26.171688,0.12828968,0.14853069,-0.022588713,0.12021208,0.1276554,-0.00465561,False,False,False,False,0.041478146,0.5699603,False,False,61097.250659540194,,15,False,False,False,False,False,False,False,False,False,False,False,False,False,False,False,False,False,False,False,False,False,i
3,61097.25066211226,lsst,151.46901944574267,2.7733504765220207,170028539284291661,170059301155504289,0,170028539284291661,-2428.877,219.57874,0,0,0,12013.025,215.97202,True,2026022500273,132,0.0,1.7421546e-05,1.7489088e-05,3.974821e-13,2251.6084,0.31378877,2082.6914,0.31501663,False,-2579.283,583.06647,False,False,True,10.888845,,1694.6544,1681,-2436.1343,2.2203238,151.46900468977975,,2.7733463178193665,,0.82988155,,-116.83432,,,0,False,,,,,,,,0,False,False,False,14471.596,23.273949,0.15935975,0.16071555,-0.032028195,0.12355991,0.13939182,9.957668e-06,False,False,False,False,0.14386173,0.55054957,False,False,61097.25240945213,,17,False,False,False,False,False,False,False,False,False,False,False,False,False,False,False,False,False,False,False,False,False,i
3,61097.251131012905,lsst,151.469024414682,2.7733368896976773,170028539284291661,170059301289721990,0,170028539284291661,-2594.754,226.08147,0,0,0,11886.923,221.25659,True,2026022500274,132,0.0,1.6652499e-05,1.7353746e-05,6.824927e-12,664.55615,0.29900792,1367.1204,0.31352228,False,-2210.8118,584.7717,False,False,True,11.410755,,1642.9009,1681,-2462.6353,0.45142943,151.46902230390873,,2.7733361834664447,,0.4721779,,12.188894,,,0,False,,,,,,,,0,False,False,False,14455.889,17.608072,0.1513079,0.17040025,0.0011869913,0.149408,0.14617518,0.0075427624,False,False,False,False,0.028492773,0.5454085,False,False,61097.25296198742,,18,False,False,False,False,False,False,False,False,False,False,False,False,False,False,False,False,False,False,False,False,False,i
