band,mjd,survey_id,ra,dec,oid,measurement_id,parentDiaSourceId,diaObjectId,psfFlux,psfFluxErr,psfFlux_flag,psfFlux_flag_edge,psfFlux_flag_noGoodPixels,scienceFlux,scienceFluxErr,has_stamp,visit,detector,ssObjectId,raErr,decErr,ra_dec_Cov,x,xErr,y,yErr,centroid_flag,apFlux,apFluxErr,apFlux_flag,apFlux_flag_apertureTruncated,isNegative,snr,psfLnL,psfChi2,psfNdata,trailFlux,trailFluxErr,trailRa,trailRaErr,trailDec,trailDecErr,trailLength,trailLengthErr,trailAngle,trailAngleErr,trailChi2,trailNdata,trail_flag_edge,dipoleMeanFlux,dipoleMeanFluxErr,dipoleFluxDiff,dipoleFluxDiffErr,dipoleLength,dipoleAngle,dipoleChi2,dipoleNdata,forced_PsfFlux_flag,forced_PsfFlux_flag_edge,forced_PsfFlux_flag_noGoodPixels,templateFlux,templateFluxErr,ixx,iyy,ixy,ixxPSF,iyyPSF,ixyPSF,shape_flag,shape_flag_no_pixels,shape_flag_not_contained,shape_flag_parent_source,extendedness,reliability,isDipole,dipoleFitAttempted,timeProcessedMjdTai,timeWithdrawnMjdTai,bboxSize,pixelFlags,pixelFlags_bad,pixelFlags_cr,pixelFlags_crCenter,pixelFlags_edge,pixelFlags_nodata,pixelFlags_nodataCenter,pixelFlags_interpolated,pixelFlags_interpolatedCenter,pixelFlags_offimage,pixelFlags_saturated,pixelFlags_saturatedCenter,pixelFlags_suspect,pixelFlags_suspectCenter,pixelFlags_streak,pixelFlags_streakCenter,pixelFlags_injected,pixelFlags_injectedCenter,pixelFlags_injected_template,pixelFlags_injected_templateCenter,glint_trail,band_name
3,61090.04758412875,lsst,62.49405358430502,-46.37481153127308,170028485730369699,170028485730369699,0,170028485730369699,-7011.8994,294.68332,0,0,0,69344.125,294.09695,True,2026021800056,181,0,1.1754216e-05,9.071027e-06,-9.796234e-12,3423.755,0.21301042,2895.5435,0.16183741,False,-9133.844,648.6914,False,False,True,23.763105,,1715.7769,1681,-7482.223,1.8574473,62.49403483067833,,-46.37481815894649,,1.5136396,,-102.66839,,,0,False,,,,,,,,0,False,False,False,76485.625,22.346436,0.43293026,0.27308333,-0.0797721,0.23423773,0.21109295,0.0018370996,False,False,False,False,0.852144,0.45874575,False,False,61090.04920724023,,34,False,False,False,False,False,False,False,False,False,False,False,False,False,False,False,False,False,False,False,False,False,i
3,61090.04845547461,lsst,62.493997497303184,-46.37484557376585,170028485730369699,170028485999853674,0,170028485730369699,-8119.718,306.81198,0,0,0,76931.375,304.6913,True,2026021800058,183,0,1.0294735e-05,1.0032185e-05,-2.4382156e-13,3473.5742,0.18540591,88.94561,0.18083651,False,-11054.953,659.5295,False,False,True,25.879963,,1736.9,1681,-8374.006,5.6509295,62.49398929426222,,-46.374855956183765,,1.337683,,-140.86755,,,0,False,,,,,,,,0,False,False,False,85165.08,21.807474,0.34650087,0.40277055,-0.07943854,0.2360668,0.20310447,-0.0058308765,False,False,False,False,0.9355862,0.50966346,False,False,61090.05026572276,,31,False,False,False,False,False,False,False,False,False,False,False,False,False,False,False,False,False,False,False,False,False,i
3,61090.053544324786,lsst,62.49408498714978,-46.374814627219784,170028485730369699,170028486265667897,0,170028485730369699,-6352.3364,289.7763,0,0,0,65288.89,288.95154,True,2026021800060,178,0,1.2621836e-05,1.1836295e-05,8.082484e-13,2955.0938,0.22736435,2437.5225,0.21360014,False,-8094.193,659.58875,False,False,True,20.845627,,1687.278,1681,-6306.131,9.472642,62.494092790820474,,-46.37483279395119,,1.1035576,,-32.224167,,,0,False,,,,,,,,0,False,False,False,71759.875,32.26309,0.31459337,0.37064168,0.047966976,0.20945296,0.20025758,-0.0042792866,False,False,False,False,0.90209997,0.467162,False,False,61090.05551952431,,24,False,False,False,False,False,False,False,False,False,False,False,False,False,False,False,False,False,False,False,False,False,i
3,61090.05440873108,lsst,62.494027562943685,-46.374802409624344,170028485730369699,170028486532005995,0,170028485730369699,-6298.7866,313.7312,0,0,0,81498.08,314.66794,True,2026021800062,174,0,1.4907377e-05,1.1964172e-05,1.1129853e-11,3365.5098,0.26932397,1320.4872,0.2145518,False,-7268.976,639.1386,False,False,True,19.97671,,1727.2424,1681,-6565.1973,7.4321804,62.494010583830146,,-46.37480310150475,,1.4057461,,-110.65915,,,0,False,,,,,,,,0,False,False,False,87943.2,17.524374,0.4108187,0.23694344,-0.041629672,0.2609883,0.2600743,-0.0022403137,False,False,False,False,0.3201139,0.44658637,False,False,61090.05641512711,,29,False,False,False,False,False,False,False,False,False,False,False,False,False,False,False,False,False,False,False,False,False,i
3,61090.055275032704,lsst,62.49406081850416,-46.37482619608252,170028485730369699,170028486802538795,0,170028485730369699,-6319.7227,315.83597,0,0,0,78537.05,314.39322,True,2026021800064,178,0,1.1784955e-05,1.1807219e-05,-1.661074e-13,472.9851,0.21222861,2092.199,0.21310534,False,-7071.5684,665.0363,False,False,True,19.634844,,1644.3214,1681,-6024.51,0.035386138,62.49406358243394,,-46.37482608018506,,0.62251496,,-164.97548,,,0,False,,,,,,,,0,False,False,False,84989.266,20.571402,0.25695378,0.2743251,-0.0143237375,0.24040961,0.23913115,-0.007806146,False,False,False,False,0.067604,0.3830127,False,False,61090.05722741138,,27,False,False,False,False,False,False,False,False,False,False,False,False,False,False,False,False,False,False,False,False,False,i
3,61090.056141041365,lsst,62.49409119133424,-46.37480695053515,170028485730369699,170028487072022757,0,170028485730369699,-6241.1445,293.99414,0,0,0,70431.31,292.7726,True,2026021800066,180,0,1.0600669e-05,1.10254605e-05,-3.6731907e-12,1594.591,0.18976457,1659.5526,0.19973344,False,-7080.5264,643.4207,False,False,True,21.005314,,1789.6808,1681,-5845.984,2.576166,62.49408809325102,,-46.37480604109486,,0.64118314,,-49.50082,,,0,False,,,,,,,,0,False,False,False,76783.445,22.587683,0.21627024,0.23447664,0.0154554825,0.23248829,0.22120689,-0.006804626,False,False,False,False,0.0002397963,0.39019004,False,False,61090.05807581796,,28,False,False,False,False,False,False,False,False,False,False,False,False,False,False,False,False,False,False,False,False,False,i
3,61090.057011163546,lsst,62.49406729643233,-46.37483447323686,170028485730369699,170028487337836681,0,170028485730369699,-6005.2134,294.901,0,0,0,72931.95,293.80914,True,2026021800068,175,0,1.0918336e-05,1.047829e-05,6.050559e-12,2978.3682,0.19899227,1067.0962,0.18634887,False,-6490.5654,651.57635,False,False,True,20.504076,,1659.4414,1681,-5946.6353,4.3773217,62.49406632982855,,-46.3748374444249,,0.9248314,,-77.01204,,,0,False,,,,,,,,0,False,False,False,79056.2,26.528126,0.23307385,0.21685348,0.038421478,0.22297174,0.20021948,-0.008480544,False,False,False,False,0.020929754,0.37514538,False,False,61090.05887083584,,24,False,False,False,False,False,False,False,False,False,False,False,False,False,False,False,False,False,False,False,False,False,i
3,61090.05877432537,lsst,62.49404821060417,-46.37482474431381,170028485730369699,170028487874707605,0,170028485730369699,-6583.7744,293.71405,0,0,0,71561.24,292.26996,True,2026021800072,175,0,1.1409807e-05,9.978277e-06,3.7653974e-11,1669.5457,0.22451477,1296.276,0.15533115,False,-7036.172,651.2206,False,False,True,21.345846,,1826.5967,1681,-6762.057,2.7443635,62.49404756910804,,-46.37482571189235,,1.2311325,,-122.62069,,,0,False,,,,,,,,0,False,False,False,78321.19,28.179462,0.31985092,0.1718951,0.0034080434,0.23201308,0.19754271,0.00020406314,False,False,False,False,0.10662545,0.38687342,False,False,61090.060690024024,,26,False,False,False,False,False,False,False,False,False,False,False,False,False,False,False,False,False,False,False,False,False,i
3,61090.05963904271,lsst,62.49406639266514,-46.37482136954849,170028485730369699,170028488138948717,0,170028485730369699,-6018.794,348.83405,0,0,0,95231.7,353.37775,True,2026021800074,167,0,1.5880081e-05,1.504433e-05,7.476485e-11,3970.227,0.31965804,1696.055,0.23047179,False,-5984.324,661.4891,False,False,True,17.33313,,1707.7358,1681,-6109.8228,3.176063,62.49406081526533,,-46.37482325753636,,1.2596896,,-128.17026,,,0,False,,,,,,,,0,False,False,False,101360.95,19.193342,0.39284465,0.24288335,0.0051705893,0.32143146,0.2731723,0.010819353,False,False,False,False,0.035000876,0.3044476,False,False,61090.061558246816,,27,False,False,False,False,False,False,False,False,False,False,False,False,False,False,False,False,False,False,False,False,False,i
1,61090.06733600151,lsst,62.49412643169287,-46.37483174186272,170028485730369699,170028490022191222,0,170028485730369699,-1235.276,175.96613,0,0,0,29261.498,165.94633,True,2026021800088,175,0,2.848295e-05,3.39118e-05,-1.1070954e-10,3076.9568,0.50210935,2069.6467,0.61995476,False,-1271.0918,352.41232,False,False,True,7.1380777,,1662.5544,1681,-1525.3699,2.247226,62.494114402357624,,-46.37485297305237,,2.2540042,,-33.970234,,,0,False,,,,,,,,0,False,False,False,30535.768,32.03696,0.16636457,0.6514054,0.16788083,0.29745108,0.23628876,-0.003907832,False,False,False,False,0.8491887,0.22328418,False,False,61090.06906668366,,21,False,False,False,False,False,False,False,False,False,False,False,False,False,False,False,False,False,False,False,False,False,g
1,61090.06820022371,lsst,62.49411172351381,-46.374723885139254,170028485730369699,170028490288005222,0,170028485730369699,-1335.7551,186.55302,0,0,0,26915.205,175.65411,True,2026021800090,170,0,3.699386e-05,3.519234e-05,6.4768656e-11,799.2546,0.6726105,844.99347,0.6278455,False,-1711.07,357.25842,False,False,True,7.1054554,,1687.8744,1681,-1415.9824,28.513453,62.4941338760249,,-46.37471566573181,,1.6440568,,-152.65297,,,0,False,,,,,,,,0,False,False,False,28295.277,19.351131,0.28290293,0.22911707,-0.14643474,0.36201245,0.32581392,-0.002006849,False,False,False,False,0.43051952,0.24087116,False,False,61090.0699597941,,23,False,False,False,False,False,False,False,False,False,False,False,False,False,False,False,False,False,False,False,False,False,g
1,61090.06993013503,lsst,62.494030790738464,-46.37489441580839,170028485730369699,170028490822779013,0,170028485730369699,-1706.7837,210.05534,0,0,0,43529.152,200.37592,True,2026021800094,166,0,4.605619e-05,5.7063524e-05,-1.55903e-09,2856.34,0.57782465,3888.657,1.1891323,False,-1723.2272,364.3339,False,False,True,8.256407,,1707.9963,1681,-2258.9524,20.056217,62.49402863223117,,-46.37489548037901,,2.6514325,,154.43173,,,0,False,,,,,,,,0,False,False,False,45303.023,22.789726,0.21610546,0.9753834,-0.129073,0.343711,0.3510207,-0.018070418,False,False,False,False,0.9883255,0.27194217,False,False,61090.07189022696,,27,False,False,False,False,False,False,False,False,False,False,False,False,False,False,False,False,False,False,False,False,False,g
1,61090.07454199989,lsst,62.49412903400677,-46.3747634661595,170028485730369699,170028492173344875,0,170028485730369699,-1664.6956,183.09175,0,0,0,26867.748,172.91743,True,2026021800104,182,0,3.3215438e-05,2.5951358e-05,-9.0696714e-11,755.4581,0.6030776,1476.2457,0.4611341,False,-1803.0391,358.501,False,False,True,8.941645,,1847.714,1681,,,,,,,,,,,,0,False,,,,,,,,0,False,False,False,28529.371,21.219301,,,,0.3383953,0.2896997,-0.021208791,True,False,False,False,,0.2839386,False,False,61090.076459161675,,23,False,False,False,False,False,False,False,False,False,False,False,False,False,False,False,False,False,False,False,False,False,g
1,61090.07540713674,lsst,62.49414527977694,-46.37482075659626,170028485730369699,170028492438634635,0,170028485730369699,-1734.6517,174.046,0,0,0,27045.053,162.20448,True,2026021800106,176,0,2.2697886e-05,1.9478712e-05,-1.2894405e-11,2132.3728,0.40900353,2676.6829,0.35056227,False,-2004.2634,354.4332,False,False,True,9.988911,,1782.338,1681,-1594.1401,3.860171,62.49413371642489,,-46.37481196735351,,0.2475705,,-76.26981,,,0,False,,,,,,,,0,False,False,False,28788.75,28.149721,0.16873552,0.16379328,0.00073282473,0.28722778,0.26189664,0.0001691034,False,False,False,False,0.6567727,0.29832095,False,False,61090.07712470707,,21,False,False,False,False,False,False,False,False,False,False,False,False,False,False,False,False,False,False,False,False,False,g
4,61090.07857396362,lsst,62.494089839225275,-46.37493467410834,170028485730369699,170028492966592590,0,170028485730369699,-4325.476,513.5084,0,0,0,110014.875,497.02298,True,2026021800110,159,0,7.5165415e-05,6.2684536e-05,-6.163038e-10,389.041,1.3781539,167.94693,1.1004827,False,-7905.029,1097.7379,False,False,True,9.337018,,1708.9128,1681,-5779.548,58.509533,62.4940788610526,,-46.37493721773523,,1.8673575,,-157.86116,,,0,False,,,,,,,,0,False,False,False,114342.45,54.095108,0.3380101,0.6814107,-0.02485644,0.22014853,0.20854114,-0.009982091,False,False,False,False,0.9999627,0.103046395,False,False,61090.080303676725,,23,False,False,False,False,False,False,False,False,False,False,False,False,False,False,False,False,False,False,False,False,False,z
4,61090.08030136314,lsst,62.494125565876246,-46.37494871382998,170028485730369699,170028493516570807,0,170028485730369699,-4585.983,502.7764,0,0,0,112795.72,495.29913,True,2026021800114,184,0,6.233942e-05,8.378804e-05,3.1414157e-10,2329.86,1.1187414,2786.0325,1.5148576,False,-8750.922,1073.7626,False,False,True,9.395029,,1695.7192,1681,-6504.0244,154.88425,62.494063052944384,,-46.374964781585646,,2.5905018,,-158.1912,,,0,False,,,,,,,,0,False,False,False,117437.88,83.6449,0.3364798,0.9570117,-0.19746594,0.21365856,0.2350806,-0.0026356862,False,False,False,False,1.0,0.1275442,False,False,61090.08197497681,,23,False,False,False,False,False,False,False,False,False,False,False,False,False,False,False,False,False,False,False,False,False,z
4,61090.08736450473,lsst,62.49409182231732,-46.37487105577454,170028485730369699,170028495660384395,0,170028485730369699,-5350.2866,458.73715,0,0,0,79470.625,451.37946,True,2026021800130,177,0,2.5739193e-05,4.0380313e-05,-2.4566635e-10,529.4713,0.44258896,1678.9454,0.7417744,False,-8559.565,1111.6405,False,False,True,12.2559805,,1786.4012,1681,-7784.6196,54.720432,62.49407851670001,,-46.37489264277276,,2.52092,,-179.51599,,,0,False,,,,,,,,0,False,False,False,84920.99,89.51027,0.30000672,0.91742,-0.16258574,0.17847067,0.18395995,0.004559993,False,False,False,False,1.0,0.17292945,False,False,61090.089009402276,,23,False,False,False,False,False,False,False,False,False,False,False,False,False,False,False,False,False,False,False,False,False,z
2,61090.092331364,lsst,62.494046559991105,-46.37482885924622,170028485730369699,170028496732553369,0,170028485730369699,-16348.395,252.16103,0,0,0,60216.098,244.78064,True,2026021800138,174,0,3.936296e-06,3.9238557e-06,2.3556235e-14,528.011,0.070878364,3967.1926,0.070752084,False,-17684.137,499.61884,False,False,True,63.994366,,1804.6638,1681,-16425.83,1.5453999,62.49404159197297,,-46.37483363310991,,1.0849799,,-156.30815,,,0,False,,,,,,,,0,False,False,False,76927.11,35.623734,0.29715398,0.30852598,-0.053866018,0.26882192,0.26496306,0.014623825,False,False,False,False,0.114228666,0.57556593,False,False,61090.09394725424,,35,False,False,False,False,False,False,False,False,False,False,False,False,False,False,False,False,False,False,False,False,False,r
2,61090.093190371765,lsst,62.49405576775681,-46.37482780310789,170028485730369699,170028497002037421,0,170028485730369699,-14843.605,264.0074,0,0,0,59830.332,246.50232,True,2026021800140,176,0,4.352987e-06,4.0969294e-06,1.2169091e-12,2208.9248,0.07948116,891.20264,0.072638586,False,-15435.518,524.7123,False,False,True,55.03356,,1791.247,1681,-13971.89,0.31319615,62.494053232314585,,-46.37482756964785,,0.684432,,-66.24225,,,0,False,,,,,,,,0,False,False,False,74938.84,26.751547,0.24995731,0.2539858,0.02035733,0.28694713,0.24615175,0.016658043,False,False,False,False,0.019764142,0.5959928,False,False,61090.0950012377,,35,False,False,False,False,False,False,False,False,False,False,False,False,False,False,False,False,False,False,False,False,False,r
2,61090.09405378883,lsst,62.49404972587862,-46.37482990523181,170028485730369699,170028497270472828,0,170028485730369699,-16100.692,296.6305,0,0,0,75462.19,285.91098,True,2026021800142,176,0,5.1133065e-06,4.7237672e-06,3.3503814e-12,1017.317,0.09541119,2205.1233,0.0813726,False,-15844.317,522.9057,False,False,True,54.339912,,1725.081,1681,-15227.231,0.6114633,62.49404667698921,,-46.37482985935964,,0.7685615,,-128.25703,,,0,False,,,,,,,,0,False,False,False,91874.836,24.716734,0.36009112,0.310726,-0.0072682914,0.36435708,0.30535367,0.012752496,False,False,False,False,2.2884542e-05,0.58087075,False,False,61090.095823515396,,34,False,False,False,False,False,False,False,False,False,False,False,False,False,False,False,False,False,False,False,False,False,r
2,61090.09492124584,lsst,62.49406423181516,-46.37483616921287,170028485730369699,170028497535762662,0,170028485730369699,-16618.463,294.68658,0,0,0,71756.87,276.23758,True,2026021800144,170,0,4.8427823e-06,4.860191e-06,-3.5626878e-13,2656.6152,0.08668809,568.93353,0.088193566,False,-16901.264,531.4252,False,False,True,55.150784,,1781.9482,1681,-15761.052,0.36754575,62.49406258127069,,-46.37483765539613,,0.7116475,,-44.736958,,,0,False,,,,,,,,0,False,False,False,88426.1,24.534296,0.31658477,0.35857594,0.0062805433,0.34724492,0.30247504,0.034520287,False,False,False,False,0.012407606,0.6069551,False,False,61090.0967214501,,36,False,False,False,False,False,False,False,False,False,False,False,False,False,False,False,False,False,False,False,False,False,r
2,61090.09599628654,lsst,62.49406422290708,-46.37482514715582,170028485730369699,170028497810489465,0,170028485730369699,-16169.881,296.23392,0,0,0,72836.85,282.13956,True,2026021800146,182,0,5.3977637e-06,5.163523e-06,-5.7372564e-13,545.81683,0.097433664,1989.3341,0.09283607,False,-15865.889,530.0266,False,False,True,53.323326,,1716.737,1681,-15518.488,0.062271796,62.494061931897505,,-46.37482356450035,,0.8284083,,-42.299362,,,0,False,,,,,,,,0,False,False,False,89203.09,21.794304,0.37088883,0.3491061,0.02795802,0.348428,0.3315339,-0.0045049875,False,False,False,False,0.029085817,0.6112424,False,False,61090.097759420845,,34,False,False,False,False,False,False,False,False,False,False,False,False,False,False,False,False,False,False,False,False,False,r
2,61090.09686344318,lsst,62.49403176984229,-46.37482616592118,170028485730369699,170028498078400649,0,170028485730369699,-15695.062,274.42014,0,0,0,69708.445,264.47998,True,2026021800148,181,0,5.175626e-06,4.6124896e-06,-6.9719393e-13,674.4396,0.09335197,3681.9822,0.082965374,False,-16530.785,505.62836,False,False,True,57.0058,,1725.3347,1681,-16126.723,0.73584425,62.49402703769557,,-46.374827493487615,,1.2181959,,-119.941154,,,0,False,,,,,,,,0,False,False,False,85712.27,22.499985,0.39814475,0.36210433,-0.06589326,0.33876672,0.28337806,-0.019084385,False,False,False,False,0.31878656,0.6014339,False,False,61090.0988469594,,38,False,False,False,False,False,False,False,False,False,False,False,False,False,False,False,False,False,False,False,False,False,r
2,61090.097731774,lsst,62.49406827053724,-46.37483095946861,170028485730369699,170028498345787519,0,170028485730369699,-15868.134,297.7202,0,0,0,74450.55,286.27267,True,2026021800150,179,0,5.043124e-06,5.580506e-06,1.1660865e-13,531.898,0.09080268,2343.9146,0.10070843,False,-16038.955,526.087,False,False,True,53.187557,,1741.6216,1681,-15930.077,0.3558865,62.49406984735955,,-46.37482994425786,,1.1568584,,-15.673133,,,0,False,,,,,,,,0,False,False,False,90646.766,22.43062,0.32445252,0.4264419,0.033593487,0.34603956,0.3410318,0.008828767,False,False,False,False,0.07162668,0.5739153,False,False,61090.09954583889,,38,False,False,False,False,False,False,False,False,False,False,False,False,False,False,False,False,False,False,False,False,False,r
2,61090.09859919323,lsst,62.494081656904584,-46.374828154261564,170028485730369699,170028498612125833,0,170028485730369699,-15707.926,266.95776,0,0,0,63685.297,251.84824,True,2026021800152,175,0,4.0240143e-06,4.331394e-06,-2.0805439e-13,565.4301,0.07238979,1460.6416,0.07811346,False,-16087.118,513.9913,False,False,True,59.93055,,1765.3555,1681,-15376.866,0.33108875,62.4940798803527,,-46.37482806018543,,0.78068876,,-5.87737,,,0,False,,,,,,,,0,False,False,False,79649.65,23.699503,0.26807386,0.32153413,0.0012029767,0.29491574,0.28461176,-0.016373646,False,False,False,False,0.0021924248,0.6058458,False,False,61090.100379375435,,42,False,False,False,False,False,False,False,False,False,False,False,False,False,False,False,False,False,False,False,False,False,r
2,61090.099464052495,lsst,62.494073131300276,-46.37482693103102,170028485730369699,170028498882134358,0,170028485730369699,-15700.765,266.70175,0,0,0,60539.336,252.71648,True,2026021800154,178,0,4.226328e-06,4.342507e-06,-1.9662254e-13,2326.1174,0.0760239,2142.1313,0.07843537,False,-16930.975,522.4326,False,False,True,58.36774,,1655.0281,1681,-15125.413,0.20915015,62.49407195171715,,-46.374826555466775,,0.7875258,,-12.52198,,,0,False,,,,,,,,0,False,False,False,76438.74,25.890148,0.2668002,0.321221,0.0015963732,0.28574,0.26508448,0.0004888775,False,False,False,False,0.030997364,0.5638478,False,False,61090.10202277309,,39,False,False,False,False,False,False,False,False,False,False,False,False,False,False,False,False,False,False,False,False,False,r
2,61090.10032576205,lsst,62.494048366188984,-46.37483515054842,170028485730369699,170028499151618409,0,170028485730369699,-15478.55,289.59055,0,0,0,73632.08,270.29205,True,2026021800156,180,0,5.929503e-06,4.955499e-06,3.3955334e-12,2860.6875,0.10823347,1140.0112,0.08745032,False,-16241.105,520.4839,False,False,True,52.673214,,1709.6367,1681,-14934.561,0.08891842,62.49404707010216,,-46.37483469231855,,0.77456456,,-115.92033,,,0,False,,,,,,,,0,False,False,False,89273.32,23.098455,0.39650428,0.3473886,-0.008646874,0.37198722,0.2843366,-0.014677912,False,False,False,False,0.13599685,0.6085318,False,False,61090.10209569258,,35,False,False,False,False,False,False,False,False,False,False,False,False,False,False,False,False,False,False,False,False,False,r
2,61090.10119170266,lsst,62.4940724556005,-46.374818304453605,170028485730369699,170028499417956490,0,170028485730369699,-15306.261,284.6784,0,0,0,70216.82,274.29068,True,2026021800158,176,0,5.2020855e-06,5.0268527e-06,9.067079e-13,255.96689,0.09429539,976.007,0.08992994,False,-15915.329,513.7717,False,False,True,53.65347,,1771.8854,1681,-15030.29,0.3726842,62.49406941156877,,-46.374818701236144,,0.8271097,,-58.983162,,,0,False,,,,,,,,0,False,False,False,85890.94,22.239407,0.33717188,0.3548697,0.028628247,0.35100475,0.30151275,0.0019173436,False,False,False,False,0.029524822,0.5968277,False,False,61090.10304052852,,35,False,False,False,False,False,False,False,False,False,False,False,False,False,False,False,False,False,False,False,False,False,r
2,61090.10205793161,lsst,62.49405953569585,-46.37482374274922,170028485730369699,170028499681149062,0,170028485730369699,-15004.663,294.0726,0,0,0,75531.19,288.23727,True,2026021800160,166,0,5.4207007e-06,5.319249e-06,7.7103677e-13,1384.7451,0.09831209,3321.5542,0.09527034,False,-15016.018,519.8138,False,False,True,50.77516,,1725.8054,1681,-14326.497,0.8339547,62.494057814605426,,-46.37482369713559,,0.8066267,,-164.89612,,,0,False,,,,,,,,0,False,False,False,90894.49,21.45669,0.3451429,0.34722242,-0.028408986,0.3447735,0.34197026,-0.0044130366,False,False,False,False,0.00057672214,0.5815053,False,False,61090.1038125169,,47,False,False,False,False,False,False,False,False,False,False,False,False,False,False,False,False,False,False,False,False,False,r
2,61090.10386545979,lsst,62.49405456059107,-46.374821222256685,170028485730369699,170028500222738807,0,170028485730369699,-16083.497,268.98856,0,0,0,65173.95,257.50647,True,2026021800164,175,0,4.704167e-06,4.2450747e-06,2.151347e-12,3086.1853,0.08641797,2516.0457,0.074558556,False,-16671.168,508.6789,False,False,True,59.770615,,1736.4381,1681,-15900.995,0.45464918,62.49405211515591,,-46.374821553229154,,0.9440187,,-89.80461,,,0,False,,,,,,,,0,False,False,False,81573.89,22.459673,0.35574642,0.30122966,0.028969225,0.33438817,0.28297907,0.008047972,False,False,False,False,0.031317253,0.60671157,False,False,61090.105713422534,,36,False,False,False,False,False,False,False,False,False,False,False,False,False,False,False,False,False,False,False,False,False,r
2,61090.10472905353,lsst,62.494058779176655,-46.374823282956086,170028485730369699,170028500486455864,0,170028485730369699,-16914.465,274.2193,0,0,0,62945.168,255.72163,True,2026021800166,166,0,4.3488076e-06,4.269345e-06,5.1365954e-13,3353.422,0.078874454,501.03445,0.076377474,False,-17727.82,530.8297,False,False,True,62.359158,,1725.0424,1681,-16103.298,0.42552662,62.49405559225867,,-46.37482428379871,,0.60796773,,-98.56382,,,0,False,,,,,,,,0,False,False,False,79979.44,24.184908,0.34385523,0.32008734,0.010470261,0.29241437,0.28075075,0.0055153607,False,False,False,False,0.16476622,0.60720265,False,False,61090.10652884102,,34,False,False,False,False,False,False,False,False,False,False,False,False,False,False,False,False,False,False,False,False,False,r
3,61091.02487820663,lsst,62.49404843181941,-46.374841854866915,170028485730369699,170032879077163098,0,170028485730369699,-7441.935,362.5147,0,0,0,82956.67,367.10782,True,2026021900021,177,0,1.08315735e-05,1.1802688e-05,-7.330503e-12,2511.573,0.19323605,555.3395,0.21464904,False,-7787.1196,759.86957,False,False,True,20.133121,,1705.6077,1681,-8066.8823,7.2992835,62.494047384337044,,-46.37484137256905,,1.5381863,,-69.93621,,,0,False,,,,,,,,0,False,False,False,90467.984,24.121536,0.33633173,0.26848167,0.116023876,0.20680423,0.294516,0.03090966,False,False,False,False,0.23499687,0.4743046,False,False,61091.026823344306,,26,False,False,False,False,False,False,False,False,False,False,False,False,False,False,False,False,False,False,False,False,False,i
3,61091.02574443587,lsst,62.494062569686996,-46.37482693016109,170028485730369699,170032879346122973,0,170028485730369699,-6669.3564,360.17953,0,0,0,83626.31,364.40912,True,2026021900023,178,0,1.3372018e-05,1.33565845e-05,1.9883281e-13,1283.8596,0.24091974,1694.9832,0.24098735,False,-7962.7305,737.3856,False,False,True,18.189976,,1804.8,1681,-6355.124,0.25334278,62.49405792048907,,-46.3748246002777,,0.70175326,,-46.57975,,,0,False,,,,,,,,0,False,False,False,90434.66,21.011309,0.2934901,0.322619,0.015628733,0.226443,0.29202202,-0.010006323,False,False,False,False,0.20596515,0.3858194,False,False,61091.027558443195,,25,False,False,False,False,False,False,False,False,False,False,False,False,False,False,False,False,False,False,False,False,False,i
3,61091.02661367117,lsst,62.49410083584545,-46.37482432106857,170028485730369699,170032879610888333,0,170028485730369699,-6956.8228,319.56693,0,0,0,69395.3,320.12125,True,2026021900025,171,0,1.0892612e-05,1.13642345e-05,-8.040631e-12,3148.0745,0.19247234,3035.749,0.20825134,False,-7937.969,705.57086,False,False,True,21.821604,,1636.3671,1681,-6619.299,2.7096274,62.49409781531164,,-46.374826887323195,,0.9011981,,-42.7549,,,0,False,,,,,,,,0,False,False,False,76428.58,33.106983,0.24955001,0.31338298,0.017526308,0.22256902,0.21269795,-0.0066889855,False,False,False,False,0.37423006,0.3746356,False,False,61091.02836326964,,27,False,False,False,False,False,False,False,False,False,False,False,False,False,False,False,False,False,False,False,False,False,i
3,61091.0274840945,lsst,62.494065828788386,-46.37484888121865,170028485730369699,170032879882993923,0,170028485730369699,-7251.1924,334.46936,0,0,0,77476.85,336.22473,True,2026021900027,178,0,1.10249985e-05,1.1852548e-05,-2.6442673e-11,571.99927,0.18274686,1801.8844,0.22763121,False,-8811.706,717.9743,False,False,True,21.417637,,1757.2611,1681,-7486.829,1.3985658,62.49406706277377,,-46.37485251242564,,1.1980429,,148.15434,,,0,False,,,,,,,,0,False,False,False,84848.25,31.76989,0.23191705,0.36630347,-0.007735029,0.19779904,0.26038826,-0.0066792252,False,False,False,False,0.41534203,0.39341542,False,False,61091.02924251724,,28,False,False,False,False,False,False,False,False,False,False,False,False,False,False,False,False,False,False,False,False,False,i
3,61091.02835722653,lsst,62.49404800007314,-46.37482291391646,170028485730369699,170032880144613564,0,170028485730369699,-7046.5273,304.8674,0,0,0,65285.168,305.20654,True,2026021900029,165,0,1.0665296e-05,1.0853968e-05,-1.6183128e-11,2370.677,0.17978495,3256.7988,0.20738065,False,-9270.505,709.86743,False,False,True,22.57807,,1741.6486,1681,-6836.6836,1.7519575,62.49405136154512,,-46.37483100636686,,0.96511745,,-48.72466,,,0,False,,,,,,,,0,False,False,False,72468.19,72.08266,0.24013522,0.32161403,0.011112479,0.16539764,0.21715651,-0.016976697,False,False,False,False,0.6512305,0.46086058,False,False,61091.030201277754,,23,False,False,False,False,False,False,False,False,False,False,False,False,False,False,False,False,False,False,False,False,False,i
3,61091.0311321053,lsst,62.494052281468264,-46.37483025426185,170028485730369699,170032880954114201,0,170028485730369699,-6532.574,284.02414,0,0,0,65194.94,283.53998,True,2026021900035,173,0,1.2056216e-05,1.1031848e-05,6.7510034e-12,4030.4263,0.21842898,2709.9897,0.19736984,False,-8418.514,668.3405,False,False,True,22.58522,,1841.9246,1681,-6573.0884,1.732088,62.494041395001204,,-46.374842615188626,,0.9166483,,-127.52203,,,0,False,,,,,,,,0,False,False,False,71828.91,95.4594,0.2968094,0.24387376,-0.027110448,0.16707806,0.20720373,-0.0017060265,False,False,False,False,0.6040009,0.46034035,False,False,61091.03284765086,,24,False,False,False,False,False,False,False,False,False,False,False,False,False,False,False,False,False,False,False,False,False,i
3,61091.033729276605,lsst,62.4940704645592,-46.374816679094906,170028485730369699,170032881759944880,0,170028485730369699,-6025.691,255.67253,0,0,0,52101.066,254.21655,True,2026021900041,174,0,7.821687e-06,8.308741e-06,-8.8750465e-12,647.8378,0.13405275,1917.43,0.15599613,False,-8267.245,659.6419,False,False,True,22.481758,,1753.1527,1681,-5955.064,1.6105297,62.494065970799916,,-46.37481694430595,,1.0621923,,-60.977814,,,0,False,,,,,,,,0,False,False,False,58258.56,77.038506,0.15857553,0.21996033,0.045432664,0.13839701,0.15787563,-0.0073899287,False,False,False,False,0.24891594,0.3238729,False,False,61091.03551752312,,24,False,False,False,False,False,False,False,False,False,False,False,False,False,False,False,False,False,False,False,False,False,i
3,61091.03459687574,lsst,62.49405834298954,-46.374816211131595,170028485730369699,170032882029953186,0,170028485730369699,-5715.5444,268.4875,0,0,0,55179.883,267.02765,True,2026021900043,177,0,9.374988e-06,9.2723485e-06,4.6441223e-12,3960.7146,0.17246923,1360.2876,0.16361323,False,-7006.6094,672.79156,False,False,True,20.662003,,1717.2513,1681,-5930.562,1.9705093,62.49404597762532,,-46.3748175920058,,1.0069103,,-110.16333,,,0,False,,,,,,,,0,False,False,False,60988.867,58.147022,0.255407,0.18078873,0.02954279,0.15461771,0.16481769,-0.019989628,False,False,False,False,0.41448164,0.26350698,False,False,61091.03645948127,,25,False,False,False,False,False,False,False,False,False,False,False,False,False,False,False,False,False,False,False,False,False,i
3,61091.035462831685,lsst,62.49405139701032,-46.37483075137767,170028485730369699,170032882291048664,0,170028485730369699,-6839.1084,260.80582,0,0,0,55685.613,259.67642,True,2026021900045,163,0,7.7292125e-06,7.716981e-06,4.336722e-12,2007.9973,0.1441002,3959.7405,0.13409695,False,-8171.008,655.23663,False,False,True,26.010092,,1846.6204,1681,-6755.5713,1.5056148,62.49404916151757,,-46.374832538127706,,1.0278715,,-122.04521,,,0,False,,,,,,,,0,False,False,False,62661.227,62.91101,0.26947266,0.1799022,0.0214594,0.15592338,0.15532354,-0.010894116,False,False,False,False,0.53615314,0.42663416,False,False,61091.03732106148,,29,False,False,False,False,False,False,False,False,False,False,False,False,False,False,False,False,False,False,False,False,False,i
3,61091.03632717785,lsst,62.49405128168765,-46.374812417633414,170028485730369699,170032882558959817,0,170028485730369699,-6533.5317,264.39154,0,0,0,54967.625,263.45975,True,2026021900047,162,0,8.692917e-06,8.600587e-06,-3.038828e-12,997.6383,0.15254311,3079.6824,0.1591621,False,-8429.611,661.82117,False,False,True,24.044432,,1789.8456,1681,-6166.035,2.3248158,62.49404643725425,,-46.37480850247338,,0.8555612,,-93.27084,,,0,False,,,,,,,,0,False,False,False,61645.777,66.086136,0.20093459,0.20769046,0.03324376,0.15922336,0.1540829,-0.0032960025,False,False,False,False,0.30484638,0.35844943,False,False,61091.038179722455,,29,False,False,False,False,False,False,False,False,False,False,False,False,False,False,False,False,False,False,False,False,False,i
1,61091.03943842836,lsst,62.49406640303458,-46.37486972121255,170028485730369699,170032883098452128,0,170028485730369699,-1621.9122,184.62741,0,0,0,33106.242,175.77666,True,2026021900051,167,0,2.9009543e-05,3.114149e-05,-7.9200875e-11,2673.3516,0.5104501,3901.6692,0.57240105,False,-1940.4845,357.63943,False,False,True,8.921922,,1695.5878,1681,-1773.5146,3.2223208,62.494067994129416,,-46.374905061284046,,1.6810601,,175.06042,,,0,False,,,,,,,,0,False,False,False,34701.598,58.701492,0.2842393,0.49963906,-0.092551574,0.25247672,0.25246257,0.0021921322,False,False,False,False,0.8548751,0.27109948,False,False,61091.0411319633,,22,False,False,False,False,False,False,False,False,False,False,False,False,False,False,False,False,False,False,False,False,False,g
1,61091.07732221985,lsst,62.49405714820282,-46.37468065044411,170028485730369699,170032884181631147,0,170028485730369699,-1068.6854,214.92207,0,0,0,33683.293,204.90294,True,2026021900059,185,0,4.8968966e-05,5.2549018e-05,3.623946e-11,2955.9336,0.8816656,41.271328,0.9479363,False,-652.5,362.1354,False,False,True,5.0804653,,1720.1475,1681,-1217.595,22.876898,62.49403815802922,,-46.37469813599252,,1.7379785,,-38.923298,,,0,False,,,,,,,,0,False,False,False,34823.566,20.423422,0.42320684,0.43588626,0.15092255,0.43358505,0.5131743,-0.0046089333,False,False,False,False,0.09672277,0.21786627,False,False,61091.07932756623,,20,False,False,False,False,False,False,False,False,False,False,False,False,False,False,False,False,False,False,False,False,False,g
1,61091.08275016336,lsst,62.494166376917015,-46.37485808538248,170028485730369699,170032885775466627,0,170028485730369699,-1304.8121,184.19997,0,0,0,32722.773,173.59105,True,2026021900071,153,0,6.102485e-05,4.9257127e-05,-1.1262015e-09,2980.3123,1.1916692,2072.3909,0.7584737,False,-1107.4885,349.18323,False,False,True,7.17169,,1773.2185,1681,-1696.8378,12.106056,62.49416055614596,,-46.37487049955876,,2.451029,,-30.086576,,,0,False,,,,,,,,0,False,False,False,34063.46,36.428772,0.69209266,0.34805313,0.29357085,0.27015936,0.30352592,-0.0061930018,False,False,False,False,0.9913097,0.2619265,False,False,61091.08454729365,,22,False,False,False,False,False,False,False,False,False,False,False,False,False,False,False,False,False,False,False,False,False,g
1,61091.08622172479,lsst,62.493905718252144,-46.37474182760301,170028485730369699,170032886864937078,0,170028485730369699,-1272.2611,225.48077,0,0,0,38236.355,219.56947,True,2026021900079,183,0,4.922855e-05,4.3703727e-05,-4.7705406e-11,2310.936,0.8871321,3810.2957,0.7871417,False,-1031.2839,381.1146,False,False,True,5.7016706,,1675.7388,1681,-1382.807,7.391552,62.49392813965013,,-46.37474846613638,,2.0605826,,-79.38022,,,0,False,,,,,,,,0,False,False,False,39598.176,17.494913,0.7406137,0.31075808,0.038952217,0.4803419,0.37205273,-0.0044506276,False,False,False,False,0.44108564,0.19273154,False,False,61091.08816484225,,22,False,False,False,False,False,False,False,False,False,False,False,False,False,False,False,False,False,False,False,False,False,g
4,61091.09130836065,lsst,62.49401262996831,-46.37493199723372,170028485730369699,170032887932911756,0,170028485730369699,-5786.382,570.6589,0,0,0,155568.38,568.9701,True,2026021900087,172,0,3.7205264e-05,5.3343625e-05,-5.191255e-10,3103.9373,0.6284104,3200.8481,0.9891313,False,-8124.847,1030.4434,False,False,True,10.059919,,1712.92,1681,-7765.7725,38.09445,62.49403010975753,,-46.37493143526231,,2.8405135,,-18.866842,,,0,False,,,,,,,,0,False,False,False,161435.12,36.01093,0.37984595,1.25166,0.017744122,0.29843736,0.27485418,0.0011935463,False,False,False,False,1.0,0.15581012,False,False,61091.09327729739,,29,False,True,False,False,False,False,False,True,False,False,False,False,False,False,False,False,False,False,False,False,False,z
4,61091.09582622063,lsst,62.49408854839602,-46.3748805771763,170028485730369699,170032889279807615,0,170028485730369699,-5625.9146,507.8479,0,0,0,110243.77,494.10303,True,2026021900097,181,0,3.5270918e-05,4.003128e-05,-1.374618e-11,40.903625,0.63501656,908.6778,0.7215677,False,-6065.159,1035.0448,False,False,True,11.288984,,1793.9515,1681,-6394.0947,2.420512,62.494093887316396,,-46.37488711740273,,1.6280837,,-39.409878,,,0,False,,,,,,,,0,False,False,False,115965.766,59.590027,0.36925125,0.44151765,0.12572302,0.24277095,0.23090243,0.0060096644,False,False,False,False,0.9503975,0.10514248,False,False,61091.09757632361,,23,False,False,False,False,False,False,False,False,False,False,False,False,False,False,False,False,False,False,False,False,False,z
4,61091.098420225375,lsst,62.49400541642694,-46.374841513996394,170028485730369699,170032890081968294,0,170028485730369699,-4478.603,464.0682,0,0,0,95182.08,457.89252,True,2026021900103,175,0,2.9752362e-05,2.378866e-05,1.4046442e-10,1945.1333,0.5515448,2556.3325,0.40845108,False,-4372.258,1017.6936,False,False,True,9.520634,,1723.832,1681,-5321.6333,60.907944,62.49399768817309,,-46.37484869513943,,1.9594873,,-147.76244,,,0,False,,,,,,,,0,False,False,False,99684.62,99.19598,0.38814825,0.26981804,-0.2100286,0.18970963,0.23282914,-0.014705471,False,False,False,False,0.8066964,0.11210719,False,False,61091.10018520074,,21,False,False,False,False,False,False,False,False,False,False,False,False,False,False,False,False,False,False,False,False,False,z
2,61091.104479826376,lsst,62.494045012704696,-46.37482844000544,170028485730369699,170032891429388623,0,170028485730369699,-16158.869,264.30463,0,0,0,58807.26,245.49968,True,2026021900113,185,0,3.9917613e-06,3.841922e-06,-5.678988e-13,244.96933,0.072427824,648.79156,0.06873019,False,-17029.404,528.2283,False,False,True,61.364807,,1786.4972,1681,-14820.811,0.51115966,62.49403745549091,,-46.37483286113506,,0.70898545,,-111.551704,,,0,False,,,,,,,,0,False,False,False,75009.95,46.251522,0.29173112,0.29098883,-0.021872878,0.24771005,0.2381983,-0.009763715,False,False,False,False,0.21471997,0.6344195,False,False,61091.10621703314,,31,False,False,False,False,False,False,False,False,False,False,False,False,False,False,False,False,False,False,False,False,False,r
2,61091.149244636545,lsst,62.49405863228333,-46.374833901676475,170028485730369699,170032896492437664,0,170028485730369699,-16229.812,272.35318,0,0,0,67044.31,263.63034,True,2026021900151,114,0,4.3086343e-06,4.255001e-06,5.528027e-12,3013.7502,0.06446527,3028.331,0.08793581,False,-16510.225,527.9568,False,False,True,57.931824,,1641.4594,1681,-16733.473,3.3003392,62.49406021526934,,-46.3748370985195,,1.2138435,,40.945786,,,0,False,,,,,,,,0,False,False,False,83528.59,38.65232,0.25855505,0.39413154,0.012424681,0.23821746,0.37373164,0.0031265123,False,False,False,False,0.033361297,0.6156822,False,False,61091.15475383884,,33,False,False,False,False,False,False,False,False,False,False,False,False,False,False,False,False,False,False,False,False,False,r
2,61091.150111933406,lsst,62.49405073407509,-46.37482350120735,170028485730369699,170032896798097768,0,170028485730369699,-15980.836,297.4317,0,0,0,68995.93,287.9165,True,2026021900153,185,0,4.5031697e-06,4.727066e-06,5.727655e-12,2049.0906,0.07090421,838.32214,0.09392126,False,-16891.758,568.2112,False,False,True,51.915554,,1688.8057,1681,-16265.256,3.2118597,62.49405804588998,,-46.374817216748106,,1.076033,,-136.42874,,,0,False,,,,,,,,0,False,False,False,85196.47,54.97047,0.2530862,0.35840106,-0.007122349,0.24230158,0.37451753,-0.007828444,False,False,False,False,0.0005774108,0.59174573,False,False,61091.1558012524,,37,False,False,False,False,False,False,False,False,False,False,False,False,False,False,False,False,False,False,False,False,False,r
2,61091.15098038915,lsst,62.4940635978239,-46.374826116203174,170028485730369699,170032897049756324,0,170028485730369699,-15082.991,262.7626,0,0,0,57263.25,251.12207,True,2026021900155,153,0,4.3701616e-06,4.41928e-06,5.9346267e-13,3534.0056,0.07786931,483.84863,0.08040026,False,-16186.61,532.57837,False,False,True,57.901882,,1774.0349,1681,-14609.874,0.49849266,62.49406651250719,,-46.374827955052126,,0.59270424,,-34.244236,,,0,False,,,,,,,,0,False,False,False,72474.65,42.505527,0.3103264,0.2883611,0.010328008,0.24166116,0.28938088,-0.027262876,False,False,False,False,0.10220949,0.6675743,False,False,61091.15626140652,,33,False,False,False,False,False,False,False,False,False,False,False,False,False,False,False,False,False,False,False,False,False,r
2,61091.15184720105,lsst,62.49406317643998,-46.374819649384506,170028485730369699,170032897321337021,0,170028485730369699,-15179.958,254.39742,0,0,0,51561.87,241.89966,True,2026021900157,159,0,3.933525e-06,3.8750977e-06,-2.8961255e-13,272.73187,0.07117281,2299.7551,0.06949045,False,-15293.165,546.8951,False,False,True,60.222496,,1758.2291,1681,-14603.501,0.01568666,62.494062178861824,,-46.374819230896875,,0.6087488,,-57.87735,,,0,False,,,,,,,,0,False,False,False,66940.55,45.177162,0.27284837,0.24117254,0.0023536012,0.23341663,0.24300364,-0.020957094,False,False,False,False,0.03647331,0.7008351,False,False,61091.15683034985,,30,False,False,False,False,False,False,False,False,False,False,False,False,False,False,False,False,False,False,False,False,False,r
2,61091.15271300959,lsst,62.49407087724999,-46.374824535828644,170028485730369699,170032897590296761,0,170028485730369699,-15619.375,267.5684,0,0,0,57117.03,256.32352,True,2026021900159,160,0,4.1266053e-06,4.261708e-06,5.977532e-13,977.3986,0.07382052,1006.3118,0.07732986,False,-17191.268,557.5462,False,False,True,56.54162,,1733.3168,1681,-15138.602,0.40017337,62.4940707750479,,-46.37482253983118,,0.46260434,,18.170084,,,0,False,,,,,,,,0,False,False,False,73003.58,43.74988,0.2823906,0.30038694,0.0012360413,0.24303016,0.28743804,-0.027721943,False,False,False,False,0.06258972,0.61901027,False,False,61091.15645206072,,33,False,False,False,False,False,False,False,False,False,False,False,False,False,False,False,False,False,False,False,False,False,r
2,61091.153586702756,lsst,62.494051384744914,-46.37482801261704,170028485730369699,170032897869742233,0,170028485730369699,-15756.188,271.62912,0,0,0,59301.6,261.67102,True,2026021900161,181,0,4.136252e-06,4.184822e-06,1.5497786e-13,3345.6462,0.07436859,3213.9001,0.07554361,False,-17820.855,552.0385,False,False,True,56.935883,,1674.933,1681,-16265.473,1.2437103,62.49404921181666,,-46.3748284605339,,1.2063271,,-127.36486,,,0,False,,,,,,,,0,False,False,False,75427.016,63.477245,0.30441892,0.34314677,-0.06521603,0.2677727,0.2879558,-0.05260727,False,False,False,False,0.17307946,0.6634843,False,False,61091.15733543588,,34,False,False,False,False,False,False,False,False,False,False,False,False,False,False,False,False,False,False,False,False,False,r
2,61091.15444985288,lsst,62.494036751969865,-46.37481513827018,170028485730369699,170032898139750544,0,170028485730369699,-15188.651,276.13235,0,0,0,59134.367,268.48978,True,2026021900163,184,0,4.056534e-06,4.6316936e-06,9.154375e-13,56.765152,0.07267072,3113.593,0.08385667,False,-15678.09,563.0081,False,False,True,55.271637,,1801.2118,1681,-16113.981,4.6167145,62.49403473284766,,-46.3748133384334,,1.2662654,,-132.72337,,,0,False,,,,,,,,0,False,False,False,74623.54,35.401783,0.28129476,0.32130063,-0.07395167,0.24727875,0.30505347,-0.059883855,False,False,False,False,0.055692717,0.65818226,False,False,61091.15818952971,,31,False,False,False,False,False,False,False,False,False,False,False,False,False,False,False,False,False,False,False,False,False,r
2,61091.15721669306,lsst,62.49405945684761,-46.37483132828912,170028485730369699,170032898932474124,0,170028485730369699,-15818.064,259.52814,0,0,0,51619.05,247.2897,True,2026021900169,160,0,3.943827e-06,3.8831095e-06,-5.642923e-13,1156.9718,0.07193692,1144.3501,0.0690904,False,-16799.264,563.5789,False,False,True,59.397778,,1758.8207,1681,-14797.818,0.5553433,62.49405876808896,,-46.37483160497366,,0.41995156,,-13.35029,,,0,False,,,,,,,,0,False,False,False,67722.695,55.619347,0.2554771,0.2536496,0.0074211224,0.2253289,0.22597912,-0.005237668,False,False,False,False,0.08863343,0.65999645,False,False,61091.15982983228,,29,False,False,False,False,False,False,False,False,False,False,False,False,False,False,False,False,False,False,False,False,False,r
2,61091.158084597024,lsst,62.494063182068736,-46.374826846076346,170028485730369699,170032899195142334,0,170028485730369699,-15406.153,246.02724,0,0,0,49333.492,237.72484,True,2026021900171,149,0,3.8234243e-06,3.6394808e-06,-1.0803148e-12,2205.151,0.07021969,3806.5725,0.06405102,False,-17128.56,542.7123,False,False,True,63.196957,,1685.3765,1681,-14607.44,0.07084768,62.49406342187556,,-46.374827606123404,,0.56059194,,-29.330095,,,0,False,,,,,,,,0,False,False,False,65061.02,37.173725,0.27003625,0.25775957,0.012015413,0.22926486,0.2105556,-0.017364755,False,False,False,False,0.19756049,0.6420391,False,False,61091.16023603204,,29,False,False,False,False,False,False,False,False,False,False,False,False,False,False,False,False,False,False,False,False,False,r
2,61091.158956368585,lsst,62.49406718273282,-46.37483670221183,170028485730369699,170032899469344934,0,170028485730369699,-15943.681,272.38968,0,0,0,55599.676,261.2889,True,2026021900173,160,0,4.59413e-06,4.177581e-06,-1.8715771e-12,920.76904,0.08434646,1734.2219,0.073558435,False,-17342.9,566.43915,False,False,True,57.42799,,1671.7543,1681,-15322.686,0.12812652,62.494067099182026,,-46.374837309795055,,0.6327859,,-47.029377,,,0,False,,,,,,,,0,False,False,False,71802.56,32.506092,0.30411395,0.2774531,0.010984121,0.2787097,0.23032527,0.007292415,False,False,False,False,0.121479474,0.64689666,False,False,61091.16082628382,,32,False,False,False,False,False,False,False,False,False,False,False,False,False,False,False,False,False,False,False,False,False,r
2,61094.10552651164,lsst,62.49405391455088,-46.37483177042952,170028485730369699,170046086088491144,0,170028485730369699,-16148.622,266.284,0,0,0,64942.84,254.96324,True,2026022200117,152,0,4.433212e-06,4.371842e-06,-2.3841085e-12,2018.3903,0.08405568,3099.6106,0.07422638,False,-16448.527,508.09082,False,False,True,60.48694,,1697.29,1681,-15784.103,0.055284694,62.49405339811506,,-46.37483138018519,,0.7128385,,-76.44008,,,0,False,,,,,,,,0,False,False,False,81381.95,31.005188,0.3439534,0.32004568,-0.018475227,0.3402542,0.2903697,-0.033016596,False,False,False,False,0.021862727,0.60313183,False,False,61094.10730805769,,34,False,False,False,False,False,False,False,False,False,False,False,False,False,False,False,False,False,False,False,False,False,r
2,61094.10638893935,lsst,62.49405735967407,-46.37482888266776,170028485730369699,170046086357450905,0,170028485730369699,-15701.776,254.73772,0,0,0,59750.402,242.52708,True,2026022200119,153,0,4.502847e-06,4.1660105e-06,-4.627615e-12,1401.0657,0.087630525,3601.2986,0.067262754,False,-16416.516,503.26822,False,False,True,59.78145,,1714.0267,1681,-15898.293,1.0190703,62.49405731704515,,-46.374828579165616,,0.9376675,,-65.17748,,,0,False,,,,,,,,0,False,False,False,75656.16,30.73318,0.34308797,0.27056226,-0.015402624,0.34154913,0.254989,-0.033390403,False,False,False,False,0.0061215125,0.6086827,False,False,61094.108208487916,,34,False,False,False,False,False,False,False,False,False,False,False,False,False,False,False,False,False,False,False,False,False,r
2,61094.10725373378,lsst,62.494057513093196,-46.37483325944438,170028485730369699,170046086625886605,0,170028485730369699,-15543.805,225.37915,0,0,0,46713.895,211.72038,True,2026022200121,153,0,3.714913e-06,3.1845482e-06,-3.275176e-12,2875.5635,0.07143499,1390.8148,0.051608123,False,-17421.357,504.512,False,False,True,68.45532,,1869.502,1681,-15973.525,0.4024617,62.4940592256079,,-46.37483382770884,,0.9923627,,-62.84042,,,0,False,,,,,,,,0,False,False,False,62651.832,57.738735,0.31182608,0.22226682,-0.0051776296,0.27483305,0.18736085,-0.013305843,False,False,False,False,0.13058758,0.6594561,False,False,61094.109044608216,,32,False,False,False,False,False,False,False,False,False,False,False,False,False,False,False,False,False,False,False,False,False,r
2,61094.10985255918,lsst,62.49407426117122,-46.37483246617306,170028485730369699,170046087434338474,0,170028485730369699,-15558.008,244.37505,0,0,0,54460.453,235.4993,True,2026022200127,159,0,4.3385653e-06,3.3616407e-06,-1.6873601e-12,1478.98,0.078912504,3857.5461,0.059594914,False,-16933.74,511.20493,False,False,True,64.32569,,1730.4221,1681,-15100.072,0.1619764,62.49407336921737,,-46.37483242299596,,0.68801254,,-54.931885,,,0,False,,,,,,,,0,False,False,False,70504.695,33.13939,0.30065402,0.2719124,0.014708161,0.30293176,0.2146161,-0.0069590556,False,False,False,False,0.07063291,0.61779773,False,False,61094.111626825936,,32,False,False,False,False,False,False,False,False,False,False,False,False,False,False,False,False,False,False,False,False,False,r
2,61094.11426337199,lsst,62.49405795684654,-46.374828904339196,170028485730369699,170046088783855947,0,170028485730369699,-15156.534,228.07822,0,0,0,47290.14,220.2937,True,2026022200137,173,0,3.828086e-06,3.4064576e-06,1.8579798e-13,3382.8716,0.06891687,3292.1042,0.06135454,False,-17586.865,514.3216,False,False,True,65.05492,,1834.9446,1681,-14514.912,1.7550043,62.4940595602154,,-46.37482896150016,,0.46617115,,-82.63534,,,0,False,,,,,,,,0,False,False,False,62903.37,46.730156,0.2821781,0.26498228,0.0033766704,0.25124085,0.20322041,0.012508002,False,False,False,False,0.2106657,0.60624963,False,False,61094.11600781228,,31,False,False,False,False,False,False,False,False,False,False,False,False,False,False,False,False,False,False,False,False,False,r
2,61094.11512935232,lsst,62.49406526343111,-46.374827824131934,170028485730369699,170046089057534128,0,170028485730369699,-14761.119,237.85,0,0,0,47450.38,228.43411,True,2026022200139,183,0,3.885231e-06,3.5635271e-06,4.2354545e-13,1969.4052,0.07011351,3018.1401,0.06407688,False,-17151.883,533.9766,False,False,True,61.595257,,1836.1687,1681,-14393.144,0.28338698,62.49406389995244,,-46.37482670761416,,0.7344818,,-61.839146,,,0,False,,,,,,,,0,False,False,False,62664.77,42.393547,0.25703526,0.24501738,0.02295974,0.22888455,0.20149794,0.0066838907,False,False,False,False,0.13884822,0.5916608,False,False,61094.11698410345,,30,False,False,False,False,False,False,False,False,False,False,False,False,False,False,False,False,False,False,False,False,False,r
2,61094.11686229981,lsst,62.49405774474334,-46.37482916528002,170028485730369699,170046089595977929,0,170028485730369699,-15268.151,235.02562,0,0,0,46531.4,219.41306,True,2026022200143,186,0,3.6470828e-06,3.552654e-06,3.2782346e-13,1490.1796,0.06599064,366.2162,0.06374004,False,-16435.447,530.4699,False,False,True,64.48879,,1808.0214,1681,-15147.13,0.38370782,62.49405905833459,,-46.37483019675265,,0.66551745,,-62.13699,,,0,False,,,,,,,,0,False,False,False,62090.82,88.017624,0.25489828,0.26053888,0.019065082,0.22191633,0.20939764,0.010862155,False,False,False,False,0.18580848,0.6194209,False,False,61094.1185564408,,30,False,False,False,False,False,False,False,False,False,False,False,False,False,False,False,False,False,False,False,False,False,r
2,61094.117912554284,lsst,62.49406320003094,-46.37482637825126,170028485730369699,170046089845014699,0,170028485730369699,-15058.156,231.63223,0,0,0,50430.754,220.18527,True,2026022200145,149,0,4.207468e-06,3.5337575e-06,-2.211747e-12,1463.1057,0.07747627,3946.1663,0.061523616,False,-16659.645,498.86414,False,False,True,63.895935,,1691.6564,1681,-15241.064,0.03915844,62.49406256260829,,-46.37482657706726,,0.83102036,,-56.53446,,,0,False,,,,,,,,0,False,False,False,65843.055,40.851833,0.30872375,0.25386268,0.01360931,0.29007724,0.20926185,0.0042809243,False,False,False,False,0.09534325,0.6189634,False,False,61094.1196269342,,32,False,False,False,False,False,False,False,False,False,False,False,False,False,False,False,False,False,False,False,False,False,r
3,61095.0251694319,lsst,62.49402197004937,-46.37483385136908,170028485730369699,170050472066941139,0,170028485730369699,-6254.483,271.87915,0,0,0,44666.242,266.98102,True,2026022300027,174,0,2.1114778e-05,1.1212891e-05,6.4539755e-11,639.36365,0.38556817,3716.2402,0.1919356,False,-9443.847,789.7158,False,False,True,23.004404,,1780.6692,1681,-6781.7407,3.2777405,62.49404695179795,,-46.374831353142916,,1.0795742,,-107.44817,,,0,False,,,,,,,,0,False,False,False,51035.73,96.67048,0.2520594,0.141783,-0.012661569,0.1464174,0.12232248,0.010068887,False,False,False,False,0.51806,0.48114967,False,False,61095.026917695046,,30,False,False,False,False,False,False,False,False,False,False,False,False,False,False,False,False,False,False,False,False,False,i
3,61095.044749532724,lsst,62.49404760373301,-46.374819885820244,170028485730369699,170050473542811897,0,170028485730369699,-7925.834,251.04512,0,0,0,40469.484,247.83508,True,2026022300038,173,0,7.023425e-06,6.1058095e-06,2.6193921e-12,3116.394,0.12714797,3939.224,0.109255455,False,-14843.484,744.3197,False,False,True,30.962955,,1990.1587,1681,-9368.518,3.8492937,62.49402806388343,,-46.37482204058541,,1.3458599,,-80.40941,,,0,False,,,,,,,,0,False,False,False,48693.07,110.19606,0.35418147,0.22338457,0.06000693,0.15920542,0.12623994,0.0014585052,False,False,False,False,0.97632086,0.54740906,False,False,61095.04653423406,,38,False,False,False,False,False,False,False,False,False,False,False,False,False,False,False,False,False,False,False,False,False,i
3,61095.04561661396,lsst,62.494071137038446,-46.37482174644665,170028485730369699,170050473812295887,0,170028485730369699,-6534.394,258.40732,0,0,0,42493.855,251.10983,True,2026022300040,175,0,7.98883e-06,6.461846e-06,7.952215e-12,3515.0864,0.14672513,3326.2817,0.1129153,False,-11394.718,747.852,False,False,True,24.813032,,1845.6792,1681,-7099.3867,0.41869783,62.49406504133834,,-46.37482299616172,,1.1001885,,-67.83256,,,0,False,,,,,,,,0,False,False,False,49194.79,121.24576,0.25627506,0.23673323,0.056366578,0.1441839,0.14054728,0.0038189476,False,False,False,False,0.8517973,0.47763303,False,False,61095.047364499405,,28,False,False,False,False,False,False,False,False,False,False,False,False,False,False,False,False,False,False,False,False,False,i
3,61095.04822040022,lsst,62.49406665794461,-46.374815619948585,170028485730369699,170050474613407954,0,170028485730369699,-6120.3877,244.69421,0,0,0,37336.12,241.41048,True,2026022300046,167,0,7.7971135e-06,7.660268e-06,3.0395233e-12,739.66766,0.14291039,2475.98,0.13559642,False,-9127.972,755.78046,False,False,True,24.472454,,1793.0219,1681,-6256.7495,0.91024095,62.49406382979848,,-46.37481580637221,,0.71767616,,-54.995174,,,0,False,,,,,,,,0,False,False,False,43611.535,89.409615,0.18415776,0.22028518,0.014061783,0.12683639,0.12610818,0.006533329,False,False,False,False,0.67929757,0.33329883,False,False,61095.04999803582,,20,False,False,False,False,False,False,False,False,False,False,False,False,False,False,False,False,False,False,False,False,False,i
3,61095.049092705376,lsst,62.494047745042465,-46.37481712523884,170028485730369699,170050474863493356,0,170028485730369699,-6181.1147,231.85013,0,0,0,35019.086,228.59984,True,2026022300048,132,0,7.672791e-06,7.790574e-06,-8.563356e-12,1488.4905,0.128872,3752.0632,0.14901644,False,-8560.791,735.7049,False,False,True,26.853247,,1712.503,1681,-6874.6914,1.4777182,62.49404420783507,,-46.37481945551507,,1.0209217,,-85.35669,,,0,False,,,,,,,,0,False,False,False,41416.508,78.12866,0.18133429,0.18596163,0.050214045,0.113682576,0.12942849,0.018670537,False,False,False,False,0.5481734,0.36502644,False,False,61095.0509871994,,22,False,False,False,False,False,False,False,False,False,False,False,False,False,False,False,False,False,False,False,False,False,i
1,61095.05323843111,lsst,62.494029202824514,-46.37476911259555,170028485730369699,170050475695538325,0,170028485730369699,-1094.975,162.55672,0,0,0,13452.833,156.4391,True,2026022300054,183,0,5.9187834e-05,3.45802e-05,-5.256202e-10,2555.402,1.0827599,2602.5193,0.5928967,False,-769.81177,461.88834,False,False,True,6.886779,,1712.6233,1681,-1444.9316,51.667454,62.49403384801061,,-46.37477841383318,,1.881715,,-63.467194,,,0,False,,,,,,,,0,False,False,False,14603.818,55.881565,0.4572327,0.09096294,0.09961859,0.19459127,0.13532814,0.004218033,False,False,False,False,0.83604425,0.13844158,False,False,61095.05487766785,,15,False,False,False,False,False,False,False,False,False,False,False,False,False,False,False,False,False,False,False,False,False,g
1,61095.054971872436,lsst,62.49410200768163,-46.37481635382786,170028485730369699,170050476232933561,0,170028485730369699,-1351.7667,176.46075,0,0,0,17522.166,170.89833,True,2026022300058,184,0,1.9823769e-05,2.2825332e-05,1.1916898e-12,1971.5007,0.3569915,2734.2424,0.4115491,False,-960.183,461.14444,False,False,True,7.6696706,,1697.3434,1681,-1370.0421,29.27696,62.49408639500238,,-46.37483223922999,,0.8000786,,-49.843838,,,0,False,,,,,,,,0,False,False,False,18946.146,57.31649,0.109992556,0.0990859,0.03076252,0.20044918,0.17004493,0.009327481,False,False,False,False,0.5856122,0.18478945,False,False,61095.056598391886,,16,False,False,False,False,False,False,False,False,False,False,False,False,False,False,False,False,False,False,False,False,False,g
1,61095.05583558319,lsst,62.49404198934368,-46.37482484957494,170028485730369699,170050476499796065,0,170028485730369699,-1264.2655,169.76018,0,0,0,17445.342,164.27776,True,2026022300060,181,0,3.0913536e-05,1.8801215e-05,5.7114664e-11,3856.7085,0.55812836,886.24475,0.33607522,False,-442.9272,459.1607,False,False,True,7.2673817,,1720.8868,1681,,,,,,,,,,,,0,False,,,,,,,,0,False,False,False,18837.105,81.03257,,,,0.20868497,0.12737344,0.0026719447,True,False,False,False,,0.1313231,False,False,61095.05746555491,,16,False,False,False,False,False,False,False,False,False,False,False,False,False,False,False,False,False,False,False,False,False,g
1,61095.05758413309,lsst,62.49404446892371,-46.37481949868812,170028485730369699,170050477037715738,0,170028485730369699,-1778.1749,185.24033,0,0,0,19989.053,180.43358,True,2026022300064,183,0,2.173321e-05,1.6725944e-05,6.7437056e-11,3725.646,0.39992747,51.220562,0.28972077,False,-2001.5415,461.726,False,False,True,9.161063,,1683.7759,1681,-1863.1434,7.2621074,62.49404376177252,,-46.374820489657274,,1.0896875,,-76.66972,,,0,False,,,,,,,,0,False,False,False,21890.402,68.4718,0.19886428,0.14240524,0.05210966,0.23240995,0.1559805,0.014391509,False,False,False,False,0.06904504,0.26585388,False,False,61095.05922956069,,17,False,False,False,False,False,False,False,False,False,False,False,False,False,False,False,False,False,False,False,False,False,g
1,61095.05848169954,lsst,62.49412676772805,-46.3748395836364,170028485730369699,170050477307723923,0,170028485730369699,-1472.8557,189.53381,0,0,0,20376.783,183.71666,True,2026022300066,186,0,3.2659096e-05,3.4322195e-05,-3.8636976e-11,3323.8794,0.5847468,764.2485,0.6221818,False,-2546.909,469.14258,False,False,True,7.562483,,1735.2426,1681,-2204.7402,6.429452,62.494122783301364,,-46.374853334112856,,2.6166883,,-50.30665,,,0,False,,,,,,,,0,False,False,False,21945.273,53.94191,0.44887567,0.77792484,0.34651265,0.21250606,0.18165402,0.012926103,False,False,False,False,1.0,0.21002953,False,False,61095.060009992005,,19,False,False,False,False,False,False,False,False,False,False,False,False,False,False,False,False,False,False,False,False,False,g
1,61095.059353046134,lsst,62.49408155951298,-46.37483626223486,170028485730369699,170050477570392252,0,170028485730369699,-1234.7112,176.20735,0,0,0,19379.24,169.06343,True,2026022300068,175,0,2.3471646e-05,2.5727964e-05,-6.0178855e-11,2379.8171,0.41211516,290.45337,0.47270367,False,-386.4206,451.6609,False,False,True,6.835565,,1740.9661,1681,-1294.1963,12.05438,62.49407672316573,,-46.374843083535985,,1.0180856,,-57.97727,,,0,False,,,,,,,,0,False,False,False,20672.215,63.06825,0.13477314,0.1723257,0.047894213,0.18809278,0.16140868,0.012984883,False,False,False,False,0.06232029,0.15216133,False,False,61095.06087706102,,15,False,False,False,False,False,False,False,False,False,False,False,False,False,False,False,False,False,False,False,False,False,g
1,61095.0602204941,lsst,62.49403997543458,-46.37479500327516,170028485730369699,170050477838303377,0,170028485730369699,-1174.9025,177.81186,0,0,0,18003.188,171.57611,True,2026022300070,174,0,3.0431087e-05,3.5967612e-05,-3.1715913e-10,2135.8535,0.49069557,3040.5095,0.69269586,False,-928.67645,457.59427,False,False,True,6.749932,,1714.8229,1681,-1203.2402,15.467419,62.49404117847233,,-46.374792717209154,,0.8284289,,-41.051327,,,0,False,,,,,,,,0,False,False,False,19198.621,56.646965,0.13452487,0.19344726,0.012035347,0.1929608,0.17027389,0.016871436,False,False,False,False,0.041947145,0.14317824,False,False,61095.06192459304,,15,False,False,False,False,False,False,False,False,False,False,False,False,False,False,False,False,False,False,False,False,False,g
1,61095.06108659723,lsst,62.494018900407866,-46.37474775601729,170028485730369699,170050478108311675,0,170028485730369699,-1308.2059,175.90997,0,0,0,15432.884,171.12073,True,2026022300072,177,0,2.9714363e-05,3.3901706e-05,-4.1427548e-10,744.6779,0.4338969,927.69635,0.6870465,False,-1157.5006,460.63864,False,False,True,7.1753163,,1711.3337,1681,-1431.262,7.7875466,62.494022512761426,,-46.37476318977345,,1.2016776,,-39.949997,,,0,False,,,,,,,,0,False,False,False,16831.363,40.12667,0.13072696,0.27421904,0.009776715,0.18915386,0.1844202,0.012539978,False,False,False,False,0.03245948,0.14967978,False,False,61095.06264059908,,16,False,False,False,False,False,False,False,False,False,False,False,False,False,False,False,False,False,False,False,False,False,g
1,61095.061951579715,lsst,62.494120845618255,-46.3748343505344,170028485730369699,170050478375174295,0,170028485730369699,-986.04626,176.00912,0,0,0,18588.06,170.38017,True,2026022300074,174,0,4.707268e-05,4.8627637e-05,-6.505353e-10,3477.5293,0.7277889,2080.9973,0.9780383,False,-113.888695,455.19565,False,False,True,5.8084955,,1666.7502,1681,-1127.9088,20.224295,62.494122405409854,,-46.37484218579279,,1.335137,,155.04771,,,0,False,,,,,,,,0,False,False,False,19638.506,61.470528,0.10160397,0.26202774,-0.053026296,0.18022893,0.16331708,0.018362837,False,False,False,False,0.0145869125,0.12676503,False,False,61095.0635735168,,15,False,False,False,False,False,False,False,False,False,False,False,False,False,False,False,False,False,False,False,False,False,g
1,61095.064549306335,lsst,62.494013175196145,-46.37482121182437,170028485730369699,170050479175762054,0,170028485730369699,-1005.88904,179.60231,0,0,0,18079.213,173.97923,True,2026022300080,165,0,3.668636e-05,3.102818e-05,-3.25349e-10,2654.393,0.502005,1881.0347,0.70557827,False,-1568.5713,479.4013,False,False,True,5.531175,,1725.7928,1681,-1053.378,28.151691,62.49400711331741,,-46.374824101624256,,1.1914006,,140.54079,,,0,False,,,,,,,,0,False,False,False,19205.5,67.914314,0.0706971,0.18936147,-0.05211949,0.14515929,0.18329364,0.0246454,False,False,False,False,0.16340454,0.13602404,False,False,61095.06604954538,,13,False,False,False,False,False,False,False,False,False,False,False,False,False,False,False,False,False,False,False,False,False,g
1,61095.06549706921,lsst,62.49407065434855,-46.37481193313379,170028485730369699,170050479426896028,0,170028485730369699,-1355.4374,157.68053,0,0,0,15007.798,150.88187,True,2026022300082,132,0,1.8380213e-05,1.698544e-05,-1.5067567e-10,3002.7534,0.22807175,2853.0054,0.3886453,False,609.199,440.7402,False,False,True,8.464858,,1794.076,1681,-1378.3545,12.655975,62.49406144168149,,-46.37481818508374,,0.9506686,,-65.662186,,,0,False,,,,,,,,0,False,False,False,16447.736,57.524017,0.05925847,0.14017099,0.025391236,0.1363074,0.17129306,0.021464417,False,False,False,False,0.3785825,0.12699261,False,False,61095.06700858685,,15,False,False,False,False,False,False,False,False,False,False,False,False,False,False,False,False,False,False,False,False,False,g
4,61095.07491592776,lsst,62.49404445806621,-46.374868952763364,170028485730369699,170050481869553812,0,170028485730369699,-4772.5938,434.69937,0,0,0,69906.266,435.80365,True,2026022300100,183,0,5.4196425e-05,5.688558e-05,-9.083311e-12,2152.8984,0.9760616,1962.4576,1.0259831,False,-9573.608,1183.7706,False,False,True,10.810505,,1692.0339,1681,-6051.967,48.549397,62.49405692123142,,-46.374862479678654,,1.5776776,,-129.03049,,,0,False,,,,,,,,0,False,False,False,74811.22,126.776855,0.4291306,0.3592269,-0.11699445,0.15371363,0.15606192,0.0043365518,False,False,False,False,0.9999054,0.13624048,False,False,61095.07659051065,,20,False,False,False,False,False,False,False,False,False,False,False,False,False,False,False,False,False,False,False,False,False,z
4,61095.07578427296,lsst,62.494053514190476,-46.37480546259928,170028485730369699,170050482139562119,0,170028485730369699,-4748.565,438.6322,0,0,0,52602.57,431.65735,True,2026022300102,186,0,2.0970543e-05,2.2317636e-05,-8.3088736e-12,1914.5836,0.3772606,248.40587,0.4031147,False,-9463.219,1228.88,False,False,True,10.222431,,1829.5309,1681,-7901.5527,59.61283,62.493988932360836,,-46.37490589420201,,3.2234867,,-166.8899,,,0,False,,,,,,,,0,False,False,False,57647.184,126.15425,0.33907717,1.2404647,-0.41988102,0.15038542,0.16472612,0.010723094,False,False,False,False,1.0,0.12691556,False,False,61095.077530135844,,25,False,False,False,False,False,False,False,False,False,False,False,False,False,False,False,False,False,False,False,False,False,z
2,61095.08420033372,lsst,62.49405612347335,-46.37482840896098,170028485730369699,170050484278657656,0,170028485730369699,-14922.039,220.04527,0,0,0,33384.613,210.57259,True,2026022300118,170,0,3.111404e-06,3.0747206e-06,5.0372467e-13,3695.1943,0.05717843,630.11774,0.054266445,False,-19019.865,594.4305,False,False,True,68.16549,,1943.258,1681,-14934.56,1.0577197,62.49405657678256,,-46.37482893450329,,0.53530514,,-103.11129,,,0,False,,,,,,,,0,False,False,False,48855.137,64.61999,0.21043232,0.19521914,0.009757626,0.1590951,0.1524111,0.01921686,False,False,False,False,0.2999006,0.6392885,False,False,61095.08573736786,,26,False,False,False,False,False,False,False,False,False,False,False,False,False,False,False,False,False,False,False,False,False,r
2,61095.08506862672,lsst,62.49406729248958,-46.37482780879897,170028485730369699,170050484549714102,0,170028485730369699,-14189.198,219.76706,0,0,0,35164.66,209.86151,True,2026022300120,175,0,3.1167845e-06,3.1169286e-06,-3.2238104e-13,509.86508,0.05516432,1345.0754,0.05710389,False,-14756.963,577.96375,False,False,True,63.690533,,1642.5532,1681,-13969.144,0.21728748,62.49406689792906,,-46.374827045963855,,0.6632777,,-74.860466,,,0,False,,,,,,,,0,False,False,False,49940.207,65.850266,0.17731027,0.19658588,0.016901122,0.16095397,0.16106614,0.022703229,False,False,False,False,0.09931822,0.6382722,False,False,61095.08676834061,,24,False,False,False,False,False,False,False,False,False,False,False,False,False,False,False,False,False,False,False,False,False,r
2,61095.08593765129,lsst,62.49405793118377,-46.37483027484043,170028485730369699,170050484816052615,0,170028485730369699,-14944.473,216.09506,0,0,0,32375.668,201.60757,True,2026022300122,171,0,3.15551e-06,3.068778e-06,-1.3323784e-12,2671.8472,0.051942058,3780.7578,0.05989195,False,-18226.035,581.5537,False,False,True,68.2997,,1830.6918,1681,-15174.5205,1.1961315,62.49405392697815,,-46.37483005015417,,0.7314277,,-84.33045,,,0,False,,,,,,,,0,False,False,False,47898.06,80.43122,0.19290416,0.21128778,0.021995327,0.14006838,0.17687471,0.029576877,False,False,False,False,0.2595836,0.6521796,False,False,61095.08761636505,,29,False,False,False,False,False,False,False,False,False,False,False,False,False,False,False,False,False,False,False,False,False,r
2,61095.08679945836,lsst,62.49404658876152,-46.37483016406973,170028485730369699,170050485082390986,0,170028485730369699,-16055.633,217.08534,0,0,0,33085.406,206.16914,True,2026022300124,167,0,2.8213617e-06,2.7150627e-06,-6.588148e-13,3501.0544,0.04744232,1181.7494,0.052203592,False,-20791.354,589.03046,False,False,True,73.62401,,1977.6633,1681,-16131.337,1.405672,62.494042191903866,,-46.374830293283324,,0.75014865,,-106.81376,,,0,False,,,,,,,,0,False,False,False,49836.12,74.03207,0.20728722,0.19854827,0.024773648,0.1416536,0.17150322,0.02874002,False,False,False,False,0.29064697,0.6598383,False,False,61095.088329415754,,44,False,False,False,False,False,False,False,False,False,False,False,False,False,False,False,False,False,False,False,False,False,r
2,61095.089601289816,lsst,62.49406312880994,-46.374820409539254,170028485730369699,170050485891367445,0,170028485730369699,-14615.903,212.96594,0,0,0,32487.504,202.76181,True,2026022300130,174,0,3.0140543e-06,3.2588744e-06,-1.0317479e-12,3669.5474,0.052689023,3256.0757,0.06018228,False,-18643.014,578.5384,False,False,True,66.16718,,1965.6091,1681,-14066.889,2.881105,62.494057967753854,,-46.37482415879643,,0.5463159,,-30.277794,,,0,False,,,,,,,,0,False,False,False,47695.61,85.022835,0.18686739,0.2124816,0.0016522537,0.13462459,0.17190336,0.009042522,False,False,False,False,0.29673383,0.67025524,False,False,61095.09119823208,,28,False,False,False,False,False,False,False,False,False,False,False,False,False,False,False,False,False,False,False,False,False,r
2,61095.09046674038,lsst,62.494065668618795,-46.37482807551178,170028485730369699,170050486161375446,0,170028485730369699,-14859.17,234.18417,0,0,0,39058.84,224.20122,True,2026022300132,177,0,3.336103e-06,3.6033123e-06,-2.0349508e-12,2430.75,0.05642218,1218.1089,0.068201594,False,-16851.102,587.5879,False,False,True,62.15992,,1811.0238,1681,-14712.432,0.25403547,62.49406715523442,,-46.37483157099526,,0.70352453,,-33.129063,,,0,False,,,,,,,,0,False,False,False,54423.055,75.61952,0.19003086,0.23378322,0.00034405277,0.15718012,0.19556676,0.0028913359,False,False,False,False,0.16424042,0.63099957,False,False,61095.09203347916,,27,False,False,False,False,False,False,False,False,False,False,False,False,False,False,False,False,False,False,False,False,False,r
2,61095.092200554354,lsst,62.494065591891626,-46.374828393125746,170028485730369699,170050486692479149,0,170028485730369699,-15001.167,225.94084,0,0,0,35231.332,215.66309,True,2026022300136,166,0,3.0123174e-06,3.0120664e-06,-1.0790474e-12,1149.2434,0.050922267,687.9693,0.057440836,False,-16784.99,586.5777,False,False,True,65.92009,,1748.7413,1681,-15774.193,0.74905616,62.49405895943788,,-46.37482719075993,,0.9993638,,-78.96567,,,0,False,,,,,,,,0,False,False,False,50767.348,81.355934,0.19340053,0.22777249,0.043739308,0.17447455,0.18595608,0.052629817,False,False,False,False,0.12034731,0.62086284,False,False,61095.09387581286,,26,False,False,False,False,False,False,False,False,False,False,False,False,False,False,False,False,False,False,False,False,False,r
2,61095.09486140936,lsst,62.49406661971357,-46.37482243630683,170028485730369699,170050487479960002,0,170028485730369699,-14451.609,211.48532,0,0,0,33415.484,199.69896,True,2026022300142,132,0,2.9846083e-06,2.8923719e-06,-1.5023044e-12,2921.4614,0.048016567,2764.9946,0.05741687,False,-15363.002,560.04584,False,False,True,68.60557,,1772.2404,1681,-14514.453,0.18433055,62.49406568815907,,-46.37482186124161,,0.7945334,,-69.56931,,,0,False,,,,,,,,0,False,False,False,48461.094,74.093315,0.17468917,0.21885216,0.01808083,0.15309498,0.17254429,0.030529842,False,False,False,False,0.16235286,0.5962212,False,False,61095.09639367307,,27,False,False,False,False,False,False,False,False,False,False,False,False,False,False,False,False,False,False,False,False,False,r
3,61096.02392389106,lsst,62.494068547451484,-46.37482015570972,170028485730369699,170054916418568377,0,170028485730369699,-6495.891,268.23694,0,0,0,38498.844,267.91077,True,2026022400372,174,0,8.297258e-06,7.706028e-06,2.0568933e-12,864.72296,0.1498909,2512.7488,0.1384811,False,-8628.589,809.19794,False,False,True,23.92221,,1880.249,1681,-6343.9854,6.0747504,62.49406240034695,,-46.37481945096281,,0.66828144,,-111.572235,,,0,False,,,,,,,,0,False,False,False,45155.082,72.92297,0.18359414,0.14596662,-0.006584072,0.13131191,0.1128148,0.0043692095,False,False,False,False,0.3124769,0.50580627,False,False,61096.02557995325,,25,False,False,False,False,False,False,False,False,False,False,False,False,False,False,False,False,False,False,False,False,False,i
3,61096.02713951138,lsst,62.494065613856506,-46.37482536271823,170028485730369699,170054917358092442,0,170028485730369699,-7078.023,261.55222,0,0,0,39710.508,259.07452,True,2026022400379,174,0,7.5840953e-06,7.6017154e-06,-5.1118544e-13,902.9529,0.13610001,144.03546,0.137515,False,-9431.566,775.0942,False,False,True,27.183435,,1786.3309,1681,-7672.3467,2.128399,62.49405397896661,,-46.37482781503512,,0.9463345,,-81.85069,,,0,False,,,,,,,,0,False,False,False,46928.758,100.27388,0.1966836,0.19436537,0.041944176,0.11395079,0.13136122,-0.0018467752,False,False,False,False,0.6619005,0.5079925,False,False,61096.02885103217,,23,False,False,False,False,False,False,False,False,False,False,False,False,False,False,False,False,False,False,False,False,False,i
2,61096.10129267996,lsst,62.49406074726596,-46.3748262237485,170028485730369699,170054935738056871,0,170028485730369699,-14962.385,246.06808,0,0,0,37780.094,238.84335,True,2026022400516,159,0,3.6909087e-06,3.7193208e-06,-1.4910709e-12,413.40582,0.07029782,2941.1865,0.06300979,False,-16394.752,634.1994,False,False,True,59.376614,,1667.7811,1681,-15247.95,1.5603375,62.49405803975149,,-46.37483018318295,,0.60580647,,-28.44817,,,0,False,,,,,,,,0,False,False,False,53235.32,61.09285,0.24376485,0.21570158,0.007521168,0.20433702,0.17873833,0.006868358,False,False,False,False,0.17367233,0.6856394,False,False,61096.10292339583,,26,False,False,False,False,False,False,False,False,False,False,False,False,False,False,False,False,False,False,False,False,False,r
2,61096.10302868289,lsst,62.494069906003915,-46.374834976717715,170028485730369699,170054936271257798,0,170028485730369699,-15616.124,247.32841,0,0,0,38736.082,238.60365,True,2026022400520,152,0,3.3319384e-06,3.3299316e-06,3.3002088e-14,1346.553,0.059904903,2117.6907,0.060066607,False,-15746.37,632.238,False,False,True,63.238953,,1699.3235,1681,-16374.446,0.16357598,62.49406885378,,-46.37483808765902,,0.83140886,,-3.3955772,,,0,False,,,,,,,,0,False,False,False,54720.508,66.3705,0.21736024,0.23035663,0.030467859,0.20123582,0.18752925,0.010914027,False,False,False,False,0.105821855,0.75308824,False,False,61096.104725741665,,26,False,False,False,False,False,False,False,False,False,False,False,False,False,False,False,False,False,False,False,False,False,r
2,61096.10476941169,lsst,62.49405827649844,-46.37482790469695,170028485730369699,170054936808128864,0,170028485730369699,-16008.43,250.75272,0,0,0,36750.72,239.63411,True,2026022400524,152,0,3.918872e-06,3.180036e-06,-2.8086776e-12,2730.8562,0.073326305,1583.4393,0.05370699,False,-18969.842,638.6172,False,False,True,60.973595,,1736.7402,1681,-17430.008,0.4808718,62.494057918994066,,-46.37482925549937,,1.0156561,,-70.73249,,,0,False,,,,,,,,0,False,False,False,53257.402,104.19377,0.300983,0.20669413,-0.0071525523,0.2594853,0.15602367,-0.010557509,False,False,False,False,0.22573212,0.69217265,False,False,61096.10632369133,,28,False,False,False,False,False,False,False,False,False,False,False,False,False,False,False,False,False,False,False,False,False,r
2,61096.10563854565,lsst,62.49406650045994,-46.37483559454068,170028485730369699,170054937091768671,0,170028485730369699,-15593.718,270.15463,0,0,0,41280.297,256.1846,True,2026022400526,181,0,4.6064292e-06,3.5391781e-06,-3.0253083e-12,3533.4583,0.08478925,1923.3131,0.061314754,False,-18829.098,657.2815,False,False,True,55.86334,,1957.4171,1681,-16290.126,0.34183982,62.49406420823848,,-46.37483756923332,,0.98539805,,-60.460407,,,0,False,,,,,,,,0,False,False,False,57224.457,104.51937,0.2961852,0.21477754,0.018177584,0.24687894,0.16877797,0.0024820156,False,False,False,False,0.23936431,0.7078161,False,False,61096.10724641252,,28,False,False,False,False,False,False,False,False,False,False,False,False,False,False,False,False,False,False,False,False,False,r
2,61096.106511187565,lsst,62.49406342047144,-46.37482281766321,170028485730369699,170054937359155341,0,170028485730369699,-16536.39,293.4175,0,0,0,47552.14,286.71237,True,2026022400528,179,0,4.424922e-06,4.0788664e-06,-5.977654e-13,1321.5895,0.07991135,2015.5453,0.07334273,False,-19090.26,673.8018,False,False,True,53.645123,,1696.4493,1681,-15324.319,6.488665,62.49405704738675,,-46.374833341753146,,0.38012296,,-1.5207613,,,0,False,,,,,,,,0,False,False,False,64396.625,66.568306,0.27599636,0.28700408,0.0026267087,0.22876114,0.21976659,0.0153017575,False,False,False,False,0.30664766,0.74813205,False,False,61096.10810696038,,30,False,False,False,False,False,False,False,False,False,False,False,False,False,False,False,False,False,False,False,False,False,r
2,61096.10837337844,lsst,62.494057087377755,-46.374822312125374,170028485730369699,170054937897599238,0,170028485730369699,-15017.324,295.09912,0,0,0,46108.23,286.32907,True,2026022400532,182,0,4.708405e-06,4.3768805e-06,-2.5030715e-12,3719.7712,0.08748901,1604.1149,0.075911574,False,-14827.858,677.70087,False,False,True,50.02209,,1685.9277,1681,-15984.895,0.7624868,62.49405617016511,,-46.37482092503021,,1.0279018,,-80.60194,,,0,False,,,,,,,,0,False,False,False,61492.277,84.63266,0.3057732,0.23219593,-0.031861793,0.28227592,0.22781503,-0.041643735,False,False,False,False,0.018904222,0.69881785,False,False,61096.10998494041,,28,False,False,False,False,False,False,False,False,False,False,False,False,False,False,False,False,False,False,False,False,False,r
2,61096.10924132038,lsst,62.49405549576293,-46.3748358068886,170028485730369699,170054938149781678,0,170028485730369699,-15794.57,273.03427,0,0,0,45876.04,264.22864,True,2026022400534,151,0,4.433469e-06,3.888567e-06,-2.5071527e-12,2787.9316,0.08203975,3830.099,0.067415126,False,-19125.232,634.39246,False,False,True,57.393124,,1711.1123,1681,-15768.726,1.8238608,62.49405089398606,,-46.37483885331088,,0.38895866,,-58.673977,,,0,False,,,,,,,,0,False,False,False,61992.387,66.12972,0.27737758,0.26499873,0.0015984514,0.27850866,0.19437349,-0.016029341,False,False,False,False,0.11993653,0.680209,False,False,61096.110880840766,,39,False,False,False,False,False,False,False,False,False,False,False,False,False,False,False,False,False,False,False,False,False,r
2,61096.1118377727,lsst,62.49406815465626,-46.37482281599427,170028485730369699,170054938955612303,0,170028485730369699,-14415.012,261.4957,0,0,0,40760.535,252.35945,True,2026022400540,152,0,4.6154614e-06,3.4030031e-06,-1.0560761e-12,254.36078,0.08331743,2631.608,0.06098927,False,-15002.204,637.5338,False,False,True,55.332565,,1627.3018,1681,-15405.721,1.0798976,62.49407170277624,,-46.374822337310064,,0.89242536,,-75.37122,,,0,False,,,,,,,,0,False,False,False,55535.035,71.46808,0.25928968,0.18976009,0.010524703,0.27943265,0.1661445,-0.0029748797,False,False,False,False,0.00033851413,0.68504286,False,False,61096.11348521092,,27,False,False,False,False,False,False,False,False,False,False,False,False,False,False,False,False,False,False,False,False,False,r
2,61096.112706150794,lsst,62.49407352873659,-46.37482558663028,170028485730369699,170054939240300900,0,170028485730369699,-14834.141,277.15405,0,0,0,41312.19,270.08963,True,2026022400542,183,0,4.6098644e-06,3.8395538e-06,2.972849e-14,3332.3528,0.08299537,2191.3157,0.06923325,False,-15868.884,675.57605,False,False,True,52.431553,,1744.6937,1681,-15213.292,0.0753835,62.494073772282356,,-46.37482824960416,,0.760965,,-53.715115,,,0,False,,,,,,,,0,False,False,False,56511.484,72.54716,0.25003207,0.23489994,0.024489801,0.25325337,0.17581028,0.0034889523,False,False,False,False,0.08708454,0.63833284,False,False,61096.11428473494,,35,False,False,False,False,False,False,False,False,False,False,False,False,False,False,False,False,False,False,False,False,False,r
2,61096.11357182164,lsst,62.49405822803414,-46.374823439182464,170028485730369699,170054939504542043,0,170028485730369699,-14566.238,262.63458,0,0,0,38353.715,251.09512,True,2026022400544,175,0,4.455436e-06,3.4998777e-06,8.1123986e-13,3034.6206,0.080363855,2349.6868,0.062879935,False,-16779.746,666.2837,False,False,True,54.840656,,1776.0634,1681,-14784.28,0.31663883,62.49405465031509,,-46.37482388927265,,0.81192243,,-92.596146,,,0,False,,,,,,,,0,False,False,False,53346.57,89.28077,0.23968491,0.18061559,0.0035528508,0.2131792,0.15688546,0.0026233045,False,False,False,False,0.08183246,0.70500666,False,False,61096.11510419236,,27,False,False,False,False,False,False,False,False,False,False,False,False,False,False,False,False,False,False,False,False,False,r
2,61096.11461748299,lsst,62.4940659447536,-46.37482282002851,170028485730369699,170054939776647325,0,170028485730369699,-15361.922,283.81845,0,0,0,44045.62,276.761,True,2026022400546,182,0,4.2416154e-06,3.8709327e-06,-3.896519e-12,217.96776,0.0818683,2547.6597,0.06323593,False,-16342.787,673.5673,False,False,True,53.908993,,1747.521,1681,-16581.295,0.81116587,62.49406445041048,,-46.374821807633246,,0.99611074,,-56.732056,,,0,False,,,,,,,,0,False,False,False,59729.734,58.488483,0.29528472,0.20386122,-0.0021234434,0.27379858,0.20968238,-0.0014238673,False,False,False,False,0.0063355756,0.7506339,False,False,61096.11626006837,,29,False,False,False,False,False,False,False,False,False,False,False,False,False,False,False,False,False,False,False,False,False,r
2,61096.11548288172,lsst,62.494055699010126,-46.374828700578036,170028485730369699,170054940031975588,0,170028485730369699,-14912.627,264.18765,0,0,0,40520.254,254.68394,True,2026022400548,157,0,4.1005364e-06,3.6626348e-06,-2.6308686e-12,938.77325,0.07699921,3057.3958,0.06234969,False,-15302.927,647.6693,False,False,True,54.560123,,1820.1926,1681,-15808.448,1.5122172,62.494061238518526,,-46.37482654666763,,0.855198,,-77.67075,,,0,False,,,,,,,,0,False,False,False,55723.184,79.423225,0.2540581,0.19846511,-0.01794322,0.23702249,0.19594151,-0.033660807,False,False,False,False,0.011006987,0.6629443,False,False,61096.117087095474,,28,False,False,False,False,False,False,False,False,False,False,False,False,False,False,False,False,False,False,False,False,False,r
2,61096.116351064906,lsst,62.494067669585526,-46.3748347819029,170028485730369699,170054940312993967,0,170028485730369699,-15417.842,263.50665,0,0,0,40556.656,253.65251,True,2026022400550,181,0,3.864514e-06,3.4094785e-06,-1.6652436e-12,1380.2211,0.0711592,1026.5328,0.059565075,False,-16469.28,651.1831,False,False,True,58.42856,,1772.3429,1681,-16366.08,0.15411526,62.49406976157882,,-46.374835585485776,,0.79206944,,-51.641327,,,0,False,,,,,,,,0,False,False,False,56336.773,108.12577,0.2713294,0.22364488,0.014441564,0.26839748,0.1806317,-0.0014680646,False,False,False,False,0.057121016,0.70987135,False,False,61096.11799328883,,28,False,False,False,False,False,False,False,False,False,False,False,False,False,False,False,False,False,False,False,False,False,r
2,61096.11808407439,lsst,62.494060463139384,-46.37482730273584,170028485730369699,170054940849865204,0,170028485730369699,-15974.54,258.47324,0,0,0,38537.94,250.25557,True,2026022400554,181,0,3.7537234e-06,3.277695e-06,-6.4934944e-13,2848.3425,0.06786805,811.72363,0.0587169,False,-18425.244,652.97296,False,False,True,61.657944,,1805.7035,1681,-16123.972,0.5777623,62.49406048182349,,-46.374826861796464,,0.6318677,,-77.50682,,,0,False,,,,,,,,0,False,False,False,54991.914,69.932816,0.2502441,0.21556109,0.0010119906,0.22676258,0.17012012,-0.004137105,False,False,False,False,0.13909504,0.7151455,False,False,61096.11967059153,,26,False,False,False,False,False,False,False,False,False,False,False,False,False,False,False,False,False,False,False,False,False,r
2,61096.118950727774,lsst,62.494066079699465,-46.37482798868915,170028485730369699,170054941119349251,0,170028485730369699,-14790.1875,275.91403,0,0,0,41612.81,267.59293,True,2026022400556,183,0,4.1891262e-06,4.004193e-06,-1.0851407e-13,2727.0374,0.07542493,316.46658,0.0721607,False,-14935.831,676.6552,False,False,True,52.21109,,1743.1378,1681,-14586.07,0.079137966,62.49406391565139,,-46.37482909823133,,0.6043238,,-21.266705,,,0,False,,,,,,,,0,False,False,False,56764.215,68.26196,0.2023121,0.22191596,0.012509864,0.21323344,0.1911731,0.0065676863,False,False,False,False,0.012088383,0.63500446,False,False,61096.1205357761,,27,False,False,False,False,False,False,False,False,False,False,False,False,False,False,False,False,False,False,False,False,False,r
2,61096.11981234745,lsst,62.494062258028166,-46.37482350196323,170028485730369699,170054941384638812,0,170028485730369699,-15421.118,279.64844,0,0,0,41903.23,269.07983,True,2026022400558,177,0,3.8161124e-06,4.0588106e-06,-5.706544e-14,3127.327,0.068697505,2060.687,0.0732385,False,-16330.865,677.79865,False,False,True,55.417767,,1786.1246,1681,-15937.291,0.87736964,62.49406580318435,,-46.374828297372105,,0.7727894,,-20.324532,,,0,False,,,,,,,,0,False,False,False,57644.34,82.25849,0.20923427,0.2513669,0.016198564,0.21853206,0.2072135,0.016311089,False,False,False,False,0.035130266,0.65843874,False,False,61096.12132008854,,32,False,False,False,False,False,False,False,False,False,False,False,False,False,False,False,False,False,False,False,False,False,r
3,61098.023225923025,lsst,62.4940691017244,-46.37482908755117,170028485730369699,170063666865504444,0,170028485730369699,-6793.412,295.90964,0,0,0,45331.117,291.71515,True,2026022600032,151,0,8.738902e-06,6.6819366e-06,-3.4427953e-12,3150.0303,0.15776119,2714.5254,0.11986764,False,-7266.301,827.9678,False,False,True,22.827145,,1694.5724,1681,-6554.459,2.229452,62.49406850138691,,-46.37482854656406,,0.5980244,,-73.047134,,,0,False,,,,,,,,0,False,False,False,52323.098,95.23972,0.16121392,0.1317127,0.005805882,0.16550197,0.13279928,0.006945197,False,False,False,False,0.0012112733,0.51025546,False,False,61098.024976832174,,21,False,False,False,False,False,False,False,False,False,False,False,False,False,False,False,False,False,False,False,False,False,i
3,61098.025853249535,lsst,62.49405782424444,-46.374842468433755,170028485730369699,170063667684442258,0,170028485730369699,-8832.417,299.50156,0,0,0,50631.098,301.07803,True,2026022600038,177,0,7.868572e-06,7.038901e-06,2.8308872e-12,314.24478,0.14242335,313.47342,0.12620395,False,-13274.211,823.3562,False,False,True,28.654076,,1923.2264,1681,-10057.59,1.6430581,62.494039331884565,,-46.37485604305529,,1.2567114,,-121.36374,,,0,False,,,,,,,,0,False,False,False,59733.293,128.9269,0.33723742,0.21696848,-0.046827145,0.13767926,0.15643448,0.0021118843,False,False,False,False,0.9440635,0.5949627,False,False,61098.027570313105,,26,False,False,False,False,False,False,False,False,False,False,False,False,False,False,False,False,False,False,False,False,False,i
3,61098.029434870994,lsst,62.494003732998834,-46.374826532005535,170028485730369699,170063668761854148,0,170028485730369699,-6354.4805,297.40076,0,0,0,49334.844,293.69598,True,2026022600046,184,0,2.0313944e-05,1.2266962e-05,4.496301e-11,1713.5808,0.36929438,2355.5374,0.21567717,False,-9505.566,820.0518,False,False,True,21.866243,,1743.446,1681,-7074.9966,1.0293465,62.49403228241073,,-46.37482099102074,,1.2540735,,-86.49135,,,0,False,,,,,,,,0,False,False,False,55829.832,105.29587,0.3197067,0.18101026,0.033654194,0.16133054,0.12960027,-0.00020762501,False,False,False,False,0.84991294,0.51640916,False,False,61098.03120267478,,23,False,False,False,False,False,False,False,False,False,False,False,False,False,False,False,False,False,False,False,False,False,i
3,61098.036601886786,lsst,62.4940708940629,-46.37482695042047,170028485730369699,170063670907240657,0,170028485730369699,-6914.1895,289.47745,0,0,0,47158.18,285.66913,True,2026022600062,180,0,9.267524e-06,6.9769126e-06,6.7745193e-12,1910.3489,0.16801567,1637.5029,0.124171995,False,-7756.7573,796.724,False,False,True,23.021587,,1728.3405,1681,-7304.005,3.843742,62.49406843310945,,-46.37482838348766,,1.0434502,,-103.438385,,,0,False,,,,,,,,0,False,False,False,54196.227,95.55131,0.23925053,0.13459517,-0.006411825,0.16117209,0.15164497,0.016294321,False,False,False,False,0.13846008,0.5074214,False,False,61098.03844075586,,22,False,False,False,False,False,False,False,False,False,False,False,False,False,False,False,False,False,False,False,False,False,i
2,61098.08576730031,lsst,62.49405377067223,-46.3748266682224,170028485730369699,170063684330586327,0,170028485730369699,-15452.811,333.12735,0,0,0,53036.83,333.74017,True,2026022600162,183,0,4.942392e-06,5.4824177e-06,1.5624497e-12,3473.0151,0.08825529,2463.903,0.09952378,False,-16395.518,730.8058,False,False,True,46.475334,,1715.5211,1681,-14791.604,0.67296714,62.4940498961626,,-46.374829209839376,,0.7800068,,-11.650062,,,0,False,,,,,,,,0,False,False,False,68911.63,46.422115,0.24819654,0.2814968,0.021087041,0.21275263,0.2423672,0.00020451822,False,False,False,False,0.1419304,0.7684738,False,False,61098.08731053292,,29,False,False,False,False,False,False,False,False,False,False,False,False,False,False,False,False,False,False,False,False,False,r
2,61098.0866784894,lsst,62.4940515170765,-46.37481449834908,170028485730369699,170063684599546015,0,170028485730369699,-15127.187,342.44852,0,0,0,55509.547,343.57657,True,2026022600164,184,0,5.598586e-06,5.8238566e-06,8.871822e-13,290.07513,0.10037975,3503.3428,0.1054683,False,-14228.818,727.8409,False,False,True,43.835896,,1694.5941,1681,-14518.989,0.101519205,62.494049655255,,-46.37481685767228,,0.48724088,,-95.74194,,,0,False,,,,,,,,0,False,False,False,71059.266,40.202087,0.2854114,0.27095008,-0.007060551,0.2299435,0.28346086,0.011441688,False,False,False,False,0.044042476,0.7529339,False,False,61098.08831796833,,28,False,False,False,False,False,False,False,False,False,False,False,False,False,False,False,False,False,False,False,False,False,r
2,61098.08841965604,lsst,62.49405650689197,-46.37483594928028,170028485730369699,170063685132222608,0,170028485730369699,-16513.662,314.77893,0,0,0,47165.99,313.52432,True,2026022600168,176,0,4.286565e-06,4.8910306e-06,4.3101972e-13,2313.9958,0.077098124,3827.051,0.08827118,False,-15963.634,725.51697,False,False,True,52.435417,,1695.1558,1681,-16038.78,1.2342927,62.494050004088464,,-46.37483873011425,,0.73254263,,-2.1386716,,,0,False,,,,,,,,0,False,False,False,64094.19,51.31824,0.23481293,0.28076553,0.005244399,0.20446931,0.22226557,0.00448725,False,False,False,False,0.20680651,0.73330057,False,False,61098.090029045736,,29,False,False,False,False,False,False,False,False,False,False,False,False,False,False,False,False,False,False,False,False,False,r
2,61098.08927933014,lsst,62.49407288812722,-46.374823570686935,170028485730369699,170063685405901056,0,170028485730369699,-15355.188,339.6375,0,0,0,54748.58,337.62332,True,2026022600170,186,0,5.4878806e-06,5.683267e-06,-6.7076984e-15,2488.9448,0.0988361,1241.9094,0.10253532,False,-16961.506,724.54144,False,False,True,45.149662,,1714.3928,1681,-14792.567,1.0285022,62.494070560201315,,-46.3748224203758,,0.5076407,,-22.9321,,,0,False,,,,,,,,0,False,False,False,70373.33,35.15541,0.2812445,0.29718095,0.0075550447,0.25154212,0.2645832,0.0026442346,False,False,False,False,0.08996304,0.75680584,False,False,61098.09079436924,,30,False,False,False,False,False,False,False,False,False,False,False,False,False,False,False,False,False,False,False,False,False,r
2,61098.09015068112,lsst,62.4940556045345,-46.374832218357426,170028485730369699,170063685669617780,0,170028485730369699,-15619.388,358.01822,0,0,0,62193.926,364.35406,True,2026022600172,177,0,5.6720673e-06,6.2476506e-06,-9.983635e-13,230.65337,0.10191071,2491.0337,0.112945266,False,-16343.1045,741.51886,False,False,True,43.11867,,1635.8308,1681,-14932.509,0.42571464,62.49405602666049,,-46.37483029009012,,0.48799685,,-175.4781,,,0,False,,,,,,,,0,False,False,False,78344.36,30.279682,0.29574963,0.31412074,-0.0042449697,0.24836852,0.30032966,-0.0062481435,False,False,False,False,0.08194251,0.78328604,False,False,61098.09188346104,,31,False,False,False,False,False,False,False,False,False,False,False,False,False,False,False,False,False,False,False,False,False,r
2,61098.091013110825,lsst,62.49407555940551,-46.37483224995679,170028485730369699,170063685938577664,0,170028485730369699,-16142.46,384.31497,0,0,0,66545.83,387.51205,True,2026022600174,178,0,5.766079e-06,7.2368484e-06,-4.7685744e-12,2815.8296,0.102048025,2360.6143,0.13197312,False,-16294.437,750.78864,False,False,True,41.882275,,1663.1635,1681,-16567.098,0.95978785,62.494072230327426,,-46.37483320504357,,1.3127058,,-179.6583,,,0,False,,,,,,,,0,False,False,False,83164.195,27.257008,0.27444765,0.41961178,-0.037202884,0.28467283,0.32153282,-0.00689346,False,False,False,False,0.14749879,0.807411,False,False,61098.0927368774,,32,False,False,False,False,False,False,False,False,False,False,False,False,False,False,False,False,False,False,False,False,False,r
2,61098.091881043554,lsst,62.49405489846161,-46.37483178383256,170028485730369699,170063686205440174,0,170028485730369699,-16583.604,340.4021,0,0,0,57619.977,338.7831,True,2026022600176,175,0,4.996707e-06,4.887905e-06,4.300247e-13,2614.8096,0.090209074,1577.5254,0.087832145,False,-16236.9375,726.6154,False,False,True,48.45868,,1573.1082,1681,-16970.693,0.9325667,62.494053240632475,,-46.374831923584544,,1.1445079,,-154.73161,,,0,False,,,,,,,,0,False,False,False,74559.68,28.351208,0.28250596,0.28478867,-0.061424512,0.25330943,0.2505872,-0.025570337,False,False,False,False,0.095024936,0.79995567,False,False,61098.09353337168,,30,False,False,False,False,False,False,False,False,False,False,False,False,False,False,False,False,False,False,False,False,False,r
2,61098.09275163098,lsst,62.49405384176921,-46.37483404009545,170028485730369699,170063686468108581,0,170028485730369699,-17090.996,336.75668,0,0,0,56405.64,338.30182,True,2026022600178,164,0,4.8493284e-06,4.549488e-06,1.7207626e-12,3719.7146,0.0887812,3733.5127,0.08035293,False,-17601.594,727.16785,False,False,True,50.210213,,1758.3019,1681,-16853.625,2.2866898,62.49405303888018,,-46.374833874006896,,0.8608994,,-146.1326,,,0,False,,,,,,,,0,False,False,False,73933.73,49.572823,0.27332994,0.24136539,-0.029126901,0.25025162,0.24623752,-0.022107432,False,False,False,False,0.008319267,0.72544885,False,False,61098.09424757521,,33,False,False,False,False,False,False,False,False,False,False,False,False,False,False,False,False,False,False,False,False,False,r
2,61098.09478277408,lsst,62.494064541593914,-46.3748323467655,170028485730369699,170063686978764941,0,170028485730369699,-15589.99,326.0272,0,0,0,57210.16,330.12903,True,2026022600182,114,0,5.2186815e-06,5.2013042e-06,-7.1323687e-13,2413.7449,0.0950869,3944.671,0.09251773,False,-16078.957,695.4255,False,False,True,48.055534,,1710.3656,1681,-14659.256,1.6633803,62.494062412133324,,-46.3748333493611,,0.3662706,,35.83814,,,0,False,,,,,,,,0,False,False,False,73277.625,36.240063,0.28475082,0.2957775,0.0012572217,0.25145632,0.2542311,-0.01595668,False,False,False,False,0.12937388,0.7330254,False,False,61098.096420906906,,28,False,False,False,False,False,False,False,False,False,False,False,False,False,False,False,False,False,False,False,False,False,r
2,61098.09652848007,lsst,62.49404960888669,-46.37482041011438,170028485730369699,170063687535558785,0,170028485730369699,-15304.536,322.20813,0,0,0,52390.805,322.7749,True,2026022600186,152,0,5.043959e-06,4.941765e-06,-8.008119e-13,40.474617,0.091594815,2177.7795,0.08819582,False,-15374.905,705.63165,False,False,True,47.086315,,1664.0969,1681,-14557.295,0.07122497,62.49404701703482,,-46.37481874853343,,0.6712429,,-92.64564,,,0,False,,,,,,,,0,False,False,False,68172.59,32.31945,0.26752365,0.25079954,-0.0177439,0.24365444,0.22703214,0.00046238455,False,False,False,False,0.0585293,0.6889874,False,False,61098.09821085923,,30,False,False,False,False,False,False,False,False,False,False,False,False,False,False,False,False,False,False,False,False,False,r
2,61098.09739582523,lsst,62.494076224316075,-46.37481680682848,170028485730369699,170063687820771480,0,170028485730369699,-14741.09,329.93842,0,0,0,50410.04,329.89188,True,2026022600188,184,0,5.4135767e-06,5.4760444e-06,4.326232e-13,977.1832,0.09714444,2688.4329,0.09909461,False,-14420.643,735.6546,False,False,True,43.75518,,1617.4962,1681,-14062.371,0.08283256,62.494076474350024,,-46.3748181308076,,0.7206263,,-19.06858,,,0,False,,,,,,,,0,False,False,False,65562.47,37.494118,0.25959525,0.263405,0.022671107,0.21541649,0.23460484,0.0025803773,False,False,False,False,0.1378124,0.7276362,False,False,61098.09891961442,,28,False,False,False,False,False,False,False,False,False,False,False,False,False,False,False,False,False,False,False,False,False,r
2,61098.09827128441,lsst,62.49406204336299,-46.37482917874317,170028485730369699,170063688072429814,0,170028485730369699,-15458.936,303.1279,0,0,0,47453.23,299.75574,True,2026022600190,152,0,4.153909e-06,4.686679e-06,1.7707106e-12,3224.2717,0.07351668,2182.8945,0.085546635,False,-16688.25,706.887,False,False,True,50.821438,,1705.3239,1681,-14800.55,0.36956733,62.49405809267627,,-46.37483024577953,,0.66728127,,-0.8001123,,,0,False,,,,,,,,0,False,False,False,63314.81,69.4198,0.22036979,0.251025,0.011988601,0.19479495,0.2187952,0.0024438307,False,False,False,False,0.09616571,0.7607641,False,False,61098.09980874012,,26,False,False,False,False,False,False,False,False,False,False,False,False,False,False,False,False,False,False,False,False,False,r
2,61098.099140959406,lsst,62.49405680048169,-46.37482637277591,170028485730369699,170063688357118113,0,170028485730369699,-15517.021,323.11353,0,0,0,48328.035,320.54922,True,2026022600192,183,0,4.4550598e-06,4.999169e-06,1.1375112e-12,2305.1067,0.07972381,2870.0127,0.09057932,False,-16996.9,744.38635,False,False,True,47.8769,,1679.7268,1681,-15080.914,0.43595582,62.49405071515936,,-46.37483029522786,,0.8166974,,1.7752326,,,0,False,,,,,,,,0,False,False,False,64263.15,62.765087,0.21811192,0.2741233,0.010093345,0.20327587,0.2200029,-0.012276143,False,False,False,False,0.13125776,0.72360766,False,False,61098.10075148727,,27,False,False,False,False,False,False,False,False,False,False,False,False,False,False,False,False,False,False,False,False,False,r
2,61098.100095675065,lsst,62.494051959485404,-46.37482631183054,170028485730369699,170063688626077967,0,170028485730369699,-14194.962,339.49557,0,0,0,53847.895,338.82605,True,2026022600194,184,0,6.126648e-06,5.836142e-06,-1.8037128e-12,3642.6765,0.11146805,1850.381,0.104050115,False,-13357.146,742.5101,False,False,True,41.032078,,1678.9718,1681,-13826.562,0.0960207,62.494052517709214,,-46.37482520238249,,0.6262049,,-98.461395,,,0,False,,,,,,,,0,False,False,False,68401.77,43.556602,0.284802,0.27022845,-0.015282605,0.25214618,0.24312176,-0.016810467,False,False,False,False,0.08639835,0.6954312,False,False,61098.10160011536,,27,False,False,False,False,False,False,False,False,False,False,False,False,False,False,False,False,False,False,False,False,False,r
2,61098.10096027503,lsst,62.494070081386454,-46.37483301309918,170028485730369699,170063688881406233,0,170028485730369699,-15961.695,311.68018,0,0,0,48893.66,310.2833,True,2026022600196,159,0,4.299436e-06,4.9400514e-06,2.2971577e-12,3895.3604,0.07582543,2009.9791,0.090426415,False,-17647.82,718.3107,False,False,True,50.771954,,1799.7479,1681,-15797.635,0.9583835,62.49406509429274,,-46.37483588215408,,0.9498231,,11.591364,,,0,False,,,,,,,,0,False,False,False,65212.52,47.27148,0.22960718,0.30900216,0.009992241,0.210566,0.22458972,-0.0149858175,False,False,False,False,0.26518017,0.68969166,False,False,61098.10258180392,,29,False,False,False,False,False,False,False,False,False,False,False,False,False,False,False,False,False,False,False,False,False,r
2,61098.10183018125,lsst,62.494059868501026,-46.37483484968964,170028485730369699,170063689162424445,0,170028485730369699,-16242.575,342.24008,0,0,0,54688.38,343.60504,True,2026022600198,183,0,4.815981e-06,5.3163517e-06,1.1263706e-12,1520.6235,0.08626061,2995.8198,0.09627191,False,-17061.55,749.45355,False,False,True,47.16217,,1678.6733,1681,-15971.726,0.54138136,62.49405839694622,,-46.37483623507147,,0.8825292,,-161.87524,,,0,False,,,,,,,,0,False,False,False,71329.32,41.87257,0.23493502,0.30305198,-0.0077451244,0.23329481,0.24411038,-0.014501233,False,False,False,False,0.091802515,0.7950425,False,False,61098.10337442937,,29,False,False,False,False,False,False,False,False,False,False,False,False,False,False,False,False,False,False,False,False,False,r
2,61098.10443691962,lsst,62.49406862454855,-46.37481963470454,170028485730369699,170063689965633703,0,170028485730369699,-15588.09,396.83218,0,0,0,66745.21,401.37604,True,2026022600204,179,0,6.6068387e-06,7.3928254e-06,-1.1357611e-12,2433.815,0.118802324,2015.9121,0.13352846,False,-15658.605,764.6936,False,False,True,39.131954,,1662.7958,1681,-14991.369,0.23516135,62.49407146171309,,-46.37481842135771,,0.79562527,,-22.834156,,,0,False,,,,,,,,0,False,False,False,82772.16,33.08654,0.32587138,0.3718399,0.015301992,0.29830062,0.32571688,0.008621244,False,False,False,False,0.103340596,0.7849562,False,False,61098.10601182976,,31,False,False,False,False,False,False,False,False,False,False,False,False,False,False,False,False,False,False,False,False,False,r
2,61098.10534284552,lsst,62.49407398019799,-46.37483108427653,170028485730369699,170063690234593766,0,170028485730369699,-16126.465,430.80685,0,0,0,84436.04,441.5851,True,2026022600206,180,0,8.036679e-06,7.330679e-06,1.0078063e-12,3676.6367,0.14473735,831.65515,0.13194655,False,-15952.419,753.29065,False,False,True,37.289097,,1757.9009,1681,-15962.587,1.622762,62.49407427990125,,-46.37483146076726,,1.0269599,,-66.46746,,,0,False,,,,,,,,0,False,False,False,101244.35,22.342999,0.41446844,0.36340243,0.039545905,0.39889246,0.38301885,-0.018804947,False,False,False,False,0.00026111587,0.81757563,False,False,61098.1067569719,,36,False,False,False,False,False,False,False,False,False,False,False,False,False,False,False,False,False,False,False,False,False,r
2,61100.07841357533,lsst,62.494057164786696,-46.374834003472444,170028485730369699,170072470729523371,0,170028485730369699,-15708.237,338.81964,0,0,0,40651.906,332.846,True,2026022800090,125,0,4.910888e-06,4.541064e-06,-8.281568e-12,580.3388,0.06720435,3293.3257,0.1000358,False,-18086.566,842.26807,False,False,True,45.349087,,1826.8232,1681,-15826.371,0.61063623,62.49405555296203,,-46.37483710134387,,0.9932828,,135.31453,,,0,False,,,,,,,,0,False,False,False,56805.395,110.04932,0.18980211,0.27923608,-0.009794491,0.14535294,0.23679356,-0.011899678,False,False,False,False,0.21923843,0.82816106,False,False,61100.079942148725,,28,False,False,False,False,False,False,False,False,False,False,False,False,False,False,False,False,False,False,False,False,False,r
