band,mjd,survey_id,ra,dec,oid,measurement_id,parentDiaSourceId,diaObjectId,psfFlux,psfFluxErr,psfFlux_flag,psfFlux_flag_edge,psfFlux_flag_noGoodPixels,scienceFlux,scienceFluxErr,has_stamp,visit,detector,ssObjectId,raErr,decErr,ra_dec_Cov,x,xErr,y,yErr,centroid_flag,apFlux,apFluxErr,apFlux_flag,apFlux_flag_apertureTruncated,isNegative,snr,psfLnL,psfChi2,psfNdata,trailFlux,trailFluxErr,trailRa,trailRaErr,trailDec,trailDecErr,trailLength,trailLengthErr,trailAngle,trailAngleErr,trailChi2,trailNdata,trail_flag_edge,dipoleMeanFlux,dipoleMeanFluxErr,dipoleFluxDiff,dipoleFluxDiffErr,dipoleLength,dipoleAngle,dipoleChi2,dipoleNdata,forced_PsfFlux_flag,forced_PsfFlux_flag_edge,forced_PsfFlux_flag_noGoodPixels,templateFlux,templateFluxErr,ixx,iyy,ixy,ixxPSF,iyyPSF,ixyPSF,shape_flag,shape_flag_no_pixels,shape_flag_not_contained,shape_flag_parent_source,extendedness,reliability,isDipole,dipoleFitAttempted,timeProcessedMjdTai,timeWithdrawnMjdTai,bboxSize,pixelFlags,pixelFlags_bad,pixelFlags_cr,pixelFlags_crCenter,pixelFlags_edge,pixelFlags_nodata,pixelFlags_nodataCenter,pixelFlags_interpolated,pixelFlags_interpolatedCenter,pixelFlags_offimage,pixelFlags_saturated,pixelFlags_saturatedCenter,pixelFlags_suspect,pixelFlags_suspectCenter,pixelFlags_streak,pixelFlags_streakCenter,pixelFlags_injected,pixelFlags_injectedCenter,pixelFlags_injected_template,pixelFlags_injected_templateCenter,glint_trail,band_name
2,61088.211979366155,lsst,150.16576956163712,2.1559697830837465,170019716302635146,170019716302635146,0,170019716302635146,8206.166,198.4144,0,0,0,40895.938,194.27289,True,2026021600255,97,0.0,4.4948983e-06,4.6280215e-06,-3.1244128e-12,1654.9833,0.08811021,2976.1108,0.075526774,False,7767.374,439.49524,False,False,False,41.447586,,1606.6473,1681,7919.471,1.0710016,150.16576978234937,,2.155969296494494,,0.64171237,,-45.5355,,,0,False,,,,,,,,0,False,False,False,32591.584,19.527584,0.18302634,0.14727654,-0.0038126712,0.17414413,0.16020001,-0.0018979525,False,False,False,False,0.00060959236,0.48267213,False,False,61088.2135929537,,23,False,False,False,False,False,False,False,False,False,False,False,False,False,False,False,False,False,False,False,False,False,r
2,61088.212443683144,lsst,150.165769980819,2.155962769724713,170019716302635146,170019716432658505,0,170019716302635146,8307.423,192.49124,0,0,0,39088.375,189.03984,True,2026021600256,89,0.0,4.4029207e-06,4.354968e-06,2.4807645e-12,3752.3767,0.073482536,1693.9253,0.083722405,False,8728.406,440.82953,False,False,False,42.044144,,1630.2388,1681,8130.4067,1.1814673,150.16577007658302,,2.155962873389359,,0.7076828,,15.888889,,,0,False,,,,,,,,0,False,False,False,30639.545,21.297564,0.14887816,0.16929203,0.02017063,0.151702,0.16713378,0.014315552,False,False,False,False,1.7345052e-05,0.4846877,False,False,61088.2140695564,,23,False,False,False,False,False,False,False,False,False,False,False,False,False,False,False,False,False,False,False,False,False,r
4,61088.21785947578,lsst,150.16579614828166,2.1559685465264993,170019716302635146,170019717242683477,0,170019716302635146,7536.007,447.74933,0,0,0,60294.69,443.0464,True,2026021600262,98,0.0,1.339785e-05,1.44618325e-05,-4.9359728e-11,1082.7947,0.2821128,2222.5466,0.21499462,False,10434.003,1114.387,False,False,False,16.541775,,1551.3397,1681,8117.676,1.564689,150.1657993550707,,2.1559723168019773,,1.1346474,,-70.91171,,,0,False,,,,,,,,0,False,False,False,52631.43,42.168587,0.25492498,0.2096381,-0.057579298,0.21605621,0.14175439,-0.010597677,False,False,False,False,0.32818225,0.10757686,False,False,61088.219435553496,,21,False,False,False,False,False,False,False,False,False,False,False,False,False,False,False,False,False,False,False,False,False,z
3,61090.1077735384,lsst,150.1657700210499,2.1559478693974063,170019716302635146,170028500584497237,0,170019716302635146,9758.905,357.2647,0,0,0,75926.69,355.52032,False,2026021800167,97,,8.934724e-06,7.986842e-06,-8.251937e-12,3818.0085,0.13966988,2569.2805,0.16421211,False,9328.083,672.8866,False,False,False,27.292604,,1727.8387,1681,9129.73,2.7411792,150.16577193252093,,2.155948051553453,,0.75648534,,102.22753,,,0,False,,,,,,,,0,False,False,False,65985.94,12.48687,0.22119774,0.26830417,0.009233783,0.24725181,0.29104698,0.02327633,False,False,False,False,0.05372358,0.8696717,False,False,61090.10934663612,,27,False,False,False,False,False,False,False,False,False,False,False,False,False,False,False,False,False,False,False,False,False,i
3,61090.180597784965,lsst,150.1657744075968,2.1559797825573215,170019716302635146,170028510517133337,0,170019716302635146,9276.146,327.61572,0,0,0,65747.875,323.4333,False,2026021800241,98,,8.318253e-06,7.5507996e-06,1.6191807e-11,1888.8329,0.1613199,904.8456,0.12175093,False,8835.735,669.3721,False,False,False,27.870985,,1736.3757,1681,9196.732,3.8316104,150.16576990683774,,2.155975420218628,,0.8408442,,63.66147,,,0,False,,,,,,,,0,False,False,False,56362.22,14.986444,0.26175094,0.20075801,0.009148473,0.2800258,0.20503695,-0.009796398,False,False,False,False,0.013008712,0.87362623,False,False,61090.18226134259,,26,False,False,False,False,False,False,False,False,False,False,False,False,False,False,False,False,False,False,False,False,False,i
3,61090.18106558244,lsst,150.16577266402922,2.1559702440121553,170019716302635146,170028510647681087,0,170019716302635146,9329.853,318.10168,0,0,0,63060.305,313.58972,False,2026021800242,91,,7.949259e-06,7.699719e-06,6.9672124e-12,2461.0525,0.14886183,1810.5829,0.13220593,False,10141.407,671.8677,False,False,False,28.718748,,1601.9476,1681,9291.863,0.83848107,150.16577270849226,,2.1559698286132245,,0.8923471,,27.134674,,,0,False,,,,,,,,0,False,False,False,53662.77,15.587921,0.26417673,0.21917784,-0.028205138,0.23943126,0.20758735,-0.005946047,False,False,False,False,0.036207102,0.8953898,False,False,61090.18273078177,,27,False,False,False,False,False,False,False,False,False,False,False,False,False,False,False,False,False,False,False,False,False,i
3,61090.18153057039,lsst,150.16578652051612,2.1560048395967835,170019716302635146,170028510783471658,0,170019716302635146,9725.016,336.73395,0,0,0,69817.52,334.1842,False,2026021800243,94,,9.278267e-06,8.90963e-06,2.0929952e-11,4058.3176,0.183384,1191.7201,0.14111507,False,10591.122,670.22815,False,False,False,28.459162,,1731.8535,1681,10385.314,2.2087588,150.16579026850368,,2.156006222539754,,1.3116846,,65.77883,,,0,False,,,,,,,,0,False,False,False,59943.645,13.943271,0.39165357,0.25284255,0.044119094,0.28939235,0.2305613,-0.0027852103,False,False,False,False,0.31093317,0.8974675,False,False,61090.18337599943,,30,False,False,False,False,False,False,False,False,False,False,False,False,False,False,False,False,False,False,False,False,False,i
3,61090.181996839354,lsst,150.1657752608837,2.155973965974825,170019716302635146,170028510939709465,0,170019716302635146,9857.328,299.21072,0,0,0,57858.22,294.9278,False,2026021800244,136,,5.792811e-06,5.7269326e-06,7.709799e-12,372.36752,0.11505,855.35535,0.09078418,False,9404.551,668.9447,False,False,False,32.747112,,1761.2164,1681,9687.062,3.5135074,150.16577489794017,,2.1559730501598326,,0.7189715,,51.72104,,,0,False,,,,,,,,0,False,False,False,47915.12,19.359604,0.19260237,0.14685677,0.004288361,0.22858566,0.16890591,0.00087309617,False,False,False,False,0.10040308,0.90233696,False,False,61090.18368274442,,24,False,False,False,False,False,False,False,False,False,False,False,False,False,False,False,False,False,False,False,False,False,i
3,61090.182463713754,lsst,150.16577215748657,2.1559510934245245,170019716302635146,170028511051907205,0,170019716302635146,9006.516,310.7368,0,0,0,61701.6,306.94037,False,2026021800245,94,,7.791684e-06,7.881058e-06,1.32837595e-11,2717.7087,0.15549032,3885.0217,0.1247759,False,9552.546,666.86304,False,False,False,28.615076,,1660.4882,1681,8776.27,0.61276305,150.1657725160284,,2.1559528248835833,,0.71363556,,34.110935,,,0,False,,,,,,,,0,False,False,False,52556.375,16.377003,0.2541685,0.21170266,-0.0072183176,0.24128783,0.19237436,-0.0020875207,False,False,False,False,0.029425468,0.8889014,False,False,61090.18413138384,,25,False,False,False,False,False,False,False,False,False,False,False,False,False,False,False,False,False,False,False,False,False,i
3,61090.18339506337,lsst,150.1657879259606,2.155980377827166,170019716302635146,170028511319818383,0,170019716302635146,9697.879,314.5057,0,0,0,63410.71,308.9658,False,2026021800247,93,,6.878567e-06,6.9962016e-06,3.0227045e-12,4033.467,0.12878998,3695.6106,0.12066986,False,10891.649,663.2436,False,False,False,30.035233,,1761.4147,1681,9401.939,2.357159,150.16578947996098,,2.1559797076655065,,0.7966672,,79.148155,,,0,False,,,,,,,,0,False,False,False,53584.684,14.8548765,0.21940495,0.21282464,0.028302023,0.22001494,0.200893,-0.0048446157,False,False,False,False,0.003794461,0.83394045,False,False,61090.18509167133,,35,False,False,False,False,False,False,False,False,False,False,False,False,False,False,False,False,False,False,False,False,False,i
3,61090.18385856578,lsst,150.16576395871908,2.155961465802983,170019716302635146,170028511477104656,0,170019716302635146,9745.325,291.8057,0,0,0,55490.055,286.41818,False,2026021800248,137,,5.9374456e-06,5.986952e-06,7.3436146e-13,1007.00507,0.108459294,423.9481,0.10608023,False,9703.853,653.35895,False,False,False,33.292522,,1693.2031,1681,9197.025,0.20964211,150.1657641715519,,2.155960661046993,,0.3743067,,-38.12139,,,0,False,,,,,,,,0,False,False,False,45681.934,14.37242,0.17642811,0.186139,-0.0034426881,0.19678947,0.1742399,-0.00095596985,False,False,False,False,0.0024076642,0.8636489,False,False,61090.18580951558,,23,False,False,False,False,False,False,False,False,False,False,False,False,False,False,False,False,False,False,False,False,False,i
3,61090.18432797135,lsst,150.16576745705325,2.155967729796036,170019716302635146,170028511588778131,0,170019716302635146,9754.641,295.09204,0,0,0,56453.625,289.1728,False,2026021800249,94,,6.2030845e-06,6.323145e-06,1.4773832e-12,1416.9321,0.115027115,3626.9436,0.11027358,False,9230.327,654.21497,False,False,False,32.981388,,1710.8247,1681,9323.861,0.43192407,150.16576763938903,,2.1559674933053246,,0.6146707,,-4.785831,,,0,False,,,,,,,,0,False,False,False,46624.246,14.079851,0.19716462,0.18727747,-0.015788106,0.19502416,0.18253158,-0.0008069587,False,False,False,False,0.0015669637,0.89052534,False,False,61090.18623146553,,23,False,False,False,False,False,False,False,False,False,False,False,False,False,False,False,False,False,False,False,False,False,i
3,61090.18479328063,lsst,150.16577812242136,2.155980928869143,170019716302635146,170028511722995761,0,170019716302635146,8896.039,298.14478,0,0,0,57411.668,291.71194,False,2026021800250,94,,6.566689e-06,6.555022e-06,-1.2024482e-13,235.27266,0.11782409,1603.2129,0.11821848,False,8122.883,662.89215,False,False,False,29.937565,,1691.4354,1681,8625.585,2.3254678,150.16577862343013,,2.1559811859601408,,0.66482687,,90.29216,,,0,False,,,,,,,,0,False,False,False,48472.41,14.180295,0.16762522,0.18919608,0.016376806,0.1976559,0.1853293,-0.002114472,False,False,False,False,0.022067443,0.7856281,False,False,61090.18665076366,,22,False,False,False,False,False,False,False,False,False,False,False,False,False,False,False,False,False,False,False,False,False,i
3,61090.18526546116,lsst,150.1657715359646,2.155965408627592,170019716302635146,170028511855116368,0,170019716302635146,8995.559,296.3995,0,0,0,56558.684,290.53207,False,2026021800251,90,,6.487528e-06,6.6889097e-06,1.6623044e-12,3248.808,0.1214022,1714.2389,0.115603074,False,9446.821,664.0516,False,False,False,30.217443,,1652.4854,1681,8253.641,0.020274706,150.16577120037746,,2.1559647624296043,,0.22311622,,-22.359547,,,0,False,,,,,,,,0,False,False,False,47520.496,14.31313,0.18329221,0.18374333,-0.0020761199,0.19493304,0.179937,0.0006361217,False,False,False,False,0.002042421,0.8356498,False,False,61090.18718007428,,25,False,False,False,False,False,False,False,False,False,False,False,False,False,False,False,False,False,False,False,False,False,i
3,61090.186195496266,lsst,150.1657656372459,2.155972753840326,170019716302635146,170028512127746063,0,170019716302635146,9412.936,278.12482,0,0,0,50380.938,273.4433,False,2026021800253,98,,5.4270326e-06,5.5025366e-06,3.2684955e-13,3171.8982,0.09917627,393.9151,0.097449556,False,10100.678,663.2484,False,False,False,33.629986,,1660.699,1681,8656.491,0.040074036,150.16576637919556,,2.1559726321587056,,0.4318605,,73.66778,,,0,False,,,,,,,,0,False,False,False,40877.21,17.028858,0.15263598,0.15774629,0.007591048,0.16276851,0.15111765,-0.007258985,False,False,False,False,0.00048829004,0.8436267,False,False,61090.187928405474,,23,False,False,False,False,False,False,False,False,False,False,False,False,False,False,False,False,False,False,False,False,False,i
3,61090.18666143439,lsst,150.1657728546983,2.1559729997754618,170019716302635146,170028512255672451,0,170019716302635146,9360.854,285.15762,0,0,0,52778.87,281.18256,False,2026021800254,86,,5.504132e-06,5.6488198e-06,5.259604e-13,2797.762,0.10187726,3479.1765,0.098767474,False,8921.674,667.8898,False,False,False,32.77635,,1684.5819,1681,8482.4795,0.39505947,150.16577328917376,,2.1559734354301123,,0.3316538,,14.529858,,,0,False,,,,,,,,0,False,False,False,43260.72,17.682621,0.16016792,0.15085967,-0.0003208019,0.16630226,0.1557011,-6.943883e-05,False,False,False,False,0.004660891,0.82616436,False,False,61090.18834232834,,22,False,False,False,False,False,False,False,False,False,False,False,False,False,False,False,False,False,False,False,False,False,i
1,61090.189136608766,lsst,150.16576594490633,2.155951496127325,170019716302635146,170028512530399282,0,170019716302635146,8608.634,203.53574,0,0,0,45224.137,205.7923,False,2026021800256,98,,6.334316e-06,6.5039094e-06,4.000239e-12,710.24023,0.12110343,1960.4578,0.10947851,False,9418.346,340.04123,False,False,False,42.17997,,1703.8256,1681,8192.43,0.115590036,150.1657664586139,,2.1559531015414723,,0.8285515,,-8.550499,,,0,False,,,,,,,,0,False,False,False,36444.438,6.947468,0.35541132,0.35742986,-0.030013116,0.34355828,0.30675015,-0.008858974,False,False,False,False,0.072267324,0.9305643,False,False,61090.1909731342,,35,False,False,False,False,False,False,False,False,False,False,False,False,False,False,False,False,False,False,False,False,False,g
1,61090.189604142084,lsst,150.1657628492374,2.15595207440034,170019716302635146,170028512660947019,0,170019716302635146,8596.784,184.33432,0,0,0,37939.215,183.31364,False,2026021800257,91,,4.8088023e-06,4.892765e-06,1.1119313e-12,3779.597,0.08939109,2112.429,0.08500438,False,8048.6846,338.442,False,False,False,46.399582,,1694.8008,1681,8051.2417,0.03719909,150.165763794908,,2.1559528410415423,,0.42682403,,24.167473,,,0,False,,,,,,,,0,False,False,False,29223.008,7.5985203,0.2492591,0.23486918,-0.0028409772,0.25034663,0.24788345,-0.005263955,False,False,False,False,0.004966315,0.9327449,False,False,61090.19170001423,,30,False,False,False,False,False,False,False,False,False,False,False,False,False,False,False,False,False,False,False,False,False,g
1,61090.191458506844,lsst,150.1657755383838,2.1559579970131653,170019716302635146,170028513198866544,0,170019716302635146,8621.376,200.34021,0,0,0,44013.004,202.23822,False,2026021800261,93,,5.9574345e-06,5.903263e-06,-3.233209e-13,3617.0173,0.105936974,3525.7969,0.10732631,False,8650.194,339.8959,False,False,False,42.71542,,1802.1193,1681,8309.859,0.40672338,150.16577594934557,,2.1559582044433157,,0.78414935,,92.238655,,,0,False,,,,,,,,0,False,False,False,35161.99,9.734973,0.27878097,0.31973985,0.017574035,0.31278,0.29729033,0.0038923332,False,False,False,False,0.0027235867,0.9282477,False,False,61090.19336674624,,35,False,False,False,False,False,False,False,False,False,False,False,False,False,False,False,False,False,False,False,False,False,g
1,61090.19192419702,lsst,150.16574134264857,2.1559398844519224,170019716302635146,170028513333084250,0,170019716302635146,8655.454,199.49408,0,0,0,42875.0,200.27916,False,2026021800262,93,,6.2376293e-06,6.7811684e-06,2.8782777e-12,3628.2737,0.12327179,2926.642,0.11067523,False,8940.093,339.64328,False,False,False,42.76416,,1716.8424,1681,8310.651,0.18839084,150.16574156308084,,2.155939478612926,,0.7228367,,20.595064,,,0,False,,,,,,,,0,False,False,False,34080.65,7.971936,0.3708834,0.32569352,0.0008073651,0.33265334,0.29945955,0.0035377112,False,False,False,False,0.07872619,0.93776697,False,False,61090.194019248884,,39,False,False,False,False,False,False,False,False,False,False,False,False,False,False,False,False,False,False,False,False,False,g
1,61090.19238691061,lsst,150.16576800069026,2.1559594710301857,170019716302635146,170028513489846301,0,170019716302635146,8829.755,206.7777,0,0,0,45977.992,208.32779,False,2026021800263,136,,5.959151e-06,6.440709e-06,1.9212334e-12,2967.107,0.11660762,1067.9094,0.10631945,False,9437.702,338.78583,False,False,False,42.293617,,1680.1362,1681,8414.054,0.40016732,150.16576870465028,,2.1559575853337916,,0.89355916,,-15.757258,,,0,False,,,,,,,,0,False,False,False,36902.656,6.6161036,0.34375742,0.31308934,-0.031886037,0.34284335,0.3190562,0.0041183513,False,False,False,False,0.0004811689,0.93222386,False,False,61090.19420328748,,36,False,False,False,False,False,False,False,False,False,False,False,False,False,False,False,False,False,False,False,False,False,g
1,61090.192853427056,lsst,150.16578455243356,2.1559555877787426,170019716302635146,170028513602043994,0,170019716302635146,8552.145,207.30049,0,0,0,45849.434,208.06317,False,2026021800264,94,,6.145222e-06,6.6686052e-06,1.7249364e-12,958.87683,0.12045661,3360.7188,0.10988355,False,8667.967,343.27185,False,False,False,40.773514,,1617.811,1681,8212.336,0.796214,150.16578361428523,,2.1559570154738603,,0.8339229,,38.030445,,,0,False,,,,,,,,0,False,False,False,37107.996,7.1896067,0.33007547,0.28968647,0.023081876,0.32498562,0.31714866,0.00035634736,False,False,False,False,0.009674492,0.9080977,False,False,61090.19466430525,,35,False,False,False,False,False,False,False,False,False,False,False,False,False,False,False,False,False,False,False,False,False,g
1,61090.19332057845,lsst,150.1657759208185,2.1559551465725058,170019716302635146,170028513736261661,0,170019716302635146,8898.884,194.77525,0,0,0,42157.72,195.76779,False,2026021800265,94,,5.174761e-06,5.8541027e-06,1.4703423e-12,452.75897,0.10567974,1068.3608,0.09256413,False,8753.181,340.30972,False,False,False,45.85521,,1710.0833,1681,8524.383,0.35309353,150.1657776109691,,2.155956044747352,,0.74653107,,2.913159,,,0,False,,,,,,,,0,False,False,False,33067.688,8.603862,0.3155592,0.268622,-0.006557814,0.2881304,0.2739729,0.0013706448,False,False,False,False,0.010757583,0.9380065,False,False,61090.19503949566,,31,False,False,False,False,False,False,False,False,False,False,False,False,False,False,False,False,False,False,False,False,False,g
1,61090.193787357464,lsst,150.16576694001049,2.155963091119168,170019716302635146,170028513868906516,0,170019716302635146,8889.383,209.70544,0,0,0,46813.79,213.1988,False,2026021800266,91,,6.1870346e-06,6.3573466e-06,3.057674e-13,561.69867,0.11436662,1014.952,0.11119525,False,9378.073,342.90952,False,False,False,42.05147,,1578.3898,1681,8335.861,0.4700867,150.16576847579734,,2.155961767971374,,0.69130236,,-19.937332,,,0,False,,,,,,,,0,False,False,False,37657.496,6.779827,0.34670678,0.32358274,-0.01709855,0.3322745,0.32452524,-0.007911846,False,False,False,False,0.0034501064,0.9336512,False,False,61090.19559425433,,34,False,False,False,False,False,False,False,False,False,False,False,False,False,False,False,False,False,False,False,False,False,g
1,61090.194249104345,lsst,150.16577296086808,2.155951760324411,170019716302635146,170028514026717187,0,170019716302635146,8324.77,197.18463,0,0,0,42728.266,198.70364,False,2026021800267,136,,5.735833e-06,5.7191164e-06,-1.595204e-14,1873.4014,0.102826476,153.28096,0.10315285,False,8499.202,340.76315,False,False,False,41.981663,,1677.2794,1681,7598.547,0.045800973,150.1657733549661,,2.1559528012555407,,0.3789978,,-38.236095,,,0,False,,,,,,,,0,False,False,False,34138.562,8.300565,0.27625898,0.2752777,-0.006043754,0.2890887,0.27848712,-0.0033857117,False,False,False,False,0.0056381472,0.90878093,False,False,61090.196010999,,31,False,False,False,False,False,False,False,False,False,False,False,False,False,False,False,False,False,False,False,False,False,g
1,61090.19471476575,lsst,150.16576292278089,2.1559603362443163,170019716302635146,170028514141012026,0,170019716302635146,8457.717,192.99977,0,0,0,41221.645,194.23976,False,2026021800268,98,,4.962608e-06,6.011504e-06,2.937279e-13,2107.0068,0.10811188,1912.1257,0.08922823,False,8378.999,335.00912,False,False,False,43.755722,,1715.4156,1681,8098.267,1.2731417,150.16576314242116,,2.155961563575488,,0.857396,,-1.3381793,,,0,False,,,,,,,,0,False,False,False,32545.016,8.536619,0.30031008,0.23494108,-0.0032022083,0.30208126,0.26483634,0.0035885083,False,False,False,False,0.021825494,0.91963613,False,False,61090.19646379244,,31,False,False,False,False,False,False,False,False,False,False,False,False,False,False,False,False,False,False,False,False,False,g
1,61090.19518579271,lsst,150.16576159237292,2.155952927403975,170019716302635146,170028514268938275,0,170019716302635146,8729.797,183.74394,0,0,0,38004.938,183.73944,False,2026021800269,86,,4.81951e-06,5.217385e-06,-9.4445305e-14,2721.1794,0.09382921,1039.0814,0.086663075,False,9051.8,337.695,False,False,False,47.381596,,1625.8473,1681,8260.482,0.0046558636,150.16576130709112,,2.155952570889602,,0.7197263,,-28.124321,,,0,False,,,,,,,,0,False,False,False,29118.059,8.696018,0.27989382,0.25293514,-0.018227572,0.24894564,0.23634173,0.0033669914,False,False,False,False,0.05645154,0.93878675,False,False,61090.19704248317,,31,False,False,False,False,False,False,False,False,False,False,False,False,False,False,False,False,False,False,False,False,False,g
4,61090.19701994756,lsst,150.16574938654398,2.155985319622446,170019716302635146,170028514409447465,0,170019716302635146,7647.4365,564.2942,0,0,0,77073.695,567.7217,False,2026021800270,98,,1.636913e-05,1.638171e-05,2.8822834e-12,453.3709,0.29303873,1460.4807,0.2962064,False,6510.7144,1127.0201,False,False,False,13.3215065,,1789.6588,1681,7262.164,2.8155832,150.1657484656705,,2.155985746024377,,0.9135401,,-68.13944,,,0,False,,,,,,,,0,False,False,False,69036.57,23.842485,0.28340924,0.22745112,-0.025397416,0.2562496,0.28315422,0.026911195,False,False,False,False,0.018686786,0.4623606,False,False,61090.19860063105,,23,False,False,False,False,False,False,False,False,False,False,False,False,False,False,False,False,False,False,False,False,False,z
4,61090.19771844729,lsst,150.16577728912682,2.1559854939442817,170019716302635146,170028514543665213,0,170019716302635146,7697.45,517.8232,0,0,0,70691.016,517.86,False,2026021800271,98,,1.2500267e-05,1.3754265e-05,3.5284987e-11,359.29932,0.2617593,2196.4443,0.20811775,False,7079.3564,1123.2916,False,False,False,14.772065,,1673.9047,1681,7265.8394,14.804601,150.1657779775774,,2.15598674941993,,0.91326857,,14.618709,,,0,False,,,,,,,,0,False,False,False,62825.867,26.155941,0.20298591,0.13906878,-0.023017809,0.21577984,0.21147841,0.0007672893,False,False,False,False,0.19121419,0.8000894,False,False,61090.199520433,,20,False,False,False,False,False,False,False,False,False,False,False,False,False,False,False,False,False,False,False,False,False,z
4,61090.19911709258,lsst,150.16576725546253,2.1559872279297783,170019716302635146,170028514945269860,0,170019716302635146,7947.796,571.4053,0,0,0,79506.914,575.89417,False,2026021800274,96,,1.8555602e-05,1.6584801e-05,-3.7280533e-11,1893.7386,0.2894077,3862.2437,0.34165508,False,8420.379,1140.8773,False,False,False,13.809935,,1661.1879,1681,7406.801,6.032711,150.1657646499742,,2.1559879322566005,,0.77425045,,-44.767696,,,0,False,,,,,,,,0,False,False,False,71347.65,23.276125,0.2316634,0.2702526,-0.018216146,0.24852918,0.2716934,-5.7460743e-06,False,False,False,False,0.008012511,0.35507572,False,False,61090.20076956383,,25,False,False,False,False,False,False,False,False,False,False,False,False,False,False,False,False,False,False,False,False,False,z
4,61090.20004827992,lsst,150.1657826563272,2.1559671986601296,170019716302635146,170028515212132449,0,170019716302635146,9984.871,632.2581,0,0,0,97734.66,629.84894,False,2026021800276,93,,1.8040988e-05,1.2896542e-05,-5.639837e-11,3502.7737,0.21911441,3303.9324,0.3333858,False,10586.236,1142.3219,False,False,False,15.431834,,1776.0706,1681,10726.752,28.693472,150.16578047501957,,2.1559497232478,,1.5960437,,77.044975,,,0,False,,,,,,,,0,False,False,False,87499.86,24.654236,0.29766208,0.42049876,0.11185056,0.31374773,0.42531154,0.021120938,False,False,False,False,0.0073509887,0.4155027,False,False,61090.20184510894,,28,False,False,False,False,False,False,False,False,False,False,False,False,False,False,False,False,False,False,False,False,False,z
4,61090.20144634352,lsst,150.1657799016753,2.1559671215995158,170019716302635146,170028515615309888,0,170019716302635146,8096.8037,688.8897,0,0,0,102754.86,697.0129,False,2026021800279,94,,2.8161641e-05,2.3420145e-05,-3.844834e-11,849.11505,0.41903135,3282.0742,0.50851285,False,7284.792,1180.1255,False,False,False,11.765689,,1692.0781,1681,7864.4707,0.79539526,150.16577073790003,,2.1559697572028775,,0.8653345,,67.193756,,,0,False,,,,,,,,0,False,False,False,94341.67,19.283539,0.40665984,0.43623585,0.029087862,0.35446343,0.39923608,-0.00078365597,False,False,False,False,0.12347946,0.104176275,False,False,61090.2030871412,,27,False,False,False,False,False,False,False,False,False,False,False,False,False,False,False,False,False,False,False,False,False,z
4,61090.20377278181,lsst,150.1658000602524,2.1559677500617824,170019716302635146,170028516282204167,0,170019716302635146,9277.075,553.7407,0,0,0,77275.02,557.5228,False,2026021800284,86,,2.83019e-05,1.7927892e-05,5.308616e-11,2840.0256,0.31962487,398.73474,0.5110453,False,10378.525,1186.9824,False,False,False,16.56992,,1749.742,1681,10172.896,6.346094,150.16579839977118,,2.155967260427605,,1.5831734,,-92.893394,,,0,False,,,,,,,,0,False,False,False,67898.164,28.315598,0.20395245,0.45669335,-0.014844205,0.2072594,0.22254038,-0.0038134889,False,False,False,False,0.7874164,0.73895967,False,False,61090.20553904243,,25,False,False,False,False,False,False,False,False,False,False,False,False,False,False,False,False,False,False,False,False,False,z
2,61090.20557180919,lsst,150.16578567353574,2.1559670984518586,170019716302635146,170028516422713407,0,170019716302635146,9611.848,265.42343,0,0,0,63600.52,265.1668,False,2026021800285,98,,7.65301e-06,7.717291e-06,1.9954522e-12,120.06807,0.13580365,1686.4816,0.14061417,False,10547.85,468.56085,False,False,False,35.530575,,1655.1808,1681,9152.0,0.3694509,150.1657868468634,,2.1559692719637678,,0.81758344,,10.431665,,,0,False,,,,,,,,0,False,False,False,53842.44,10.505737,0.32166407,0.355048,0.02405276,0.30001113,0.3020699,0.025268937,False,False,False,False,0.109045945,0.8935834,False,False,61090.20725688791,,30,False,False,False,False,False,False,False,False,False,False,False,False,False,False,False,False,False,False,False,False,False,r
2,61090.20618903403,lsst,150.16577704433396,2.1559618855817098,170019716302635146,170028516556406875,0,170019716302635146,9000.505,300.14557,0,0,0,74694.17,304.0911,False,2026021800286,97,,1.0034338e-05,9.468829e-06,-6.042533e-13,2097.6174,0.17026493,2900.5745,0.18051411,False,9149.004,477.20862,False,False,False,29.385612,,1572.0402,1681,8614.358,0.9954761,150.1657808694506,,2.155961474581316,,0.87139934,,-67.89268,,,0,False,,,,,,,,0,False,False,False,65347.297,8.255304,0.37188825,0.4242392,-0.020423753,0.39398757,0.3836222,-0.00088022137,False,False,False,False,0.0054883673,0.8347185,False,False,61090.208420498384,,36,False,False,False,False,False,False,False,False,False,False,False,False,False,False,False,False,False,False,False,False,False,r
2,61090.20665668342,lsst,150.1657734805069,2.1559942082684302,170019716302635146,170028516688003191,0,170019716302635146,9466.152,329.5998,0,0,0,84134.664,337.01248,False,2026021800287,92,,1.0478622e-05,1.2991404e-05,4.925878e-13,1583.0704,0.23368226,3842.7146,0.1884613,False,10036.881,484.81604,False,False,False,28.233183,,1663.2384,1681,9726.373,0.93962073,150.16577358977472,,2.1559954489398967,,1.5638934,,5.7930202,,,0,False,,,,,,,,0,False,False,False,74347.305,6.8188677,0.6870308,0.4637136,0.020962449,0.5164792,0.47201198,-0.0033490334,False,False,False,False,0.28280404,0.7809162,False,False,61090.20867182661,,40,False,False,False,False,False,False,False,False,False,False,False,False,False,False,False,False,False,False,False,False,False,r
2,61090.207120104984,lsst,150.16578470947528,2.155996741082849,170019716302635146,170028516823269473,0,170019716302635146,9630.454,289.68646,0,0,0,69539.84,292.6146,False,2026021800288,94,,7.831689e-06,8.593893e-06,-5.75755e-13,3940.414,0.15458256,3093.7954,0.14082924,False,10925.256,479.20212,False,False,False,32.455368,,1540.6217,1681,9118.641,1.3032942,150.1657849462283,,2.155999271166707,,0.8730839,,18.471092,,,0,False,,,,,,,,0,False,False,False,59550.81,9.348765,0.3805573,0.3308601,0.022512672,0.34606248,0.3312439,-0.0029605979,False,False,False,False,0.021210285,0.8469232,False,False,61090.20887420203,,42,False,False,False,False,False,False,False,False,False,False,False,False,False,False,False,False,False,False,False,False,False,r
2,61090.20758356889,lsst,150.16576697941525,2.1559815504228452,170019716302635146,170028516954865689,0,170019716302635146,9742.734,306.48297,0,0,0,75836.56,310.89206,False,2026021800289,89,,1.0119152e-05,1.0037146e-05,1.835038e-13,3732.6753,0.18050857,957.2662,0.18203565,False,11291.917,481.0906,False,False,False,31.57668,,1618.482,1681,9182.013,3.59617,150.16576838405229,,2.155983664547601,,0.76595986,,-13.4883375,,,0,False,,,,,,,,0,False,False,False,65799.66,8.699421,0.55905455,0.5106442,-0.0067521897,0.3964472,0.40875795,5.227419e-05,False,False,False,False,0.6618952,0.8628389,False,False,61090.20954341612,,41,False,False,False,False,False,False,False,False,False,False,False,False,False,False,False,False,False,False,False,False,False,r
2,61090.20805073771,lsst,150.16577714343862,2.1559700075847386,170019716302635146,170028517091704942,0,170019716302635146,9080.815,291.53217,0,0,0,70887.27,293.79666,False,2026021800290,94,,9.6131025e-06,9.815315e-06,-6.0963284e-13,988.2665,0.17660747,3702.6597,0.17281531,False,9855.564,479.52042,False,False,False,30.583075,,1775.1725,1681,8636.97,0.6599755,150.1657770497258,,2.1559704053193136,,0.72230077,,-21.577179,,,0,False,,,,,,,,0,False,False,False,61499.38,9.335177,0.44015113,0.39978823,-0.009785339,0.35507497,0.35564345,-0.005318023,False,False,False,False,0.25412795,0.8437801,False,False,61090.209879106886,,34,False,False,False,False,False,False,False,False,False,False,False,False,False,False,False,False,False,False,False,False,False,r
2,61090.208516529354,lsst,150.16576675708907,2.1559718182989354,170019716302635146,170028517225398330,0,170019716302635146,8831.261,278.34476,0,0,0,64791.344,279.53986,False,2026021800291,93,,8.515309e-06,9.11354e-06,-2.2754368e-12,3228.2134,0.16436504,1796.4891,0.15265873,False,9415.178,477.11246,False,False,False,30.996918,,1716.7623,1681,8526.282,0.62912595,150.16576750588646,,2.1559753699435538,,1.0434554,,-31.717978,,,0,False,,,,,,,,0,False,False,False,55667.555,9.676007,0.37958255,0.30432206,-0.031684063,0.31376198,0.32288218,0.005069477,False,False,False,False,0.04283731,0.8706765,False,False,61090.2103950735,,33,False,False,False,False,False,False,False,False,False,False,False,False,False,False,False,False,False,False,False,False,False,r
2,61090.208981006566,lsst,150.16577563572568,2.155943711940815,170019716302635146,170028517359616041,0,170019716302635146,9212.604,277.55185,0,0,0,65516.64,277.73938,False,2026021800292,93,,8.657642e-06,8.949445e-06,-1.442443e-12,3572.9292,0.16134477,1305.2224,0.15532853,False,10143.789,477.71567,False,False,False,33.157932,,1715.8885,1681,8742.767,0.706,150.1657774331238,,2.1559441812530973,,0.83868253,,-78.6053,,,0,False,,,,,,,,0,False,False,False,56066.88,9.792962,0.38005567,0.41770554,-0.024177046,0.3118191,0.30779636,-0.0035636327,False,False,False,False,0.47231847,0.9002049,False,False,61090.21081895864,,34,False,False,False,False,False,False,False,False,False,False,False,False,False,False,False,False,False,False,False,False,False,r
2,61090.20944350143,lsst,150.16576828512046,2.155958014144519,170019716302635146,170028517515853836,0,170019716302635146,9051.32,228.96632,0,0,0,48412.707,227.15265,False,2026021800293,135,,5.1168736e-06,5.355723e-06,-8.9946296e-13,2785.53,0.0968204,306.9226,0.09153965,False,9678.951,469.96356,False,False,False,39.140305,,1623.0354,1681,8325.813,0.27768868,150.16576829957214,,2.1559568047289073,,0.585804,,-23.89635,,,0,False,,,,,,,,0,False,False,False,39259.293,14.572565,0.21464214,0.18543257,-0.003104406,0.20282403,0.19235799,-0.0004286796,False,False,False,False,0.00075593777,0.9083127,False,False,61090.211277319526,,25,False,False,False,False,False,False,False,False,False,False,False,False,False,False,False,False,False,False,False,False,False,r
2,61090.209911183556,lsst,150.1657707575858,2.1559663496738857,170019716302635146,170028517628575817,0,170019716302635146,8822.822,256.40643,0,0,0,58782.13,259.15152,False,2026021800294,94,,6.704927e-06,6.760853e-06,-3.2811335e-13,379.73083,0.121760316,2543.7993,0.12043005,False,8664.321,471.73514,False,False,False,34.117958,,1584.0903,1681,8104.317,1.495828,150.1657703751645,,2.155966526206889,,0.6210372,,-61.917645,,,0,False,,,,,,,,0,False,False,False,49618.918,12.313813,0.24325037,0.23895214,-0.016593166,0.26187095,0.2573777,-0.0049764873,False,False,False,False,0.03244806,0.86172867,False,False,61090.21162672057,,29,False,False,False,False,False,False,False,False,False,False,False,False,False,False,False,False,False,False,False,False,False,r
2,61090.21037865158,lsst,150.16577003070057,2.155972813119137,170019716302635146,170028517762793480,0,170019716302635146,8848.436,233.18979,0,0,0,49796.996,231.36552,False,2026021800295,94,,5.2717296e-06,5.9237454e-06,-3.9139855e-12,1245.7404,0.10909377,366.47293,0.091869496,False,9461.804,470.1405,False,False,False,37.80239,,1780.9744,1681,8204.14,0.47034577,150.1657699549152,,2.155971153646055,,0.6798399,,-12.936444,,,0,False,,,,,,,,0,False,False,False,40825.27,13.38513,0.23015685,0.19219048,0.007342627,0.22236073,0.19600135,-0.00023455132,False,False,False,False,0.000473677,0.8893601,False,False,61090.21212138259,,25,False,False,False,False,False,False,False,False,False,False,False,False,False,False,False,False,False,False,False,False,False,r
2,61090.21084512786,lsst,150.16576768189228,2.1559670658735044,170019716302635146,170028517895438385,0,170019716302635146,9154.672,242.8219,0,0,0,53178.918,241.71857,False,2026021800296,91,,5.9414656e-06,5.800722e-06,1.0816404e-12,3741.4424,0.10349838,1109.2839,0.1076829,False,9217.065,469.9134,False,False,False,37.158875,,1695.3445,1681,8503.974,0.35106423,150.1657689092384,,2.155966236021359,,0.6679753,,48.314857,,,0,False,,,,,,,,0,False,False,False,43856.137,11.464577,0.20810263,0.24162929,0.010053919,0.2389057,0.22828878,-0.013040798,False,False,False,False,0.008113992,0.8651567,False,False,61090.21321036692,,29,False,False,False,False,False,False,False,False,False,False,False,False,False,False,False,False,False,False,False,False,False,r
2,61090.211308147875,lsst,150.16577191839326,2.155970255238588,170019716302635146,170028518032277630,0,170019716302635146,8507.777,219.55196,0,0,0,45298.363,218.17065,False,2026021800297,96,,5.2547407e-06,5.4398574e-06,-1.6929471e-12,2387.27,0.0994407,3194.2927,0.092851065,False,8988.08,467.59204,False,False,False,38.38299,,1758.4366,1681,7900.241,0.039991394,150.16577183686582,,2.155968369682502,,0.5752868,,-13.015153,,,0,False,,,,,,,,0,False,False,False,36636.996,16.583578,0.21401134,0.19011357,0.007984947,0.18902129,0.1804112,0.0024547968,False,False,False,False,0.0398541,0.8644654,False,False,61090.21307328585,,26,False,False,False,False,False,False,False,False,False,False,False,False,False,False,False,False,False,False,False,False,False,r
2,61090.21177405331,lsst,150.16576939451866,2.15595411052048,170019716302635146,170028518167019653,0,170019716302635146,9343.119,223.07658,0,0,0,46114.848,220.08275,False,2026021800298,97,,4.8281995e-06,5.1509533e-06,-3.5639558e-12,3243.291,0.096581355,3650.3838,0.08245855,False,9382.945,471.1677,False,False,False,41.412262,,1762.9568,1681,8742.939,0.08225125,150.16577006473742,,2.1559534105354334,,0.7316971,,-27.38215,,,0,False,,,,,,,,0,False,False,False,36639.07,16.479528,0.22390565,0.1770293,0.0045233634,0.19124839,0.17421992,0.003013636,False,False,False,False,0.04205533,0.8978399,False,False,61090.21343374832,,24,False,False,False,False,False,False,False,False,False,False,False,False,False,False,False,False,False,False,False,False,False,r
2,61090.212240906156,lsst,150.1657768155981,2.1559651965474593,170019716302635146,170028518297567284,0,170019716302635146,9039.342,254.66455,0,0,0,57164.793,254.2401,False,2026021800299,90,,6.3290186e-06,6.2138115e-06,2.1167634e-12,337.53168,0.10955798,1081.6022,0.1159799,False,9334.787,474.4249,False,False,False,34.782192,,1760.2582,1681,8614.244,0.8428574,150.16577629886098,,2.155965760080255,,0.94447553,,-94.57667,,,0,False,,,,,,,,0,False,False,False,47949.47,11.795617,0.21012618,0.24871184,-0.036229353,0.2528875,0.25067264,-0.008074413,False,False,False,False,0.048372496,0.87049574,False,False,61090.21384781406,,30,False,False,False,False,False,False,False,False,False,False,False,False,False,False,False,False,False,False,False,False,False,r
3,61090.21412580824,lsst,150.16577264420118,2.155982851158902,170019716302635146,170028518435979307,0,170019716302635146,8832.3125,364.88913,0,0,0,70432.805,366.26367,False,2026021800300,98,,9.379944e-06,9.4930065e-06,-1.42978745e-11,685.3011,0.18292056,1303.5552,0.1555052,False,10152.29,725.77655,False,False,False,23.455406,,1813.941,1681,8179.879,2.4212463,150.16577110694143,,2.1559854030986276,,0.6755238,,-27.103455,,,0,False,,,,,,,,0,False,False,False,61371.938,14.211017,0.23707609,0.20292346,0.010483234,0.27133176,0.22513674,0.021134926,False,False,False,False,0.07706725,0.85766107,False,False,61090.21573930675,,29,False,False,False,False,False,False,False,False,False,False,False,False,False,False,False,False,False,False,False,False,False,i
3,61090.21468858524,lsst,150.16576866343263,2.1559602989247164,170019716302635146,170028518569672809,0,170019716302635146,8927.605,302.3628,0,0,0,51822.69,300.31412,False,2026021800301,97,,5.6434583e-06,6.054377e-06,-3.0185397e-13,1500.546,0.10894297,2891.2722,0.1015039,False,9886.7295,726.80334,False,False,False,29.078766,,1747.7811,1681,8209.23,2.3535838,150.1657678480255,,2.1559599496673902,,0.6308861,,-37.562855,,,0,False,,,,,,,,0,False,False,False,42752.36,17.267916,0.140387,0.1269759,-0.01658243,0.15759626,0.15266806,-0.003165759,False,False,False,False,0.0713962,0.92096925,False,False,61090.21645183956,,23,False,False,False,False,False,False,False,False,False,False,False,False,False,False,False,False,False,False,False,False,False,i
3,61090.21515293899,lsst,150.16576635311372,2.155968315314709,170019716302635146,170028518702841860,0,170019716302635146,9539.643,356.9996,0,0,0,67614.95,360.06726,False,2026021800302,95,,7.586164e-06,8.081118e-06,-8.459286e-13,1835.3662,0.14548445,99.27022,0.1363728,False,8962.161,735.1073,False,False,False,26.591269,,1649.7964,1681,8624.245,2.1440547,150.165767915399,,2.155967444756077,,0.46645352,,17.402044,,,0,False,,,,,,,,0,False,False,False,57858.59,14.527599,0.21020047,0.19754179,0.006830757,0.24025191,0.21447599,-0.008116005,False,False,False,False,0.05882177,0.9098358,False,False,61090.21678780948,,26,False,False,False,False,False,False,False,False,False,False,False,False,False,False,False,False,False,False,False,False,False,i
3,61090.215617639304,lsst,150.16576305633828,2.1559621963310893,170019716302635146,170028518836535394,0,170019716302635146,8839.566,325.81732,0,0,0,57082.832,325.56955,False,2026021800303,94,,6.457407e-06,7.530231e-06,-2.5322106e-12,3799.5247,0.13595864,3327.4487,0.115589745,False,9227.78,729.7768,False,False,False,26.578657,,1626.013,1681,8010.696,0.9680966,150.16576302379323,,2.1559625313578343,,0.63935643,,-19.63284,,,0,False,,,,,,,,0,False,False,False,48118.07,15.513598,0.18345903,0.14953089,-0.0063831657,0.19214232,0.16962378,0.0012283506,False,False,False,False,0.02817484,0.8973296,False,False,61090.21749615912,,24,False,False,False,False,False,False,False,False,False,False,False,False,False,False,False,False,False,False,False,False,False,i
3,61090.21608362456,lsst,150.16576424543968,2.155976296263958,170019716302635146,170028518968131589,0,170019716302635146,8901.417,313.59964,0,0,0,54452.445,311.9425,False,2026021800304,89,,6.7978162e-06,6.7108504e-06,2.7471385e-13,3398.742,0.12065864,159.96725,0.1223838,False,8589.9,727.053,False,False,False,28.318768,,1683.8889,1681,8094.6953,0.94713897,150.16576397751558,,2.155976785722739,,0.42606556,,74.182396,,,0,False,,,,,,,,0,False,False,False,45433.566,16.239902,0.1597812,0.17521492,0.0009308127,0.17577654,0.16642745,-0.0020203083,False,False,False,False,0.0018942056,0.8903419,False,False,61090.21799409831,,21,False,False,False,False,False,False,False,False,False,False,False,False,False,False,False,False,False,False,False,False,False,i
3,61090.2165484522,lsst,150.16576745290376,2.1559679663240003,170019716302635146,170028519104970890,0,170019716302635146,9278.838,322.15402,0,0,0,57520.215,319.50668,False,2026021800305,94,,6.3572948e-06,6.3344546e-06,8.955624e-14,794.68536,0.11391044,3578.7046,0.114404224,False,7803.7817,722.8365,False,False,False,28.466114,,1680.5468,1681,8375.72,1.800302,150.16576769253595,,2.15596877486236,,0.37258318,,26.510214,,,0,False,,,,,,,,0,False,False,False,48079.33,15.431029,0.15150683,0.15020993,0.005883744,0.18395084,0.18099691,0.0011340172,False,False,False,False,0.127837,0.8391746,False,False,61090.218427776956,,21,False,False,False,False,False,False,False,False,False,False,False,False,False,False,False,False,False,False,False,False,False,i
3,61090.217014973474,lsst,150.16577947353545,2.1559754572346526,170019716302635146,170028519238664254,0,170019716302635146,8938.053,311.23895,0,0,0,56127.004,309.7543,False,2026021800306,93,,7.6182223e-06,6.9643443e-06,3.5584222e-12,3275.2517,0.12374229,1452.9133,0.1384372,False,8060.651,718.8402,False,False,False,28.484175,,1744.9625,1681,8376.926,0.8421374,150.1657785577812,,2.1559770889540952,,0.5864738,,-82.96211,,,0,False,,,,,,,,0,False,False,False,47075.29,15.389264,0.18796906,0.20690067,-0.011604321,0.16773011,0.18174031,0.001456478,False,False,False,False,0.070986904,0.8872417,False,False,61090.218971770846,,22,False,False,False,False,False,False,False,False,False,False,False,False,False,False,False,False,False,False,False,False,False,i
3,61090.21748062823,lsst,150.16577645546417,2.1559741879369025,170019716302635146,170028519372881954,0,170019716302635146,9086.117,354.31387,0,0,0,68170.484,353.5075,False,2026021800307,93,,1.0898179e-05,8.64575e-06,2.0309518e-11,3678.869,0.147031,1006.3288,0.20250529,False,10917.461,722.9183,False,False,False,25.536087,,1616.9417,1681,9408.15,1.4097037,150.16577639980866,,2.1559729511785015,,1.3251467,,-98.68502,,,0,False,,,,,,,,0,False,False,False,58893.53,13.347239,0.20520997,0.36050546,-0.036734093,0.2268053,0.24220392,-0.00041890235,False,False,False,False,0.22038083,0.8458542,False,False,61090.21916822651,,27,False,False,False,False,False,False,False,False,False,False,False,False,False,False,False,False,False,False,False,False,False,i
3,61090.21840949553,lsst,150.1657704741975,2.155966674045587,170019716302635146,170028519641841743,0,170019716302635146,9402.099,338.3433,0,0,0,63653.38,337.8043,False,2026021800309,94,,7.4683144e-06,6.9707344e-06,5.065978e-12,332.66315,0.12196659,2355.2217,0.13746987,False,9660.229,718.268,False,False,False,27.745892,,1636.6427,1681,8962.232,0.98006606,150.16576956473727,,2.155967374692786,,0.788311,,-103.31818,,,0,False,,,,,,,,0,False,False,False,54074.75,14.793368,0.15330265,0.20328352,-0.013273622,0.20734717,0.2170889,-0.0035076297,False,False,False,False,0.12664595,0.8741619,False,False,61090.220059911255,,25,False,False,False,False,False,False,False,False,False,False,False,False,False,False,False,False,False,False,False,False,False,i
3,61090.21887727787,lsst,150.16575918597974,2.1559623733743702,170019716302635146,170028519776059402,0,170019716302635146,8864.09,328.5747,0,0,0,59182.67,327.08755,False,2026021800310,94,,7.660679e-06,7.748098e-06,-1.1851999e-12,1445.3243,0.14017849,291.78427,0.1370053,False,8852.631,721.7449,False,False,False,26.42003,,1713.369,1681,8579.132,0.44407707,150.16576073467618,,2.155964826904911,,0.8395102,,6.7275906,,,0,False,,,,,,,,0,False,False,False,50181.508,16.113125,0.20755984,0.18970491,0.030879488,0.19027264,0.20925483,-0.002854049,False,False,False,False,0.00015999061,0.86966324,False,False,61090.22060363328,,23,False,False,False,False,False,False,False,False,False,False,False,False,False,False,False,False,False,False,False,False,False,i
3,61090.219342439705,lsst,150.16576162995838,2.155973097229616,170019716302635146,170028519909228584,0,170019716302635146,9817.993,401.27618,0,0,0,79081.95,405.4028,False,2026021800311,92,,1.0491153e-05,1.0620007e-05,-3.0273052e-12,104.446205,0.19268617,1349.2684,0.18706442,False,10479.545,742.6731,False,False,False,24.048676,,1784.0233,1681,8921.257,0.053409744,150.16576405740582,,2.1559747749226146,,0.43271297,,-84.65562,,,0,False,,,,,,,,0,False,False,False,68900.37,13.28386,0.29330105,0.29690665,-0.007719131,0.29770994,0.2764594,-0.0002148384,False,False,False,False,0.005578092,0.89717436,False,False,61090.22100813995,,29,False,False,False,False,False,False,False,False,False,False,False,False,False,False,False,False,False,False,False,False,False,i
3,61090.219809445116,lsst,150.1657793397145,2.1559681990758284,170019716302635146,170028520045543501,0,170019716302635146,9903.546,398.82877,0,0,0,80461.1,400.90674,False,2026021800312,96,,1.0452172e-05,1.0287952e-05,5.6847786e-12,1783.2551,0.18134145,2710.758,0.19165151,False,10093.761,736.27515,False,False,False,24.459618,,1665.2946,1681,9845.976,2.9263656,150.1657808592462,,2.155972724935555,,1.203641,,20.357811,,,0,False,,,,,,,,0,False,False,False,70280.65,12.176291,0.28578466,0.3408404,0.062132988,0.28615472,0.29395413,0.004421295,False,False,False,False,0.04550624,0.85401773,False,False,61090.22152229697,,28,False,False,False,False,False,False,False,False,False,False,False,False,False,False,False,False,False,False,False,False,False,i
3,61090.22027472742,lsst,150.16578357303962,2.155983725562485,170019716302635146,170028520180285538,0,170019716302635146,9208.83,399.55557,0,0,0,79354.87,401.3138,False,2026021800313,97,,1.1013687e-05,1.115661e-05,-8.20902e-12,2545.924,0.20608969,3757.4375,0.19254279,False,10030.418,740.6737,False,False,False,22.599548,,1657.116,1681,8651.162,1.7432219,150.16578644325105,,2.155987158080128,,0.82231945,,-11.836337,,,0,False,,,,,,,,0,False,False,False,69781.375,12.062646,0.30180767,0.2678662,0.024642536,0.29641074,0.27430913,0.014156758,False,False,False,False,2.3937306e-05,0.84999835,False,False,61090.22196588012,,27,False,False,False,False,False,False,False,False,False,False,False,False,False,False,False,False,False,False,False,False,False,i
3,61090.22074278259,lsst,150.16576645399255,2.1559760358291027,170019716302635146,170028520310833167,0,170019716302635146,9159.243,413.48248,0,0,0,83906.99,419.13647,False,2026021800314,90,,1.2478421e-05,1.2716303e-05,-3.0950915e-11,968.72504,0.24786389,430.14957,0.20324309,False,10661.928,742.7338,False,False,False,22.006273,,1741.6709,1681,9454.385,3.5596626,150.1657692794292,,2.155979479759556,,1.5263431,,-19.992033,,,0,False,,,,,,,,0,False,False,False,74371.33,11.766912,0.44171244,0.27793205,0.080422804,0.32568496,0.30962843,-0.0038455217,False,False,False,False,0.1304613,0.81691855,False,False,61090.22240079374,,31,False,False,False,False,False,False,False,False,False,False,False,False,False,False,False,False,False,False,False,False,False,i
1,61090.22258711555,lsst,150.16577234365067,2.15594957248697,170019716302635146,170028520447672361,0,170019716302635146,8716.574,236.07185,0,0,0,57290.164,241.68918,False,2026021800315,95,,8.8948755e-06,9.131914e-06,6.6696415e-13,2345.606,0.16429524,1954.3208,0.15984002,False,9401.562,345.38028,False,False,False,36.89416,,1566.9454,1681,8665.936,0.15305823,150.16577276613805,,2.155952655651716,,1.1057787,,-41.744267,,,0,False,,,,,,,,0,False,False,False,48243.938,5.268136,0.49596092,0.5166288,-0.05316609,0.4940755,0.45494238,-0.012892255,False,False,False,False,0.051732082,0.8901563,False,False,61090.22459989147,,40,False,False,False,False,False,False,False,False,False,False,False,False,False,False,False,False,False,False,False,False,False,g
1,61090.22305840437,lsst,150.16577329663184,2.1559426531925747,170019716302635146,170028520582938687,0,170019716302635146,8528.701,242.27318,0,0,0,59187.09,248.55116,False,2026021800316,97,,9.317078e-06,9.461097e-06,2.373079e-13,2264.596,0.1701372,2909.8318,0.16752413,False,8664.169,345.36234,False,False,False,34.91273,,1627.2823,1681,8119.8345,0.12117974,150.1657717696219,,2.1559425012534184,,0.43800017,,59.238747,,,0,False,,,,,,,,0,False,False,False,50266.26,5.2237997,0.4975807,0.50263673,0.007664544,0.50425553,0.49227038,-0.0020512354,False,False,False,False,0.00017057094,0.8549796,False,False,61090.22508225572,,42,False,False,False,False,False,False,False,False,False,False,False,False,False,False,False,False,False,False,False,False,False,g
1,61090.22352579983,lsst,150.16576678204035,2.155961851759127,170019716302635146,170028520714535001,0,170019716302635146,8509.414,223.58527,0,0,0,52641.145,228.11166,False,2026021800317,92,,7.865101e-06,8.595043e-06,5.129852e-13,1485.1442,0.15458123,3732.6846,0.14140846,False,8946.166,339.4498,False,False,False,37.456818,,1665.1927,1681,8072.467,0.4017002,150.16576679786704,,2.1559616349852595,,0.5475615,,-17.204435,,,0,False,,,,,,,,0,False,False,False,43873.23,5.678916,0.46743602,0.44776672,-0.008035054,0.43173277,0.41100144,-0.0036170862,False,False,False,False,0.07479852,0.88994014,False,False,61090.225450046026,,41,False,False,False,False,False,False,False,False,False,False,False,False,False,False,False,False,False,False,False,False,False,g
1,61090.22399201628,lsst,150.16577088074445,2.155952453812814,170019716302635146,170028520849801285,0,170019716302635146,8947.256,260.1629,0,0,0,65356.93,269.64993,False,2026021800318,94,,1.0198769e-05,1.0501494e-05,-7.7252664e-14,3968.253,0.1888137,3033.3938,0.18339078,False,8991.817,350.48376,False,False,False,34.31162,,1694.0997,1681,8836.771,0.37085715,150.16577296047635,,2.1559519005292382,,0.9402784,,20.859024,,,0,False,,,,,,,,0,False,False,False,56020.844,4.588772,0.6356858,0.57981473,0.026074855,0.6111092,0.6005409,-0.009140039,False,False,False,False,0.0001526113,0.85415894,False,False,61090.22616633719,,45,False,False,False,False,False,False,False,False,False,False,False,False,False,False,False,False,False,False,False,False,False,g
1,61090.22446261891,lsst,150.1657716861434,2.155948324283285,170019716302635146,170028520981397528,0,170019716302635146,8690.623,223.25783,0,0,0,52543.707,227.74136,False,2026021800319,89,,7.798384e-06,8.080471e-06,-2.835535e-13,3842.2888,0.1453298,1188.614,0.14021838,False,8780.739,340.60867,False,False,False,38.291573,,1635.8887,1681,8167.433,0.36540103,150.1657713315406,,2.1559485431886407,,0.49631488,,-42.380665,,,0,False,,,,,,,,0,False,False,False,43530.64,6.0555086,0.43637377,0.43183628,-0.010160563,0.41844124,0.39828396,0.01142252,False,False,False,False,0.03968333,0.88791454,False,False,61090.22635264255,,39,False,False,False,False,False,False,False,False,False,False,False,False,False,False,False,False,False,False,False,False,False,g
1,61090.22492843913,lsst,150.1657791118726,2.1559550680254858,170019716302635146,170028521118236772,0,170019716302635146,8852.345,213.02643,0,0,0,48273.074,214.20947,False,2026021800320,94,,6.386943e-06,7.7197765e-06,-2.225407e-12,1048.3932,0.13910304,3721.0857,0.11447931,False,9425.501,340.18253,False,False,False,41.112457,,1626.6676,1681,8700.746,0.32751855,150.16578030750537,,2.1559558898559765,,1.114079,,-2.8939426,,,0,False,,,,,,,,0,False,False,False,39259.836,6.3210993,0.452249,0.34122407,0.0073458073,0.37650955,0.3368746,0.004696353,False,False,False,False,0.10608875,0.91198355,False,False,61090.22676529137,,36,False,False,False,False,False,False,False,False,False,False,False,False,False,False,False,False,False,False,False,False,False,g
1,61090.225396120295,lsst,150.1657797362985,2.155953293968458,170019716302635146,170028521251930160,0,170019716302635146,8264.429,230.04971,0,0,0,54692.945,236.92047,False,2026021800321,93,,8.689605e-06,8.424474e-06,7.948836e-13,3215.5503,0.15132128,1873.6504,0.1563816,False,8950.114,346.40277,False,False,False,35.300186,,1780.8112,1681,7975.318,0.092851624,150.16577827718297,,2.1559528372269403,,0.8492501,,-96.546585,,,0,False,,,,,,,,0,False,False,False,46045.55,5.5140605,0.41584817,0.47807303,-0.0034130386,0.4423335,0.41433468,-0.0008612785,False,False,False,False,0.020001564,0.86520356,False,False,61090.2274005269,,40,False,False,False,False,False,False,False,False,False,False,False,False,False,False,False,False,False,False,False,False,False,g
1,61090.225862096835,lsst,150.1657936175845,2.155972301803549,170019716302635146,170028521386147876,0,170019716302635146,8681.4375,240.27095,0,0,0,58306.742,247.19823,False,2026021800322,93,,9.52121e-06,8.9997675e-06,2.2853997e-12,3543.1868,0.16129668,1368.6077,0.17168447,False,8988.513,347.442,False,False,False,35.577686,,1774.9249,1681,8514.461,0.57208955,150.1657982746027,,2.155974881948567,,1.0856587,,49.385464,,,0,False,,,,,,,,0,False,False,False,49262.664,5.3284473,0.46946394,0.52792865,0.043173447,0.48137963,0.4587984,-0.0030555518,False,False,False,False,0.042497106,0.86499506,False,False,61090.227795041574,,39,False,False,False,False,False,False,False,False,False,False,False,False,False,False,False,False,False,False,False,False,False,g
1,61090.22632448294,lsst,150.16575522840247,2.1559588105805387,170019716302635146,170028521542385673,0,170019716302635146,8697.348,252.5604,0,0,0,61125.387,258.70444,False,2026021800323,135,,1.0698862e-05,9.89163e-06,5.1595204e-12,3019.389,0.17651848,390.25592,0.19363694,False,8782.329,350.6148,False,False,False,34.19583,,1519.4452,1681,8797.687,0.45269826,150.16575646358297,,2.1559595765161497,,1.124693,,-80.34632,,,0,False,,,,,,,,0,False,False,False,51997.7,4.8534374,0.53181136,0.6018321,-0.043407716,0.55033034,0.5703304,-0.0085139545,False,False,False,False,0.0018745874,0.83909625,False,False,61090.22839528836,,43,False,False,False,False,False,False,False,False,False,False,False,False,False,False,False,False,False,False,False,False,False,g
1,61090.226792596615,lsst,150.16578518827242,2.1559687309543887,170019716302635146,170028521655107654,0,170019716302635146,8479.85,224.9676,0,0,0,53212.61,230.0941,False,2026021800324,94,,8.031385e-06,7.995495e-06,2.2079991e-13,394.50525,0.14366435,2569.1167,0.14449148,False,8505.87,344.0312,False,False,False,37.803925,,1726.9823,1681,8149.288,0.12821552,150.1657854826089,,2.155969327388531,,0.70214087,,-91.446304,,,0,False,,,,,,,,0,False,False,False,44394.54,5.8318105,0.40042642,0.43536225,-0.011943249,0.4324806,0.38820326,-0.006341312,False,False,False,False,0.0034611821,0.8865443,False,False,61090.22869925026,,39,False,False,False,False,False,False,False,False,False,False,False,False,False,False,False,False,False,False,False,False,False,g
1,61090.22725824319,lsst,150.16577606546667,2.1559697661918538,170019716302635146,170028521789325317,0,170019716302635146,8328.632,224.50693,0,0,0,52861.766,231.1776,False,2026021800325,94,,7.713313e-06,8.369034e-06,-4.9296127e-12,1190.6381,0.15254544,370.0281,0.13640435,False,8391.053,343.5731,False,False,False,37.074398,,1669.5537,1681,8198.738,0.23103186,150.16577519377162,,2.1559681061125615,,1.0512478,,-6.04487,,,0,False,,,,,,,,0,False,False,False,44173.668,5.791936,0.4632498,0.37886328,0.025334815,0.42560557,0.3859353,0.0041672015,False,False,False,False,0.014261797,0.886169,False,False,61090.2291002602,,37,False,False,False,False,False,False,False,False,False,False,False,False,False,False,False,False,False,False,False,False,False,g
1,61090.227725356526,lsst,150.1657719451188,2.155952125623023,170019716302635146,170028521921970203,0,170019716302635146,8657.495,222.307,0,0,0,51556.133,225.89409,False,2026021800326,91,,7.482944e-06,8.1568205e-06,-5.9437125e-12,3565.9104,0.1495641,1032.9532,0.13130645,False,8990.108,342.21255,False,False,False,38.685604,,1611.1555,1681,8442.383,0.15253092,150.165773922398,,2.155949530419361,,1.0985272,,-24.154644,,,0,False,,,,,,,,0,False,False,False,42606.184,5.961133,0.50419503,0.39656094,0.00015515045,0.39598778,0.3816334,0.006425941,False,False,False,False,0.21587816,0.906165,False,False,61090.22956700512,,36,False,False,False,False,False,False,False,False,False,False,False,False,False,False,False,False,False,False,False,False,False,g
1,61090.22819024716,lsst,150.1657723079632,2.1559609152516357,170019716302635146,170028522058809421,0,170019716302635146,8834.264,225.46658,0,0,0,53014.36,230.71318,False,2026021800327,96,,7.4532927e-06,8.007805e-06,-6.3001843e-12,2584.0928,0.1476804,3298.719,0.12994605,False,8946.79,341.9257,False,False,False,38.800274,,1770.224,1681,8750.4375,0.7411843,150.16577381432575,,2.155960920352828,,1.1672128,,-3.4806511,,,0,False,,,,,,,,0,False,False,False,43831.758,5.6057177,0.45946124,0.3783048,0.046429094,0.42306727,0.4008703,0.014644602,False,False,False,False,0.0028910043,0.9050177,False,False,61090.23013905068,,38,False,False,False,False,False,False,False,False,False,False,False,False,False,False,False,False,False,False,False,False,False,g
1,61090.22865572484,lsst,150.1657633984312,2.15594833640513,170019716302635146,170028522193551448,0,170019716302635146,8058.586,217.23502,0,0,0,50412.426,221.34982,False,2026021800328,97,,7.9834645e-06,8.06644e-06,-1.2418472e-12,3447.2493,0.1458678,3581.137,0.14272813,False,8414.426,338.47882,False,False,False,36.81553,,1564.1732,1681,7656.3936,0.1508002,150.16576514750017,,2.1559496136315164,,0.62743425,,-81.48166,,,0,False,,,,,,,,0,False,False,False,41991.6,5.929524,0.40333307,0.40985358,-0.016487833,0.39748564,0.38506854,0.011228604,False,False,False,False,0.014847281,0.8836904,False,False,61090.23052953821,,37,False,False,False,False,False,False,False,False,False,False,False,False,False,False,False,False,False,False,False,False,False,g
1,61090.22912295166,lsst,150.165771797478,2.1559535914096473,170019716302635146,170028522324099109,0,170019716302635146,8485.925,225.85129,0,0,0,54136.48,230.92009,False,2026021800329,90,,7.85557e-06,8.067397e-06,-4.0008925e-12,165.58154,0.14799196,1272.9788,0.13819493,False,8491.726,339.83768,False,False,False,37.455482,,1724.4012,1681,8245.433,1.2041094,150.16577324268516,,2.155951707097446,,1.0221993,,-7.99217,,,0,False,,,,,,,,0,False,False,False,45342.746,5.6752853,0.4601664,0.40201595,0.036023807,0.43270344,0.41564688,0.020041108,False,False,False,False,0.0028095532,0.89153576,False,False,61090.23104135427,,38,False,False,False,False,False,False,False,False,False,False,False,False,False,False,False,False,False,False,False,False,False,g
4,61090.23141905581,lsst,150.1657703346833,2.1559514765315417,170019716302635146,170028522596728896,0,170019716302635146,8320.171,567.118,0,0,0,77203.8,569.1022,False,2026021800331,98,,1.6058053e-05,1.672995e-05,4.2665853e-11,752.844,0.31826964,1984.9,0.26975182,False,7912.2075,1166.222,False,False,False,14.653829,,1619.884,1681,8222.869,7.587307,150.1657740566159,,2.155955096646537,,1.0411701,,71.23127,,,0,False,,,,,,,,0,False,False,False,68653.72,23.3141,0.28178513,0.24238554,0.04617802,0.25825733,0.23396096,-0.015010422,False,False,False,False,0.025569417,0.43955103,False,False,61090.23310657942,,23,False,False,False,False,False,False,False,False,False,False,False,False,False,False,False,False,False,False,False,False,False,z
4,61090.23328397336,lsst,150.16578811483078,2.155944938028505,170019716302635146,170028523131502699,0,170019716302635146,7986.8965,592.24084,1,0,0,85187.99,596.75616,False,2026021800335,94,,1.3534324e-05,1.0608491e-05,-4.513682e-11,2135.7722,0.17119226,3981.9634,0.25770056,True,9904.577,1174.3623,True,False,False,13.379332,,1761.6112,1681,,,,,,,,,,,,0,False,,,,,,,,0,True,False,False,76888.836,22.55515,0.35901022,0.41376168,-0.03799261,0.27405018,0.2703389,-0.015230736,True,False,False,False,,0.31047982,False,False,61090.235001915404,,27,False,False,False,False,False,False,False,False,False,False,False,False,False,False,False,False,False,False,False,False,False,z
4,61090.2337509309,lsst,150.16577359360156,2.155992809339935,170019716302635146,170028523265196116,0,170019716302635146,8812.125,579.1485,0,0,0,80888.6,579.94885,False,2026021800336,93,,1.346995e-05,1.3676616e-05,2.878813e-12,3642.142,0.24684517,3538.6482,0.24150848,False,8021.0586,1156.9426,False,False,False,15.002886,,1637.5503,1681,8545.613,5.7168345,150.16577570043987,,2.1559880798770434,,0.9077101,,-23.298225,,,0,False,,,,,,,,0,False,False,False,71854.266,27.41568,0.21621588,0.2195415,-0.03777101,0.2631639,0.2790744,-0.01741271,False,False,False,False,0.22978538,0.71619016,False,False,61090.23540622869,,23,False,False,False,False,False,False,False,False,False,False,False,False,False,False,False,False,False,False,False,False,False,z
4,61090.23421961845,lsst,150.16578780906522,2.156007313240104,170019716302635146,170028523399413840,0,170019716302635146,8366.863,604.1244,0,0,0,88360.21,604.8035,False,2026021800337,93,,2.243223e-05,2.1232634e-05,-2.1983769e-11,3645.4705,0.3785767,2939.6638,0.40674567,False,9631.094,1143.5294,False,False,False,13.597444,,1559.6564,1681,8447.128,7.1510763,150.16579881135027,,2.15601151398147,,1.2131164,,109.440674,,,0,False,,,,,,,,0,False,False,False,79767.23,22.02239,0.36855713,0.5021909,0.001250775,0.30238602,0.3159825,-0.028357051,False,False,False,False,0.7236656,0.16203968,False,False,61090.23609589083,,27,False,False,False,False,False,False,False,False,False,False,False,False,False,False,False,False,False,False,False,False,False,z
4,61090.23468264172,lsst,150.16578625445212,2.1559449927977115,170019716302635146,170028523556175892,0,170019716302635146,7400.855,587.82605,0,0,0,86434.484,585.38306,False,2026021800338,136,,1.8801744e-05,2.123894e-05,3.2341015e-11,3026.4016,0.38619778,1058.0732,0.33360642,False,6279.653,1135.5352,False,False,False,12.533463,,1766.5123,1681,7931.7974,19.844572,150.1657908523237,,2.155941410743268,,1.6064744,,-20.236654,,,0,False,,,,,,,,0,False,False,False,78840.04,24.165928,0.35725066,0.28446856,-0.12755153,0.29663944,0.27733812,-0.025509244,False,False,False,False,0.09502183,0.28903702,False,False,61090.23631229761,,23,False,False,False,False,False,False,False,False,False,False,False,False,False,False,False,False,False,False,False,False,False,z
4,61090.23514918928,lsst,150.16578410337013,2.1559527737998305,170019716302635146,170028523668373588,0,170019716302635146,9078.513,549.8087,0,0,0,80631.01,547.2554,False,2026021800339,94,,1.4507377e-05,1.3703647e-05,-6.0569405e-12,974.3732,0.24552768,3364.7273,0.26192835,False,10145.001,1119.2126,False,False,False,16.204445,,1681.7336,1681,8486.261,4.9651227,150.16578512815082,,2.155953942873797,,0.6003709,,-67.46146,,,0,False,,,,,,,,0,False,False,False,71372.26,25.861408,0.22734343,0.25715593,-0.0045743957,0.2540167,0.24936314,-0.016028378,False,False,False,False,0.008803098,0.4929657,False,False,61090.23673690573,,25,False,False,False,False,False,False,False,False,False,False,False,False,False,False,False,False,False,False,False,False,False,z
4,61090.235619904895,lsst,150.16578077507603,2.155981890139827,170019716302635146,170028523802591259,0,170019716302635146,8072.8384,546.48834,0,0,0,78764.97,547.13525,False,2026021800340,94,,1.6877515e-05,1.5313399e-05,-1.028527e-11,451.14487,0.2743009,1080.8977,0.30470115,False,7792.7197,1109.2544,False,False,False,14.660147,,1658.6024,1681,8206.49,6.6446724,150.16577523794425,,2.1559884675272936,,1.2236472,,-52.65221,,,0,False,,,,,,,,0,False,False,False,70413.22,25.828346,0.25324062,0.33969837,-0.056358796,0.25704643,0.25026587,-0.008750168,False,False,False,False,0.16511124,0.6904712,False,False,61090.237281128495,,24,False,False,False,False,False,False,False,False,False,False,False,False,False,False,False,False,False,False,False,False,False,z
4,61090.23608541384,lsst,150.16576665363192,2.155978542202659,170019716302635146,170028523935236121,0,170019716302635146,7521.8296,482.95587,0,0,0,63947.27,480.8161,False,2026021800341,91,,1.2320463e-05,1.4130657e-05,7.184791e-12,532.95105,0.25488985,1025.108,0.22089921,False,5785.979,1102.56,False,False,False,15.642617,,1735.127,1681,7574.5522,5.456075,150.16576766516783,,2.155978035401351,,1.0138935,,-28.068459,,,0,False,,,,,,,,0,False,False,False,56215.945,27.969099,0.22121519,0.19257864,-0.046505157,0.20645033,0.18903182,-0.01477604,False,False,False,False,0.010532342,0.6178488,False,False,61090.23787283646,,19,False,False,False,False,False,False,False,False,False,False,False,False,False,False,False,False,False,False,False,False,False,z
4,61090.23654644309,lsst,150.16577475676615,2.1559787124934537,170019716302635146,170028524093046787,0,170019716302635146,7365.9907,514.4042,0,0,0,69618.75,513.29645,False,2026021800342,136,,1.1959898e-05,1.4454438e-05,5.579622e-12,1921.8789,0.26032767,160.05223,0.21483643,False,6789.337,1118.9845,False,False,False,14.143241,,1702.8049,1681,7170.738,14.429611,150.16577264732675,,2.155977881919581,,1.0255793,,35.070103,,,0,False,,,,,,,,0,False,False,False,61984.383,28.142708,0.17771265,0.12607382,0.045653064,0.22345735,0.21374422,-0.007974347,False,False,False,False,0.39855245,0.5529501,False,False,61090.23817773738,,23,False,False,False,False,False,False,False,False,False,False,False,False,False,False,False,False,False,False,False,False,False,z
4,61090.237012593454,lsst,150.16576704993153,2.155949940185939,170019716302635146,170028524207341616,0,170019716302635146,7931.0474,520.8126,0,0,0,71091.15,518.40137,False,2026021800343,98,,1.4436965e-05,1.5286845e-05,7.357601e-13,2138.8582,0.27503446,1895.6698,0.2597317,False,8139.2534,1127.4891,False,False,False,15.048521,,1749.1315,1681,7921.478,10.227521,150.16576901608943,,2.155946880835629,,1.0111575,,36.118225,,,0,False,,,,,,,,0,False,False,False,62985.207,29.23609,0.23663035,0.20182724,0.044746142,0.22754616,0.23016314,0.0024005251,False,False,False,False,0.010060981,0.22556312,False,False,61090.23863840145,,24,False,False,False,False,False,False,False,False,False,False,False,False,False,False,False,False,False,False,False,False,False,z
4,61090.23747996443,lsst,150.16577863488618,2.1559724291135844,170019716302635146,170028524335267866,0,170019716302635146,9627.401,564.37054,0,0,0,80469.164,563.0822,False,2026021800344,86,,1.3833012e-05,1.3926e-05,-6.0105383e-14,2714.9514,0.25056532,1107.5763,0.24887387,False,9370.953,1145.067,False,False,False,16.7649,,1739.6519,1681,9048.499,2.4386826,150.16577683486483,,2.1559734054912254,,0.7329104,,-59.784428,,,0,False,,,,,,,,0,False,False,False,70671.33,23.360617,0.25078055,0.27276224,-0.020854015,0.25121117,0.24953672,-0.001180901,False,False,False,False,0.012875614,0.8621836,False,False,61090.23902282177,,24,False,False,False,False,False,False,False,False,False,False,False,False,False,False,False,False,False,False,False,False,False,z
2,61090.23933232503,lsst,150.16576954204902,2.155958817472623,170019716302635146,170028524475777025,0,170019716302635146,8979.231,254.27893,0,0,0,56696.547,253.60193,False,2026021800345,98,,6.5823046e-06,7.0470255e-06,-3.248518e-12,1722.3826,0.12848131,87.75734,0.11650625,False,9705.136,475.23718,False,False,False,34.42919,,1611.1621,1681,8409.535,0.8872186,150.16576976439504,,2.155960408007537,,0.72883385,,-28.210785,,,0,False,,,,,,,,0,False,False,False,47557.688,11.380156,0.28054884,0.23472604,-0.004332229,0.25963083,0.25555357,0.006141991,False,False,False,False,1.9826109e-07,0.8692138,False,False,61090.24105842173,,28,False,False,False,False,False,False,False,False,False,False,False,False,False,False,False,False,False,False,False,False,False,r
2,61090.239840525035,lsst,150.1657757692684,2.1559733356874546,170019716302635146,170028524609470560,0,170019716302635146,9028.986,241.87871,0,0,0,52674.496,239.14897,False,2026021800346,97,,6.3256202e-06,6.393563e-06,-2.3491759e-14,1690.8666,0.11498797,2871.9646,0.1137813,False,9448.466,470.04428,False,False,False,37.226597,,1693.1764,1681,8627.326,0.08037786,150.16577351808098,,2.1559717372688456,,0.7553585,,65.10246,,,0,False,,,,,,,,0,False,False,False,43540.836,10.8695,0.24285713,0.27712995,0.018381825,0.24485031,0.2233716,0.0043488094,False,False,False,False,0.06893635,0.90381676,False,False,61090.24167771793,,27,False,False,False,False,False,False,False,False,False,False,False,False,False,False,False,False,False,False,False,False,False,r
2,61090.24077445308,lsst,150.16577368127915,2.155951233336401,170019716302635146,170028524876333138,0,170019716302635146,8881.541,262.6788,0,0,0,59976.875,261.9971,False,2026021800348,94,,7.003485e-06,7.488437e-06,-9.0213026e-13,3845.1743,0.13481107,3224.208,0.12581436,False,8987.982,475.2536,False,False,False,33.76078,,1722.1132,1681,8559.373,1.7172563,150.16577436450373,,2.1559525879048023,,0.84370637,,-39.90756,,,0,False,,,,,,,,0,False,False,False,50941.47,11.001369,0.28211993,0.2557589,-0.02885073,0.2915132,0.27272457,0.003975703,False,False,False,False,0.015248991,0.8543507,False,False,61090.242471300866,,29,False,False,False,False,False,False,False,False,False,False,False,False,False,False,False,False,False,False,False,False,False,r
2,61090.24124078986,lsst,150.16577006553143,2.1559631480383645,170019716302635146,170028525007929356,0,170019716302635146,8506.724,257.6816,0,0,0,58403.93,259.0548,False,2026021800349,89,,6.721887e-06,7.873711e-06,-3.1072883e-12,3495.5312,0.14225912,401.55533,0.12016372,False,9376.8955,473.53198,False,False,False,32.16734,,1622.4193,1681,8064.387,0.8959261,150.16577009070514,,2.1559640891821443,,0.877626,,-7.758496,,,0,False,,,,,,,,0,False,False,False,49636.57,11.302493,0.29584152,0.22690885,0.0028839735,0.27909625,0.25924456,-0.00083089527,False,False,False,False,0.00561997,0.84161896,False,False,61090.242901540696,,31,False,False,False,False,False,False,False,False,False,False,False,False,False,False,False,False,False,False,False,False,False,r
2,61090.241708757756,lsst,150.16577026167718,2.1559690182680034,170019716302635146,170028525144768619,0,170019716302635146,9311.793,256.89365,0,0,0,58214.97,256.12708,False,2026021800350,94,,6.8676745e-06,7.56017e-06,-2.4765851e-12,854.51215,0.13665676,3595.9841,0.12276471,False,9526.917,476.03015,False,False,False,36.2791,,1662.019,1681,8732.021,1.2456071,150.16577255609334,,2.155972043072159,,0.49576288,,-25.555277,,,0,False,,,,,,,,0,False,False,False,48728.375,12.583953,0.31109133,0.2921071,-0.0043767747,0.2880485,0.25563145,-0.01389918,False,False,False,False,0.07809893,0.90405005,False,False,61090.243481507256,,31,False,False,False,False,False,False,False,False,False,False,False,False,False,False,False,False,False,False,False,False,False,r
2,61090.24217506204,lsst,150.1657618748557,2.1559635742103587,170019716302635146,170028525278462004,0,170019716302635146,8961.102,278.2301,0,0,0,64029.9,277.12735,False,2026021800351,93,,8.02537e-06,8.999347e-06,-5.255664e-12,3257.4546,0.16338369,1534.533,0.14263186,False,9782.207,477.2045,False,False,False,31.298956,,1708.9225,1681,8592.947,0.19547622,150.16576584536816,,2.155963922718697,,0.8195933,,-11.68919,,,0,False,,,,,,,,0,False,False,False,54857.953,10.10517,0.3676233,0.30949154,0.0046010404,0.3443798,0.3107801,-0.009151498,False,False,False,False,0.009140967,0.8441211,False,False,61090.244018176425,,35,False,False,False,False,False,False,False,False,False,False,False,False,False,False,False,False,False,False,False,False,False,r
2,61090.2426417723,lsst,150.16577323823125,2.155972906921218,170019716302635146,170028525412679708,0,170019716302635146,9984.678,309.3049,0,0,0,76463.76,312.8224,False,2026021800352,93,,9.326278e-06,1.03020975e-05,-7.574839e-12,3632.4365,0.18756394,1070.0216,0.16518307,False,11003.474,486.76398,False,False,False,31.673244,,1674.9257,1681,9903.878,0.44955868,150.1657729222725,,2.1559730097291205,,1.2438273,,-36.683002,,,0,False,,,,,,,,0,False,False,False,66132.94,8.696897,0.5233965,0.40850154,-0.040252656,0.4218922,0.3984243,-0.011334644,False,False,False,False,0.17255287,0.867342,False,False,61090.24450489441,,41,False,False,False,False,False,False,False,False,False,False,False,False,False,False,False,False,False,False,False,False,False,r
2,61090.243574652224,lsst,150.16577088814736,2.15594671721711,170019716302635146,170028525681639494,0,170019716302635146,9415.846,271.86288,0,0,0,63253.08,272.42065,False,2026021800354,94,,7.2797957e-06,7.948195e-06,-6.1273282e-12,349.12012,0.14616865,2382.1177,0.12733798,False,9156.079,475.4999,False,False,False,34.63009,,1709.6509,1681,9007.279,0.36535475,150.1657751049315,,2.1559478758893573,,0.83881027,,-39.49739,,,0,False,,,,,,,,0,False,False,False,53638.934,10.829697,0.3367916,0.2823223,-0.014917401,0.3157598,0.2799213,-0.0005848087,False,False,False,False,0.011438741,0.8956768,False,False,61090.24535386558,,33,False,False,False,False,False,False,False,False,False,False,False,False,False,False,False,False,False,False,False,False,False,r
2,61090.24404098784,lsst,150.16577026167363,2.1559730512965545,170019716302635146,170028525815857161,0,170019716302635146,8191.4365,267.93857,0,0,0,60765.55,268.78027,False,2026021800355,94,,7.5101593e-06,8.069881e-06,-6.4931554e-12,1391.5685,0.14894788,279.15887,0.13087475,False,8899.434,478.3506,False,False,False,30.459583,,1755.3136,1681,7700.0195,0.38692045,150.16577131867305,,2.1559736634744175,,0.80054486,,-49.110207,,,0,False,,,,,,,,0,False,False,False,52398.06,10.216212,0.29412133,0.25207222,-0.018999428,0.30141982,0.27330258,-0.0035555933,False,False,False,False,0.017519621,0.8457831,False,False,61090.245820430566,,29,False,False,False,False,False,False,False,False,False,False,False,False,False,False,False,False,False,False,False,False,False,r
2,61090.244971403474,lsst,150.16577298012143,2.155963427581229,170019716302635146,170028526085341286,0,170019716302635146,8130.636,248.70297,0,0,0,54455.586,248.63034,False,2026021800357,96,,6.406648e-06,6.58342e-06,-2.9527088e-12,1993.7833,0.1211334,2848.2002,0.11237184,False,7876.5737,474.729,False,False,False,32.65606,,1675.7822,1681,7488.705,3.5270162,150.1657723801267,,2.155965255094968,,0.5541881,,-22.104784,,,0,False,,,,,,,,0,False,False,False,46079.848,11.751023,0.22044991,0.1962968,0.005526589,0.25232795,0.23646168,0.011060491,False,False,False,False,0.12412793,0.82886714,False,False,61090.246768048564,,28,False,False,False,False,False,False,False,False,False,False,False,False,False,False,False,False,False,False,False,False,False,r
2,61090.24543668023,lsst,150.16576985733803,2.155975924509671,170019716302635146,170028526220083300,0,170019716302635146,9698.754,264.25208,0,0,0,59297.07,263.53064,False,2026021800358,97,,6.822812e-06,6.786394e-06,9.178312e-13,2793.6172,0.12112711,3708.4666,0.12365819,False,10911.619,481.109,False,False,False,36.503216,,1725.7207,1681,9199.321,0.07112069,150.16576996457235,,2.1559775337681746,,0.8519803,,20.508898,,,0,False,,,,,,,,0,False,False,False,49362.195,10.561428,0.2953318,0.3233461,0.02887788,0.2795513,0.2633298,0.014306573,False,False,False,False,0.12374835,0.90324426,False,False,61090.247205727224,,31,False,False,False,False,False,False,False,False,False,False,False,False,False,False,False,False,False,False,False,False,False,r
2,61090.24590655339,lsst,150.1657868613616,2.155976849573857,170019716302635146,170028526350630934,0,170019716302635146,8800.732,276.8633,0,0,0,64795.816,279.59274,False,2026021800359,90,,7.72058e-06,7.838301e-06,-5.2356158e-12,776.58093,0.14594518,621.5587,0.13365692,False,9612.496,481.19855,False,False,False,31.224213,,1725.2128,1681,8208.738,1.3277775,150.16578842009804,,2.1559786253079993,,0.7158739,,-38.7306,,,0,False,,,,,,,,0,False,False,False,55729.754,10.01586,0.31887764,0.27431387,0.0010081674,0.30709895,0.29626024,0.0036316654,False,False,False,False,0.0021365378,0.858421,False,False,61090.247625030715,,34,False,False,False,False,False,False,False,False,False,False,False,False,False,False,False,False,False,False,False,False,False,r
2,61090.33972556394,lsst,150.1657671287188,2.155942852305979,170019716302635146,170028539104985149,0,170019716302635146,9090.77,383.96915,0,0,0,94566.21,396.2665,False,2026021800454,97,,1.3510543e-05,1.8708495e-05,-4.3486284e-11,631.8054,0.3414076,2648.283,0.23580626,False,9406.587,538.0557,False,False,False,23.627104,,1641.5409,1681,10205.32,11.897323,150.16577153538967,,2.1559361527995855,,2.1170526,,-18.729351,,,0,False,,,,,,,,0,False,False,False,85016.45,7.213093,0.87573856,0.4367587,-0.038951658,0.616397,0.5950451,-0.035396032,False,False,False,False,0.09981304,0.6890597,False,False,61090.34167552467,,42,False,False,False,False,False,False,False,False,False,False,False,False,False,False,False,False,False,False,False,False,False,r
2,61090.34019544802,lsst,150.16580346618673,2.1559258102109258,170019716302635146,170028539238154260,0,170019716302635146,8321.822,359.15326,0,0,0,88835.7,366.8414,False,2026021800455,95,,1.3580399e-05,1.4459162e-05,-8.1487195e-12,2133.669,0.26149726,793.7123,0.24257764,False,8382.319,527.61444,False,False,False,22.8771,,1657.3014,1681,8468.757,5.895454,150.16580426646425,,2.155924062408751,,1.2747893,,-47.113567,,,0,False,,,,,,,,0,False,False,False,80136.055,7.500692,0.5649062,0.494072,-0.06406691,0.5306385,0.5143255,-0.026222656,False,False,False,False,0.002341674,0.72506624,False,False,61090.3420717245,,48,False,False,False,False,False,False,False,False,False,False,False,False,False,False,False,False,False,False,False,False,False,r
3,61091.16261766493,lsst,150.1657686377662,2.155953875503366,170019716302635146,170032899837394984,0,170019716302635146,9435.119,283.56134,0,0,0,55955.168,276.61313,True,2026021900176,94,0.0,5.6586277e-06,5.855249e-06,1.7453234e-12,1127.815,0.10677242,978.67804,0.10028343,False,9247.437,635.0634,False,False,False,32.57565,,1702.3866,1681,9284.425,2.9734693,150.1657674413753,,2.1559516011990443,,0.71509963,,-2.7081287,,,0,False,,,,,,,,0,False,False,False,46473.02,15.072248,0.18301558,0.16179754,-0.020377954,0.19868997,0.18120477,-0.0008554193,False,False,False,False,0.03964078,0.8554766,False,False,61091.1645354714,,23,False,False,False,False,False,False,False,False,False,False,False,False,False,False,False,False,False,False,False,False,False,i
3,61091.16308053378,lsst,150.16576512145545,2.155970717475144,170019716302635146,170032899973185670,0,170019716302635146,9701.306,296.4849,0,0,0,59194.42,288.63196,True,2026021900177,97,0.0,6.3864322e-06,6.045781e-06,-2.559962e-12,3663.75,0.10695944,3585.7593,0.11659968,False,9647.848,632.93475,False,False,False,32.21223,,1585.801,1681,9222.244,0.18681557,150.16576579767693,,2.1559707177576186,,0.63228655,,79.3133,,,0,False,,,,,,,,0,False,False,False,49476.64,23.966425,0.18373293,0.19474807,0.016686283,0.19255051,0.2086763,-0.011156886,False,False,False,False,0.015975261,0.8132337,False,False,61091.164928106606,,24,False,False,False,False,False,False,False,False,False,False,False,False,False,False,False,False,False,False,False,False,False,i
3,61091.163548739874,lsst,150.16577412815892,2.155958843440704,170019716302635146,170032900106354794,0,170019716302635146,10003.03,289.58148,0,0,0,59135.746,282.97272,True,2026021900178,95,0.0,5.9331574e-06,5.158899e-06,-4.2912284e-12,2709.5798,0.089663245,2535.331,0.10940598,False,10442.486,632.2524,False,False,False,34.12539,,1557.6876,1681,9777.502,1.6363112,150.16577560054387,,2.1559598132543987,,0.7453939,,-61.2079,,,0,False,,,,,,,,0,False,False,False,49111.8,28.341492,0.16181947,0.21056023,-0.005455666,0.18101703,0.21278231,-0.015850807,False,False,False,False,0.014443802,0.8248719,False,False,61091.16538135303,,24,False,False,False,False,False,False,False,False,False,False,False,False,False,False,False,False,False,False,False,False,False,i
3,61091.16401438089,lsst,150.16578387158447,2.1559635090787745,170019716302635146,170032900240048267,0,170019716302635146,10378.747,288.31082,0,0,0,58667.082,279.78937,True,2026021900179,94,0.0,6.353163e-06,5.1019997e-06,-5.7714914e-12,1201.8467,0.08811804,3799.7354,0.1171444,False,12179.598,634.9629,False,False,False,35.226677,,1719.0061,1681,10534.552,0.95503515,150.16578458287555,,2.1559641415641013,,0.8912165,,-61.71727,,,0,False,,,,,,,,0,False,False,False,48300.24,27.199434,0.1752715,0.24470937,-0.011089022,0.18260033,0.20435472,-0.013965239,False,False,False,False,0.034581475,0.88769627,False,False,61091.1656411313,,25,False,False,False,False,False,False,False,False,False,False,False,False,False,False,False,False,False,False,False,False,False,i
3,61091.16447875126,lsst,150.16577326027908,2.155969849596816,170019716302635146,170032900371644441,0,170019716302635146,9229.182,281.76764,0,0,0,54521.332,273.94678,True,2026021900180,89,0.0,5.662987e-06,6.268012e-06,2.326534e-12,3767.3872,0.113748014,402.89505,0.10079781,False,9129.156,637.04565,False,False,False,32.19762,,1653.4128,1681,8900.893,0.89768064,150.16577174062087,,2.1559715506655506,,0.76285106,,-17.989594,,,0,False,,,,,,,,0,False,False,False,45245.875,16.28653,0.1890925,0.17000952,-0.024541762,0.18057324,0.16868429,-0.015567957,False,False,False,False,0.0034594564,0.7960157,False,False,61091.16637905285,,22,False,False,False,False,False,False,False,False,False,False,False,False,False,False,False,False,False,False,False,False,False,i
3,61091.165007608535,lsst,150.16576832703072,2.1559697394371584,170019716302635146,170032900508483613,0,170019716302635146,9621.489,270.67798,0,0,0,51363.496,264.54852,True,2026021900181,94,0.0,5.310007e-06,5.2116575e-06,4.4373447e-14,1784.522,0.09375223,676.4921,0.09553413,False,10408.7295,633.4495,False,False,False,35.16372,,1697.5509,1681,8958.982,0.042754658,150.1657680990623,,2.155972005873935,,0.4440918,,83.91727,,,0,False,,,,,,,,0,False,False,False,41658.484,16.771301,0.1624332,0.1792091,0.001098354,0.16261598,0.15762815,0.0043881517,False,False,False,False,0.017694402,0.88124007,False,False,61091.16679699342,,23,False,False,False,False,False,False,False,False,False,False,False,False,False,False,False,False,False,False,False,False,False,i
3,61091.16547073807,lsst,150.16577304266335,2.1559708036857637,170019716302635146,170032900644274331,0,170019716302635146,9469.916,270.59708,0,0,0,50708.227,262.1668,True,2026021900182,97,0.0,5.630534e-06,4.5862444e-06,1.0836956e-12,449.9114,0.08229343,3611.718,0.10148342,False,9478.268,639.08636,False,False,False,34.330235,,1612.7202,1681,9173.921,2.2464654,150.16577288392665,,2.1559707257752305,,0.6984309,,67.89568,,,0,False,,,,,,,,0,False,False,False,41173.516,16.749893,0.13170199,0.16883205,0.011943162,0.13872245,0.17713892,0.005088016,False,False,False,False,0.009245348,0.7889701,False,False,61091.16728236175,,22,False,False,False,False,False,False,False,False,False,False,False,False,False,False,False,False,False,False,False,False,False,i
3,61091.1659358117,lsst,150.16577667445205,2.1559709052303386,170019716302635146,170032900779016223,0,170019716302635146,9369.821,270.05115,0,0,0,51591.96,263.44772,True,2026021900183,98,0.0,4.8478437e-06,5.680414e-06,-1.3375269e-12,1743.7626,0.10250892,763.88055,0.086845584,False,9677.229,631.2324,False,False,False,34.353634,,1793.628,1681,9168.607,1.0674454,150.16577684353388,,2.1559717124790043,,0.76514614,,10.330541,,,0,False,,,,,,,,0,False,False,False,42164.676,16.616695,0.17730103,0.13478929,0.016393656,0.17270423,0.15498006,0.020480268,False,False,False,False,0.009223727,0.8455041,False,False,61091.167861294154,,23,False,False,False,False,False,False,False,False,False,False,False,False,False,False,False,False,False,False,False,False,False,i
3,61091.16640296892,lsst,150.1657742066372,2.1559691917869377,170019716302635146,170032900911136912,0,170019716302635146,9850.769,273.62433,0,0,0,52966.543,267.96213,False,2026021900184,94,,4.8966685e-06,5.798212e-06,-2.0361059e-12,393.2529,0.10494785,3132.0386,0.08733459,False,9901.881,632.4347,False,False,False,35.412857,,1685.2897,1681,9775.877,0.7596001,150.16577319176272,,2.15597178028361,,0.8340016,,4.9825253,,,0,False,,,,,,,,0,False,False,False,42997.133,17.79217,0.20728023,0.15357594,0.01736495,0.18210071,0.1596429,0.026651561,False,False,False,False,0.01325842,0.8622119,False,False,61094.400762407524,,24,False,False,False,False,False,False,False,False,False,False,False,False,False,False,False,False,False,False,False,False,False,i
3,61091.16686687249,lsst,150.16576810925972,2.1559779613495667,170019716302635146,170032901041160240,0,170019716302635146,9716.463,270.8861,0,0,0,50764.39,265.0053,True,2026021900185,86,0.0,5.0363906e-06,5.4268166e-06,-1.1343858e-12,3367.913,0.098126106,806.6646,0.09008789,False,9893.343,638.5204,False,False,False,35.12514,,1638.5212,1681,9255.507,0.41819432,150.16576756123675,,2.1559776887861575,,0.68303186,,26.442041,,,0,False,,,,,,,,0,False,False,False,40913.64,18.825867,0.17115898,0.16532539,0.020650856,0.17118128,0.14306223,0.011906995,False,False,False,False,0.01946708,0.8205309,False,False,61091.168577994766,,23,False,False,False,False,False,False,False,False,False,False,False,False,False,False,False,False,False,False,False,False,False,i
3,61091.16733538685,lsst,150.16577742143315,2.155965654897651,170019716302635146,170032901178523780,0,170019716302635146,9809.142,291.86954,0,0,0,58320.566,284.83438,True,2026021900186,92,0.0,5.1138286e-06,6.01339e-06,-3.4338068e-12,2303.613,0.109770656,3477.7568,0.090111,False,10225.435,635.4897,False,False,False,32.610798,,1701.4354,1681,10160.189,1.2097381,150.16577985544916,,2.15596618500477,,1.1168482,,14.535794,,,0,False,,,,,,,,0,False,False,False,48442.81,30.662254,0.23278749,0.17866586,0.05442457,0.24672338,0.1830645,0.059854686,False,False,False,False,0.009719744,0.8597654,False,False,61091.16898303243,,24,False,False,False,False,False,False,False,False,False,False,False,False,False,False,False,False,False,False,False,False,False,i
3,61091.167800000585,lsst,150.1657722881283,2.15597326918351,170019716302635146,170032901312217207,0,170019716302635146,9046.564,292.09055,0,0,0,58259.8,284.8824,True,2026021900187,91,0.0,6.495251e-06,7.027368e-06,-3.0547875e-12,52.53107,0.12785402,2442.3457,0.11529429,False,9129.886,635.1666,False,False,False,31.03136,,1659.6038,1681,9152.977,2.176043,150.16577089028547,,2.155977167859255,,0.7858262,,-9.399449,,,0,False,,,,,,,,0,False,False,False,49132.062,25.833334,0.23226751,0.1806381,0.010212405,0.22333644,0.20534727,0.04249927,False,False,False,False,0.00722557,0.8579725,False,False,61091.169545745826,,24,False,False,False,False,False,False,False,False,False,False,False,False,False,False,False,False,False,False,False,False,False,i
3,61091.16826449189,lsst,150.16576393353932,2.155965403380288,170019716302635146,170032901448007829,0,170019716302635146,9412.18,278.1802,0,0,0,53609.98,272.15762,True,2026021900188,94,0.0,5.5067917e-06,5.331633e-06,1.0187596e-12,1235.808,0.09516304,3122.4048,0.09978825,False,9931.15,630.83966,False,False,False,33.244633,,1699.8938,1681,9665.237,2.629868,150.16576314611748,,2.1559640889899065,,1.0674351,,27.933626,,,0,False,,,,,,,,0,False,False,False,44091.6,16.077555,0.17883408,0.20329168,0.054007385,0.186921,0.19033591,0.04139495,False,False,False,False,0.0007842611,0.8663512,False,False,61091.170139202426,,24,False,False,False,False,False,False,False,False,False,False,False,False,False,False,False,False,False,False,False,False,False,i
3,61091.16873097868,lsst,150.16577015263456,2.1559615569737347,170019716302635146,170032901580128356,0,170019716302635146,9809.023,294.17996,0,0,0,59457.215,287.58267,True,2026021900189,90,0.0,6.3469356e-06,5.4612283e-06,6.8881615e-12,3930.839,0.09244897,2467.2544,0.118931934,False,8877.682,636.77026,False,False,False,33.142063,,1754.8245,1681,9791.003,1.6088256,150.16576902836795,,2.155963506692669,,0.85285884,,36.479027,,,0,False,,,,,,,,0,False,False,False,49598.184,31.43881,0.18336102,0.22216126,0.026952159,0.18971382,0.22927435,0.021139737,False,False,False,False,0.00538959,0.88731015,False,False,61091.170407992926,,23,False,False,False,False,False,False,False,False,False,False,False,False,False,False,False,False,False,False,False,False,False,i
3,61091.16919300548,lsst,150.16577449025291,2.155970524427409,170019716302635146,170032901713821775,0,170019716302635146,9366.069,299.2233,0,0,0,61300.875,292.34808,True,2026021900190,89,0.0,6.7482174e-06,6.069604e-06,7.370963e-12,3673.0706,0.10278174,2364.895,0.12689553,False,9428.319,628.85394,False,False,False,30.763165,,1636.8065,1681,8871.162,0.8434819,150.16577294847852,,2.155973244610741,,0.5886216,,-102.85264,,,0,False,,,,,,,,0,False,False,False,51863.406,27.716076,0.19914094,0.22417524,-0.008346931,0.1963346,0.22579467,-0.0079330485,False,False,False,False,4.1677642e-05,0.8494112,False,False,61091.17084342691,,24,False,False,False,False,False,False,False,False,False,False,False,False,False,False,False,False,False,False,False,False,False,i
1,61091.17116440219,lsst,150.1657599325059,2.155954725636135,170019716302635146,170032901872156679,0,170019716302635146,8798.652,170.47343,0,0,0,32460.021,169.94261,True,2026021900191,135,0.0,3.8007722e-06,3.741596e-06,2.1111528e-13,3181.8647,0.06707907,232.29996,0.068552144,False,8723.883,348.40213,False,False,False,51.43433,,1584.7452,1681,8896.8,0.84526855,150.16575882398783,,2.155953213387697,,0.920027,,23.91879,,,0,False,,,,,,,,0,False,False,False,23503.967,13.102429,0.19543198,0.19663194,0.039383415,0.19798465,0.21430138,0.04043405,False,False,False,False,0.012298785,0.9333523,False,False,61091.172926818515,,25,False,False,False,False,False,False,False,False,False,False,False,False,False,False,False,False,False,False,False,False,False,g
1,61091.171631250385,lsst,150.16577069437116,2.1559558252561075,170019716302635146,170032901984354342,0,170019716302635146,8523.073,171.06766,0,0,0,32773.05,170.44218,True,2026021900192,93,0.0,4.162757e-06,4.280103e-06,-5.6556517e-13,836.84595,0.07750487,1048.4175,0.07429916,False,8687.045,348.56772,False,False,False,49.90134,,1677.0658,1681,8358.914,0.2471692,150.16576964763144,,2.155956027885273,,0.7393981,,12.584474,,,0,False,,,,,,,,0,False,False,False,24127.322,12.669555,0.22111717,0.2077364,0.023360912,0.19781189,0.202701,0.018100817,False,False,False,False,0.024708368,0.9451373,False,False,61091.173302395546,,27,False,False,False,False,False,False,False,False,False,False,False,False,False,False,False,False,False,False,False,False,False,g
1,61091.172097319926,lsst,150.16577662808533,2.1559550039242286,170019716302635146,170032902117523556,0,170019716302635146,8340.713,174.51984,0,0,0,34214.3,174.65114,True,2026021900193,91,0.0,4.558199e-06,4.3469354e-06,1.2994234e-12,616.87634,0.076780826,2517.901,0.08326463,False,8528.814,345.87433,False,False,False,47.66669,,1710.804,1681,7927.648,0.29912677,150.16577482456879,,2.15595478858427,,0.38008818,,36.256626,,,0,False,,,,,,,,0,False,False,False,25738.637,11.988122,0.2045285,0.21182612,0.004919779,0.20310676,0.23080438,0.026226407,False,False,False,False,0.008822494,0.9363465,False,False,61091.17392288831,,28,False,False,False,False,False,False,False,False,False,False,False,False,False,False,False,False,False,False,False,False,False,g
1,61091.17256120909,lsst,150.16576355980953,2.155962203902748,170019716302635146,170032902254887001,0,170019716302635146,8348.979,168.71254,0,0,0,31811.277,167.55249,True,2026021900194,97,0.0,4.113584e-06,4.080008e-06,2.5101232e-13,1762.7726,0.07303542,2137.1113,0.074294664,False,8548.053,345.69574,False,False,False,49.453342,,1670.011,1681,8027.5166,0.28192437,150.16576304576557,,2.1559626328912436,,0.7053503,,17.72662,,,0,False,,,,,,,,0,False,False,False,23353.48,15.641496,0.19631329,0.20116833,0.021953586,0.1965502,0.197655,0.019226586,False,False,False,False,0.00033964374,0.94672143,False,False,61091.17439649848,,25,False,False,False,False,False,False,False,False,False,False,False,False,False,False,False,False,False,False,False,False,False,g
1,61091.17302648314,lsst,150.16576330362216,2.1559542370878906,170019716302635146,170032902388580360,0,170019716302635146,8423.321,169.61696,0,0,0,31998.83,168.84666,True,2026021900195,96,0.0,4.120353e-06,4.1564176e-06,-3.4603809e-13,2811.9822,0.07522852,159.33717,0.073591664,False,9099.985,348.28757,False,False,False,49.598137,,1578.7666,1681,7811.121,0.030216761,150.16576346203294,,2.155953770774831,,0.29035327,,-20.254917,,,0,False,,,,,,,,0,False,False,False,23475.285,14.571042,0.20522793,0.198866,0.001575215,0.1908372,0.19212368,0.0067385877,False,False,False,False,0.014441939,0.9492638,False,False,61091.17518200488,,27,False,False,False,False,False,False,False,False,False,False,False,False,False,False,False,False,False,False,False,False,False,g
1,61091.17356770113,lsst,150.1657681006205,2.1559645566428918,170019716302635146,170032902521749525,0,170019716302635146,8177.563,178.87727,0,0,0,34933.0,178.32419,True,2026021900196,94,0.0,4.7536596e-06,5.2031114e-06,-2.2803464e-16,1737.6697,0.09355233,687.72736,0.08547882,False,8192.192,348.17877,False,False,False,45.158848,,1634.1227,1681,7849.5806,0.39495966,150.16576685057004,,2.155964306971613,,0.58801466,,25.460941,,,0,False,,,,,,,,0,False,False,False,26653.342,8.07459,0.23933615,0.22048819,0.011622681,0.24086705,0.22016528,0.022757795,False,False,False,False,3.94813e-05,0.91443783,False,False,61091.175536868,,28,False,False,False,False,False,False,False,False,False,False,False,False,False,False,False,False,False,False,False,False,False,g
1,61091.17402935767,lsst,150.1657632294913,2.1559602186613134,170019716302635146,170032902657540209,0,170019716302635146,8361.61,184.9437,0,0,0,37340.3,184.29176,True,2026021900197,97,0.0,5.6226877e-06,5.1290426e-06,3.19379e-13,696.0132,0.092193075,3666.9673,0.101145856,False,8776.428,340.97864,False,False,False,45.12681,,1834.2428,1681,8099.081,0.014335528,150.1657652751134,,2.155958409991598,,0.6269523,,62.907333,,,0,False,,,,,,,,0,False,False,False,28879.912,29.2676,0.26515737,0.28815195,0.012488081,0.25560677,0.2703122,0.026745316,False,False,False,False,0.017639112,0.94564015,False,False,61091.17580465262,,30,False,False,False,False,False,False,False,False,False,False,False,False,False,False,False,False,False,False,False,False,False,g
1,61091.17449609281,lsst,150.1657672430117,2.155958131235998,170019716302635146,170032902792282137,0,170019716302635146,8624.823,179.33047,0,0,0,35336.33,178.62874,True,2026021900198,98,0.0,4.6012638e-06,4.8701654e-06,-2.794385e-13,1867.5631,0.087629244,600.9434,0.08268192,False,9143.457,350.38773,False,False,False,47.78197,,1691.3414,1681,8388.384,0.27775058,150.16576672389502,,2.1559584958764413,,0.65322834,,21.127903,,,0,False,,,,,,,,0,False,False,False,26576.344,10.283374,0.24988163,0.22834557,0.015164338,0.23912697,0.22092679,0.02560767,False,False,False,False,0.008915789,0.95439357,False,False,61091.17647138404,,30,False,False,False,False,False,False,False,False,False,False,False,False,False,False,False,False,False,False,False,False,False,g
1,61091.17496395139,lsst,150.16576635806524,2.155957176924099,170019716302635146,170032902924402802,0,170019716302635146,8297.538,171.96765,0,0,0,32664.34,171.86319,True,2026021900199,94,0.0,3.8467833e-06,4.5437737e-06,-9.636329e-13,454.57822,0.082002655,3194.5833,0.06880719,False,8457.5625,351.59363,False,False,False,47.0145,,1660.5315,1681,8047.819,0.17327614,150.16576584867008,,2.1559563331912908,,0.69165653,,9.162002,,,0,False,,,,,,,,0,False,False,False,24229.613,16.244616,0.20283756,0.16867283,0.012685491,0.22293797,0.18494624,0.013198885,False,False,False,False,0.039651427,0.923058,False,False,61091.17684476373,,28,False,False,False,False,False,False,False,False,False,False,False,False,False,False,False,False,False,False,False,False,False,g
1,61091.175428905204,lsst,150.16576160868095,2.1559565210586435,170019716302635146,170032903054426160,0,170019716302635146,8702.011,174.3253,0,0,0,33945.473,173.88632,True,2026021900200,86,0.0,3.922372e-06,5.004242e-06,-2.187567e-12,3347.6597,0.09083144,1098.4097,0.069440335,False,8631.199,347.34512,False,False,False,49.909454,,1679.7197,1681,8763.1455,0.56688446,150.16576131889983,,2.1559567417499337,,0.91772956,,-0.06712154,,,0,False,,,,,,,,0,False,False,False,25138.082,11.90276,0.26406965,0.1937856,0.015832413,0.24549589,0.19285569,0.0180932,False,False,False,False,0.010767156,0.94571626,False,False,61091.17736976207,,29,False,False,False,False,False,False,False,False,False,False,False,False,False,False,False,False,False,False,False,False,False,g
1,61091.17589895343,lsst,150.16576989837208,2.155958578632326,170019716302635146,170032903191789691,0,170019716302635146,8092.39,175.48244,0,0,0,34108.36,174.85579,True,2026021900201,92,0.0,4.3121286e-06,4.9941605e-06,-1.8188273e-12,2210.797,0.090677164,3294.2908,0.07652861,False,8776.058,348.1204,False,False,False,45.884975,,1637.0089,1681,8143.5767,0.83025956,150.1657702619774,,2.1559614687357818,,0.9779485,,23.171272,,,0,False,,,,,,,,0,False,False,False,25895.566,12.589238,0.23758353,0.21639772,0.043099277,0.24901171,0.2006404,0.034870725,False,False,False,False,0.0005198804,0.93472844,False,False,61091.177736543075,,31,False,False,False,False,False,False,False,False,False,False,False,False,False,False,False,False,False,False,False,False,False,g
1,61091.17682879486,lsst,150.16576433296376,2.1559545790622683,170019716302635146,170032903461273713,0,170019716302635146,8337.49,177.90622,0,0,0,34534.727,176.89003,True,2026021900203,94,0.0,4.402118e-06,4.9042856e-06,-2.1189955e-12,1311.4556,0.08967036,3143.299,0.07746943,False,8709.415,350.10458,False,False,False,45.82247,,1767.4343,1681,8626.288,1.9721464,150.1657643996225,,2.1559529045373016,,1.159521,,12.892504,,,0,False,,,,,,,,0,False,False,False,26095.965,10.310758,0.26860377,0.22031361,0.05985453,0.2499911,0.22118871,0.052560024,False,False,False,False,0.008294724,0.9293775,False,False,61091.17876090392,,29,False,False,False,False,False,False,False,False,False,False,False,False,False,False,False,False,False,False,False,False,False,g
1,61091.17729506297,lsst,150.16575943665063,2.1559611479366025,170019716302635146,170032903593394273,0,170019716302635146,8638.778,169.15851,0,0,0,32406.059,169.07805,True,2026021900204,90,0.0,4.1024673e-06,4.1505277e-06,-2.1906062e-13,3814.752,0.074840784,2556.936,0.07355674,False,9079.514,347.3782,False,False,False,50.67799,,1717.9719,1681,8662.988,0.76260567,150.1657588819584,,2.1559576300024794,,0.89900005,,19.61609,,,0,False,,,,,,,,0,False,False,False,23620.018,14.155764,0.21413274,0.21069396,0.037068058,0.20882787,0.2029667,0.037006307,False,False,False,False,0.0051315357,0.9599686,False,False,61091.179043174576,,26,False,False,False,False,False,False,False,False,False,False,False,False,False,False,False,False,False,False,False,False,False,g
1,61091.17775920381,lsst,150.1657637994919,2.155956395200285,170019716302635146,170032903727087714,0,170019716302635146,8578.403,171.84883,0,0,0,33034.82,170.40475,True,2026021900205,89,0.0,4.389669e-06,4.1605613e-06,1.3953577e-12,3899.7683,0.07323587,2627.3792,0.080410995,False,9186.414,346.35724,False,False,False,49.794506,,1635.1876,1681,8491.799,0.092417546,150.16576478393944,,2.155958351060713,,0.77576774,,25.945398,,,0,False,,,,,,,,0,False,False,False,24393.936,12.602478,0.21839024,0.23376104,0.025702363,0.20079379,0.23456752,0.03749929,False,False,False,False,0.008046163,0.95367193,False,False,61091.17958396849,,29,False,False,False,False,False,False,False,False,False,False,False,False,False,False,False,False,False,False,False,False,False,g
4,61091.1796888747,lsst,150.1657682486587,2.155974740359914,170019716302635146,170032903885946912,0,170019716302635146,9172.835,445.18402,0,0,0,62325.72,436.35162,True,2026021900206,136,0.0,8.266683e-06,1.0535203e-05,8.6867e-13,1799.5514,0.18957055,898.1673,0.14874825,False,9433.568,1031.2179,False,False,False,20.272932,,1746.0297,1681,9592.828,4.3279924,150.16577089120412,,2.1559758822447552,,1.0448284,,25.84468,,,0,False,,,,,,,,0,False,False,False,53128.707,35.533493,0.23346202,0.16524842,0.03974279,0.2397147,0.17788894,0.02457821,False,False,False,False,0.010621021,0.9341949,False,False,61091.18148585812,,22,False,False,False,False,False,False,False,False,False,False,False,False,False,False,False,False,False,False,False,False,False,z
4,61091.18015591653,lsst,150.16577645442408,2.1559652961872384,170019716302635146,170032903997620342,0,170019716302635146,8778.026,444.61987,0,0,0,63153.6,434.80246,True,2026021900207,93,0.0,9.017213e-06,1.242427e-05,-2.25412e-12,910.47723,0.22357991,3207.2153,0.16217151,False,9883.174,1030.627,False,False,False,19.339882,,1683.025,1681,9136.219,3.0184422,150.16577666245215,,2.1559659329838983,,0.9448515,,-5.7636456,,,0,False,,,,,,,,0,False,False,False,54181.438,32.920223,0.27117392,0.18984519,-0.005703274,0.2561069,0.17115916,0.013254622,False,False,False,False,0.03275168,0.93746865,False,False,61091.18194239063,,22,False,False,False,False,False,False,False,False,False,False,False,False,False,False,False,False,False,False,False,False,False,z
4,61091.1806274742,lsst,150.16576478023885,2.155980536516588,170019716302635146,170032904130265210,0,170019716302635146,9135.124,454.26306,0,0,0,63657.34,444.75003,True,2026021900208,90,0.0,8.9486475e-06,1.1294817e-05,-3.795149e-12,3541.4038,0.20344467,3344.1165,0.16070536,False,9260.089,1032.0475,False,False,False,19.577074,,1684.7908,1681,9675.871,2.2282522,150.16576440268966,,2.1559830641231263,,1.1385154,,9.973186,,,0,False,,,,,,,,0,False,False,False,54438.53,66.9177,0.30182394,0.19378537,0.029983154,0.27305883,0.18503101,0.028142245,False,False,False,False,0.03765022,0.9424092,False,False,61091.182254302235,,25,False,False,False,False,False,False,False,False,False,False,False,False,False,False,False,False,False,False,False,False,False,z
4,61091.1810921207,lsst,150.16577963426766,2.1559709327986254,170019716302635146,170032904268152904,0,170019716302635146,8598.855,446.68817,0,0,0,63066.27,436.21692,True,2026021900209,97,0.0,8.777375e-06,1.3486338e-05,-1.4634358e-11,3481.5623,0.24396108,1920.3126,0.15586638,False,9253.344,1038.7455,False,False,False,18.854729,,1614.885,1681,8905.161,5.7467427,150.16578454904416,,2.1559654612376287,,0.8860741,,13.459019,,,0,False,,,,,,,,0,False,False,False,54411.2,31.408762,0.23822957,0.18522803,0.024303973,0.26706594,0.15923597,0.023205208,False,False,False,False,0.000236978,0.9124832,False,False,61091.18297712117,,22,False,False,False,False,False,False,False,False,False,False,False,False,False,False,False,False,False,False,False,False,False,z
4,61091.18155855101,lsst,150.1657720777767,2.155959735017228,170019716302635146,170032904401846309,0,170019716302635146,8184.4556,456.8747,0,0,0,65500.926,448.6242,True,2026021900210,96,0.0,1.0986583e-05,1.345705e-05,-1.1924045e-11,3998.551,0.24360621,1325.4724,0.19581002,False,6954.3325,1033.1929,False,False,False,17.52549,,1641.5953,1681,8024.4873,3.6047802,150.16577308387798,,2.155963087022629,,0.4415431,,24.847397,,,0,False,,,,,,,,0,False,False,False,57169.22,47.23091,0.19263214,0.18728305,0.007894931,0.24762177,0.19129652,0.023662236,False,False,False,False,0.09430351,0.88501203,False,False,61091.18316599923,,23,False,False,False,False,False,False,False,False,False,False,False,False,False,False,False,False,False,False,False,False,False,z
4,61091.18199043727,lsst,150.165780729938,2.155980440610874,170019716302635146,170032904535015449,0,170019716302635146,8253.388,470.46976,0,0,0,68738.695,462.47726,True,2026021900211,94,0.0,1.2150505e-05,1.1336802e-05,2.5393116e-12,1912.3723,0.20368761,662.57697,0.21885017,False,7903.2407,1039.3286,False,False,False,16.957773,,1821.8848,1681,8382.687,2.148221,150.16577691234357,,2.155982106227382,,0.8037408,,42.23964,,,0,False,,,,,,,,0,False,False,False,60316.2,52.38686,0.24427222,0.2535785,0.028367793,0.24010676,0.2288682,0.026960542,False,False,False,False,0.021956898,0.69570583,False,False,61091.183701694004,,24,False,False,False,False,False,False,False,False,False,False,False,False,False,False,False,False,False,False,False,False,False,z
4,61091.1829249,lsst,150.16577695091513,2.155972712615092,170019716302635146,170032904805548066,0,170019716302635146,7619.411,466.963,0,0,0,67766.27,459.73264,True,2026021900213,98,0.0,1.589889e-05,1.2502222e-05,2.4789129e-11,1460.1652,0.22057967,1115.8176,0.28943226,False,8528.4,1033.2383,False,False,False,16.021606,,1601.7075,1681,7960.8833,0.21509877,150.16576869186326,,2.155979771139086,,1.0325581,,-81.73386,,,0,False,,,,,,,,0,False,False,False,60045.715,75.484276,0.24591182,0.31663483,-0.03382512,0.22815424,0.22895476,0.01705454,False,False,False,False,0.2619456,0.83055294,False,False,61091.18477778817,,24,False,False,False,False,False,False,False,False,False,False,False,False,False,False,False,False,False,False,False,False,False,z
4,61091.183393621,lsst,150.16578766451443,2.1559909631187537,170019716302635146,170032904937668729,0,170019716302635146,8325.227,439.95157,0,0,0,62634.72,433.86545,True,2026021900214,94,0.0,1.0314128e-05,1.0921985e-05,-4.1905017e-12,299.1695,0.19751063,2999.6821,0.18447977,False,8242.296,1034.4359,False,False,False,18.606411,,1689.012,1681,8240.09,7.081367,150.1657843193729,,2.155991528625514,,0.6539592,,13.389219,,,0,False,,,,,,,,0,False,False,False,54167.23,31.808231,0.17949902,0.1604199,0.016422795,0.19786854,0.19857748,0.01279057,False,False,False,False,0.0957477,0.90487623,False,False,61091.18518698412,,21,False,False,False,False,False,False,False,False,False,False,False,False,False,False,False,False,False,False,False,False,False,z
4,61091.18386176531,lsst,150.16576932424272,2.1559760677929196,170019716302635146,170032905067692039,0,170019716302635146,8608.001,424.6963,0,0,0,56369.62,416.52014,True,2026021900215,86,0.0,1.055275e-05,7.850298e-06,2.02423e-11,3501.55,0.13274308,203.54482,0.19591145,False,5662.7056,1046.0778,False,False,False,19.661613,,1604.6656,1681,8777.222,4.206932,150.16576859380663,,2.155977289254643,,0.899153,,-103.967064,,,0,False,,,,,,,,0,False,False,False,47697.18,50.123837,0.108997025,0.18513125,-0.007545477,0.15077223,0.20282216,0.019790385,False,False,False,False,0.117420964,0.85353017,False,False,61091.18566729226,,20,False,False,False,False,False,False,False,False,False,False,False,False,False,False,False,False,False,False,False,False,False,z
4,61091.1843288749,lsst,150.16577047991012,2.155954516986799,170019716302635146,170032905205055641,0,170019716302635146,8938.47,429.06955,0,0,0,57795.35,419.42535,True,2026021900216,92,0.0,8.949365e-06,7.7852255e-06,9.637513e-12,2534.4324,0.13541816,3907.3608,0.1649554,False,7525.383,1053.2731,False,False,False,20.321236,,1707.207,1681,8778.204,7.861044,150.16576907590752,,2.155956781490236,,0.82173854,,-88.8642,,,0,False,,,,,,,,0,False,False,False,48780.375,42.517887,0.12445141,0.16771024,-0.02313833,0.16106313,0.17580676,-0.0019450245,False,False,False,False,0.071426705,0.9308516,False,False,61091.18604029162,,21,False,False,False,False,False,False,False,False,False,False,False,False,False,False,False,False,False,False,False,False,False,z
4,61091.18479426513,lsst,150.1657614303408,2.1559776376965165,170019716302635146,170032905338749039,0,170019716302635146,8538.952,409.96173,0,0,0,54021.035,406.35104,True,2026021900217,91,0.0,8.914675e-06,8.0602185e-06,8.801262e-12,394.28177,0.14030352,2300.5417,0.16453266,False,10497.943,1050.1587,False,False,False,20.039259,,1780.3309,1681,8221.658,1.3817211,150.16576195127405,,2.15597723378744,,0.64298344,,-100.19817,,,0,False,,,,,,,,0,False,False,False,45115.582,50.807365,0.12717745,0.15925626,-0.009291039,0.14891303,0.16510484,-0.005081707,False,False,False,False,0.02980753,0.9039905,False,False,61091.18637221062,,20,False,False,False,False,False,False,False,False,False,False,False,False,False,False,False,False,False,False,False,False,False,z
4,61091.185262266954,lsst,150.16577932002858,2.1559626519105985,170019716302635146,170032905474539667,0,170019716302635146,8132.5034,392.02847,0,0,0,51341.05,384.96393,True,2026021900218,94,0.0,7.950932e-06,8.329832e-06,-4.745043e-12,1140.8325,0.1526147,3064.422,0.14010325,False,8603.231,1038.4016,False,False,False,20.619022,,1722.7004,1681,7818.837,1.4467603,150.16578125930766,,2.155963103043566,,0.65226007,,-67.99479,,,0,False,,,,,,,,0,False,False,False,43118.26,59.67071,0.14313023,0.13578638,-0.018800428,0.14221163,0.13848585,-0.0011883829,False,False,False,False,0.00014108229,0.9384671,False,False,61091.18705644144,,18,False,False,False,False,False,False,False,False,False,False,False,False,False,False,False,False,False,False,False,False,False,z
4,61091.185729386816,lsst,150.1657678113493,2.1559677543140947,170019716302635146,170032905607184503,0,170019716302635146,8401.92,378.51056,0,0,0,48336.53,375.7268,True,2026021900219,91,0.0,8.238707e-06,7.6168103e-06,9.49342e-12,57.298172,0.13004905,2300.5156,0.15440054,False,6060.1494,1039.6411,False,False,False,21.4546,,1665.727,1681,8505.076,8.62997,150.16576830886075,,2.1559687485628367,,0.8342209,,37.377594,,,0,False,,,,,,,,0,False,False,False,39729.875,59.82991,0.09898519,0.14824498,0.022740452,0.13416182,0.13382772,0.008878605,False,False,False,False,0.01988259,0.8922855,False,False,61091.18741767323,,17,False,False,False,False,False,False,False,False,False,False,False,False,False,False,False,False,False,False,False,False,False,z
4,61091.18619452471,lsst,150.16575786692266,2.1559618602709576,170019716302635146,170032905740353608,0,170019716302635146,8689.499,377.76993,0,0,0,47009.58,373.42407,True,2026021900220,89,0.0,7.2911157e-06,6.8766576e-06,7.903483e-12,3302.6057,0.116326824,1756.8615,0.1378041,False,8469.697,1037.4473,False,False,False,22.652283,,1737.0759,1681,8498.709,6.743828,150.16575843382822,,2.1559603013036432,,0.77061516,,35.057243,,,0,False,,,,,,,,0,False,False,False,38152.45,80.22006,0.10520482,0.14775547,0.018062,0.12937368,0.13000396,0.010261787,False,False,False,False,0.0019812873,0.9076789,False,False,61091.187899661454,,18,False,False,False,False,False,False,False,False,False,False,False,False,False,False,False,False,False,False,False,False,False,z
2,61091.18811639339,lsst,150.16576837142483,2.1559733344018723,170019716302635146,170032905879289964,0,170019716302635146,8592.931,203.30981,0,0,0,40081.84,203.00258,True,2026021900221,98,0.0,4.0906652e-06,3.907457e-06,2.0078698e-12,3634.5576,0.076614246,2325.2498,0.06697577,False,8014.962,467.21152,False,False,False,40.949,,1670.2429,1681,8217.157,3.120404,150.1657674514093,,2.155971996627254,,0.68854684,,47.630466,,,0,False,,,,,,,,0,False,False,False,31325.99,65.25993,0.17248708,0.13114558,-0.0054850425,0.17563835,0.15063201,0.006308072,False,False,False,False,0.019417502,0.78102815,False,False,61091.18995095842,,24,False,False,False,False,False,False,False,False,False,False,False,False,False,False,False,False,False,False,False,False,False,r
2,61091.18904850815,lsst,150.1657709892492,2.1559643811873923,170019716302635146,170032906145103965,0,170019716302635146,8899.547,200.01982,0,0,0,38832.45,197.78802,True,2026021900223,93,0.0,3.965751e-06,3.855913e-06,2.7624931e-12,2338.7893,0.076508656,2522.0037,0.063593455,False,8253.658,468.18945,False,False,False,43.83949,,1675.6744,1681,8618.944,1.152105,150.16576890938666,,2.155964162690874,,0.6571722,,66.55875,,,0,False,,,,,,,,0,False,False,False,29835.357,49.84529,0.1703992,0.13846366,0.010873108,0.16945545,0.13916858,0.014015772,False,False,False,False,2.3068526e-06,0.7191106,False,False,61091.19085403421,,24,False,False,False,False,False,False,False,False,False,False,False,False,False,False,False,False,False,False,False,False,False,r
2,61091.18951318039,lsst,150.16576767817568,2.1559668877769345,170019716302635146,170032906280370316,0,170019716302635146,9101.4795,190.46872,0,0,0,36208.383,188.9723,True,2026021900224,95,0.0,3.7900732e-06,3.7708478e-06,1.6464805e-12,2009.4342,0.07181375,3281.5518,0.06395636,False,10012.179,466.25226,False,False,False,46.260464,,1584.1283,1681,8364.119,0.46362194,150.16576736165442,,2.155967199157793,,0.31214544,,56.57315,,,0,False,,,,,,,,0,False,False,False,26965.83,38.517,0.15820108,0.15047808,0.0014494869,0.14315262,0.12721454,-0.0018447113,False,False,False,False,0.06551721,0.81787175,False,False,61091.19117528068,,21,False,False,False,False,False,False,False,False,False,False,False,False,False,False,False,False,False,False,False,False,False,r
2,61091.18997895213,lsst,150.16576663177392,2.155971648027945,170019716302635146,170032906415636564,0,170019716302635146,8869.465,186.21956,0,0,0,34223.43,184.53114,True,2026021900225,97,0.0,3.4631898e-06,3.500799e-06,2.0308332e-12,3586.7222,0.06767942,1691.7448,0.0571341,False,9893.376,465.58704,False,False,False,46.2198,,1726.7637,1681,8392.6455,0.68221194,150.16576637515226,,2.15597133340947,,0.6184019,,69.834526,,,0,False,,,,,,,,0,False,False,False,25229.133,43.718525,0.14227772,0.12179504,0.01375652,0.13871087,0.11174692,0.007763817,False,False,False,False,0.009194917,0.794299,False,False,61091.19166720599,,22,False,False,False,False,False,False,False,False,False,False,False,False,False,False,False,False,False,False,False,False,False,r
2,61091.19055007529,lsst,150.16576890603932,2.155962781814122,170019716302635146,170032906548281388,0,170019716302635146,8778.053,185.35593,0,0,0,34120.934,183.62823,True,2026021900226,94,0.0,3.3037913e-06,3.4363534e-06,1.9690495e-13,1483.9462,0.06191206,774.9871,0.05930924,False,8573.202,463.48544,False,False,False,47.184647,,1751.1111,1681,7970.4478,0.40269202,150.16576888458027,,2.155963365417609,,0.43078312,,54.21282,,,0,False,,,,,,,,0,False,False,False,25162.336,43.29815,0.11944367,0.117942825,0.008008025,0.12456319,0.11300879,0.009476641,False,False,False,False,1.8073447e-06,0.70862836,False,False,61091.19227097,,19,False,False,False,False,False,False,False,False,False,False,False,False,False,False,False,False,False,False,False,False,False,r
2,61091.19101204362,lsst,150.1657709078335,2.1559666624936926,170019716302635146,170032906684072138,0,170019716302635146,8645.969,182.78476,0,0,0,33034.26,180.55496,True,2026021900227,97,0.0,3.2684532e-06,3.451905e-06,1.8813393e-13,1950.4999,0.062156904,3819.691,0.058717124,False,8208.092,469.7186,False,False,False,45.57561,,1628.2814,1681,7859.7847,0.15926851,150.16577100215798,,2.155966435058979,,0.42127377,,3.432226,,,0,False,,,,,,,,0,False,False,False,24270.424,36.567184,0.11873713,0.10357969,-0.0013522012,0.11142531,0.11154613,0.0031394914,False,False,False,False,2.3988227e-05,0.6119269,False,False,61091.19268638862,,20,False,False,False,False,False,False,False,False,False,False,False,False,False,False,False,False,False,False,False,False,False,r
2,61091.19147756044,lsst,150.16576861963128,2.155969119581377,170019716302635146,170032906817241274,0,170019716302635146,8493.98,187.35039,0,0,0,34089.316,184.40147,True,2026021900228,95,0.0,3.1150028e-06,3.875088e-06,5.4020053e-13,2371.1682,0.06982526,3938.9456,0.055872865,False,7199.278,465.05698,False,False,False,45.08649,,1694.3549,1681,7971.038,0.8985928,150.16576953113582,,2.155968989637284,,0.6784247,,-12.360087,,,0,False,,,,,,,,0,False,False,False,25520.799,58.812996,0.13230313,0.09803642,-0.012550253,0.1301282,0.108234525,-0.006910307,False,False,False,False,0.003365075,0.64084744,False,False,61091.19321697477,,19,False,False,False,False,False,False,False,False,False,False,False,False,False,False,False,False,False,False,False,False,False,r
2,61091.19194334913,lsst,150.16577163141002,2.1559602573963907,170019716302635146,170032906950934684,0,170019716302635146,8772.33,193.79964,0,0,0,36705.105,192.2604,True,2026021900229,94,0.0,2.9155797e-06,4.455266e-06,5.5089364e-13,737.9671,0.080181845,3498.4517,0.05235794,False,8298.58,471.23297,False,False,False,44.894703,,1697.0995,1681,8489.023,1.9922369,150.16577127883298,,2.155960113220127,,0.7913755,,-8.7902565,,,0,False,,,,,,,,0,False,False,False,27768.293,50.35494,0.1570783,0.10276505,-0.011597412,0.16242181,0.11042876,-0.0092553515,False,False,False,False,0.007708696,0.7274218,False,False,61091.19361387458,,21,False,False,False,False,False,False,False,False,False,False,False,False,False,False,False,False,False,False,False,False,False,r
2,61091.192409812866,lsst,150.16577413856413,2.155959849165302,170019716302635146,170032907080958086,0,170019716302635146,8810.666,181.77895,0,0,0,33430.137,181.6904,True,2026021900230,86,0.0,3.3782717e-06,3.422234e-06,-9.025855e-16,3309.187,0.061554797,2606.5945,0.060766175,False,8926.227,469.31265,False,False,False,46.948666,,1752.7714,1681,7999.5806,0.06832864,150.16577439589457,,2.155959624897149,,0.38357526,,39.868008,,,0,False,,,,,,,,0,False,False,False,24406.205,45.925926,0.123818025,0.121673115,0.006226435,0.1133797,0.11060825,0.007523625,False,False,False,False,0.025437955,0.63816744,False,False,61091.19409969926,,20,False,False,False,False,False,False,False,False,False,False,False,False,False,False,False,False,False,False,False,False,False,r
2,61091.19288017563,lsst,150.16576876495503,2.1559659131087336,170019716302635146,170032907218321527,0,170019716302635146,8622.925,193.55821,0,0,0,36430.246,191.50792,True,2026021900231,92,0.0,3.83056e-06,4.2556453e-06,-1.8140564e-13,1498.0585,0.0765646,2460.831,0.068880856,False,9136.892,469.59976,False,False,False,44.071167,,1719.4967,1681,7922.011,0.09024618,150.1657696223701,,2.1559649591472363,,0.52427983,,3.3084688,,,0,False,,,,,,,,0,False,False,False,27651.244,34.069523,0.16204548,0.13864258,0.0026324352,0.13928846,0.124475226,-0.0048839916,False,False,False,False,0.06248371,0.843145,False,False,61091.19475727748,,21,False,False,False,False,False,False,False,False,False,False,False,False,False,False,False,False,False,False,False,False,False,r
2,61091.193343182604,lsst,150.16576831729526,2.155968297015558,170019716302635146,170032907351490711,0,170019716302635146,8824.42,196.25081,0,0,0,37485.055,194.32835,True,2026021900232,90,0.0,3.579111e-06,4.1152907e-06,-4.454936e-13,3403.124,0.07411757,3043.7769,0.0642566,False,8415.169,469.8125,False,False,False,44.315773,,1725.1262,1681,8178.7876,1.1141292,150.1657689057279,,2.155966771603449,,0.52809846,,-27.783579,,,0,False,,,,,,,,0,False,False,False,28548.955,34.879223,0.14728221,0.12950908,-0.008398727,0.1511422,0.12525788,-0.0034490349,False,False,False,False,6.9110833e-06,0.7058233,False,False,61091.19493080347,,20,False,False,False,False,False,False,False,False,False,False,False,False,False,False,False,False,False,False,False,False,False,r
2,61091.193806567084,lsst,150.165764675507,2.1559599615789264,170019716302635146,170032907487805609,0,170019716302635146,8745.971,186.12885,0,0,0,34206.074,184.95094,True,2026021900233,94,0.0,3.0997721e-06,3.748271e-06,-7.396749e-13,1538.3676,0.0676992,3287.1394,0.055403456,False,8157.828,469.54333,False,False,False,46.355442,,1649.2523,1681,8071.7705,0.63067955,150.16576539482304,,2.1559591025461096,,0.57172775,,-1.3057146,,,0,False,,,,,,,,0,False,False,False,25284.828,40.009106,0.13481346,0.10674419,0.003977807,0.12903883,0.10860834,-0.007575129,False,False,False,False,0.0008027134,0.71787816,False,False,61091.1954064669,,20,False,False,False,False,False,False,False,False,False,False,False,False,False,False,False,False,False,False,False,False,False,r
2,61091.19427260785,lsst,150.165768542751,2.1559655884332556,170019716302635146,170032907619926177,0,170019716302635146,8808.179,182.32391,0,0,0,33604.11,182.15294,True,2026021900234,90,0.0,3.1972825e-06,3.5096652e-06,-4.7140346e-13,3080.4827,0.06338275,3165.153,0.0572219,False,8955.162,469.03033,False,False,False,47.150623,,1685.0585,1681,8242.196,0.5355738,150.16576820974012,,2.1559659119942656,,0.5772731,,-27.685312,,,0,False,,,,,,,,0,False,False,False,24582.105,41.18039,0.13621831,0.11076585,-0.007689211,0.1259823,0.10625914,-0.002787284,False,False,False,False,0.011612259,0.7678776,False,False,61091.19594099956,,20,False,False,False,False,False,False,False,False,False,False,False,False,False,False,False,False,False,False,False,False,False,r
2,61091.19473536946,lsst,150.1657722437761,2.1559677889341713,170019716302635146,170032907757289662,0,170019716302635146,8932.996,192.46178,0,0,0,36722.945,190.52617,True,2026021900235,96,0.0,3.7382088e-06,3.936821e-06,-4.5575333e-13,760.4373,0.071097925,3915.5122,0.06694284,False,8463.446,467.52344,False,False,False,44.145287,,1648.8674,1681,8517.649,0.2982147,150.1657715059169,,2.1559688795834417,,0.64314705,,-49.667576,,,0,False,,,,,,,,0,False,False,False,27676.08,43.844303,0.14796147,0.13422105,-0.017249197,0.1398473,0.1255911,-0.013957678,False,False,False,False,0.013098627,0.66479564,False,False,61091.196434817364,,20,False,False,False,False,False,False,False,False,False,False,False,False,False,False,False,False,False,False,False,False,False,r
3,61091.1965565696,lsst,150.16577421270196,2.155962152037105,170019716302635146,170032907892555942,0,170019716302635146,9542.806,255.79692,0,0,0,45905.12,249.30777,True,2026021900236,98,0.0,4.6936816e-06,4.6649125e-06,-5.3818625e-13,2006.4376,0.08311154,3852.5435,0.085248224,False,9506.103,648.69,False,False,False,35.885498,,1733.8412,1681,8889.311,0.043995086,150.16577386541093,,2.1559626186268224,,0.46253338,,92.12287,,,0,False,,,,,,,,0,False,False,False,36307.094,29.346525,0.1390098,0.1449442,0.00877076,0.12641789,0.13712119,0.007008334,False,False,False,False,0.01955488,0.81372935,False,False,61091.198325581296,,19,False,False,False,False,False,False,False,False,False,False,False,False,False,False,False,False,False,False,False,False,False,i
3,61091.19702290851,lsst,150.16577560843504,2.1559704217510762,170019716302635146,170032908025725024,0,170019716302635146,9659.298,242.26463,0,0,0,42054.605,238.86198,True,2026021900237,96,0.0,3.6390863e-06,3.6249232e-06,-1.4357862e-13,2682.4941,0.0649596,1968.4774,0.065714896,False,9180.568,644.73083,False,False,False,38.981335,,1610.843,1681,8656.154,1.126902,150.16577690473068,,2.1559699574499036,,0.32781038,,99.46481,,,0,False,,,,,,,,0,False,False,False,32281.475,54.55833,0.096096635,0.10187236,0.0035823327,0.10888688,0.11256188,0.009487606,False,False,False,False,0.030604746,0.6906532,False,False,61091.19866243463,,20,False,False,False,False,False,False,False,False,False,False,False,False,False,False,False,False,False,False,False,False,False,i
3,61091.197490183404,lsst,150.16577038699967,2.155967937500417,170019716302635146,170032908158369861,0,170019716302635146,9239.493,247.75262,0,0,0,43031.156,242.91458,True,2026021900238,93,0.0,4.2393763e-06,4.583351e-06,3.151978e-12,2344.394,0.08625179,1338.6257,0.07193865,False,8871.568,646.5205,False,False,False,36.075844,,1702.4918,1681,8703.997,1.1795615,150.1657704656288,,2.1559671980007127,,0.5396261,,33.57376,,,0,False,,,,,,,,0,False,False,False,33694.66,37.494205,0.13524172,0.10949971,0.000635903,0.1362472,0.11647347,0.007925995,False,False,False,False,0.003140515,0.7539057,False,False,61091.19924071271,,18,False,False,False,False,False,False,False,False,False,False,False,False,False,False,False,False,False,False,False,False,False,i
3,61091.19795575959,lsst,150.16577155182807,2.1559672884138372,170019716302635146,170032908295208968,0,170019716302635146,9598.436,257.67596,0,0,0,46087.023,254.07016,True,2026021900239,98,0.0,4.2829106e-06,4.207471e-06,-5.1334046e-13,1424.6259,0.07508172,245.12929,0.07764322,False,9877.007,651.0048,False,False,False,36.548542,,1642.1342,1681,8783.327,1.9055736,150.165770609811,,2.155967616562992,,0.49068072,,118.51846,,,0,False,,,,,,,,0,False,False,False,36324.926,38.940006,0.12032476,0.14134075,0.00015121595,0.13847741,0.12534814,-0.0001574811,False,False,False,False,0.00022079099,0.73480046,False,False,61091.19968497661,,20,False,False,False,False,False,False,False,False,False,False,False,False,False,False,False,False,False,False,False,False,False,i
3,61091.19842292099,lsst,150.1657743228152,2.155962462420086,170019716302635146,170032908428902502,0,170019716302635146,9488.634,247.37114,0,0,0,43009.496,242.85269,True,2026021900240,97,0.0,3.7292718e-06,4.296957e-06,2.8899019e-12,2329.1145,0.080176,1976.3695,0.06361811,False,8524.353,646.8529,False,False,False,38.1312,,1777.8434,1681,8842.127,1.1286175,150.16577484499064,,2.1559627675106343,,0.5940436,,4.3289776,,,0,False,,,,,,,,0,False,False,False,33389.49,34.29594,0.12384533,0.10059206,-0.010886006,0.1308165,0.10657798,-0.005388008,False,False,False,False,0.008790497,0.7546185,False,False,61091.20019473278,,19,False,False,False,False,False,False,False,False,False,False,False,False,False,False,False,False,False,False,False,False,False,i
3,61091.198919012466,lsst,150.16577093859638,2.1559655616718025,170019716302635146,170032908561547307,0,170019716302635146,9611.595,244.76608,0,0,0,42249.387,240.45494,True,2026021900241,94,0.0,3.656093e-06,4.299634e-06,1.7487109e-12,1355.7064,0.0784657,832.1808,0.064428695,False,10688.292,645.4261,False,False,False,38.811577,,1656.5245,1681,8992.926,0.47412288,150.16577107407957,,2.15596580896229,,0.6299235,,17.570408,,,0,False,,,,,,,,0,False,False,False,32540.982,29.706192,0.13107567,0.094917916,0.00025088893,0.12758803,0.107582524,0.0026145556,False,False,False,False,0.0044609206,0.7928221,False,False,61091.20070616095,,20,False,False,False,False,False,False,False,False,False,False,False,False,False,False,False,False,False,False,False,False,False,i
3,61091.19938135061,lsst,150.16576854613712,2.1559657345456325,170019716302635146,170032908697338044,0,170019716302635146,9852.827,241.05621,0,0,0,41506.27,237.21225,True,2026021900242,97,0.0,3.6219353e-06,4.1177523e-06,9.998967e-13,2493.1458,0.07460474,3800.1514,0.06455399,False,9560.829,642.8955,False,False,False,40.712933,,1747.9767,1681,9127.276,0.7445177,150.16576933916244,,2.1559652043473094,,0.58432263,,-8.96475,,,0,False,,,,,,,,0,False,False,False,31523.27,39.240585,0.12934126,0.107878715,-0.010912484,0.11872228,0.10525752,-0.0046721096,False,False,False,False,0.009725017,0.72618395,False,False,61091.20104173194,,19,False,False,False,False,False,False,False,False,False,False,False,False,False,False,False,False,False,False,False,False,False,i
3,61091.199846814015,lsst,150.16577390784198,2.1559764666378833,170019716302635146,170032908830507169,0,170019716302635146,9745.212,237.14247,0,0,0,40603.26,232.92867,True,2026021900243,95,0.0,3.4869654e-06,4.0140812e-06,7.989452e-13,2514.7085,0.07255799,3508.2773,0.06232752,False,9821.448,640.71106,False,False,False,40.83262,,1652.1058,1681,8847.193,0.16606672,150.16577406184376,,2.1559760055308477,,0.39360437,,2.023282,,,0,False,,,,,,,,0,False,False,False,30763.902,44.132504,0.12002113,0.1073122,-0.0020618378,0.11782148,0.09869047,-0.007023469,False,False,False,False,0.0067301285,0.639916,False,False,61091.20157364182,,20,False,False,False,False,False,False,False,False,False,False,False,False,False,False,False,False,False,False,False,False,False,i
3,61091.20031271612,lsst,150.1657746391049,2.155968050443697,170019716302635146,170032908964200617,0,170019716302635146,9130.3125,238.91684,0,0,0,40826.6,234.26501,True,2026021900244,94,0.0,3.8959665e-06,4.334441e-06,5.2068137e-13,873.2274,0.07812232,3605.679,0.06991516,False,10055.368,642.45404,False,False,False,37.07924,,1674.1097,1681,8325.019,0.87650937,150.1657744551598,,2.15596842948579,,0.44569233,,-14.170473,,,0,False,,,,,,,,0,False,False,False,31611.176,38.442295,0.115324385,0.1029515,-0.006068426,0.120864645,0.10535684,-0.007449496,False,False,False,False,0.0034780356,0.71491414,False,False,61091.20208970376,,19,False,False,False,False,False,False,False,False,False,False,False,False,False,False,False,False,False,False,False,False,False,i
3,61091.20077841617,lsst,150.1657637385835,2.155964729562197,170019716302635146,170032909094224032,0,170019716302635146,9554.728,236.78098,0,0,0,39493.0,231.4682,True,2026021900245,86,0.0,3.7020582e-06,3.9492825e-06,1.698093e-13,3391.391,0.071080126,3261.807,0.06656423,False,9460.627,649.6725,False,False,False,39.282154,,1589.4293,1681,8666.1045,0.1026694,150.1657641317525,,2.155964992445456,,0.28448173,,18.483265,,,0,False,,,,,,,,0,False,False,False,29847.984,39.590168,0.113193706,0.10706447,0.0015512272,0.11481727,0.103961706,-0.005284431,False,False,False,False,0.00012486434,0.70520806,False,False,61091.202497286315,,18,False,False,False,False,False,False,False,False,False,False,False,False,False,False,False,False,False,False,False,False,False,i
3,61091.20124584455,lsst,150.1657781765831,2.1559661765160043,170019716302635146,170032909231587415,0,170019716302635146,9077.973,245.63771,0,0,0,42779.812,241.41869,True,2026021900246,92,0.0,4.0577715e-06,4.4997087e-06,1.4872176e-13,1141.7284,0.08095703,2126.157,0.07299058,False,9866.476,652.4436,False,False,False,36.7635,,1597.1646,1681,8548.1455,0.16119447,150.1657783753753,,2.15596611612855,,0.5515024,,-24.286705,,,0,False,,,,,,,,0,False,False,False,33574.492,31.482565,0.12630282,0.11003666,-0.010809495,0.1262173,0.11232457,-0.007081603,False,False,False,False,0.00025386107,0.76100993,False,False,61091.20295226499,,19,False,False,False,False,False,False,False,False,False,False,False,False,False,False,False,False,False,False,False,False,False,i
3,61091.201710601716,lsst,150.16577413877343,2.1559686294461455,170019716302635146,170032909364756646,0,170019716302635146,9060.836,255.22937,0,0,0,44735.652,250.23491,True,2026021900247,90,0.0,4.2980882e-06,4.6036225e-06,-3.8579498e-14,3131.2932,0.08281479,3307.063,0.07732128,False,8811.581,652.242,False,False,False,35.12693,,1785.77,1681,8655.597,0.8771743,150.16577470525817,,2.155968491476255,,0.6699722,,31.376827,,,0,False,,,,,,,,0,False,False,False,35552.74,27.960379,0.1263284,0.10849142,0.018590352,0.13012679,0.12834398,0.0030504016,False,False,False,False,0.026658181,0.7222387,False,False,61091.203411533934,,19,False,False,False,False,False,False,False,False,False,False,False,False,False,False,False,False,False,False,False,False,False,i
3,61091.20217559941,lsst,150.16577027944177,2.1559625095600894,170019716302635146,170032909501071500,0,170019716302635146,9418.502,253.46727,0,0,0,44642.207,248.22404,True,2026021900248,94,0.0,4.318814e-06,4.121318e-06,1.1541033e-13,1670.7572,0.0741183,3318.3203,0.07771064,False,9743.878,650.37054,False,False,False,37.117855,,1633.0826,1681,8554.551,0.3903081,150.16577010605832,,2.1559620027974966,,0.31379434,,28.509928,,,0,False,,,,,,,,0,False,False,False,35122.473,31.399837,0.12404334,0.12049324,0.0037916692,0.11759713,0.13453452,-0.00096098176,False,False,False,False,0.002852305,0.7656629,False,False,61091.20383387343,,22,False,False,False,False,False,False,False,False,False,False,False,False,False,False,False,False,False,False,False,False,False,i
3,61091.20264292219,lsst,150.165773917009,2.155963761381946,170019716302635146,170032909633192086,0,170019716302635146,9257.153,270.21472,0,0,0,49776.688,264.3631,True,2026021900249,90,0.0,5.640419e-06,4.9006476e-06,9.479618e-13,2825.137,0.087947965,3461.0227,0.10165169,False,8702.348,646.5085,False,False,False,34.104507,,1737.4384,1681,8824.505,0.51964355,150.16577236016667,,2.1559650535462844,,0.62079835,,-90.58604,,,0,False,,,,,,,,0,False,False,False,40415.64,23.0881,0.13963301,0.17301007,-0.0036953923,0.13876593,0.1628884,-0.007477236,False,False,False,False,0.0049853874,0.80198306,False,False,61091.20438980442,,21,False,False,False,False,False,False,False,False,False,False,False,False,False,False,False,False,False,False,False,False,False,i
3,61091.20310534898,lsst,150.1657705671805,2.1559701711718704,170019716302635146,170032909791002630,0,170019716302635146,8958.736,249.82484,0,0,0,44139.61,246.67291,True,2026021900250,135,0.0,4.4382464e-06,4.195441e-06,3.9331009e-13,1373.1913,0.0753255,142.25221,0.079998694,False,8342.091,645.66034,False,False,False,35.74695,,1678.9092,1681,8608.704,1.6198905,150.16577041142563,,2.155970549446557,,0.6796033,,-62.10475,,,0,False,,,,,,,,0,False,False,False,35027.867,42.548504,0.1117434,0.12188829,-0.020675234,0.12112634,0.12830126,-0.013865469,False,False,False,False,0.012414607,0.65586257,False,False,61091.204673452536,,19,False,False,False,False,False,False,False,False,False,False,False,False,False,False,False,False,False,False,False,False,False,i
1,61091.20494201068,lsst,150.16576969364746,2.155955383017369,170019716302635146,170032909925744663,0,170019716302635146,8535.931,178.44861,0,0,0,34567.82,177.12743,True,2026021900251,136,0.0,4.756674e-06,4.4505828e-06,-3.2696458e-13,2477.2002,0.0799496,875.56946,0.08561732,False,9098.553,352.56366,False,False,False,46.813805,,1763.3779,1681,8221.391,0.10248959,150.16577170714896,,2.1559561590896497,,0.60013205,,-68.607666,,,0,False,,,,,,,,0,False,False,False,25946.953,11.881839,0.2092276,0.23636389,-0.007761001,0.21379529,0.23046595,0.017464893,False,False,False,False,4.9692673e-05,0.94454914,False,False,61091.206686567246,,29,False,False,False,False,False,False,False,False,False,False,False,False,False,False,False,False,False,False,False,False,False,g
1,61091.20540666592,lsst,150.16577496533912,2.155955491792727,170019716302635146,170032910037418098,0,170019716302635146,8219.14,186.0922,0,0,0,35770.906,184.23674,True,2026021900252,93,0.0,4.811641e-06,5.078379e-06,1.6822173e-13,1041.2021,0.091333926,3697.6733,0.08649979,False,8038.76,355.98026,False,False,False,43.54269,,1645.9795,1681,7893.8384,0.07535825,150.1657760172651,,2.1559543918058237,,0.719003,,-25.54821,,,0,False,,,,,,,,0,False,False,False,27487.254,7.822652,0.22930402,0.20529793,-0.019475944,0.22768593,0.23066817,0.00023632405,False,False,False,False,0.0152362725,0.9088607,False,False,61091.207203464735,,28,False,False,False,False,False,False,False,False,False,False,False,False,False,False,False,False,False,False,False,False,False,g
1,61091.205870378675,lsst,150.16576796554776,2.155954527151755,170019716302635146,170032910170063009,0,170019716302635146,8701.578,177.77515,0,0,0,32689.826,176.388,True,2026021900253,90,0.0,4.3225227e-06,4.1900134e-06,-1.7507246e-14,3274.958,0.07533433,3608.1628,0.077723265,False,9372.92,366.0385,False,False,False,48.9141,,1693.0885,1681,8319.234,0.23807986,150.1657723607381,,2.1559521341797523,,0.67195565,,-59.379826,,,0,False,,,,,,,,0,False,False,False,23904.498,23.59182,0.20151307,0.22164464,-0.01711628,0.19162546,0.19761932,-0.0041809,False,False,False,False,0.03618149,0.9494526,False,False,61091.207605765,,26,False,False,False,False,False,False,False,False,False,False,False,False,False,False,False,False,False,False,False,False,False,g
1,61091.20633404564,lsst,150.16577209427697,2.1559639350122857,170019716302635146,170032910307950650,0,170019716302635146,8319.869,190.23111,0,0,0,31179.643,189.58905,True,2026021900254,97,0.0,4.281909e-06,4.94196e-06,-2.651949e-13,3847.662,0.08887807,1757.8364,0.07697262,False,8515.818,404.57263,False,False,False,43.307335,,1723.6389,1681,7911.3647,0.3934054,150.16577356316952,,2.155962671434492,,0.6727513,,9.306793,,,0,False,,,,,,,,0,False,False,False,22862.064,15.789776,0.20297515,0.16619423,0.00802832,0.19643342,0.1719176,-0.0034685493,False,False,False,False,2.2677817e-05,0.9428143,False,False,61091.208004023836,,25,False,False,False,False,False,False,False,False,False,False,False,False,False,False,False,False,False,False,False,False,False,g
1,61091.20679835285,lsst,150.16577194923508,2.1559624065145764,170019716302635146,170032910442168369,0,170019716302635146,7985.0083,185.7707,0,0,0,32206.785,185.23656,True,2026021900255,97,0.0,4.409616e-06,5.2943496e-06,-8.2952726e-13,108.51018,0.09532545,1508.3639,0.0791288,False,8314.908,385.85248,False,False,False,42.747173,,1696.2515,1681,7942.1157,0.24896958,150.16577277545832,,2.1559626297004213,,0.92413104,,-25.69911,,,0,False,,,,,,,,0,False,False,False,24188.244,12.206082,0.23374121,0.17344773,-0.0256965,0.20384601,0.18678875,-0.005152442,False,False,False,False,0.008711932,0.93372005,False,False,61091.20857426659,,27,False,False,False,False,False,False,False,False,False,False,False,False,False,False,False,False,False,False,False,False,False,g
1,61091.20786073276,lsst,150.16576814298548,2.155955958377967,170019716302635146,170032910711128111,0,170019716302635146,8678.639,433.55652,0,0,0,44071.633,444.26062,True,2026021900257,98,0.0,1.3701753e-05,1.3923185e-05,1.7923243e-11,886.38824,0.25993437,2961.8174,0.23624548,False,7590.4224,785.1024,False,False,False,20.004665,,1668.1426,1681,8460.98,2.2653608,150.1657677040787,,2.1559556265217648,,0.8536808,,14.185518,,,0,False,,,,,,,,0,False,False,False,35632.363,7.3329473,0.34934923,0.3098347,-0.025315093,0.34412676,0.31049612,0.013870293,False,False,False,False,0.00039632642,0.9583593,False,False,61091.20952439797,,28,False,False,False,False,False,False,False,False,False,False,False,False,False,False,False,False,False,False,False,False,False,g
1,61091.208325219515,lsst,150.1657538281648,2.1559407585763712,170019716302635146,170032910843772944,0,170019716302635146,8623.444,716.4778,0,0,0,42597.56,734.84314,True,2026021900258,95,0.0,1.8915673e-05,1.8808394e-05,-7.508654e-12,2678.4426,0.33545765,1254.8722,0.34283134,False,7898.7466,1373.4706,False,False,False,11.968069,,1705.2698,1681,8403.43,34.5166,150.1657595840972,,2.1559375011766377,,0.84371173,,20.497452,,,0,False,,,,,,,,0,False,False,False,34335.004,12.023667,0.26693112,0.21378025,-0.017785162,0.30919793,0.3160786,-0.03371786,False,False,False,False,0.34093198,0.44041854,False,False,61091.20994716894,,24,False,False,False,False,False,False,False,False,False,False,False,False,False,False,False,False,False,False,False,False,False,g
1,61091.20879052207,lsst,150.1657638271208,2.155939930385079,170019716302635146,170032910977466419,0,170019716302635146,9736.02,672.31,0,0,0,40079.996,684.29364,True,2026021900259,94,0.0,1.4626561e-05,1.4897731e-05,1.03407526e-11,1701.2887,0.27210456,3948.0317,0.25859404,False,9068.461,1344.6888,False,False,False,14.354137,,1684.5424,1681,9481.398,15.510259,150.16575683642978,,2.1559320579204195,,0.9310818,,-13.0310335,,,0,False,,,,,,,,0,False,False,False,30953.002,13.632477,0.2136941,0.22063053,-0.03984756,0.29147258,0.2699543,-0.003381901,False,False,False,False,0.30154803,0.9665917,False,False,61091.21045598583,,24,False,False,False,False,False,False,False,False,False,False,False,False,False,False,False,False,False,False,False,False,False,g
1,61091.2097276383,lsst,150.165781124524,2.155959347290717,170019716302635146,170032911244328990,0,170019716302635146,8020.555,302.603,0,0,0,41134.15,308.20197,True,2026021900261,91,0.0,9.1254315e-06,9.483217e-06,5.2400675e-12,3208.35,0.17322576,1073.4207,0.16122909,False,7815.9253,562.6171,False,False,False,26.549929,,1698.7518,1681,7526.5864,0.9827492,150.16577968871152,,2.1559590317505006,,0.554712,,37.967728,,,0,False,,,,,,,,0,False,False,False,33003.65,12.859116,0.2758976,0.2508331,0.004156325,0.2789066,0.28654402,-0.021237947,False,False,False,False,0.032532856,0.9530197,False,False,61091.21138297537,,27,False,False,False,False,False,False,False,False,False,False,False,False,False,False,False,False,False,False,False,False,False,g
1,61091.21019316616,lsst,150.16577499902684,2.155957951822765,170019716302635146,170032911379595278,0,170019716302635146,8012.3335,269.33267,0,0,0,39790.64,274.89252,True,2026021900262,93,0.0,8.0213385e-06,7.810647e-06,-2.0765247e-12,2180.8662,0.13929118,774.00214,0.14534333,False,7811.137,504.31848,False,False,False,29.756334,,1668.3916,1681,7447.8955,1.0102229,150.16577560389942,,2.155958685849545,,0.59100413,,-63.921417,,,0,False,,,,,,,,0,False,False,False,31636.107,12.0576935,0.23154508,0.26170433,-0.00027664992,0.26490128,0.25855666,-0.0017073505,False,False,False,False,0.021510655,0.9472029,False,False,61091.21235947363,,29,False,False,False,False,False,False,False,False,False,False,False,False,False,False,False,False,False,False,False,False,False,g
1,61091.210658790544,lsst,150.16576668833596,2.1559683846611692,170019716302635146,170032911514337372,0,170019716302635146,8019.6685,280.949,0,0,0,41317.746,286.2271,True,2026021900263,94,0.0,8.430957e-06,8.771649e-06,2.9138686e-12,2303.411,0.15893053,3337.0583,0.15030324,False,7356.4707,510.5074,False,False,False,28.462246,,1662.4473,1681,7517.8604,1.9057343,150.16576701595673,,2.1559686616350318,,0.60513943,,13.143579,,,0,False,,,,,,,,0,False,False,False,33248.605,8.987471,0.2837535,0.25382397,-0.0050398293,0.2961133,0.28758392,-0.01193032,False,False,False,False,0.044429827,0.94322133,False,False,61091.212433122884,,29,False,False,False,False,False,False,False,False,False,False,False,False,False,False,False,False,False,False,False,False,False,g
1,61091.21112614623,lsst,150.1657744419464,2.1559662018331047,170019716302635146,170032911648030745,0,170019716302635146,8420.832,285.35873,0,0,0,47078.766,291.79938,True,2026021900264,93,0.0,8.594272e-06,8.794169e-06,1.4039061e-12,1970.3896,0.15863718,1040.8663,0.15400976,False,7912.4683,481.65253,False,False,False,29.245125,,1679.5455,1681,7708.5923,1.1405149,150.16577341761683,,2.1559651440464087,,0.3763424,,-3.7554326,,,0,False,,,,,,,,0,False,False,False,38568.117,7.049819,0.30511186,0.29690042,-0.0043359846,0.34399801,0.33222154,0.0019441239,False,False,False,False,0.09658817,0.9336839,False,False,61091.21300612025,,30,False,False,False,False,False,False,False,False,False,False,False,False,False,False,False,False,False,False,False,False,False,g
4,61091.213358145265,lsst,150.16576875709913,2.1559765277556404,170019716302635146,170032911939010581,0,170019716302635146,8372.455,667.5476,0,0,0,65631.484,674.6808,True,2026021900266,136,0.0,1.7447877e-05,1.639626e-05,-5.5651946e-12,2770.7244,0.29452386,860.3067,0.31438944,False,10029.437,1529.4326,False,False,False,12.381223,,1645.3813,1681,8102.02,4.5915794,150.16576890148283,,2.1559764467684848,,0.9765352,,58.573273,,,0,False,,,,,,,,0,False,False,False,57123.06,29.215456,0.20771432,0.22293289,0.04384867,0.2033918,0.18824285,0.0118507845,False,False,False,False,0.047378246,0.17787452,False,False,61091.21503316978,,20,False,False,False,False,False,False,False,False,False,False,False,False,False,False,False,False,False,False,False,False,False,z
4,61091.21812550025,lsst,150.16578389301716,2.1559697945972993,170019716302635146,170032913257594915,0,170019716302635146,9737.565,665.5931,0,0,0,61177.14,672.54114,True,2026021900276,91,0.0,1.2674473e-05,1.1766758e-05,-1.231595e-11,3635.128,0.20746845,1183.3661,0.23190252,False,11349.943,1676.6598,False,False,False,14.570266,,1697.3561,1681,9298.141,17.99374,150.16578008123952,,2.1559708282190932,,0.7110177,,84.62324,,,0,False,,,,,,,,0,False,False,False,51376.844,32.814198,0.12794325,0.15192775,0.019738656,0.15299504,0.1761698,-0.002785575,False,False,False,False,0.08807002,0.87136894,False,False,61091.21974824588,,20,False,False,False,False,False,False,False,False,False,False,False,False,False,False,False,False,False,False,False,False,False,z
4,61091.218591459605,lsst,150.16577364043818,2.1559846220078662,170019716302635146,170032913392861193,0,170019716302635146,9482.88,544.2362,0,0,0,65570.11,544.88965,True,2026021900277,93,0.0,1.0979788e-05,1.1294537e-05,3.0939322e-12,2284.8843,0.20412593,437.73715,0.19657569,False,7718.811,1263.3387,False,False,False,17.365166,,1657.9249,1681,9212.049,9.025833,150.16577430475286,,2.155985925943984,,0.84205145,,63.54952,,,0,False,,,,,,,,0,False,False,False,55876.0,27.222004,0.16796306,0.16287248,0.03286879,0.19047797,0.19892013,-0.0014766869,False,False,False,False,0.10414755,0.8053422,False,False,61091.22032561641,,20,False,False,False,False,False,False,False,False,False,False,False,False,False,False,False,False,False,False,False,False,False,z
4,61091.21905670165,lsst,150.16575862579694,2.1559680739231006,170019716302635146,170032913527603333,0,170019716302635146,7890.3335,532.7109,0,0,0,47323.72,533.12366,True,2026021900278,94,0.0,1.1762581e-05,1.0591208e-05,-9.288762e-12,2177.023,0.18799785,3350.8887,0.2138629,False,10070.9,1473.6903,False,False,False,14.571482,,1638.2155,1681,7390.5713,20.876198,150.1657568781133,,2.1559632953316883,,0.6400443,,99.90506,,,0,False,,,,,,,,0,False,False,False,39435.312,52.32243,0.098590784,0.13456553,0.0049926927,0.13342059,0.13330626,0.0012509711,False,False,False,False,0.05138783,0.78394437,False,False,61091.22078810437,,17,False,False,False,False,False,False,False,False,False,False,False,False,False,False,False,False,False,False,False,False,False,z
2,61091.22184939298,lsst,150.16577047221205,2.155969919790581,170019716302635146,170032913952276505,0,170019716302635146,8822.926,273.57132,0,0,0,43654.473,274.23315,True,2026021900281,136,0.0,5.880315e-06,6.8448626e-06,8.302508e-13,2136.005,0.1231853,896.702,0.1056969,False,8628.281,615.25336,False,False,False,31.810207,,1752.3944,1681,8276.06,0.6115927,150.1657696953836,,2.1559712090374528,,0.49518323,,12.977215,,,0,False,,,,,,,,0,False,False,False,34748.203,21.333284,0.19322348,0.17314905,0.003304443,0.19955897,0.1640781,0.011226511,False,False,False,False,0.00025683054,0.91149116,False,False,61091.22341278037,,23,False,False,False,False,False,False,False,False,False,False,False,False,False,False,False,False,False,False,False,False,False,r
2,61091.22231403686,lsst,150.16576289794213,2.155962382878832,170019716302635146,170032914063949942,0,170019716302635146,8794.367,276.19006,0,0,0,44614.06,277.00565,True,2026021900282,93,0.0,5.8399582e-06,6.387724e-06,1.1985162e-13,961.6129,0.11489161,3463.9995,0.10503516,False,8810.104,607.81683,False,False,False,31.456888,,1698.7142,1681,8411.751,2.5205867,150.1657629092152,,2.1559626743525846,,0.79034954,,32.444027,,,0,False,,,,,,,,0,False,False,False,35814.277,17.649708,0.19282687,0.16687334,0.025300467,0.20022328,0.17639093,0.019229025,False,False,False,False,0.009435679,0.94108874,False,False,61091.22399421559,,23,False,False,False,False,False,False,False,False,False,False,False,False,False,False,False,False,False,False,False,False,False,r
2,61091.22278103921,lsst,150.16577679524764,2.1559715207963737,170019716302635146,170032914196594810,0,170019716302635146,8853.095,263.99756,0,0,0,47075.4,264.56873,True,2026021900283,90,0.0,5.625718e-06,6.7695846e-06,-4.451939e-13,3388.6704,0.12176897,3476.373,0.10116175,False,9193.702,564.42584,False,False,False,33.471985,,1585.5349,1681,8462.802,1.2278187,150.165777676982,,2.1559708771305766,,0.76901835,,-5.033225,,,0,False,,,,,,,,0,False,False,False,38170.434,13.579149,0.2204192,0.16750832,-0.0030108776,0.21136937,0.18225378,-0.0058213347,False,False,False,False,0.001027982,0.9162203,False,False,61091.22450592369,,23,False,False,False,False,False,False,False,False,False,False,False,False,False,False,False,False,False,False,False,False,False,r
2,61091.22429989655,lsst,150.16576748528436,2.1559751260730877,170019716302635146,170032914601345064,0,170019716302635146,9553.524,288.2092,0,0,0,47024.54,289.2508,True,2026021900286,94,0.0,6.1478254e-06,6.253386e-06,3.047387e-12,957.2679,0.11595492,1189.6886,0.10690297,False,9133.345,626.2397,False,False,False,32.73281,,1687.4302,1681,9302.224,1.2406987,150.1657686940064,,2.15597603955696,,0.65021557,,15.683619,,,0,False,,,,,,,,0,False,False,False,37439.535,18.579205,0.20746651,0.18186682,-0.013509867,0.2154304,0.20162952,0.0127981305,False,False,False,False,0.022739688,0.931495,False,False,61091.22616136609,,23,False,False,False,False,False,False,False,False,False,False,False,False,False,False,False,False,False,False,False,False,False,r
2,61091.22476381732,lsst,150.1657720399742,2.1559568389535726,170019716302635146,170032914737659990,0,170019716302635146,7311.6484,290.89413,0,0,0,46028.918,292.02957,True,2026021900287,98,0.0,7.942551e-06,8.480269e-06,1.2954442e-11,460.29874,0.16205977,3213.1182,0.13194847,False,5655.4507,629.54834,False,False,False,25.136015,,1702.6019,1681,7219.3013,4.9921637,150.16577275992688,,2.155957073326899,,0.76935244,,43.870686,,,0,False,,,,,,,,0,False,False,False,38768.957,16.293976,0.21080215,0.15950823,0.0076071587,0.23511735,0.1999634,0.009398824,False,False,False,False,0.113389134,0.88146657,False,False,61091.22657824941,,25,False,False,False,False,False,False,False,False,False,False,False,False,False,False,False,False,False,False,False,False,False,r
2,61091.22522944204,lsst,150.1657683059725,2.155967200882381,170019716302635146,170032914870304836,0,170019716302635146,8976.143,257.39612,0,0,0,47338.535,256.91873,True,2026021900288,95,0.0,6.441259e-06,6.500867e-06,8.3591895e-13,2721.622,0.11766914,1670.3787,0.115098156,False,10253.488,549.96136,False,False,False,34.551464,,1673.3423,1681,8898.748,0.2649484,150.1657736918142,,2.155971388611084,,0.84300137,,79.21036,,,0,False,,,,,,,,0,False,False,False,38270.254,16.79681,0.24625866,0.24947059,0.03180549,0.21621218,0.20585473,0.002309144,False,False,False,False,0.14824292,0.93754,False,False,61091.227026268025,,24,False,False,False,False,False,False,False,False,False,False,False,False,False,False,False,False,False,False,False,False,False,r
2,61091.2256952425,lsst,150.16577054005032,2.155973717646121,170019716302635146,170032915003998314,0,170019716302635146,8596.585,276.7694,0,0,0,47559.812,276.09583,True,2026021900289,94,0.0,7.299063e-06,7.2762887e-06,-2.931356e-13,1542.4841,0.13065118,3935.113,0.13148122,False,9642.769,591.4274,False,False,False,30.690916,,1737.3937,1681,8253.635,0.77132934,150.16577266011672,,2.1559768297764323,,0.5294854,,-24.418766,,,0,False,,,,,,,,0,False,False,False,38951.24,17.605984,0.23696166,0.2446167,-0.01140345,0.22065243,0.21935436,0.004848686,False,False,False,False,0.04783058,0.9202397,False,False,61091.22750272782,,28,False,False,False,False,False,False,False,False,False,False,False,False,False,False,False,False,False,False,False,False,False,r
2,61091.22616138874,lsst,150.16576877859467,2.155962615837341,170019716302635146,170032915139264552,0,170019716302635146,8388.797,297.3178,0,0,0,45568.684,300.11218,True,2026021900290,96,0.0,6.930944e-06,7.550865e-06,6.1326296e-12,115.95069,0.13947,1605.3864,0.120560855,False,7329.9424,659.0557,False,False,False,28.24451,,1763.5813,1681,8299.969,1.8089212,150.16576863787958,,2.155964804247279,,0.744459,,30.849808,,,0,False,,,,,,,,0,False,False,False,37056.516,22.391966,0.2220727,0.1729496,0.0034078623,0.21618263,0.19866414,0.017448861,False,False,False,False,0.011754819,0.91972363,False,False,61091.22799942165,,23,False,False,False,False,False,False,False,False,False,False,False,False,False,False,False,False,False,False,False,False,False,r
2,61091.22662803634,lsst,150.1657533591784,2.1559623442208826,170019716302635146,170032915270860833,0,170019716302635146,9476.24,416.5292,0,0,0,42392.902,421.55545,True,2026021900291,91,0.0,9.588236e-06,8.732726e-06,-8.80181e-12,3607.0198,0.15294524,1192.3981,0.17612383,False,11430.156,1006.1413,False,False,False,22.622683,,1678.1163,1681,9190.534,1.8744768,150.16575591811485,,2.1559623157572,,0.6707071,,-63.978195,,,0,False,,,,,,,,0,False,False,False,33288.348,23.228207,0.19025852,0.22974803,-0.001292361,0.16637664,0.18919936,0.0029982333,False,False,False,False,0.1355932,0.99261874,False,False,61091.22820910612,,22,False,False,False,False,False,False,False,False,False,False,False,False,False,False,False,False,False,False,False,False,False,r
2,61091.227095847906,lsst,150.16577943418756,2.1559629737818233,170019716302635146,170032915406127120,0,170019716302635146,8607.232,318.3305,0,0,0,40073.43,320.46655,True,2026021900292,93,0.0,6.657223e-06,7.483839e-06,5.238908e-12,2274.1978,0.13698427,459.1845,0.11699535,False,9677.941,783.6167,False,False,False,26.975039,,1724.939,1681,8317.943,0.2867616,150.16577837609165,,2.1559630647310337,,0.675321,,3.900615,,,0,False,,,,,,,,0,False,False,False,31580.328,35.198677,0.18012959,0.14634657,-0.011435786,0.16697942,0.14792295,0.0032280239,False,False,False,False,0.005294493,0.97001237,False,False,61091.22877519496,,21,False,False,False,False,False,False,False,False,False,False,False,False,False,False,False,False,False,False,False,False,False,r
2,61091.22755946318,lsst,150.16577781070453,2.1559549030519682,170019716302635146,170032915540869231,0,170019716302635146,7631.351,362.96725,0,0,0,40184.203,366.23376,True,2026021900293,94,0.0,9.161909e-06,7.814655e-06,-8.2222805e-12,2174.685,0.13746275,3362.5874,0.16735537,False,5457.684,895.8749,False,False,False,20.525923,,1805.6705,1681,7339.957,5.444856,150.16577792361798,,2.1559542603853465,,0.7029622,,-59.895016,,,0,False,,,,,,,,0,False,False,False,32626.723,34.721447,0.11673452,0.15780206,-0.009364191,0.1536361,0.16624899,-0.0005015715,False,False,False,False,0.07709115,0.8994158,False,False,61091.229310667986,,20,False,False,False,False,False,False,False,False,False,False,False,False,False,False,False,False,False,False,False,False,False,r
2,61091.22802527272,lsst,150.16576897977353,2.155969980737597,170019716302635146,170032915674562593,0,170019716302635146,9119.837,305.67715,0,0,0,38588.938,308.38913,True,2026021900294,93,0.0,5.1932957e-06,6.2889376e-06,3.6092893e-12,2038.5293,0.114480294,706.3106,0.091723554,False,8039.8594,769.7017,False,False,False,29.345385,,1677.8157,1681,8798.196,3.5942602,150.16576808058412,,2.1559702514918975,,0.7111381,,-0.57523876,,,0,False,,,,,,,,0,False,False,False,29504.273,30.495846,0.15598726,0.11627986,-0.011935765,0.15910633,0.13518298,-0.0042709615,False,False,False,False,0.02035693,0.96405137,False,False,61091.22967725072,,21,False,False,False,False,False,False,False,False,False,False,False,False,False,False,False,False,False,False,False,False,False,r
3,61091.28458085817,lsst,150.16576777847558,2.155969129032733,170019716302635146,170032928293126215,0,170019716302635146,9767.497,424.82693,0,0,0,57781.2,427.4787,True,2026021900388,97,0.0,9.375293e-06,9.301159e-06,-3.5869265e-12,2998.303,0.17144261,2619.821,0.16445157,False,12108.753,991.19073,False,False,False,22.498615,,1709.9142,1681,9379.995,0.08847227,150.16576748629848,,2.155971153705427,,0.6738923,,-18.232483,,,0,False,,,,,,,,0,False,False,False,47887.586,19.468239,0.22538021,0.20818077,0.018002745,0.19006751,0.19667834,0.009429384,False,False,False,False,0.06830336,0.95474195,False,False,61091.28613159731,,22,False,False,False,False,False,False,False,False,False,False,False,False,False,False,False,False,False,False,False,False,False,i
3,61091.28504779168,lsst,150.16579566218985,2.155959396100146,170019716302635146,170032928425771061,0,170019716302635146,10027.157,531.28046,0,0,0,64459.73,533.8854,True,2026021900389,94,0.0,1.2997359e-05,1.274365e-05,-1.1085938e-11,96.78509,0.239437,1743.0514,0.2233135,False,12390.036,1188.6847,False,False,False,18.734497,,1681.6981,1681,10346.952,1.0655189,150.16579484678155,,2.155963760395235,,1.1681613,,-22.919199,,,0,False,,,,,,,,0,False,False,False,54626.016,17.397575,0.3003527,0.23683472,0.056465764,0.2134645,0.21567053,0.025176808,False,False,False,False,0.2879473,0.9645127,False,False,61091.286581375374,,23,False,False,False,False,False,False,False,False,False,False,False,False,False,False,False,False,False,False,False,False,False,i
3,61094.12090321916,lsst,150.16576913639366,2.155960434874657,170019716302635146,170046089946202236,0,170019716302635146,9556.096,305.15555,0,0,0,62676.52,299.73904,True,2026022200146,86,0.0,6.602339e-06,6.4844835e-06,1.0070315e-12,3771.3513,0.119441904,3627.3176,0.1159547,False,9154.726,650.80927,False,False,False,31.373398,,1698.6393,1681,9710.612,2.2657342,150.16577020742588,,2.1559607324476056,,0.71819735,,75.21054,,,0,False,,,,,,,,0,False,False,False,53026.66,21.339365,0.23410133,0.19190891,0.008782475,0.2347669,0.22513479,-0.001993932,False,False,False,False,0.030698627,0.9156622,False,False,61094.12263967492,,26,False,False,False,False,False,False,False,False,False,False,False,False,False,False,False,False,False,False,False,False,False,i
3,61094.12136688755,lsst,150.16577297863515,2.1559790432727586,170019716302635146,170046090085662768,0,170019716302635146,9109.582,314.24612,0,0,0,64868.363,306.34448,True,2026022200147,96,0.0,7.155535e-06,7.435906e-06,-3.3220312e-12,2789.298,0.12635928,1210.4343,0.13598824,False,9251.894,647.6972,False,False,False,28.804943,,1609.8464,1681,9442.597,1.6080885,150.165772686421,,2.1559788998172116,,0.7858212,,30.107248,,,0,False,,,,,,,,0,False,False,False,55736.8,19.8672,0.28554508,0.25943056,-0.023916189,0.26668188,0.24921094,-0.007436917,False,False,False,False,0.02025917,0.88063014,False,False,61094.12308736652,,28,False,False,False,False,False,False,False,False,False,False,False,False,False,False,False,False,False,False,False,False,False,i
3,61094.12229982676,lsst,150.16577687253917,2.1559648545836496,170019716302635146,170046090353573991,0,170019716302635146,10227.047,319.5074,0,0,0,67193.625,312.7592,True,2026022200149,95,0.0,6.2997337e-06,6.1655087e-06,2.3548923e-12,462.01447,0.11565424,3524.4905,0.10845783,False,9762.155,651.9706,False,False,False,31.630838,,1688.1561,1681,10551.26,3.271925,150.16577582452376,,2.1559648169310224,,1.0027975,,34.509716,,,0,False,,,,,,,,0,False,False,False,56901.12,19.482677,0.2716141,0.20068768,-0.030417254,0.28453964,0.22867489,-0.002996856,False,False,False,False,0.039893664,0.92355067,False,False,61094.12408591548,,27,False,False,False,False,False,False,False,False,False,False,False,False,False,False,False,False,False,False,False,False,False,i
3,61094.122763854,lsst,150.16576993142,2.155963020206727,170019716302635146,170046090509811737,0,170019716302635146,9757.623,328.92676,0,0,0,69321.95,323.86374,True,2026022200150,137,0.0,7.571782e-06,7.657364e-06,-2.7416272e-12,2051.4414,0.13361222,993.9575,0.14029048,False,9566.866,654.07776,False,False,False,29.565475,,1731.9246,1681,9598.383,0.7899926,150.1657680961805,,2.1559621536250724,,0.6782664,,-16.964151,,,0,False,,,,,,,,0,False,False,False,59488.03,15.374855,0.23762654,0.26702335,-0.013668202,0.2675205,0.25095186,-0.013416177,False,False,False,False,0.004590873,0.89978814,False,False,61094.124482242,,27,False,False,False,False,False,False,False,False,False,False,False,False,False,False,False,False,False,False,False,False,False,i
3,61094.12369408317,lsst,150.16576828174686,2.155968787553757,170019716302635146,170046090757800094,0,170019716302635146,9956.671,281.0148,0,0,0,52601.434,272.22223,True,2026022200152,98,0.0,5.4655966e-06,5.455057e-06,2.9792013e-12,1939.6395,0.10301811,3950.0215,0.0932035,False,10270.523,654.24243,False,False,False,34.787437,,1727.2155,1681,9979.935,3.1428432,150.16577146237194,,2.155969651665311,,0.8629004,,69.90181,,,0,False,,,,,,,,0,False,False,False,42660.336,17.942484,0.20468217,0.15912476,0.025838649,0.19253612,0.15760382,0.0046074744,False,False,False,False,0.0066391486,0.8806051,False,False,61094.12553009532,,25,False,False,False,False,False,False,False,False,False,False,False,False,False,False,False,False,False,False,False,False,False,i
3,61094.12416344517,lsst,150.16576306908578,2.155973714813085,170019716302635146,170046090887299126,0,170019716302635146,10061.011,285.16602,0,0,0,54320.254,278.4019,True,2026022200153,89,0.0,5.362191e-06,5.3948024e-06,2.3083846e-12,3443.022,0.100560516,1129.5846,0.092810884,False,9698.804,650.9653,False,False,False,34.36881,,1738.9486,1681,9336.484,0.29248244,150.1657619641145,,2.155974745290551,,0.51655364,,-23.473139,,,0,False,,,,,,,,0,False,False,False,44234.9,19.637749,0.17596748,0.19157468,-0.008490721,0.1659641,0.17481527,0.018858321,False,False,False,False,0.02590382,0.8996695,False,False,61094.1260612046,,24,False,False,False,False,False,False,False,False,False,False,False,False,False,False,False,False,False,False,False,False,False,i
3,61094.124630810795,lsst,150.16576699846067,2.1559680394123055,170019716302635146,170046091023613969,0,170019716302635146,10010.971,286.46677,0,0,0,55522.426,279.78778,True,2026022200154,93,0.0,5.523599e-06,5.5989203e-06,2.290067e-12,941.006,0.103730164,363.9463,0.09620289,False,10527.438,642.6462,False,False,False,34.67352,,1640.4965,1681,9675.241,0.7372945,150.16576780885254,,2.155969868109253,,0.7046712,,11.118863,,,0,False,,,,,,,,0,False,False,False,45417.875,15.485482,0.195956,0.17212428,-0.018678293,0.17629951,0.18223056,-0.009708331,False,False,False,False,0.003170555,0.8980306,False,False,61094.126515294316,,23,False,False,False,False,False,False,False,False,False,False,False,False,False,False,False,False,False,False,False,False,False,i
3,61094.125095146046,lsst,150.16576977044252,2.155962404347923,170019716302635146,170046091158356100,0,170019716302635146,10211.228,278.7526,0,0,0,53569.883,271.6521,True,2026022200155,94,0.0,4.9793284e-06,5.118488e-06,2.398572e-12,2148.065,0.09516668,3358.4128,0.08626713,False,10529.167,647.59247,False,False,False,36.536747,,1655.6368,1681,9751.818,0.8019265,150.16577174382616,,2.1559654631203835,,0.5247724,,22.885744,,,0,False,,,,,,,,0,False,False,False,43269.88,17.494972,0.18401802,0.16290984,-0.0055899173,0.17411987,0.17037335,-0.0032083339,False,False,False,False,0.00021475994,0.8523724,False,False,61094.12697979992,,22,False,False,False,False,False,False,False,False,False,False,False,False,False,False,False,False,False,False,False,False,False,i
3,61094.125563195266,lsst,150.16576541920233,2.155961755215515,170019716302635146,170046091294146679,0,170019716302635146,10111.01,288.5133,0,0,0,55927.832,282.28842,True,2026022200156,97,0.0,5.2669943e-06,5.265563e-06,-1.9062714e-14,3430.0164,0.09468299,2895.9087,0.09477332,False,9181.598,644.5164,False,False,False,34.66466,,1759.0751,1681,9732.165,2.8149102,150.16576313249558,,2.1559627260262757,,0.7850594,,79.94036,,,0,False,,,,,,,,0,False,False,False,45744.41,20.309559,0.16956954,0.17215204,0.028123032,0.17889293,0.1758369,0.01384602,False,False,False,False,0.005936947,0.8399449,False,False,61094.1279025886,,22,False,False,False,False,False,False,False,False,False,False,False,False,False,False,False,False,False,False,False,False,False,i
3,61094.1264975798,lsst,150.16577703026496,2.1559781638003397,170019716302635146,170046091562057804,0,170019716302635146,10059.905,303.85696,0,0,0,61544.844,298.25046,True,2026022200158,96,0.0,5.9264116e-06,6.37234e-06,3.9746683e-12,2368.1875,0.11752347,2007.4741,0.1033949,False,9312.033,653.37665,False,False,False,32.9836,,1654.7183,1681,10127.492,1.8656853,150.1657772916264,,2.1559783499721186,,0.9808749,,73.02097,,,0,False,,,,,,,,0,False,False,False,51397.2,19.847446,0.21126758,0.21234466,0.045031197,0.22831629,0.18700473,0.012569398,False,False,False,False,0.002064056,0.86454016,False,False,61094.12841992713,,25,False,False,False,False,False,False,False,False,False,False,False,False,False,False,False,False,False,False,False,False,False,i
3,61094.12696521153,lsst,150.16577242032963,2.1559635553972534,170019716302635146,170046091694702689,0,170019716302635146,9605.893,292.1835,0,0,0,56809.4,285.29474,False,2026022200159,93,,5.8974156e-06,5.7355132e-06,-1.0962846e-12,1699.7694,0.102368064,2696.9998,0.10684855,False,10163.669,649.0151,False,False,False,32.56018,,1711.6461,1681,8940.93,0.5190059,150.16577201010037,,2.155964401599928,,0.43527773,,-54.272507,,,0,False,,,,,,,,0,False,False,False,47165.867,15.024149,0.16841185,0.18345533,-0.0030354508,0.1843199,0.18379487,0.0068826745,False,False,False,False,0.008911378,0.8680324,False,False,61102.598564548374,,23,False,False,False,False,False,False,False,False,False,False,False,False,False,False,False,False,False,False,False,False,False,i
3,61094.12758052115,lsst,150.16577382154264,2.1559732382836376,170019716302635146,170046091830493225,0,170019716302635146,9445.381,305.18445,0,0,0,62240.63,297.28445,False,2026022200160,96,,6.6060757e-06,6.5895933e-06,4.143092e-14,201.79903,0.118854545,1176.0726,0.118527174,False,9177.665,646.3711,False,False,False,30.477564,,1624.0563,1681,9553.755,2.3267705,150.1657690724707,,2.1559680652593523,,0.72311765,,86.24169,,,0,False,,,,,,,,0,False,False,False,52677.29,19.015064,0.2465339,0.20146975,0.0051526246,0.23327824,0.24171089,-0.018078974,False,False,False,False,0.018959362,0.9057796,False,False,61102.5839809164,,26,False,False,False,False,False,False,False,False,False,False,False,False,False,False,False,False,False,False,False,False,False,i
1,61094.12946386969,lsst,150.16577304140316,2.1559600855853294,170019716302635146,170046091963138118,0,170019716302635146,8452.554,196.10922,0,0,0,43784.113,196.54181,False,2026022200161,93,,6.2553618e-06,6.4928154e-06,1.5985053e-12,1418.9036,0.117675796,2590.349,0.11148154,False,9410.819,327.59857,False,False,False,43.1342,,1738.8892,1681,8046.15,0.7024909,150.1657767050353,,2.155959562781031,,0.68698996,,76.76352,,,0,False,,,,,,,,0,False,False,False,35094.22,7.83153,0.3550499,0.36696655,0.019429727,0.33154577,0.29281467,0.005553672,False,False,False,False,0.17344485,0.92565984,False,False,61102.63122551009,,37,False,False,False,False,False,False,False,False,False,False,False,False,False,False,False,False,False,False,False,False,False,g
1,61094.129929947114,lsst,150.1657574727304,2.155963725615617,170019716302635146,170046092097355879,0,170019716302635146,7817.0356,186.9994,0,0,0,40374.184,186.38535,True,2026022200162,93,0.0,5.793504e-06,6.600379e-06,4.2746783e-12,3896.8323,0.12078269,2968.9563,0.10168482,False,8646.358,324.523,False,False,False,41.502575,,1630.7894,1681,7790.703,0.60619235,150.16575923220933,,2.155963948073385,,0.97717804,,38.22262,,,0,False,,,,,,,,0,False,False,False,32426.38,9.51818,0.34014842,0.27040845,0.02529652,0.30384362,0.2861902,0.014762183,False,False,False,False,0.008861786,0.9093681,False,False,61094.13190872093,,33,False,False,False,False,False,False,False,False,False,False,False,False,False,False,False,False,False,False,False,False,False,g
1,61094.130396334454,lsst,150.16576796143195,2.1559668461626758,170019716302635146,170046092233670672,0,170019716302635146,8525.724,179.6141,0,0,0,38381.496,178.20848,True,2026022200163,97,0.0,4.4595436e-06,5.5929236e-06,3.9066775e-12,3221.1968,0.10247591,578.8429,0.07770372,False,8843.056,323.8557,False,False,False,46.807972,,1680.2009,1681,8399.245,0.88976187,150.16576732650427,,2.155966582541404,,0.8794239,,14.459621,,,0,False,,,,,,,,0,False,False,False,29729.883,10.2962055,0.28930336,0.2200061,-0.0033432245,0.31436327,0.2299105,0.0066981697,False,False,False,False,0.027622126,0.9260036,False,False,61094.13200861393,,31,False,False,False,False,False,False,False,False,False,False,False,False,False,False,False,False,False,False,False,False,False,g
1,61094.13085978302,lsst,150.1657600028356,2.155960411999403,170019716302635146,170046092388335678,0,170019716302635146,8171.128,176.13153,0,0,0,36816.867,174.82849,False,2026022200164,136,,4.589311e-06,5.647643e-06,2.9207038e-12,854.7675,0.10270177,2017.685,0.081070654,False,8284.637,322.01712,False,False,False,45.426273,,1641.8193,1681,8100.3823,0.8041464,150.16575988401277,,2.1559619551570455,,0.9821108,,31.018652,,,0,False,,,,,,,,0,False,False,False,28496.275,8.757477,0.29144338,0.21783128,0.024593705,0.2724887,0.22762798,0.014356433,False,False,False,False,0.002089493,0.92511666,False,False,61102.60227773707,,31,False,False,False,False,False,False,False,False,False,False,False,False,False,False,False,False,False,False,False,False,False,g
1,61094.131375983634,lsst,150.1657691349676,2.155972948334733,170019716302635146,170046092522553375,0,170019716302635146,8244.4375,181.64204,0,0,0,38849.62,180.16441,False,2026022200165,136,,5.2162345e-06,5.6923277e-06,7.665842e-13,1547.24,0.10251888,945.87225,0.09361059,False,8869.749,324.48267,False,False,False,44.840294,,1667.709,1681,7876.6763,0.040431086,150.16576877666634,,2.1559738531988253,,0.63698757,,38.837452,,,0,False,,,,,,,,0,False,False,False,30490.926,16.315296,0.29227343,0.27543646,0.015372036,0.28996944,0.25077504,0.018751532,False,False,False,False,0.016633267,0.92849606,False,False,61102.68559972166,,31,False,False,False,False,False,False,False,False,False,False,False,False,False,False,False,False,False,False,False,False,False,g
1,61094.13516483684,lsst,150.16576923504653,2.155958693107997,170019716302635146,170046092764774410,0,170019716302635146,8349.799,178.95471,0,0,0,38313.375,176.52675,True,2026022200167,86,0.0,4.621026e-06,6.2174354e-06,1.6167316e-12,2853.09,0.11200888,376.32748,0.08279816,False,9314.699,323.4045,False,False,False,46.534756,,1667.7732,1681,8566.29,0.239482,150.16576931204236,,2.1559578609088885,,1.1658819,,12.974681,,,0,False,,,,,,,,0,False,False,False,29874.482,12.275419,0.36784607,0.24550237,0.016817154,0.29404864,0.24194713,0.01938092,False,False,False,False,0.1299814,0.93892956,False,False,61094.13686683774,,32,False,False,False,False,False,False,False,False,False,False,False,False,False,False,False,False,False,False,False,False,False,g
1,61094.1356325361,lsst,150.16577029120637,2.1559528182394336,170019716302635146,170046092901089344,0,170019716302635146,8251.239,179.32777,0,0,0,38944.324,177.8894,True,2026022200168,90,0.0,4.7851177e-06,5.962771e-06,5.384331e-13,3013.7231,0.107241474,1703.7811,0.08599357,False,8717.945,319.41595,False,False,False,45.400368,,1648.9785,1681,8088.7896,0.07556921,150.1657695020998,,2.1559514200222107,,0.78601146,,-7.2488003,,,0,False,,,,,,,,0,False,False,False,30653.48,10.7156,0.3050929,0.25372013,-0.009017403,0.30973288,0.24132928,0.012285876,False,False,False,False,0.0013587312,0.912912,False,False,61094.13742224664,,36,False,False,False,False,False,False,False,False,False,False,False,False,False,False,False,False,False,False,False,False,False,g
1,61094.136098352625,lsst,150.1657556688285,2.1559536246715885,170019716302635146,170046093037404441,0,170019716302635146,8234.865,256.14536,0,0,0,38633.23,256.35287,True,2026022200169,94,0.0,8.063563e-06,7.1866384e-06,1.6302484e-13,1282.4392,0.12918955,3156.1184,0.14497541,False,8136.721,473.06528,False,False,False,31.863775,,1671.6593,1681,8015.9976,0.4725644,150.1657541939152,,2.155952198859705,,0.9217179,,74.88637,,,0,False,,,,,,,,0,False,False,False,30254.771,13.266377,0.24356806,0.3105736,0.018491546,0.27464607,0.26456356,0.013896741,False,False,False,False,0.0051427754,0.93434405,False,False,61094.138493404884,,31,False,False,False,False,False,False,False,False,False,False,False,False,False,False,True,True,False,False,False,False,False,g
1,61094.1381581989,lsst,150.16577177204778,2.155968455802367,170019716302635146,170046093305315404,0,170019716302635146,8113.3374,210.09521,0,0,0,49116.72,209.69661,True,2026022200171,93,0.0,8.026453e-06,7.81862e-06,5.9571846e-13,583.53186,0.14046416,3003.085,0.14444043,False,8636.6045,324.4847,False,False,False,38.614307,,1625.5831,1681,7834.693,0.023217492,150.16577278754895,,2.1559688335074494,,0.7216154,,5.056256,,,0,False,,,,,,,,0,False,False,False,40880.13,5.7776637,0.45597103,0.41717434,0.01111689,0.3842794,0.4068297,0.028633917,False,False,False,False,0.10067519,0.8905154,False,False,61094.14003616778,,38,False,False,False,False,False,False,False,False,False,False,False,False,False,False,False,False,False,False,False,False,False,g
1,61094.13908838856,lsst,150.16576687827938,2.155964856178162,170019716302635146,170046093570080833,0,170019716302635146,8365.662,171.70421,0,0,0,35860.06,170.05586,True,2026022200173,86,0.0,4.6652663e-06,4.5068755e-06,4.5142175e-13,2544.1401,0.08078913,1976.8875,0.084134415,False,8531.832,319.80356,False,False,False,48.06976,,1724.9275,1681,8544.11,0.41064936,150.16576855520245,,2.155964691621517,,1.0777245,,29.69261,,,0,False,,,,,,,,0,False,False,False,27355.33,8.611386,0.23769747,0.23971778,0.05482118,0.23520863,0.25053665,0.03526664,False,False,False,False,0.0017804798,0.9264508,False,False,61094.14116862854,,30,False,False,False,False,False,False,False,False,False,False,False,False,False,False,False,False,False,False,False,False,False,g
1,61094.13962644496,lsst,150.1657694336545,2.155964375325083,170019716302635146,170046093706395708,0,170019716302635146,8379.47,169.42624,0,0,0,35331.39,167.85785,True,2026022200174,90,0.0,4.4809235e-06,4.6675423e-06,3.4383442e-13,912.74146,0.08405306,1837.1211,0.08043836,False,9036.517,318.6682,False,False,False,49.333755,,1706.9547,1681,8018.3022,0.17012317,150.1657696048856,,2.15596467284575,,0.6450423,,64.65571,,,0,False,,,,,,,,0,False,False,False,26861.19,9.227531,0.22927663,0.24005072,0.017311249,0.24812753,0.21145205,0.020958234,False,False,False,False,0.0025755693,0.9425072,False,False,61094.141573624736,,31,False,False,False,False,False,False,False,False,False,False,False,False,False,False,False,False,False,False,False,False,False,g
1,61094.14008999893,lsst,150.1657666206786,2.1559553503032016,170019716302635146,170046093842186297,0,170019716302635146,8256.233,163.8395,0,0,0,32721.725,161.46498,True,2026022200175,93,0.0,4.0559707e-06,4.726219e-06,8.263299e-13,1442.8055,0.085188955,1302.5999,0.072674625,False,8108.3037,321.15048,False,False,False,49.419197,,1682.6133,1681,7862.425,0.012403674,150.16576787671792,,2.155956474379399,,0.60985136,,26.671886,,,0,False,,,,,,,,0,False,False,False,24388.08,13.30779,0.23798151,0.21240784,0.009874483,0.22044414,0.18555811,0.014987154,False,False,False,False,0.058726743,0.9214831,False,False,61094.141926355675,,26,False,False,False,False,False,False,False,False,False,False,False,False,False,False,False,False,False,False,False,False,False,g
1,61094.14056508511,lsst,150.1657642959657,2.155959645144138,170019716302635146,170046093976404069,0,170019716302635146,8138.5596,161.94724,0,0,0,32091.76,160.37178,True,2026022200176,93,0.0,3.8586254e-06,4.716917e-06,6.260413e-13,3730.653,0.08490403,2325.3518,0.06925388,False,9432.82,321.96625,False,False,False,50.090027,,1699.7386,1681,7994.034,0.32509378,150.16576538981494,,2.155961548276967,,0.8474407,,11.944076,,,0,False,,,,,,,,0,False,False,False,23861.85,11.210265,0.25379804,0.1908234,0.007991677,0.21208288,0.18531603,0.013576855,False,False,False,False,0.067587785,0.9388891,False,False,61094.142427379,,27,False,False,False,False,False,False,False,False,False,False,False,False,False,False,False,False,False,False,False,False,False,g
4,61094.14239668088,lsst,150.16575848163623,2.1559735426306372,170019716302635146,170046094111670371,0,170019716302635146,9454.233,468.10376,0,0,0,63019.88,464.8178,True,2026022200177,95,0.0,1.0977452e-05,1.0127499e-05,1.9862115e-11,535.73175,0.20772514,3395.9634,0.1704266,False,10155.262,1094.5267,False,False,False,19.962074,,1586.5457,1681,9386.65,3.1408978,150.1657593493327,,2.155974421305052,,0.82459193,,80.713196,,,0,False,,,,,,,,0,False,False,False,53376.918,30.62605,0.2259895,0.1840179,0.022580065,0.2194104,0.18264358,0.005606606,False,False,False,False,0.001962589,0.8843621,False,False,61094.1442549277,,22,False,False,False,False,False,False,False,False,False,False,False,False,False,False,False,False,False,False,False,False,False,z
4,61094.14285959945,lsst,150.1657617881462,2.1559703329382747,170019716302635146,170046094267908126,0,170019716302635146,9112.904,464.27515,0,0,0,61190.348,458.67648,True,2026022200178,137,0.0,1.1108732e-05,1.031409e-05,2.6629083e-11,2367.5176,0.21503377,803.7017,0.16776672,False,9920.044,1107.6317,False,False,False,18.973179,,1633.6903,1681,9264.756,6.7535105,150.1657621992268,,2.1559705167959375,,0.996382,,77.371895,,,0,False,,,,,,,,0,False,False,False,51882.1,32.391525,0.22006658,0.1553943,0.03464557,0.20644921,0.17328495,0.005876129,False,False,False,False,0.0006004173,0.8154179,False,False,61094.14457534068,,21,False,False,False,False,False,False,False,False,False,False,False,False,False,False,False,False,False,False,False,False,False,z
4,61094.143800157864,lsst,150.16576813571288,2.1559732623527346,170019716302635146,170046094515896469,0,170019716302635146,9315.987,440.58878,0,0,0,57053.195,435.03864,True,2026022200180,98,0.0,9.221763e-06,8.9482955e-06,2.4402433e-11,2214.736,0.18618892,3780.9314,0.13705747,False,9040.764,1093.3217,False,False,False,20.81341,,1641.8721,1681,9469.356,6.9690614,150.16576757295954,,2.1559728318356424,,0.95621175,,66.749855,,,0,False,,,,,,,,0,False,False,False,47488.074,48.520187,0.20586412,0.13665539,0.026696714,0.21146376,0.14259699,-0.006084699,False,False,False,False,0.004687569,0.9320859,False,False,61094.14557186143,,20,False,False,False,False,False,False,False,False,False,False,False,False,False,False,False,False,False,False,False,False,False,z
4,61094.14429174415,lsst,150.16577408341638,2.155976467962871,170019716302635146,170046094645395501,0,170019716302635146,7865.279,461.1933,0,0,0,60590.934,455.78168,True,2026022200181,89,0.0,1.0091302e-05,1.0076855e-05,1.934942e-11,3613.5398,0.19795579,1433.3011,0.16325878,False,6466.056,1094.1882,False,False,False,16.745226,,1706.5133,1681,7396.5386,8.761857,150.1657712012303,,2.155977381668586,,0.5986494,,58.155205,,,0,False,,,,,,,,0,False,False,False,52644.18,32.04639,0.143984,0.11515763,0.006988559,0.2039045,0.16123298,0.009296117,False,False,False,False,0.3190707,0.602892,False,False,61094.14610921668,,20,False,False,False,False,False,False,False,False,False,False,False,False,False,False,False,False,False,False,False,False,False,z
4,61094.14475975568,lsst,150.16578097327158,2.155975693243032,170019716302635146,170046094781710356,0,170019716302635146,8817.336,452.92804,0,0,0,61763.844,451.02042,True,2026022200182,93,0.0,9.547098e-06,9.833694e-06,2.8831439e-11,896.1285,0.19942597,605.78107,0.14499311,False,8764.505,1082.9749,False,False,False,19.09173,,1728.8318,1681,8712.015,8.610651,150.1657817383119,,2.1559772157295214,,0.9758815,,58.94734,,,0,False,,,,,,,,0,False,False,False,52760.26,37.262127,0.2063356,0.12964462,0.025267772,0.19566257,0.15844682,0.007037527,False,False,False,False,0.011521813,0.8712514,False,False,61094.14640951043,,21,False,False,False,False,False,False,False,False,False,False,False,False,False,False,False,False,False,False,False,False,False,z
4,61094.14523830141,lsst,150.16578169818845,2.1559656209525007,170019716302635146,170046094916452485,0,170019716302635146,8009.554,422.85693,0,0,0,55269.97,416.69556,False,2026022200183,94,,8.853162e-06,9.221942e-06,1.6231426e-11,2222.2996,0.17834121,3369.9204,0.14518932,False,8478.286,1077.3743,False,False,False,18.58864,,1591.2832,1681,7813.396,8.8604765,150.16578186339146,,2.1559648542585452,,0.7052798,,69.83372,,,0,False,,,,,,,,0,False,False,False,47219.77,42.783943,0.15262076,0.13083169,0.019873891,0.1821256,0.1394676,0.017073583,False,False,False,False,0.05491024,0.7742857,False,False,61102.64939684574,,21,False,False,False,False,False,False,False,False,False,False,False,False,False,False,False,False,False,False,False,False,False,z
4,61094.14570226861,lsst,150.16575573048345,2.1559582712557894,170019716302635146,170046095052243060,0,170019716302635146,8661.851,415.31406,0,0,0,52211.22,410.85922,False,2026022200184,97,,8.421128e-06,8.142154e-06,-7.0943073e-12,3652.4004,0.14066105,2856.5137,0.15692608,False,7434.3413,1082.8251,False,False,False,20.125702,,1730.7723,1681,8224.26,3.8886242,150.16575442259676,,2.1559569628874176,,0.55554986,,123.79141,,,0,False,,,,,,,,0,False,False,False,43400.145,60.143227,0.11933651,0.14653431,0.0010346537,0.15472409,0.14617725,0.011668515,False,False,False,False,0.04965001,0.81092376,False,False,61102.64337977783,,20,False,False,False,False,False,False,False,False,False,False,False,False,False,False,False,False,False,False,False,False,False,z
4,61094.14665846029,lsst,150.1657691332578,2.1559644892602443,170019716302635146,170046095320154213,0,170019716302635146,8449.418,416.07562,0,0,0,53219.074,412.8814,False,2026022200186,96,,7.782699e-06,7.4670497e-06,-4.1942083e-12,2569.5342,0.13136508,2181.221,0.1427937,False,8245.145,1081.2844,False,False,False,19.697222,,1624.6857,1681,8141.944,10.022368,150.16576989445537,,2.155964427971899,,0.78227466,,75.507355,,,0,False,,,,,,,,0,False,False,False,44626.125,63.44398,0.11314853,0.1141022,0.029283784,0.14928752,0.14928979,0.022609603,False,False,False,False,0.19163589,0.7904517,False,False,61102.59679919532,,19,False,False,False,False,False,False,False,False,False,False,False,False,False,False,False,False,False,False,False,False,False,z
4,61094.14714432492,lsst,150.1657612416636,2.1559559172347416,170019716302635146,170046095452799089,0,170019716302635146,9258.478,418.23816,0,0,0,53178.355,412.5375,False,2026022200187,93,,8.66138e-06,8.329018e-06,-3.925829e-12,1754.5283,0.14765194,2907.0645,0.15788938,False,9247.441,1080.097,False,False,False,21.786203,,1640.5242,1681,8988.727,1.7434759,150.16576134281556,,2.155956356509833,,0.72610724,,86.21174,,,0,False,,,,,,,,0,False,False,False,43774.62,73.45403,0.14341666,0.16604312,0.021119567,0.15411977,0.14621733,0.014889556,False,False,False,False,0.0034538498,0.91739786,False,False,61102.615873505405,,20,False,False,False,False,False,False,False,False,False,False,False,False,False,False,False,False,False,False,False,False,False,z
4,61094.14760653005,lsst,150.16577132560874,2.155959357808523,170019716302635146,170046095588589697,0,170019716302635146,8067.3477,403.69098,0,0,0,50806.97,399.60617,False,2026022200188,96,,7.281977e-06,7.465464e-06,1.5094218e-12,145.37892,0.13512264,2874.6226,0.13018425,False,5162.1704,1074.0328,False,False,False,19.312592,,1779.6921,1681,7579.3145,11.647036,150.16577147409555,,2.1559617357681646,,0.6121251,,68.389275,,,0,False,,,,,,,,0,False,False,False,42515.566,72.50424,0.092840925,0.0921048,0.01731117,0.1515419,0.1327829,0.01610666,False,False,False,False,0.3519573,0.60034984,False,False,61102.621788578195,,17,False,False,False,False,False,False,False,False,False,False,False,False,False,False,False,False,False,False,False,False,False,z
4,61094.1481691792,lsst,150.16575615864988,2.155955531863082,170019716302635146,170046095717564519,0,170019716302635146,8892.59,445.54755,0,0,0,58237.15,440.1033,False,2026022200189,86,,1.0038698e-05,9.027077e-06,2.3277432e-11,3633.1245,0.19404663,2690.6035,0.14607841,False,7405.6084,1085.3373,False,False,False,19.586878,,1805.007,1681,8643.176,8.450769,150.16575584095727,,2.155956952899027,,0.78085136,,63.667923,,,0,False,,,,,,,,0,False,False,False,49171.03,38.243233,0.18323065,0.12896113,0.0071820556,0.19008616,0.15711695,0.010709097,False,False,False,False,0.04312715,0.80878127,False,False,61102.57030571133,,21,False,False,False,False,False,False,False,False,False,False,False,False,False,False,False,False,False,False,False,False,False,z
4,61094.14863428971,lsst,150.1657610148115,2.155967659640152,170019716302635146,170046095857025051,0,170019716302635146,9183.572,469.00974,0,0,0,63510.84,465.51816,False,2026022200190,96,,1.0410472e-05,9.566688e-06,2.9047273e-11,2380.126,0.20528075,692.1187,0.15020406,False,8162.409,1081.8613,False,False,False,19.43444,,1710.6205,1681,9169.924,5.468362,150.16576521369547,,2.155969285961837,,0.97351027,,42.62405,,,0,False,,,,,,,,0,False,False,False,54085.33,26.877821,0.20812087,0.122616485,-0.016356697,0.22341055,0.17821258,0.003234045,False,False,False,False,0.14463831,0.9222388,False,False,61102.66981165102,,21,False,False,False,False,False,False,False,False,False,False,False,False,False,False,False,False,False,False,False,False,False,z
2,61094.15085707539,lsst,150.16577038736398,2.1559664312153926,170019716302635146,170046096125984784,0,170019716302635146,8803.396,251.80745,0,0,0,60094.39,248.27065,False,2026022200192,97,,7.2401926e-06,7.0797505e-06,-1.7433408e-12,3758.448,0.12612836,310.8085,0.13138062,False,9372.109,444.02905,False,False,False,34.510254,,1736.4077,1681,8147.7314,0.1172496,150.16577261170082,,2.1559647732447877,,0.47887304,,0.15147036,,,0,False,,,,,,,,0,False,False,False,51216.086,12.016091,0.29769278,0.2868408,-0.008094731,0.27941045,0.29400092,0.011230047,False,False,False,False,0.0026885888,0.83503085,False,False,61102.61196027532,,32,False,False,False,False,False,False,False,False,False,False,False,False,False,False,False,False,False,False,False,False,False,r
2,61094.151320674995,lsst,150.16578098193037,2.155974936118727,170019716302635146,170046096280649817,0,170019716302635146,8876.012,245.47536,0,0,0,58130.875,242.89807,False,2026022200193,136,,6.726914e-06,6.6190332e-06,-8.7139443e-13,2520.1392,0.11847505,2095.899,0.121557504,False,9634.036,441.419,False,False,False,35.923267,,1715.8739,1681,8116.623,0.24947569,150.16578279876694,,2.1559745969363266,,0.27778766,,69.46677,,,0,False,,,,,,,,0,False,False,False,49093.957,13.245221,0.2764723,0.2763217,0.0032369269,0.2674629,0.26925135,0.025952907,False,False,False,False,0.005994571,0.844658,False,False,61102.58437147402,,30,False,False,False,False,False,False,False,False,False,False,False,False,False,False,False,False,False,False,False,False,False,r
2,61094.15178861628,lsst,150.1657724733007,2.155981860190661,170019716302635146,170046096392847394,0,170019716302635146,8468.94,232.30365,0,0,0,52447.453,228.53125,False,2026022200194,94,,6.4122282e-06,6.428146e-06,9.9456725e-14,132.39911,0.11565508,980.1771,0.11526979,False,9417.093,444.28238,False,False,False,36.261715,,1658.2615,1681,8096.717,0.03296042,150.16577077619064,,2.1559844288670194,,0.6711254,,49.339233,,,0,False,,,,,,,,0,False,False,False,43850.453,15.955273,0.27363804,0.25046247,0.015806237,0.23392148,0.24603613,0.012445873,False,False,False,False,0.049398832,0.7932442,False,False,61102.69885526328,,34,False,False,False,False,False,False,False,False,False,False,False,False,False,False,False,False,False,False,False,False,False,r
2,61094.15225350608,lsst,150.16575670113082,2.1559679541727697,170019716302635146,170046096549085217,0,170019716302635146,9095.301,247.8905,0,0,0,58462.957,244.55714,False,2026022200195,136,,6.874056e-06,6.361103e-06,-2.69053e-12,2992.166,0.11306495,909.1513,0.12487233,False,9979.308,441.67444,False,False,False,36.588024,,1686.3429,1681,8416.766,0.0060467706,150.16575763503448,,2.155966437658754,,0.2784524,,78.09127,,,0,False,,,,,,,,0,False,False,False,49238.258,13.246061,0.28972882,0.2927638,0.0028765318,0.2699093,0.30072564,0.023698565,False,False,False,False,0.0030705112,0.8411544,False,False,61102.58127589664,,36,False,False,False,False,False,False,False,False,False,False,False,False,False,False,False,False,False,False,False,False,False,r
2,61094.15275473273,lsst,150.16577023197752,2.15597780989114,170019716302635146,170046096657088583,0,170019716302635146,8838.357,244.94763,0,0,0,57200.414,242.15392,False,2026022200196,86,,6.9095486e-06,7.236063e-06,1.4821673e-12,2697.9583,0.13069096,1884.7526,0.12370682,False,9479.121,443.9462,False,False,False,35.681595,,1591.69,1681,8285.055,0.1547026,150.16577149188143,,2.1559774643102823,,0.68695724,,46.423206,,,0,False,,,,,,,,0,False,False,False,48229.83,12.423769,0.30326805,0.28285986,0.01775431,0.26651153,0.25970203,0.011777583,False,False,False,False,0.08161795,0.8275585,False,False,61102.697823890565,,31,False,False,False,False,False,False,False,False,False,False,False,False,False,False,False,False,False,False,False,False,False,r
2,61094.15322129126,lsst,150.1657862378313,2.155970214722789,170019716302635146,170046096793403496,0,170019716302635146,9102.9,225.31232,0,0,0,50969.457,221.93579,False,2026022200197,90,,5.168988e-06,5.6320446e-06,1.2756648e-12,2219.8572,0.101778045,2421.6548,0.09243222,False,9347.712,442.6649,False,False,False,39.518303,,1705.6447,1681,8598.905,0.38333175,150.1657863019286,,2.15597208667912,,0.692361,,54.114773,,,0,False,,,,,,,,0,False,False,False,41734.637,13.540109,0.22518635,0.21875058,0.020847844,0.22579548,0.20356308,0.013636435,False,False,False,False,0.006158083,0.8504228,False,False,61102.66804496602,,29,False,False,False,False,False,False,False,False,False,False,False,False,False,False,False,False,False,False,False,False,False,r
2,61094.15368914234,lsst,150.16577637245786,2.155975576962239,170019716302635146,170046096929718406,0,170019716302635146,8718.803,224.25443,0,0,0,50156.277,219.99156,False,2026022200198,94,,5.555599e-06,6.024234e-06,1.0323635e-12,1534.8704,0.10862113,3294.0396,0.09961934,False,9265.378,442.46548,False,False,False,38.8299,,1655.8553,1681,8376.664,0.45979768,150.16577685145924,,2.1559777978112273,,0.6790607,,22.854548,,,0,False,,,,,,,,0,False,False,False,41309.555,11.669451,0.25078645,0.21415552,0.008521876,0.223456,0.21818005,0.007224169,False,False,False,False,0.015231328,0.8607161,False,False,61102.590723578294,,27,False,False,False,False,False,False,False,False,False,False,False,False,False,False,False,False,False,False,False,False,False,r
2,61094.154117818856,lsst,150.16577498615658,2.15597310819587,170019716302635146,170046097065508979,0,170019716302635146,8937.163,215.52614,0,0,0,47067.61,211.51752,False,2026022200199,97,,5.1093243e-06,5.059449e-06,-6.420023e-14,997.2801,0.09096727,3011.0615,0.0919094,False,9677.285,439.60303,False,False,False,41.16372,,1779.9586,1681,8423.278,0.59561616,150.16577505986308,,2.155972856320432,,0.50660884,,72.15447,,,0,False,,,,,,,,0,False,False,False,38040.24,14.111912,0.19754831,0.211749,0.00844959,0.20952028,0.19370276,0.012441634,False,False,False,False,0.001141147,0.8296701,False,False,61102.637691252516,,30,False,False,False,False,False,False,False,False,False,False,False,False,False,False,False,False,False,False,False,False,False,r
2,61094.154635999774,lsst,150.1657634687421,2.155957448853532,170019716302635146,170046097199726602,0,170019716302635146,8711.741,223.10623,0,0,0,50084.227,220.54865,False,2026022200200,97,,5.2075484e-06,6.3496195e-06,9.883871e-13,2217.2744,0.11428827,357.2671,0.09352716,False,9175.583,441.76334,False,False,False,38.861874,,1782.1461,1681,8652.957,0.33922088,150.16576504566774,,2.1559582421200605,,0.943916,,16.441572,,,0,False,,,,,,,,0,False,False,False,41220.45,11.814703,0.2730443,0.19857357,0.016874023,0.2387975,0.21777588,0.023191568,False,False,False,False,0.006166212,0.88679117,False,False,61102.6625096631,,29,False,False,False,False,False,False,False,False,False,False,False,False,False,False,False,False,False,False,False,False,False,r
2,61094.15558658444,lsst,150.1657662843396,2.155956499910852,170019716302635146,170046097466064918,0,170019716302635146,9025.61,233.01999,0,0,0,53296.63,229.64832,False,2026022200202,93,,6.1266815e-06,5.653809e-06,1.6484325e-13,1865.5745,0.10166774,636.9055,0.11019418,False,9111.662,443.81885,False,False,False,38.327103,,1693.0775,1681,8644.259,0.25521383,150.1657661474201,,2.155955162064027,,0.69694734,,74.49313,,,0,False,,,,,,,,0,False,False,False,44160.844,15.317904,0.23069298,0.26835486,0.009866402,0.24845892,0.24646536,0.022153223,False,False,False,False,0.00042861156,0.8794259,False,False,61102.68917669552,,28,False,False,False,False,False,False,False,False,False,False,False,False,False,False,False,False,False,False,False,False,False,r
2,61094.15605904845,lsst,150.16577706280876,2.1559594847377164,170019716302635146,170046097596612728,0,170019716302635146,9064.34,234.31041,0,0,0,54321.656,231.34734,False,2026022200203,86,,6.3907814e-06,5.5183705e-06,8.7955316e-13,2681.6582,0.09913611,3539.957,0.115047134,False,9486.587,442.66138,False,False,False,38.442684,,1798.9294,1681,8809.974,0.6015264,150.16578007032436,,2.155960234883364,,0.8456863,,54.31912,,,0,False,,,,,,,,0,False,False,False,45133.934,16.840492,0.24156035,0.27179447,0.028184375,0.22342736,0.2693445,0.030541193,False,False,False,False,0.010672966,0.89905185,False,False,61102.69581007233,,28,False,False,False,False,False,False,False,False,False,False,False,False,False,False,False,False,False,False,False,False,False,r
2,61094.1565511042,lsst,150.16576712053813,2.1559604703757915,170019716302635146,170046097732927550,0,170019716302635146,8902.854,221.47108,0,0,0,49595.836,217.85434,False,2026022200204,90,,5.296119e-06,5.833876e-06,8.3866345e-13,1168.5989,0.10510433,1566.842,0.09506401,False,9162.062,441.447,False,False,False,39.710968,,1692.5403,1681,8674.676,0.61775655,150.16576736365568,,2.1559622118714517,,0.74403346,,15.766869,,,0,False,,,,,,,,0,False,False,False,40582.21,11.786167,0.2561622,0.2090298,0.006695287,0.22775443,0.21359242,0.014068211,False,False,False,False,0.015950698,0.8582648,False,False,61102.665798702335,,30,False,False,False,False,False,False,False,False,False,False,False,False,False,False,False,False,False,False,False,False,False,r
2,61094.157018845726,lsst,150.1657675519046,2.155962318663666,170019716302635146,170046097868718127,0,170019716302635146,9245.83,214.69643,0,0,0,46532.49,210.2115,False,2026022200205,93,,4.6466366e-06,5.0261738e-06,3.0052152e-13,1494.303,0.09043493,1054.889,0.08352827,False,9482.025,442.42007,False,False,False,42.576916,,1742.6489,1681,8965.846,0.45783508,150.16576869503407,,2.1559632405635427,,0.6996919,,-14.264034,,,0,False,,,,,,,,0,False,False,False,37203.16,14.343264,0.21300142,0.17866297,-0.01332369,0.2009638,0.19791198,0.005076781,False,False,False,False,0.0016257048,0.8658874,False,False,61102.659766419936,,26,False,False,False,False,False,False,False,False,False,False,False,False,False,False,False,False,False,False,False,False,False,r
2,61094.15749564687,lsst,150.16577771152174,2.155976614847169,170019716302635146,170046098002935900,0,170019716302635146,9116.903,220.13293,0,0,0,48579.59,215.83754,False,2026022200206,93,,5.078228e-06,5.6482127e-06,1.7220649e-13,3720.8665,0.10158491,2204.667,0.09133574,False,9909.095,443.59192,False,False,False,40.565063,,1632.3883,1681,8990.316,0.50815785,150.16577902244683,,2.1559776881747177,,0.9531944,,32.132313,,,0,False,,,,,,,,0,False,False,False,39363.88,12.01209,0.24851996,0.2079463,0.036671083,0.21698216,0.20391284,0.018005798,False,False,False,False,0.036823347,0.8803723,False,False,61102.63246672334,,27,False,False,False,False,False,False,False,False,False,False,False,False,False,False,False,False,False,False,False,False,False,r
3,61094.15934584908,lsst,150.16575932145085,2.155956577564587,170019716302635146,170046098139250731,0,170019716302635146,9659.429,318.6755,0,0,0,63305.64,317.20917,False,2026022200207,97,,6.3895873e-06,8.710994e-06,-1.8735525e-12,2188.0154,0.15677978,855.70667,0.11479584,False,9358.65,671.4511,False,False,False,29.872404,,1625.1978,1681,9833.294,3.3578353,150.16576043458178,,2.1559564029295726,,1.0598676,,-5.217893,,,0,False,,,,,,,,0,False,False,False,53393.047,15.808404,0.28371456,0.17795861,-0.004003932,0.23595656,0.20571786,0.003307196,False,False,False,False,0.011239275,0.8837352,False,False,61102.68670928609,,25,False,False,False,False,False,False,False,False,False,False,False,False,False,False,False,False,False,False,False,False,False,i
3,61094.15980859818,lsst,150.16576806411152,2.155975166088221,170019716302635146,170046098293391408,0,170019716302635146,10118.644,311.02896,0,0,0,60928.152,307.5933,False,2026022200208,135,,6.573252e-06,7.4169957e-06,-1.2894175e-12,2217.1038,0.13358413,1119.8673,0.118076704,False,10755.018,665.7184,False,False,False,32.24803,,1738.6824,1681,9837.315,0.26444912,150.16576829723945,,2.1559766866979735,,0.80553234,,20.57848,,,0,False,,,,,,,,0,False,False,False,50593.94,18.774902,0.25370046,0.21927962,0.023323333,0.21211569,0.19399737,0.019619191,False,False,False,False,0.12843867,0.91406476,False,False,61102.68791306668,,24,False,False,False,False,False,False,False,False,False,False,False,False,False,False,False,False,False,False,False,False,False,i
3,61094.16027609083,lsst,150.16577842712286,2.155978880965242,170019716302635146,170046098406113288,0,170019716302635146,10230.341,317.4275,0,0,0,63695.914,315.78458,False,2026022200209,94,,6.9763955e-06,7.2912762e-06,-7.131528e-13,934.0549,0.13128823,160.59052,0.12536092,False,11648.6045,673.7306,False,False,False,31.657385,,1716.2078,1681,9909.503,0.0730798,150.16578008472916,,2.1559790475217318,,0.24776176,,-48.27027,,,0,False,,,,,,,,0,False,False,False,53333.55,15.41282,0.23897426,0.23798582,-0.0025263955,0.21588367,0.20844857,0.009858534,False,False,False,False,0.078254886,0.91878015,False,False,61102.662127859774,,28,False,False,False,False,False,False,False,False,False,False,False,False,False,False,False,False,False,False,False,False,False,i
3,61094.1607550099,lsst,150.1657683297917,2.155954147240269,170019716302635146,170046098561826830,0,170019716302635146,11152.2295,313.00372,0,0,0,61895.758,308.4602,False,2026022200210,135,,6.2164945e-06,5.9979143e-06,6.1732406e-13,3234.6272,0.10767674,347.7289,0.1120378,False,12268.8125,674.90173,False,False,False,35.152298,,1699.4857,1681,10790.939,0.2690787,150.16576972644927,,2.1559545716099078,,0.6634981,,45.02282,,,0,False,,,,,,,,0,False,False,False,50606.715,15.46707,0.21283272,0.22876462,0.017569123,0.20524971,0.20273766,0.010736339,False,False,False,False,0.03397585,0.9528452,False,False,61102.68455542736,,26,False,False,False,False,False,False,False,False,False,False,False,False,False,False,False,False,False,False,False,False,False,i
3,61094.1612279633,lsst,150.16578023017686,2.155971239223002,170019716302635146,170046098668781641,0,170019716302635146,10136.504,323.8842,0,0,0,64979.535,320.33502,False,2026022200211,83,,7.408295e-06,7.369511e-06,1.5205541e-13,3884.4817,0.13253026,2080.6606,0.13332006,False,11375.291,681.04767,False,False,False,30.397858,,1834.3468,1681,9721.511,0.10602076,150.16578229193897,,2.155969751672663,,0.40859407,,63.277657,,,0,False,,,,,,,,0,False,False,False,54636.293,16.71863,0.22987407,0.24283664,0.0028509789,0.22175391,0.20336533,0.009933194,False,False,False,False,0.06435804,0.9140893,False,False,61102.58518239438,,28,False,False,False,False,False,False,False,False,False,False,False,False,False,False,False,False,False,False,False,False,False,i
3,61094.16169978562,lsst,150.1657674873656,2.1559695945143837,170019716302635146,170046098807193643,0,170019716302635146,9715.131,342.27017,0,0,0,68845.08,338.6218,False,2026022200212,91,,8.144248e-06,7.651264e-06,2.7472454e-12,547.5546,0.13660376,885.1567,0.14748518,False,9418.225,683.9333,False,False,False,28.288065,,1665.4485,1681,9128.86,0.37070712,150.16576763818887,,2.155969693023737,,0.6572341,,68.734215,,,0,False,,,,,,,,0,False,False,False,58934.016,14.897915,0.22497912,0.2623129,0.002409941,0.24539112,0.23878656,0.017974837,False,False,False,False,0.00025008243,0.88750964,False,False,61102.61154539864,,26,False,False,False,False,False,False,False,False,False,False,False,False,False,False,False,False,False,False,False,False,False,i
3,61094.162175523525,lsst,150.1657626953702,2.1559681688617136,170019716302635146,170046098942984289,0,170019716302635146,9593.768,325.2693,0,0,0,63209.75,322.57758,False,2026022200213,94,,7.640645e-06,6.97082e-06,4.3892555e-12,931.7057,0.1231975,2848.1733,0.13941018,False,9877.981,681.4352,False,False,False,29.423601,,1757.8926,1681,9348.15,0.383117,150.16576337907884,,2.1559681786170883,,0.90177214,,50.518288,,,0,False,,,,,,,,0,False,False,False,53437.434,15.670664,0.17963797,0.23928314,0.022590019,0.21611999,0.22801112,0.014352456,False,False,False,False,0.017704688,0.9148768,False,False,61102.68914487846,,27,False,False,False,False,False,False,False,False,False,False,False,False,False,False,False,False,False,False,False,False,False,i
3,61094.16263893002,lsst,150.16577502993292,2.1559945302715993,170019716302635146,170046099078250560,0,170019716302635146,10306.315,339.23453,0,0,0,67968.414,338.22916,False,2026022200214,96,,7.4411323e-06,7.737297e-06,-2.5046647e-12,2652.3225,0.14047006,1706.458,0.13250862,False,11340.5,687.43066,False,False,False,29.977665,,1695.2866,1681,9631.904,0.07124232,150.16577523712155,,2.155995905515455,,0.6450402,,-18.146498,,,0,False,,,,,,,,0,False,False,False,57493.555,15.101229,0.26922768,0.23385721,0.0037339642,0.23961,0.22840263,0.007751188,False,False,False,False,0.032280467,0.90904933,False,False,61102.60619364912,,28,False,False,False,False,False,False,False,False,False,False,False,False,False,False,False,False,False,False,False,False,False,i
3,61094.16312844226,lsst,150.1657525994086,2.1559450796304644,170019716302635146,170046099212992515,0,170019716302635146,9572.572,341.8823,0,0,0,67688.09,340.23288,False,2026022200215,97,,7.743058e-06,8.219887e-06,-5.235485e-12,847.7781,0.15075937,64.794334,0.13614415,False,10810.818,688.61035,False,False,False,27.38202,,1754.6106,1681,9622.896,5.2530584,150.1657554024264,,2.1559422727524638,,1.2858802,,-1.2385457,,,0,False,,,,,,,,0,False,False,False,57940.99,18.285692,0.31629702,0.2157609,0.0633861,0.24805832,0.25034812,0.034344133,False,False,False,False,0.027965618,0.88693386,False,False,61102.65666299443,,38,False,False,False,False,False,False,False,False,False,False,False,False,False,False,False,False,False,False,False,False,False,i
3,61094.16359476531,lsst,150.16577247065817,2.1559618892610795,170019716302635146,170046099345113128,0,170019716302635146,10046.818,310.50592,0,0,0,60052.133,306.14444,False,2026022200216,93,,6.3990483e-06,6.3720463e-06,3.1117505e-13,588.00024,0.1143847,982.91864,0.11535629,False,9815.043,675.0521,False,False,False,32.23348,,1584.2179,1681,9652.183,1.7655629,150.1657731538458,,2.1559617747914808,,0.7868657,,6.341047,,,0,False,,,,,,,,0,False,False,False,49875.434,15.157931,0.20600423,0.18951009,0.026690423,0.18511522,0.19996855,0.006383522,False,False,False,False,0.0035211763,0.91416943,False,False,61102.57330785848,,24,False,False,False,False,False,False,False,False,False,False,False,False,False,False,False,False,False,False,False,False,False,i
3,61094.164086521356,lsst,150.16577681657367,2.1559694181842346,170019716302635146,170046099477758079,0,170019716302635146,9752.926,315.38245,0,0,0,61749.18,311.75156,False,2026022200217,90,,6.7532865e-06,6.282332e-06,6.842463e-12,3221.8237,0.10647076,2760.0933,0.12724525,False,9903.817,672.4416,False,False,False,30.781387,,1650.7837,1681,9113.31,1.2020344,150.16577716050287,,2.1559696478898203,,0.6980088,,38.327682,,,0,False,,,,,,,,0,False,False,False,51859.47,16.915752,0.17451121,0.20884934,0.013191099,0.18938377,0.21766154,0.00916479,False,False,False,False,0.017056465,0.9052135,False,False,61102.57624055958,,23,False,False,False,False,False,False,False,False,False,False,False,False,False,False,False,False,False,False,False,False,False,i
3,61094.164552400776,lsst,150.1657744802797,2.1559583248675356,170019716302635146,170046099608305795,0,170019716302635146,9666.863,301.56,0,0,0,57871.035,296.40637,False,2026022200218,83,,6.288904e-06,5.9330314e-06,6.707246e-12,3050.0154,0.099076115,3451.7004,0.11991166,False,10591.755,669.37286,False,False,False,31.470995,,1701.6683,1681,9143.8545,0.50923604,150.16577483948424,,2.1559589517308337,,0.74699515,,-116.982056,,,0,False,,,,,,,,0,False,False,False,48147.875,16.257246,0.15117045,0.19910637,-0.007822454,0.16941975,0.18641609,0.0046258676,False,False,False,False,0.0010838943,0.875599,False,False,61102.60987269724,,23,False,False,False,False,False,False,False,False,False,False,False,False,False,False,False,False,False,False,False,False,False,i
3,61094.16512870941,lsst,150.16576922104795,2.1559613783874956,170019716302635146,170046099746193469,0,170019716302635146,9470.781,309.164,0,0,0,59801.535,305.96002,False,2026022200219,90,,7.1194668e-06,6.5099857e-06,-4.913732e-13,1556.5089,0.117078595,1163.4875,0.12810457,False,10718.863,669.1035,False,False,False,30.291039,,1706.0696,1681,8724.826,1.0552886,150.16576934217343,,2.1559600364493856,,0.46780878,,-63.917007,,,0,False,,,,,,,,0,False,False,False,50174.516,15.889756,0.20852739,0.22166054,-0.006662697,0.18404923,0.20084111,0.012395636,False,False,False,False,0.06439378,0.8959503,False,False,61102.60689951861,,24,False,False,False,False,False,False,False,False,False,False,False,False,False,False,False,False,False,False,False,False,False,i
3,61094.16559286466,lsst,150.1657679488109,2.155964766995664,170019716302635146,170046099881984024,0,170019716302635146,9533.3955,351.38696,0,0,0,72029.625,349.9016,False,2026022200220,93,,8.3300665e-06,8.077439e-06,-7.23954e-15,1593.4589,0.14530036,668.3287,0.1498414,False,8739.072,684.06244,False,False,False,26.920458,,1638.49,1681,8896.915,3.6787734,150.16576847201577,,2.155966200992384,,0.43634087,,81.95739,,,0,False,,,,,,,,0,False,False,False,62305.363,12.657697,0.21467511,0.23022471,0.0022913958,0.25272444,0.25051332,0.008745271,False,False,False,False,0.08095927,0.87253124,False,False,61102.65391998996,,27,False,False,False,False,False,False,False,False,False,False,False,False,False,False,False,False,False,False,False,False,False,i
3,61094.166068138584,lsst,150.16577298940098,2.1559637146704658,170019716302635146,170046100016201810,0,170019716302635146,10036.395,338.05838,0,0,0,68114.93,335.59866,False,2026022200221,93,,7.80661e-06,7.1366617e-06,5.12496e-13,3725.211,0.12832256,1988.029,0.1404617,False,12394.281,677.4667,False,False,False,29.127674,,1708.7551,1681,8902.469,0.4178389,150.16577300078086,,2.155965911160869,,0.57538384,,-72.56226,,,0,False,,,,,,,,0,False,False,False,57935.277,16.476046,0.22545741,0.24715449,-0.009301126,0.21919584,0.23711544,0.016587472,False,False,False,False,0.0072419625,0.9066596,False,False,61102.67718620076,,33,False,False,False,False,False,False,False,False,False,False,False,False,False,False,False,False,False,False,False,False,False,i
1,61094.167940492975,lsst,150.16575836985427,2.155963911843728,170019716302635146,170046100152516634,0,170019716302635146,8176.1953,176.99683,0,0,0,37419.617,175.84,True,2026022200222,97,0.0,4.7433764e-06,5.6568774e-06,-1.2769098e-12,1946.8147,0.10196328,839.488,0.08497344,False,8712.429,319.65912,False,False,False,46.16448,,1725.0292,1681,8032.194,0.31226867,150.16575790503546,,2.15596354370615,,0.9994611,,16.771341,,,0,False,,,,,,,,0,False,False,False,29148.508,8.439217,0.31078276,0.25055304,0.034204714,0.26524627,0.23490244,0.021605084,False,False,False,False,0.08913048,0.9327636,False,False,61094.17004647273,,31,False,False,False,False,False,False,False,False,False,False,False,False,False,False,False,False,False,False,False,False,False,g
1,61094.16840422245,lsst,150.16576363819505,2.155963954960773,170019716302635146,170046100306657304,0,170019716302635146,8180.7676,181.8927,0,0,0,39310.133,181.4136,True,2026022200223,135,0.0,5.5011888e-06,5.9524905e-06,-1.0066064e-12,1637.1697,0.10732119,757.7557,0.098622195,False,8423.579,320.3843,False,False,False,44.359634,,1690.2219,1681,8051.3706,0.10220801,150.16576608948074,,2.1559646831785875,,0.9443243,,21.342474,,,0,False,,,,,,,,0,False,False,False,30992.008,12.833323,0.32295543,0.28798053,0.03599175,0.2826073,0.261924,0.040154137,False,False,False,False,0.096093915,0.9158997,False,False,61094.17046357284,,30,False,False,False,False,False,False,False,False,False,False,False,False,False,False,False,False,False,False,False,False,False,g
1,61094.1688732014,lsst,150.16578330992652,2.15598114155734,170019716302635146,170046100419379205,0,170019716302635146,7578.6904,187.09212,0,0,0,41441.574,186.00237,True,2026022200224,94,0.0,7.0160186e-06,6.3796274e-06,2.1301988e-12,1082.9896,0.11397937,61.461662,0.12677948,False,8922.655,320.2545,False,False,False,39.586826,,1991.4109,1681,7466.438,0.9624792,150.16579148549536,,2.15598173552621,,1.0908808,,-92.35189,,,0,False,,,,,,,,0,False,False,False,33774.508,9.860237,0.27763045,0.37858185,-0.020251213,0.29382557,0.2790223,0.011914827,False,False,False,False,0.14038916,0.85777587,False,False,61094.1706636841,,46,False,False,False,False,False,False,False,False,False,False,False,False,False,False,False,False,False,False,False,False,False,g
1,61094.169335494546,lsst,150.1657580399916,2.1559795202616567,170019716302635146,170046100575092739,0,170019716302635146,8430.622,183.38705,0,0,0,39639.188,181.88466,True,2026022200225,135,0.0,5.332976e-06,5.804307e-06,-1.7128155e-12,2712.9316,0.105149575,70.37295,0.09505237,False,9055.339,320.42215,False,False,False,46.072933,,1638.5646,1681,8227.221,0.07557943,150.1657606915608,,2.1559802880052743,,0.8367232,,12.648342,,,0,False,,,,,,,,0,False,False,False,31112.342,9.21255,0.33292365,0.30079108,0.026333902,0.2895813,0.26549676,0.017065192,False,False,False,False,0.1297617,0.92547,False,False,61094.17138933348,,33,False,False,False,False,False,False,False,False,False,False,False,False,False,False,False,False,False,False,False,False,False,g
1,61094.17029384519,lsst,150.1657705672813,2.1559700499582934,170019716302635146,170046100820459550,0,170019716302635146,8035.913,173.34702,0,0,0,36168.766,171.8681,True,2026022200227,91,0.0,4.851377e-06,4.892481e-06,-1.9323955e-13,970.0963,0.08810318,776.57996,0.08708192,False,8614.931,319.2609,False,False,False,45.37899,,1664.5426,1681,7810.784,1.2726704,150.1657703843739,,2.155970592393543,,0.7108139,,23.81409,,,0,False,,,,,,,,0,False,False,False,28020.521,9.310198,0.23646489,0.2378084,0.022207534,0.24217677,0.2295316,0.027618999,False,False,False,False,0.00017391573,0.9009135,False,False,61094.172724418764,,31,False,False,False,False,False,False,False,False,False,False,False,False,False,False,False,False,False,False,False,False,False,g
1,61094.17076685547,lsst,150.16577239875352,2.155957482586287,170019716302635146,170046100956250222,0,170019716302635146,8351.796,173.5952,0,0,0,36945.625,172.30093,True,2026022200228,94,0.0,4.668107e-06,4.912115e-06,-1.4241672e-12,875.93146,0.08953694,2744.0608,0.08262435,False,8398.637,318.00534,False,False,False,47.936012,,1604.4935,1681,8245.15,0.73121715,150.1657731300107,,2.1559582298554996,,0.9321536,,9.63893,,,0,False,,,,,,,,0,False,False,False,28462.076,7.696309,0.26866648,0.24172677,0.037114266,0.253492,0.23884684,0.03141584,False,False,False,False,0.008222743,0.9250057,False,False,61094.17290373593,,29,False,False,False,False,False,False,False,False,False,False,False,False,False,False,False,False,False,False,False,False,False,g
1,61094.171229547865,lsst,150.1657613464798,2.1559586640714703,170019716302635146,170046101091516483,0,170019716302635146,8694.096,170.47617,0,0,0,35416.316,169.21794,True,2026022200229,96,0.0,4.4697313e-06,4.4522562e-06,1.2455274e-13,2366.0452,0.07990689,1387.8704,0.08050646,False,9321.213,319.03964,False,False,False,50.480854,,1666.3275,1681,8583.223,0.266574,150.16576164987612,,2.1559591898648804,,0.91315603,,14.99274,,,0,False,,,,,,,,0,False,False,False,26593.008,9.5194,0.24780674,0.24409412,0.03783025,0.22672419,0.22973515,0.030008279,False,False,False,False,0.033737924,0.9419011,False,False,61094.173235194525,,30,False,False,False,False,False,False,False,False,False,False,False,False,False,False,False,False,False,False,False,False,False,g
1,61094.17220403766,lsst,150.1657732323987,2.1559605240556956,170019716302635146,170046101358379025,0,170019716302635146,8196.493,170.38858,0,0,0,35359.082,168.2569,True,2026022200231,93,0.0,4.742047e-06,4.7848016e-06,-5.2737925e-13,702.7396,0.08670964,525.84406,0.084571645,False,8401.769,321.41254,False,False,False,47.81156,,1679.6117,1681,7778.8486,0.11919473,150.1657747170473,,2.155962288373758,,0.72265536,,2.7862837,,,0,False,,,,,,,,0,False,False,False,27071.697,9.520481,0.25426072,0.2421326,0.022132821,0.22977817,0.22914423,0.02782514,False,False,False,False,0.037439853,0.9285561,False,False,61094.174326604145,,29,False,False,False,False,False,False,False,False,False,False,False,False,False,False,False,False,False,False,False,False,False,g
1,61094.17270278622,lsst,150.16576626809922,2.155952571263856,170019716302635146,170046101491023973,0,170019716302635146,8820.784,170.605,0,0,0,36094.6,168.63039,True,2026022200232,90,0.0,4.5644883e-06,4.5625343e-06,4.7084664e-14,3513.3774,0.081963226,2512.0168,0.0821478,False,9251.384,317.8272,False,False,False,50.911926,,1730.7383,1681,8695.804,0.10991108,150.1657670677064,,2.1559526995721336,,0.8336201,,-9.7138195,,,0,False,,,,,,,,0,False,False,False,27193.707,8.737366,0.2708568,0.23551334,0.025522295,0.2292327,0.24802248,0.02881294,False,False,False,False,0.021911021,0.93246704,False,False,61094.17480805193,,30,False,False,False,False,False,False,False,False,False,False,False,False,False,False,False,False,False,False,False,False,False,g
1,61094.17316665963,lsst,150.16576912835902,2.1559427037361365,170019716302635146,170046101621571682,0,170019716302635146,7777.8887,176.32404,1,0,0,38027.656,174.86267,True,2026022200233,83,0.0,5.21167e-06,5.215166e-06,-1.2644845e-13,3301.0784,0.09397102,2862.3684,0.093525276,True,7728.0293,318.69464,True,False,False,43.895676,,1827.5619,1681,,,,,,,,,,,,0,False,,,,,,,,0,True,False,False,30128.314,12.596149,0.2651446,0.24063908,0.035908032,0.25298467,0.26311535,0.02765558,True,False,False,False,,0.90585357,False,False,61094.17501511167,,38,False,False,False,False,False,False,False,False,False,False,False,False,False,False,False,False,False,False,False,False,False,g
1,61094.17394839073,lsst,150.16576776974117,2.1559607184975182,170019716302635146,170046101757362288,0,170019716302635146,8350.705,177.88641,0,0,0,38895.0,176.6964,True,2026022200234,86,0.0,5.4282827e-06,5.4304633e-06,-1.672558e-14,3695.3328,0.097589575,3260.5378,0.097646244,False,9083.886,320.75742,False,False,False,46.314823,,1707.5448,1681,8028.3604,0.19746067,150.165767110076,,2.1559604113643784,,0.5739686,,0.9014088,,,0,False,,,,,,,,0,False,False,False,30365.668,10.099728,0.29336765,0.30742064,-0.012236606,0.2666244,0.26418835,-0.001514888,False,False,False,False,0.10867604,0.93077624,False,False,61094.17600112741,,32,False,False,False,False,False,False,False,False,False,False,False,False,False,False,False,False,False,False,False,False,False,g
1,61094.17441096142,lsst,150.1657775933394,2.155960480357165,170019716302635146,170046101896822821,0,170019716302635146,8136.1973,171.29831,0,0,0,36367.98,169.6328,True,2026022200235,96,0.0,5.0522494e-06,4.886705e-06,1.7428062e-12,2607.3762,0.092784435,1007.6341,0.0858082,False,9046.785,319.10376,False,False,False,46.879295,,1692.4137,1681,7855.2754,0.030615063,150.16577817155073,,2.155961242329074,,0.64927465,,50.980457,,,0,False,,,,,,,,0,False,False,False,28112.113,8.05991,0.2763273,0.2407102,-0.004222441,0.24165551,0.23541692,-0.01699308,False,False,False,False,0.040897235,0.91233414,False,False,61094.17637306135,,30,False,False,False,False,False,False,False,False,False,False,False,False,False,False,False,False,False,False,False,False,False,g
4,61094.17683683049,lsst,150.1657546413796,2.1559684140581754,170019716302635146,170046102164734084,0,170019716302635146,8368.919,450.97543,0,0,0,58562.93,446.23935,True,2026022200237,95,0.0,1.0879219e-05,9.822977e-06,3.708339e-11,429.59637,0.21741784,3587.268,0.14916009,False,8236.563,1083.221,False,False,False,18.1315,,1796.7058,1681,8495.057,24.844978,150.1657523300979,,2.1559724880518183,,1.0107327,,41.625183,,,0,False,,,,,,,,0,False,False,False,50020.47,33.09279,0.19118842,0.09713081,-0.020148506,0.20070377,0.17902002,-0.023027243,False,False,False,False,0.24017204,0.7547985,False,False,61094.178609880626,,21,False,False,False,False,False,False,False,False,False,False,False,False,False,False,False,False,False,False,False,False,False,z
4,61094.17729944256,lsst,150.16576153128977,2.1559609153082753,170019716302635146,170046102320971822,0,170019716302635146,9412.747,438.96994,0,0,0,57854.465,434.59418,True,2026022200238,137,0.0,8.988081e-06,8.585762e-06,2.0398318e-11,1852.0104,0.17806602,1103.0957,0.13529842,False,9057.078,1072.0021,False,False,False,21.35325,,1752.6079,1681,9470.282,7.12804,150.1657622422884,,2.1559631550715452,,0.9569714,,28.755615,,,0,False,,,,,,,,0,False,False,False,48313.965,45.145687,0.19254538,0.12717924,-0.029800473,0.19826312,0.15004838,-0.010067303,False,False,False,False,0.02887618,0.938455,False,False,61094.179051326515,,21,False,False,False,False,False,False,False,False,False,False,False,False,False,False,False,False,False,False,False,False,False,z
4,61094.17875123309,lsst,150.16578415894216,2.155983481413526,170019716302635146,170046102698459167,0,170019716302635146,8820.52,433.70258,0,0,0,58322.37,426.41663,True,2026022200241,89,0.0,9.336957e-06,9.808157e-06,3.5755406e-11,3379.4536,0.20334665,962.9038,0.13421516,False,9007.088,1065.6132,False,False,False,19.888248,,1634.3373,1681,9097.347,16.853788,150.16578631322434,,2.155985764979968,,1.0958554,,45.027035,,,0,False,,,,,,,,0,False,False,False,49338.016,49.432312,0.23337726,0.114641935,0.0075441,0.20532402,0.1415812,0.0032361862,False,False,False,False,4.4674307e-05,0.8813349,False,False,61094.18049998481,,22,False,False,False,False,False,False,False,False,False,False,False,False,False,False,False,False,False,False,False,False,False,z
4,61094.17921948373,lsst,150.16575893797378,2.1559606235348006,170019716302635146,170046102834774026,0,170019716302635146,8251.19,414.88672,0,0,0,52653.82,407.71832,True,2026022200242,93,0.0,8.711935e-06,9.140148e-06,1.6340658e-11,995.05994,0.17673145,244.60808,0.14273487,False,7943.2217,1056.2593,False,False,False,19.369898,,1768.8951,1681,7947.994,1.2063783,150.16575704306126,,2.155962789679293,,0.75118214,,15.481886,,,0,False,,,,,,,,0,False,False,False,44229.0,65.59654,0.16353932,0.12739767,-0.018635416,0.17513055,0.13766837,0.0017740253,False,False,False,False,0.018899856,0.8470638,False,False,61094.18095394801,,20,False,False,False,False,False,False,False,False,False,False,False,False,False,False,False,False,False,False,False,False,False,z
4,61094.179692975245,lsst,150.1657756356244,2.1559564241188136,170019716302635146,170046102969516163,0,170019716302635146,9457.553,445.49396,0,0,0,61815.625,438.73212,True,2026022200243,94,0.0,8.896634e-06,9.190256e-06,7.528516e-12,2122.71,0.17044826,3377.7534,0.15456359,False,8229.877,1058.4846,False,False,False,20.765308,,1784.5793,1681,8766.683,4.337006,150.16577538329554,,2.1559583439778334,,0.401493,,-1.2228206,,,0,False,,,,,,,,0,False,False,False,52187.18,33.404922,0.1709151,0.16689771,-0.0065797633,0.19953932,0.16051342,0.010354237,False,False,False,False,0.017003644,0.85852706,False,False,61094.18146391487,,21,False,False,False,False,False,False,False,False,False,False,False,False,False,False,False,False,False,False,False,False,False,z
4,61094.18015813851,lsst,150.1657725707359,2.1559785018836317,170019716302635146,170046103105306726,0,170019716302635146,8720.764,415.9813,0,0,0,54086.484,409.8646,True,2026022200244,97,0.0,8.026761e-06,8.742508e-06,1.2312697e-11,3296.0605,0.16500163,2951.1396,0.1355108,False,9273.526,1055.61,False,False,False,20.75424,,1641.5533,1681,8385.603,7.721098,150.1657730083881,,2.1559778745487193,,0.7027128,,32.380432,,,0,False,,,,,,,,0,False,False,False,45254.15,47.330933,0.16389066,0.11891572,0.00027943106,0.17524505,0.1406743,-0.001369802,False,False,False,False,0.04241155,0.9279379,False,False,61094.18183182663,,21,False,False,False,False,False,False,False,False,False,False,False,False,False,False,False,False,False,False,False,False,False,z
4,61094.18064885397,lsst,150.1657598277473,2.1559554035354194,170019716302635146,170046103239524353,0,170019716302635146,8532.493,421.5418,0,0,0,54130.004,414.41232,True,2026022200245,97,0.0,7.574497e-06,8.750302e-06,1.5519395e-11,3284.848,0.1660658,30.797197,0.12557946,False,7398.6167,1063.9503,False,False,False,19.850191,,1622.2971,1681,8356.631,2.4175265,150.16575923162438,,2.1559579341950834,,0.7327299,,26.453571,,,0,False,,,,,,,,0,False,False,False,45394.15,54.03272,0.14616922,0.096276954,-0.0023447862,0.19871855,0.1381465,0.0075616296,False,False,False,False,0.2813927,0.85443354,False,False,61094.182451128596,,21,False,False,False,False,False,False,False,False,False,False,False,False,False,False,False,False,False,False,False,False,False,z
4,61094.1811142164,lsst,150.16575703044646,2.1559678430355165,170019716302635146,170046103373217869,0,170019716302635146,8251.796,418.19226,0,0,0,53064.527,410.97583,True,2026022200246,96,0.0,8.796954e-06,9.367647e-06,6.70772e-12,2266.9727,0.17165357,1925.2533,0.15486228,False,7047.9395,1064.869,False,False,False,19.826136,,1654.1842,1681,7944.0728,2.3777883,150.1657568508512,,2.1559692430295807,,0.44644848,,-38.741447,,,0,False,,,,,,,,0,False,False,False,44689.2,52.320507,0.14444774,0.15544769,-0.0065951003,0.18706214,0.14546125,0.00921483,False,False,False,False,0.039187744,0.88387084,False,False,61094.1828849446,,21,False,False,False,False,False,False,False,False,False,False,False,False,False,False,False,False,False,False,False,False,False,z
4,61094.18161950704,lsst,150.16576132696778,2.1559725960685867,170019716302635146,170046103505862757,0,170019716302635146,8500.455,416.96213,0,0,0,53392.598,413.10672,True,2026022200247,93,0.0,8.127872e-06,8.3205305e-06,1.6678783e-12,1690.9985,0.1504564,2599.0854,0.14543018,False,8193.81,1060.859,False,False,False,20.318136,,1561.7025,1681,7984.0557,5.6689134,150.16576140541517,,2.1559718987257646,,0.59293157,,53.627296,,,0,False,,,,,,,,0,False,False,False,44700.668,65.06736,0.13409096,0.11871918,0.013712756,0.15108104,0.1539023,0.014086165,False,False,False,False,0.10545775,0.86143583,False,False,61094.183297971584,,19,False,False,False,False,False,False,False,False,False,False,False,False,False,False,False,False,False,False,False,False,False,z
4,61094.18208434059,lsst,150.16578292223224,2.1559772413154357,170019716302635146,170046103637983334,0,170019716302635146,8719.18,414.41238,0,0,0,54454.43,413.31793,True,2026022200248,89,0.0,8.3929235e-06,7.3395245e-06,-7.049554e-12,4060.582,0.12882513,2441.5369,0.15375766,False,6386.324,1065.2318,False,False,False,20.266546,,1694.612,1681,8022.236,2.2361524,150.16578441892483,,2.1559788798792665,,0.5865889,,91.38951,,,0,False,,,,,,,,0,False,False,False,45530.957,89.71643,0.10770632,0.13212943,0.00941605,0.13675575,0.14418185,0.024213318,False,False,False,False,0.07234231,0.81193703,False,False,61094.18367537189,,18,False,False,False,False,False,False,False,False,False,False,False,False,False,False,False,False,False,False,False,False,False,z
4,61094.18314971552,lsst,150.16577347779707,2.155980791252234,170019716302635146,170046103906943137,0,170019716302635146,8921.975,389.5264,0,0,0,48956.715,383.568,True,2026022200250,90,0.0,6.925403e-06,6.6439493e-06,1.3477621e-12,2209.268,0.11894137,3522.4028,0.12514567,False,8161.4316,1060.5142,False,False,False,22.423874,,1702.5568,1681,7974.4785,0.86582184,150.16577249622142,,2.1559805124960483,,0.35623166,,45.736225,,,0,False,,,,,,,,0,False,False,False,39848.57,71.851425,0.11467953,0.121163994,0.004358987,0.11922987,0.13066879,-0.0017724277,False,False,False,False,0.009821845,0.9196284,False,False,61094.184824693104,,18,False,False,False,False,False,False,False,False,False,False,False,False,False,False,False,False,False,False,False,False,False,z
4,61094.18363238148,lsst,150.16578826064384,2.155963807278637,170019716302635146,170046104042733618,0,170019716302635146,8693.089,400.8094,0,0,0,52625.918,396.0551,True,2026022200251,93,0.0,8.641175e-06,6.1872965e-06,1.603149e-11,3839.6194,0.102122374,1206.9185,0.16162747,False,8365.024,1065.7421,False,False,False,21.093204,,1643.1914,1681,8509.118,4.344118,150.16578744675365,,2.1559620484956903,,0.96581465,,-100.313156,,,0,False,,,,,,,,0,False,False,False,43814.707,75.61503,0.08949457,0.17668457,-0.016517384,0.10679131,0.16168569,-0.012050193,False,False,False,False,0.00024551063,0.9259066,False,False,61094.18526927769,,19,False,False,False,False,False,False,False,False,False,False,False,False,False,False,False,False,False,False,False,False,False,z
2,61094.18548147687,lsst,150.1657733982327,2.155967839697906,170019716302635146,170046104177999996,0,170019716302635146,8800.841,208.78693,0,0,0,44826.215,204.76413,True,2026022200252,95,0.0,4.7935882e-06,4.7842377e-06,3.0194846e-12,185.36798,0.09162086,3929.0452,0.080259934,False,9638.698,443.39786,False,False,False,41.978535,,1690.8424,1681,8760.577,0.9689096,150.16577409781917,,2.155968631617546,,0.7933501,,22.928835,,,0,False,,,,,,,,0,False,False,False,35931.023,15.641167,0.2170336,0.17683044,-0.020126719,0.19794478,0.18345645,-0.011564233,False,False,False,False,0.005069078,0.85049206,False,False,61094.18713489779,,27,False,False,False,False,False,False,False,False,False,False,False,False,False,False,False,False,False,False,False,False,False,r
2,61094.185948288636,lsst,150.16577444634262,2.155963757199689,170019716302635146,170046104334237747,0,170019716302635146,9205.09,219.86774,0,0,0,48865.535,215.38579,True,2026022200253,137,0.0,5.1336856e-06,5.0857125e-06,-2.5102663e-12,783.52966,0.08735131,1579.1305,0.09625353,False,9961.122,443.5548,False,False,False,41.164364,,1627.1375,1681,8748.558,0.2866034,150.16577294033777,,2.155965154333114,,0.6328533,,-41.717777,,,0,False,,,,,,,,0,False,False,False,39592.074,14.364912,0.19533524,0.22954556,-0.0037027097,0.2099257,0.20746428,0.004048033,False,False,False,False,0.0016766423,0.85767895,False,False,61094.18786669359,,27,False,False,False,False,False,False,False,False,False,False,False,False,False,False,False,False,False,False,False,False,False,r
2,61094.1868908294,lsst,150.165778506781,2.1559665927135088,170019716302635146,170046104602673163,0,170019716302635146,8587.087,200.00256,0,0,0,41332.09,196.17436,True,2026022200255,137,0.0,4.386382e-06,4.3163977e-06,-9.70172e-13,889.07764,0.07613623,302.31314,0.080350354,False,8956.494,445.51758,False,False,False,43.13379,,1610.689,1681,7962.0386,0.13045268,150.16577786185536,,2.1559676100444194,,0.35560137,,-48.51483,,,0,False,,,,,,,,0,False,False,False,32613.266,30.661316,0.16736257,0.17791414,-0.0009831241,0.15719463,0.16235007,0.013930174,False,False,False,False,0.025532816,0.8209089,False,False,61094.18870913183,,23,False,False,False,False,False,False,False,False,False,False,False,False,False,False,False,False,False,False,False,False,False,r
2,61094.18783389365,lsst,150.1657681304263,2.155976280147951,170019716302635146,170046104846467244,0,170019716302635146,9403.702,197.16339,0,0,0,40113.816,192.9468,True,2026022200257,90,0.0,3.8010335e-06,3.8888998e-06,6.157308e-13,1267.4241,0.07078116,3776.9763,0.06749668,False,10080.403,444.02747,False,False,False,47.05131,,1617.1469,1681,8581.831,0.06011633,150.16576901774647,,2.1559776570475004,,0.3582478,,14.607751,,,0,False,,,,,,,,0,False,False,False,30552.1,22.448397,0.16705851,0.15782766,-0.0029071525,0.1666605,0.1503013,-0.0036162431,False,False,False,False,0.0024694428,0.7682358,False,False,61094.18959578161,,26,False,False,False,False,False,False,False,False,False,False,False,False,False,False,False,False,False,False,False,False,False,r
2,61094.18831357907,lsst,150.16577081167617,2.1559645151448894,170019716302635146,170046104982782107,0,170019716302635146,8448.818,191.10457,0,0,0,38233.504,187.9287,True,2026022200258,94,0.0,3.9767524e-06,4.4087524e-06,2.5865102e-12,1928.994,0.08197934,3372.0168,0.06840661,False,9274.984,437.1843,False,False,False,44.01406,,1752.235,1681,8164.598,0.4105907,150.16577028679046,,2.1559648826339837,,0.67191553,,41.50236,,,0,False,,,,,,,,0,False,False,False,29661.627,38.784443,0.17745678,0.14175932,0.009482871,0.16949056,0.13531621,-0.00028189027,False,False,False,False,0.008462926,0.8065324,False,False,61094.19052493681,,23,False,False,False,False,False,False,False,False,False,False,False,False,False,False,False,False,False,False,False,False,False,r
2,61094.18877846857,lsst,150.16577660488613,2.1559661944280073,170019716302635146,170046105118572679,0,170019716302635146,8824.433,191.0521,0,0,0,38961.773,188.4182,True,2026022200259,97,0.0,3.704515e-06,4.6996e-06,4.727962e-12,2577.8823,0.088497706,3071.751,0.061236184,False,8866.816,440.2447,False,False,False,45.290916,,1748.8666,1681,8827.473,0.7941178,150.16577580599272,,2.1559663125882507,,0.8337008,,17.446524,,,0,False,,,,,,,,0,False,False,False,29985.615,35.44111,0.19102772,0.12809755,-0.007623619,0.18134758,0.12848833,0.0014345116,False,False,False,False,0.0034692243,0.78317124,False,False,61094.190551584776,,24,False,False,False,False,False,False,False,False,False,False,False,False,False,False,False,False,False,False,False,False,False,r
2,61094.18926931967,lsst,150.16578145528436,2.1559766879121036,170019716302635146,170046105252790283,0,170019716302635146,8830.541,194.96855,0,0,0,40293.914,191.85828,True,2026022200260,97,0.0,3.7391499e-06,4.425876e-06,2.5889152e-12,2962.8633,0.08162113,177.05443,0.06476531,False,8821.152,440.94867,False,False,False,44.99717,,1824.9719,1681,8532.579,1.1485126,150.16578103758806,,2.1559776373076884,,0.68080294,,18.603128,,,0,False,,,,,,,,0,False,False,False,31302.01,29.385242,0.175137,0.133645,-0.00200496,0.18051232,0.14042135,0.0035924115,False,False,False,False,0.0057243854,0.77635664,False,False,61094.19093984086,,24,False,False,False,False,False,False,False,False,False,False,False,False,False,False,False,False,False,False,False,False,False,r
2,61094.18973357497,lsst,150.16576722987253,2.155967363286961,170019716302635146,170046105386483784,0,170019716302635146,8307.922,188.33032,0,0,0,37394.52,185.74158,True,2026022200261,96,0.0,3.7506366e-06,4.620609e-06,2.7266802e-12,1745.8499,0.084848285,1340.6735,0.06524409,False,8560.597,441.96808,False,False,False,42.98916,,1549.9438,1681,8103.4307,0.5038993,150.16576770403492,,2.155969279266598,,0.73164743,,16.481735,,,0,False,,,,,,,,0,False,False,False,28937.727,33.19805,0.17698191,0.12831563,-0.0016436861,0.16977727,0.13059244,0.00433078,False,False,False,False,0.0010083783,0.74590826,False,False,61094.191466879056,,23,False,False,False,False,False,False,False,False,False,False,False,False,False,False,False,False,False,False,False,False,False,r
2,61094.19021781404,lsst,150.1657743118701,2.155968025531103,170019716302635146,170046105519128662,0,170019716302635146,8533.901,195.12502,0,0,0,40060.848,193.20389,True,2026022200262,93,0.0,3.7048337e-06,4.1405415e-06,1.0266694e-12,1653.5641,0.075082384,1971.2472,0.06593574,False,8400.047,441.5572,False,False,False,43.18814,,1725.1931,1681,8214.079,1.5918602,150.1657740996798,,2.1559682457350586,,0.70652777,,37.76033,,,0,False,,,,,,,,0,False,False,False,31384.316,40.88359,0.1618225,0.12944885,0.015908973,0.1640002,0.1527216,0.0113620795,False,False,False,False,0.025197437,0.69258,False,False,61094.191942249614,,23,False,False,False,False,False,False,False,False,False,False,False,False,False,False,False,False,False,False,False,False,False,r
2,61094.19068603684,lsst,150.16576832099872,2.1559624114501683,170019716302635146,170046105651249218,0,170019716302635146,8403.872,197.26762,0,0,0,40084.29,193.66266,True,2026022200263,89,0.0,3.968191e-06,4.099599e-06,2.471069e-13,3485.9705,0.073855534,1526.9832,0.07124725,False,8380.508,436.01434,False,False,False,42.284218,,1646.4609,1681,7495.9663,0.64645207,150.16576727753386,,2.155962867830907,,0.22591749,,56.972492,,,0,False,,,,,,,,0,False,False,False,31589.5,31.131239,0.14425044,0.14417675,0.0021452317,0.16278578,0.15279044,0.013934381,False,False,False,False,0.028729163,0.7073002,False,False,61094.192357176275,,23,False,False,False,False,False,False,False,False,False,False,False,False,False,False,False,False,False,False,False,False,False,r
2,61094.19130889702,lsst,150.16576691129183,2.155975659128341,170019716302635146,170046105766068405,0,170019716302635146,9228.327,196.08655,0,0,0,39534.383,192.52771,True,2026022200264,52,0.0,3.7320447e-06,3.5599812e-06,9.0489145e-13,627.98157,0.06281411,3706.444,0.06825688,False,9232.53,443.45837,False,False,False,46.604984,,1815.3143,1681,8207.61,0.13024096,150.165767299445,,2.155976360850076,,0.33159798,,57.973038,,,0,False,,,,,,,,0,False,False,False,30202.861,35.61492,0.14497285,0.15419595,0.0007163921,0.13737294,0.15866207,0.0014750949,False,False,False,False,0.00041389858,0.8246998,False,False,61094.19308219891,,25,False,False,False,False,False,False,False,False,False,False,False,False,False,False,False,False,False,False,False,False,False,r
2,61094.19177344709,lsst,150.16576975625912,2.1559612802166557,170019716302635146,170046105920209032,0,170019716302635146,8331.651,191.7505,0,0,0,38299.492,188.14491,True,2026022200265,90,0.0,4.123292e-06,3.9025795e-06,1.6544005e-12,2951.8293,0.067866825,2659.2979,0.07628448,False,8369.159,442.78082,False,False,False,43.385307,,1579.4022,1681,7635.472,0.18629138,150.1657703848315,,2.155962496541083,,0.40041554,,27.520868,,,0,False,,,,,,,,0,False,False,False,29894.867,36.03048,0.14688236,0.15308365,0.0061221076,0.13668202,0.15909526,0.00091458403,False,False,False,False,0.00073996896,0.79246527,False,False,61094.19349100263,,23,False,False,False,False,False,False,False,False,False,False,False,False,False,False,False,False,False,False,False,False,False,r
2,61094.26523756652,lsst,150.16576727050372,2.1559684136781216,170019716302635146,170046118403506207,0,170019716302635146,9184.124,220.19017,0,0,0,47791.02,215.9855,True,2026022200358,92,0.0,5.379233e-06,5.2400164e-06,-4.1976828e-13,1898.4,0.0969283,624.63654,0.094056256,False,9907.468,447.41864,False,False,False,40.467705,,1658.6462,1681,9234.79,0.09750983,150.16576376672145,,2.15597056375597,,0.82805246,,-33.625202,,,0,False,,,,,,,,0,False,False,False,38516.55,13.500057,0.2297611,0.22282475,0.03066045,0.21918541,0.20804578,0.027626328,False,False,False,False,0.018602833,0.8710542,False,False,61094.26747111499,,28,False,False,False,False,False,False,False,False,False,False,False,False,False,False,False,False,False,False,False,False,False,r
2,61094.26615295804,lsst,150.16576815340622,2.1559681135695694,170019716302635146,170046118537199673,0,170019716302635146,8814.912,218.5397,0,0,0,46843.73,213.79167,True,2026022200359,91,0.0,4.9966097e-06,5.1325565e-06,2.9326284e-13,2470.2922,0.08974888,1380.8049,0.09241694,False,9399.432,449.4997,False,False,False,39.2477,,1761.1453,1681,9035.811,0.9230277,150.16576562296808,,2.155971874810454,,1.0498749,,-30.47523,,,0,False,,,,,,,,0,False,False,False,37972.21,15.514555,0.20113002,0.21155298,0.0524327,0.21259864,0.21157666,0.038399328,False,False,False,False,0.0038778353,0.844624,False,False,61094.26792376847,,26,False,False,False,False,False,False,False,False,False,False,False,False,False,False,False,False,False,False,False,False,False,r
4,61094.271669922906,lsst,150.16577294566034,2.155987082995207,170019716302635146,170046118962921544,0,170019716302635146,9640.182,447.4193,0,0,0,59685.42,438.88272,True,2026022200362,135,0.0,8.413828e-06,9.555918e-06,7.897752e-13,3387.8105,0.17193516,1573.0819,0.15134491,False,9863.143,1085.1808,False,False,False,21.380148,,1675.8014,1681,9968.409,2.2248816,150.16576744242178,,2.155990181479588,,0.88995856,,-26.14797,,,0,False,,,,,,,,0,False,False,False,49829.355,39.82577,0.21498159,0.17484741,-0.030621758,0.21445894,0.16886604,-0.028742472,False,False,False,False,0.0013770427,0.95178896,False,False,61094.2734079983,,21,False,False,False,False,False,False,False,False,False,False,False,False,False,False,False,False,False,False,False,False,False,z
4,61094.27258301657,lsst,150.1657769013384,2.155973687760932,170019716302635146,170046119075643397,0,170019716302635146,7935.9883,435.73874,0,0,0,59001.047,435.5517,True,2026022200363,94,0.0,1.0820335e-05,8.618652e-06,3.848798e-13,695.7419,0.15502556,277.4009,0.19464092,False,7372.5664,1080.2834,False,False,False,18.172781,,1666.699,1681,8519.913,11.826849,150.16577978854355,,2.155967823605509,,1.0055875,,76.87564,,,0,False,,,,,,,,0,False,False,False,50827.227,41.81958,0.11357074,0.20351513,0.021133121,0.20077541,0.17385416,-0.023043565,False,False,False,False,0.10446731,0.8830118,False,False,61094.27426911445,,22,False,False,False,False,False,False,False,False,False,False,False,False,False,False,False,False,False,False,False,False,False,z
3,61095.09799276355,lsst,150.1657676414863,2.1559767203787326,170019716302635146,170050487592681605,0,170019716302635146,10625.92,345.72122,0,0,0,64363.457,342.45438,True,2026022300143,91,0.0,7.981381e-06,7.208683e-06,1.3804568e-12,3882.8909,0.14374706,3824.4622,0.12947676,False,11131.214,744.3663,False,False,False,30.395533,,1795.566,1681,10950.401,2.5771601,150.1657687271307,,2.155977792214853,,1.0271183,,123.074905,,,0,False,,,,,,,,0,False,False,False,53657.56,16.482704,0.25893492,0.24078172,0.048119996,0.26349688,0.2118766,0.010274395,False,False,False,False,0.015441555,0.9565865,False,False,61095.099583067175,,27,False,False,False,False,False,False,False,False,False,False,False,False,False,False,False,False,False,False,False,False,False,i
3,61095.09845906275,lsst,150.16577452447402,2.155965360373618,170019716302635146,170050487730044983,0,170019716302635146,10582.688,340.90305,0,0,0,63336.49,338.1855,True,2026022300144,97,0.0,7.86765e-06,6.108721e-06,4.4199327e-12,277.15866,0.14240223,1516.7281,0.108747534,False,10916.686,743.1035,False,False,False,30.894487,,1552.9679,1681,10845.6,0.34085634,150.16577677989218,,2.1559640554493407,,0.85007554,,97.46103,,,0,False,,,,,,,,0,False,False,False,52680.863,19.123829,0.2349651,0.18085949,0.018716639,0.25774437,0.19736195,0.00064228155,False,False,False,False,0.041443795,0.9423833,False,False,61095.10012624132,,25,False,False,False,False,False,False,False,False,False,False,False,False,False,False,False,False,False,False,False,False,False,i
3,61095.09892506567,lsst,150.16576779792786,2.1559697143798435,170019716302635146,170050487864786983,0,170019716302635146,9623.137,337.76794,0,0,0,61684.34,335.16473,True,2026022300145,98,0.0,8.082898e-06,6.2115273e-06,6.4956816e-12,1300.047,0.14703849,1475.6002,0.10955058,False,9126.793,741.0349,False,False,False,27.863935,,1635.3939,1681,10120.87,3.8649797,150.16576592509978,,2.155966441929832,,1.0679569,,89.60238,,,0,False,,,,,,,,0,False,False,False,51968.414,20.891396,0.2754092,0.17743641,0.022923838,0.26501334,0.1981103,-0.008183518,False,False,False,False,0.0028432528,0.90341926,False,False,61095.10058231233,,27,False,False,False,False,False,False,False,False,False,False,False,False,False,False,False,False,False,False,False,False,False,i
3,61095.09939221444,lsst,150.16577914437832,2.155966852686106,170019716302635146,170050487995859025,0,170019716302635146,9672.312,342.7995,0,0,0,64009.76,341.03494,True,2026022300146,92,0.0,7.777074e-06,7.5304197e-06,1.164701e-12,1703.2603,0.1402776,2565.5532,0.13507445,False,9078.29,739.2192,False,False,False,28.069218,,1593.2058,1681,9757.642,5.7912173,150.1657793762322,,2.1559687875814846,,0.8848905,,106.69303,,,0,False,,,,,,,,0,False,False,False,54174.582,18.150242,0.23446247,0.20415048,0.032360557,0.22969489,0.21606554,0.012610334,False,False,False,False,0.0014297831,0.8878337,False,False,61095.10105984536,,28,False,False,False,False,False,False,False,False,False,False,False,False,False,False,False,False,False,False,False,False,False,i
3,61095.09985955096,lsst,150.16577534689478,2.1559699475012195,170019716302635146,170050488131649616,0,170019716302635146,9550.314,328.76443,0,0,0,59970.965,327.5892,True,2026022300147,95,0.0,7.666875e-06,6.6891407e-06,5.4122826e-12,481.6696,0.140051,2829.8804,0.11782269,False,9864.653,735.61127,False,False,False,28.420935,,1707.7167,1681,9651.057,6.689257,150.16577473378038,,2.1559718304556084,,0.8962093,,100.35217,,,0,False,,,,,,,,0,False,False,False,50300.273,18.98865,0.22441077,0.185527,0.03146543,0.2192196,0.18026273,0.01831669,False,False,False,False,0.003410125,0.8992476,False,False,61095.10145401502,,26,False,False,False,False,False,False,False,False,False,False,False,False,False,False,False,False,False,False,False,False,False,i
3,61095.10032654812,lsst,150.1657664461725,2.1559669899256177,170019716302635146,170050488265867301,0,170019716302635146,10708.797,321.8677,0,0,0,57830.016,318.802,True,2026022300148,95,0.0,6.7423784e-06,5.738716e-06,5.960692e-12,3002.6792,0.12442218,827.4604,0.09942565,False,10270.425,735.0195,False,False,False,32.660995,,1723.5795,1681,10661.793,2.5861332,150.16576538958589,,2.155969092650663,,0.82794905,,79.698135,,,0,False,,,,,,,,0,False,False,False,47025.793,20.873394,0.22593114,0.16845356,0.012162844,0.21589284,0.175199,0.0007526986,False,False,False,False,0.00034604943,0.9555734,False,False,61095.10207357457,,24,False,False,False,False,False,False,False,False,False,False,False,False,False,False,False,False,False,False,False,False,False,i
3,61095.10079480152,lsst,150.16576505185287,2.155963792951352,170019716302635146,170050488401657938,0,170019716302635146,9858.729,306.7675,0,0,0,53085.668,303.06677,True,2026022300149,98,0.0,6.5199197e-06,5.987574e-06,3.9656156e-12,902.86523,0.11979966,2557.3528,0.1049029,False,10174.4795,732.9138,False,False,False,31.816355,,1670.0493,1681,9450.802,0.66685516,150.16576831664506,,2.1559650633366516,,0.51218975,,40.14423,,,0,False,,,,,,,,0,False,False,False,43183.613,16.221844,0.21189192,0.19732098,-0.008623822,0.20353343,0.15718193,-0.01507443,False,False,False,False,0.07817822,0.936596,False,False,61095.10272236755,,23,False,False,False,False,False,False,False,False,False,False,False,False,False,False,False,False,False,False,False,False,False,i
3,61095.10126308698,lsst,150.16578415921526,2.1559639169940645,170019716302635146,170050488535875631,0,170019716302635146,9460.4,317.62604,0,0,0,57640.93,315.6015,True,2026022300150,98,0.0,6.947082e-06,6.2656563e-06,6.645369e-12,1773.9882,0.1294431,1038.0228,0.10753001,False,9851.004,723.6726,False,False,False,29.706293,,1663.2883,1681,9197.2705,0.98735374,150.16578536561587,,2.1559649057449466,,0.59534466,,71.17781,,,0,False,,,,,,,,0,False,False,False,48094.48,15.198167,0.19072793,0.16120528,0.004855225,0.21170096,0.16867946,0.0010252638,False,False,False,False,0.02620792,0.92198056,False,False,61095.10321083608,,23,False,False,False,False,False,False,False,False,False,False,False,False,False,False,False,False,False,False,False,False,False,i
3,61095.1017368813,lsst,150.16576605314637,2.1559570013655467,170019716302635146,170050488667996173,0,170019716302635146,9763.045,313.97903,0,0,0,55607.953,311.10413,True,2026022300151,94,0.0,6.740742e-06,5.8784767e-06,9.983594e-12,946.6035,0.12891705,403.65463,0.09624556,False,9315.919,735.16235,False,False,False,30.00619,,1718.9493,1681,9919.187,6.5046883,150.1657670889083,,2.1559572983017854,,0.8878976,,74.22225,,,0,False,,,,,,,,0,False,False,False,45752.316,14.990962,0.210409,0.14660391,0.018302381,0.21345496,0.165475,0.005406021,False,False,False,False,0.015699957,0.9040975,False,False,61095.10369563061,,23,False,False,False,False,False,False,False,False,False,False,False,False,False,False,False,False,False,False,False,False,False,i
3,61095.102202338916,lsst,150.16577032461933,2.1559739821177004,170019716302635146,170050488799592453,0,170019716302635146,9567.983,311.96103,0,0,0,54781.754,308.104,True,2026022300152,89,0.0,6.8207687e-06,6.44676e-06,5.993236e-12,3580.9006,0.1278733,140.4974,0.11024813,False,8271.694,732.1511,False,False,False,29.919159,,1731.3812,1681,9296.128,0.9114469,150.16577123792774,,2.1559729188146157,,0.5620796,,19.324244,,,0,False,,,,,,,,0,False,False,False,45106.29,15.82117,0.1881154,0.18047246,-0.013203866,0.2164901,0.16023073,0.0011039893,False,False,False,False,0.0021898584,0.91380525,False,False,61095.104147597216,,22,False,False,False,False,False,False,False,False,False,False,False,False,False,False,False,False,False,False,False,False,False,i
3,61095.10267165185,lsst,150.16578461424803,2.1559815594091214,170019716302635146,170050488937480245,0,170019716302635146,9838.355,316.54102,0,0,0,56821.727,313.2126,True,2026022300153,96,0.0,6.55186e-06,6.2761032e-06,6.0620137e-12,1829.592,0.12392641,1133.4608,0.10618762,False,9854.955,733.8352,False,False,False,30.622314,,1646.6392,1681,9581.021,0.5540351,150.1657869350165,,2.155981847863239,,0.5953809,,68.6417,,,0,False,,,,,,,,0,False,False,False,46900.22,15.676861,0.19708851,0.17050877,0.007990929,0.20656168,0.16886121,-0.00282845,False,False,False,False,0.0020342031,0.9138627,False,False,61095.10460948015,,22,False,False,False,False,False,False,False,False,False,False,False,False,False,False,False,False,False,False,False,False,False,i
3,61095.10313983078,lsst,150.1657630583316,2.1559568761805794,170019716302635146,170050489070125062,0,170019716302635146,10012.067,317.3837,0,0,0,56677.2,314.52286,True,2026022300154,93,0.0,7.0067663e-06,7.066444e-06,-2.254119e-12,1460.6965,0.1236029,275.75586,0.12948076,False,9261.508,730.12805,False,False,False,31.13608,,1799.2891,1681,10146.662,0.10914001,150.1657628838192,,2.1559576841759287,,0.78520685,,123.45215,,,0,False,,,,,,,,0,False,False,False,46544.445,26.955288,0.19629432,0.24228807,0.015242334,0.21220936,0.18569472,-0.005927016,False,False,False,False,0.050588794,0.9117624,False,False,61095.1048635283,,24,False,False,False,False,False,False,False,False,False,False,False,False,False,False,False,False,False,False,False,False,False,i
3,61095.10417082596,lsst,150.16576886143883,2.1559737834239128,170019716302635146,170050489339609187,0,170019716302635146,8992.684,315.54425,0,0,0,55874.1,313.0475,True,2026022300156,95,0.0,6.0766715e-06,7.16057e-06,5.5970085e-12,778.72656,0.13118489,2627.5486,0.106418155,False,7502.7637,727.5459,False,False,False,27.58082,,1713.4518,1681,9141.765,4.504324,150.16577281549172,,2.155974510340838,,0.9343607,,46.246933,,,0,False,,,,,,,,0,False,False,False,46797.496,22.19674,0.20373231,0.15596743,0.033572637,0.21308753,0.18277171,0.010682977,False,False,False,False,0.040388383,0.84408605,False,False,61095.10588254774,,22,False,False,False,False,False,False,False,False,False,False,False,False,False,False,False,False,False,False,False,False,False,i
3,61095.1046373645,lsst,150.16576809634174,2.1559686726829135,170019716302635146,170050489472778319,0,170019716302635146,9394.413,316.61316,0,0,0,56400.637,313.7094,True,2026022300157,93,0.0,6.515175e-06,6.741574e-06,9.316566e-13,2134.6877,0.12162056,2035.9065,0.11682982,False,9177.204,728.33374,False,False,False,29.349003,,1645.822,1681,8981.796,1.4655375,150.1657682954211,,2.1559700879891035,,0.48971033,,-1.4523926,,,0,False,,,,,,,,0,False,False,False,46946.91,14.581591,0.1883725,0.17134432,-0.00585591,0.18900064,0.19240361,-0.0057862652,False,False,False,False,0.015276657,0.8790116,False,False,61095.10651351795,,23,False,False,False,False,False,False,False,False,False,False,False,False,False,False,False,False,False,False,False,False,False,i
1,61095.106552146935,lsst,150.16575957044518,2.1559470879833604,170019716302635146,170050489609617427,0,170019716302635146,7998.596,206.34494,0,0,0,36914.312,207.81671,True,2026022300158,98,0.0,5.999531e-06,5.881042e-06,5.4442514e-14,1927.1011,0.10787938,751.17017,0.10573642,False,8053.7485,407.8032,False,False,False,38.764374,,1695.5608,1681,7865.3735,0.4550597,150.16575894281942,,2.155946140979271,,0.34664506,,137.25372,,,0,False,,,,,,,,0,False,False,False,28762.137,16.131792,0.24594133,0.24740858,0.0050149136,0.27985507,0.25892404,-0.020221347,False,False,False,False,0.046653423,0.95230585,False,False,61095.1082661478,,29,False,False,False,False,False,False,False,False,False,False,False,False,False,False,False,False,False,False,False,False,False,g
1,61095.10702053385,lsst,150.16575813829138,2.155957683519443,170019716302635146,170050489740689456,0,170019716302635146,7904.529,208.60225,0,0,0,37125.285,209.38802,True,2026022300159,92,0.0,6.412037e-06,6.2143713e-06,2.1294563e-13,919.176,0.11530879,1899.8546,0.1117124,False,8234.261,407.04718,False,False,False,37.833366,,1699.2749,1681,7621.8906,0.040694855,150.16575937046593,,2.1559556152378403,,0.32975686,,97.43256,,,0,False,,,,,,,,0,False,False,False,29112.104,14.597477,0.27479053,0.2664503,0.0018857302,0.27310795,0.26798177,-0.015032145,False,False,False,False,5.260766e-07,0.9529027,False,False,61095.10879803096,,29,False,False,False,False,False,False,False,False,False,False,False,False,False,False,False,False,False,False,False,False,False,g
1,61095.10748965437,lsst,150.16576983899705,2.1559598822402832,170019716302635146,170050489876480065,0,170019716302635146,7708.6143,205.99641,0,0,0,36827.547,206.92662,True,2026022300160,95,0.0,6.6965927e-06,6.3554135e-06,6.2590444e-13,579.6999,0.1205183,2312.497,0.114142515,False,8436.141,407.65665,False,False,False,36.843224,,1683.12,1681,7725.6763,0.26117432,150.16577082703532,,2.155960904112664,,0.76370203,,52.471596,,,0,False,,,,,,,,0,False,False,False,29057.209,13.109753,0.28520167,0.2591791,-0.022110581,0.2645871,0.26470166,-0.016247114,False,False,False,False,0.005352387,0.9520507,False,False,61095.109220164246,,29,False,False,False,False,False,False,False,False,False,False,False,False,False,False,False,False,False,False,False,False,False,g
1,61095.10889287756,lsst,150.1657512953225,2.155963696541862,170019716302635146,170050490280706055,0,170019716302635146,7907.9053,187.50607,0,0,0,31065.822,185.82372,True,2026022300163,98,0.0,5.382262e-06,5.257255e-06,4.5218506e-13,2320.6465,0.09700478,221.19661,0.09428935,False,8612.539,402.12817,False,False,False,41.715054,,1787.6318,1681,8183.704,1.7822099,150.16575485694696,,2.1559661610626106,,0.94172144,,25.837704,,,0,False,,,,,,,,0,False,False,False,23161.77,10.045791,0.22522128,0.23165916,-0.040673386,0.22958352,0.20206717,-0.02262143,False,False,False,False,0.018224599,0.9665691,False,False,61095.110707850894,,29,False,False,False,False,False,False,False,False,False,False,False,False,False,False,False,False,False,False,False,False,False,g
1,61095.109361112234,lsst,150.16576750883394,2.1559611531013103,170019716302635146,170050490412826644,0,170019716302635146,8108.6587,186.17418,0,0,0,31493.334,186.0153,True,2026022300164,94,0.0,4.807236e-06,4.6378423e-06,6.5920685e-13,662.41565,0.08686507,640.6985,0.08292659,False,8142.8633,404.93747,False,False,False,43.099937,,1749.347,1681,8136.359,0.58442086,150.1657686105229,,2.1559621604473564,,0.6421895,,31.355366,,,0,False,,,,,,,,0,False,False,False,23293.543,11.578424,0.20815064,0.2006187,-0.017686093,0.22054973,0.19079207,-0.019792693,False,False,False,False,0.00020060167,0.9368373,False,False,61095.11112860082,,24,False,False,False,False,False,False,False,False,False,False,False,False,False,False,False,False,False,False,False,False,False,g
1,61095.11029494139,lsst,150.16575792382523,2.155954666184744,170019716302635146,170050490682310738,0,170019716302635146,7904.967,185.20915,0,0,0,31265.07,185.98012,True,2026022300166,96,0.0,5.5369455e-06,4.771326e-06,4.9930667e-12,2561.3733,0.1033991,1917.3441,0.08111029,False,8686.496,400.6955,False,False,False,42.484756,,1661.9861,1681,8010.87,0.40900922,150.16576004542813,,2.1559567559205455,,0.88074285,,63.213398,,,0,False,,,,,,,,0,False,False,False,23235.277,11.886656,0.26222998,0.19175057,-0.0011759396,0.22413933,0.18704952,-0.012139663,False,False,False,False,0.054028098,0.9645465,False,False,61095.11208363434,,25,False,False,False,False,False,False,False,False,False,False,False,False,False,False,False,False,False,False,False,False,False,g
1,61095.110766933474,lsst,150.1657565538664,2.1559532087106894,170019716302635146,170050490814955559,0,170019716302635146,7790.2793,189.47699,0,0,0,32342.305,189.96466,True,2026022300167,93,0.0,5.669473e-06,4.9373593e-06,6.0936963e-12,1229.2059,0.107106134,1226.2217,0.082465306,False,8445.107,400.5772,False,False,False,40.804512,,1643.7762,1681,8027.5737,0.9491602,150.16575575863385,,2.1559515698330722,,1.0133796,,41.3759,,,0,False,,,,,,,,0,False,False,False,24461.922,10.822424,0.2721529,0.19861229,-0.030608656,0.2502851,0.1929046,-0.016079346,False,False,False,False,0.021172568,0.9449992,False,False,61095.112691344795,,29,False,False,False,False,False,False,False,False,False,False,False,False,False,False,False,False,False,False,False,False,False,g
1,61095.111232141004,lsst,150.16575915292725,2.155954456873681,170019716302635146,170050490949697680,0,170019716302635146,7517.465,178.8742,0,0,0,29302.14,177.4838,True,2026022300168,94,0.0,5.017066e-06,4.6488926e-06,3.584353e-12,3494.6418,0.0940915,3950.4685,0.079170614,False,7772.3516,397.93686,False,False,False,41.379448,,1723.3391,1681,7499.8784,0.7081286,150.16576053722648,,2.1559558169637634,,0.7232484,,37.93497,,,0,False,,,,,,,,0,False,False,False,21763.664,17.483702,0.20368199,0.16811448,-0.015221885,0.20784935,0.1762922,-0.017316435,False,False,False,False,0.0049350546,0.94732046,False,False,61095.11297067374,,24,False,False,False,False,False,False,False,False,False,False,False,False,False,False,False,False,False,False,False,False,False,g
1,61095.11169738555,lsst,150.1657605587145,2.15595194261936,170019716302635146,170050491084963906,0,170019716302635146,7818.0273,188.31357,0,0,0,32461.91,188.7268,True,2026022300169,96,0.0,5.572156e-06,5.1171955e-06,6.5662766e-12,902.67395,0.10731318,1992.9191,0.08359995,False,8249.306,397.84613,False,False,False,40.749313,,1712.2078,1681,8006.222,0.104946636,150.16576029827024,,2.1559510148541983,,0.9699142,,40.439312,,,0,False,,,,,,,,0,False,False,False,24559.516,10.542989,0.26667163,0.19082934,-0.021396102,0.24873902,0.18995655,-0.012845904,False,False,False,False,0.0100051025,0.9571842,False,False,61095.11354810757,,28,False,False,False,False,False,False,False,False,False,False,False,False,False,False,False,False,False,False,False,False,False,g
1,61095.11216618589,lsst,150.1657606553182,2.1559681789719822,170019716302635146,170050491240153157,0,170019716302635146,7946.99,175.5155,0,0,0,29004.264,175.74239,True,2026022300170,136,0.0,4.6153377e-06,4.411184e-06,3.6417956e-12,314.8497,0.08833671,1964.2936,0.073328264,False,8420.743,396.3449,False,False,False,45.14299,,1788.5687,1681,7843.793,0.28685105,150.16576087510637,,2.1559694843344603,,0.5810534,,51.990772,,,0,False,,,,,,,,0,False,False,False,20980.93,20.70798,0.20779788,0.17839363,-5.3234668e-05,0.20274858,0.15968868,-0.007522908,False,False,False,False,0.019236213,0.96782357,False,False,61095.11395887737,,25,False,False,False,False,False,False,False,False,False,False,False,False,False,False,False,False,False,False,False,False,False,g
1,61095.11270446167,lsst,150.16576189442765,2.155952427080505,170019716302635146,170050491350777989,0,170019716302635146,8195.71,185.87271,0,0,0,31961.68,185.89368,True,2026022300171,91,0.0,5.131394e-06,5.010524e-06,1.6031566e-13,3898.3447,0.092288814,3832.3386,0.09004689,False,9060.146,399.00595,False,False,False,44.102005,,1630.0063,1681,8078.0015,0.48319036,150.16576297478352,,2.1559509073963192,,0.53346646,,74.130455,,,0,False,,,,,,,,0,False,False,False,23729.523,11.151711,0.252494,0.22918208,-0.0036549873,0.2052756,0.20997076,-0.025220387,False,False,False,False,0.12411732,0.9740365,False,False,61095.11442305082,,27,False,False,False,False,False,False,False,False,False,False,False,False,False,False,False,False,False,False,False,False,False,g
1,61095.1131727677,lsst,150.16576398480822,2.155959368427071,170019716302635146,170050491488141360,0,170019716302635146,8057.495,184.83017,0,0,0,31989.56,184.82736,True,2026022300172,97,0.0,4.603722e-06,4.8788975e-06,-4.9574906e-13,233.70372,0.08259404,1483.3239,0.08788919,False,7923.0625,394.4167,False,False,False,43.036053,,1623.7444,1681,7969.484,0.15395632,150.1657638508679,,2.155960950316783,,0.6075181,,11.485878,,,0,False,,,,,,,,0,False,False,False,23847.39,11.570543,0.1872735,0.21051754,-0.011164771,0.20789227,0.21554482,-0.024629045,False,False,False,False,0.019185647,0.95257264,False,False,61095.11484924742,,28,False,False,False,False,False,False,False,False,False,False,False,False,False,False,False,False,False,False,False,False,False,g
4,61095.114964837936,lsst,150.16578224920724,2.155968036433344,170019716302635146,170050491622359152,0,170019716302635146,8068.704,430.19742,0,0,0,51216.14,425.93976,True,2026022300173,97,0.0,8.683205e-06,8.865381e-06,6.763672e-12,2459.4521,0.1648178,2841.5093,0.15058191,False,8524.993,1171.3088,False,False,False,18.385723,,1605.8074,1681,7998.858,3.2379508,150.16578076436807,,2.1559648679505314,,0.7394135,,101.651054,,,0,False,,,,,,,,0,False,False,False,43022.402,97.55041,0.10375534,0.13429008,0.020581031,0.15977997,0.12899634,0.008740427,False,False,False,False,0.10531492,0.69432,False,False,61095.11657027897,,21,False,False,False,False,False,False,False,False,False,False,False,False,False,False,False,False,False,False,False,False,False,z
4,61095.115437835935,lsst,150.1657743390986,2.1559784265794093,170019716302635146,170050491755528255,0,170019716302635146,8722.121,450.8276,0,0,0,54237.094,446.71942,True,2026022300174,95,0.0,8.5377205e-06,9.281367e-06,1.9532514e-11,3145.194,0.1800273,1580.9115,0.13805835,False,7686.222,1169.1921,False,False,False,19.0485,,1687.3711,1681,8921.806,8.836478,150.16577464800324,,2.155981927288097,,0.96159166,,56.33437,,,0,False,,,,,,,,0,False,False,False,45375.21,61.84405,0.17918082,0.11102427,0.030043058,0.18524054,0.14098394,0.008874706,False,False,False,False,0.048444156,0.8789522,False,False,61095.11715885744,,20,False,False,False,False,False,False,False,False,False,False,False,False,False,False,False,False,False,False,False,False,False,z
4,61095.11590358395,lsst,150.16576715152053,2.1559611615402123,170019716302635146,170050491890794498,0,170019716302635146,8769.995,455.5581,0,0,0,54817.344,450.5729,True,2026022300175,97,0.0,9.289126e-06,1.0134677e-05,1.7559449e-11,3620.7764,0.19195792,97.01771,0.15592206,False,9542.969,1175.0109,False,False,False,18.886036,,1581.973,1681,8704.06,5.313326,150.16576849333788,,2.1559629783494505,,0.80395615,,40.994507,,,0,False,,,,,,,,0,False,False,False,45886.805,55.570446,0.19856527,0.14183776,0.008709374,0.1829855,0.15128736,0.005866223,False,False,False,False,0.0014025638,0.93232197,False,False,61095.11761903502,,21,False,False,False,False,False,False,False,False,False,False,False,False,False,False,False,False,False,False,False,False,False,z
4,61095.11637232581,lsst,150.16577968946004,2.1559583794619197,170019716302635146,170050492025536518,0,170019716302635146,9077.511,436.7764,0,0,0,53115.035,433.65118,True,2026022300176,98,0.0,7.810492e-06,8.196706e-06,5.148334e-12,2611.243,0.15061903,115.35271,0.1371193,False,8956.492,1169.4729,False,False,False,20.569048,,1676.7574,1681,8710.599,7.2273703,150.1657795174461,,2.1559582535679507,,0.42224228,,26.475533,,,0,False,,,,,,,,0,False,False,False,43904.613,69.79363,0.15049313,0.13524732,-0.0008089006,0.16643701,0.13343054,0.0065251417,False,False,False,False,0.008275749,0.93087584,False,False,61095.11808452484,,20,False,False,False,False,False,False,False,False,False,False,False,False,False,False,False,False,False,False,False,False,False,z
4,61095.11684140755,lsst,150.16577354112596,2.1559621746694764,170019716302635146,170050492159230075,0,170019716302635146,8155.155,446.09833,0,0,0,53391.934,440.3598,True,2026022300177,97,0.0,9.673928e-06,9.161566e-06,-6.322756e-12,1459.2512,0.1617074,3461.8652,0.17694575,False,6521.831,1170.8467,False,False,False,18.281458,,1610.0043,1681,7977.9917,6.342504,150.16577277788366,,2.1559613370866466,,0.6269126,,94.718124,,,0,False,,,,,,,,0,False,False,False,45142.637,60.182796,0.11791051,0.14365374,0.012113065,0.16488115,0.1458904,0.006533642,False,False,False,False,0.09271122,0.7111484,False,False,61095.11860681756,,19,False,False,False,False,False,False,False,False,False,False,False,False,False,False,False,False,False,False,False,False,False,z
4,61095.11731047916,lsst,150.1657821183963,2.1559788744183424,170019716302635146,170050492293447786,0,170019716302635146,8326.742,439.0817,0,0,0,52565.93,434.0742,True,2026022300178,97,0.0,8.169432e-06,9.3744275e-06,1.12462565e-11,3087.8499,0.17324264,2823.6301,0.14152876,False,6998.073,1164.805,False,False,False,18.512812,,1615.1425,1681,8082.126,4.506357,150.1657822345563,,2.1559787292575807,,0.69609314,,23.869095,,,0,False,,,,,,,,0,False,False,False,44150.34,57.993893,0.15133442,0.106906004,0.00037326003,0.15832907,0.13950755,0.0023308066,False,False,False,False,0.06362014,0.82516754,False,False,61095.119077825584,,19,False,False,False,False,False,False,False,False,False,False,False,False,False,False,False,False,False,False,False,False,False,z
4,61095.117778549895,lsst,150.1657655328971,2.1559781370249946,170019716302635146,170050492426092550,0,170019716302635146,8291.244,424.41898,0,0,0,49342.715,422.456,True,2026022300179,94,0.0,8.657639e-06,8.528056e-06,-9.776971e-13,2178.488,0.15302232,101.04607,0.15613969,False,7435.1367,1161.3777,False,False,False,19.134233,,1605.3547,1681,7875.197,1.5097005,150.1657651033065,,2.1559784428419886,,0.40528584,,-65.528984,,,0,False,,,,,,,,0,False,False,False,40868.11,65.354256,0.13670278,0.15066695,-0.0009294365,0.15594763,0.13616273,0.011591851,False,False,False,False,0.0009601466,0.85839874,False,False,61095.11955010596,,20,False,False,False,False,False,False,False,False,False,False,False,False,False,False,False,False,False,False,False,False,False,z
4,61095.11824617551,lsst,150.16577174369374,2.1559612930599066,170019716302635146,170050492554543287,0,170019716302635146,8261.073,379.10757,0,0,0,41313.24,379.99304,True,2026022300180,83,0.0,6.0380676e-06,6.9569164e-06,4.2180725e-12,3610.9788,0.12688902,3778.59,0.10662338,False,6563.1143,1159.2991,False,False,False,21.16099,,1726.9263,1681,7966.726,7.466791,150.16577106045,,2.155960457816624,,0.49612424,,32.41762,,,0,False,,,,,,,,0,False,False,False,32792.105,123.01993,0.09507521,0.07588414,0.0054467022,0.11502455,0.09919662,0.0025215023,False,False,False,False,0.10337047,0.79394317,False,False,61095.120034518666,,16,False,False,False,False,False,False,False,False,False,False,False,False,False,False,False,False,False,False,False,False,False,z
4,61095.11871366539,lsst,150.16578612476266,2.155978890518372,170019716302635146,170050492694003801,0,170019716302635146,8479.222,399.44257,0,0,0,45759.727,395.6385,True,2026022300181,93,0.0,7.03994e-06,7.3697274e-06,1.3204867e-12,689.452,0.13299981,1887.2245,0.12621656,False,7612.0024,1161.2682,False,False,False,20.85325,,1778.9753,1681,8080.732,4.833674,150.165784716351,,2.1559786779268557,,0.54085094,,50.189342,,,0,False,,,,,,,,0,False,False,False,37155.164,55.315147,0.11286754,0.104558416,0.012370101,0.12688817,0.11101341,0.0018597392,False,False,False,False,0.021765057,0.9077236,False,False,61095.12044702677,,18,False,False,False,False,False,False,False,False,False,False,False,False,False,False,False,False,False,False,False,False,False,z
4,61095.119184208655,lsst,150.16577291685587,2.155970288225017,170019716302635146,170050492826648689,0,170019716302635146,9513.4,411.35712,0,0,0,47257.613,406.7143,True,2026022300182,90,0.0,6.2328304e-06,7.4965824e-06,3.7454935e-12,3567.9607,0.13578524,1916.2295,0.11101685,False,7895.4644,1165.5221,False,False,False,22.993626,,1786.4376,1681,9125.144,4.987615,150.16577306369882,,2.1559692417794674,,0.6197653,,38.788536,,,0,False,,,,,,,,0,False,False,False,37610.19,57.042324,0.12456899,0.10419668,0.014147055,0.13475369,0.113123596,0.0019483323,False,False,False,False,0.018231636,0.96097,False,False,61095.12097555828,,18,False,False,False,False,False,False,False,False,False,False,False,False,False,False,False,False,False,False,False,False,False,z
4,61095.119651627625,lsst,150.1657604984253,2.1559602996975555,170019716302635146,170050492964536327,0,170019716302635146,8337.294,401.49805,0,0,0,43823.926,396.896,True,2026022300183,97,0.0,7.060274e-06,7.3611996e-06,6.712206e-13,1476.8572,0.13253933,177.9547,0.1268832,False,4736.3843,1163.1129,False,False,False,20.772108,,1728.553,1681,7902.5425,10.35336,150.1657592101757,,2.1559624398707298,,0.569234,,52.441017,,,0,False,,,,,,,,0,False,False,False,35290.1,68.45828,0.10111857,0.100074835,0.014644478,0.1286555,0.112475544,0.0041892645,False,False,False,False,0.07926511,0.88954085,False,False,61095.121327551344,,16,False,False,False,False,False,False,False,False,False,False,False,False,False,False,False,False,False,False,False,False,False,z
4,61095.12011995214,lsst,150.16576791443694,2.1559592939593526,170019716302635146,170050493092986904,0,170019716302635146,8777.879,395.35974,0,0,0,43867.168,392.45465,True,2026022300184,86,0.0,6.900998e-06,6.90792e-06,1.6855923e-14,3802.904,0.12428892,672.1621,0.124158464,False,8068.192,1163.7561,False,False,False,22.033276,,1776.4132,1681,9041.157,1.1793667,150.16576293665577,,2.1559571954534413,,0.9389121,,52.13496,,,0,False,,,,,,,,0,False,False,False,34910.594,74.40558,0.11182764,0.11687975,0.044828214,0.115193024,0.1141012,0.005573309,False,False,False,False,1.8756622e-05,0.94296867,False,False,61095.12174711825,,17,False,False,False,False,False,False,False,False,False,False,False,False,False,False,False,False,False,False,False,False,False,z
4,61095.1205847548,lsst,150.16576939479617,2.1559643419130192,170019716302635146,170050493228777557,0,170019716302635146,8774.454,400.34464,0,0,0,44939.465,395.27768,True,2026022300185,89,0.0,7.0764722e-06,6.1832366e-06,-4.86013e-13,2942.5518,0.111224085,1943.1858,0.1273517,False,8248.693,1166.4933,False,False,False,21.43332,,1647.6862,1681,8208.366,5.0658493,150.16577044822316,,2.1559628367326242,,0.512109,,69.19405,,,0,False,,,,,,,,0,False,False,False,35994.902,69.58896,0.085938126,0.10210946,0.008496224,0.11312501,0.12175912,0.005824268,False,False,False,False,0.11010194,0.91563725,False,False,61095.12237195191,,17,False,False,False,False,False,False,False,False,False,False,False,False,False,False,False,False,False,False,False,False,False,z
4,61095.1215101234,lsst,150.16576800090522,2.1559617386292116,170019716302635146,170050493499310143,0,170019716302635146,8897.02,389.62363,0,0,0,44311.043,387.3039,True,2026022300187,93,0.0,5.9745207e-06,7.3454644e-06,2.681771e-12,2161.2288,0.13261458,1510.4164,0.10690294,False,9095.208,1146.2819,False,False,False,22.467749,,1783.3749,1681,8647.357,2.43214,150.1657694686433,,2.1559614313575133,,0.6823998,,28.161764,,,0,False,,,,,,,,0,False,False,False,35223.03,70.712105,0.12433373,0.09111791,0.013922805,0.118030995,0.11182395,0.0024133134,False,False,False,False,0.011206281,0.9625977,False,False,61095.12321736377,,17,False,False,False,False,False,False,False,False,False,False,False,False,False,False,False,False,False,False,False,False,False,z
2,61095.12338987329,lsst,150.1657716596822,2.155963134864359,170019716302635146,170050493635625068,0,170019716302635146,8352.667,208.0208,0,0,0,39632.715,204.76498,True,2026022300188,97,0.0,4.635302e-06,4.543062e-06,-1.018941e-12,2039.5382,0.08034773,2886.199,0.08468961,False,7822.5356,483.79938,False,False,False,39.521847,,1685.5404,1681,8156.1636,1.1548164,150.16577067062244,,2.155962804297986,,0.6304852,,85.33754,,,0,False,,,,,,,,0,False,False,False,31189.668,18.189163,0.15523636,0.16332485,0.017174322,0.16492215,0.16248553,0.009515393,False,False,False,False,0.0029788883,0.78219956,False,False,61095.12502905619,,22,False,False,False,False,False,False,False,False,False,False,False,False,False,False,False,False,False,False,False,False,False,r
2,61095.12385543584,lsst,150.16577019699236,2.155967065657724,170019716302635146,170050493768794198,0,170019716302635146,8228.518,197.49557,0,0,0,36744.89,195.1947,True,2026022300189,95,0.0,4.4054573e-06,4.385664e-06,-1.6326628e-13,3152.9497,0.078674465,2043.8907,0.0794386,False,7690.085,478.8065,False,False,False,41.43475,,1624.0104,1681,7670.0347,0.108605064,150.16576974144726,,2.1559673707988107,,0.2807273,,113.37547,,,0,False,,,,,,,,0,False,False,False,28408.0,22.099583,0.14875616,0.1551761,0.00087324163,0.1484356,0.14411314,0.0063745677,False,False,False,False,0.005512857,0.72728586,False,False,61095.125573264246,,22,False,False,False,False,False,False,False,False,False,False,False,False,False,False,False,False,False,False,False,False,False,r
2,61095.124320700954,lsst,150.16576667376876,2.155963565276848,170019716302635146,170050493904060428,0,170019716302635146,8720.543,201.54176,0,0,0,37828.457,199.07242,True,2026022300190,97,0.0,4.128398e-06,4.239943e-06,6.8494033e-13,3417.3528,0.07700969,244.20467,0.07345947,False,9105.046,483.56442,False,False,False,43.249584,,1814.4235,1681,8431.581,0.19165885,150.1657672848722,,2.1559629278169323,,0.64068735,,6.6503553,,,0,False,,,,,,,,0,False,False,False,28981.219,22.459875,0.16548373,0.13840191,-0.012334214,0.14769015,0.15484473,0.0055787596,False,False,False,False,7.525133e-05,0.83737147,False,False,61095.125972951326,,23,False,False,False,False,False,False,False,False,False,False,False,False,False,False,False,False,False,False,False,False,False,r
2,61095.12478742591,lsst,150.16577311679524,2.1559679685331097,170019716302635146,170050494038802455,0,170019716302635146,8275.331,198.15077,0,0,0,36634.11,194.82558,True,2026022300191,98,0.0,4.005481e-06,4.148622e-06,6.885566e-13,2393.993,0.07530187,517.98987,0.07132467,False,8396.721,476.2333,False,False,False,41.695858,,1661.5347,1681,7580.898,0.18449998,150.16577324687586,,2.1559676077848033,,0.21211942,,30.536713,,,0,False,,,,,,,,0,False,False,False,28256.232,21.661066,0.13173755,0.12802963,0.0003730244,0.1517308,0.1381952,0.0047101513,False,False,False,False,0.038396567,0.74294996,False,False,61095.12651068697,,20,False,False,False,False,False,False,False,False,False,False,False,False,False,False,False,False,False,False,False,False,False,r
2,61095.125253517304,lsst,150.16576701159403,2.1559657073092673,170019716302635146,170050494172496007,0,170019716302635146,8564.674,197.4433,0,0,0,36778.59,194.74138,True,2026022300192,97,0.0,3.8993953e-06,4.5317556e-06,2.5218378e-12,995.81476,0.08347109,3412.453,0.06778402,False,8611.942,478.9524,False,False,False,43.24944,,1766.4922,1681,8363.304,0.16967711,150.1657670418198,,2.155965429493036,,0.675832,,9.179047,,,0,False,,,,,,,,0,False,False,False,28100.928,24.702797,0.1737764,0.1366173,-0.008682394,0.15011968,0.13816026,0.0030962492,False,False,False,False,0.020948602,0.84363425,False,False,61095.1269089651,,23,False,False,False,False,False,False,False,False,False,False,False,False,False,False,False,False,False,False,False,False,False,r
2,61095.12572255821,lsst,150.16577332874115,2.155962127151813,170019716302635146,170050494306713738,0,170019716302635146,8180.8647,193.60022,0,0,0,36063.85,190.85356,True,2026022300193,97,0.0,3.8716344e-06,4.3104997e-06,1.3741642e-12,2668.4846,0.0784928,2908.0994,0.068556495,False,7949.4546,477.52914,False,False,False,41.716663,,1731.5831,1681,7911.2793,0.5897187,150.1657728481766,,2.1559621237864794,,0.5321646,,30.727926,,,0,False,,,,,,,,0,False,False,False,27763.965,32.31921,0.15153928,0.12885053,0.0050509,0.15500732,0.13110538,0.003056633,False,False,False,False,0.0014278457,0.69990003,False,False,61095.12750146258,,22,False,False,False,False,False,False,False,False,False,False,False,False,False,False,False,False,False,False,False,False,False,r
2,61095.12619548972,lsst,150.16576396593163,2.155958779170442,170019716302635146,170050494439358471,0,170019716302635146,8497.322,193.75275,0,0,0,35781.13,190.75587,True,2026022300194,94,0.0,3.919447e-06,4.375554e-06,1.1869083e-12,2327.2031,0.07938744,129.82996,0.06971041,False,8582.611,476.8016,False,False,False,43.34468,,1821.2377,1681,8297.826,0.15453465,150.16576455916368,,2.1559592879827774,,0.5919974,,1.2091779,,,0,False,,,,,,,,0,False,False,False,27175.662,26.709969,0.16676319,0.13987641,-0.007659213,0.14815405,0.13497974,0.0012056231,False,False,False,False,0.02405918,0.83951044,False,False,61095.12786661627,,23,False,False,False,False,False,False,False,False,False,False,False,False,False,False,False,False,False,False,False,False,False,r
2,61095.12666042595,lsst,150.16576555382858,2.155962315808218,170019716302635146,170050494567809211,0,170019716302635146,8124.888,191.20625,0,0,0,34953.95,188.28436,True,2026022300195,83,0.0,4.0236196e-06,4.2651577e-06,4.88819e-13,3830.7888,0.07694848,3238.7842,0.07211865,False,7903.923,478.3378,False,False,False,41.816166,,1664.0372,1681,7881.225,0.5802256,150.16576582441655,,2.1559620162515025,,0.61325675,,48.50578,,,0,False,,,,,,,,0,False,False,False,26709.496,31.711824,0.15051427,0.13962814,0.015824558,0.14434025,0.13490316,0.009415095,False,False,False,False,0.005295113,0.7506939,False,False,61095.12839129401,,20,False,False,False,False,False,False,False,False,False,False,False,False,False,False,False,False,False,False,False,False,False,r
2,61095.127127925145,lsst,150.16576592344126,2.1559669242314348,170019716302635146,170050494707269692,0,170019716302635146,8632.687,194.85059,0,0,0,36786.51,192.9657,True,2026022300196,93,0.0,3.9748684e-06,4.292014e-06,4.6939395e-13,718.509,0.07736383,1441.3502,0.071308196,False,8678.782,477.90076,False,False,False,43.86625,,1642.7526,1681,8465.349,0.8631292,150.16576669546205,,2.155968108243144,,0.58387256,,34.25324,,,0,False,,,,,,,,0,False,False,False,28014.254,39.51867,0.16201122,0.14222321,0.011318338,0.15559743,0.14517388,0.011769296,False,False,False,False,0.0004975265,0.78646374,False,False,61095.12876194655,,22,False,False,False,False,False,False,False,False,False,False,False,False,False,False,False,False,False,False,False,False,False,r
2,61095.12759611469,lsst,150.1657777920161,2.155966615480601,170019716302635146,170050494839914565,0,170019716302635146,8971.566,199.97115,0,0,0,38285.445,196.1984,True,2026022300197,90,0.0,3.773208e-06,4.6208675e-06,8.9212394e-13,3926.0862,0.0833217,1717.5297,0.06760589,False,9216.936,475.54416,False,False,False,43.32267,,1661.9957,1681,8752.406,0.34175986,150.16577794379143,,2.155967008166577,,0.6670329,,16.18883,,,0,False,,,,,,,,0,False,False,False,29224.088,24.061436,0.17991216,0.14215484,0.0062461398,0.15993193,0.14122857,0.007208528,False,False,False,False,0.017950663,0.85781175,False,False,61095.129339241874,,24,False,False,False,False,False,False,False,False,False,False,False,False,False,False,False,False,False,False,False,False,False,r
2,61095.12806316138,lsst,150.1657643317151,2.1559607520892468,170019716302635146,170050494977802244,0,170019716302635146,8642.847,195.75056,0,0,0,37179.914,194.08968,True,2026022300198,97,0.0,3.913127e-06,4.362206e-06,2.5096426e-13,1288.3849,0.078486145,127.43665,0.07034428,False,9410.532,476.83044,False,False,False,43.650436,,1665.2561,1681,8310.157,0.027437285,150.1657650853766,,2.155960232738839,,0.5866016,,19.601528,,,0,False,,,,,,,,0,False,False,False,28391.193,29.71096,0.17308214,0.14728816,0.007926284,0.15119895,0.14352864,0.011777546,False,False,False,False,0.027458612,0.8392952,False,False,61095.12974778132,,22,False,False,False,False,False,False,False,False,False,False,False,False,False,False,False,False,False,False,False,False,False,r
2,61095.1285307989,lsst,150.16577041611083,2.155975103017086,170019716302635146,170050495106252806,0,170019716302635146,8256.04,196.89595,0,0,0,36810.367,193.90887,True,2026022300199,86,0.0,4.3721175e-06,4.364481e-06,1.3591707e-15,3940.1511,0.0785005,140.11191,0.078635074,False,8708.372,472.70706,False,False,False,41.892376,,1762.5217,1681,7764.5513,0.027129233,150.16577003248423,,2.1559748129247494,,0.4408783,,75.81604,,,0,False,,,,,,,,0,False,False,False,28411.217,26.125189,0.14575271,0.16021693,0.0041977623,0.15060504,0.14002448,0.005530432,False,False,False,False,0.01005436,0.8186506,False,False,61095.13021626134,,24,False,False,False,False,False,False,False,False,False,False,False,False,False,False,False,False,False,False,False,False,False,r
2,61095.12899616066,lsst,150.16576364453255,2.1559642497336395,170019716302635146,170050495242043443,0,170019716302635146,8866.263,202.58014,0,0,0,39009.21,199.35202,True,2026022300200,89,0.0,4.0173386e-06,5.0546037e-06,-3.6516422e-13,2638.293,0.09095048,1318.8492,0.07223155,False,9257.93,472.82397,False,False,False,43.02587,,1676.9067,1681,8868.8,0.3523047,150.16576498154132,,2.1559646072458274,,0.8524789,,9.809471,,,0,False,,,,,,,,0,False,False,False,30050.596,25.382883,0.21007572,0.14876506,0.013708895,0.16836983,0.14871337,0.010108829,False,False,False,False,0.066346444,0.88609856,False,False,61095.13074259376,,24,False,False,False,False,False,False,False,False,False,False,False,False,False,False,False,False,False,False,False,False,False,r
2,61095.129633617296,lsst,150.16576572128406,2.155960856138027,170019716302635146,170050495379406865,0,170019716302635146,8474.718,213.72609,0,0,0,42800.164,209.91167,True,2026022300201,95,0.0,4.897318e-06,4.8501793e-06,4.1003602e-13,476.90244,0.088519245,545.30994,0.086787514,False,7872.422,470.65436,False,False,False,39.627872,,1741.6564,1681,7947.759,0.83354044,150.165766634219,,2.1559611473584215,,0.41188562,,35.37026,,,0,False,,,,,,,,0,False,False,False,34275.6,18.897812,0.17383617,0.16428757,-0.0054551237,0.1839207,0.18681103,-0.0031727978,False,False,False,False,0.03515989,0.83526814,False,False,61095.1313755977,,24,False,False,False,False,False,False,False,False,False,False,False,False,False,False,False,False,False,False,False,False,False,r
2,61095.13009929539,lsst,150.16577061748924,2.15596863267162,170019716302635146,170050495514148891,0,170019716302635146,8318.309,204.77376,0,0,0,40242.832,201.94319,True,2026022300202,96,0.0,4.3843384e-06,4.4688322e-06,-8.648717e-13,3182.2017,0.07767446,510.37216,0.08151263,False,8373.513,472.40616,False,False,False,40.750275,,1661.6105,1681,7964.572,0.7055372,150.1657704725221,,2.15596823433524,,0.5315159,,-1.4643626,,,0,False,,,,,,,,0,False,False,False,31799.09,28.03428,0.14613773,0.15707295,-0.011060719,0.15849899,0.17186084,0.006805285,False,False,False,False,0.027459135,0.80025434,False,False,61095.13173188458,,24,False,False,False,False,False,False,False,False,False,False,False,False,False,False,False,False,False,False,False,False,False,r
3,61095.13190573314,lsst,150.16576684563347,2.1559677626370424,170019716302635146,170050495648890996,0,170019716302635146,10339.444,287.89206,0,0,0,51725.082,281.72842,True,2026022300203,97,0.0,5.205254e-06,5.2822024e-06,-1.7571634e-12,3602.4907,0.091188855,2629.033,0.097382866,False,9785.265,687.0174,False,False,False,35.780815,,1708.0481,1681,9896.904,0.67282224,150.1657672886036,,2.155967691442797,,0.4876645,,122.55434,,,0,False,,,,,,,,0,False,False,False,41320.67,15.765308,0.15555796,0.1718179,0.0062889163,0.16646674,0.164876,0.002820783,False,False,False,False,0.00059280853,0.9131308,False,False,61095.13366162854,,23,False,False,False,False,False,False,False,False,False,False,False,False,False,False,False,False,False,False,False,False,False,i
3,61095.132372913096,lsst,150.1657669302366,2.155964405213681,170019716302635146,170050495782060049,0,170019716302635146,9893.646,291.11926,0,0,0,53187.598,287.5735,True,2026022300204,95,0.0,6.123706e-06,6.0934613e-06,1.4307198e-12,2921.8176,0.111987494,401.14447,0.10774743,False,11006.638,686.9939,False,False,False,33.849854,,1709.5065,1681,9168.621,1.3843118,150.1657691351671,,2.1559655329149034,,0.25707537,,88.17434,,,0,False,,,,,,,,0,False,False,False,43184.676,15.373014,0.19494441,0.19388415,0.0027261318,0.17755367,0.16678429,-0.0074815564,False,False,False,False,0.06925373,0.91730785,False,False,61095.13418413418,,24,False,False,False,False,False,False,False,False,False,False,False,False,False,False,False,False,False,False,False,False,False,i
3,61095.1333076001,lsst,150.16576290812785,2.1559686168195236,170019716302635146,170050496050495647,0,170019716302635146,9700.772,273.27042,0,0,0,47930.094,268.51895,True,2026022300206,95,0.0,4.845268e-06,4.790396e-06,-3.1716038e-12,3014.5442,0.080511115,3207.1448,0.092424296,False,9670.911,681.26526,False,False,False,34.738895,,1723.5719,1681,9437.522,1.332695,150.16576164080337,,2.155967732359726,,0.67504394,,-12.230589,,,0,False,,,,,,,,0,False,False,False,38147.777,17.966993,0.12759696,0.14152445,-0.019489521,0.1458367,0.15268482,-0.002937129,False,False,False,False,0.035506364,0.8381737,False,False,61095.13511946601,,24,False,False,False,False,False,False,False,False,False,False,False,False,False,False,False,False,False,False,False,False,False,i
3,61095.13377287988,lsst,150.1657733403457,2.1559751565384944,170019716302635146,170050496185761961,0,170019716302635146,10002.864,266.18546,0,0,0,46815.65,262.0061,True,2026022300207,97,0.0,4.804124e-06,4.869889e-06,1.6010712e-12,2765.148,0.08998822,3442.66,0.08393406,False,10601.982,678.5049,False,False,False,36.9093,,1638.9636,1681,9461.6,0.02548435,150.1657746129827,,2.1559746212175748,,0.50398564,,62.46127,,,0,False,,,,,,,,0,False,False,False,36717.645,23.231098,0.15777063,0.14247032,0.007966517,0.13983835,0.14082623,0.001985044,False,False,False,False,0.016902667,0.8566614,False,False,61095.13572826215,,20,False,False,False,False,False,False,False,False,False,False,False,False,False,False,False,False,False,False,False,False,False,i
3,61095.13470496947,lsst,150.16576872519843,2.1559688641541133,170019716302635146,170050496452624389,0,170019716302635146,9637.596,272.3685,0,0,0,47945.875,267.21762,True,2026022300209,94,0.0,5.173155e-06,4.9970076e-06,-2.1580637e-12,1751.64,0.087251276,103.9379,0.09552757,False,9384.634,677.2145,False,False,False,34.87898,,1569.6902,1681,9284.446,2.1994157,150.1657685570115,,2.1559690537510705,,0.58991206,,106.42453,,,0,False,,,,,,,,0,False,False,False,38219.426,18.71615,0.12975554,0.15514195,0.008764991,0.14348774,0.14679506,-0.0034014957,False,False,False,False,0.0012463622,0.8142555,False,False,61095.13658444813,,21,False,False,False,False,False,False,False,False,False,False,False,False,False,False,False,False,False,False,False,False,False,i
3,61095.135169875066,lsst,150.16576945836934,2.1559671486432896,170019716302635146,170050496582647856,0,170019716302635146,9547.35,274.65225,0,0,0,48522.95,269.04706,True,2026022300210,86,0.0,5.027923e-06,4.781743e-06,-2.2127506e-12,3246.831,0.08352198,1161.9552,0.092777945,False,10242.788,675.44763,False,False,False,34.453995,,1730.6956,1681,9046.168,1.6756744,150.1657713751277,,2.155966620321016,,0.67910695,,80.07411,,,0,False,,,,,,,,0,False,False,False,38914.14,18.964954,0.13083254,0.13725649,0.020728154,0.13403031,0.15445775,0.0036441549,False,False,False,False,0.017851247,0.89158535,False,False,61095.13703231582,,22,False,False,False,False,False,False,False,False,False,False,False,False,False,False,False,False,False,False,False,False,False,i
3,61095.13563587865,lsst,150.16577298673582,2.155966855780596,170019716302635146,170050496720535677,0,170019716302635146,9374.064,271.55652,0,0,0,48354.15,265.87354,True,2026022300211,93,0.0,5.6278936e-06,4.7458047e-06,-6.5468572e-12,822.4938,0.07864492,3132.4338,0.1065591,False,8416.467,673.94434,False,False,False,34.16208,,1668.7771,1681,9175.677,0.61752045,150.1657725034105,,2.155966603705868,,0.73483306,,117.22548,,,0,False,,,,,,,,0,False,False,False,38920.582,20.379635,0.11675763,0.16635291,0.00026380675,0.12538914,0.16125716,0.0034187166,False,False,False,False,0.0005444072,0.8031236,False,False,61095.137429651135,,21,False,False,False,False,False,False,False,False,False,False,False,False,False,False,False,False,False,False,False,False,False,i
3,61095.13610608895,lsst,150.16576953210873,2.1559782031243118,170019716302635146,170050496853180552,0,170019716302635146,9679.113,265.79514,0,0,0,46682.918,260.50803,True,2026022300212,90,0.0,5.3175318e-06,4.9534474e-06,-2.1884497e-12,2678.3813,0.087252915,2620.555,0.097355485,False,11006.048,674.7798,False,False,False,35.036076,,1804.7988,1681,9121.013,2.0263186,150.165770440207,,2.1559808385330177,,0.49547237,,50.500732,,,0,False,,,,,,,,0,False,False,False,36952.883,19.01204,0.17216574,0.1589533,0.008313015,0.12737364,0.14980449,0.0062870313,False,False,False,False,0.122834645,0.81975645,False,False,61095.13790349919,,26,False,False,False,False,False,False,False,False,False,False,False,False,False,False,False,False,False,False,False,False,False,i
3,61095.13657048374,lsst,150.1657670874842,2.1559551101355483,170019716302635146,170050496991068175,0,170019716302635146,10109.775,258.2467,0,0,0,44807.914,254.01274,True,2026022300213,97,0.0,3.948481e-06,3.9225997e-06,-9.419123e-14,2051.1829,0.0704769,230.15692,0.07111904,False,8554.956,672.9418,False,False,False,39.144592,,1762.6542,1681,9234.047,0.67909,150.1657675041765,,2.155954946630381,,0.30293173,,-10.149401,,,0,False,,,,,,,,0,False,False,False,34555.547,24.459196,0.110209264,0.106699705,-0.0034893837,0.12412258,0.12844463,-0.002863843,False,False,False,False,0.06092099,0.66945857,False,False,61095.13835246949,,19,False,False,False,False,False,False,False,False,False,False,False,False,False,False,False,False,False,False,False,False,False,i
3,61095.13703685996,lsst,150.16577723758354,2.1559705124405704,170019716302635146,170050497119518836,0,170019716302635146,10114.89,267.38657,0,0,0,47526.992,261.8906,True,2026022300214,86,0.0,4.286542e-06,4.3707955e-06,2.7875933e-13,3694.9375,0.078821145,2216.4158,0.07691335,False,10277.033,673.3435,False,False,False,37.763912,,1822.2617,1681,9444.712,1.3972703,150.16577726689192,,2.1559703762973212,,0.5187026,,-7.155367,,,0,False,,,,,,,,0,False,False,False,37337.65,20.11839,0.1329988,0.1182605,-0.009260049,0.1282239,0.14177968,-0.003175266,False,False,False,False,0.016115172,0.7608812,False,False,61095.13880725663,,21,False,False,False,False,False,False,False,False,False,False,False,False,False,False,False,False,False,False,False,False,False,i
1,61095.140408300555,lsst,150.16576255715057,2.155961271665227,170019716302635146,170050497662156932,0,170019716302635146,7465.644,143.4404,0,0,0,25745.137,142.22717,True,2026022300218,97,0.0,3.4742975e-06,3.5061669e-06,1.8197661e-12,2893.1338,0.06728554,2803.2415,0.05787413,False,7312.2783,327.7818,False,False,False,52.248024,,1732.6681,1681,7340.22,0.53900903,150.16576269159975,,2.155961134757051,,0.6239536,,15.079383,,,0,False,,,,,,,,0,False,False,False,18190.03,23.474552,0.16356754,0.14442167,-0.014403782,0.1652963,0.13443774,-0.0072597414,False,False,False,False,0.002831863,0.77400583,False,False,61095.14218438148,,22,False,False,False,False,False,False,False,False,False,False,False,False,False,False,False,False,False,False,False,False,False,g
1,61095.141805133,lsst,150.1657628870569,2.1559546879048863,170019716302635146,170050498063761570,0,170019716302635146,8094.5083,149.73756,0,0,0,27888.35,148.77559,True,2026022300221,95,0.0,3.469811e-06,3.8193184e-06,3.2994647e-12,2780.1748,0.07380878,3939.678,0.056222204,False,8933.381,326.99286,False,False,False,53.032337,,1664.9891,1681,8058.3657,0.3956466,150.16576280057396,,2.1559545438445564,,0.7024421,,22.87475,,,0,False,,,,,,,,0,False,False,False,19707.188,25.868547,0.19469987,0.15407811,-0.008685724,0.19373257,0.14222944,-0.007600287,False,False,False,False,0.0060795946,0.9204083,False,False,61095.14368307291,,26,False,False,False,False,False,False,False,False,False,False,False,False,False,False,False,False,False,False,False,False,False,g
1,61095.14227042209,lsst,150.16576831767205,2.155957257415352,170019716302635146,170050498199027855,0,170019716302635146,7533.9253,147.14056,0,0,0,27006.367,146.37941,True,2026022300222,97,0.0,3.356859e-06,3.7088505e-06,2.3874316e-12,1945.0675,0.07010366,3494.8562,0.05635235,False,7799.2407,326.88113,False,False,False,50.713253,,1726.3914,1681,7340.8154,1.3030016,150.16576840098543,,2.1559568695965106,,0.64343375,,20.740568,,,0,False,,,,,,,,0,False,False,False,19330.006,27.385439,0.16370408,0.12910183,-0.0066465605,0.17761253,0.1364535,-0.0049691885,False,False,False,False,0.01779091,0.81414783,False,False,61095.14466428672,,24,False,False,False,False,False,False,False,False,False,False,False,False,False,False,False,False,False,False,False,False,False,g
1,61095.14273707614,lsst,150.16576545486942,2.1559542169916717,170019716302635146,170050498333245569,0,170019716302635146,7970.9243,146.81174,0,0,0,26725.373,145.48514,True,2026022300223,97,0.0,3.3168456e-06,3.8322496e-06,2.7877616e-12,3506.3767,0.07233258,2717.058,0.055432122,False,8922.44,327.34692,False,False,False,53.95932,,1632.3253,1681,7878.3027,0.43955135,150.16576560562805,,2.1559539018927554,,0.7737041,,34.14153,,,0,False,,,,,,,,0,False,False,False,18656.469,22.711775,0.19485208,0.14137258,0.0055579334,0.17171295,0.13562068,-0.0045634937,False,False,False,False,0.033309355,0.89222294,False,False,61095.14465950086,,27,False,False,False,False,False,False,False,False,False,False,False,False,False,False,False,False,False,False,False,False,False,g
1,61095.143202573934,lsst,150.16576517150764,2.1559528218116704,170019716302635146,170050498465890307,0,170019716302635146,7975.0815,148.88457,1,0,0,26878.78,147.07787,True,2026022300224,94,0.0,3.2872563e-06,3.9278234e-06,2.877736e-12,2009.455,0.073714234,93.445435,0.05520532,True,8734.76,332.21225,True,False,False,53.085,,1831.8018,1681,,,,,,,,,,,,0,False,,,,,,,,0,True,False,False,18790.924,19.534233,0.20686975,0.15988639,-0.0077650677,0.17807151,0.1321814,-0.002357953,True,False,False,False,,0.9352774,False,False,61095.145405220785,,38,False,False,False,False,False,False,False,False,False,False,False,False,False,False,False,False,False,False,False,False,False,g
1,61095.143670465695,lsst,150.1657592943502,2.155956836093795,170019716302635146,170050498595913740,0,170019716302635146,8490.762,147.12515,0,0,0,26578.467,145.63467,True,2026022300225,86,0.0,2.868981e-06,3.3514964e-06,1.5066348e-12,3425.9578,0.06191916,156.42676,0.049588468,False,9255.853,330.98538,False,False,False,57.556576,,1734.4844,1681,8243.356,0.059612103,150.16575972074276,,2.1559564588452296,,0.64158636,,7.2187185,,,0,False,,,,,,,,0,False,False,False,17948.389,20.376833,0.1687887,0.13720497,-0.009370217,0.16657306,0.13301642,-0.0020378542,False,False,False,False,0.0017062178,0.9365036,False,False,61095.145521893166,,30,False,False,False,False,False,False,False,False,False,False,False,False,False,False,False,False,False,False,False,False,False,g
1,61095.14413893499,lsst,150.1659311355261,2.1559011366623024,170019716302635146,170050498733801572,0,170019716302635146,3736.3853,147.39815,0,0,0,28333.574,145.42548,True,2026022300226,93,0.0,3.2513758e-06,4.0453774e-06,2.3304258e-12,703.435,0.07454478,2361.1018,0.05614752,False,7400.9604,334.78955,False,False,False,53.375023,,4085.145,1681,7652.044,0.20183338,150.16576583719743,,2.155959666824442,,0.6131744,,14.002191,,,0,False,20246.686,379.15448,0.0,758.30896,0.12003951,-69.72652,2629.1587,2232,False,False,False,24573.537,24.893856,0.16038881,0.12750722,-0.0031423925,0.16945358,0.12793824,-0.0047419793,False,False,False,False,0.003775055,0.17653136,True,True,61095.145976771906,,32,False,False,False,False,False,False,False,False,False,False,False,False,False,False,False,False,False,False,False,False,False,g
1,61095.144604067595,lsst,150.16576639568441,2.1559552658590957,170019716302635146,170050498866446451,0,170019716302635146,7809.8267,140.66017,1,0,0,24960.617,139.82805,True,2026022300227,90,0.0,2.8331153e-06,3.6175861e-06,1.6588221e-12,3205.4534,0.06626537,2158.2847,0.049346425,True,8565.231,327.62805,True,False,False,55.08852,,1709.5245,1681,,,,,,,,,,,,0,False,,,,,,,,0,True,False,False,16997.48,30.276798,0.16792952,0.130263,-0.010771896,0.16387543,0.11497881,-0.0032663862,True,False,False,False,,0.84814364,False,False,61095.14648605685,,34,False,False,False,False,False,False,False,False,False,False,False,False,False,False,False,False,False,False,False,False,False,g
1,61095.14506851164,lsst,150.16576523736586,2.155961384378708,170019716302635146,170050499004334092,0,170019716302635146,7655.294,141.2127,0,0,0,25119.549,141.14348,True,2026022300228,97,0.0,2.7971937e-06,3.967787e-06,1.9937036e-12,1684.311,0.0724031,208.21559,0.048750162,False,8906.39,329.59207,False,False,False,53.734917,,1691.4946,1681,7731.761,0.44285193,150.1657651751361,,2.1559618078639655,,0.8475546,,8.069112,,,0,False,,,,,,,,0,False,False,False,17288.406,30.369453,0.18536247,0.11894945,-0.0062110866,0.16531213,0.11257762,-0.000919539,False,False,False,False,0.030848084,0.884858,False,False,61095.146894988604,,22,False,False,False,False,False,False,False,False,False,False,False,False,False,False,False,False,False,False,False,False,False,g
1,61095.14553665082,lsst,150.16576544567397,2.1559588580792535,170019716302635146,170050499132784702,0,170019716302635146,7495.607,140.74467,0,0,0,24897.523,140.18648,True,2026022300229,86,0.0,2.8274687e-06,3.66345e-06,1.0391672e-12,3717.1313,0.066343516,1253.0747,0.050226096,False,8028.446,327.31573,False,False,False,53.115417,,1617.0447,1681,7422.588,0.7361767,150.16576536109216,,2.1559584601251314,,0.6636558,,2.751863,,,0,False,,,,,,,,0,False,False,False,17257.057,33.2358,0.15613167,0.1177385,-0.005304441,0.16262557,0.1173468,-3.2465014e-05,False,False,False,False,0.0016576747,0.7763437,False,False,61095.14735496074,,22,False,False,False,False,False,False,False,False,False,False,False,False,False,False,False,False,False,False,False,False,False,g
1,61095.14600623819,lsst,150.16576401540306,2.1559562009400244,170019716302635146,170050499268575368,0,170019716302635146,7856.3643,139.12311,0,0,0,25055.72,139.7168,True,2026022300230,89,0.0,2.8097938e-06,3.4833035e-06,5.5577033e-13,3331.4185,0.06281906,2569.4426,0.050298713,False,8341.008,325.99597,False,False,False,55.96567,,1658.054,1681,7656.0283,0.1714667,150.16576408357375,,2.155955972201249,,0.61775935,,16.120056,,,0,False,,,,,,,,0,False,False,False,17063.723,33.69906,0.16253205,0.13014564,0.0051349606,0.15461978,0.12179686,0.006968122,False,False,False,False,0.011862947,0.8143009,False,False,61095.14784465707,,24,False,False,False,False,False,False,False,False,False,False,False,False,False,False,False,False,False,False,False,False,False,g
1,61095.1470194866,lsst,150.16576726876605,2.1559614589716722,170019716302635146,170050499537535164,0,170019716302635146,7842.3354,146.29579,0,0,0,26577.99,145.23924,True,2026022300232,90,0.0,3.073833e-06,3.5272997e-06,-1.1776826e-12,2850.535,0.064452894,3890.16,0.054062393,False,7908.9253,328.8239,False,False,False,53.19763,,1701.5546,1681,7783.39,0.8127891,150.16576795311468,,2.1559628104097572,,0.81311005,,9.635054,,,0,False,,,,,,,,0,False,False,False,18617.4,42.762997,0.17208673,0.13908592,0.025900844,0.16635041,0.14172143,0.02696852,False,False,False,False,0.0003891997,0.86195356,False,False,61095.1487861794,,23,False,False,False,False,False,False,False,False,False,False,False,False,False,False,False,False,False,False,False,False,False,g
4,61095.14884484888,lsst,150.1657655739372,2.155965796661133,170019716302635146,170050499675422862,0,170019716302635146,8285.662,357.72787,0,0,0,42173.023,351.38596,True,2026022300233,97,0.0,6.7020737e-06,6.6478974e-06,-1.8086846e-12,2544.922,0.117569245,2855.4353,0.12255869,False,7879.0405,1062.6235,False,False,False,23.035818,,1567.8734,1681,7907.551,1.4098102,150.16576577985379,,2.1559659848297943,,0.40083864,,121.924095,,,0,False,,,,,,,,0,False,False,False,33758.266,73.76881,0.105347045,0.11877109,0.0017676908,0.113032155,0.11734313,0.006583751,False,False,False,False,0.0021199398,0.8640775,False,False,61095.15047037412,,18,False,False,False,False,False,False,False,False,False,False,False,False,False,False,False,False,False,False,False,False,False,z
4,61095.14931093139,lsst,150.16577024930007,2.1559673553708163,170019716302635146,170050499808591938,0,170019716302635146,7870.302,359.13232,0,0,0,42961.72,354.78354,True,2026022300234,95,0.0,7.0047645e-06,7.0815363e-06,1.778662e-12,3140.418,0.1290725,1517.4742,0.124323055,False,8265.082,1058.9589,False,False,False,21.583996,,1635.5114,1681,7683.1187,3.124869,150.16576994008022,,2.1559675480485487,,0.5939063,,77.884125,,,0,False,,,,,,,,0,False,False,False,34853.54,67.77385,0.11111243,0.10703733,0.015826209,0.11305813,0.11902753,0.00072196446,False,False,False,False,0.010395921,0.86856055,False,False,61095.15091045132,,16,False,False,False,False,False,False,False,False,False,False,False,False,False,False,False,False,False,False,False,False,False,z
4,61095.14977643661,lsst,150.16576950435032,2.1559644727661547,170019716302635146,170050499943858179,0,170019716302635146,9125.877,370.85727,0,0,0,45964.957,370.52173,True,2026022300235,97,0.0,6.4674527e-06,6.9800176e-06,8.0216216e-12,3658.109,0.13220103,92.11271,0.10875721,False,8797.465,1059.2997,False,False,False,24.540249,,1676.9176,1681,8887.931,1.2656336,150.16576886747697,,2.1559645463441055,,0.6761988,,47.31906,,,0,False,,,,,,,,0,False,False,False,36507.51,67.9921,0.14020908,0.103134446,0.009800214,0.1321146,0.11336591,0.000908534,False,False,False,False,0.00023225645,0.9209936,False,False,61095.15150540002,,17,False,False,False,False,False,False,False,False,False,False,False,False,False,False,False,False,False,False,False,False,False,z
4,61095.15024077405,lsst,150.16577281990772,2.155968480301491,170019716302635146,170050500078600193,0,170019716302635146,9104.083,386.04382,0,0,0,48814.754,379.96298,True,2026022300236,98,0.0,6.872098e-06,7.742356e-06,1.1378826e-11,2646.1794,0.14683442,52.322716,0.114568286,False,7728.3506,1058.7167,False,False,False,23.470007,,1676.8014,1681,9118.603,0.5998149,150.16577259437432,,2.1559694974948247,,0.7480105,,47.647808,,,0,False,,,,,,,,0,False,False,False,39517.707,62.92519,0.15557048,0.112818524,0.014687077,0.14874046,0.12747112,-2.9144082e-06,False,False,False,False,0.0027626012,0.94220877,False,False,61095.1519613156,,18,False,False,False,False,False,False,False,False,False,False,False,False,False,False,False,False,False,False,False,False,False,z
4,61095.15070402154,lsst,150.1657765938524,2.1559655213805,170019716302635146,170050500212293799,0,170019716302635146,9104.259,360.39725,0,0,0,43814.19,355.37814,True,2026022300237,97,0.0,6.0914977e-06,6.4901183e-06,3.5177774e-12,1554.944,0.11924213,3478.7302,0.10689061,False,9265.86,1054.6334,False,False,False,24.899712,,1838.3357,1681,8452.704,0.5049587,150.16577711898316,,2.1559648553629347,,0.38707075,,25.783657,,,0,False,,,,,,,,0,False,False,False,34532.145,87.21756,0.11675779,0.103855446,-0.0003351882,0.12011259,0.10364328,0.00025867336,False,False,False,False,0.00055103784,0.9297809,False,False,61095.152368301286,,19,False,False,False,False,False,False,False,False,False,False,False,False,False,False,False,False,False,False,False,False,False,z
4,61095.15116941439,lsst,150.16577519248088,2.1559605792494927,170019716302635146,170050500346511513,0,170019716302635146,8374.617,368.27762,0,0,0,44398.02,362.2034,True,2026022300238,97,0.0,6.6140765e-06,7.079615e-06,3.6102035e-12,3170.958,0.12941946,2810.2866,0.11676968,False,8991.105,1062.652,False,False,False,22.603363,,1658.2731,1681,7891.2583,2.9010103,150.16577544546325,,2.155960285789133,,0.5152329,,67.479195,,,0,False,,,,,,,,0,False,False,False,35911.145,59.183952,0.113161094,0.11167778,0.0117190415,0.12202654,0.11079653,0.0032011666,False,False,False,False,0.0034135324,0.9279075,False,False,61095.152903171474,,18,False,False,False,False,False,False,False,False,False,False,False,False,False,False,False,False,False,False,False,False,False,z
4,61095.151638746625,lsst,150.16577125812844,2.1559731498470143,170019716302635146,170050500479156230,0,170019716302635146,8731.227,353.76715,0,0,0,42671.957,351.76883,True,2026022300239,94,0.0,6.064857e-06,6.3081e-06,1.4188047e-12,2149.4045,0.11427935,97.95129,0.10827114,False,9632.518,1061.4044,False,False,False,24.342892,,1712.272,1681,8516.297,3.6962814,150.16577231170092,,2.155974065499078,,0.5958359,,48.81135,,,0,False,,,,,,,,0,False,False,False,33657.312,66.30698,0.11835152,0.0996069,0.013054692,0.10776295,0.10753518,-0.0035770761,False,False,False,False,0.0004103497,0.900123,False,False,61095.153418518275,,19,False,False,False,False,False,False,False,False,False,False,False,False,False,False,False,False,False,False,False,False,False,z
4,61095.15210396373,lsst,150.16576140670742,2.1559739363025328,170019716302635146,170050500607606970,0,170019716302635146,8564.166,350.92914,0,0,0,40236.977,345.19687,True,2026022300240,83,0.0,5.3607973e-06,5.519777e-06,6.542163e-13,3573.0417,0.099670656,3898.73,0.09608319,False,8645.549,1058.4374,False,False,False,23.888926,,1664.1918,1681,7562.6963,7.2194257,150.16576309882282,,2.155971424385111,,0.203407,,81.26461,,,0,False,,,,,,,,0,False,False,False,31498.521,79.759926,0.07795349,0.07996828,0.0014269624,0.10324119,0.10325873,-0.0009993868,False,False,False,False,0.1330067,0.8570689,False,False,61095.153812531236,,18,False,False,False,False,False,False,False,False,False,False,False,False,False,False,False,False,False,False,False,False,False,z
4,61095.152571028084,lsst,150.16576784678003,2.155965728703622,170019716302635146,170050500747067480,0,170019716302635146,8648.417,363.9625,0,0,0,43766.332,357.56674,True,2026022300241,93,0.0,7.2015664e-06,5.861571e-06,-5.2417393e-12,693.35614,0.10320952,1980.9861,0.13136582,False,7661.4434,1059.6442,False,False,False,23.483868,,1685.6453,1681,8477.439,3.1848493,150.1657683987098,,2.155964639201151,,0.6994745,,76.154976,,,0,False,,,,,,,,0,False,False,False,34953.566,69.24483,0.09470946,0.11859348,0.019572997,0.103838675,0.124288864,-0.0013388087,False,False,False,False,0.011958553,0.8649523,False,False,61095.15424448264,,17,False,False,False,False,False,False,False,False,False,False,False,False,False,False,False,False,False,False,False,False,False,z
4,61095.15304193804,lsst,150.16576755661035,2.1559698996984884,170019716302635146,170050500879712357,0,170019716302635146,8774.531,363.2092,0,0,0,43378.703,358.21762,True,2026022300242,90,0.0,7.766652e-06,5.3875956e-06,-7.415714e-12,3496.286,0.094096094,1965.3861,0.14165674,False,7768.988,1064.7982,False,False,False,23.807026,,1724.9917,1681,8783.554,4.324238,150.1657659892204,,2.1559685938150683,,0.817795,,97.01341,,,0,False,,,,,,,,0,False,False,False,34463.098,93.94057,0.08141623,0.14505713,0.006375139,0.096756205,0.12758492,-0.0041705933,False,False,False,False,0.00025303234,0.884647,False,False,61095.15477101624,,17,False,False,False,False,False,False,False,False,False,False,False,False,False,False,False,False,False,False,False,False,False,z
4,61095.15350438159,lsst,150.1657717078978,2.155985310057278,170019716302635146,170050501017600008,0,170019716302635146,8444.143,371.92056,0,0,0,44285.824,366.86115,True,2026022300243,97,0.0,7.817226e-06,6.530886e-06,-3.136957e-12,1521.6274,0.11677469,191.77774,0.14123371,False,9434.609,1073.4891,False,False,False,22.152636,,1562.5493,1681,8085.6924,2.0326252,150.16577249249627,,2.155985174483307,,0.6085402,,73.784454,,,0,False,,,,,,,,0,False,False,False,35675.914,60.94397,0.10906347,0.12997673,0.013013829,0.10958073,0.12795666,0.0055601643,False,False,False,False,0.00011871284,0.91391337,False,False,61095.155182330906,,17,False,False,False,False,False,False,False,False,False,False,False,False,False,False,False,False,False,False,False,False,False,z
4,61095.153971139516,lsst,150.1657654374011,2.1559628244132303,170019716302635146,170050501146050589,0,170019716302635146,7945.902,371.20718,0,0,0,44520.848,369.82257,True,2026022300244,86,0.0,7.892316e-06,6.533382e-06,-2.2728646e-12,3784.7673,0.11718699,797.753,0.14229544,False,6674.6274,1075.4819,False,False,False,21.047731,,1708.8923,1681,7260.115,2.9250739,150.1657649594656,,2.1559614813460413,,0.39773762,,79.16108,,,0,False,,,,,,,,0,False,False,False,36333.06,84.156334,0.0917777,0.10306574,0.003911596,0.10246528,0.1299405,-0.0068152533,False,False,False,False,0.07301532,0.88241124,False,False,61095.155628592605,,17,False,False,False,False,False,False,False,False,False,False,False,False,False,False,False,False,False,False,False,False,False,z
4,61095.15443589182,lsst,150.1657557712448,2.155963507841505,170019716302635146,170050501281841245,0,170019716302635146,7418.1235,367.01886,0,0,0,42080.44,362.94568,True,2026022300245,89,0.0,8.120235e-06,6.711701e-06,-1.2136336e-12,3017.7124,0.12066665,2076.727,0.14618807,False,7086.7627,1070.5698,False,False,False,19.765577,,1673.0942,1681,6995.044,0.33887896,150.1657553092091,,2.1559628568606266,,0.51896507,,-82.22652,,,0,False,,,,,,,,0,False,False,False,34496.13,76.17306,0.08982499,0.11354172,-0.001847481,0.104414515,0.12471378,-0.0004294926,False,False,False,False,0.035530798,0.82594043,False,False,61095.15608090443,,16,False,False,False,False,False,False,False,False,False,False,False,False,False,False,False,False,False,False,False,False,False,z
4,61095.15508412129,lsst,150.1657608230546,2.1559726865143007,170019716302635146,170050501419204614,0,170019716302635146,8201.99,409.90915,0,0,0,50703.664,400.0658,True,2026022300246,95,0.0,9.099766e-06,9.041403e-06,5.2925687e-13,250.07047,0.16392288,221.08975,0.16243307,False,7698.6616,1071.9755,False,False,False,20.084103,,1627.3448,1681,8015.6416,3.585381,150.16576102291756,,2.1559744888855814,,0.58931166,,86.62073,,,0,False,,,,,,,,0,False,False,False,42413.164,66.23146,0.16678931,0.1427451,0.009488881,0.14751564,0.1590034,-0.0026132015,False,False,False,False,0.00037031178,0.83554244,False,False,61095.156776178206,,20,False,False,False,False,False,False,False,False,False,False,False,False,False,False,False,False,False,False,False,False,False,z
4,61095.155550065974,lsst,150.16577653686932,2.155964721933374,170019716302635146,170050501553946659,0,170019716302635146,8360.411,400.0366,0,0,0,51161.15,394.89615,True,2026022300247,96,0.0,7.867691e-06,8.249475e-06,-3.808419e-12,3572.2632,0.1394432,917.5048,0.15038474,False,6622.708,1073.7139,False,False,False,20.651966,,1764.8074,1681,8306.12,8.766205,150.16577432097384,,2.155964197222456,,0.7005258,,120.67923,,,0,False,,,,,,,,0,False,False,False,42712.34,78.57404,0.11844221,0.13569349,0.020851675,0.1353373,0.15078513,0.007797256,False,False,False,False,0.043668643,0.76910824,False,False,61095.15714049419,,20,False,False,False,False,False,False,False,False,False,False,False,False,False,False,False,False,False,False,False,False,False,z
2,61095.15743160785,lsst,150.16577034500077,2.1559731804270053,170019716302635146,170050501688164462,0,170019716302635146,8204.039,180.41884,0,0,0,33587.355,176.4761,True,2026022300248,96,0.0,3.703191e-06,3.317375e-06,4.3240978e-14,3369.5605,0.059662282,1983.2404,0.06660904,False,7743.2407,449.38696,False,False,False,45.129196,,1772.9321,1681,7605.0615,0.061902214,150.16577011438198,,2.155972497853229,,0.41562507,,66.04403,,,0,False,,,,,,,,0,False,False,False,25232.21,30.728245,0.11415905,0.124502614,0.0053832442,0.11715419,0.12825353,0.00057306996,False,False,False,False,0.0023117466,0.6943131,False,False,61095.15910516185,,20,False,False,False,False,False,False,False,False,False,False,False,False,False,False,False,False,False,False,False,False,False,r
2,61095.15789888926,lsst,150.16576584375554,2.1559678398874,170019716302635146,170050501823430704,0,170019716302635146,8429.113,180.93755,0,0,0,34198.625,178.42749,True,2026022300249,98,0.0,3.3119557e-06,3.5535352e-06,-1.0894086e-13,2192.9849,0.06393123,849.45667,0.059548195,False,8074.2676,449.6276,False,False,False,46.6196,,1699.38,1681,7902.299,0.6132962,150.16576606235623,,2.155967627773329,,0.4307077,,41.71232,,,0,False,,,,,,,,0,False,False,False,25588.521,30.562618,0.120872185,0.121127605,0.008033078,0.13184328,0.124550745,0.0060225963,False,False,False,False,0.010034641,0.7078964,False,False,61095.1596292159,,20,False,False,False,False,False,False,False,False,False,False,False,False,False,False,False,False,False,False,False,False,False,r
2,61095.15836536857,lsst,150.16577076292378,2.1559654765720055,170019716302635146,170050501957124126,0,170019716302635146,8309.906,183.87941,0,0,0,34993.324,180.91455,True,2026022300250,97,0.0,3.5083876e-06,3.7296334e-06,-1.9428984e-13,1777.7694,0.06713097,590.35645,0.06304378,False,8693.8955,450.43478,False,False,False,45.17994,,1598.1427,1681,7565.8525,0.049755026,150.1657703597339,,2.155964717619236,,0.32550272,,16.78035,,,0,False,,,,,,,,0,False,False,False,26524.775,34.677124,0.13069747,0.12457446,0.0033084964,0.12800178,0.12615843,-0.001126493,False,False,False,False,6.0685466e-05,0.7774254,False,False,61095.1601044149,,20,False,False,False,False,False,False,False,False,False,False,False,False,False,False,False,False,False,False,False,False,False,r
2,61095.158831362,lsst,150.16577321234652,2.1559751820117175,170019716302635146,170050502091866248,0,170019716302635146,8881.741,185.14317,0,0,0,35535.58,182.5919,True,2026022300251,98,0.0,3.3227227e-06,4.005123e-06,-8.927082e-13,24.730305,0.07237893,2638.754,0.059345488,False,9829.769,450.10727,False,False,False,47.267334,,1721.7124,1681,8385.421,0.051102377,150.16577356330473,,2.1559751016127664,,0.54230237,,5.1049824,,,0,False,,,,,,,,0,False,False,False,26503.314,36.375732,0.15107162,0.12865686,0.0064339503,0.15280509,0.11483911,0.01489053,False,False,False,False,0.006786416,0.79589367,False,False,61095.16050009398,,21,False,False,False,False,False,False,False,False,False,False,False,False,False,False,False,False,False,False,False,False,False,r
2,61095.159295887075,lsst,150.16577430614313,2.155962777053376,170019716302635146,170050502225035368,0,170019716302635146,8519.098,185.2666,0,0,0,35659.04,182.4314,True,2026022300252,96,0.0,3.4400666e-06,3.9326737e-06,-8.7623485e-13,2208.9465,0.0711866,1820.7938,0.06134926,False,8606.894,450.6667,False,False,False,45.34793,,1601.8527,1681,8184.4375,0.611186,150.1657745126863,,2.1559623076044376,,0.6094038,,8.631333,,,0,False,,,,,,,,0,False,False,False,26965.865,33.237797,0.14522702,0.120957226,0.011340706,0.14392029,0.12505521,0.013826067,False,False,False,False,0.00036144367,0.75534314,False,False,61095.16103324171,,21,False,False,False,False,False,False,False,False,False,False,False,False,False,False,False,False,False,False,False,False,False,r
2,61095.159760836905,lsst,150.16576603123127,2.155960427303098,170019716302635146,170050502359253097,0,170019716302635146,8233.191,185.68263,0,0,0,35242.1,182.61844,True,2026022300253,96,0.0,3.954842e-06,3.8255926e-06,3.1309336e-13,3874.0176,0.06859447,2351.508,0.07133767,False,8426.571,451.8663,False,False,False,44.29642,,1588.9521,1681,7843.9663,0.55720496,150.16576536463074,,2.155960183412962,,0.5332528,,46.88665,,,0,False,,,,,,,,0,False,False,False,26877.38,29.748112,0.13131242,0.14582185,0.010153611,0.13273787,0.13681969,0.012389673,False,False,False,False,0.0026544197,0.71690226,False,False,61095.161417204814,,20,False,False,False,False,False,False,False,False,False,False,False,False,False,False,False,False,False,False,False,False,False,r
2,61095.16022970482,lsst,150.16576443152886,2.1559587414113994,170019716302635146,170050502492422174,0,170019716302635146,9110.739,192.36722,0,0,0,37651.29,188.59438,True,2026022300254,94,0.0,3.7257105e-06,3.949528e-06,-6.4785937e-13,3350.1736,0.07152165,621.9683,0.06648217,False,9848.705,450.68167,False,False,False,46.795895,,1778.547,1681,8806.443,0.13687393,150.16576508217275,,2.1559593168525852,,0.7105632,,17.486328,,,0,False,,,,,,,,0,False,False,False,28426.227,27.758259,0.16204096,0.14797823,0.021746427,0.15003093,0.13992855,0.013823271,False,False,False,False,0.01716849,0.90085834,False,False,61095.16189625968,,24,False,False,False,False,False,False,False,False,False,False,False,False,False,False,False,False,False,False,False,False,False,r
2,61095.1611634656,lsst,150.16577275940378,2.1559828738401343,170019716302635146,170050502758760588,0,170019716302635146,8658.686,200.93892,0,0,0,40605.156,197.76427,True,2026022300256,90,0.0,4.182131e-06,4.578038e-06,-2.0206141e-12,2026.7501,0.08414773,2617.929,0.07320226,False,8756.373,449.20142,False,False,False,42.72602,,1702.8268,1681,8624.137,0.57748663,150.16577319940998,,2.155983226407275,,0.9117956,,7.506118,,,0,False,,,,,,,,0,False,False,False,31795.006,27.290968,0.18772174,0.15377603,0.035390347,0.17505814,0.15861379,0.029308697,False,False,False,False,0.0022884144,0.85766435,False,False,61095.16297315307,,25,False,False,False,False,False,False,False,False,False,False,False,False,False,False,False,False,False,False,False,False,False,r
2,61095.16163103953,lsst,150.16577125781077,2.1559697906410453,170019716302635146,170050502893502513,0,170019716302635146,9249.272,201.67471,0,0,0,40943.113,198.46045,True,2026022300257,91,0.0,3.9956817e-06,4.1468597e-06,-8.653764e-13,2689.3542,0.07554275,1184.23,0.070855945,False,9882.081,450.11673,False,False,False,45.095592,,1707.5753,1681,8834.248,0.3996655,150.16577173901723,,2.1559701457651963,,0.6718049,,9.4121275,,,0,False,,,,,,,,0,False,False,False,31563.92,27.415546,0.16980541,0.158355,0.019334383,0.16699006,0.15876167,0.017488327,False,False,False,False,0.00022224993,0.8530972,False,False,61095.1633487291,,24,False,False,False,False,False,False,False,False,False,False,False,False,False,False,False,False,False,False,False,False,False,r
2,61095.16209735326,lsst,150.16576982653018,2.1559713417780073,170019716302635146,170050503029293202,0,170019716302635146,8865.533,199.31674,0,0,0,40102.566,195.12581,True,2026022300258,94,0.0,4.2449024e-06,4.3573596e-06,-8.851614e-13,103.77575,0.07944598,3503.2595,0.07522374,False,8655.147,448.9268,False,False,False,44.46705,,1779.0592,1681,8632.153,0.079430565,150.1657702422173,,2.155970607641325,,0.80797035,,11.999747,,,0,False,,,,,,,,0,False,False,False,31178.656,22.225266,0.17766653,0.17291619,0.02981623,0.16936062,0.15677513,0.02168815,False,False,False,False,0.02260962,0.8570752,False,False,61095.16394579399,,23,False,False,False,False,False,False,False,False,False,False,False,False,False,False,False,False,False,False,False,False,False,r
2,61095.162564312246,lsst,150.16576917472327,2.155959561090375,170019716302635146,170050503161413671,0,170019716302635146,8049.023,194.5649,0,0,0,38450.887,190.97174,True,2026022300259,90,0.0,4.428585e-06,4.2421216e-06,1.9381222e-12,1924.4897,0.07350869,952.2318,0.082233116,False,7591.1235,447.939,False,False,False,40.29606,,1695.2408,1681,7878.365,1.2342638,150.16576951589852,,2.155960544335553,,0.759828,,23.097359,,,0,False,,,,,,,,0,False,False,False,30292.375,25.314003,0.13872485,0.1599411,0.024339054,0.15547012,0.15661032,0.019527312,False,False,False,False,0.0071704444,0.73697466,False,False,61095.164909166655,,22,False,False,False,False,False,False,False,False,False,False,False,False,False,False,False,False,False,False,False,False,False,r
2,61095.16302967743,lsst,150.16576704220347,2.155966322855878,170019716302635146,170050503293534227,0,170019716302635146,8572.641,195.97789,0,0,0,38730.094,191.89217,True,2026022300260,86,0.0,4.1503363e-06,4.1433273e-06,1.0356652e-13,2040.978,0.07436159,432.86185,0.074821316,False,9029.662,448.13837,False,False,False,43.38201,,1614.006,1681,7990.9463,0.3444883,150.16576737126042,,2.155966508090326,,0.55450845,,4.54953,,,0,False,,,,,,,,0,False,False,False,30020.95,22.771414,0.15388767,0.15054822,0.013378855,0.14959325,0.15410273,0.010709039,False,False,False,False,2.250163e-05,0.85804534,False,False,61095.164754056364,,24,False,False,False,False,False,False,False,False,False,False,False,False,False,False,False,False,False,False,False,False,False,r
2,61095.163647517715,lsst,150.16576723002916,2.1559643564163937,170019716302635146,170050503432470638,0,170019716302635146,9141.872,212.05215,0,0,0,44727.36,208.00722,True,2026022300261,95,0.0,4.6179484e-06,4.8040656e-06,6.6494195e-13,783.05945,0.08681719,2663.3823,0.08261611,False,9650.855,450.67218,False,False,False,43.31737,,1821.9052,1681,8680.298,0.19429949,150.16576690691795,,2.1559646267015236,,0.5424602,,27.976616,,,0,False,,,,,,,,0,False,False,False,35527.676,14.291229,0.20487098,0.1807299,0.0040811966,0.1815946,0.18792664,0.0053834096,False,False,False,False,0.008693434,0.88743895,False,False,61095.1655218614,,25,False,False,False,False,False,False,False,False,False,False,False,False,False,False,False,False,False,False,False,False,False,r
2,61095.16411102216,lsst,150.16576962720214,2.155970296314913,170019716302635146,170050503565639777,0,170019716302635146,8417.476,199.22267,0,0,0,39690.17,195.02217,True,2026022300262,93,0.0,4.59204e-06,4.294592e-06,-8.0149315e-13,2144.4329,0.076767914,2039.0948,0.083031364,False,8529.849,451.16373,False,False,False,41.825787,,1625.2424,1681,7893.7446,0.13759243,150.16576999176547,,2.155971016634081,,0.49704555,,63.26786,,,0,False,,,,,,,,0,False,False,False,31172.188,22.621183,0.16438341,0.16638312,0.010641967,0.15501882,0.16571909,0.012559394,False,False,False,False,0.0039057198,0.7579836,False,False,61095.165928082926,,24,False,False,False,False,False,False,False,False,False,False,False,False,False,False,False,False,False,False,False,False,False,r
3,61096.124610683495,lsst,150.1657775690461,2.1559633584012805,170019716302635146,170054942012735495,0,170019716302635146,9388.739,321.57187,0,0,0,59315.895,318.93228,True,2026022400563,95,0.0,6.759075e-06,6.4954534e-06,2.673493e-12,1537.1266,0.123493485,254.11952,0.11482756,False,9377.395,730.8791,False,False,False,29.061523,,1635.0187,1681,9987.231,0.4356855,150.1657734448159,,2.1559560768756616,,0.56325316,,140.40941,,,0,False,,,,,,,,0,False,False,False,49865.95,34.08716,0.23374309,0.25898537,0.005210638,0.24534151,0.24580215,-0.0099319555,False,False,False,False,6.383936e-05,0.92810506,False,False,61096.126283732534,,25,False,False,False,False,False,False,False,False,False,False,False,False,False,False,False,False,False,False,False,False,False,i
3,61096.12507405218,lsst,150.16576253882172,2.1559662994290565,170019716302635146,170054942146953328,0,170019716302635146,10224.055,310.59012,0,0,0,55781.13,309.72876,True,2026022400564,95,0.0,4.9045557e-06,4.823501e-06,7.7685037e-13,3871.1675,0.08910457,3104.812,0.08588084,False,10010.794,731.6293,False,False,False,32.058018,,1694.539,1681,10545.822,1.6974204,150.16576194729925,,2.155960769020601,,0.34982654,,54.372803,,,0,False,,,,,,,,0,False,False,False,45432.363,48.32702,0.22156367,0.21132742,-0.0007440333,0.23587024,0.21300705,0.0038850603,False,False,False,False,0.007083594,0.9487752,False,False,61096.12673362043,,26,False,False,False,False,False,False,False,False,False,False,False,False,False,False,False,False,False,False,False,False,False,i
3,61096.126009169966,lsst,150.16577742555575,2.15596878719122,170019716302635146,170054942414864394,0,170019716302635146,9925.816,324.61954,0,0,0,60792.195,320.96542,True,2026022400566,94,0.0,5.687222e-06,5.724024e-06,-7.5796075e-13,2677.8994,0.10138197,368.9689,0.10387091,False,9286.147,726.6945,False,False,False,29.858727,,1664.1904,1681,10281.827,1.6895349,150.16577922098543,,2.155972594262902,,0.59387416,,82.18761,,,0,False,,,,,,,,0,False,False,False,50791.508,38.42797,0.24498788,0.22929333,0.01308359,0.22921626,0.24430943,0.005668457,False,False,False,False,1.5048234e-05,0.91058207,False,False,61096.127764266246,,25,False,False,False,False,False,False,False,False,False,False,False,False,False,False,False,False,False,False,False,False,False,i
3,61096.12647471522,lsst,150.16577279559712,2.155967719639943,170019716302635146,170054942549082201,0,170019716302635146,9747.509,316.71036,0,0,0,57817.68,313.17853,True,2026022400567,94,0.0,5.831325e-06,5.8632686e-06,-1.1462918e-12,1174.0012,0.103378296,3097.1016,0.10695691,False,9392.5,726.29456,False,False,False,30.39422,,1683.6793,1681,9993.969,3.0627673,150.16576640007054,,2.155965117349665,,0.4256834,,26.720638,,,0,False,,,,,,,,0,False,False,False,48055.562,54.9073,0.22017291,0.20941003,-0.005523944,0.24187014,0.22708987,-0.01375812,False,False,False,False,0.040435135,0.93450403,False,False,61096.12817588336,,25,False,False,False,False,False,False,False,False,False,False,False,False,False,False,False,False,False,False,False,False,False,i
3,61096.12694419852,lsst,150.16576468056022,2.155966436655579,170019716302635146,170054942679105665,0,170019716302635146,8796.941,313.87247,0,0,0,55032.133,308.88748,True,2026022400568,86,0.0,6.283931e-06,6.3162115e-06,-3.6235574e-12,4013.3384,0.10802355,3577.3696,0.11840304,False,6831.43,729.581,False,False,False,27.77233,,1654.4542,1681,9110.125,2.0449228,150.16576322633762,,2.1559634043423244,,0.6008317,,46.6146,,,0,False,,,,,,,,0,False,False,False,46192.21,56.54477,0.21385859,0.18235917,1.5305795e-05,0.23181045,0.19422355,-0.004226272,False,False,False,False,0.025715342,0.8609195,False,False,61096.12870590109,,24,False,False,False,False,False,False,False,False,False,False,False,False,False,False,False,False,False,False,False,False,False,i
3,61096.12787685516,lsst,150.16577462611028,2.155957915381325,170019716302635146,170054942953308207,0,170019716302635146,9610.4795,305.83417,0,0,0,54834.734,303.13824,True,2026022400570,97,0.0,5.776368e-06,5.8536593e-06,2.7804894e-12,1900.8871,0.108870916,1413.189,0.10016428,False,9393.563,729.6488,False,False,False,31.238266,,1687.6628,1681,9906.729,3.095699,150.16577657997115,,2.155958684122995,,0.6120243,,77.577354,,,0,False,,,,,,,,0,False,False,False,45159.95,50.98228,0.19902024,0.19017857,0.015777133,0.21942459,0.18340932,-0.0009192065,False,False,False,False,0.005745419,0.91003007,False,False,61096.12962238616,,24,False,False,False,False,False,False,False,False,False,False,False,False,False,False,False,False,False,False,False,False,False,i
3,61096.12834426248,lsst,150.16577915619487,2.15597188786043,170019716302635146,170054943087001653,0,170019716302635146,9417.269,308.2977,0,0,0,55516.71,305.5952,True,2026022400571,96,0.0,5.901087e-06,6.1303454e-06,5.119008e-12,1241.8265,0.11589153,1568.4124,0.10000124,False,8818.518,726.6996,False,False,False,30.299479,,1670.5673,1681,9642.071,2.3559303,150.16578045471618,,2.155973288537207,,0.69494456,,70.68147,,,0,False,,,,,,,,0,False,False,False,46091.918,42.82919,0.19244725,0.17526333,0.019717967,0.2088088,0.19054401,0.0019558761,False,False,False,False,0.030817324,0.89421934,False,False,61096.130046441525,,23,False,False,False,False,False,False,False,False,False,False,False,False,False,False,False,False,False,False,False,False,False,i
3,61096.12880940353,lsst,150.16577053566195,2.155970021852069,170019716302635146,170054943221743725,0,170019716302635146,9417.545,286.98285,0,0,0,49004.01,283.80487,True,2026022400572,97,0.0,5.151511e-06,4.8122874e-06,-4.3399685e-12,2055.3904,0.08082513,2762.7253,0.09772402,False,10280.473,725.19305,False,False,False,31.793245,,1650.2755,1681,9635.233,3.1166174,150.1657720656918,,2.1559725968518944,,0.68709576,,101.85348,,,0,False,,,,,,,,0,False,False,False,39527.06,29.644428,0.13907623,0.16914445,0.015036866,0.17262173,0.17099091,0.0072972276,False,False,False,False,0.044491835,0.8210645,False,False,61096.13065385631,,23,False,False,False,False,False,False,False,False,False,False,False,False,False,False,False,False,False,False,False,False,False,i
3,61096.12927893826,lsst,150.1657855038049,2.155981504394395,170019716302635146,170054943350194301,0,170019716302635146,9260.858,289.80304,0,0,0,49686.695,284.86972,True,2026022400573,86,0.0,5.656429e-06,5.6307013e-06,-2.856668e-13,3895.0867,0.101009466,3107.9229,0.10204113,False,9599.567,724.2696,False,False,False,31.618443,,1642.1652,1681,9369.323,0.5138434,150.16578641075967,,2.155983216144561,,0.597282,,13.564239,,,0,False,,,,,,,,0,False,False,False,40358.37,23.069456,0.19277552,0.16747706,-0.009176323,0.17382492,0.15625893,-0.0012145455,False,False,False,False,0.033841588,0.843627,False,False,61096.1311506996,,22,False,False,False,False,False,False,False,False,False,False,False,False,False,False,False,False,False,False,False,False,False,i
3,61096.129745841055,lsst,150.16576587623666,2.155960999994709,170019716302635146,170054943488082047,0,170019716302635146,9746.083,287.81808,0,0,0,48531.746,282.70914,True,2026022400574,93,0.0,4.9763116e-06,5.030079e-06,4.1431474e-13,1248.3221,0.090884894,3781.605,0.089116804,False,9609.072,728.77185,False,False,False,32.857796,,1665.4335,1681,9960.426,0.72567225,150.16576562441418,,2.155962048901654,,0.7188805,,-22.686083,,,0,False,,,,,,,,0,False,False,False,38742.754,27.083982,0.15227348,0.16223235,-0.022875054,0.16351418,0.16373603,-0.0012489825,False,False,False,False,0.0061774193,0.87109154,False,False,61096.13162758052,,23,False,False,False,False,False,False,False,False,False,False,False,False,False,False,False,False,False,False,False,False,False,i
3,61096.130194937294,lsst,150.16576866326952,2.155968960987318,170019716302635146,170054943623348305,0,170019716302635146,9656.047,295.96167,0,0,0,51206.72,291.77347,True,2026022400575,95,0.0,5.1276147e-06,4.82351e-06,-4.003887e-12,1933.6554,0.081442334,2112.4058,0.09696887,False,10529.905,727.18005,False,False,False,31.845207,,1706.7661,1681,9759.052,3.1173463,150.16576780988365,,2.155965950466955,,0.5404868,,93.465775,,,0,False,,,,,,,,0,False,False,False,41509.145,20.898615,0.16586913,0.17765719,0.011255725,0.2056881,0.173234,0.0076463637,False,False,False,False,0.04043495,0.91663426,False,False,61096.132112873,,25,False,False,False,False,False,False,False,False,False,False,False,False,False,False,False,False,False,False,False,False,False,i
3,61096.130662687276,lsst,150.1657702122809,2.1559664460946077,170019716302635146,170054943759138871,0,170019716302635146,9499.474,297.6593,0,0,0,51865.062,293.51126,True,2026022400576,98,0.0,5.1145266e-06,5.460134e-06,3.5695231e-12,2726.6362,0.101752885,1487.4066,0.08808647,False,9273.4795,725.31616,False,False,False,31.205318,,1687.089,1681,10057.988,0.8830698,150.1657712490995,,2.1559666915842564,,0.8428247,,29.972246,,,0,False,,,,,,,,0,False,False,False,42315.316,44.869503,0.20289658,0.13711603,-0.001708418,0.22491102,0.16328283,0.0071058073,False,False,False,False,0.0719424,0.9195602,False,False,61096.13243015375,,22,False,False,False,False,False,False,False,False,False,False,False,False,False,False,False,False,False,False,False,False,False,i
3,61096.13113053603,lsst,150.16577262588305,2.155977479149657,170019716302635146,170054943892832290,0,170019716302635146,9902.176,289.3251,0,0,0,49364.41,285.62708,True,2026022400577,97,0.0,4.8102447e-06,5.279862e-06,3.6368309e-12,2876.421,0.09827479,898.0152,0.082769826,False,10621.11,727.4351,False,False,False,33.401527,,1718.484,1681,10675.406,1.6779017,150.1657734827071,,2.1559795316702615,,0.9906193,,45.875484,,,0,False,,,,,,,,0,False,False,False,39349.793,26.328133,0.22051525,0.1433992,0.026831256,0.20696147,0.150706,0.014679977,False,False,False,False,0.0013612978,0.9092565,False,False,61096.13303120668,,23,False,False,False,False,False,False,False,False,False,False,False,False,False,False,False,False,False,False,False,False,False,i
3,61096.13159839084,lsst,150.16577696295704,2.155967433291239,170019716302635146,170054944025477162,0,170019716302635146,10722.821,281.03195,0,0,0,48401.215,277.15393,True,2026022400578,94,0.0,4.3605264e-06,4.256544e-06,-5.6106606e-13,3364.682,0.075994484,820.79047,0.078999795,False,12075.649,720.79706,False,False,False,37.310078,,1556.6273,1681,10983.517,0.87538946,150.16577930382195,,2.155967106234504,,0.4398099,,32.172955,,,0,False,,,,,,,,0,False,False,False,37610.934,28.449793,0.17418069,0.15800297,0.0018571713,0.17724416,0.15432441,-0.0049969945,False,False,False,False,1.42446315e-05,0.89352334,False,False,61096.13358811481,,24,False,False,False,False,False,False,False,False,False,False,False,False,False,False,False,False,False,False,False,False,False,i
3,61096.13206496487,lsst,150.16577499554884,2.155979584053271,170019716302635146,170054944159694938,0,170019716302635146,9923.716,290.02774,0,0,0,50643.49,286.22107,True,2026022400579,94,0.0,5.0041494e-06,4.818914e-06,-9.174704e-13,789.92065,0.085963406,2575.6577,0.09070077,False,11526.174,720.34924,False,False,False,33.21646,,1774.761,1681,10131.028,0.9650813,150.16578126254336,,2.1559871958564303,,0.5839933,,29.88063,,,0,False,,,,,,,,0,False,False,False,40644.684,23.564945,0.20374732,0.17494984,0.0037192316,0.19460961,0.1751428,0.006478854,False,False,False,False,0.002697516,0.93678373,False,False,61096.133974715696,,23,False,False,False,False,False,False,False,False,False,False,False,False,False,False,False,False,False,False,False,False,False,i
3,61096.13253133997,lsst,150.16577016017595,2.15597258918332,170019716302635146,170054944289718298,0,170019716302635146,9963.8125,276.55338,0,0,0,46829.1,275.4797,True,2026022400580,86,0.0,4.9061773e-06,4.3202303e-06,-2.212426e-12,4020.4937,0.076054014,457.7823,0.08970218,False,10729.119,728.0306,False,False,False,34.958755,,1709.4894,1681,10073.696,1.4306743,150.16577065005472,,2.155972315949066,,0.57858104,,86.723,,,0,False,,,,,,,,0,False,False,False,36679.727,38.953903,0.13343284,0.15404405,0.010615624,0.15697718,0.14797443,0.0040390333,False,False,False,False,0.0124250045,0.864704,False,False,61096.13431716891,,23,False,False,False,False,False,False,False,False,False,False,False,False,False,False,False,False,False,False,False,False,False,i
3,61096.13299552269,lsst,150.16576537847,2.155970783899163,170019716302635146,170054944429703177,0,170019716302635146,9922.919,277.17462,0,0,0,45887.332,273.55936,True,2026022400581,97,0.0,4.318999e-06,4.665527e-06,1.0100978e-12,3208.8555,0.08448981,296.67316,0.07707378,False,10388.58,724.2964,False,False,False,34.418198,,1585.677,1681,10310.164,2.429157,150.1657712703489,,2.1559779709802753,,0.83983684,,41.805923,,,0,False,,,,,,,,0,False,False,False,35836.28,33.328693,0.19848177,0.15722278,0.025139807,0.16824466,0.14973372,0.020668814,False,False,False,False,0.054343764,0.92099375,False,False,61096.13475156012,,23,False,False,False,False,False,False,False,False,False,False,False,False,False,False,False,False,False,False,False,False,False,i
3,61096.13346012001,lsst,150.16577165322315,2.155960984479344,170019716302635146,170054944563920933,0,170019716302635146,10509.799,278.65076,0,0,0,46910.918,272.98267,True,2026022400582,97,0.0,4.0678206e-06,3.7106042e-06,-7.033423e-13,287.40045,0.06633705,964.97284,0.07354829,False,10042.133,721.82263,False,False,False,36.43022,,1707.9092,1681,10768.444,0.85198253,150.16577494000444,,2.155966849786874,,0.7438822,,37.29805,,,0,False,,,,,,,,0,False,False,False,36373.824,34.071945,0.17609745,0.14218508,0.018630873,0.17532924,0.14866237,0.025640283,False,False,False,False,0.0012551165,0.8854327,False,False,61096.13527756903,,22,False,False,False,False,False,False,False,False,False,False,False,False,False,False,False,False,False,False,False,False,False,i
3,61096.13392627618,lsst,150.16576271442133,2.155970594726047,170019716302635146,170054944696041589,0,170019716302635146,9412.777,274.47647,0,0,0,45543.52,271.93076,True,2026022400583,93,0.0,4.2819574e-06,4.6927057e-06,7.073475e-13,81.94653,0.08467169,3124.4946,0.07675637,False,8052.093,717.48865,False,False,False,33.780174,,1693.3097,1681,9238.517,0.9955852,150.16576375364377,,2.15597283473293,,0.6850417,,-0.73305047,,,0,False,,,,,,,,0,False,False,False,36038.293,41.491737,0.16591734,0.1266915,-0.008088577,0.17288962,0.13894482,-0.001194317,False,False,False,False,0.014690845,0.8841088,False,False,61096.13565542645,,21,False,False,False,False,False,False,False,False,False,False,False,False,False,False,False,False,False,False,False,False,False,i
3,61096.134391801985,lsst,150.16577251598298,2.1559701306999535,170019716302635146,170054944831832174,0,170019716302635146,9847.427,268.88895,0,0,0,44395.42,267.10733,True,2026022400584,96,0.0,3.873071e-06,4.5643155e-06,7.7672526e-13,4030.7026,0.08230172,2253.0264,0.06944001,False,9822.176,718.2575,False,False,False,36.112766,,1730.7626,1681,10096.033,2.3352153,150.16577269997686,,2.1559711515156983,,0.65252584,,32.05678,,,0,False,,,,,,,,0,False,False,False,34425.02,33.694103,0.14021426,0.114988655,0.014626543,0.1594965,0.127212,0.01678035,False,False,False,False,0.04230141,0.77740926,False,False,61096.13625265138,,23,False,False,False,False,False,False,False,False,False,False,False,False,False,False,False,False,False,False,False,False,False,i
3,61096.13532441521,lsst,150.16576081432083,2.1559647281807846,170019716302635146,170054945098694704,0,170019716302635146,9493.135,264.44662,0,0,0,42799.746,261.5959,True,2026022400586,93,0.0,4.5975426e-06,3.7690234e-06,-1.8328076e-13,981.6097,0.06778997,1348.2014,0.0827138,False,10565.326,714.2629,False,False,False,35.195236,,1692.6869,1681,9264.67,0.09224625,150.1657618503538,,2.155965424365478,,0.37168434,,44.34104,,,0,False,,,,,,,,0,False,False,False,33269.402,44.767727,0.15117994,0.15028702,0.0058733523,0.15383196,0.14501302,0.024564242,False,False,False,False,0.00028715932,0.87706304,False,False,61096.13699834395,,21,False,False,False,False,False,False,False,False,False,False,False,False,False,False,False,False,False,False,False,False,False,i
3,61096.13578916609,lsst,150.16577014146444,2.1559690188960015,170019716302635146,170054945234485391,0,170019716302635146,9021.996,274.29672,0,0,0,45781.523,270.1962,True,2026022400587,96,0.0,5.6971876e-06,4.8697757e-06,2.495678e-13,3341.6616,0.087591216,3791.8723,0.10250667,False,10042.994,713.7958,False,False,False,32.18327,,1684.9247,1681,9665.087,1.5633477,150.16576964149854,,2.155971049835557,,0.8687846,,53.298115,,,0,False,,,,,,,,0,False,False,False,36675.45,26.60284,0.1620077,0.18584928,0.033058986,0.16704357,0.16223551,0.026454829,False,False,False,False,0.0130021665,0.91510206,False,False,61096.13752897756,,23,False,False,False,False,False,False,False,False,False,False,False,False,False,False,False,False,False,False,False,False,False,i
3,61096.136261047184,lsst,150.16577027348822,2.1559640628572923,170019716302635146,170054945367130127,0,170019716302635146,10084.723,269.94266,0,0,0,45114.48,266.70676,True,2026022400588,93,0.0,4.450936e-06,4.1666026e-06,1.9367949e-13,2570.448,0.0749142,454.93106,0.08010024,False,10814.115,716.38367,False,False,False,35.992985,,1721.7767,1681,10255.541,0.87905496,150.16577165664245,,2.1559671404642016,,0.66792214,,39.010876,,,0,False,,,,,,,,0,False,False,False,34929.53,41.477257,0.1624361,0.16029373,0.019910242,0.15952927,0.14672908,0.022904243,False,False,False,False,0.010998431,0.8909893,False,False,61096.1380189255,,26,False,False,False,False,False,False,False,False,False,False,False,False,False,False,False,False,False,False,False,False,False,i
3,61096.1367257582,lsst,150.16577105881328,2.1559658371230723,170019716302635146,170054945502920839,0,170019716302635146,10383.174,288.0265,0,0,0,49904.35,284.19116,True,2026022400589,96,0.0,4.748116e-06,5.1404204e-06,-5.2441997e-13,1674.1797,0.09259609,3390.4258,0.08529014,False,10373.795,714.725,False,False,False,35.401863,,1745.4229,1681,11004.915,3.7108135,150.16577397430646,,2.1559706213556122,,0.94382304,,27.664103,,,0,False,,,,,,,,0,False,False,False,39439.89,22.062883,0.18966255,0.16156551,0.039879713,0.18209068,0.1688053,0.03790353,False,False,False,False,3.924048e-06,0.94825673,False,False,61096.13859431544,,23,False,False,False,False,False,False,False,False,False,False,False,False,False,False,False,False,False,False,False,False,False,i
3,61096.13744282487,lsst,150.1657629976744,2.1559601889339826,170019716302635146,170054945635041389,0,170019716302635146,9462.789,295.44925,0,0,0,52453.08,293.06036,True,2026022400590,92,0.0,5.8514897e-06,6.4063893e-06,-1.460488e-12,868.02936,0.104803875,3496.4934,0.11566803,False,9325.633,716.68414,False,False,False,31.335958,,1700.718,1681,9869.232,1.8937428,150.16576487782424,,2.1559540036214506,,0.7813668,,21.915226,,,0,False,,,,,,,,0,False,False,False,42837.582,19.495134,0.18494214,0.20639679,-0.025363596,0.19875208,0.20269135,-0.017956542,False,False,False,False,0.0031704567,0.9323344,False,False,61096.13927595286,,23,False,False,False,False,False,False,False,False,False,False,False,False,False,False,False,False,False,False,False,False,False,i
3,61096.13790677693,lsst,150.16577482204636,2.155958994927053,170019716302635146,170054945770831925,0,170019716302635146,9851.594,301.67908,0,0,0,54238.312,296.71686,True,2026022400591,95,0.0,5.3574945e-06,5.945316e-06,-1.8666776e-12,3926.76,0.09556269,1329.1096,0.10768313,False,9075.768,718.6717,False,False,False,32.0925,,1578.0969,1681,10479.95,0.89712834,150.1657798808902,,2.155965019990598,,0.71208936,,40.260536,,,0,False,,,,,,,,0,False,False,False,44346.543,48.54185,0.21283673,0.19750564,-0.02114654,0.2072265,0.21055321,-0.026801387,False,False,False,False,0.0016517414,0.90532196,False,False,61096.13952543281,,25,False,False,False,False,False,False,False,False,False,False,False,False,False,False,False,False,False,False,False,False,False,i
3,61096.138373226306,lsst,150.16577081685213,2.155955307889273,170019716302635146,170054945905049710,0,170019716302635146,9345.411,294.91534,0,0,0,53054.977,292.65384,True,2026022400592,95,0.0,5.4504626e-06,5.359085e-06,3.5604286e-13,572.94324,0.09823862,3720.4817,0.09620615,False,9117.827,721.16315,False,False,False,31.147898,,1698.5516,1681,9358.859,1.2479112,150.16577378455088,,2.1559555788087543,,0.1875921,,108.39466,,,0,False,,,,,,,,0,False,False,False,43600.918,19.882904,0.18027364,0.17936842,0.0014022454,0.1905529,0.19151434,-0.0037698313,False,False,False,False,0.016297732,0.8854298,False,False,61096.140260087486,,23,False,False,False,False,False,False,False,False,False,False,False,False,False,False,False,False,False,False,False,False,False,i
1,61096.14022571113,lsst,150.1657601452846,2.15596702438672,170019716302635146,170054946038743085,0,170019716302635146,7321.9673,180.64064,0,0,0,26202.203,181.97919,True,2026022400593,94,0.0,4.15913e-06,4.9039377e-06,3.3437732e-12,3407.5737,0.09065087,922.2747,0.071746334,False,7833.6167,449.44373,False,False,False,39.855373,,1711.2554,1681,7586.285,1.9436294,150.16576031069678,,2.155967072873391,,0.7261964,,17.563225,,,0,False,,,,,,,,0,False,False,False,18796.592,37.438637,0.18958594,0.142611,-0.00397182,0.18952733,0.1429537,-0.001513614,False,False,False,False,3.0272956e-06,0.92861474,False,False,61096.141767823385,,24,False,False,False,False,False,False,False,False,False,False,False,False,False,False,False,False,False,False,False,False,False,g
1,61096.14162167811,lsst,150.16576421094496,2.155962206878939,170019716302635146,170054946442969099,0,170019716302635146,7839.1577,185.9175,0,0,0,27742.064,186.00818,True,2026022400596,97,0.0,4.414476e-06,4.3367713e-06,-1.680834e-13,3035.1404,0.07788392,372.63223,0.07945603,False,8641.434,450.58685,False,False,False,41.19361,,1690.9965,1681,7688.7593,0.7663856,150.16576449128033,,2.1559631453355,,0.5291523,,76.22166,,,0,False,,,,,,,,0,False,False,False,19815.648,38.209965,0.16396536,0.17831449,0.0098156985,0.1844949,0.16380158,0.022519434,False,False,False,False,0.0012953425,0.94276786,False,False,61096.143223959145,,24,False,False,False,False,False,False,False,False,False,False,False,False,False,False,False,False,False,False,False,False,False,g
1,61096.14208613789,lsst,150.16577155385932,2.15595735629032,170019716302635146,170054946577186844,0,170019716302635146,7442.4434,180.87862,0,0,0,26798.314,181.24681,True,2026022400597,97,0.0,4.181621e-06,4.849483e-06,1.1109143e-12,80.242096,0.087554716,862.7243,0.074762896,False,8137.5425,447.10855,False,False,False,40.253242,,1592.7012,1681,7586.3286,1.4057504,150.1657721549733,,2.1559599892272012,,0.74825954,,20.553562,,,0,False,,,,,,,,0,False,False,False,19251.48,48.78329,0.19470336,0.14733087,0.009046867,0.18133377,0.15083271,0.016599001,False,False,False,False,0.0036494622,0.9404001,False,False,61096.143705136565,,24,False,False,False,False,False,False,False,False,False,False,False,False,False,False,False,False,False,False,False,False,False,g
1,61096.14302064572,lsst,150.16576803878968,2.1559628168906397,170019716302635146,170054946845098074,0,170019716302635146,7432.1484,179.94232,0,0,0,26382.78,179.54457,True,2026022400599,96,0.0,4.3722525e-06,4.655949e-06,1.8699526e-13,3756.1636,0.0837356,2108.0493,0.07858961,False,8420.487,445.73358,False,False,False,41.101097,,1631.7155,1681,7445.8438,0.40435687,150.16576864447407,,2.1559634977568023,,0.48995435,,38.10628,,,0,False,,,,,,,,0,False,False,False,18834.254,42.631145,0.17349476,0.1657398,0.009612762,0.17137522,0.14848444,0.0066500935,False,False,False,False,0.014530827,0.9532217,False,False,61096.144796472545,,24,False,False,False,False,False,False,False,False,False,False,False,False,False,False,False,False,False,False,False,False,False,g
1,61096.143954665764,lsst,150.16576614807917,2.155960740430096,170019716302635146,170054947111960611,0,170019716302635146,7697.1973,183.02945,0,0,0,27231.39,183.02655,True,2026022400601,93,0.0,4.013883e-06,4.5204283e-06,-1.3791882e-13,1019.14825,0.08128555,1034.4,0.07216408,False,8580.963,448.05698,False,False,False,41.323387,,1693.0233,1681,7961.2427,1.441041,150.1657683896358,,2.155967031173639,,0.90416485,,26.019297,,,0,False,,,,,,,,0,False,False,False,19397.96,49.28352,0.2042726,0.16121228,0.03155088,0.19061434,0.15108554,0.023842992,False,False,False,False,0.020438647,0.9595401,False,False,61096.14556956998,,24,False,False,False,False,False,False,False,False,False,False,False,False,False,False,False,False,False,False,False,False,False,g
1,61096.144417795,lsst,150.16577209885833,2.155964339867424,170019716302635146,170054947247751290,0,170019716302635146,7595.9883,182.47263,0,0,0,27273.082,181.75272,True,2026022400602,96,0.0,3.976522e-06,4.983935e-06,-7.878402e-13,2984.8308,0.0897356,3599.7034,0.071352206,False,8447.482,444.14264,False,False,False,40.709244,,1592.4238,1681,7994.721,1.4492873,150.16577191019257,,2.1559658836407314,,0.85572624,,1.3331488,,,0,False,,,,,,,,0,False,False,False,19635.354,43.302025,0.22007747,0.15426943,0.007353246,0.21050347,0.14653417,0.020984968,False,False,False,False,0.010412996,0.9566941,False,False,61096.14603280704,,26,False,False,False,False,False,False,False,False,False,False,False,False,False,False,False,False,False,False,False,False,False,g
1,61096.14488584877,lsst,150.16576315417132,2.1559598279399736,170019716302635146,170054947380396039,0,170019716302635146,7368.412,182.78603,0,0,0,27201.031,182.69904,True,2026022400603,93,0.0,4.1145727e-06,4.417519e-06,-3.5933704e-13,2658.18,0.07952295,235.96133,0.07387662,False,7485.8433,441.737,False,False,False,39.57817,,1636.235,1681,7362.223,2.2443533,150.16576474618995,,2.155963937809559,,0.6577799,,14.0262375,,,0,False,,,,,,,,0,False,False,False,19705.014,43.40573,0.17678382,0.14886367,0.013304811,0.19644453,0.15983897,0.020402214,False,False,False,False,0.032322135,0.92300946,False,False,61096.146476676135,,27,False,False,False,False,False,False,False,False,False,False,False,False,False,False,False,False,False,False,False,False,False,g
1,61096.14534990976,lsst,150.16576509501576,2.1559627166365414,170019716302635146,170054947516186739,0,170019716302635146,7671.903,184.13315,0,0,0,27639.072,183.69203,True,2026022400604,96,0.0,4.1572066e-06,5.067504e-06,-1.6899058e-12,1344.8843,0.09170117,3101.2844,0.074045114,False,9107.017,440.8604,False,False,False,41.30191,,1726.271,1681,7994.818,0.92568684,150.16576565747974,,2.155966860760902,,0.88553977,,11.182076,,,0,False,,,,,,,,0,False,False,False,19882.314,41.760513,0.22677977,0.17514172,0.025225539,0.2092534,0.16200833,0.024776818,False,False,False,False,0.03109274,0.9674407,False,False,61096.14702858031,,25,False,False,False,False,False,False,False,False,False,False,False,False,False,False,False,False,False,False,False,False,False,g
1,61096.146068488044,lsst,150.1657755306565,2.1559587212995877,170019716302635146,170054947648307288,0,170019716302635146,7576.789,193.23753,0,0,0,31293.326,194.40915,True,2026022400605,92,0.0,5.3042436e-06,5.14356e-06,4.88998e-13,1031.9778,0.09559906,3687.3992,0.09225062,False,7373.567,436.65796,False,False,False,39.004997,,1724.1545,1681,7620.2334,0.5418751,150.16577669544418,,2.1559579809340286,,0.54584736,,74.495384,,,0,False,,,,,,,,0,False,False,False,23601.8,28.011757,0.22033097,0.19458963,-0.00018196373,0.21299095,0.21376355,-0.012883148,False,False,False,False,0.004084692,0.95285106,False,False,61096.14776251203,,24,False,False,False,False,False,False,False,False,False,False,False,False,False,False,False,False,False,False,False,False,False,g
1,61096.14653328332,lsst,150.16577274930302,2.1559587106244353,170019716302635146,170054947784097845,0,170019716302635146,7797.985,188.98502,0,0,0,30184.086,188.96515,True,2026022400606,95,0.0,4.7580365e-06,5.5212618e-06,-2.8858543e-12,3957.652,0.08375005,1701.0005,0.10080383,False,8507.515,430.31842,False,False,False,40.729916,,1640.7211,1681,8366.729,0.75203115,150.16577645461643,,2.1559590503464006,,0.94568527,,0.54194313,,,0,False,,,,,,,,0,False,False,False,22333.982,17.537758,0.19246706,0.25794905,-0.025075566,0.20260787,0.20597236,-0.0134105645,False,False,False,False,0.052031573,0.9676092,False,False,61096.14823139952,,25,False,False,False,False,False,False,False,False,False,False,False,False,False,False,False,False,False,False,False,False,False,g
1,61096.14699943643,lsst,150.16576710255708,2.1559634990075707,170019716302635146,170054947918315620,0,170019716302635146,7937.6,192.9778,0,0,0,31258.111,194.49727,True,2026022400607,95,0.0,4.9938576e-06,4.721284e-06,1.207411e-12,466.28616,0.09062926,3882.2793,0.08399175,False,8194.716,432.94305,False,False,False,40.620888,,1715.0353,1681,8314.267,1.4969809,150.16576930347168,,2.1559645224850477,,0.9603918,,34.562424,,,0,False,,,,,,,,0,False,False,False,23186.303,26.315687,0.23977719,0.20862834,-0.03974945,0.2284574,0.20957094,-0.02752494,False,False,False,False,0.003061503,0.9656565,False,False,61096.14864412802,,26,False,False,False,False,False,False,False,False,False,False,False,False,False,False,False,False,False,False,False,False,False,g
1,61096.14746810263,lsst,150.16576593094024,2.155961625501229,170019716302635146,170054948052008967,0,170019716302635146,7672.9224,187.47322,0,0,0,29455.105,187.15881,True,2026022400608,94,0.0,4.55778e-06,4.8087763e-06,-1.3006906e-12,2280.7683,0.08080072,274.16782,0.0875315,False,8281.319,432.70456,False,False,False,40.671974,,1721.9501,1681,7587.2227,1.2070483,150.1657688390631,,2.15596296520441,,0.41770566,,-18.204851,,,0,False,,,,,,,,0,False,False,False,21699.74,25.783012,0.17421289,0.18880767,-0.0014885461,0.19287206,0.19253416,-0.012608382,False,False,False,False,0.01608523,0.95667845,False,False,61096.14910207952,,25,False,False,False,False,False,False,False,False,False,False,False,False,False,False,False,False,False,False,False,False,False,g
1,61096.147903550285,lsst,150.16576961886074,2.15596383833229,170019716302635146,170054948186226784,0,170019716302635146,7753.122,188.21977,0,0,0,29896.47,188.49144,True,2026022400609,94,0.0,5.087988e-06,4.874758e-06,1.4691768e-12,1452.5746,0.092798516,3270.8032,0.08625236,False,8318.882,431.7652,False,False,False,40.156666,,1685.472,1681,8109.203,1.1979091,150.16577177088325,,2.155965098362468,,0.87051016,,27.995125,,,0,False,,,,,,,,0,False,False,False,22080.422,23.70999,0.22366561,0.19993562,-0.032489773,0.21775426,0.18981005,-0.02220295,False,False,False,False,0.007839328,0.9611311,False,False,61096.149597895026,,24,False,False,False,False,False,False,False,False,False,False,False,False,False,False,False,False,False,False,False,False,False,g
1,61096.14836881457,lsst,150.16575935376545,2.155951877669254,170019716302635146,170054948321493019,0,170019716302635146,7895.163,183.06038,0,0,0,28734.76,183.83728,True,2026022400610,96,0.0,4.8200636e-06,4.5701836e-06,2.0352056e-12,313.53574,0.088841334,816.54926,0.07982598,False,8129.323,430.5081,False,False,False,41.94848,,1809.928,1681,8406.675,2.299209,150.16576176046567,,2.1559601707156455,,0.9230381,,27.686153,,,0,False,,,,,,,,0,False,False,False,20718.596,39.60061,0.22085223,0.18695793,-0.035681803,0.2196129,0.17698942,-0.029266348,False,False,False,False,0.003943026,0.94691163,False,False,61096.14999567858,,25,False,False,False,False,False,False,False,False,False,False,False,False,False,False,False,False,False,False,False,False,False,g
1,61096.14883338816,lsst,150.16576911821022,2.1559619790137172,170019716302635146,170054948455186523,0,170019716302635146,7853.749,178.28868,0,0,0,27544.441,177.37111,True,2026022400611,95,0.0,4.4379126e-06,4.131543e-06,2.9813717e-12,325.1351,0.083645746,3179.2458,0.06992623,False,8535.992,430.9543,False,False,False,43.89302,,1653.8525,1681,8067.2256,0.44692317,150.16577225558325,,2.155966407740817,,0.644293,,39.11931,,,0,False,,,,,,,,0,False,False,False,19613.422,48.771793,0.1968688,0.16704863,-0.010652331,0.20647076,0.15663788,-0.021923376,False,False,False,False,2.2470818e-05,0.95350295,False,False,61096.15045808871,,23,False,False,False,False,False,False,False,False,False,False,False,False,False,False,False,False,False,False,False,False,False,g
1,61096.149299486235,lsst,150.1657700754917,2.155961062525649,170019716302635146,170054948590452786,0,170019716302635146,7800.181,177.81186,0,0,0,27818.404,177.57028,True,2026022400612,97,0.0,4.7155277e-06,4.417903e-06,4.3089477e-12,2759.7966,0.09060797,1342.6094,0.07272324,False,8164.9307,423.47614,False,False,False,42.899376,,1691.5175,1681,7750.0537,0.29736286,150.16577178743816,,2.155962666427421,,0.53215414,,45.334187,,,0,False,,,,,,,,0,False,False,False,19954.088,34.565163,0.19623412,0.1727574,-0.0035553174,0.20598236,0.14761686,-0.008957849,False,False,False,False,0.008322143,0.9415776,False,False,61096.1510125681,,23,False,False,False,False,False,False,False,False,False,False,False,False,False,False,False,False,False,False,False,False,False,g
1,61096.149766170085,lsst,150.16576506332737,2.15595898766449,170019716302635146,170054948724146265,0,170019716302635146,7654.0234,173.53998,0,0,0,26410.822,172.99796,True,2026022400613,96,0.0,4.0497766e-06,3.8985772e-06,2.9057492e-12,2272.7625,0.07789712,2624.4363,0.064415105,False,7559.2505,422.9338,False,False,False,43.378094,,1725.5459,1681,7921.9004,2.1194146,150.16576606942903,,2.1559608118390874,,0.8171767,,22.620892,,,0,False,,,,,,,,0,False,False,False,18704.53,41.726444,0.17520094,0.14093591,-0.025833262,0.19374026,0.14915888,-0.028498413,False,False,False,False,0.025719002,0.9257999,False,False,61096.151433073945,,23,False,False,False,False,False,False,False,False,False,False,False,False,False,False,False,False,False,False,False,False,False,g
1,61096.150231072395,lsst,150.1657631852094,2.1559575311845784,170019716302635146,170054948858888281,0,170019716302635146,7986.854,176.40619,0,0,0,27665.012,175.80432,True,2026022400614,97,0.0,4.4204644e-06,4.3275863e-06,4.3127715e-12,3220.264,0.087098815,2621.3018,0.069179475,False,8768.116,422.02463,False,False,False,44.97375,,1602.9337,1681,8486.741,1.051737,150.16576500658428,,2.1559618655460033,,0.8805786,,30.423004,,,0,False,,,,,,,,0,False,False,False,19593.94,48.543083,0.23173615,0.17305274,-0.020207942,0.20320562,0.16145563,-0.02160108,False,False,False,False,0.053587213,0.95833325,False,False,61096.15193409173,,24,False,False,False,False,False,False,False,False,False,False,False,False,False,False,False,False,False,False,False,False,False,g
1,61096.15066859043,lsst,150.16577076484393,2.155955061966507,170019716302635146,170054948992581641,0,170019716302635146,7650.816,184.55138,0,0,0,29749.812,184.53238,True,2026022400615,96,0.0,4.625024e-06,4.625946e-06,1.5373096e-12,98.889145,0.08610812,381.89832,0.080124535,False,7646.418,422.31363,False,False,False,40.953754,,1736.1611,1681,7996.848,2.113362,150.1657713720321,,2.1559610695415166,,0.8276017,,11.324833,,,0,False,,,,,,,,0,False,False,False,22040.383,46.96264,0.20735663,0.18318011,-0.028769324,0.21570042,0.18557908,-0.027889378,False,False,False,False,0.0035808736,0.93468153,False,False,61096.15293912716,,25,False,False,False,False,False,False,False,False,False,False,False,False,False,False,False,False,False,False,False,False,False,g
1,61096.15113492396,lsst,150.16576387154166,2.1559627722033037,170019716302635146,170054949126799376,0,170019716302635146,7842.6274,187.56647,0,0,0,30249.469,187.10442,True,2026022400616,96,0.0,4.604234e-06,4.6417135e-06,1.5880925e-12,1811.7544,0.086171776,667.00525,0.07995896,False,7920.211,423.76437,False,False,False,41.205868,,1800.168,1681,8345.217,1.5058725,150.1657629508431,,2.1559613840170426,,0.9111778,,10.133942,,,0,False,,,,,,,,0,False,False,False,22311.408,33.580738,0.23321536,0.1991653,-0.034146365,0.23521768,0.18840173,-0.018840656,False,False,False,False,0.0022575106,0.95682245,False,False,61096.15293040829,,25,False,False,False,False,False,False,False,False,False,False,False,False,False,False,False,False,False,False,False,False,False,g
1,61096.15206373442,lsst,150.16576039279013,2.155953897018079,170019716302635146,170054949393662059,0,170019716302635146,7577.289,181.05856,0,0,0,28376.43,180.34076,True,2026022400618,93,0.0,4.3866144e-06,4.5371435e-06,2.0354488e-12,2443.7463,0.08443796,3183.3738,0.07579762,False,8225.096,422.18927,False,False,False,41.486637,,1602.2743,1681,7429.366,0.66856295,150.16576140199632,,2.1559556070123307,,0.5493115,,30.155487,,,0,False,,,,,,,,0,False,False,False,20698.4,49.617516,0.19110698,0.1653856,-0.0026016333,0.18939206,0.17288923,-0.0018667924,False,False,False,False,0.0011529119,0.9431488,False,False,61096.15371319745,,24,False,False,False,False,False,False,False,False,False,False,False,False,False,False,False,False,False,False,False,False,False,g
1,61096.15252676744,lsst,150.16576746444235,2.155953584905869,170019716302635146,170054949550424085,0,170019716302635146,7287.2544,180.9575,0,0,0,28569.223,180.55763,True,2026022400619,136,0.0,5.095013e-06,5.80173e-06,8.432184e-12,2164.5393,0.11239714,749.0483,0.081500396,False,8460.973,419.49637,False,False,False,39.4882,,1759.3955,1681,7676.269,1.7153618,150.16576858153894,,2.1559588478982974,,1.0155296,,17.88976,,,0,False,,,,,,,,0,False,False,False,21233.854,25.7591,0.25344598,0.1688228,-0.024130337,0.21335925,0.15889686,-0.0030846675,False,False,False,False,0.080399245,0.9502209,False,False,61096.15426579966,,25,False,False,False,False,False,False,False,False,False,False,False,False,False,False,False,False,False,False,False,False,False,g
1,61096.152998333884,lsst,150.1657612072032,2.1559579899669075,170019716302635146,170054949663146038,0,170019716302635146,7637.981,182.2119,0,0,0,29415.781,182.62027,True,2026022400620,95,0.0,4.5669562e-06,4.577339e-06,1.3056805e-12,1894.483,0.08473727,1440.9572,0.07959897,False,7428.3735,416.07425,False,False,False,40.770245,,1749.7117,1681,7641.523,1.7102252,150.1657621654822,,2.1559603004975822,,0.68457025,,12.521599,,,0,False,,,,,,,,0,False,False,False,21641.744,33.961185,0.19842605,0.17950453,-0.01851566,0.21559486,0.17531964,-0.02205114,False,False,False,False,0.005364363,0.92535704,False,False,61096.15472232456,,25,False,False,False,False,False,False,False,False,False,False,False,False,False,False,False,False,False,False,False,False,False,g
1,61096.15346523293,lsst,150.16576667501508,2.155965942772628,170019716302635146,170054949798936592,0,170019716302635146,7490.705,181.08165,0,0,0,29453.373,181.94064,True,2026022400621,98,0.0,4.850608e-06,4.9825367e-06,4.3481373e-12,3255.402,0.09611039,636.2558,0.0799708,False,8049.9746,414.6872,False,False,False,41.14873,,1791.7415,1681,7846.89,1.7773892,150.16576679903707,,2.1559675968517467,,0.79111695,,42.702908,,,0,False,,,,,,,,0,False,False,False,21839.19,32.379894,0.23529457,0.17910585,0.0018896064,0.22411789,0.17283918,-0.00839262,False,False,False,False,0.009514955,0.9468377,False,False,61096.15509362846,,26,False,False,False,False,False,False,False,False,False,False,False,False,False,False,False,False,False,False,False,False,False,g
1,61096.15393184069,lsst,150.16576925396205,2.1559570253530183,170019716302635146,170054949932630038,0,170019716302635146,7919.1855,180.7403,0,0,0,29410.428,180.9214,True,2026022400622,97,0.0,4.351954e-06,4.5294496e-06,3.0696244e-12,3364.157,0.08603248,716.0184,0.07316741,False,8209.514,412.14413,False,False,False,43.58593,,1713.2205,1681,8076.393,1.448693,150.1657711449643,,2.1559604760463187,,0.70511395,,30.617933,,,0,False,,,,,,,,0,False,False,False,21379.016,30.324532,0.20868959,0.16576202,-0.0055073365,0.21282135,0.15883814,-0.0029950389,False,False,False,False,0.00026158398,0.948077,False,False,61096.15555335935,,24,False,False,False,False,False,False,False,False,False,False,False,False,False,False,False,False,False,False,False,False,False,g
4,61096.155801245564,lsst,150.16576193694542,2.1559525026746615,170019716302635146,170054950065274887,0,170019716302635146,8278.832,407.99634,0,0,0,49895.684,402.25275,True,2026022400623,94,0.0,8.088548e-06,7.675713e-06,3.6357297e-12,2265.7432,0.14729945,261.16467,0.13615797,False,7827.5093,1094.0262,False,False,False,19.755219,,1776.3624,1681,8713.232,16.355822,150.16576056861348,,2.155953795018085,,1.0310054,,16.391323,,,0,False,,,,,,,,0,False,False,False,41518.375,65.71231,0.123500854,0.1408001,-0.053944234,0.15819468,0.1507111,-0.02014538,False,False,False,False,0.077260934,0.845537,False,False,61096.15739243454,,19,False,False,False,False,False,False,False,False,False,False,False,False,False,False,False,False,False,False,False,False,False,z
4,61096.156265735975,lsst,150.1657736540745,2.1559732158492997,170019716302635146,170054950199492717,0,170019716302635146,7807.832,387.4733,0,0,0,47334.457,384.79138,True,2026022400624,94,0.0,7.63534e-06,8.072044e-06,-4.7515763e-12,1431.366,0.13446222,3257.69,0.14789732,False,6174.3086,1081.2563,False,False,False,19.646257,,1735.4996,1681,7861.26,1.9970968,150.16577391778546,,2.1559793943036976,,0.6377926,,14.360284,,,0,False,,,,,,,,0,False,False,False,39353.04,126.93096,0.13770354,0.1421854,-0.018109275,0.14388902,0.15038061,-0.021330435,False,False,False,False,0.008736128,0.77552265,False,False,61096.15787544151,,20,False,False,False,False,False,False,False,False,False,False,False,False,False,False,False,False,False,False,False,False,False,z
4,61096.15673287559,lsst,150.16577820889788,2.155974871227502,170019716302635146,170054950334758938,0,170019716302635146,8061.566,405.10352,0,0,0,51362.844,401.30182,True,2026022400625,96,0.0,8.620936e-06,7.86611e-06,1.0851879e-11,292.32568,0.16153565,799.08514,0.13413596,False,6086.0806,1091.9886,False,False,False,19.682846,,1653.6775,1681,8561.481,3.0900671,150.1657800597367,,2.1559834761582217,,0.9685516,,41.067013,,,0,False,,,,,,,,0,False,False,False,43108.73,101.56347,0.20250973,0.13102108,-0.027636526,0.1597139,0.16292305,-0.013679865,False,False,False,False,0.0045830174,0.7608975,False,False,61096.15852427391,,20,False,False,False,False,False,False,False,False,False,False,False,False,False,False,False,False,False,False,False,False,False,z
4,61096.157196730135,lsst,150.1657759534947,2.155987029046747,170019716302635146,170054950468452456,0,170019716302635146,7886.833,413.21652,0,0,0,51546.73,408.29147,True,2026022400626,95,0.0,8.22675e-06,8.318442e-06,-1.7161836e-12,307.99747,0.1467734,3176.4138,0.15084805,False,6627.1055,1094.0383,False,False,False,18.850557,,1771.2858,1681,8127.6367,2.4020352,150.16577672140454,,2.155984608117579,,0.76276207,,-14.707172,,,0,False,,,,,,,,0,False,False,False,43493.312,67.66912,0.12167029,0.16464594,-0.016173277,0.1630908,0.1714639,-0.020651503,False,False,False,False,0.08317956,0.74736816,False,False,61096.158970966295,,20,False,False,False,False,False,False,False,False,False,False,False,False,False,False,False,False,False,False,False,False,False,z
4,61096.157663682796,lsst,150.16576135631615,2.1559703301944966,170019716302635146,170054950603718708,0,170019716302635146,8734.98,487.3928,0,0,0,64959.773,481.40045,True,2026022400627,97,0.0,1.20824625e-05,1.0603263e-05,5.3708628e-11,2738.667,0.24500391,1340.0991,0.15364619,False,8546.75,1102.6135,False,False,False,17.370758,,1759.1255,1681,9339.888,7.7468905,150.165760417299,,2.1559698928530078,,1.2508795,,44.204414,,,0,False,,,,,,,,0,False,False,False,56132.03,50.748516,0.2878971,0.13865842,-0.025616484,0.279629,0.18933117,-0.03222227,False,False,False,False,0.04674889,0.77248895,False,False,61096.15949921927,,24,False,False,False,False,False,False,False,False,False,False,False,False,False,False,False,False,False,False,False,False,False,z
4,61096.15812978723,lsst,150.16577225866894,2.1559597066384657,170019716302635146,170054950737412169,0,170019716302635146,8163.7676,479.4343,0,0,0,65904.5,473.73715,True,2026022400628,96,0.0,1.20634395e-05,1.1939462e-05,7.272427e-12,2250.3948,0.22140709,2619.1123,0.21028346,False,5549.7334,1095.4716,False,False,False,17.045301,,1801.6692,1681,8130.87,3.0480003,150.1657713742864,,2.1559581882152625,,0.6689008,,9.649031,,,0,False,,,,,,,,0,False,False,False,57577.664,60.26247,0.20320472,0.1978896,-0.019545568,0.23972502,0.19558099,-0.012632176,False,False,False,False,0.033017483,0.74290496,False,False,61096.15997767686,,23,False,False,False,False,False,False,False,False,False,False,False,False,False,False,False,False,False,False,False,False,False,z
4,61096.15859394354,lsst,150.16578695837381,2.1559750791738628,170019716302635146,170054950872154193,0,170019716302635146,8732.178,452.0099,0,0,0,61399.645,448.10147,True,2026022400629,97,0.0,9.7213015e-06,9.548561e-06,1.8267351e-11,3204.0027,0.18968958,2623.2205,0.15529625,False,8974.031,1089.9985,False,False,False,18.941423,,1667.374,1681,9249.369,6.3721147,150.16579472658762,,2.1559798729023325,,1.1493992,,91.34763,,,0,False,,,,,,,,0,False,False,False,52497.586,59.86994,0.2196373,0.21394205,0.06436554,0.21408616,0.16304518,0.010106535,False,False,False,False,0.10013342,0.83290684,False,False,61096.160456418,,21,False,False,False,False,False,False,False,False,False,False,False,False,False,False,False,False,False,False,False,False,False,z
4,61096.15952906213,lsst,150.16576555965437,2.1559639390286636,170019716302635146,170054951140065303,0,170019716302635146,9419.225,439.59805,0,0,0,58138.977,433.82977,True,2026022400631,96,0.0,7.808539e-06,8.002805e-06,1.3725818e-11,1796.8599,0.15716349,669.53577,0.12554675,False,7330.75,1088.6924,False,False,False,20.536438,,1672.9142,1681,9347.04,15.14283,150.16576533541715,,2.1559629856218834,,0.8095835,,60.46437,,,0,False,,,,,,,,0,False,False,False,48589.746,68.30226,0.17804043,0.12959175,0.01845563,0.19572787,0.16299245,0.011214866,False,False,False,False,0.086846635,0.82831,False,False,61096.16132491418,,21,False,False,False,False,False,False,False,False,False,False,False,False,False,False,False,False,False,False,False,False,False,z
4,61096.16046209042,lsst,150.1657633060495,2.1559692637601415,170019716302635146,170054951406927987,0,170019716302635146,8752.742,435.6995,0,0,0,56661.44,427.8229,True,2026022400633,93,0.0,9.151981e-06,9.064173e-06,-2.4185885e-12,2430.4155,0.161319,3185.6948,0.16635558,False,8577.761,1086.9204,False,False,False,19.409729,,1754.217,1681,8807.437,6.88533,150.16576392882877,,2.155968830755624,,0.7970854,,91.19672,,,0,False,,,,,,,,0,False,False,False,47804.242,63.467735,0.177296,0.19777632,0.026979126,0.1879481,0.17646192,-0.002825248,False,False,False,False,0.0038877223,0.8636505,False,False,61096.162233308554,,21,False,False,False,False,False,False,False,False,False,False,False,False,False,False,False,False,False,False,False,False,False,z
4,61096.16092465909,lsst,150.16577412141194,2.1559693456189386,170019716302635146,170054951563690006,0,170019716302635146,8721.505,396.73566,0,0,0,49103.93,393.64774,True,2026022400634,136,0.0,7.3250676e-06,7.797197e-06,7.759866e-12,2147.0083,0.14589535,759.6174,0.12555099,False,7824.8896,1089.033,False,False,False,21.342691,,1679.3029,1681,8503.312,2.4083886,150.16577531373272,,2.1559726499638034,,0.60123307,,25.920668,,,0,False,,,,,,,,0,False,False,False,40202.516,78.68955,0.15716954,0.12591541,-0.0037418792,0.15672454,0.12028658,0.0011194053,False,False,False,False,0.0016618321,0.8709758,False,False,61096.16263489396,,18,False,False,False,False,False,False,False,False,False,False,False,False,False,False,False,False,False,False,False,False,False,z
4,61096.16145858102,lsst,150.16577044539648,2.155974291238785,170019716302635146,170054951676411910,0,170019716302635146,8449.082,408.94165,0,0,0,51075.504,402.8516,True,2026022400635,95,0.0,8.54781e-06,8.1384505e-06,4.504617e-12,1458.4945,0.15611902,136.9625,0.1439099,False,9939.0625,1090.2512,False,False,False,19.74463,,1604.3086,1681,8524.11,5.57415,150.16577561425618,,2.155982817175482,,0.7469235,,63.5385,,,0,False,,,,,,,,0,False,False,False,42469.22,81.5401,0.19623223,0.1457172,-5.5397773e-05,0.17653118,0.15637119,-0.025685113,False,False,False,False,0.0030652059,0.8671274,False,False,61096.16318565579,,22,False,False,False,False,False,False,False,False,False,False,False,False,False,False,False,False,False,False,False,False,False,z
4,61096.16192296257,lsst,150.16577360791584,2.155965016949225,170019716302635146,170054951810629743,0,170019716302635146,7956.345,407.49045,0,0,0,51239.43,401.0152,True,2026022400636,95,0.0,1.0450755e-05,8.955844e-06,2.424094e-11,3890.6816,0.19950902,2904.247,0.14666459,False,8043.7793,1083.7805,False,False,False,19.178566,,1688.1875,1681,8284.022,3.003803,150.1657756000225,,2.1559709870820924,,0.85419095,,58.0662,,,0,False,,,,,,,,0,False,False,False,43162.65,76.91424,0.20729826,0.13983072,-0.0028200108,0.17010294,0.15011178,-0.017620895,False,False,False,False,0.027853532,0.88053584,False,False,61096.16361326422,,20,False,False,False,False,False,False,False,False,False,False,False,False,False,False,False,False,False,False,False,False,False,z
4,61096.16238913266,lsst,150.1657825810348,2.155971612754217,170019716302635146,170054951946420226,0,170019716302635146,9006.362,428.08167,0,0,0,56799.176,422.03833,True,2026022400637,98,0.0,9.6096255e-06,8.78618e-06,1.6305944e-11,40.775772,0.18235464,122.038666,0.14702342,False,9780.831,1084.6648,False,False,False,20.716625,,1768.8453,1681,9863.998,7.0381007,150.16578518214578,,2.155977139423407,,1.1172174,,42.76738,,,0,False,,,,,,,,0,False,False,False,47607.254,67.68258,0.2489112,0.14201649,-0.030113839,0.18915771,0.17889564,-0.029969903,False,False,False,False,0.01759353,0.935194,False,False,61096.16414559954,,22,False,False,False,False,False,False,False,False,False,False,False,False,False,False,False,False,False,False,False,False,False,z
4,61096.16285639527,lsst,150.16577038882156,2.155967982527261,170019716302635146,170054952078540809,0,170019716302635146,8755.894,400.7717,0,0,0,50877.633,395.93777,True,2026022400638,94,0.0,7.668538e-06,7.464725e-06,4.3885143e-12,2607.3855,0.14155538,342.26108,0.13048628,False,7347.1587,1079.6387,False,False,False,21.068626,,1737.2529,1681,8885.364,7.5145755,150.16577497365472,,2.155974251135836,,0.4379407,,9.041222,,,0,False,,,,,,,,0,False,False,False,42032.793,79.38869,0.1449641,0.14534348,-0.008259476,0.17283326,0.1528248,-0.015337267,False,False,False,False,0.046781745,0.87767977,False,False,61096.16457944084,,20,False,False,False,False,False,False,False,False,False,False,False,False,False,False,False,False,False,False,False,False,False,z
4,61096.163322469234,lsst,150.16577629011456,2.155982843235237,170019716302635146,170054952212758635,0,170019716302635146,7745.084,403.60193,0,0,0,50824.78,397.01556,True,2026022400639,94,0.0,8.033502e-06,8.161044e-06,-4.348323e-12,1204.9923,0.14061467,3123.0103,0.15054804,False,6058.083,1060.3953,False,False,False,18.831114,,1721.1617,1681,8104.5317,3.5743542,150.16577609993533,,2.1559910469700214,,0.8793668,,3.1803675,,,0,False,,,,,,,,0,False,False,False,43003.277,92.98675,0.16027719,0.16905324,-0.036076177,0.16961497,0.17210539,-0.03139412,False,False,False,False,0.005592754,0.7642164,False,False,61096.16501785799,,19,False,False,False,False,False,False,False,False,False,False,False,False,False,False,False,False,False,False,False,False,False,z
4,61096.16425733245,lsst,150.16577545835582,2.155971182808698,170019716302635146,170054952481718397,0,170019716302635146,8020.2397,418.64758,0,0,0,53496.812,409.87372,True,2026022400641,95,0.0,8.973474e-06,8.92914e-06,2.104806e-11,42.808407,0.18095097,3650.3987,0.13826858,False,8758.271,1082.4534,False,False,False,18.730125,,1729.0475,1681,8201.938,4.033728,150.16577462796764,,2.155973780846808,,0.8580618,,35.563343,,,0,False,,,,,,,,0,False,False,False,45379.75,61.24035,0.1929716,0.12811907,-0.011788324,0.19721042,0.15079986,-0.008973121,False,False,False,False,0.025663622,0.7772262,False,False,61096.16604138477,,20,False,False,False,False,False,False,False,False,False,False,False,False,False,False,False,False,False,False,False,False,False,z
4,61096.16472291958,lsst,150.1657670854947,2.1559721575539093,170019716302635146,170054952616984638,0,170019716302635146,8836.006,415.3722,0,0,0,52712.67,409.55484,True,2026022400642,97,0.0,7.886927e-06,8.130943e-06,2.1777894e-11,2043.6412,0.16685195,1419.1246,0.11699869,False,6545.1196,1081.4355,False,False,False,20.957642,,1788.1702,1681,9010.493,8.662451,150.16576758809978,,2.15597228676377,,0.82453734,,58.05543,,,0,False,,,,,,,,0,False,False,False,43707.145,96.66112,0.16284528,0.10773143,0.016713796,0.19335333,0.13601635,0.0029601257,False,False,False,False,0.122817434,0.8760288,False,False,61096.16644794175,,20,False,False,False,False,False,False,False,False,False,False,False,False,False,False,False,False,False,False,False,False,False,z
4,61096.16519115346,lsst,150.16577586481557,2.1559738937206396,170019716302635146,170054952750678084,0,170019716302635146,8722.507,419.131,0,0,0,54522.7,413.57748,True,2026022400643,96,0.0,6.633821e-06,6.8289287e-06,6.8260653e-12,1396.9944,0.13007209,1756.9865,0.11144463,False,7559.438,1064.2002,False,False,False,20.289658,,1726.0562,1681,8733.415,12.528893,150.16577065766822,,2.1559716427020774,,0.73183256,,62.658905,,,0,False,,,,,,,,0,False,False,False,45573.91,94.61763,0.14694342,0.112626605,0.017903188,0.19736496,0.15027596,0.016092174,False,False,False,False,0.24317276,0.88836646,False,False,61096.166891697765,,21,False,False,False,False,False,False,False,False,False,False,False,False,False,False,False,False,False,False,False,False,False,z
4,61096.16565617308,lsst,150.16577408223804,2.1559634275331616,170019716302635146,170054952885420136,0,170019716302635146,7839.0923,399.16248,0,0,0,49678.793,394.60077,True,2026022400644,97,0.0,7.4975765e-06,7.641744e-06,3.4984687e-12,2242.985,0.14046437,2767.5178,0.13176644,False,6412.6973,1085.808,False,False,False,19.289433,,1757.02,1681,7572.4766,5.7914343,150.16577423942456,,2.1559645116317383,,0.39086,,63.800137,,,0,False,,,,,,,,0,False,False,False,41727.094,109.54155,0.13425407,0.12670727,0.0053609204,0.17442538,0.12906389,-0.005358758,False,False,False,False,0.0717102,0.57805353,False,False,61096.16732871309,,20,False,False,False,False,False,False,False,False,False,False,False,False,False,False,False,False,False,False,False,False,False,z
4,61096.16612270317,lsst,150.16577995790774,2.155968214548366,170019716302635146,170054953013870711,0,170019716302635146,8423.361,418.3447,0,0,0,54114.676,413.6858,True,2026022400645,86,0.0,7.805491e-06,8.579975e-06,1.5186482e-11,3949.3599,0.16462587,3359.5642,0.1282469,False,7270.594,1087.8699,False,False,False,19.243183,,1585.8363,1681,8818.567,7.2829366,150.16577728452245,,2.1559664381236616,,1.0180966,,59.81424,,,0,False,,,,,,,,0,False,False,False,45558.797,108.13654,0.17657986,0.11296569,0.041155223,0.17850809,0.14204101,0.007538356,False,False,False,False,0.036754407,0.85291964,False,False,61096.16787947932,,20,False,False,False,False,False,False,False,False,False,False,False,False,False,False,False,False,False,False,False,False,False,z
4,61096.16658926678,lsst,150.16576613571127,2.1559613981541226,170019716302635146,170054953151758486,0,170019716302635146,9108.715,399.98126,0,0,0,50278.03,397.1048,True,2026022400646,93,0.0,6.8714526e-06,7.683131e-06,1.06992635e-11,1320.1812,0.14543179,3974.8796,0.11506313,False,9598.547,1082.7842,False,False,False,22.099539,,1628.7749,1681,9760.011,8.965306,150.1657735277033,,2.155969219306342,,1.1030046,,36.556637,,,0,False,,,,,,,,0,False,False,False,40996.785,107.05687,0.22833727,0.10872203,0.012738943,0.17128105,0.13321052,0.013907839,False,False,False,False,0.042566538,0.93530506,False,False,61096.16825844468,,22,False,False,False,False,False,False,False,False,False,False,False,False,False,False,False,False,False,False,False,False,False,z
4,61096.16705422501,lsst,150.1657742621317,2.1559753111047217,170019716302635146,170054953308520456,0,170019716302635146,7895.5527,413.83356,0,0,0,52296.438,409.6843,True,2026022400647,136,0.0,7.921563e-06,8.265197e-06,3.950827e-12,2390.221,0.1509094,182.31055,0.14018802,False,5674.562,1090.0986,False,False,False,18.7739,,1780.6388,1681,8128.0977,8.97186,150.16576872243337,,2.155976213368765,,0.93640524,,54.220463,,,0,False,,,,,,,,0,False,False,False,44241.11,82.102615,0.16912788,0.11837155,0.03442614,0.16619658,0.14986888,0.019111589,False,False,False,False,0.03172929,0.77339363,False,False,61096.16875185771,,20,False,False,False,False,False,False,False,False,False,False,False,False,False,False,False,False,False,False,False,False,False,z
4,61096.16752308204,lsst,150.16576848127673,2.155979285239201,170019716302635146,170054953420193884,0,170019716302635146,9056.12,408.4546,0,0,0,51295.65,403.23376,True,2026022400648,93,0.0,7.3696797e-06,7.2096254e-06,-1.3490356e-12,2273.1968,0.12892587,2417.9592,0.13333541,False,7631.8604,1087.9336,False,False,False,21.798159,,1657.4799,1681,8765.347,5.391297,150.16576841912152,,2.1559790420293994,,0.6137632,,58.13989,,,0,False,,,,,,,,0,False,False,False,42128.695,80.83899,0.1419478,0.12885933,0.015520902,0.15288307,0.14514546,0.014896627,False,False,False,False,0.03056808,0.9102732,False,False,61096.16930666854,,20,False,False,False,False,False,False,False,False,False,False,False,False,False,False,False,False,False,False,False,False,False,z
4,61096.16798647976,lsst,150.16578484542435,2.155966870593088,170019716302635146,170054953576955929,0,170019716302635146,8251.596,420.7181,0,0,0,54099.348,414.11667,True,2026022400649,136,0.0,8.609987e-06,8.347282e-06,-2.063058e-12,733.30554,0.14929359,641.1292,0.15576515,False,5954.705,1095.4115,False,False,False,19.33841,,1715.2614,1681,8196.906,10.660411,150.16578481269676,,2.155965988313144,,0.7323317,,56.183517,,,0,False,,,,,,,,0,False,False,False,45777.785,85.19199,0.15513599,0.13800502,0.022987045,0.15788485,0.15665345,0.021243019,False,False,False,False,0.018014017,0.86980766,False,False,61096.16964292661,,20,False,False,False,False,False,False,False,False,False,False,False,False,False,False,False,False,False,False,False,False,False,z
4,61096.16847517992,lsst,150.16576711245654,2.155962327691926,170019716302635146,170054953689677951,0,170019716302635146,8585.807,404.76944,0,0,0,50484.28,401.67953,True,2026022400650,95,0.0,8.980989e-06,7.915853e-06,-5.2616245e-12,1651.4037,0.140774,3491.3926,0.16299154,False,9714.735,1092.2706,False,False,False,20.787998,,1679.654,1681,8800.985,3.8821492,150.165765552225,,2.1559645444820643,,0.7677957,,59.42119,,,0,False,,,,,,,,0,False,False,False,41729.79,89.79502,0.17157935,0.17022058,0.026809512,0.17380276,0.14142928,0.0114521235,False,False,False,False,0.027570872,0.9304174,False,False,61096.17010177171,,21,False,False,False,False,False,False,False,False,False,False,False,False,False,False,False,False,False,False,False,False,False,z
4,61096.16894183074,lsst,150.1657677195284,2.1559667155894084,170019716302635146,170054953825468518,0,170019716302635146,8893.951,394.85754,0,0,0,48588.207,391.58508,True,2026022400651,98,0.0,6.4875394e-06,7.105125e-06,1.854237e-12,1188.011,0.12831394,2919.9395,0.11618295,False,8806.175,1077.1968,False,False,False,22.056158,,1646.8893,1681,9146.856,10.347,150.1657698590359,,2.155970615996377,,0.8980689,,17.28782,,,0,False,,,,,,,,0,False,False,False,39456.2,127.39597,0.18116087,0.10478981,0.0072187176,0.14957951,0.1347461,0.014667431,False,False,False,False,0.000115979165,0.9460364,False,False,61096.170589651054,,20,False,False,False,False,False,False,False,False,False,False,False,False,False,False,False,False,False,False,False,False,False,z
4,61096.16940729026,lsst,150.16577534933913,2.1559613921125376,170019716302635146,170054953959161903,0,170019716302635146,8216.898,405.4199,0,0,0,50811.297,404.33142,True,2026022400652,97,0.0,7.5012927e-06,8.189643e-06,1.7586517e-12,1775.9606,0.14763081,999.8486,0.13462149,False,7337.682,1085.5673,False,False,False,19.942802,,1678.4983,1681,7884.9673,8.221875,150.16577454876239,,2.1559598990536775,,0.6315634,,29.920567,,,0,False,,,,,,,,0,False,False,False,42415.055,112.88824,0.13712357,0.11024546,0.012035215,0.15214308,0.13317226,0.016886737,False,False,False,False,0.061071042,0.8710832,False,False,61096.170980531075,,19,False,False,False,False,False,False,False,False,False,False,False,False,False,False,False,False,False,False,False,False,False,z
2,61096.171165934225,lsst,150.1657717005972,2.155968020792109,170019716302635146,170054954091806783,0,170019716302635146,8485.683,187.83943,0,0,0,35216.45,187.02986,True,2026022400653,94,0.0,3.7363295e-06,3.6345925e-06,-8.4386674e-14,3672.8567,0.06534309,1328.273,0.0672254,False,7526.804,469.30542,False,False,False,45.198776,,1670.2173,1681,7735.166,0.048771147,150.16577093238303,,2.155967797445479,,0.26216638,,-28.75714,,,0,False,,,,,,,,0,False,False,False,26601.832,52.784515,0.13423334,0.13227732,-0.0027312464,0.12874489,0.13231646,-0.0025282379,False,False,False,False,0.0014185387,0.66364926,False,False,61096.17284797105,,21,False,False,False,False,False,False,False,False,False,False,False,False,False,False,False,False,False,False,False,False,False,r
2,61096.17162974719,lsst,150.16577514451416,2.1559652853362183,170019716302635146,170054954226024551,0,170019716302635146,8036.6353,189.29364,0,0,0,35560.504,187.97571,True,2026022400654,94,0.0,4.486087e-06,4.2576808e-06,-1.1641553e-13,661.0126,0.076556176,2129.5312,0.080698214,False,9221.913,469.46423,False,False,False,40.951668,,1752.5061,1681,7747.582,0.074342586,150.16577764971635,,2.155965176186279,,0.7147111,,63.240303,,,0,False,,,,,,,,0,False,False,False,27406.766,55.18135,0.14478254,0.16776694,0.02007232,0.13656764,0.13033232,0.0015802026,False,False,False,False,0.09283578,0.8080443,False,False,61096.173333634986,,25,False,False,False,False,False,False,False,False,False,False,False,False,False,False,False,False,False,False,False,False,False,r
2,61096.172097555565,lsst,150.16576925137423,2.155965274882946,170019716302635146,170054954358145159,0,170019716302635146,7987.0337,191.86124,0,0,0,35719.664,188.88506,True,2026022400655,90,0.0,3.9869938e-06,3.5259382e-06,-2.6478834e-14,630.31866,0.063416235,2630.325,0.0717124,False,6986.222,469.33087,False,False,False,41.19693,,1816.4191,1681,7339.4155,1.7736158,150.1657691928668,,2.1559621013316055,,0.47626692,,-82.62572,,,0,False,,,,,,,,0,False,False,False,27647.857,42.176445,0.109405726,0.12866017,-0.0023808724,0.1279375,0.13799931,-0.009099061,False,False,False,False,0.035799105,0.6732352,False,False,61096.17377814069,,20,False,False,False,False,False,False,False,False,False,False,False,False,False,False,False,False,False,False,False,False,False,r
2,61096.17255968062,lsst,150.16577460120322,2.1559633423682025,170019716302635146,170054954496032792,0,170019716302635146,8494.368,197.54147,0,0,0,38855.984,195.69739,True,2026022400656,97,0.0,4.3088266e-06,4.0191962e-06,1.2119833e-13,2300.4644,0.07226322,537.3114,0.07750718,False,7859.2812,468.34338,False,False,False,42.344894,,1622.7476,1681,7924.057,0.11827487,150.16577544477158,,2.155964979739758,,0.29329813,,20.822653,,,0,False,,,,,,,,0,False,False,False,30207.695,36.209522,0.16022025,0.15529482,0.0026718131,0.15058777,0.15527155,-0.0031964881,False,False,False,False,0.0037963155,0.6873793,False,False,61096.174298963866,,24,False,False,False,False,False,False,False,False,False,False,False,False,False,False,False,False,False,False,False,False,False,r
2,61096.17302342058,lsst,150.1657767828746,2.155971985840431,170019716302635146,170054954629726218,0,170019716302635146,8405.151,199.25809,0,0,0,38988.066,196.73378,True,2026022400657,96,0.0,4.3180876e-06,3.9870597e-06,2.8399006e-13,3548.513,0.07163627,200.19939,0.07772305,False,8246.387,467.68457,False,False,False,41.742653,,1735.1941,1681,7884.258,0.6739252,150.1657753886271,,2.155973994370048,,0.41217884,,65.97065,,,0,False,,,,,,,,0,False,False,False,30497.762,39.44791,0.14918618,0.16089676,0.0043202094,0.1393218,0.16640857,0.005212893,False,False,False,False,0.00077294215,0.8078591,False,False,61096.174631594506,,24,False,False,False,False,False,False,False,False,False,False,False,False,False,False,False,False,False,False,False,False,False,r
2,61096.17348848161,lsst,150.16577636593794,2.1559624066705805,170019716302635146,170054954762371107,0,170019716302635146,8660.928,198.50725,0,0,0,39478.45,197.37883,True,2026022400658,93,0.0,4.2480965e-06,4.0255136e-06,2.9102092e-13,52.013145,0.07230325,1013.80286,0.07650228,False,9467.018,463.6161,False,False,False,42.96724,,1710.3187,1681,8088.825,0.35566324,150.16577610449295,,2.155963542389542,,0.32743263,,-24.274618,,,0,False,,,,,,,,0,False,False,False,30704.729,58.052338,0.17083131,0.16304947,-0.0023387626,0.15304427,0.1628376,0.0060574007,False,False,False,False,0.012718509,0.8427188,False,False,61096.17525991978,,24,False,False,False,False,False,False,False,False,False,False,False,False,False,False,False,False,False,False,False,False,False,r
2,61096.173953867445,lsst,150.1657720530355,2.155963988776757,170019716302635146,170054954898161719,0,170019716302635146,8627.329,189.23506,0,0,0,36374.008,188.59657,True,2026022400659,96,0.0,3.7682923e-06,3.8059259e-06,-6.1307316e-14,2669.066,0.06847767,1247.5386,0.06774653,False,8632.276,463.0034,False,False,False,44.072353,,1643.5408,1681,8250.214,0.6227496,150.16577297016596,,2.155965877955966,,0.5713141,,15.243129,,,0,False,,,,,,,,0,False,False,False,27614.668,53.32423,0.1505062,0.13365847,0.011696418,0.14023507,0.141686,0.015238521,False,False,False,False,0.00022279801,0.72896093,False,False,61096.17567049636,,20,False,False,False,False,False,False,False,False,False,False,False,False,False,False,False,False,False,False,False,False,False,r
2,61096.17442102144,lsst,150.16576955874208,2.155972383993832,170019716302635146,170054955029233775,0,170019716302635146,8250.785,186.09076,0,0,0,35812.656,185.4093,True,2026022400660,90,0.0,4.1509747e-06,3.7415466e-06,9.039822e-13,867.0883,0.06672698,2233.9668,0.075171694,False,8336.731,455.64352,False,False,False,43.893486,,1699.3492,1681,8197.378,0.7949748,150.16577133738667,,2.155975560186797,,0.6833404,,41.13276,,,0,False,,,,,,,,0,False,False,False,27436.936,63.055477,0.15044163,0.16581596,0.019512085,0.14592592,0.1483241,0.01224627,False,False,False,False,0.020334344,0.7504407,False,False,61096.176071415466,,25,False,False,False,False,False,False,False,False,False,False,False,False,False,False,False,False,False,False,False,False,False,r
2,61096.174888888316,lsst,150.16576849337315,2.1559582227082723,170019716302635146,170054955163451563,0,170019716302635146,8283.078,183.9744,0,0,0,35020.27,182.71812,True,2026022400661,90,0.0,3.973918e-06,3.4080056e-06,1.4822511e-12,1480.954,0.06003318,3859.816,0.07253448,False,7645.2163,458.98376,False,False,False,44.18641,,1572.0825,1681,8149.9663,1.8621558,150.16577054524203,,2.155961663982747,,0.6250163,,38.165325,,,0,False,,,,,,,,0,False,False,False,26612.857,39.744377,0.13651031,0.14940688,0.016209727,0.1318597,0.15795502,0.017036382,False,False,False,False,0.00065390766,0.69307154,False,False,61096.176713960944,,23,False,False,False,False,False,False,False,False,False,False,False,False,False,False,False,False,False,False,False,False,False,r
2,61096.17535132934,lsst,150.16577054537765,2.1559689312573123,170019716302635146,170054955300814961,0,170019716302635146,7878.281,185.42897,0,0,0,35130.758,183.72768,True,2026022400662,96,0.0,4.3572463e-06,3.7869818e-06,2.0869892e-12,1512.8667,0.06618347,2472.8564,0.08000795,False,7447.519,456.71362,False,False,False,42.00085,,1631.8455,1681,7848.047,2.1700199,150.1657715038746,,2.1559703703963518,,0.6911395,,53.599876,,,0,False,,,,,,,,0,False,False,False,27115.785,52.541775,0.12737282,0.16450083,0.011103852,0.13792408,0.15657468,0.01695798,False,False,False,False,0.00029200778,0.7383863,False,False,61096.17709293528,,23,False,False,False,False,False,False,False,False,False,False,False,False,False,False,False,False,False,False,False,False,False,r
2,61096.17581987729,lsst,150.16577127746996,2.1559686260156865,170019716302635146,170054955431886994,0,170019716302635146,8278.356,186.17155,0,0,0,36885.566,187.4676,True,2026022400663,90,0.0,3.949455e-06,3.8953485e-06,2.3060584e-13,3278.393,0.069819935,3542.5308,0.071260735,False,8830.299,455.53638,False,False,False,42.119022,,1588.6251,1681,8374.773,1.5061195,150.165771672226,,2.155971943073043,,0.62461925,,16.876402,,,0,False,,,,,,,,0,False,False,False,28438.178,53.977455,0.16223493,0.15685587,0.017084543,0.1741758,0.15036082,0.018250473,False,False,False,False,0.0011396658,0.71711063,False,False,61096.17750677282,,24,False,False,False,False,False,False,False,False,False,False,False,False,False,False,False,False,False,False,False,False,False,r
2,61096.17628402815,lsst,150.16576633555795,2.155954869983487,170019716302635146,170054955569250355,0,170019716302635146,8310.909,191.64854,0,0,0,37505.73,189.79471,True,2026022400664,96,0.0,3.954371e-06,4.171662e-06,-1.2061938e-12,75.033165,0.0763409,1543.4335,0.069718696,False,9419.652,461.30792,False,False,False,43.053917,,1554.7404,1681,8207.993,0.21917494,150.16576668269602,,2.1559563390520005,,0.61916,,-2.72834,,,0,False,,,,,,,,0,False,False,False,29016.826,54.035347,0.17887156,0.15642339,0.012667828,0.1742189,0.14793083,0.008825232,False,False,False,False,0.006672271,0.84773093,False,False,61096.17821565991,,25,False,False,False,False,False,False,False,False,False,False,False,False,False,False,False,False,False,False,False,False,False,r
2,61096.177001821256,lsst,150.16577219213204,2.1559627769916654,170019716302635146,170054955702943764,0,170019716302635146,8342.471,208.50107,0,0,0,43458.223,204.86917,True,2026022400665,95,0.0,4.569925e-06,4.987286e-06,-3.7750207e-12,1613.1296,0.077588335,454.07196,0.09370347,False,8006.4805,456.31223,False,False,False,39.485935,,1762.4696,1681,9170.709,1.6643618,150.16577355477136,,2.1559635319268358,,1.1573106,,2.1041932,,,0,False,,,,,,,,0,False,False,False,34997.3,23.085127,0.19354397,0.24589744,-0.05984719,0.19969319,0.2332579,-0.037040334,False,False,False,False,0.0012134273,0.83280927,False,False,61096.17897415672,,27,False,False,False,False,False,False,False,False,False,False,False,False,False,False,False,False,False,False,False,False,False,r
2,61096.177465866844,lsst,150.16577470828815,2.155961474257177,170019716302635146,170054955837161605,0,170019716302635146,8310.112,206.73062,0,0,0,43034.32,203.70518,True,2026022400666,95,0.0,4.426462e-06,4.6012983e-06,-1.993573e-12,3808.4268,0.07681719,3410.044,0.085356034,False,7714.159,458.0976,False,False,False,39.89063,,1599.7913,1681,8699.723,1.1982774,150.165774289047,,2.1559607751836167,,0.77624106,,6.9160066,,,0,False,,,,,,,,0,False,False,False,34624.152,24.3749,0.20250438,0.20975757,-0.026796483,0.20192376,0.2247989,-0.022404231,False,False,False,False,0.0060970206,0.84295124,False,False,61096.17939520036,,24,False,False,False,False,False,False,False,False,False,False,False,False,False,False,False,False,False,False,False,False,False,r
2,61096.17840599372,lsst,150.16577551372177,2.155967375844533,170019716302635146,170054956105072657,0,170019716302635146,8281.586,200.73431,0,0,0,41109.438,198.08063,True,2026022400668,94,0.0,4.4545304e-06,4.4386625e-06,4.0161483e-13,2751.5522,0.08078909,406.10483,0.07913942,False,8275.929,458.52197,False,False,False,40.37174,,1689.6332,1681,8657.718,1.0438436,150.1657740031082,,2.1559724153308357,,0.78395265,,14.038238,,,0,False,,,,,,,,0,False,False,False,32701.717,39.44161,0.19545323,0.17823169,-0.026477957,0.18160252,0.19175316,-0.021186111,False,False,False,False,3.622751e-06,0.79967344,False,False,61096.18016588522,,24,False,False,False,False,False,False,False,False,False,False,False,False,False,False,False,False,False,False,False,False,False,r
2,61096.17887275852,lsst,150.16577233967195,2.1559668573251947,170019716302635146,170054956239290468,0,170019716302635146,8242.583,201.7199,0,0,0,41345.74,198.51468,True,2026022400669,94,0.0,4.2094275e-06,4.2101456e-06,-3.878583e-14,1125.6576,0.07562643,3057.4514,0.07579306,False,7485.4595,455.94843,False,False,False,40.14097,,1764.7234,1681,8035.81,2.2311976,150.16577363181324,,2.1559727901717323,,0.42535216,,19.8749,,,0,False,,,,,,,,0,False,False,False,33041.582,45.346035,0.17470375,0.16565518,-0.0062833834,0.1957546,0.1890113,-0.018148579,False,False,False,False,0.061950102,0.74059284,False,False,61096.18071696462,,24,False,False,False,False,False,False,False,False,False,False,False,False,False,False,False,False,False,False,False,False,False,r
2,61096.17933979853,lsst,150.16577201218237,2.155965115761563,170019716302635146,170054956369313917,0,170019716302635146,8335.96,193.26028,0,0,0,39262.258,192.51424,True,2026022400670,86,0.0,3.975582e-06,3.986783e-06,1.4262027e-12,3954.235,0.07476149,3296.8643,0.068300106,False,8533.395,452.54572,False,False,False,42.599525,,1593.6599,1681,8084.3994,1.3674189,150.165772437313,,2.15596778136161,,0.3664377,,28.160696,,,0,False,,,,,,,,0,False,False,False,30829.83,49.757286,0.1600818,0.15037228,-0.0030205785,0.17789009,0.16287138,0.0031255165,False,False,False,False,0.03308022,0.72443604,False,False,61096.18124283438,,24,False,False,False,False,False,False,False,False,False,False,False,False,False,False,False,False,False,False,False,False,False,r
2,61096.18027509007,lsst,150.16577274120826,2.1559665208540357,170019716302635146,170054956643516487,0,170019716302635146,8516.742,201.84062,0,0,0,41459.45,198.36845,True,2026022400672,97,0.0,4.2080133e-06,4.394684e-06,3.1165916e-12,1739.7108,0.08383154,1415.1825,0.07033245,False,8520.532,453.74353,False,False,False,41.659313,,1739.2006,1681,8518.315,1.5837313,150.1657730483318,,2.155968300793322,,0.7434909,,58.26344,,,0,False,,,,,,,,0,False,False,False,32884.453,33.520412,0.19821656,0.1605935,0.016326753,0.19253683,0.17262857,0.009680534,False,False,False,False,0.001379334,0.7645421,False,False,61096.182070106166,,25,False,False,False,False,False,False,False,False,False,False,False,False,False,False,False,False,False,False,False,False,False,r
2,61096.18073992147,lsst,150.1657689713458,2.155963270547657,170019716302635146,170054956777209908,0,170019716302635146,8589.08,207.29982,0,0,0,43097.18,203.85016,True,2026022400673,96,0.0,4.726165e-06,4.9038026e-06,2.3337504e-12,1079.2521,0.091136664,1359.285,0.08184546,False,8175.5273,451.9794,False,False,False,41.25468,,1654.972,1681,8118.216,1.1449847,150.16577117704728,,2.1559678533515885,,0.31957436,,41.944355,,,0,False,,,,,,,,0,False,False,False,34430.945,31.68957,0.21446499,0.20610693,0.0010439014,0.21050651,0.1726189,-0.0031343263,False,False,False,False,0.044650335,0.8366068,False,False,61096.182507140635,,25,False,False,False,False,False,False,False,False,False,False,False,False,False,False,False,False,False,False,False,False,False,r
2,61096.18120263509,lsst,150.1657673962605,2.155960212885554,170019716302635146,170054956911951981,0,170019716302635146,8206.108,195.25122,0,0,0,38805.84,192.10301,True,2026022400674,97,0.0,4.0665936e-06,4.6404944e-06,4.9964607e-12,1821.6084,0.089238234,2774.6196,0.065960884,False,7430.262,452.28668,False,False,False,40.176468,,1697.0511,1681,8464.79,0.59277624,150.16576725681142,,2.1559640418603405,,0.9163228,,8.989249,,,0,False,,,,,,,,0,False,False,False,30510.326,43.536934,0.19369148,0.13780467,-0.028406503,0.20728219,0.13720062,0.00013248499,False,False,False,False,0.0060910364,0.71398246,False,False,61096.182931165,,24,False,False,False,False,False,False,False,False,False,False,False,False,False,False,False,False,False,False,False,False,False,r
2,61096.18167165514,lsst,150.1657690358934,2.155964433739077,170019716302635146,170054957040402552,0,170019716302635146,8381.297,190.36864,0,0,0,37488.254,188.99854,True,2026022400675,86,0.0,3.6748859e-06,4.08547e-06,2.5590827e-12,3847.7783,0.07654484,2834.6204,0.06251964,False,8546.85,449.7649,False,False,False,42.315033,,1721.1776,1681,8112.0713,2.6403718,150.16576902442227,,2.1559640886616416,,0.5485318,,45.30615,,,0,False,,,,,,,,0,False,False,False,29008.264,47.534847,0.150299,0.12796538,0.007116635,0.17641416,0.13227415,0.0042741247,False,False,False,False,0.036730222,0.70161,False,False,61096.18341939823,,24,False,False,False,False,False,False,False,False,False,False,False,False,False,False,False,False,False,False,False,False,False,r
2,61096.18213688725,lsst,150.16577419663943,2.1559659188972713,170019716302635146,170054957178290307,0,170019716302635146,8092.3843,195.17648,0,0,0,38910.23,192.75107,True,2026022400676,93,0.0,3.7848624e-06,4.3263935e-06,2.7949468e-12,1168.3025,0.08058485,3572.8396,0.064762436,False,7746.914,452.27072,False,False,False,40.23082,,1551.667,1681,8029.5835,5.2249064,150.165775274686,,2.155967897481451,,0.77803355,,26.528479,,,0,False,,,,,,,,0,False,False,False,30730.906,46.92606,0.18061772,0.1248125,0.00059153506,0.19853148,0.14381449,0.0035971543,False,False,False,False,0.04846201,0.70012486,False,False,61096.18379901425,,22,False,False,False,False,False,False,False,False,False,False,False,False,False,False,False,False,False,False,False,False,False,r
2,61096.18259995692,lsst,150.16576802933432,2.1559633227039545,170019716302635146,170054957335052294,0,170019716302635146,8293.844,196.1898,0,0,0,39274.86,192.95161,True,2026022400677,136,0.0,4.0151353e-06,4.233884e-06,9.172924e-13,1837.6268,0.07695505,193.92538,0.07135298,False,7190.4414,451.3984,False,False,False,41.278713,,1666.9655,1681,8268.62,2.3726726,150.16576750370518,,2.155964504725441,,0.65678346,,40.82125,,,0,False,,,,,,,,0,False,False,False,30903.012,42.182793,0.18709823,0.15614906,0.011290132,0.20132016,0.15442269,0.002403903,False,False,False,False,0.0054625315,0.751828,False,False,61096.18433449812,,23,False,False,False,False,False,False,False,False,False,False,False,False,False,False,False,False,False,False,False,False,False,r
2,61096.183067611404,lsst,150.16576588958281,2.1559605811788125,170019716302635146,170054957446725720,0,170019716302635146,8135.2915,195.50233,0,0,0,39076.56,192.70839,True,2026022400678,93,0.0,4.1947974e-06,4.8292754e-06,2.390737e-12,2251.6758,0.08844784,2099.36,0.07356082,False,8257.448,453.4481,False,False,False,41.246273,,1706.8059,1681,8161.754,1.0102282,150.16576613129627,,2.155966558228583,,0.73844165,,11.51875,,,0,False,,,,,,,,0,False,False,False,30867.242,43.33818,0.20770687,0.16082002,-0.007097404,0.18380582,0.15782864,-0.0070342384,False,False,False,False,0.026069103,0.7547628,False,False,61096.184818070295,,23,False,False,False,False,False,False,False,False,False,False,False,False,False,False,False,False,False,False,False,False,False,r
2,61096.183531433955,lsst,150.1657748752741,2.1559658494803533,170019716302635146,170054957603487759,0,170019716302635146,8377.275,201.57732,0,0,0,41468.79,198.54364,True,2026022400679,136,0.0,4.3374007e-06,4.3664973e-06,8.357021e-14,161.5754,0.07858124,515.9331,0.077967465,False,8544.881,453.82343,False,False,False,40.894745,,1728.1296,1681,8202.0,1.7535262,150.16577439273573,,2.1559691824021527,,0.5776696,,-4.1070933,,,0,False,,,,,,,,0,False,False,False,33014.652,34.331623,0.17469592,0.15284863,-0.009745564,0.18365002,0.16839927,0.007325495,False,False,False,False,0.021063054,0.76081353,False,False,61096.18526510023,,23,False,False,False,False,False,False,False,False,False,False,False,False,False,False,False,False,False,False,False,False,False,r
2,61096.18408900852,lsst,150.1657665495318,2.1559613570384,170019716302635146,170054957716209699,0,170019716302635146,7899.2573,205.20775,0,0,0,42418.76,201.40933,True,2026022400680,95,0.0,4.60759e-06,4.5636207e-06,5.9704065e-13,1710.9458,0.083703145,756.20667,0.08121826,False,8196.049,450.3644,False,False,False,37.98595,,1700.1056,1681,8113.0796,1.6093961,150.1657681301435,,2.1559677746503487,,0.74116975,,7.3533263,,,0,False,,,,,,,,0,False,False,False,34470.516,30.258295,0.21028143,0.21384564,-0.024377203,0.19724958,0.22490089,-0.02629625,False,False,False,False,0.00011547773,0.83627605,False,False,61096.18588020472,,24,False,False,False,False,False,False,False,False,False,False,False,False,False,False,False,False,False,False,False,False,False,r
2,61096.18455387451,lsst,150.16576548376506,2.1559678513987515,170019716302635146,170054957850427546,0,170019716302635146,8191.56,199.66469,0,0,0,40618.098,196.62158,True,2026022400681,95,0.0,4.669804e-06,4.7465373e-06,-1.6014132e-12,3668.7913,0.0814907,3872.9963,0.08775453,False,7957.96,452.03854,False,False,False,40.41399,,1629.3312,1681,8556.59,0.69122154,150.16576597873845,,2.1559755090931274,,0.88201493,,-7.5647435,,,0,False,,,,,,,,0,False,False,False,32312.887,32.883663,0.18785651,0.2211045,-0.031614333,0.18861139,0.18776694,-0.021806583,False,False,False,False,0.034588482,0.8212637,False,False,61096.18631071289,,24,False,False,False,False,False,False,False,False,False,False,False,False,False,False,False,False,False,False,False,False,False,r
2,61096.18501919047,lsst,150.16577025305426,2.1559659099705595,170019716302635146,170054957985693715,0,170019716302635146,8741.997,205.70177,0,0,0,43346.63,202.89378,True,2026022400682,97,0.0,4.6609543e-06,4.6017153e-06,2.371369e-12,3864.3162,0.08780824,460.8517,0.078522444,False,9148.972,451.64377,False,False,False,41.875565,,1726.6615,1681,9143.3125,0.59155655,150.16576977919615,,2.15597357869192,,0.77259773,,2.7450862,,,0,False,,,,,,,,0,False,False,False,34461.62,32.391693,0.21946052,0.2205337,-0.02663769,0.2126353,0.21027926,-0.028273497,False,False,False,False,0.00857056,0.8666991,False,False,61096.186819898285,,25,False,False,False,False,False,False,False,False,False,False,False,False,False,False,False,False,False,False,False,False,False,r
3,61096.18694860539,lsst,150.16576728387716,2.155966522774757,170019716302635146,170054958118338636,0,170019716302635146,10042.822,261.1995,0,0,0,47417.504,254.51624,True,2026022400683,94,0.0,4.528828e-06,4.6400955e-06,1.396831e-13,3638.573,0.08349635,1290.7823,0.08142863,False,10519.14,643.1642,False,False,False,37.362965,,1757.203,1681,9315.761,0.38545328,150.1657653746044,,2.1559711875955143,,0.28136343,,-21.762398,,,0,False,,,,,,,,0,False,False,False,37344.758,21.858255,0.15651956,0.15306397,-0.002859688,0.14900725,0.1450351,0.009645145,False,False,False,False,0.0102009345,0.8494957,False,False,61096.18870901166,,25,False,False,False,False,False,False,False,False,False,False,False,False,False,False,False,False,False,False,False,False,False,i
3,61096.187414996224,lsst,150.16576507732137,2.1559718809321895,170019716302635146,170054958252556376,0,170019716302635146,10140.546,259.20325,0,0,0,47371.785,253.3712,True,2026022400684,94,0.0,4.5644206e-06,4.268475e-06,-2.140598e-13,646.71985,0.0767399,2158.9275,0.082139656,False,9320.868,642.1992,False,False,False,38.65932,,1712.3608,1681,9804.091,1.4118705,150.16576458522735,,2.155973189762193,,0.5369318,,55.329247,,,0,False,,,,,,,,0,False,False,False,37157.97,28.84313,0.14643706,0.15141435,0.0123663945,0.14454317,0.15945636,0.016766846,False,False,False,False,0.0015508971,0.81299204,False,False,61096.189060161494,,22,False,False,False,False,False,False,False,False,False,False,False,False,False,False,False,False,False,False,False,False,False,i
3,61096.18788122405,lsst,150.16577466748464,2.155972422980656,170019716302635146,170054958384676989,0,170019716302635146,10183.7,267.46704,0,0,0,49942.797,259.4801,True,2026022400685,90,0.0,5.3841736e-06,3.9183296e-06,-4.1987556e-13,529.54596,0.0704575,2757.865,0.096883275,False,10779.458,644.2478,False,False,False,36.977978,,1701.4072,1681,10331.235,2.0046713,150.16577751691398,,2.15597230546424,,0.94635826,,74.5728,,,0,False,,,,,,,,0,False,False,False,39749.637,19.821512,0.13554935,0.20604609,0.024103716,0.14127448,0.17522752,0.018780809,False,False,False,False,0.024533981,0.85068154,False,False,61096.18957943306,,23,False,False,False,False,False,False,False,False,False,False,False,False,False,False,False,False,False,False,False,False,False,i
3,61096.18834791236,lsst,150.16576066793516,2.1559599724303675,170019716302635146,170054958522564633,0,170019716302635146,9519.481,261.21445,0,0,0,47459.68,254.41109,True,2026022400686,97,0.0,4.4341277e-06,4.476787e-06,-1.0723211e-14,2344.0537,0.080523305,527.09314,0.079764426,False,11131.329,641.8925,False,False,False,35.839176,,1665.3524,1681,9016.464,0.71647704,150.16575923641705,,2.1559609842663643,,0.49811482,,62.382145,,,0,False,,,,,,,,0,False,False,False,37846.035,26.511372,0.15108368,0.16429836,0.008488099,0.14960763,0.15908498,0.016473519,False,False,False,False,0.0018079248,0.87662894,False,False,61096.190226453604,,24,False,False,False,False,False,False,False,False,False,False,False,False,False,False,False,False,False,False,False,False,False,i
3,61096.188813172645,lsst,150.16576552918687,2.1559648804679674,170019716302635146,170054958656258055,0,170019716302635146,9990.544,259.87692,0,0,0,47743.91,254.08592,True,2026022400687,96,0.0,5.1273405e-06,4.2460606e-06,6.573631e-13,3587.463,0.07626363,254.80367,0.09232533,False,10526.385,642.1899,False,False,False,37.338917,,1705.1061,1681,9849.206,0.8246333,150.16576412422248,,2.1559662350599758,,0.5305549,,-69.522995,,,0,False,,,,,,,,0,False,False,False,37685.71,29.746586,0.14115937,0.15697715,-0.009422184,0.13683504,0.16246091,0.008742621,False,False,False,False,5.6066656e-05,0.7898386,False,False,61096.19063563303,,22,False,False,False,False,False,False,False,False,False,False,False,False,False,False,False,False,False,False,False,False,False,i
3,61096.18974496235,lsst,150.16576781054934,2.155963671357933,170019716302635146,170054958924693571,0,170019716302635146,9589.415,237.93507,0,0,0,40854.53,233.54591,True,2026022400689,96,0.0,3.896674e-06,3.5230066e-06,5.3788625e-13,2741.2598,0.06311442,1318.9817,0.07032975,False,8160.785,645.0522,False,False,False,39.74371,,1719.0293,1681,9021.43,2.4372642,150.16576854819021,,2.1559609782790736,,0.44192043,,31.797531,,,0,False,,,,,,,,0,False,False,False,31181.984,43.81956,0.10702088,0.10546372,0.008488143,0.108151205,0.122116625,-0.000583734,False,False,False,False,0.016999226,0.7043415,False,False,61096.191480764945,,20,False,False,False,False,False,False,False,False,False,False,False,False,False,False,False,False,False,False,False,False,False,i
3,61096.19021171838,lsst,150.16577249031852,2.1559650120593634,170019716302635146,170054959055765633,0,170019716302635146,9473.8125,238.4566,0,0,0,41347.484,233.7958,True,2026022400690,90,0.0,3.8387266e-06,3.490086e-06,6.385859e-13,774.9941,0.0623923,2347.6829,0.069409974,False,7839.6846,644.1169,False,False,False,38.58864,,1668.4667,1681,9138.534,2.2450323,150.16577237067546,,2.1559630847882274,,0.5343828,,-44.875313,,,0,False,,,,,,,,0,False,False,False,31814.45,58.858913,0.12402208,0.11260414,-0.011286843,0.1252018,0.119709596,0.0021075115,False,False,False,False,0.003493211,0.6821097,False,False,61096.19192702872,,19,False,False,False,False,False,False,False,False,False,False,False,False,False,False,False,False,False,False,False,False,False,i
3,61096.19067612458,lsst,150.1657707894722,2.1559666642723014,170019716302635146,170054959189983417,0,170019716302635146,9535.32,238.28566,0,0,0,41390.17,235.59055,True,2026022400691,90,0.0,3.5618432e-06,3.701504e-06,-3.262611e-13,1432.7283,0.066815935,3957.2761,0.06383012,False,8939.734,645.76874,False,False,False,39.412792,,1700.3665,1681,9466.996,3.3813078,150.16577106959107,,2.1559679029320318,,0.6815211,,-5.7513995,,,0,False,,,,,,,,0,False,False,False,31768.412,62.33454,0.1461528,0.10652659,0.0076942733,0.13962826,0.11192005,-0.0010251781,False,False,False,False,6.3487714e-05,0.7784208,False,False,61096.19243935714,,19,False,False,False,False,False,False,False,False,False,False,False,False,False,False,False,False,False,False,False,False,False,i
3,61096.19113848986,lsst,150.16577020225725,2.155964998631509,170019716302635146,170054959327346810,0,170019716302635146,10096.994,245.41885,0,0,0,43693.977,241.37675,True,2026022400692,96,0.0,3.5521082e-06,3.745036e-06,-5.7443053e-13,1622.6226,0.067858346,2571.4612,0.06338253,False,10282.56,645.871,False,False,False,40.513386,,1669.0499,1681,9679.009,3.061335,150.1657703850015,,2.15596152682963,,0.5377887,,-50.03018,,,0,False,,,,,,,,0,False,False,False,33492.703,46.80045,0.123854786,0.11132029,-0.011189809,0.13724968,0.12083001,0.004333344,False,False,False,False,0.025060715,0.84762836,False,False,61096.192885443525,,21,False,False,False,False,False,False,False,False,False,False,False,False,False,False,False,False,False,False,False,False,False,i
3,61096.191607831206,lsst,150.16576686263141,2.155961021624377,170019716302635146,170054959458418862,0,170019716302635146,9715.79,254.80919,0,0,0,45747.938,247.9771,True,2026022400693,90,0.0,4.0356795e-06,3.972991e-06,2.4858343e-13,3220.618,0.07123382,3607.6152,0.072826944,False,10358.704,646.428,False,False,False,36.76569,,1769.9298,1681,9423.078,2.0278442,150.16576592677166,,2.155961566429914,,0.5356621,,20.939959,,,0,False,,,,,,,,0,False,False,False,35982.08,27.33968,0.13435672,0.13284414,0.0126002,0.16060528,0.13948536,0.01399992,False,False,False,False,0.044004314,0.8307008,False,False,61096.19336187646,,22,False,False,False,False,False,False,False,False,False,False,False,False,False,False,False,False,False,False,False,False,False,i
3,61096.19207068748,lsst,150.16576969788272,2.1559628702249993,170019716302635146,170054959595782212,0,170019716302635146,9544.608,255.7166,0,0,0,46252.484,250.61787,True,2026022400694,96,0.0,3.9865904e-06,4.230542e-06,-1.2483672e-12,160.69855,0.07736709,1685.7708,0.07035349,False,10642.352,646.1048,False,False,False,36.263905,,1688.531,1681,9568.049,1.2271665,150.16577079480737,,2.155965719384027,,0.8207356,,-6.9181404,,,0,False,,,,,,,,0,False,False,False,36584.3,29.721561,0.1740183,0.12400676,0.019175697,0.15910535,0.1388403,0.018353488,False,False,False,False,2.6417973e-07,0.8589559,False,False,61096.1938678711,,23,False,False,False,False,False,False,False,False,False,False,False,False,False,False,False,False,False,False,False,False,False,i
3,61096.19307993076,lsst,150.16576784816652,2.155965397532218,170019716302635146,170054959865266307,0,170019716302635146,10626.898,280.54443,0,0,0,54436.414,274.80215,True,2026022400696,98,0.0,4.5382367e-06,5.6672548e-06,8.995766e-13,476.93433,0.10205664,3326.5693,0.08150616,False,10537.585,648.8956,False,False,False,36.90359,,1758.1727,1681,10813.459,1.2056873,150.16577172286188,,2.1559697226834618,,0.8109349,,-12.64443,,,0,False,,,,,,,,0,False,False,False,43717.492,16.41949,0.2132896,0.16374604,-0.016827244,0.20772173,0.1743236,-0.0051749535,False,False,False,False,0.0008198434,0.88654655,False,False,61096.19489171539,,23,False,False,False,False,False,False,False,False,False,False,False,False,False,False,False,False,False,False,False,False,False,i
3,61096.193547905576,lsst,150.16576601631039,2.1559692368545633,170019716302635146,170054959998959654,0,170019716302635146,10027.874,256.4516,0,0,0,45729.027,250.58366,True,2026022400697,97,0.0,3.8737753e-06,4.726552e-06,1.9699238e-13,1344.3824,0.08502708,949.7922,0.06967178,False,9691.174,651.7059,False,False,False,38.101875,,1769.5637,1681,10066.529,0.46639472,150.1657668268232,,2.1559707630235176,,0.6551072,,-8.425215,,,0,False,,,,,,,,0,False,False,False,35600.324,31.990028,0.1611415,0.12485754,-0.006580509,0.16875915,0.1309392,0.008776458,False,False,False,False,0.007786496,0.83201975,False,False,61096.19523809873,,22,False,False,False,False,False,False,False,False,False,False,False,False,False,False,False,False,False,False,False,False,False,i
3,61096.19401468306,lsst,150.16577273086418,2.1559739632690924,170019716302635146,170054960131604546,0,170019716302635146,10014.085,263.42468,0,0,0,48202.746,256.5137,True,2026022400698,94,0.0,3.9743895e-06,4.481581e-06,-9.137947e-14,3727.8044,0.08061732,1557.1449,0.071489796,False,9938.594,651.83997,False,False,False,37.621696,,1677.7412,1681,10662.942,1.4327679,150.1657744999255,,2.155976973049389,,0.92897004,,-15.321778,,,0,False,,,,,,,,0,False,False,False,38142.516,23.872656,0.19859987,0.12593174,-0.019483587,0.19126686,0.14212333,-0.0035128465,False,False,False,False,0.0029341266,0.86933696,False,False,61096.1958865992,,24,False,False,False,False,False,False,False,False,False,False,False,False,False,False,False,False,False,False,False,False,False,i
3,61096.194485238964,lsst,150.16576888784797,2.1559617998042113,170019716302635146,170054960265822288,0,170019716302635146,9804.511,260.6443,0,0,0,47399.316,253.67989,True,2026022400699,94,0.0,4.1838093e-06,4.1389317e-06,2.8149514e-14,636.8189,0.074442275,1950.8601,0.075263605,False,9555.23,650.57434,False,False,False,36.747795,,1722.7236,1681,10144.45,3.6655624,150.1657703786127,,2.1559670801121427,,0.8183981,,-11.2127075,,,0,False,,,,,,,,0,False,False,False,37556.883,25.99747,0.19308993,0.13292733,-0.007478163,0.1810223,0.14786465,0.007250334,False,False,False,False,0.00031251236,0.8274465,False,False,61096.19627157045,,22,False,False,False,False,False,False,False,False,False,False,False,False,False,False,False,False,False,False,False,False,False,i
3,61096.194951500016,lsst,150.16577106585117,2.155964237219638,170019716302635146,170054960397942874,0,170019716302635146,9121.025,260.03775,0,0,0,47394.31,254.0713,True,2026022400700,90,0.0,4.7834e-06,4.520189e-06,3.0791022e-13,1132.0608,0.08123673,1923.3151,0.086125456,False,8586.343,650.45056,False,False,False,34.846428,,1710.09,1681,8981.204,1.2002579,150.1657716772377,,2.155965933676258,,0.35702616,,-25.593433,,,0,False,,,,,,,,0,False,False,False,38178.297,28.725859,0.16216387,0.15350363,-0.0032597492,0.17729537,0.15170753,0.009975896,False,False,False,False,0.006725855,0.78472394,False,False,61096.196793344825,,22,False,False,False,False,False,False,False,False,False,False,False,False,False,False,False,False,False,False,False,False,False,i
3,61096.195413750655,lsst,150.16577114325932,2.155965316661977,170019716302635146,170054960535830550,0,170019716302635146,9530.539,251.28882,0,0,0,44709.348,245.6472,True,2026022400701,97,0.0,4.1527455e-06,4.239072e-06,-1.3802879e-13,1920.524,0.07630296,548.94226,0.07464986,False,8946.432,650.6364,False,False,False,37.01905,,1627.1132,1681,9382.84,2.4540575,150.16577209460652,,2.155967271634578,,0.60748297,,4.1205573,,,0,False,,,,,,,,0,False,False,False,35122.01,36.76672,0.15381777,0.12509039,0.008004851,0.15546857,0.13058789,0.0031993554,False,False,False,False,0.0022274647,0.7960621,False,False,61096.19704367434,,21,False,False,False,False,False,False,False,False,False,False,False,False,False,False,False,False,False,False,False,False,False,i
3,61096.19634614074,lsst,150.16576758603333,2.1559713802009646,170019716302635146,170054960802168840,0,170019716302635146,9756.653,250.6958,0,0,0,44566.25,247.52676,True,2026022400703,93,0.0,3.8803655e-06,3.74396e-06,3.3269064e-13,234.60297,0.067117915,205.04854,0.07003059,False,8906.505,650.5499,False,False,False,38.343567,,1613.0004,1681,9505.984,3.1256592,150.16576698442273,,2.1559708092742005,,0.55177623,,-5.719504,,,0,False,,,,,,,,0,False,False,False,34675.344,52.75918,0.14437886,0.11929436,0.0048554735,0.16236135,0.12490177,0.008922392,False,False,False,False,0.023896392,0.73914784,False,False,61096.19816253281,,20,False,False,False,False,False,False,False,False,False,False,False,False,False,False,False,False,False,False,False,False,False,i
3,61096.19681011718,lsst,150.1657703657398,2.155962158279827,170019716302635146,170054960937959458,0,170019716302635146,9734.797,261.70255,0,0,0,47739.426,255.62257,True,2026022400704,96,0.0,4.50892e-06,4.8099114e-06,-1.129831e-12,2249.4038,0.08726556,744.2547,0.08031221,False,9942.831,650.39374,False,False,False,36.608635,,1724.1757,1681,9958.406,2.8791437,150.16576972629386,,2.1559692037077527,,0.78400284,,-5.012254,,,0,False,,,,,,,,0,False,False,False,37873.566,29.201448,0.18610886,0.13667473,0.013626423,0.17045143,0.14852786,0.014465789,False,False,False,False,0.00056628353,0.87252635,False,False,61096.19857005478,,24,False,False,False,False,False,False,False,False,False,False,False,False,False,False,False,False,False,False,False,False,False,i
3,61096.1972811351,lsst,150.1657690471768,2.1559639304928973,170019716302635146,170054961069031513,0,170019716302635146,9501.867,248.02805,0,0,0,43478.254,243.78203,True,2026022400705,90,0.0,3.8901844e-06,3.6740191e-06,7.966208e-13,1445.9617,0.065293245,1562.0387,0.070730485,False,8819.402,647.6321,False,False,False,37.912914,,1704.4554,1681,9122.462,1.8848815,150.16576978833126,,2.155965373378881,,0.50234157,,16.142685,,,0,False,,,,,,,,0,False,False,False,33878.25,45.746216,0.12604369,0.12090626,0.01076975,0.13834767,0.12798741,0.008441023,False,False,False,False,0.01746196,0.7138707,False,False,61096.1989643566,,19,False,False,False,False,False,False,False,False,False,False,False,False,False,False,False,False,False,False,False,False,False,i
3,61096.19774598286,lsst,150.16577109594513,2.155972085376445,170019716302635146,170054961203249341,0,170019716302635146,9533.058,266.65616,0,0,0,48557.914,259.8266,True,2026022400706,90,0.0,4.7743656e-06,4.513058e-06,1.4684866e-12,1849.2815,0.07979225,3254.4395,0.08718105,False,9141.28,654.87994,False,False,False,35.128643,,1648.8319,1681,9025.709,0.85751426,150.16576889102862,,2.1559738689348182,,0.31760785,,-113.840065,,,0,False,,,,,,,,0,False,False,False,39001.18,24.076038,0.13736583,0.14591372,-0.00020607127,0.14661506,0.16113743,-0.0024134505,False,False,False,False,0.024003651,0.8083294,False,False,61096.19961345845,,22,False,False,False,False,False,False,False,False,False,False,False,False,False,False,False,False,False,False,False,False,False,i
3,61096.19821011253,lsst,150.16576490235244,2.1559604784939923,170019716302635146,170054961340612706,0,170019716302635146,9661.122,254.38579,0,0,0,45244.7,248.83516,True,2026022400707,96,0.0,4.6157074e-06,4.4151075e-06,1.4009808e-12,949.5858,0.07785502,1809.5028,0.084507614,False,10709.419,653.63226,False,False,False,37.601685,,1612.2286,1681,9013.439,0.010897445,150.1657631018722,,2.1559614070885287,,0.24363147,,-79.27538,,,0,False,,,,,,,,0,False,False,False,35480.227,32.092373,0.14028461,0.14128116,-0.0024492752,0.13944557,0.140183,0.00027217212,False,False,False,False,0.00016753965,0.80519325,False,False,61096.199979745616,,21,False,False,False,False,False,False,False,False,False,False,False,False,False,False,False,False,False,False,False,False,False,i
3,61096.198677655935,lsst,150.16577018761268,2.155966043007216,170019716302635146,170054961471684744,0,170019716302635146,9972.591,254.87074,0,0,0,45485.77,249.31996,True,2026022400708,90,0.0,4.0553214e-06,4.120929e-06,-5.1150734e-13,3667.9102,0.0747992,3179.2031,0.0722625,False,9779.73,654.7857,False,False,False,39.03567,,1661.2063,1681,9684.908,0.43854034,150.16576885668493,,2.155968153334543,,0.38553602,,-17.53178,,,0,False,,,,,,,,0,False,False,False,35475.598,42.641838,0.14667332,0.13537575,0.0029215054,0.15076916,0.14339587,0.014255358,False,False,False,False,0.0062105395,0.81237996,False,False,61096.20043773491,,23,False,False,False,False,False,False,False,False,False,False,False,False,False,False,False,False,False,False,False,False,False,i
3,61096.19914293368,lsst,150.1657709478621,2.155970044028535,170019716302635146,170054961605378078,0,170019716302635146,9536.286,251.97707,0,0,0,43985.625,245.65337,True,2026022400709,89,0.0,4.4691183e-06,3.9908487e-06,5.253576e-12,3887.332,0.0631441,707.3903,0.08735697,False,8880.742,653.2,False,False,False,36.693066,,1689.4615,1681,9563.572,3.6664505,150.16577096998768,,2.155970412591096,,0.757045,,34.458015,,,0,False,,,,,,,,0,False,False,False,34417.625,38.251274,0.10666785,0.14642243,0.018000957,0.11242172,0.16460913,0.01062265,False,False,False,False,0.02550118,0.76679516,False,False,61096.20095278072,,20,False,False,False,False,False,False,False,False,False,False,False,False,False,False,False,False,False,False,False,False,False,i
3,61096.199605494934,lsst,150.1657669490965,2.1559668800675444,170019716302635146,170054961743790148,0,170019716302635146,9320.21,252.09207,0,0,0,44457.156,247.51117,True,2026022400710,97,0.0,4.722088e-06,3.9337906e-06,4.0805484e-12,4013.5642,0.06625317,1417.6797,0.088505775,False,8716.494,652.99304,False,False,False,36.015194,,1669.8011,1681,9511.407,0.40914235,150.1657657614072,,2.1559675623081573,,0.68340725,,42.13812,,,0,False,,,,,,,,0,False,False,False,35002.56,27.47358,0.11957761,0.14931914,0.01519416,0.13285822,0.16970399,0.022750415,False,False,False,False,0.045685418,0.7722977,False,False,61096.20136246617,,24,False,False,False,False,False,False,False,False,False,False,False,False,False,False,False,False,False,False,False,False,False,i
3,61096.200070543055,lsst,150.16577138407587,2.155971477256807,170019716302635146,170054961878007994,0,170019716302635146,9458.348,247.42969,0,0,0,43156.9,242.53047,True,2026022400711,97,0.0,4.3238856e-06,3.6759352e-06,3.8962956e-12,1298.326,0.060800318,3913.3345,0.08201774,False,8200.005,650.4538,False,False,False,37.009922,,1712.6808,1681,9605.283,2.9935465,150.1657683381553,,2.1559693539744718,,0.8602346,,34.861446,,,0,False,,,,,,,,0,False,False,False,33655.44,45.916985,0.107698925,0.14982578,0.028894495,0.11569254,0.15091881,0.019747987,False,False,False,False,0.0038590725,0.7157046,False,False,61096.201797353206,,20,False,False,False,False,False,False,False,False,False,False,False,False,False,False,False,False,False,False,False,False,False,i
3,61096.20053620795,lsst,150.1657714665646,2.1559704715642805,170019716302635146,170054962011701254,0,170019716302635146,10298.786,256.21466,0,0,0,46759.363,251.08777,True,2026022400712,96,0.0,4.154998e-06,3.8965604e-06,1.9608297e-12,3978.6848,0.06731086,97.341194,0.07725072,False,10121.285,651.4121,False,False,False,39.93469,,1702.0483,1681,10238.729,0.5059401,150.16577117968168,,2.1559697671886346,,0.5341163,,40.902313,,,0,False,,,,,,,,0,False,False,False,36311.723,35.233315,0.13405268,0.1542283,0.007375019,0.13788043,0.154296,0.013422128,False,False,False,False,0.0006480921,0.8438768,False,False,61096.20227375862,,23,False,False,False,False,False,False,False,False,False,False,False,False,False,False,False,False,False,False,False,False,False,i
1,61096.202399802736,lsst,150.1657688906181,2.1559506302630966,170019716302635146,170054962144870455,0,170019716302635146,7570.8604,161.7828,0,0,0,30468.084,161.26741,True,2026022400713,94,0.0,3.816824e-06,4.6733726e-06,1.7633187e-12,3585.7886,0.08479574,1168.3684,0.06766394,False,7628.0605,342.66983,False,False,False,46.72891,,1732.1691,1681,7533.799,0.9688708,150.16576977198167,,2.1559520396343874,,0.6182344,,17.470667,,,0,False,,,,,,,,0,False,False,False,22750.168,20.631859,0.20945463,0.17638649,0.0026371246,0.22084753,0.17376825,0.0054523177,False,False,False,False,0.0024302704,0.8834736,False,False,61096.20406692414,,26,False,False,False,False,False,False,False,False,False,False,False,False,False,False,False,False,False,False,False,False,False,g
1,61096.20286370095,lsst,150.1657726420756,2.1559620156547252,170019716302635146,170054962279088238,0,170019716302635146,7557.564,158.7921,0,0,0,29348.861,157.951,True,2026022400714,94,0.0,3.9220467e-06,4.3012005e-06,5.6306343e-13,687.25104,0.07753617,2309.2627,0.07028901,False,8122.4873,343.09714,False,False,False,47.417664,,1561.5358,1681,7337.2695,0.33852047,150.1657730231782,,2.1559650134272648,,0.50374085,,-30.040531,,,0,False,,,,,,,,0,False,False,False,21708.248,34.66886,0.18809953,0.18428315,-0.010774635,0.2084052,0.16700351,3.1342974e-05,False,False,False,False,0.0003041366,0.8749937,False,False,61096.20476943716,,28,False,False,False,False,False,False,False,False,False,False,False,False,False,False,False,False,False,False,False,False,False,g
1,61096.20332983043,lsst,150.1657689025599,2.1559626424201386,170019716302635146,170054962411208818,0,170019716302635146,7928.8394,153.47238,1,0,0,27896.562,152.28604,True,2026022400715,90,0.0,3.2331034e-06,3.85523e-06,5.5447986e-13,253.01712,0.06948126,3329.4185,0.057942014,True,8403.417,340.2598,True,False,False,51.49151,,1762.6958,1681,,,,,,,,,,,,0,False,,,,,,,,0,True,False,False,19858.896,22.87246,0.18490908,0.16707946,0.013604903,0.188275,0.15105179,0.00888782,True,False,False,False,,0.86988056,False,False,61096.20499513534,,45,False,False,False,False,False,False,False,False,False,False,False,False,False,False,False,False,False,False,False,False,False,g
1,61096.20379147207,lsst,150.16577611155282,2.155959505179391,170019716302635146,170054962549096465,0,170019716302635146,7436.0767,150.46649,0,0,0,27388.355,150.89307,True,2026022400716,97,0.0,3.7908192e-06,3.7778207e-06,-7.102289e-15,2613.6257,0.067917444,511.5573,0.06815977,False,8030.8247,341.19583,False,False,False,47.943054,,1595.6576,1681,7120.548,0.28418893,150.16577657452157,,2.1559597527936756,,0.39447203,,39.931015,,,0,False,,,,,,,,0,False,False,False,19862.123,39.57915,0.16552742,0.16151744,0.0063306647,0.1710435,0.15047108,0.0017481612,False,False,False,False,0.0011855987,0.8577295,False,False,61096.205474866794,,25,False,False,False,False,False,False,False,False,False,False,False,False,False,False,False,False,False,False,False,False,False,g
1,61096.204258667596,lsst,150.16577267226947,2.155965954963291,170019716302635146,170054962682789901,0,170019716302635146,8072.715,160.55405,0,0,0,29856.164,159.15334,True,2026022400717,96,0.0,4.109976e-06,4.179638e-06,8.120418e-15,3848.225,0.075143866,508.4941,0.07389809,False,8965.099,344.6747,False,False,False,48.852543,,1876.2374,1681,7939.1816,0.14701962,150.16577521033884,,2.155969255282685,,0.29866508,,39.107624,,,0,False,,,,,,,,0,False,False,False,21680.988,21.274376,0.20710789,0.20537362,0.0036557675,0.19264227,0.18299332,0.008932714,False,False,False,False,0.044073194,0.9220613,False,False,61096.20593314184,,28,False,False,False,False,False,False,False,False,False,False,False,False,False,False,False,False,False,False,False,False,False,g
1,61096.20518922874,lsst,150.16577446651687,2.1559590157754904,170019716302635146,170054962951225400,0,170019716302635146,7698.5024,160.34381,0,0,0,30088.742,159.25525,True,2026022400719,96,0.0,3.7158286e-06,4.5410466e-06,-6.340794e-13,3101.4563,0.08175972,1644.6085,0.06667217,False,7322.2676,342.73154,False,False,False,46.385365,,1567.0463,1681,7826.08,1.0442442,150.16577607966673,,2.1559598702523046,,0.83545196,,-23.560644,,,0,False,,,,,,,,0,False,False,False,22304.385,25.428278,0.20784456,0.15633173,-0.019108834,0.21130349,0.16762075,7.643338e-05,False,False,False,False,0.0071334722,0.8208982,False,False,61096.20691857922,,24,False,False,False,False,False,False,False,False,False,False,False,False,False,False,False,False,False,False,False,False,False,g
1,61096.20565706593,lsst,150.16577445141124,2.155957734541406,170019716302635146,170054963082297447,0,170019716302635146,7810.0977,155.67947,0,0,0,28987.785,154.48558,True,2026022400720,90,0.0,3.6478712e-06,3.7914401e-06,-1.5352047e-13,450.1811,0.06822444,2887.9204,0.065539904,False,8004.773,338.68396,False,False,False,49.515812,,1626.0004,1681,7711.633,0.4712669,150.1657742377833,,2.1559609737120966,,0.6016192,,22.076845,,,0,False,,,,,,,,0,False,False,False,21109.275,33.39278,0.19113092,0.17532864,0.013743528,0.19915384,0.16962785,0.014790686,False,False,False,False,0.00018237057,0.8794082,False,False,61096.20810932593,,25,False,False,False,False,False,False,False,False,False,False,False,False,False,False,False,False,False,False,False,False,False,g
1,61096.20612487248,lsst,150.16576876997806,2.1559650260201204,170019716302635146,170054963218087942,0,170019716302635146,7785.07,151.24496,0,0,0,27198.916,150.59613,True,2026022400721,93,0.0,3.404143e-06,3.6594172e-06,-3.6892817e-13,1262.4774,0.06597123,197.2146,0.061017055,False,8696.351,342.52036,False,False,False,51.116344,,1661.7452,1681,7714.5913,0.9185699,150.16576793825624,,2.1559683652289947,,0.6459856,,-9.739653,,,0,False,,,,,,,,0,False,False,False,19336.732,46.994465,0.18681848,0.14983143,0.00087940367,0.18383215,0.15480703,0.0060288645,False,False,False,False,0.00014573448,0.8855517,False,False,61096.20791114702,,28,False,False,False,False,False,False,False,False,False,False,False,False,False,False,False,False,False,False,False,False,False,g
1,61096.20658736615,lsst,150.1657681783838,2.1559537770676753,170019716302635146,170054963353878643,0,170019716302635146,7845.6,153.35547,0,0,0,27648.227,152.27515,True,2026022400722,96,0.0,3.5745147e-06,4.1525686e-06,-1.2223076e-12,2101.7358,0.07533603,2981.6099,0.06348248,False,8516.258,343.4353,False,False,False,49.82454,,1623.1245,1681,8032.643,0.41925782,150.16576712623714,,2.1559576120998463,,0.7938625,,2.5803049,,,0,False,,,,,,,,0,False,False,False,19712.832,27.04188,0.22243205,0.17516771,0.015864542,0.20215872,0.15171453,0.016472016,False,False,False,False,0.0651711,0.9286767,False,False,61096.2083554828,,25,False,False,False,False,False,False,False,False,False,False,False,False,False,False,False,False,False,False,False,False,False,g
1,61096.207055633524,lsst,150.16576849238115,2.1559598735445755,170019716302635146,170054963484950684,0,170019716302635146,7917.096,151.50848,0,0,0,27179.947,151.26906,True,2026022400723,90,0.0,3.3955287e-06,4.1314593e-06,-1.8733036e-12,3008.1409,0.0755159,3898.1133,0.059513133,False,10124.437,342.24203,False,False,False,51.879494,,1801.2817,1681,8127.047,0.16188066,150.165768280881,,2.155962254366472,,0.8142505,,-13.623835,,,0,False,,,,,,,,0,False,False,False,19084.352,24.102798,0.22531879,0.16551185,0.0035819588,0.1838721,0.14203256,0.009974797,False,False,False,False,0.14897104,0.94292927,False,False,61096.20871614068,,28,False,False,False,False,False,False,False,False,False,False,False,False,False,False,False,False,False,False,False,False,False,g
1,61096.20752107461,lsst,150.16577494057032,2.1559629512595007,170019716302635146,170054963622314097,0,170019716302635146,7440.3535,171.5424,0,0,0,31792.025,171.2537,True,2026022400724,96,0.0,4.271761e-06,4.231867e-06,1.4827617e-13,567.85693,0.07597823,2228.1726,0.076931216,False,7468.8354,344.65475,False,False,False,42.69495,,1730.058,1681,6424.1875,0.33184883,150.16577310687077,,2.1559634052257617,,0.55827856,,59.174908,,,0,False,,,,,,,,0,False,False,False,24228.725,20.202354,0.157401,0.18280676,0.0048612687,0.17763074,0.17276444,0.0058772895,False,False,False,False,0.0036880947,0.8365903,False,False,61096.2093995891,,29,False,False,False,False,False,False,False,False,False,False,False,False,False,False,False,False,False,False,False,False,False,g
1,61096.20806593661,lsst,150.16576669702036,2.1559618887478256,170019716302635146,170054963756007550,0,170019716302635146,7840.6533,153.09743,0,0,0,28242.486,153.91133,True,2026022400725,95,0.0,3.2705364e-06,4.0204213e-06,1.3406103e-12,1599.298,0.07297889,3618.226,0.057942126,False,8204.824,340.20557,False,False,False,50.584656,,1610.2062,1681,8353.68,1.2815641,150.16576639313584,,2.155969204754562,,0.98245096,,-8.62436,,,0,False,,,,,,,,0,False,False,False,20316.473,61.516624,0.23045184,0.16418229,-0.031321928,0.2204003,0.14878617,-0.027176311,False,False,False,False,0.021639293,0.8770417,False,False,61096.21005385835,,26,False,False,False,False,False,False,False,False,False,False,False,False,False,False,False,False,False,False,False,False,False,g
1,61096.2085328626,lsst,150.16577210674996,2.155956994548299,170019716302635146,170054963891798108,0,170019716302635146,7781.164,153.44803,0,0,0,27752.354,154.01112,True,2026022400726,98,0.0,2.7085143e-06,4.058699e-06,1.6407482e-12,1009.8417,0.073608465,3025.4797,0.04774663,False,7460.13,343.21747,False,False,False,49.923824,,1721.7902,1681,8142.679,2.485092,150.1657708045764,,2.1559652773439315,,1.083626,,-7.7828455,,,0,False,,,,,,,,0,False,False,False,19872.824,65.603905,0.21483666,0.11901503,-0.033961687,0.21516944,0.13687867,-0.027259443,False,False,False,False,0.011663657,0.85648364,False,False,61096.21024314035,,25,False,False,False,False,False,False,False,False,False,False,False,False,False,False,False,False,False,False,False,False,False,g
1,61096.20900341174,lsst,150.16577498922737,2.1559600381237223,170019716302635146,170054964025491495,0,170019716302635146,7697.864,153.56587,0,0,0,28389.658,154.57735,True,2026022400727,97,0.0,3.5296146e-06,4.255259e-06,7.0181887e-13,1667.8822,0.07668419,979.6161,0.063241534,False,8646.932,342.3772,False,False,False,48.7278,,1638.021,1681,7806.326,0.9407245,150.1657751288866,,2.155964908050798,,0.7921409,,-1.9415758,,,0,False,,,,,,,,0,False,False,False,20571.098,36.089188,0.21766831,0.16354781,-0.008716871,0.19205512,0.15938985,-0.008717272,False,False,False,False,0.030961148,0.89411503,False,False,61096.21073715466,,25,False,False,False,False,False,False,False,False,False,False,False,False,False,False,False,False,False,False,False,False,False,g
1,61096.2094687807,lsst,150.165773252274,2.155962686903118,170019716302635146,170054964158136379,0,170019716302635146,7783.8457,145.92432,0,0,0,26480.826,148.5198,True,2026022400728,94,0.0,2.9329644e-06,3.4410996e-06,2.389852e-13,3695.618,0.06191262,1384.4762,0.052680418,False,8314.02,340.52316,False,False,False,52.750225,,1527.5435,1681,8110.606,1.6203853,150.16577203295125,,2.1559638754397117,,0.89516383,,-24.940968,,,0,False,,,,,,,,0,False,False,False,18597.709,39.62987,0.17475064,0.1346403,-0.032444447,0.1710759,0.14007916,-0.024681509,False,False,False,False,0.00012472468,0.89291805,False,False,61096.211195399315,,25,False,False,False,False,False,False,False,False,False,False,False,False,False,False,False,False,False,False,False,False,False,g
1,61096.20993671028,lsst,150.16577280163983,2.155958420708028,170019716302635146,170054964292354116,0,170019716302635146,7352.8745,151.53265,0,0,0,27045.342,150.75252,True,2026022400729,94,0.0,3.6126773e-06,3.8540106e-06,3.7497847e-14,655.8666,0.0692905,2069.0996,0.06495332,False,8418.459,343.51007,False,False,False,48.260838,,1739.091,1681,7232.7617,0.3750746,150.16577131787173,,2.155962001688402,,0.58814913,,-18.411533,,,0,False,,,,,,,,0,False,False,False,19599.74,58.032505,0.1836486,0.16015492,-0.009591416,0.18777426,0.15050453,-0.007811429,False,False,False,False,0.0011246185,0.8903835,False,False,61096.21173928646,,25,False,False,False,False,False,False,False,False,False,False,False,False,False,False,False,False,False,False,False,False,False,g
1,61096.2104025147,lsst,150.16577248351524,2.1559589409094375,170019716302635146,170054964424474709,0,170019716302635146,7889.587,152.94699,0,0,0,27909.014,151.54971,True,2026022400730,90,0.0,3.462148e-06,3.77466e-06,-6.690354e-14,761.52936,0.06787646,2415.9214,0.062249556,False,8197.796,339.85837,False,False,False,50.92101,,1690.3318,1681,7706.8574,0.63105255,150.16577242947776,,2.155960144931405,,0.55724853,,12.815685,,,0,False,,,,,,,,0,False,False,False,19951.973,21.655182,0.1829549,0.15924843,0.0065552564,0.18274689,0.15577324,-0.0047384244,False,False,False,False,0.0004997582,0.87622213,False,False,61096.21208197231,,25,False,False,False,False,False,False,False,False,False,False,False,False,False,False,False,False,False,False,False,False,False,g
1,61096.21086719592,lsst,150.16576995383923,2.155962868143871,170019716302635146,170054964562362393,0,170019716302635146,7570.3057,151.9278,0,0,0,27397.258,151.6805,True,2026022400731,97,0.0,3.5797343e-06,4.10701e-06,-3.5872626e-13,2193.4277,0.07390981,531.6279,0.06428463,False,7990.9565,342.3341,False,False,False,48.034233,,1616.1613,1681,7484.785,0.04877967,150.1657693703037,,2.155963625986793,,0.68812644,,-31.569796,,,0,False,,,,,,,,0,False,False,False,19733.875,27.626734,0.18364061,0.15823047,-0.016929401,0.18025261,0.14834914,-0.016179735,False,False,False,False,0.006660484,0.8032822,False,False,61096.21268179802,,24,False,False,False,False,False,False,False,False,False,False,False,False,False,False,False,False,False,False,False,False,False,g
1,61096.21133153461,lsst,150.1657690274937,2.155963116179831,170019716302635146,170054964696055812,0,170019716302635146,7851.674,158.11389,0,0,0,28722.855,156.22113,True,2026022400732,96,0.0,3.872073e-06,3.9475335e-06,-8.41378e-14,3464.2026,0.070997715,85.96378,0.06959241,False,8607.191,344.39203,False,False,False,49.275078,,1572.4413,1681,7462.9717,0.00895747,150.16576980809214,,2.1559622350376877,,0.26163194,,46.60845,,,0,False,,,,,,,,0,False,False,False,20788.951,20.324268,0.18351148,0.185396,0.0027202005,0.18000516,0.1709439,0.001999375,False,False,False,False,0.011394986,0.9146763,False,False,61096.21303920122,,24,False,False,False,False,False,False,False,False,False,False,False,False,False,False,False,False,False,False,False,False,False,g
1,61096.211799123135,lsst,150.16577305429232,2.1559554589683416,170019716302635146,170054964828700694,0,170019716302635146,7977.1978,153.7736,0,0,0,27567.184,151.69035,True,2026022400733,93,0.0,3.2380703e-06,3.4960358e-06,-3.4547725e-13,98.53823,0.06302937,781.8707,0.058038738,False,8458.526,345.34732,False,False,False,50.91132,,1637.0255,1681,7805.458,0.5120449,150.16577333989173,,2.1559556632733727,,0.68394774,,-44.80891,,,0,False,,,,,,,,0,False,False,False,19545.75,26.11375,0.16785987,0.15209062,-0.019456495,0.16912127,0.14535859,-0.012488096,False,False,False,False,0.0011862902,0.8860756,False,False,61096.2135281517,,25,False,False,False,False,False,False,False,False,False,False,False,False,False,False,False,False,False,False,False,False,False,g
1,61096.21226454733,lsst,150.16577175525944,2.1559583129098296,170019716302635146,170054964964491305,0,170019716302635146,7846.647,150.15451,0,0,0,26606.014,149.21822,True,2026022400734,96,0.0,3.1173886e-06,3.9040856e-06,-1.467115e-12,2558.5876,0.07103056,1106.8021,0.05498892,False,9163.678,345.74695,False,False,False,51.267975,,1668.5166,1681,8134.3794,0.7936346,150.16577034667293,,2.1559604226094953,,0.8576486,,-12.062273,,,0,False,,,,,,,,0,False,False,False,18676.5,31.699081,0.20668933,0.13848911,0.0023044867,0.18978192,0.12952182,0.007319114,False,False,False,False,0.025812753,0.9169903,False,False,61096.21402184198,,25,False,False,False,False,False,False,False,False,False,False,False,False,False,False,False,False,False,False,False,False,False,g
1,61096.21273043649,lsst,150.16577448406713,2.1559614977884056,170019716302635146,170054965095563351,0,170019716302635146,7786.0215,145.6446,0,0,0,25668.332,144.95966,True,2026022400735,90,0.0,2.9864282e-06,3.6499694e-06,-1.4519012e-12,1030.7112,0.06669159,2037.5775,0.05237271,False,8529.124,341.1064,False,False,False,51.861847,,1688.885,1681,7774.471,0.3913708,150.1657752586182,,2.1559623494966096,,0.73811454,,-30.54304,,,0,False,,,,,,,,0,False,False,False,17778.695,35.690617,0.17715774,0.13319843,-0.011538606,0.16881582,0.12513733,0.0030521236,False,False,False,False,0.011352188,0.88334054,False,False,61096.21444698889,,25,False,False,False,False,False,False,False,False,False,False,False,False,False,False,False,False,False,False,False,False,False,g
1,61096.21319369022,lsst,150.16577222618167,2.1559542832546126,170019716302635146,170054965229781143,0,170019716302635146,7743.3228,149.1065,0,0,0,27065.262,149.83629,True,2026022400736,90,0.0,3.2166947e-06,3.7939203e-06,-1.671068e-12,1591.8428,0.06962316,3680.262,0.05613263,False,8368.916,342.37375,False,False,False,51.868687,,1648.5447,1681,7707.338,1.1299145,150.16577125330707,,2.1559571383725062,,0.72184545,,-18.216076,,,0,False,,,,,,,,0,False,False,False,19220.6,53.393284,0.18715033,0.14013585,0.0012769996,0.17331071,0.14362766,0.008598984,False,False,False,False,0.0042048865,0.88956106,False,False,61096.21485360067,,24,False,False,False,False,False,False,False,False,False,False,False,False,False,False,False,False,False,False,False,False,False,g
1,61096.21365581294,lsst,150.16577011881535,2.155954153356933,170019716302635146,170054965367144547,0,170019716302635146,7738.542,147.3753,0,0,0,26294.182,147.82631,True,2026022400737,96,0.0,3.2567652e-06,3.8187227e-06,-2.0671223e-12,1365.8677,0.07069902,2286.5085,0.05607948,False,8093.1396,342.9269,False,False,False,52.429726,,1750.5875,1681,7699.361,0.49449548,150.16576848750842,,2.155957202062935,,0.6626377,,-29.952765,,,0,False,,,,,,,,0,False,False,False,18422.582,45.18584,0.17924531,0.14114675,-0.004667646,0.1704717,0.13702725,0.008045865,False,False,False,False,0.0067200037,0.890431,False,False,61096.21572680563,,24,False,False,False,False,False,False,False,False,False,False,False,False,False,False,False,False,False,False,False,False,False,g
1,61096.21413016114,lsst,150.16577179501826,2.155956402132663,170019716302635146,170054965498216590,0,170019716302635146,7917.115,147.46721,0,0,0,26496.951,147.73296,True,2026022400738,90,0.0,2.9006014e-06,3.3204321e-06,-1.643257e-12,3403.8206,0.061807666,3430.7883,0.04963476,False,7561.516,341.5212,False,False,False,53.02972,,1678.5986,1681,7934.2983,1.1676875,150.16577214275935,,2.1559563674766555,,0.7084448,,-32.633396,,,0,False,,,,,,,,0,False,False,False,18453.008,38.529137,0.1575307,0.112869546,-0.0054608854,0.17272638,0.13205831,0.0010213258,False,False,False,False,0.047227334,0.85548425,False,False,61096.21627498877,,23,False,False,False,False,False,False,False,False,False,False,False,False,False,False,False,False,False,False,False,False,False,g
1,61096.215109506855,lsst,150.16577365179486,2.1559512158881455,170019716302635146,170054965770846229,0,170019716302635146,7514.52,154.44476,0,0,0,27814.793,152.94554,True,2026022400740,98,0.0,3.6977333e-06,4.419175e-06,-4.74484e-13,936.8053,0.079532675,471.02353,0.06639445,False,8643.487,345.85245,False,False,False,48.55106,,1641.7793,1681,7582.326,0.13344793,150.16577343091998,,2.1559541898065873,,0.65966535,,-11.6777935,,,0,False,,,,,,,,0,False,False,False,20234.96,49.33152,0.20620401,0.16891845,-0.0047088703,0.20050284,0.15260012,0.00021710913,False,False,False,False,0.01698038,0.92049336,False,False,61096.21674750685,,25,False,False,False,False,False,False,False,False,False,False,False,False,False,False,False,False,False,False,False,False,False,g
1,61096.21557514032,lsst,150.16577278878162,2.155959789724382,170019716302635146,170054965904539790,0,170019716302635146,7667.84,150.07556,0,0,0,27531.346,150.76755,True,2026022400741,97,0.0,3.106343e-06,4.372502e-06,-1.3104657e-12,3493.6763,0.07898025,3762.2073,0.055339713,False,7826.562,340.3099,False,False,False,50.651302,,1661.9266,1681,8115.335,0.96129614,150.16577194387497,,2.1559614541139185,,0.96167785,,-2.758126,,,0,False,,,,,,,,0,False,False,False,19701.986,32.476696,0.2202277,0.13339253,0.0076147662,0.20598496,0.14006513,0.008631667,False,False,False,False,0.0020634367,0.8864471,False,False,61096.21720747774,,25,False,False,False,False,False,False,False,False,False,False,False,False,False,False,False,False,False,False,False,False,False,g
1,61096.2160420688,lsst,150.1657725442601,2.155956048148863,170019716302635146,170054966038757400,0,170019716302635146,7987.928,151.13397,0,0,0,27306.283,150.51302,True,2026022400742,97,0.0,3.074534e-06,4.01918e-06,-1.299022e-12,714.6163,0.07280057,729.0827,0.054565992,False,8816.766,345.32535,False,False,False,52.490627,,1699.5526,1681,8252.518,0.6654923,150.16577256272524,,2.1559569099654867,,0.8175062,,-25.489609,,,0,False,,,,,,,,0,False,False,False,19218.191,28.449648,0.19535229,0.14187296,-0.015309934,0.19579136,0.13360283,-0.0067840777,False,False,False,False,0.0023192,0.92351216,False,False,61096.21763814501,,24,False,False,False,False,False,False,False,False,False,False,False,False,False,False,False,False,False,False,False,False,False,g
4,61096.21784403897,lsst,150.16575965527474,2.1559693822704746,170019716302635146,170054966171402308,0,170019716302635146,8647.408,409.7159,0,0,0,50009.49,401.48517,True,2026022400743,94,0.0,7.674102e-06,9.085982e-06,-6.6207218e-12,3814.09,0.16514218,1956.0967,0.13601874,False,8495.751,1085.1626,False,False,False,20.990711,,1608.0483,1681,8845.3,3.028061,150.1657573837883,,2.1559735031752103,,0.7521637,,-2.3729777,,,0,False,,,,,,,,0,False,False,False,41290.785,75.70089,0.16972975,0.12236618,0.010786522,0.16442646,0.14641733,0.008376998,False,False,False,False,0.014018073,0.9402181,False,False,61096.21946219192,,20,False,False,False,False,False,False,False,False,False,False,False,False,False,False,False,False,False,False,False,False,False,z
4,61096.21831012104,lsst,150.16576599164267,2.1559696393827394,170019716302635146,170054966305620038,0,170019716302635146,8764.204,380.96576,0,0,0,46216.52,379.3845,True,2026022400744,94,0.0,6.884417e-06,8.026215e-06,-6.0062185e-12,714.66223,0.14649542,1626.1722,0.12133268,False,10896.56,1083.7736,False,False,False,22.789904,,1655.5344,1681,9409.671,5.4475665,150.1657623991895,,2.1559690012179296,,0.95493937,,11.964272,,,0,False,,,,,,,,0,False,False,False,37249.637,129.58563,0.177987,0.13262214,0.037947413,0.1650073,0.12035658,0.01150479,False,False,False,False,0.027497306,0.94189095,False,False,61096.2200500591,,20,False,False,False,False,False,False,False,False,False,False,False,False,False,False,False,False,False,False,False,False,False,z
4,61096.21877667205,lsst,150.16577592075637,2.1559742353924336,170019716302635146,170054966437740580,0,170019716302635146,8503.04,393.79614,0,0,0,49107.008,391.9142,True,2026022400745,90,0.0,7.0118717e-06,7.433792e-06,-2.6474662e-12,2286.6848,0.13492274,855.4033,0.12488565,False,8515.46,1090.2439,False,False,False,21.122862,,1745.7045,1681,8695.7295,5.7488923,150.165774402391,,2.1559749881164407,,0.8322099,,-48.87136,,,0,False,,,,,,,,0,False,False,False,40499.22,154.249,0.16422369,0.12859042,-0.027274666,0.16576746,0.12676783,0.0021124831,False,False,False,False,3.3185129e-06,0.93518883,False,False,61096.22058145705,,20,False,False,False,False,False,False,False,False,False,False,False,False,False,False,False,False,False,False,False,False,False,z
4,61096.219240192106,lsst,150.16576739250513,2.155963082272224,170019716302635146,170054966575628304,0,170019716302635146,8230.984,395.07642,0,0,0,48336.418,391.07794,True,2026022400746,97,0.0,6.5436766e-06,5.8208766e-06,4.8976548e-12,1307.2751,0.101315,447.09357,0.12066045,False,5634.3257,1097.7981,False,False,False,20.042456,,1667.1248,1681,8286.139,8.051998,150.16576766582773,,2.155966100829888,,0.7366776,,16.222597,,,0,False,,,,,,,,0,False,False,False,39935.45,116.16473,0.12533249,0.11659135,0.024985632,0.16613433,0.13807504,0.012345101,False,False,False,False,0.14719675,0.892573,False,False,61096.22094351153,,21,False,False,False,False,False,False,False,False,False,False,False,False,False,False,False,False,False,False,False,False,False,z
4,61096.219707164586,lsst,150.16576439004356,2.155963177278012,170019716302635146,170054966707748985,0,170019716302635146,8042.8315,394.27658,0,0,0,47464.684,391.38837,True,2026022400747,93,0.0,6.964199e-06,7.087156e-06,-1.1654129e-12,2870.277,0.12823349,3300.6482,0.1245265,False,5418.513,1092.4271,False,False,False,19.443335,,1715.1157,1681,8191.7246,8.508566,150.16576336971457,,2.155962013944799,,0.8066545,,5.7602987,,,0,False,,,,,,,,0,False,False,False,39368.004,123.70259,0.14052242,0.11446784,0.0280311,0.16458973,0.13271843,0.023161495,False,False,False,False,0.07244687,0.89663845,False,False,61096.22144725521,,20,False,False,False,False,False,False,False,False,False,False,False,False,False,False,False,False,False,False,False,False,False,z
4,61096.22017339264,lsst,150.16576852274153,2.155968909360245,170019716302635146,170054966840393890,0,170019716302635146,8080.0386,392.2552,0,0,0,47319.098,391.36377,True,2026022400748,90,0.0,8.047537e-06,7.199418e-06,1.0825564e-11,817.9755,0.12159924,3098.7546,0.15149926,False,8579.163,1095.8315,False,False,False,20.305006,,1681.3494,1681,8145.274,8.25604,150.16576777248923,,2.155968622047924,,0.6586885,,-115.749626,,,0,False,,,,,,,,0,False,False,False,39044.816,130.65024,0.10819488,0.1472653,-0.002625019,0.15096626,0.13926847,0.011604138,False,False,False,False,0.050697602,0.9207942,False,False,61096.22188130519,,21,False,False,False,False,False,False,False,False,False,False,False,False,False,False,False,False,False,False,False,False,False,z
4,61096.22063748473,lsst,150.1657694161859,2.1559742084700337,170019716302635146,170054966976184498,0,170019716302635146,8355.092,385.90472,0,0,0,45725.395,383.57785,True,2026022400749,93,0.0,7.683486e-06,7.1254112e-06,9.1408495e-12,1683.8809,0.12050837,3975.826,0.14497283,False,6726.091,1094.2028,False,False,False,21.509949,,1780.5599,1681,8130.479,7.876944,150.1657695328542,,2.1559705653178396,,0.57011133,,33.336857,,,0,False,,,,,,,,0,False,False,False,37193.344,111.64771,0.10449706,0.12410049,0.010761815,0.1211284,0.13945928,0.0120603135,False,False,False,False,0.047853455,0.9140234,False,False,61096.22235700843,,17,False,False,False,False,False,False,False,False,False,False,False,False,False,False,False,False,False,False,False,False,False,z
4,61096.221105722536,lsst,150.16577218820308,2.155965274643115,170019716302635146,170054967108829204,0,170019716302635146,8598.309,379.36072,0,0,0,45195.6,376.48227,True,2026022400750,90,0.0,6.39541e-06,6.402059e-06,-1.2938342e-13,2663.132,0.11530606,590.31946,0.11493833,False,6065.1104,1096.9961,False,False,False,22.497337,,1587.2579,1681,8179.313,1.1028619,150.16577214035877,,2.155964411101807,,0.4661216,,-64.87412,,,0,False,,,,,,,,0,False,False,False,36478.855,104.61256,0.108077876,0.098183095,-0.008166445,0.1272898,0.1142561,-0.0014066257,False,False,False,False,0.06234081,0.91765255,False,False,61096.22283340429,,17,False,True,False,False,False,False,False,True,False,False,False,False,False,False,False,False,False,False,False,False,False,z
4,61096.22157286631,lsst,150.1657737318307,2.1559671224920876,170019716302635146,170054967243047025,0,170019716302635146,7716.0396,394.25912,0,0,0,47811.63,392.73465,True,2026022400751,90,0.0,7.974937e-06,7.5086255e-06,1.5781753e-11,2665.327,0.11905917,2328.7651,0.15702954,False,7418.4224,1091.0828,False,False,False,18.76091,,1613.3239,1681,7446.811,6.272037,150.16577515646847,,2.1559641680293757,,0.6449749,,26.401863,,,0,False,,,,,,,,0,False,False,False,39981.52,145.05939,0.12145948,0.14553887,0.014389263,0.15078314,0.12895668,0.015596901,False,False,False,False,0.007220474,0.91730374,False,False,61096.22335761705,,18,False,False,False,False,False,False,False,False,False,False,False,False,False,False,False,False,False,False,False,False,False,z
4,61096.22203644326,lsst,150.16577952940833,2.155965986955781,170019716302635146,170054967380410387,0,170019716302635146,8568.424,396.0246,0,0,0,50386.855,398.61316,True,2026022400752,96,0.0,6.37491e-06,6.2395875e-06,7.799048e-12,174.34908,0.10167299,486.92807,0.12416463,False,7411.4023,1085.8883,False,False,False,20.740646,,1747.1605,1681,8484.459,4.3821793,150.16577218128245,,2.1559657471735068,,0.75891364,,2.8944473,,,0,False,,,,,,,,0,False,False,False,41595.17,153.65459,0.120765865,0.12028909,0.027125558,0.15339202,0.13875006,0.016889784,False,False,False,False,0.10555573,0.8967419,False,False,61096.22376846435,,20,False,False,False,False,False,False,False,False,False,False,False,False,False,False,False,False,False,False,False,False,False,z
4,61096.222503448414,lsst,150.16575895298018,2.155965073869918,170019716302635146,170054967512006773,0,170019716302635146,7687.1973,370.7371,0,0,0,42336.145,368.59427,True,2026022400753,91,0.0,7.4331006e-06,7.4278214e-06,1.9774141e-12,234.54524,0.1312517,2679.7131,0.1360527,False,6682.829,1093.2155,False,False,False,19.743492,,1571.1101,1681,7370.593,8.948307,150.16576126551234,,2.155961999126568,,0.4807107,,-47.8079,,,0,False,,,,,,,,0,False,False,False,34477.86,114.22174,0.12105907,0.100906685,-0.0012120825,0.12692396,0.114962004,0.012625004,False,False,False,False,0.020275014,0.8820681,False,False,61096.2241993979,,17,False,False,False,False,False,False,False,False,False,False,False,False,False,False,False,False,False,False,False,False,False,z
4,61096.22297164959,lsst,150.1657607542889,2.155967030119757,170019716302635146,170054967643603080,0,170019716302635146,7961.636,372.06998,0,0,0,41997.43,370.12515,True,2026022400754,86,0.0,7.146852e-06,7.2898006e-06,1.03556165e-11,3401.4128,0.11618505,3338.4624,0.14225253,False,7790.939,1097.3557,False,False,False,20.313427,,1606.2957,1681,7733.7095,6.4580956,150.165762022138,,2.1559695453534236,,0.5317994,,-7.991644,,,0,False,,,,,,,,0,False,False,False,33898.582,130.13803,0.09911564,0.09456006,0.012484789,0.11004854,0.1270644,0.014658064,False,False,False,False,0.09459487,0.89084715,False,False,61096.2254550229,,16,False,False,False,False,False,False,False,False,False,False,False,False,False,False,False,False,False,False,False,False,False,z
4,61096.22361183795,lsst,150.16577925719128,2.155975808647297,170019716302635146,170054967782539401,0,170019716302635146,7937.008,414.94073,0,0,0,51899.23,408.01392,True,2026022400755,95,0.0,8.517227e-06,6.0580287e-06,-9.042415e-12,1618.3406,0.10574016,3621.1191,0.15548077,False,4132.947,1103.0829,False,False,False,18.60348,,1722.0366,1681,8175.6816,10.758291,150.1657815903145,,2.1559752532791294,,0.6576164,,85.065,,,0,False,,,,,,,,0,False,False,False,43830.08,90.728745,0.12821588,0.15943393,0.011603552,0.19328976,0.15301287,-0.019535728,False,False,False,False,0.11665188,0.635532,False,False,61096.22536808331,,20,False,False,False,False,False,False,False,False,False,False,False,False,False,False,False,False,False,False,False,False,False,z
4,61096.22408255737,lsst,150.1657828612639,2.1559681190430866,170019716302635146,170054967918329969,0,170019716302635146,7848.267,400.48038,0,0,0,49339.484,394.62286,True,2026022400756,98,0.0,6.9149564e-06,7.580882e-06,1.7852951e-12,1049.5339,0.1367626,3027.7776,0.12399065,False,4056.4827,1101.2985,False,False,False,18.751993,,1685.2568,1681,8162.555,3.9950626,150.1657784287117,,2.1559746465176746,,0.883575,,-0.73935753,,,0,False,,,,,,,,0,False,False,False,41435.695,93.35548,0.1729046,0.10305859,-0.014026635,0.1707261,0.1374873,-0.001756481,False,False,False,False,0.041262887,0.8033158,False,False,61096.2257211182,,19,False,False,False,False,False,False,False,False,False,False,False,False,False,False,False,False,False,False,False,False,False,z
4,61096.22454936262,lsst,150.1657760178903,2.155976728321805,170019716302635146,170054968052023341,0,170019716302635146,8688.128,381.75058,0,0,0,46441.977,381.75778,True,2026022400757,97,0.0,6.1321425e-06,6.1146234e-06,-3.1448053e-14,1695.4573,0.10999051,998.6104,0.11032602,False,8435.706,1097.0054,False,False,False,21.550665,,1577.0507,1681,8771.804,4.8202167,150.16577099605786,,2.1559781029541827,,0.48696408,,15.157948,,,0,False,,,,,,,,0,False,False,False,37496.168,136.32104,0.14186864,0.12196089,0.0027965044,0.16559039,0.12757634,-0.016836977,False,False,False,False,0.035991803,0.89618385,False,False,61096.22623380903,,20,False,False,False,False,False,False,False,False,False,False,False,False,False,False,False,False,False,False,False,False,False,z
4,61096.22501853051,lsst,150.16577175529414,2.155965007473923,170019716302635146,170054968184668216,0,170019716302635146,8381.465,386.8719,0,0,0,46916.45,382.8489,True,2026022400758,94,0.0,6.757222e-06,6.524699e-06,-2.462018e-13,3699.6555,0.117342345,1387.1456,0.12158461,False,10187.524,1101.1078,False,False,False,21.069584,,1664.0474,1681,8524.442,2.8095148,150.16576990352863,,2.1559625283688955,,0.6147861,,-8.4181385,,,0,False,,,,,,,,0,False,False,False,38427.684,101.21214,0.15148373,0.121066965,-0.0073620942,0.15501314,0.13503313,-0.012950063,False,False,False,False,0.013089035,0.9407513,False,False,61096.22673691106,,21,False,False,False,False,False,False,False,False,False,False,False,False,False,False,False,False,False,False,False,False,False,z
4,61096.225483700924,lsst,150.165766414462,2.1559690685489934,170019716302635146,170054968318885974,0,170019716302635146,8492.135,368.4008,0,0,0,43255.906,370.48547,True,2026022400759,94,0.0,6.4425144e-06,5.6338235e-06,-2.603904e-13,657.78253,0.10133084,2090.7341,0.11590628,False,9885.538,1083.3723,False,False,False,22.317568,,1672.9022,1681,8409.69,3.6734698,150.1657669761192,,2.155965174940057,,0.55498385,,20.18905,,,0,False,,,,,,,,0,False,False,False,34571.742,143.30377,0.13539335,0.11366697,0.0082874205,0.15072975,0.11693217,0.0054829125,False,False,False,False,0.016009592,0.91043055,False,False,61096.22717733443,,18,False,False,False,False,False,False,False,False,False,False,False,False,False,False,False,False,False,False,False,False,False,z
4,61096.22595019463,lsst,150.16575947039019,2.1559623345601815,170019716302635146,170054968451006587,0,170019716302635146,9069.573,378.78625,0,0,0,43477.613,375.6951,True,2026022400760,90,0.0,6.0939055e-06,5.369739e-06,1.8747375e-13,737.01196,0.09659719,2459.658,0.109642506,False,10624.173,1100.5555,False,False,False,23.011238,,1680.3726,1681,8911.962,2.3338225,150.1657579452174,,2.155965669005827,,0.4873423,,-31.011208,,,0,False,,,,,,,,0,False,False,False,34192.785,135.92181,0.13971494,0.12916672,-0.0089020645,0.14957261,0.120303825,0.009445233,False,False,False,False,4.5787852e-05,0.95813316,False,False,61096.22770022723,,18,False,False,False,False,False,False,False,False,False,False,False,False,False,False,False,False,False,False,False,False,False,z
4,61096.22641582776,lsst,150.16577113280204,2.1559633569043513,170019716302635146,170054968588894234,0,170019716302635146,9077.31,379.3909,0,0,0,44843.176,377.20258,True,2026022400761,97,0.0,6.1913734e-06,5.800899e-06,3.8423371e-13,2207.129,0.10430381,543.93896,0.11142962,False,9181.108,1095.2284,False,False,False,23.35486,,1677.5432,1681,9240.049,1.9239385,150.1657705341521,,2.1559658504801646,,0.67107135,,14.387276,,,0,False,,,,,,,,0,False,False,False,35555.965,173.37093,0.15625158,0.12423759,0.012583131,0.1598951,0.11023019,0.016206631,False,False,False,False,0.0049523246,0.96423954,False,False,61096.22810554406,,19,False,False,False,False,False,False,False,False,False,False,False,False,False,False,False,False,False,False,False,False,False,z
4,61096.22688246795,lsst,150.16576070683902,2.155978140483012,170019716302635146,170054968722587651,0,170019716302635146,8937.2705,387.98514,0,0,0,45521.53,385.04675,True,2026022400762,96,0.0,6.9426346e-06,6.8205177e-06,2.2660103e-13,3469.6094,0.1226515,110.5026,0.12493628,False,7739.9375,1100.1896,False,False,False,22.117073,,1658.571,1681,9169.323,2.8875086,150.1657586032011,,2.155976438186456,,0.81642467,,50.312504,,,0,False,,,,,,,,0,False,False,False,36493.99,130.672,0.112377346,0.1401194,0.028627763,0.14362861,0.12686788,0.0146391,False,False,False,False,0.01484284,0.91048926,False,False,61096.228635609776,,18,False,False,False,False,False,False,False,False,False,False,False,False,False,False,False,False,False,False,False,False,False,z
4,61096.22734966783,lsst,150.16576415071685,2.155957311320351,170019716302635146,170054968855232548,0,170019716302635146,9096.362,390.9224,0,0,0,47667.1,392.1941,True,2026022400763,93,0.0,5.809961e-06,5.5847845e-06,4.9043316e-13,78.08519,0.10032862,818.0155,0.10466499,False,9556.429,1094.3998,False,False,False,22.502932,,1794.7395,1681,8869.641,3.6667638,150.16576286712046,,2.1559601799694597,,0.70812815,,-13.389281,,,0,False,,,,,,,,0,False,False,False,38257.266,140.05038,0.14641765,0.100292064,-0.0023296913,0.14733651,0.12737708,0.008435771,False,False,False,False,0.035018712,0.9457594,False,False,61096.22904519442,,18,False,False,False,False,False,False,False,False,False,False,False,False,False,False,False,False,False,False,False,False,False,z
4,61096.2278163914,lsst,150.16577099513358,2.155963313073559,170019716302635146,170054968991023148,0,170019716302635146,8224.092,394.75732,0,0,0,47993.715,392.9185,True,2026022400764,96,0.0,7.3355664e-06,8.188339e-06,-3.4205009e-12,2565.014,0.14821342,1123.5092,0.13094665,False,8046.522,1101.2284,False,False,False,20.723537,,1608.6062,1681,7890.0806,1.1850709,150.16576936335815,,2.1559604670633,,0.31075487,,41.4357,,,0,False,,,,,,,,0,False,False,False,39612.703,118.537796,0.13475281,0.13758115,0.0038440702,0.15518273,0.120267555,-0.004493991,False,False,False,False,0.0004401178,0.9139297,False,False,61096.22954171743,,18,False,False,False,False,False,False,False,False,False,False,False,False,False,False,False,False,False,False,False,False,False,z
4,61096.22828304482,lsst,150.16577423232712,2.1559609063531804,170019716302635146,170054969122095200,0,170019716302635146,7615.216,392.95966,0,0,0,46796.94,389.31195,True,2026022400765,90,0.0,8.132633e-06,6.7257292e-06,6.7116404e-12,999.4936,0.118334,2053.5767,0.1484813,False,5974.714,1106.0964,False,False,False,18.294382,,1622.3367,1681,7352.0923,17.78084,150.16577831944574,,2.15595560685489,,0.6189417,,-96.87158,,,0,False,,,,,,,,0,False,False,False,39016.848,110.076035,0.0906078,0.12367431,-0.0056890766,0.13374251,0.1281466,0.0036495612,False,False,False,False,0.1024328,0.79870546,False,False,61096.23002903469,,18,False,False,False,False,False,False,False,False,False,False,False,False,False,False,False,False,False,False,False,False,False,z
4,61096.22875087053,lsst,150.16577160656485,2.1559723191970486,170019716302635146,170054969256312996,0,170019716302635146,8114.8716,393.21597,0,0,0,46651.98,389.74374,True,2026022400766,90,0.0,8.432865e-06,7.6147962e-06,5.289108e-12,1573.7089,0.13476512,3693.6687,0.15369126,False,8575.059,1109.0697,False,False,False,20.346617,,1736.8909,1681,8375.732,2.0435703,150.16577470821247,,2.1559738424703703,,0.80919313,,-57.73764,,,0,False,,,,,,,,0,False,False,False,38351.793,102.84127,0.14043142,0.1260755,-0.030106205,0.15648133,0.11566344,-0.009633097,False,False,False,False,0.0014572855,0.9289473,False,False,61096.23042656101,,17,False,False,False,False,False,False,False,False,False,False,False,False,False,False,False,False,False,False,False,False,False,z
4,61096.22921741908,lsst,150.1657607352643,2.1559592662910605,170019716302635146,170054969393676384,0,170019716302635146,7833.9805,396.35544,0,0,0,47075.7,394.0841,True,2026022400767,96,0.0,7.0028163e-06,7.767716e-06,-5.7375e-12,1390.1843,0.14248887,2302.6912,0.12286337,False,5942.4927,1099.7914,False,False,False,19.167625,,1651.1908,1681,7774.177,2.3319287,150.1657585075547,,2.15596089455412,,0.69285905,,-23.118227,,,0,False,,,,,,,,0,False,False,False,39091.28,115.19703,0.15217587,0.10823234,-0.00029735113,0.15779327,0.12582384,0.0035629908,False,False,False,False,0.023435174,0.8756149,False,False,61096.230916288725,,17,False,False,False,False,False,False,False,False,False,False,False,False,False,False,False,False,False,False,False,False,False,z
4,61096.22968516247,lsst,150.16576585653124,2.1559726069249807,170019716302635146,170054969524748419,0,170019716302635146,8845.637,414.5066,0,0,0,50592.418,411.20456,True,2026022400768,90,0.0,7.34696e-06,8.011274e-06,-6.281932e-12,3387.8494,0.1474332,3431.5715,0.12846223,False,5729.31,1115.0756,False,False,False,20.84375,,1626.5859,1681,8850.586,5.444649,150.16576407578017,,2.1559763128379528,,0.748531,,-15.458314,,,0,False,,,,,,,,0,False,False,False,41633.664,111.787056,0.16430736,0.11570543,0.008837756,0.16808052,0.13211372,0.005720095,False,False,False,False,0.016797457,0.8879972,False,False,61096.23144442031,,19,False,False,False,False,False,False,False,False,False,False,False,False,False,False,False,False,False,False,False,False,False,z
4,61096.23116875348,lsst,150.16577681874338,2.1559736434895553,170019716302635146,170054969931595904,0,170019716302635146,8472.508,424.3045,0,0,0,53989.676,421.53387,True,2026022400771,98,0.0,8.852393e-06,7.259104e-06,-1.9246176e-12,478.08765,0.13041428,3315.9346,0.15941302,False,7891.7993,1104.5001,False,False,False,19.378584,,1698.2819,1681,8471.872,0.60276115,150.16577360535717,,2.1559858805848386,,0.6270958,,-19.395336,,,0,False,,,,,,,,0,False,False,False,45320.773,67.98285,0.20266928,0.17924234,-0.012678073,0.19518623,0.15982023,-0.010990981,False,False,False,False,0.025141006,0.9227146,False,False,61096.23286618988,,21,False,False,False,False,False,False,False,False,False,False,False,False,False,False,False,False,False,False,False,False,False,z
4,61096.231605078545,lsst,150.16579043782474,2.1559761263931163,170019716302635146,170054970065289251,0,170019716302635146,7383.774,418.16913,0,0,0,51775.168,410.8461,True,2026022400772,97,0.0,9.009264e-06,8.112434e-06,-3.669859e-13,1356.5074,0.14592345,925.6453,0.1620866,False,5284.196,1130.2378,False,False,False,16.799261,,1647.4238,1681,7480.886,7.222182,150.165794568339,,2.15597649610743,,0.742197,,-50.70595,,,0,False,,,,,,,,0,False,False,False,44323.074,86.73316,0.13401926,0.14638832,-0.024608798,0.17146365,0.1453918,-0.009329952,False,False,False,False,0.05099981,0.7311461,False,False,61096.23319511567,,18,False,False,False,False,False,False,False,False,False,False,False,False,False,False,False,False,False,False,False,False,False,z
2,61096.233483242395,lsst,150.1657709733173,2.1559622430241165,170019716302635146,170054970197934130,0,170019716302635146,8801.376,191.35506,0,0,0,37408.5,191.42216,True,2026022400773,94,0.0,3.631069e-06,3.742951e-06,2.0496414e-13,3571.4082,0.067428716,1131.8456,0.065182015,False,9670.049,467.55783,False,False,False,44.77855,,1590.5547,1681,9353.616,1.8806368,150.16576960136456,,2.155965363493589,,0.9730388,,-21.505009,,,0,False,,,,,,,,0,False,False,False,28507.643,50.75436,0.17773381,0.1458114,-0.043012183,0.15935928,0.15722583,-0.02645525,False,False,False,False,0.0019074947,0.77139497,False,False,61096.235097162906,,26,False,False,False,False,False,False,False,False,False,False,False,False,False,False,False,False,False,False,False,False,False,r
2,61096.23395103241,lsst,150.16577126266532,2.1559709739106983,170019716302635146,170054970332151907,0,170019716302635146,8219.805,189.1679,0,0,0,35886.71,187.26399,True,2026022400774,94,0.0,4.082205e-06,4.1954327e-06,1.7469786e-13,680.17114,0.07551566,2288.4614,0.07334395,False,9801.358,469.59253,False,False,False,43.08351,,1759.4792,1681,8468.195,0.31718206,150.1657721665105,,2.1559746149273593,,0.76951015,,-41.51098,,,0,False,,,,,,,,0,False,False,False,27553.906,48.935276,0.17652205,0.1892293,-0.026026556,0.15900493,0.14531392,-0.022106197,False,False,False,False,0.14335668,0.8577731,False,False,61096.235664378255,,24,False,False,False,False,False,False,False,False,False,False,False,False,False,False,False,False,False,False,False,False,False,r
2,61096.23441988666,lsst,150.1657721120084,2.1559652971838803,170019716302635146,170054970464272494,0,170019716302635146,8858.744,194.63898,0,0,0,38109.547,193.50319,True,2026022400775,90,0.0,3.7041318e-06,4.224978e-06,5.5003316e-13,222.69456,0.07614316,3341.8596,0.066446,False,9752.531,470.12894,False,False,False,44.65861,,1660.5527,1681,9093.519,0.5313646,150.16577078582597,,2.1559695980414366,,0.7831758,,-19.981775,,,0,False,,,,,,,,0,False,False,False,29090.484,54.34266,0.18491516,0.15270807,-0.02295086,0.17882623,0.14296985,-0.016688915,False,False,False,False,0.009668047,0.86421406,False,False,61096.2360580617,,23,False,False,False,False,False,False,False,False,False,False,False,False,False,False,False,False,False,False,False,False,False,r
2,61096.23488197522,lsst,150.16577255165225,2.155967637737336,170019716302635146,170054970602160144,0,170019716302635146,8080.805,200.82906,0,0,0,39658.023,198.63301,True,2026022400776,97,0.0,4.132965e-06,4.2657553e-06,7.9154714e-14,2630.4812,0.07672449,476.20044,0.074317805,False,7043.541,468.19553,False,False,False,39.552086,,1703.1282,1681,8236.3955,0.7098196,150.1657716397004,,2.155970733923833,,0.67260647,,9.199148,,,0,False,,,,,,,,0,False,False,False,31501.406,57.220604,0.19741076,0.1578244,0.0035376903,0.20450358,0.16021414,-0.014183024,False,False,False,False,0.0030716057,0.6858204,False,False,61096.23705097382,,22,False,False,False,False,False,False,False,False,False,False,False,False,False,False,False,False,False,False,False,False,False,r
2,61096.23535018552,lsst,150.1657694929179,2.1559652584418583,170019716302635146,170054970735853589,0,170019716302635146,8678.092,196.17604,0,0,0,37720.387,194.12257,True,2026022400777,96,0.0,4.0136347e-06,4.4134126e-06,7.044684e-14,3864.3325,0.07937009,503.8491,0.072182,False,8816.651,470.91705,False,False,False,43.509655,,1613.7882,1681,8686.299,0.5044689,150.1657691599029,,2.1559671315666624,,0.58239895,,-11.519781,,,0,False,,,,,,,,0,False,False,False,28958.367,57.83479,0.17967841,0.1528128,-0.0064028567,0.16419105,0.1532504,0.00056434405,False,False,False,False,0.008863502,0.80078685,False,False,61096.23706911203,,24,False,False,False,False,False,False,False,False,False,False,False,False,False,False,False,False,False,False,False,False,False,r
2,61096.23628102642,lsst,150.16578253164525,2.1559762405306313,170019716302635146,170054971004289104,0,170019716302635146,8054.783,198.685,0,0,0,38273.93,195.035,True,2026022400779,96,0.0,3.8940766e-06,4.4467056e-06,-3.9209825e-13,3131.3357,0.080037184,1645.4863,0.06995993,False,8263.345,471.03726,False,False,False,39.799232,,1728.3503,1681,8173.5146,0.63251626,150.1657811975854,,2.1559799524957373,,0.6473744,,15.224718,,,0,False,,,,,,,,0,False,False,False,30132.7,56.313824,0.17588206,0.14735231,0.012011881,0.19304356,0.14199612,0.0065784217,False,False,False,False,0.005177338,0.7905915,False,False,61096.23797877171,,28,False,False,False,False,False,False,False,False,False,False,False,False,False,False,False,False,False,False,False,False,False,r
2,61096.236749997406,lsst,150.16576776018627,2.1559647072353996,170019716302635146,170054971135361145,0,170019716302635146,8556.561,197.00838,0,0,0,37853.945,194.30014,True,2026022400780,90,0.0,3.6994509e-06,4.1396233e-06,-4.678491e-13,425.16534,0.07458715,2909.191,0.06638671,False,8882.105,467.007,False,False,False,43.051643,,1754.2902,1681,8421.118,1.6257058,150.1657667899043,,2.1559659754940625,,0.6380042,,-9.875275,,,0,False,,,,,,,,0,False,False,False,29179.893,64.64416,0.17032245,0.1341415,-0.0014730588,0.17750143,0.1427772,-0.0006590668,False,False,False,False,0.00969824,0.78801566,False,False,61096.23844347669,,22,False,False,False,False,False,False,False,False,False,False,False,False,False,False,False,False,False,False,False,False,False,r
2,61096.23721592466,lsst,150.16577941937382,2.1559702908239795,170019716302635146,170054971271151623,0,170019716302635146,7991.083,199.55122,0,0,0,39563.453,198.06728,True,2026022400781,93,0.0,4.5253714e-06,5.0580047e-06,-9.988509e-13,1250.9886,0.091296315,215.03604,0.081009045,False,8836.449,464.14505,False,False,False,39.98017,,1751.4932,1681,7924.2944,0.043176405,150.16577842196497,,2.1559712669552678,,0.54142666,,-32.654434,,,0,False,,,,,,,,0,False,False,False,31476.121,64.86318,0.19039823,0.17208716,-0.008834301,0.19038326,0.14970982,-0.018723791,False,False,False,False,0.0182282,0.8388946,False,False,61096.238929791354,,24,False,False,False,False,False,False,False,False,False,False,False,False,False,False,False,False,False,False,False,False,False,r
2,61096.23767949536,lsst,150.16578060143175,2.155961092900977,170019716302635146,170054971406942331,0,170019716302635146,8073.429,208.08073,0,0,0,41731.555,204.48125,True,2026022400782,96,0.0,4.182811e-06,4.3876553e-06,-4.6156416e-13,2142.2405,0.079139315,2997.0261,0.07498561,False,6805.0483,470.21725,False,False,False,37.716255,,1776.662,1681,8345.044,4.749638,150.16577907832058,,2.1559608034384143,,0.9438514,,8.54489,,,0,False,,,,,,,,0,False,False,False,33596.742,37.24769,0.20405588,0.1440595,0.02987288,0.21138357,0.1690282,0.018151104,False,False,False,False,0.033636972,0.73365533,False,False,61096.23943728221,,22,False,False,False,False,False,False,False,False,False,False,False,False,False,False,False,False,False,False,False,False,False,r
2,61096.23814692414,lsst,150.16576897783315,2.1559707332361504,170019716302635146,170054971538014402,0,170019716302635146,8258.803,194.84805,0,0,0,37043.246,191.45325,True,2026022400783,90,0.0,3.7340808e-06,4.0354676e-06,-7.689669e-13,2990.1956,0.07308446,3902.3757,0.06660275,False,8568.216,469.1004,False,False,False,41.92943,,1921.2668,1681,8285.435,0.92953867,150.16576750508807,,2.155975185540587,,0.6885816,,-42.246246,,,0,False,,,,,,,,0,False,False,False,28680.309,65.56195,0.17146523,0.14476973,-0.016624428,0.17587921,0.14005081,-0.015793249,False,False,False,False,3.673029e-06,0.75309426,False,False,61096.239874987485,,22,False,False,False,False,False,False,False,False,False,False,False,False,False,False,False,False,False,False,False,False,False,r
2,61096.238610585104,lsst,150.1657656721532,2.155963662166537,170019716302635146,170054971675377761,0,170019716302635146,8696.204,197.9223,0,0,0,38008.227,195.0676,True,2026022400784,96,0.0,3.8987955e-06,4.277312e-06,-1.2867498e-12,601.50836,0.07789776,2257.747,0.069043614,False,9306.71,470.92865,False,False,False,42.85979,,1785.833,1681,8878.313,2.0853405,150.165763546898,,2.155968149791385,,0.8252979,,-0.25028592,,,0,False,,,,,,,,0,False,False,False,29207.28,63.02854,0.19479793,0.14613125,0.019891134,0.19290924,0.14648563,0.016275132,False,False,False,False,8.6558255e-05,0.8865072,False,False,61096.24029044331,,23,False,False,False,False,False,False,False,False,False,False,False,False,False,False,False,False,False,False,False,False,False,r
2,61096.23914658364,lsst,150.16576986423252,2.155961376634982,170019716302635146,170054971810119756,0,170019716302635146,8239.666,192.49728,0,0,0,36665.58,190.29155,True,2026022400785,97,0.0,3.9620877e-06,4.000062e-06,-1.0414455e-12,2962.3784,0.0739311,1795.4591,0.069184884,False,7973.8486,469.5625,False,False,False,41.639786,,1690.2411,1681,8312.494,1.0262079,150.16576815552014,,2.155963307474498,,0.71206087,,-10.292774,,,0,False,,,,,,,,0,False,False,False,28344.486,39.92253,0.16128345,0.1390844,0.020169731,0.16545555,0.14087702,0.013334037,False,False,False,False,0.0014481941,0.8181452,False,False,61096.24091490373,,22,False,False,False,False,False,False,False,False,False,False,False,False,False,False,False,False,False,False,False,False,False,r
2,61096.239612498815,lsst,150.16577422005415,2.15597305428063,170019716302635146,170054971943813249,0,170019716302635146,8276.816,196.01823,0,0,0,37878.293,194.93861,True,2026022400786,96,0.0,4.0654922e-06,4.0746518e-06,-9.380979e-13,3906.812,0.0752437,3461.2607,0.07110375,False,8657.145,470.57922,False,False,False,42.108856,,1525.7427,1681,8187.559,1.1336483,150.1657747148382,,2.155973215623044,,0.5489544,,-5.7044806,,,0,False,,,,,,,,0,False,False,False,29463.367,48.662186,0.157946,0.15175696,0.012820818,0.17267524,0.13950129,0.009417802,False,False,False,False,0.00024457468,0.80477357,False,False,61096.24137621996,,23,False,False,False,False,False,False,False,False,False,False,False,False,False,False,False,False,False,False,False,False,False,r
2,61096.24007967625,lsst,150.16577400640415,2.1559736311837203,170019716302635146,170054972076458125,0,170019716302635146,8233.52,194.69928,0,0,0,36820.82,192.85194,True,2026022400787,93,0.0,4.067387e-06,4.0784416e-06,6.6741117e-13,3452.0654,0.07175164,3596.6445,0.07471033,False,9090.031,470.90134,False,False,False,41.31068,,1628.9847,1681,7984.4043,1.5476207,150.16577362910462,,2.155973476014466,,0.61339766,,-1.0001385,,,0,False,,,,,,,,0,False,False,False,28464.264,33.097733,0.14181247,0.14277892,0.016757531,0.14776912,0.13946551,0.015302374,False,False,False,False,0.0003034523,0.76700896,False,False,61096.24184768932,,23,False,False,False,False,False,False,False,False,False,False,False,False,False,False,False,False,False,False,False,False,False,r
2,61096.2405466043,lsst,150.1657771300661,2.1559709574061863,170019716302635146,170054972211200110,0,170019716302635146,7515.816,197.85492,0,0,0,38204.1,196.11008,True,2026022400788,94,0.0,4.6274176e-06,4.596794e-06,-8.607501e-13,3510.8545,0.084622346,2980.7905,0.08122542,False,7106.0986,470.7493,False,False,False,37.69603,,1795.1857,1681,7508.656,1.875049,150.16577482581437,,2.1559747991121028,,0.5998735,,-19.023903,,,0,False,,,,,,,,0,False,False,False,30586.443,39.658848,0.16503616,0.1497701,0.013932896,0.18287306,0.14850467,0.020442253,False,False,False,False,0.01028633,0.8097663,False,False,61096.24220607781,,31,False,False,False,False,False,False,False,False,False,False,False,False,False,False,False,False,False,False,False,False,False,r
2,61096.24101841966,lsst,150.16576983388504,2.1559638843846995,170019716302635146,170054972345417766,0,170019716302635146,8452.349,209.23174,0,0,0,42108.434,206.60115,True,2026022400789,94,0.0,4.8332045e-06,4.683587e-06,-2.6137467e-12,1166.1681,0.09054775,931.17694,0.0803057,False,8415.574,470.68475,False,False,False,40.056667,,1831.7781,1681,8365.525,0.3879398,150.16576774350446,,2.155965197628671,,0.6360616,,-37.14555,,,0,False,,,,,,,,0,False,False,False,33573.44,47.870304,0.19819911,0.16762567,0.00917234,0.20489576,0.16616796,0.008050642,False,False,False,False,0.0009224168,0.8242665,False,False,61096.24274762985,,23,False,False,False,False,False,False,False,False,False,False,False,False,False,False,False,False,False,False,False,False,False,r
2,61096.24148778765,lsst,150.1657713164832,2.155955565598063,170019716302635146,170054972457615506,0,170019716302635146,8216.849,209.15353,0,0,0,42129.746,206.78853,True,2026022400790,52,0.0,5.0269696e-06,4.9540017e-06,-9.686732e-13,1859.2487,0.09159479,3802.3025,0.087882385,False,8735.813,469.2199,False,False,False,38.617092,,1739.9896,1681,8081.7764,0.16734374,150.16576955686241,,2.15595970044997,,0.6098982,,-28.083725,,,0,False,,,,,,,,0,False,False,False,33827.297,39.92184,0.20430309,0.18543075,0.013247401,0.19381447,0.1753745,0.0107619725,False,False,False,False,0.014166659,0.84964794,False,False,61096.24383003256,,24,False,False,False,False,False,False,False,False,False,False,False,False,False,False,False,False,False,False,False,False,False,r
2,61096.24241883446,lsst,150.16577620176832,2.155956850986197,170019716302635146,170054972747546669,0,170019716302635146,8214.167,211.85388,0,0,0,42794.918,209.21886,True,2026022400792,93,0.0,4.953553e-06,4.791052e-06,-1.2013207e-12,2734.3562,0.090252,1112.2169,0.08494531,False,7752.447,471.77615,False,False,False,37.762917,,1709.1718,1681,8121.7754,0.694386,150.16577460520284,,2.155962993638631,,0.6114613,,-31.244354,,,0,False,,,,,,,,0,False,False,False,34504.332,39.093235,0.19555528,0.17970198,0.01433776,0.19892506,0.1780299,0.016729444,False,False,False,False,9.54058e-05,0.80444264,False,False,61096.24422806928,,24,False,False,False,False,False,False,False,False,False,False,False,False,False,False,False,False,False,False,False,False,False,r
2,61096.242886240565,lsst,150.1657685389875,2.1559660380794137,170019716302635146,170054972880191512,0,170019716302635146,7828.417,207.375,0,0,0,41501.406,205.69746,True,2026022400793,90,0.0,5.2338937e-06,4.6746563e-06,-3.4048944e-12,3589.5845,0.096866764,533.21204,0.08090223,False,7989.069,471.31595,False,False,False,37.592693,,1791.981,1681,8322.575,0.7882884,150.16576866422523,,2.155969587939595,,1.0256069,,-41.351868,,,0,False,,,,,,,,0,False,False,False,33530.996,43.19969,0.23503198,0.16592322,0.036355697,0.20508939,0.16834,0.022920657,False,False,False,False,0.02500101,0.8385554,False,False,61096.24489084281,,24,False,False,False,False,False,False,False,False,False,False,False,False,False,False,False,False,False,False,False,False,False,r
2,61096.24335339402,lsst,150.16577738708378,2.1559652908720586,170019716302635146,170054973015982128,0,170019716302635146,7634.638,207.42506,0,0,0,41375.246,204.80136,True,2026022400794,93,0.0,5.1044426e-06,4.4817116e-06,-2.9245547e-12,1375.8846,0.09387767,973.8887,0.078168824,False,7853.2173,468.91998,False,False,False,36.081303,,1847.1252,1681,7925.0225,0.44875845,150.1657730982588,,2.155974273026771,,1.010572,,-38.95255,,,0,False,,,,,,,,0,False,False,False,33609.984,38.383442,0.2199323,0.1678916,0.041192923,0.20235376,0.17043118,0.040703475,False,False,False,False,0.0075419163,0.81469697,False,False,61096.24521005414,,24,False,False,False,False,False,False,False,False,False,False,False,False,False,False,False,False,False,False,False,False,False,r
2,61096.24382213189,lsst,150.16576882234037,2.1559690762329926,170019716302635146,170054973128704155,0,170019716302635146,8651.814,200.48248,0,0,0,39704.516,200.08905,True,2026022400795,52,0.0,3.942741e-06,3.901117e-06,-1.3675457e-13,2322.103,0.0710177,3779.3098,0.07005125,False,9785.394,469.0624,False,False,False,42.09606,,1691.3843,1681,8617.496,0.58619314,150.16576602897152,,2.155976860669351,,0.70333797,,-35.145763,,,0,False,,,,,,,,0,False,False,False,30940.213,69.165344,0.18325214,0.16843963,0.020861546,0.17837812,0.16983561,0.033606857,False,False,False,False,0.000433414,0.8652124,False,False,61096.24553535757,,26,False,False,False,False,False,False,False,False,False,False,False,False,False,False,False,False,False,False,False,False,False,r
2,61096.24428809878,lsst,150.16576586961284,2.1559665656886113,170019716302635146,170054973283369008,0,170019716302635146,8253.873,194.16469,0,0,0,37451.15,194.7758,True,2026022400796,91,0.0,4.1229796e-06,3.6738147e-06,-1.1475396e-12,1330.9092,0.07489229,950.92676,0.065234184,False,8792.426,465.97086,False,False,False,42.128475,,1740.9325,1681,8179.813,0.4518683,150.16576269011247,,2.1559694556214604,,0.6501769,,-50.818336,,,0,False,,,,,,,,0,False,False,False,29058.172,75.09685,0.18040325,0.15391858,0.013315695,0.17727163,0.14524026,0.026187168,False,False,False,False,0.0053824056,0.8305036,False,False,61096.24603854185,,23,False,False,False,False,False,False,False,False,False,False,False,False,False,False,False,False,False,False,False,False,False,r
2,61096.24475299404,lsst,150.1657705331654,2.155967527700303,170019716302635146,170054973414965278,0,170019716302635146,8101.3286,191.63434,0,0,0,36784.008,191.5931,True,2026022400797,86,0.0,3.9947613e-06,3.8037585e-06,-3.7020154e-13,3980.0134,0.07204678,708.32886,0.068203054,False,8837.114,468.3217,False,False,False,41.650967,,1709.4911,1681,8315.64,1.006835,150.16576885741836,,2.1559712429815194,,0.7390895,,-30.712132,,,0,False,,,,,,,,0,False,False,False,28569.06,70.54754,0.15042222,0.1523324,0.02493481,0.1616099,0.14962298,0.026818605,False,False,False,False,0.0028781309,0.82573,False,False,61096.24644850059,,23,False,False,False,False,False,False,False,False,False,False,False,False,False,False,False,False,False,False,False,False,False,r
2,61096.24522115019,lsst,150.1657752053538,2.1559635089155407,170019716302635146,170054973551804497,0,170019716302635146,8229.464,192.75816,0,0,0,38041.793,194.83414,True,2026022400798,91,0.0,4.7313165e-06,4.156228e-06,-9.931985e-13,2619.4353,0.085444756,2253.7751,0.074347556,False,8815.696,469.64044,False,False,False,41.161205,,1682.4977,1681,8821.089,0.7625258,150.16577322985356,,2.1559680026486725,,0.9148262,,-42.571907,,,0,False,,,,,,,,0,False,False,False,29682.973,85.9059,0.1948903,0.17285627,0.037602358,0.16604091,0.16634668,0.044902004,False,False,False,False,0.045855574,0.8394858,False,False,61096.24685104215,,24,False,False,False,False,False,False,False,False,False,False,False,False,False,False,False,False,False,False,False,False,False,r
2,61096.24568870339,lsst,150.16577341582467,2.1559605589271333,170019716302635146,170054973681827954,0,170019716302635146,8091.207,202.01811,0,0,0,39232.742,199.93385,True,2026022400799,83,0.0,3.8765834e-06,3.887015e-06,9.3175945e-15,3949.9824,0.06972522,3215.1677,0.06991099,False,7683.5933,472.629,False,False,False,39.2591,,1831.3683,1681,8633.13,2.8926477,150.1657694390079,,2.155967291637756,,0.8996027,,-36.573597,,,0,False,,,,,,,,0,False,False,False,31068.873,47.611145,0.16084515,0.16400866,0.03828889,0.15951046,0.1871481,0.03939499,False,False,False,False,0.01697163,0.7468768,False,False,61096.24734068621,,23,False,False,False,False,False,False,False,False,False,False,False,False,False,False,False,False,False,False,False,False,False,r
2,61096.24614097076,lsst,150.1657684789883,2.1559651488183618,170019716302635146,170054973823385680,0,170019716302635146,8441.481,197.32307,0,0,0,38469.24,196.46953,True,2026022400800,97,0.0,4.10335e-06,4.305165e-06,4.358133e-13,462.87552,0.073562756,1574.9727,0.07764448,False,8798.261,467.68976,False,False,False,42.445442,,1638.2462,1681,8585.615,0.18276447,150.16576496257457,,2.155969715583456,,0.81385225,,-24.265709,,,0,False,,,,,,,,0,False,False,False,29939.111,76.04697,0.16763039,0.18246225,0.029476373,0.16294453,0.17408994,0.02826058,False,False,False,False,0.006293015,0.83616275,False,False,61096.24779933383,,23,False,False,False,False,False,False,False,False,False,False,False,False,False,False,False,False,False,False,False,False,False,r
2,61096.24660959029,lsst,150.16577329226274,2.1559620242278967,170019716302635146,170054973957079076,0,170019716302635146,8024.649,199.87576,0,0,0,38977.785,198.41138,True,2026022400801,96,0.0,4.0745504e-06,4.222024e-06,2.3532218e-13,1055.028,0.07318485,1026.6556,0.07602503,False,7960.7812,472.8581,False,False,False,39.06569,,1719.8623,1681,8179.9233,2.2067473,150.16576989277763,,2.155968664485079,,0.8590338,,-29.418665,,,0,False,,,,,,,,0,False,False,False,30853.092,58.04743,0.16201654,0.17382203,0.033897556,0.16175847,0.1865726,0.03355429,False,False,False,False,0.005575403,0.794382,False,False,61096.24832963047,,22,False,False,False,False,False,False,False,False,False,False,False,False,False,False,False,False,False,False,False,False,False,r
2,61096.24707666016,lsst,150.165775576829,2.155968016222546,170019716302635146,170054974089723966,0,170019716302635146,8171.853,200.30301,0,0,0,38997.01,199.246,True,2026022400802,93,0.0,3.960895e-06,4.4412127e-06,5.562338e-13,3066.1436,0.071062274,1652.2384,0.08002108,False,7574.0996,474.3844,False,False,False,39.845154,,1602.3254,1681,8282.732,1.2684262,150.16577283943337,,2.155972442954805,,0.7206538,,-26.043636,,,0,False,,,,,,,,0,False,False,False,30691.701,58.414352,0.15838343,0.17626898,0.021640576,0.15080144,0.19006625,0.032465987,False,False,False,False,0.0014130513,0.76830715,False,False,61096.24864830156,,22,False,False,False,False,False,False,False,False,False,False,False,False,False,False,False,False,False,False,False,False,False,r
3,61096.248946060485,lsst,150.16577400436026,2.1559640179700468,170019716302635146,170054974224465991,0,170019716302635146,9833.105,289.77484,0,0,0,51241.08,283.84396,True,2026022400803,94,0.0,5.1484676e-06,5.549782e-06,-1.52003e-12,3798.942,0.10059731,2039.2458,0.09176124,False,10321.781,698.82574,False,False,False,33.845028,,1750.1096,1681,10102.362,0.54650515,150.16577163605308,,2.1559622813147237,,0.80885965,,10.323162,,,0,False,,,,,,,,0,False,False,False,41386.97,18.134647,0.18452074,0.15074715,0.024936508,0.18485841,0.16340274,0.022599215,False,False,False,False,0.0060324073,0.9381555,False,False,61096.250786852026,,23,False,False,False,False,False,False,False,False,False,False,False,False,False,False,False,False,False,False,False,False,False,i
3,61096.25034538996,lsst,150.1657689445211,2.1559714017504876,170019716302635146,170054974628691981,0,170019716302635146,9753.566,282.05838,0,0,0,49762.258,277.41055,True,2026022400806,97,0.0,4.6632317e-06,5.025068e-06,-2.3743748e-12,1151.2688,0.09250145,385.3002,0.0815402,False,9701.756,691.92096,False,False,False,33.711514,,1760.5911,1681,9885.62,1.8990997,150.16576489139783,,2.1559764186743586,,0.8126803,,-9.19817,,,0,False,,,,,,,,0,False,False,False,39898.457,23.915937,0.190671,0.14086176,0.01754823,0.19031979,0.14676514,0.019877914,False,False,False,False,0.001140868,0.88397604,False,False,61096.252129866516,,22,False,False,False,False,False,False,False,False,False,False,False,False,False,False,False,False,False,False,False,False,False,i
3,61096.25081517147,lsst,150.16576751987918,2.155965498372655,170019716302635146,170054974760812683,0,170019716302635146,9684.513,269.61145,0,0,0,45525.008,265.3431,True,2026022400807,93,0.0,4.260144e-06,4.4496496e-06,-1.3989703e-12,2793.6807,0.081629366,3096.061,0.07492639,False,9251.256,693.2497,False,False,False,35.278027,,1753.6387,1681,9765.4375,3.6099813,150.16576619046728,,2.155966803659305,,0.8971893,,2.3721414,,,0,False,,,,,,,,0,False,False,False,35748.402,40.460335,0.15707006,0.12322472,0.035016764,0.15130368,0.13493814,0.026610252,False,False,False,False,0.0015410375,0.88990146,False,False,61096.2525780804,,19,False,False,False,False,False,False,False,False,False,False,False,False,False,False,False,False,False,False,False,False,False,i
3,61096.25128411781,lsst,150.1657675743533,2.1559749938445196,170019716302635146,170054974893457534,0,170019716302635146,9578.26,279.8118,0,0,0,48507.004,275.44894,True,2026022400808,90,0.0,4.843787e-06,4.8310826e-06,1.2941749e-13,970.9659,0.08674837,2789.9187,0.08728988,False,8920.766,688.2352,False,False,False,33.84794,,1712.9387,1681,9519.961,2.1804626,150.16576711628304,,2.155974189552884,,0.7117953,,0.5341911,,,0,False,,,,,,,,0,False,False,False,38823.93,27.829462,0.15479091,0.13612892,0.021097517,0.17576386,0.15229952,0.015183904,False,False,False,False,0.051147684,0.8613703,False,False,61096.25314688574,,23,False,False,False,False,False,False,False,False,False,False,False,False,False,False,False,False,False,False,False,False,False,i
3,61096.251749565956,lsst,150.16578187326672,2.1559678170364736,170019716302635146,170054975029248174,0,170019716302635146,9898.617,281.3287,0,0,0,49308.58,276.81003,True,2026022400809,93,0.0,4.724328e-06,4.7510207e-06,-3.7642567e-13,1575.673,0.08596248,3699.194,0.0844693,False,10340.342,698.50806,False,False,False,35.112476,,1741.1122,1681,9223.409,1.4291638,150.16578165324833,,2.155968458645471,,0.28717744,,-72.43589,,,0,False,,,,,,,,0,False,False,False,39342.098,28.176476,0.13532028,0.13332142,-0.0033434345,0.15176708,0.14342019,0.0070902286,False,False,False,False,0.029358849,0.85977983,False,False,61096.25364862673,,22,False,False,False,False,False,False,False,False,False,False,False,False,False,False,False,False,False,False,False,False,False,i
3,61096.252216849854,lsst,150.16577182392086,2.1559684516269546,170019716302635146,170054975161892878,0,170019716302635146,9870.954,292.81345,0,0,0,52991.863,289.04932,True,2026022400810,90,0.0,4.8407364e-06,4.921202e-06,-1.6971487e-12,2952.5554,0.09095428,371.1484,0.08454336,False,8871.804,700.9454,False,False,False,33.482224,,1740.0648,1681,10152.442,2.5112703,150.1657748750906,,2.155968421560603,,0.7405226,,-56.833813,,,0,False,,,,,,,,0,False,False,False,42951.47,22.761635,0.1888572,0.14908697,-0.014845051,0.21155193,0.15368178,-0.0065749795,False,False,False,False,0.025135983,0.8585767,False,False,61096.254271664206,,22,False,False,False,False,False,False,False,False,False,False,False,False,False,False,False,False,False,False,False,False,False,i
3,61096.25268237113,lsst,150.16577015637188,2.1559704417674936,170019716302635146,170054975296110685,0,170019716302635146,9888.615,289.28787,0,0,0,51674.66,284.334,True,2026022400811,90,0.0,5.1313073e-06,5.1333805e-06,-9.365491e-14,2869.7786,0.09248024,2106.943,0.09215943,False,9254.896,698.47614,False,False,False,33.886864,,1622.544,1681,9792.62,1.221427,150.16576904713733,,2.1559724199686494,,0.57244873,,-66.6978,,,0,False,,,,,,,,0,False,False,False,41697.176,22.942644,0.18820111,0.16994938,-0.011009034,0.19542484,0.1547447,-0.004115799,False,False,False,False,0.0022681092,0.9097687,False,False,61096.254704343664,,23,False,False,False,False,False,False,False,False,False,False,False,False,False,False,False,False,False,False,False,False,False,i
3,61096.25314619129,lsst,150.16576344022462,2.1559721181867775,170019716302635146,170054975433474055,0,170019716302635146,9537.717,288.66653,0,0,0,51628.742,285.89374,True,2026022400812,96,0.0,4.7377357e-06,4.740763e-06,-1.4686033e-12,49.357635,0.08799181,130.45917,0.08241932,False,8330.462,698.5434,False,False,False,31.764994,,1742.9586,1681,9539.455,2.6051235,150.1657616361228,,2.1559734813606037,,0.86875,,-28.817642,,,0,False,,,,,,,,0,False,False,False,41973.9,32.33292,0.19681597,0.13686734,0.018662982,0.20271803,0.15232792,0.008508591,False,False,False,False,0.015918158,0.8356206,False,False,61096.25497775469,,22,False,False,False,False,False,False,False,False,False,False,False,False,False,False,False,False,False,False,False,False,False,i
3,61096.25361508614,lsst,150.16577118659498,2.1559607971222228,170019716302635146,170054975565070457,0,170019716302635146,9943.47,287.3579,0,0,0,51048.14,283.2035,True,2026022400813,91,0.0,5.214585e-06,5.112537e-06,-6.379085e-12,430.2512,0.103428684,2553.314,0.08098147,False,10688.545,699.6435,False,False,False,33.953762,,1665.3534,1681,10216.319,0.64875567,150.16577045316393,,2.1559619410359225,,0.8582797,,-44.75941,,,0,False,,,,,,,,0,False,False,False,40972.703,25.120142,0.21281688,0.14489813,0.0030963845,0.1890394,0.15107462,0.027355086,False,False,False,False,0.011306322,0.91561425,False,False,61096.25544922962,,24,False,False,False,False,False,False,False,False,False,False,False,False,False,False,False,False,False,False,False,False,False,i
3,61096.25408253727,lsst,150.1657631046004,2.1559620623703735,170019716302635146,170054975696666738,0,170019716302635146,9942.923,286.754,0,0,0,50098.46,282.8904,True,2026022400814,86,0.0,4.707087e-06,4.6030486e-06,-2.3969232e-12,3355.1729,0.088341676,2943.519,0.078879304,False,9131.324,701.16205,False,False,False,33.407185,,1739.9335,1681,9939.138,0.8080572,150.16576065589203,,2.155963772917184,,0.7792937,,-33.737186,,,0,False,,,,,,,,0,False,False,False,40061.082,26.492777,0.17092994,0.12431896,0.015715545,0.17299256,0.15043618,0.011061271,False,False,False,False,0.030187657,0.8107904,False,False,61096.25599503728,,22,False,False,False,False,False,False,False,False,False,False,False,False,False,False,False,False,False,False,False,False,False,i
3,61096.254517580455,lsst,150.16577100735208,2.1559562460736474,170019716302635146,170054975836651599,0,170019716302635146,9421.269,287.71805,0,0,0,50601.793,283.4305,True,2026022400815,97,0.0,5.1985535e-06,5.1998272e-06,6.050128e-14,2489.8704,0.093407035,1869.7172,0.09363262,False,8647.504,704.4752,False,False,False,32.417553,,1646.3567,1681,9544.199,1.9345887,150.1657707842189,,2.155958918025688,,0.74193,,-7.7427273,,,0,False,,,,,,,,0,False,False,False,41114.89,21.83377,0.15431508,0.14525151,0.02477773,0.17270148,0.1678086,0.01365282,False,False,False,False,0.059602622,0.85665655,False,False,61096.256407430876,,22,False,False,False,False,False,False,False,False,False,False,False,False,False,False,False,False,False,False,False,False,False,i
3,61096.254984178995,lsst,150.16576955702126,2.1559695838583797,170019716302635146,170054975970345080,0,170019716302635146,10023.541,282.03894,0,0,0,49065.97,277.2835,True,2026022400816,96,0.0,4.851413e-06,5.034417e-06,4.5659245e-12,3261.5781,0.080005065,3145.957,0.097033255,False,10307.8955,701.7514,False,False,False,35.373337,,1577.5786,1681,9891.931,1.7189726,150.16576995674905,,2.155969554185024,,0.55330527,,-138.81102,,,0,False,,,,,,,,0,False,False,False,38944.035,21.997662,0.1395122,0.1662971,-0.0008292732,0.15523238,0.16612981,0.008625815,False,False,False,False,0.009351893,0.8911711,False,False,61096.256838238914,,23,False,False,False,False,False,False,False,False,False,False,False,False,False,False,False,False,False,False,False,False,False,i
3,61096.255451064106,lsst,150.16577074412024,2.1559813334006424,170019716302635146,170054976102989948,0,170019716302635146,9434.69,280.64178,0,0,0,47937.98,275.25262,True,2026022400817,93,0.0,4.7216095e-06,4.914271e-06,3.0293927e-12,3279.931,0.080540456,3259.2292,0.09240636,False,9098.504,702.5697,False,False,False,33.246998,,1733.7513,1681,9088.751,2.0507047,150.16577098235007,,2.1559813304907482,,0.41558456,,15.871727,,,0,False,,,,,,,,0,False,False,False,38377.46,28.397322,0.14609668,0.15723114,0.0048831934,0.1671384,0.15260492,0.018512974,False,False,False,False,0.01046383,0.8946521,False,False,61096.25730417113,,23,False,False,False,False,False,False,False,False,False,False,False,False,False,False,False,False,False,False,False,False,False,i
3,61096.25591708426,lsst,150.1657629299035,2.1559698221284154,170019716302635146,170054976237731959,0,170019716302635146,9528.795,282.4302,0,0,0,48808.844,278.50616,True,2026022400818,94,0.0,4.9920673e-06,4.8986362e-06,-1.1092202e-12,3377.9446,0.09110826,3148.7114,0.08674559,False,9273.652,701.50195,False,False,False,32.97924,,1676.9415,1681,9844.077,1.0763509,150.16576051872318,,2.1559722687837537,,0.8571276,,-12.643316,,,0,False,,,,,,,,0,False,False,False,39183.984,23.006834,0.1596554,0.15656629,0.03444758,0.18312499,0.1573948,0.02675541,False,False,False,False,0.021407843,0.88641363,False,False,61096.25779135684,,23,False,False,False,False,False,False,False,False,False,False,False,False,False,False,False,False,False,False,False,False,False,i
3,61096.25638397259,lsst,150.16576963977522,2.155961125195854,170019716302635146,170054976371949601,0,170019716302635146,9618.218,273.62582,0,0,0,47090.59,269.5323,True,2026022400819,94,0.0,4.8660436e-06,4.6457913e-06,-1.9256795e-12,1283.7434,0.08961119,841.18994,0.08132227,False,8564.581,699.74084,False,False,False,35.056564,,1681.01,1681,9731.7,1.3364518,150.16576861371834,,2.1559616116324616,,0.7311133,,-32.776012,,,0,False,,,,,,,,0,False,False,False,37355.836,36.498768,0.16240004,0.13305323,0.01952447,0.1638882,0.13848998,0.01585566,False,False,False,False,0.0019775687,0.8500863,False,False,61096.25823095272,,23,False,False,False,False,False,False,False,False,False,False,False,False,False,False,False,False,False,False,False,False,False,i
3,61096.25685301769,lsst,150.16576722566901,2.1559623507952446,170019716302635146,170054976484147348,0,170019716302635146,9636.91,286.55563,0,0,0,50822.703,282.3003,True,2026022400820,52,0.0,5.0607105e-06,4.6979953e-06,-2.6217828e-12,2629.7107,0.093471505,3825.9001,0.08180484,False,8567.1875,701.26996,False,False,False,33.181225,,1601.6396,1681,10076.758,1.2290053,150.16576543465206,,2.155969322739502,,0.9414834,,-33.65419,,,0,False,,,,,,,,0,False,False,False,41083.06,21.822369,0.19091763,0.14457561,0.03539898,0.19285326,0.1606923,0.026208669,False,False,False,False,0.011441437,0.849194,False,False,61096.25887107049,,23,False,False,False,False,False,False,False,False,False,False,False,False,False,False,False,False,False,False,False,False,False,i
3,61096.25732011214,lsst,150.16577900568203,2.155972202929115,170019716302635146,170054976639860885,0,170019716302635146,9972.223,275.87735,0,0,0,48054.52,271.15097,True,2026022400821,93,0.0,4.867546e-06,4.2026895e-06,-3.473192e-12,3920.7432,0.090427294,3502.4126,0.07212425,False,9827.917,704.351,False,False,False,35.680912,,1769.4664,1681,10107.917,0.6238005,150.16577892736387,,2.155972630485986,,0.75908023,,-55.425766,,,0,False,,,,,,,,0,False,False,False,37995.035,34.340317,0.16942397,0.1195131,0.009157978,0.17294839,0.12463892,0.0134405745,False,False,False,False,0.0031334385,0.8826317,False,False,61096.259115379566,,22,False,False,False,False,False,False,False,False,False,False,False,False,False,False,False,False,False,False,False,False,False,i
3,61096.257789240815,lsst,150.1657700940739,2.1559645551532354,170019716302635146,170054976774078505,0,170019716302635146,9007.099,268.349,0,0,0,45001.492,263.8499,True,2026022400822,93,0.0,4.588854e-06,3.8212156e-06,-3.0223497e-12,2853.8774,0.08484467,704.5833,0.06586371,False,6925.5376,704.6418,False,False,False,32.628693,,1669.6163,1681,8998.634,0.18892804,150.1657679431153,,2.155969085996456,,0.76987875,,-54.561684,,,0,False,,,,,,,,0,False,False,False,35917.703,37.399918,0.15272616,0.10352451,0.012957199,0.16039488,0.12071267,0.015452228,False,False,False,False,0.027061738,0.7116755,False,False,61096.25956855946,,19,False,False,False,False,False,False,False,False,False,False,False,False,False,False,False,False,False,False,False,False,False,i
3,61096.258257774694,lsst,150.16577105484774,2.1559679965529894,170019716302635146,170054976907247625,0,170019716302635146,9553.468,263.89185,0,0,0,45377.605,263.70703,True,2026022400823,91,0.0,4.5755783e-06,4.315478e-06,-9.0092484e-13,35.795586,0.08290714,258.34024,0.07698782,False,9006.41,702.5821,False,False,False,35.837837,,1578.449,1681,9110.018,0.3116827,150.165770968538,,2.155968638900024,,0.5444439,,-47.16935,,,0,False,,,,,,,,0,False,False,False,35545.812,69.04432,0.14604786,0.12853667,0.00966871,0.14772958,0.13197407,0.013515403,False,False,False,False,0.0011689478,0.78242904,False,False,61096.26007289566,,19,False,False,False,False,False,False,False,False,False,False,False,False,False,False,False,False,False,False,False,False,False,i
3,61096.258725067244,lsst,150.16576768229453,2.155963814211481,170019716302635146,170054977042513940,0,170019716302635146,9042.136,256.058,0,0,0,42187.598,253.56583,True,2026022400824,93,0.0,4.2832535e-06,3.7543177e-06,-1.2811434e-12,1528.8986,0.0777884,403.3493,0.06667064,False,6451.1675,700.24054,False,False,False,34.594566,,1738.5813,1681,9381.712,2.3537753,150.16576517872892,,2.1559683956421605,,0.8325487,,-42.167454,,,0,False,,,,,,,,0,False,False,False,33006.453,50.748714,0.1379672,0.10936635,0.030146368,0.14806826,0.12098315,0.03191067,False,False,False,False,0.021644553,0.6310742,False,False,61096.26042374097,,18,False,False,False,False,False,False,False,False,False,False,False,False,False,False,False,False,False,False,False,False,False,i
3,61096.25919599859,lsst,150.1657676683693,2.1559614817333967,170019716302635146,170054977155236019,0,170019716302635146,9852.304,267.06592,0,0,0,45177.945,263.50058,True,2026022400825,52,0.0,4.64007e-06,4.362434e-06,-6.1121605e-13,3106.342,0.08373378,3839.977,0.078184985,False,8473.412,704.73175,False,False,False,36.11537,,1776.8978,1681,9659.592,1.5547523,150.16576803030213,,2.155960830639379,,0.49763224,,-56.536533,,,0,False,,,,,,,,0,False,False,False,35253.164,42.398003,0.14568087,0.12939516,0.00709161,0.15447953,0.12970152,0.01799509,False,False,False,False,0.0036350472,0.7975284,False,False,61096.261019686746,,19,False,False,False,False,False,False,False,False,False,False,False,False,False,False,False,False,False,False,False,False,False,i
3,61096.25966308173,lsst,150.1657718295113,2.1559714997541506,170019716302635146,170054977309900846,0,170019716302635146,9148.982,269.3412,0,0,0,45510.977,265.70685,True,2026022400826,91,0.0,4.354466e-06,4.097204e-06,-3.9500716e-13,1962.4899,0.07846451,881.749,0.07354946,False,8574.442,706.4412,False,False,False,33.057888,,1661.2705,1681,9204.804,4.542533,150.16576873840924,,2.1559727745917194,,0.8070072,,-47.368984,,,0,False,,,,,,,,0,False,False,False,36274.707,41.570534,0.14554653,0.11995378,0.027990216,0.1623815,0.1318806,0.025157204,False,False,False,False,0.034482725,0.76642644,False,False,61096.26139755553,,20,False,False,False,False,False,False,False,False,False,False,False,False,False,False,False,False,False,False,False,False,False,i
3,61096.260600284804,lsst,150.16577122960712,2.155969728686641,170019716302635146,170054977578336336,0,170019716302635146,9878.689,278.3236,0,0,0,47257.266,274.21902,True,2026022400828,91,0.0,4.196639e-06,4.3553223e-06,8.95744e-14,3099.2236,0.07547747,2325.3428,0.078352116,False,9515.895,705.20154,False,False,False,34.255653,,1734.8573,1681,9421.337,5.336985,150.1657711203555,,2.1559698825761977,,0.5527259,,-13.765686,,,0,False,,,,,,,,0,False,False,False,37321.566,36.054165,0.11636039,0.13843109,0.007822001,0.14451005,0.14905219,0.0061525097,False,False,False,False,0.06191833,0.81546867,False,False,61096.262300138,,22,False,False,False,False,False,False,False,False,False,False,False,False,False,False,False,False,False,False,False,False,False,i
3,61096.26106675602,lsst,150.16576917797124,2.155962245564346,170019716302635146,170054977712029827,0,170019716302635146,9871.468,279.5614,0,0,0,47083.2,276.47647,True,2026022400829,90,0.0,4.0343616e-06,4.834681e-06,6.575202e-14,104.88562,0.07257465,2453.9255,0.08696411,False,9401.626,704.96106,False,False,False,34.990635,,1714.0374,1681,9372.73,3.839013,150.16577111592636,,2.1559603320110394,,0.648889,,-161.65851,,,0,False,,,,,,,,0,False,False,False,37076.547,39.673923,0.110506445,0.14156447,-0.011121851,0.1283017,0.15322822,-0.007018445,False,False,False,False,0.03775131,0.8186642,False,False,61096.26277565438,,21,False,False,False,False,False,False,False,False,False,False,False,False,False,False,False,False,False,False,False,False,False,i
3,61096.26184887903,lsst,150.16576401079743,2.155967263634648,170019716302635146,170054977848869005,0,170019716302635146,10250.489,285.6336,0,0,0,49613.926,281.56583,True,2026022400830,95,0.0,4.4876087e-06,5.4079887e-06,2.8113495e-12,1645.3567,0.09859507,3459.9036,0.07909765,False,10062.7705,705.15955,False,False,False,35.04949,,1740.0977,1681,10748.866,2.4400675,150.16576333512225,,2.1559650881772585,,0.8773919,,-2.0795107,,,0,False,,,,,,,,0,False,False,False,39226.92,22.382214,0.1958381,0.13732736,-0.021163782,0.20663995,0.15087408,-0.022954848,False,False,False,False,0.020484906,0.8816365,False,False,61096.26375807558,,24,False,False,False,False,False,False,False,False,False,False,False,False,False,False,False,False,False,False,False,False,False,i
3,61096.26231589459,lsst,150.16576833466726,2.1559608583809275,170019716302635146,170054977984659566,0,170019716302635146,9822.071,294.99655,0,0,0,52233.395,290.19363,True,2026022400831,98,0.0,5.035187e-06,6.1287574e-06,2.9020597e-12,1238.4747,0.11120393,2878.724,0.08939612,False,9706.384,711.2507,False,False,False,32.174206,,1689.6616,1681,10026.043,4.051134,150.16576550916307,,2.155959043450551,,0.78131783,,-6.051914,,,0,False,,,,,,,,0,False,False,False,42373.63,19.159554,0.19793163,0.15388997,-0.016945433,0.20579056,0.16317958,-0.0123057505,False,False,False,False,0.009900329,0.87887007,False,False,61096.26414245383,,23,False,False,False,False,False,False,False,False,False,False,False,False,False,False,False,False,False,False,False,False,False,i
3,61096.26278273766,lsst,150.16577561725452,2.1559680414592424,170019716302635146,170054978118352932,0,170019716302635146,9794.019,288.65414,0,0,0,50786.29,285.86713,True,2026022400832,97,0.0,4.58503e-06,5.3909266e-06,1.4316326e-12,1797.7378,0.097374216,1004.4537,0.081983946,False,10139.68,710.53,False,False,False,33.374615,,1628.3062,1681,9839.893,2.2554862,150.16577378321892,,2.1559685709022127,,0.8019192,,-20.21131,,,0,False,,,,,,,,0,False,False,False,40896.188,21.638855,0.1689017,0.1391646,-0.025840223,0.18389499,0.14760917,-0.015285,False,False,False,False,0.020470383,0.87982494,False,False,61096.26453755037,,22,False,False,False,False,False,False,False,False,False,False,False,False,False,False,False,False,False,False,False,False,False,i
1,61096.26478554259,lsst,150.16577723405894,2.1559607053311627,170019716302635146,170054978250997802,0,170019716302635146,7654.1074,165.81158,0,0,0,30469.873,164.75117,True,2026022400833,94,0.0,4.443331e-06,3.8454486e-06,-9.286268e-13,3594.7454,0.06873813,1218.0178,0.08022032,False,7076.815,353.71967,False,False,False,45.610123,,1754.191,1681,8166.4204,1.4860799,150.165773500043,,2.155964510211759,,1.0464314,,-43.967518,,,0,False,,,,,,,,0,False,False,False,22696.23,27.468344,0.1807709,0.21407284,-0.049927186,0.18623409,0.20791964,-0.038542025,False,False,False,False,1.5062243e-05,0.86817795,False,False,61096.266918664674,,25,False,False,False,False,False,False,False,False,False,False,False,False,False,False,False,False,False,False,False,False,False,g
1,61096.26525520469,lsst,150.16578110517236,2.155958676464102,170019716302635146,170054978385215550,0,170019716302635146,7553.2705,169.5407,0,0,0,31424.084,168.56133,True,2026022400834,94,0.0,4.690952e-06,3.9773076e-06,-8.0896406e-13,647.01495,0.07126808,2215.0317,0.08452899,False,6936.6895,353.1171,False,False,False,43.970562,,1696.5189,1681,8020.9937,1.9452478,150.1657754064515,,2.1559643982338486,,1.0788578,,-45.741062,,,0,False,,,,,,,,0,False,False,False,23736.775,28.094389,0.18929817,0.22039779,-0.0539478,0.18640375,0.23114516,-0.045113176,False,False,False,False,0.0018398454,0.8775815,False,False,61096.26699023507,,25,False,False,False,False,False,False,False,False,False,False,False,False,False,False,False,False,False,False,False,False,False,g
1,61096.26572284305,lsst,150.16577668083386,2.155967775712742,170019716302635146,170054978517336150,0,170019716302635146,7459.982,170.59023,0,0,0,31899.771,168.77531,True,2026022400835,90,0.0,5.0779527e-06,4.324608e-06,-5.559695e-13,369.1912,0.07766759,3016.231,0.091373205,False,7775.374,352.082,False,False,False,43.57597,,1762.2971,1681,7816.537,0.7002694,150.16577194586546,,2.155972070329895,,0.95079505,,-56.3651,,,0,False,,,,,,,,0,False,False,False,24359.56,25.272055,0.21018414,0.25375324,-0.035448004,0.20482695,0.238998,-0.049675696,False,False,False,False,0.011302624,0.87868005,False,False,61096.26745305316,,28,False,False,False,False,False,False,False,False,False,False,False,False,False,False,False,False,False,False,False,False,False,g
1,61096.266192437426,lsst,150.16577046542213,2.1559637373013287,170019716302635146,170054978655223822,0,170019716302635146,7890.978,167.56163,0,0,0,31006.695,166.76033,True,2026022400836,97,0.0,4.063866e-06,4.221477e-06,2.2155204e-14,2467.8848,0.0758924,490.86078,0.073059805,False,7889.031,353.1119,False,False,False,46.554676,,1642.9238,1681,8174.325,0.9952746,150.16576684305744,,2.155966525053245,,0.8508228,,-45.249348,,,0,False,,,,,,,,0,False,False,False,23053.93,31.134495,0.20047075,0.2036032,-0.03300898,0.20461877,0.20509861,-0.0409417,False,False,False,False,0.00096879376,0.9105022,False,False,61096.26793608122,,25,False,False,False,False,False,False,False,False,False,False,False,False,False,False,False,False,False,False,False,False,False,g
1,61096.266659577945,lsst,150.16578160526817,2.155958036313725,170019716302635146,170054978788917255,0,170019716302635146,7643.862,171.00453,0,0,0,31828.133,169.95647,True,2026022400837,96,0.0,4.3089317e-06,4.562769e-06,-7.327534e-14,3708.4639,0.08203151,358.51968,0.07745962,False,7934.7275,356.29202,False,False,False,44.45353,,1707.8351,1681,7712.231,1.051884,150.16577879993963,,2.155962510333105,,0.67324364,,-30.833254,,,0,False,,,,,,,,0,False,False,False,24099.537,24.415703,0.21742804,0.19631249,-0.016941419,0.21330133,0.19648197,-0.03075677,False,False,False,False,0.00047637825,0.8495132,False,False,61096.268346267454,,27,False,False,False,False,False,False,False,False,False,False,False,False,False,False,False,False,False,False,False,False,False,g
1,61096.26759238845,lsst,150.16577907834423,2.1559534082670115,170019716302635146,170054979057352741,0,170019716302635146,7769.4087,168.22746,0,0,0,30917.998,168.15068,True,2026022400839,96,0.0,4.0550835e-06,4.349703e-06,-3.4851495e-13,2924.5195,0.07829631,1463.0663,0.07279683,False,7851.357,358.74234,False,False,False,45.81912,,1611.1918,1681,7816.06,1.3461162,150.1657765248593,,2.15595816664225,,0.82901865,,-41.256584,,,0,False,,,,,,,,0,False,False,False,23070.635,39.792698,0.20558225,0.18093845,-0.028829386,0.20867237,0.17690793,-0.011661628,False,False,False,False,2.8599236e-05,0.91823477,False,False,61096.26929027192,,25,False,False,False,False,False,False,False,False,False,False,False,False,False,False,False,False,False,False,False,False,False,g
1,61096.268061242896,lsst,150.1657799046545,2.155959381495297,170019716302635146,170054979188424789,0,170019716302635146,8024.187,166.03459,0,0,0,30688.566,164.97487,True,2026022400840,90,0.0,3.993036e-06,4.2781085e-06,-4.622633e-13,609.7072,0.077098355,2592.061,0.071596645,False,8009.142,354.67004,False,False,False,48.215332,,1727.084,1681,8115.276,1.1860849,150.16577541362958,,2.1559641386710857,,0.7903664,,-47.0379,,,0,False,,,,,,,,0,False,False,False,22644.87,40.253315,0.2030779,0.18644036,-0.026987445,0.2121283,0.17809117,-0.018729422,False,False,False,False,1.571351e-05,0.90014166,False,False,61096.26982543389,,25,False,False,False,False,False,False,False,False,False,False,False,False,False,False,False,False,False,False,False,False,False,g
1,61096.268994758175,lsst,150.16578204265556,2.15595948854171,170019716302635146,170054979460005960,0,170019716302635146,7395.7812,170.65471,0,0,0,31374.791,169.3105,True,2026022400842,96,0.0,4.0979944e-06,4.576136e-06,-1.3868514e-12,1879.8964,0.08309147,2765.3997,0.072753325,False,7122.0312,357.60803,False,False,False,43.2731,,1714.3566,1681,7390.442,1.5462406,150.1657810738416,,2.1559600379734345,,0.6612102,,-48.761356,,,0,False,,,,,,,,0,False,False,False,23922.492,36.300316,0.20458621,0.18754877,-0.017289089,0.23597232,0.19199815,-0.013818803,False,False,False,False,0.03672882,0.89399135,False,False,61096.270765932015,,25,False,False,False,False,False,False,False,False,False,False,False,False,False,False,False,False,False,False,False,False,False,g
1,61096.269464012075,lsst,150.1657801259236,2.1559512375343117,170019716302635146,170054979591078001,0,170019716302635146,7699.8223,165.5165,0,0,0,30525.895,165.28014,True,2026022400843,90,0.0,3.6515628e-06,4.858938e-06,-4.219618e-12,3122.017,0.09009893,3721.4858,0.06181862,False,7827.899,356.802,False,False,False,44.90128,,1732.0929,1681,8227.885,1.9715803,150.16578094980613,,2.155950152071095,,1.0429014,,-37.81492,,,0,False,,,,,,,,0,False,False,False,22740.438,35.31282,0.24075055,0.15660447,-0.030858023,0.24116628,0.15767448,-0.028117042,False,False,False,False,6.900616e-05,0.9203544,False,False,61096.27135600082,,24,False,False,False,False,False,False,False,False,False,False,False,False,False,False,False,False,False,False,False,False,False,g
1,61096.26993014777,lsst,150.16579176014477,2.1559558271095214,170019716302635146,170054979728441397,0,170019716302635146,7148.092,171.77069,0,0,0,31732.557,170.15921,True,2026022400844,96,0.0,4.5526835e-06,5.1901457e-06,-3.1861577e-12,382.08456,0.09560844,1942.2637,0.079161525,False,6704.215,358.95502,False,False,False,41.60946,,1716.54,1681,7316.516,0.70904857,150.16579152713948,,2.155956901973944,,0.8938065,,-54.825752,,,0,False,,,,,,,,0,False,False,False,24522.984,35.523212,0.22887936,0.19667885,-0.03290466,0.24138308,0.17669186,-0.013287873,False,False,False,False,0.0016690886,0.87282205,False,False,61096.27229999562,,25,False,False,False,False,False,False,False,False,False,False,False,False,False,False,False,False,False,False,False,False,False,g
1,61096.27037272681,lsst,150.16577141946104,2.155955306442607,170019716302635146,170054979863707675,0,170019716302635146,7870.286,173.6216,0,0,0,31990.773,171.91379,True,2026022400845,98,0.0,3.9871525e-06,4.836522e-06,-2.797439e-12,202.10211,0.08866035,1105.3339,0.06956138,False,7892.9106,362.4674,False,False,False,45.04733,,1689.3971,1681,8202.489,0.9855458,150.16576775152237,,2.1559585541949366,,0.976293,,-36.419827,,,0,False,,,,,,,,0,False,False,False,24025.223,30.401814,0.25174636,0.17990483,-0.026211584,0.24953115,0.18484215,-0.020875745,False,False,False,False,0.00021271239,0.9247699,False,False,61096.27219666529,,25,False,False,False,False,False,False,False,False,False,False,False,False,False,False,False,False,False,False,False,False,False,g
1,61096.27084025917,lsst,150.16578254167928,2.1559536161494552,170019716302635146,170054979997401197,0,170019716302635146,7623.5254,165.31932,0,0,0,30684.928,165.32594,True,2026022400846,97,0.0,4.0653017e-06,4.8208476e-06,-3.1209868e-12,2037.0319,0.08892355,3901.2512,0.070334285,False,7827.1704,354.11453,False,False,False,46.10322,,1699.2272,1681,7931.1753,0.99092466,150.16577769542337,,2.1559579241637272,,0.88633096,,-37.683372,,,0,False,,,,,,,,0,False,False,False,22977.414,37.43698,0.23535515,0.17445971,-0.019388227,0.21644811,0.18051147,-0.014423673,False,False,False,False,0.005178448,0.9108603,False,False,61096.27296960904,,24,False,False,False,False,False,False,False,False,False,False,False,False,False,False,False,False,False,False,False,False,False,g
1,61096.27130936639,lsst,150.16577772663524,2.1559580414751625,170019716302635146,170054980131618823,0,170019716302635146,7745.4937,169.80266,0,0,0,32051.541,170.33046,True,2026022400847,97,0.0,4.424196e-06,4.612088e-06,-9.672766e-13,55.093273,0.08376122,293.47144,0.078648366,False,8488.433,358.6341,False,False,False,45.50332,,1603.2699,1681,7904.6943,0.3681517,150.16577555916808,,2.1559599871625994,,0.7264084,,-71.406586,,,0,False,,,,,,,,0,False,False,False,24178.73,28.135431,0.2152714,0.21866386,-0.023321457,0.22016507,0.20324104,-0.011573051,False,False,False,False,0.0032596805,0.93033373,False,False,61096.27320962952,,26,False,False,False,False,False,False,False,False,False,False,False,False,False,False,False,False,False,False,False,False,False,g
1,61096.271776798494,lsst,150.16578908792005,2.1559531761248034,170019716302635146,170054980264263744,0,170019716302635146,7485.1104,173.68497,0,0,0,32701.848,172.73575,True,2026022400848,94,0.0,4.6663067e-06,4.961165e-06,-1.9873062e-12,3773.1907,0.09101594,2311.0388,0.08190118,False,7381.0874,358.6283,False,False,False,42.899193,,1700.4265,1681,7501.9966,0.8395259,150.16578635372423,,2.1559548523125986,,0.6645844,,-57.880123,,,0,False,,,,,,,,0,False,False,False,25092.744,19.4285,0.20643145,0.1877523,-0.017091233,0.2199439,0.19897695,-0.021837346,False,False,False,False,0.01804837,0.87593454,False,False,61096.27359076656,,25,False,False,False,False,False,False,False,False,False,False,False,False,False,False,False,False,False,False,False,False,False,g
1,61096.27224355948,lsst,150.1657853606917,2.1559595660727475,170019716302635146,170054980398481449,0,170019716302635146,7344.43,173.04576,0,0,0,32110.355,172.34012,True,2026022400849,94,0.0,4.62118e-06,5.2040755e-06,-5.0312133e-12,822.1331,0.09846814,1314.6334,0.077180095,False,7877.5034,360.0168,False,False,False,41.605072,,1707.2264,1681,7564.636,1.6039307,150.1657870267865,,2.15595598952891,,0.8929913,,-44.81111,,,0,False,,,,,,,,0,False,False,False,24691.822,24.389229,0.22939026,0.16512801,-0.018023726,0.23740536,0.18696874,-0.021050053,False,False,False,False,0.025847761,0.88859636,False,False,61096.27401743479,,27,False,False,False,False,False,False,False,False,False,False,False,False,False,False,False,False,False,False,False,False,False,g
1,61096.27271103287,lsst,150.1657789051919,2.155957439617555,170019716302635146,170054980530601987,0,170019716302635146,7691.579,172.30524,0,0,0,32370.49,171.61647,True,2026022400850,90,0.0,4.3919604e-06,4.6403447e-06,-2.54002e-12,3550.8772,0.08656556,87.73678,0.0755108,False,7489.4473,356.93253,False,False,False,44.11553,,1682.9843,1681,7716.57,1.5361906,150.16577435442696,,2.155959805777382,,0.8119837,,-48.166824,,,0,False,,,,,,,,0,False,False,False,24552.94,21.89629,0.22427566,0.17261437,-0.015049992,0.2234347,0.19644767,-0.0106725795,False,False,False,False,0.015579151,0.9029502,False,False,61096.27447173608,,25,False,False,False,False,False,False,False,False,False,False,False,False,False,False,False,False,False,False,False,False,False,g
1,61096.27317996833,lsst,150.1657722897958,2.1559552100706836,170019716302635146,170054980668489736,0,170019716302635146,7780.5513,169.89368,0,0,0,31349.562,169.65472,True,2026022400851,97,0.0,4.4864128e-06,4.9407736e-06,-6.874532e-12,739.8003,0.097583435,186.33441,0.0697948,False,8468.35,358.33057,False,False,False,45.715496,,1616.2694,1681,7987.484,0.55457824,150.16577218745374,,2.1559550464071857,,0.9729391,,-39.16143,,,0,False,,,,,,,,0,False,False,False,23501.248,29.284971,0.26397568,0.17634496,-0.004319065,0.23091964,0.1659966,-0.0039148177,False,False,False,False,0.05746593,0.9259026,False,False,61096.27493298153,,27,False,False,False,False,False,False,False,False,False,False,False,False,False,False,False,False,False,False,False,False,False,g
1,61096.273647287395,lsst,150.16579102123038,2.1559619060060498,170019716302635146,170054980800610375,0,170019716302635146,7805.4893,179.67697,0,0,0,34537.605,180.0824,True,2026022400852,93,0.0,5.024176e-06,5.1516718e-06,-3.2159657e-12,2670.0852,0.097091496,2490.1367,0.08549095,False,7978.491,358.48917,False,False,False,43.391556,,1712.1423,1681,7711.668,0.487755,150.16578911620604,,2.1559627370975782,,0.6473396,,-49.04808,,,0,False,,,,,,,,0,False,False,False,26588.85,13.555658,0.24535702,0.21087924,-0.0061086398,0.2298228,0.21709085,-0.008332643,False,False,False,False,0.0024219127,0.9172275,False,False,61096.275580962836,,28,False,False,False,False,False,False,False,False,False,False,False,False,False,False,False,False,False,False,False,False,False,g
1,61096.274115755616,lsst,150.16578623397112,2.1559535098163334,170019716302635146,170054980933255229,0,170019716302635146,7742.139,167.92401,0,0,0,30652.816,165.96236,True,2026022400853,90,0.0,4.342673e-06,4.4266867e-06,-3.6619427e-12,1629.7372,0.08604109,1949.3551,0.0708982,False,7894.65,356.7661,False,False,False,46.143795,,1684.5422,1681,7583.325,0.23485939,150.16578368213877,,2.1559544081812314,,0.68124825,,-32.30455,,,0,False,,,,,,,,0,False,False,False,22909.178,27.397387,0.21624194,0.17757559,0.006896638,0.21205303,0.16423517,-0.0002752407,False,False,False,False,0.010132022,0.91726404,False,False,61096.27581984285,,25,False,False,False,False,False,False,False,False,False,False,False,False,False,False,False,False,False,False,False,False,False,g
1,61096.27458139261,lsst,150.165783777241,2.155956725903947,170019716302635146,170054981069045843,0,170019716302635146,7435.0444,172.00777,0,0,0,31852.914,171.7179,True,2026022400854,93,0.0,5.0249414e-06,5.009775e-06,-7.0695598e-12,1373.3182,0.1020821,2889.4438,0.07650486,False,7442.2656,360.14163,False,False,False,42.530636,,1691.6006,1681,7547.0903,0.56612134,150.16578249748702,,2.1559576752868326,,0.8404003,,-48.245888,,,0,False,,,,,,,,0,False,False,False,24351.924,26.390097,0.24401358,0.18028936,-0.0032736775,0.22708003,0.18104891,-0.0023159173,False,False,False,False,0.007961503,0.89916676,False,False,61096.276402627154,,26,False,False,False,False,False,False,False,False,False,False,False,False,False,False,False,False,False,False,False,False,False,g
1,61096.275520180825,lsst,150.16578086447652,2.1559541084661493,170019716302635146,170054981335908402,0,170019716302635146,7672.2144,170.9778,0,0,0,31383.463,169.36386,True,2026022400856,90,0.0,4.5903193e-06,4.4855083e-06,-2.1962356e-12,3613.2483,0.08591736,1596.341,0.077020675,False,7941.5073,359.69083,False,False,False,44.32412,,1624.0073,1681,7572.494,0.26909375,150.16577878211618,,2.155953914318064,,0.59577125,,-64.40565,,,0,False,,,,,,,,0,False,False,False,23670.762,31.858433,0.22644049,0.19885251,-0.0069039925,0.23110464,0.17654711,-0.00469764,False,False,False,False,0.00947518,0.89893955,False,False,61096.277353624755,,26,False,False,False,False,False,False,False,False,False,False,False,False,False,False,False,False,False,False,False,False,False,g
1,61096.27598862209,lsst,150.1657807208194,2.1559618288539406,170019716302635146,170054981468029011,0,170019716302635146,7788.0933,170.0796,0,0,0,30925.734,168.70642,True,2026022400857,86,0.0,4.5864913e-06,4.2766897e-06,-4.0921073e-12,4001.8125,0.08803361,3293.6316,0.07043749,False,8535.439,359.8642,False,False,False,45.397057,,1771.446,1681,8062.4526,0.13945033,150.16577806789007,,2.155963455748766,,0.8620622,,-47.02042,,,0,False,,,,,,,,0,False,False,False,23090.736,22.08746,0.2314491,0.16549557,0.008551613,0.21904635,0.17175058,0.005115125,False,False,False,False,0.0012053436,0.92809665,False,False,61096.2778466118,,25,False,False,False,False,False,False,False,False,False,False,False,False,False,False,False,False,False,False,False,False,False,g
1,61096.276457146814,lsst,150.16578073595002,2.1559619291199157,170019716302635146,170054981604868170,0,170019716302635146,7732.704,171.04333,0,0,0,31328.846,169.90303,True,2026022400858,91,0.0,4.923595e-06,4.1640988e-06,-7.788963e-12,1070.5638,0.09732243,2334.5703,0.0629878,False,7481.0938,359.51697,False,False,False,44.453815,,1682.2545,1681,8128.6157,2.1695812,150.1657788220242,,2.1559645794678177,,1.0283158,,-49.510002,,,0,False,,,,,,,,0,False,False,False,23520.666,26.10756,0.24672422,0.1490137,0.012988552,0.24086282,0.17024459,0.0074142287,False,False,False,False,0.007139806,0.9079151,False,False,61096.27824434622,,25,False,False,False,False,False,False,False,False,False,False,False,False,False,False,False,False,False,False,False,False,False,g
1,61096.276925032165,lsst,150.16578806334485,2.155947677405084,170019716302635146,170054981736464430,0,170019716302635146,7278.165,172.8534,0,0,0,32492.834,172.54683,True,2026022400859,86,0.0,5.2140836e-06,4.634833e-06,-4.8419263e-12,3303.153,0.0983988,1746.4828,0.077780694,False,7034.5996,358.67636,False,False,False,41.493755,,1669.5087,1681,7577.3228,1.1850562,150.1657858367936,,2.1559495263032606,,0.93944603,,-42.084133,,,0,False,,,,,,,,0,False,False,False,25127.482,23.63333,0.23896351,0.17287946,0.024331111,0.23699355,0.18661618,0.022949608,False,False,False,False,0.0040679444,0.8720857,False,False,61096.27867203172,,27,False,False,False,False,False,False,False,False,False,False,False,False,False,False,False,False,False,False,False,False,False,g
1,61096.27743780435,lsst,150.1657782421128,2.1559609592610607,170019716302635146,170054981876449336,0,170019716302635146,7241.38,168.54587,0,0,0,30784.438,167.81918,True,2026022400860,97,0.0,4.847613e-06,5.160489e-06,-5.478607e-12,3231.2532,0.099708594,1715.9033,0.07913033,False,7323.7554,356.57843,False,False,False,42.43428,,1645.5447,1681,7288.3345,0.31159198,150.16577758599053,,2.1559610206937863,,0.77250373,,-20.21138,,,0,False,,,,,,,,0,False,False,False,23478.81,23.498669,0.2271748,0.18258864,0.014827539,0.22807583,0.17381,0.004930337,False,False,False,False,0.0019238133,0.8759436,False,False,61096.27928529035,,25,False,False,False,False,False,False,False,False,False,False,False,False,False,False,False,False,False,False,False,False,False,g
1,61096.277905984214,lsst,150.16577575267834,2.1559552601846206,170019716302635146,170054982010667133,0,170019716302635146,7589.681,167.9628,0,0,0,29906.066,164.66742,True,2026022400861,97,0.0,4.4698613e-06,4.7388357e-06,-7.113847e-12,70.80278,0.0958656,3599.283,0.06727418,False,7400.9077,356.4686,False,False,False,45.15281,,1706.8516,1681,7748.4077,1.1008625,150.1657728986546,,2.1559574238579917,,0.9347368,,-31.8899,,,0,False,,,,,,,,0,False,False,False,22359.488,32.770638,0.23691876,0.15869029,0.011477207,0.228299,0.16944914,0.0092687635,False,False,False,False,0.00014345537,0.92075336,False,False,61096.27961063549,,25,False,False,False,False,False,False,False,False,False,False,False,False,False,False,False,False,False,False,False,False,False,g
1,61096.27837377819,lsst,150.16578168494888,2.1559682164247747,170019716302635146,170054982142787681,0,170019716302635146,7593.0137,171.94315,0,0,0,31454.9,172.27116,True,2026022400862,93,0.0,4.651037e-06,4.6973846e-06,-3.0219059e-12,3566.8994,0.08966279,3775.8594,0.07800026,False,8022.2446,361.52777,False,False,False,44.015774,,1629.0834,1681,7478.475,0.31190142,150.16577847807892,,2.155970898687674,,0.603674,,-34.759243,,,0,False,,,,,,,,0,False,False,False,23753.29,27.774876,0.21845436,0.18797293,0.004486533,0.2145856,0.1881648,0.011589634,False,False,False,False,0.00041850057,0.9217035,False,False,61096.28024667022,,25,False,False,False,False,False,False,False,False,False,False,False,False,False,False,False,False,False,False,False,False,False,g
4,61096.28016914455,lsst,150.16577711638894,2.1559582321243767,170019716302635146,170054982277529640,0,170019716302635146,8511.613,517.85095,0,0,0,60724.04,517.43085,True,2026022400863,94,0.0,1.2496465e-05,1.1120198e-05,-3.4108617e-12,3667.6533,0.19975471,1328.4467,0.22503208,False,7690.0747,1300.5487,False,False,False,16.217726,,1691.5353,1681,9156.182,1.0249938,150.1657720589067,,2.1559632265484665,,0.88435465,,-81.222275,,,0,False,,,,,,,,0,False,False,False,52050.168,61.430935,0.1987908,0.2693883,-0.0035697129,0.17698143,0.22287731,-0.024760831,False,False,False,False,0.13560389,0.87008214,False,False,61096.281925708034,,20,False,False,False,False,False,False,False,False,False,False,False,False,False,False,False,False,False,False,False,False,False,z
4,61096.28110440819,lsst,150.16576208486129,2.1559646193573516,170019716302635146,170054982543867967,0,170019716302635146,8993.228,554.5371,0,0,0,65011.33,554.96106,True,2026022400865,90,0.0,1.28915235e-05,9.646624e-06,-8.410373e-14,645.51685,0.1735384,2563.7205,0.2319179,False,8332.601,1307.3461,False,False,False,15.640298,,1552.7783,1681,9486.53,14.992332,150.16577029730982,,2.1559578218806688,,1.0646088,,-73.73773,,,0,False,,,,,,,,0,False,False,False,55845.73,112.17986,0.14835428,0.24097727,-0.029436562,0.2112514,0.25013682,-0.018623473,False,False,False,False,0.13108216,0.6940684,False,False,61096.28278857959,,23,False,False,False,False,False,False,False,False,False,False,False,False,False,False,False,False,False,False,False,False,False,z
4,61096.28157109341,lsst,150.16577020580237,2.155993102619388,170019716302635146,170054982681755661,0,170019716302635146,8228.078,543.65717,0,0,0,62319.863,543.2577,True,2026022400866,97,0.0,1.4808538e-05,1.13666765e-05,5.0907954e-12,2276.0889,0.2042413,512.7091,0.2665527,False,9716.37,1299.6578,False,False,False,14.805292,,1686.727,1681,8708.691,5.671399,150.1657612315415,,2.155993770003904,,0.9499127,,-78.59037,,,0,False,,,,,,,,0,False,False,False,53940.19,37.934486,0.21251959,0.2844515,-0.02018589,0.23080304,0.21391238,-0.003957831,False,False,False,False,0.073788844,0.6559783,False,False,61096.28344573401,,24,False,False,False,False,False,False,False,False,False,False,False,False,False,False,False,False,False,False,False,False,False,z
4,61096.28204197519,lsst,150.16577406535973,2.1559706658528945,170019716302635146,170054982815449091,0,170019716302635146,8385.281,550.2795,0,0,0,65033.902,550.37805,True,2026022400867,96,0.0,1.1621539e-05,1.435134e-05,-7.775691e-12,3531.5632,0.2586638,154.84471,0.20840862,False,8758.995,1296.0901,False,False,False,15.055698,,1682.5062,1681,8699.33,7.1197343,150.1657735536032,,2.1559745123295926,,0.8568816,,12.660622,,,0,False,,,,,,,,0,False,False,False,56519.168,87.903534,0.24130747,0.18845318,0.020382732,0.2323874,0.2036907,0.002291733,False,False,False,False,0.001141836,0.61419374,False,False,61096.28364057747,,22,False,False,False,False,False,False,False,False,False,False,False,False,False,False,False,False,False,False,False,False,False,z
4,61096.282512675876,lsst,150.16578418798562,2.155964615714363,170019716302635146,170054982948093983,0,170019716302635146,8464.973,514.2348,0,0,0,58697.902,509.5733,True,2026022400868,93,0.0,1.050394e-05,1.087509e-05,-1.3285756e-12,54.720306,0.19581886,950.5999,0.18877465,False,9230.291,1294.6761,False,False,False,16.017832,,1698.4336,1681,8227.475,8.158952,150.16578442643976,,2.1559621047919246,,0.65381104,,-57.70528,,,0,False,,,,,,,,0,False,False,False,50147.73,55.21222,0.15927467,0.16408941,-0.018893404,0.1878812,0.17343745,0.01246526,False,False,False,False,0.048560206,0.76603085,False,False,61096.284296178754,,19,False,False,False,False,False,False,False,False,False,False,False,False,False,False,False,False,False,False,False,False,False,z
4,61096.28298079457,lsst,150.16577341070888,2.155967600734866,170019716302635146,170054983083884579,0,170019716302635146,9118.162,511.29004,0,0,0,58483.74,510.69693,True,2026022400869,96,0.0,1.0228064e-05,1.0049634e-05,8.0098986e-13,2655.9893,0.18063116,1203.9602,0.1841453,False,8884.82,1277.7811,False,False,False,17.729002,,1699.832,1681,9219.362,8.2286825,150.1657758795436,,2.155969688754419,,0.78887445,,-76.56894,,,0,False,,,,,,,,0,False,False,False,49184.184,50.13638,0.1452213,0.18103006,-0.022277942,0.18868661,0.1678378,0.0043967757,False,False,False,False,0.03158353,0.9467887,False,False,61096.28484196217,,21,False,False,False,False,False,False,False,False,False,False,False,False,False,False,False,False,False,False,False,False,False,z
4,61096.2834483277,lsst,150.16578400273326,2.1559590539124653,170019716302635146,170054983214956624,0,170019716302635146,7210.97,534.805,0,0,0,61940.88,535.2962,True,2026022400870,90,0.0,1.33038875e-05,1.5963189e-05,-2.2516674e-11,899.17267,0.29054612,2169.3506,0.235209,False,7809.2524,1302.2028,False,False,False,13.286471,,1660.7777,1681,7350.7627,6.644612,150.16577927184522,,2.1559619473560714,,0.9605533,,3.5099149,,,0,False,,,,,,,,0,False,False,False,54542.11,37.380035,0.24120584,0.17237222,0.025938332,0.21015793,0.1760635,0.006489461,False,False,False,False,0.023902155,0.7705648,False,False,61096.28521836052,,19,False,False,False,False,False,False,False,False,False,False,False,False,False,False,False,False,False,False,False,False,False,z
4,61096.28391825146,lsst,150.1657918043035,2.155957225980249,170019716302635146,170054983349174399,0,170019716302635146,8526.653,541.88654,0,0,0,65229.35,542.5156,True,2026022400871,90,0.0,1.2533915e-05,1.6524182e-05,-4.227369e-11,1505.49,0.30465612,3796.613,0.21538183,False,8533.405,1309.6833,False,False,False,15.409239,,1744.2861,1681,9177.62,3.3418763,150.1657961000666,,2.155951500252193,,1.163894,,-47.480976,,,0,False,,,,,,,,0,False,False,False,56410.062,36.90889,0.24555045,0.1766934,-0.05705167,0.21452917,0.18782684,-0.013616907,False,False,False,False,0.012198885,0.90079784,False,False,61096.285791377915,,20,False,False,False,False,False,False,False,False,False,False,False,False,False,False,False,False,False,False,False,False,False,z
4,61096.28439058807,lsst,150.16576763290826,2.1559860779076625,170019716302635146,170054983486537803,0,170019716302635146,7719.6416,542.3382,0,0,0,61957.223,542.9065,True,2026022400872,96,0.0,1.47133205e-05,1.556802e-05,-1.1871464e-11,1501.292,0.2826907,2417.636,0.26186332,False,8752.409,1300.707,False,False,False,13.905212,,1634.9756,1681,8460.604,5.085957,150.16577405841113,,2.155988128618419,,1.2861162,,-54.75982,,,0,False,,,,,,,,0,False,False,False,54117.76,39.11445,0.2965568,0.23348548,-0.0745926,0.23487908,0.18159522,-0.020706268,False,False,False,False,0.32066914,0.66970485,False,False,61096.28627874633,,20,False,False,False,False,False,False,False,False,False,False,False,False,False,False,False,False,False,False,False,False,False,z
4,61096.28485862279,lsst,150.16577546800383,2.1559547103576975,170019716302635146,170054983617609850,0,170019716302635146,8654.181,533.61896,0,0,0,61230.84,531.2288,True,2026022400873,90,0.0,9.765984e-06,1.1829452e-05,-2.4878969e-11,3307.6753,0.22106758,3485.371,0.1651336,False,7919.382,1310.3164,False,False,False,15.942753,,1733.2626,1681,8843.37,19.99756,150.16577214188052,,2.155958047504432,,1.0752059,,-60.672337,,,0,False,,,,,,,,0,False,False,False,52509.945,45.818478,0.17418405,0.14054716,-0.05582756,0.20233823,0.16519646,-0.020870551,False,False,False,False,0.09036084,0.9182642,False,False,61096.286683899336,,19,False,False,False,False,False,False,False,False,False,False,False,False,False,False,False,False,False,False,False,False,False,z
4,61096.285325701705,lsst,150.1657724389475,2.1559619659299227,170019716302635146,170054983754973235,0,170019716302635146,7444.1724,525.3085,0,0,0,59222.324,526.17285,True,2026022400874,96,0.0,1.4741756e-05,1.4333614e-05,8.273715e-12,67.70569,0.25516397,1486.6703,0.2678047,False,9877.391,1303.2355,False,False,False,13.954045,,1611.8584,1681,7134.9897,0.2695434,150.1657780506949,,2.1559656944831516,,0.52319956,,60.858955,,,0,False,,,,,,,,0,False,False,False,51672.94,38.66625,0.1826444,0.20622547,0.0007975274,0.20658456,0.15838888,-0.000805524,False,False,False,False,0.019346396,0.6598841,False,False,61096.28710187553,,19,False,False,False,False,False,False,False,False,False,False,False,False,False,False,False,False,False,False,False,False,False,z
4,61096.28821227863,lsst,150.1657673512787,2.1559579010619245,170019716302635146,170054984023933066,0,170019716302635146,8573.264,489.78424,0,0,0,52705.676,491.16266,True,2026022400876,97,0.0,1.0661702e-05,1.0293769e-05,4.894714e-12,1547.7448,0.18307813,3890.849,0.19381139,False,10655.023,1314.7134,False,False,False,17.330534,,1688.8416,1681,8297.083,0.45093355,150.16576465864583,,2.1559614454925162,,0.680942,,-113.67723,,,0,False,,,,,,,,0,False,False,False,43995.742,78.28019,0.14670123,0.18802404,-0.0016487418,0.16945434,0.13723938,-0.001710646,False,False,False,False,0.031482857,0.941967,False,False,61096.289897612594,,20,False,False,False,False,False,False,False,False,False,False,False,False,False,False,False,False,False,False,False,False,False,z
4,61096.28914829847,lsst,150.16577305733114,2.155965937979718,170019716302635146,170054984290795596,0,170019716302635146,8277.296,499.2293,0,0,0,54911.86,501.52826,True,2026022400878,94,0.0,9.693144e-06,1.0557707e-05,-1.760618e-11,3740.1255,0.19895849,2456.281,0.16393894,False,8369.313,1317.2144,False,False,False,16.274364,,1709.8555,1681,8528.208,1.1793101,150.16577429665483,,2.1559666319580764,,1.0418991,,-68.2027,,,0,False,,,,,,,,0,False,False,False,46548.82,62.914837,0.16377792,0.13156989,-0.05233473,0.1670393,0.14181234,-0.00784516,False,False,False,False,0.0073428596,0.847481,False,False,61096.290822330295,,19,False,False,False,False,False,False,False,False,False,False,False,False,False,False,False,False,False,False,False,False,False,z
4,61096.28961602234,lsst,150.165772923024,2.155982217921472,170019716302635146,170054984425013297,0,170019716302635146,8568.857,504.03445,0,0,0,55565.88,506.01193,True,2026022400879,94,0.0,9.650795e-06,1.0135464e-05,-1.2804702e-11,877.572,0.19001319,1228.7566,0.16512734,False,7162.9214,1312.7094,False,False,False,16.734814,,1650.3743,1681,8383.116,2.4427228,150.16576810939583,,2.1559844334092624,,0.7166372,,-38.752872,,,0,False,,,,,,,,0,False,False,False,46746.92,74.26597,0.16528083,0.118817255,-0.00329466,0.17686555,0.14852005,-0.007821566,False,False,False,False,0.06330386,0.9335139,False,False,61096.291374206965,,19,False,False,False,False,False,False,False,False,False,False,False,False,False,False,False,False,False,False,False,False,False,z
4,61096.29055458592,lsst,150.16576981859473,2.1559745228619414,170019716302635146,170054984695021575,0,170019716302635146,7691.897,506.59064,0,0,0,54471.383,504.9209,True,2026022400881,97,0.0,9.894498e-06,1.00821735e-05,-1.29707365e-11,554.8982,0.19108221,81.27201,0.1674808,False,6755.491,1311.6198,False,False,False,15.111972,,1748.5022,1681,7226.7505,15.55556,150.1657689625888,,2.155971385850864,,0.45957184,,-44.81159,,,0,False,,,,,,,,0,False,False,False,46671.13,46.63618,0.11791588,0.099603936,-0.001263393,0.16509134,0.16089778,-0.00017540436,False,False,False,False,0.36270407,0.8616909,False,False,61096.29239897271,,19,False,False,False,False,False,False,False,False,False,False,False,False,False,False,False,False,False,False,False,False,False,z
4,61096.29102191096,lsst,150.16577326003392,2.1559765126861876,170019716302635146,170054984827142221,0,170019716302635146,8385.599,513.94147,0,0,0,57032.84,515.36285,True,2026022400882,93,0.0,1.0077811e-05,1.001472e-05,1.5584199e-11,2644.5962,0.16613866,2211.711,0.19419928,False,8192.658,1309.5165,False,False,False,15.854209,,1634.5079,1681,8041.988,14.74166,150.16577664826897,,2.1559742164173867,,0.6916247,,-123.73943,,,0,False,,,,,,,,0,False,False,False,48498.887,39.739613,0.1037216,0.14499514,-0.0075852666,0.15921718,0.18035811,-0.005559928,False,False,False,False,0.26174703,0.9177995,False,False,61096.29277657549,,21,False,False,False,False,False,False,False,False,False,False,False,False,False,False,False,False,False,False,False,False,False,z
4,61096.29148838215,lsst,150.16576780571592,2.1559782041933913,170019716302635146,170054984959787064,0,170019716302635146,9161.567,513.8806,0,0,0,56830.453,514.047,True,2026022400883,90,0.0,9.188604e-06,9.123302e-06,-1.0197594e-11,1986.4943,0.17442602,1596.7457,0.15437408,False,9186.892,1314.0481,False,False,False,17.116245,,1684.9498,1681,9030.095,8.446739,150.16576586639678,,2.1559777181894293,,0.82824,,-67.824165,,,0,False,,,,,,,,0,False,False,False,47500.344,44.639267,0.15154472,0.102989964,-0.022106685,0.16978344,0.16770062,-0.0100246845,False,False,False,False,0.22472842,0.9447021,False,False,61096.293190614975,,20,False,False,False,False,False,False,False,False,False,False,False,False,False,False,False,False,False,False,False,False,False,z
4,61096.29195251325,lsst,150.16575839063972,2.1559875215970723,170019716302635146,170054985095577685,0,170019716302635146,9288.491,508.05984,0,0,0,54777.9,507.1936,True,2026022400884,93,0.0,1.0423591e-05,1.0707534e-05,1.7516082e-11,1323.1149,0.17425913,2507.037,0.20465747,False,9703.906,1299.7467,False,False,False,18.231539,,1746.6843,1681,8755.76,8.157631,150.16575763805315,,2.1559837561098014,,0.38190773,,-132.69957,,,0,False,,,,,,,,0,False,False,False,45304.984,63.755745,0.14268446,0.15475622,-0.001538533,0.1653299,0.17092566,-0.0028597813,False,False,False,False,0.054392092,0.96178657,False,False,61096.29373316813,,20,False,False,False,False,False,False,False,False,False,False,False,False,False,False,False,False,False,False,False,False,False,z
4,61096.311101462925,lsst,150.16578845152105,2.1559756312851794,170019716302635146,170054985366110264,0,170019716302635146,9107.971,563.1197,0,0,0,67532.125,564.8737,True,2026022400886,97,0.0,1.2057416e-05,1.2754603e-05,-1.7892835e-11,3585.337,0.23715024,1582.7778,0.20837317,False,8580.534,1331.1041,False,False,False,15.698388,,1627.8367,1681,9872.701,10.649195,150.16578836359676,,2.155976560987117,,1.2264081,,-65.01073,,,0,False,,,,,,,,0,False,False,False,58255.78,31.522625,0.25231043,0.19137472,-0.068214454,0.22045562,0.20505866,-0.04125968,False,False,False,False,0.009638398,0.9426455,False,False,61096.3130169224,,20,False,False,False,False,False,False,False,False,False,False,False,False,False,False,False,False,False,False,False,False,False,z
4,61096.311572289604,lsst,150.1657737902606,2.1559886065001335,170019716302635146,170054985500328040,0,170019716302635146,9360.171,587.6123,0,0,0,70530.43,592.6824,True,2026022400887,97,0.0,1.4173909e-05,1.4037556e-05,5.2210562e-12,600.32776,0.2501022,3733.3992,0.2573001,False,9080.536,1336.9954,False,False,False,15.641151,,1639.5284,1681,10152.707,17.026985,150.16577384849498,,2.155985932901891,,1.2299997,,-75.31234,,,0,False,,,,,,,,0,False,False,False,61051.04,54.245914,0.26848766,0.24424013,-0.07239563,0.2678892,0.21875024,-0.060967565,False,False,False,False,0.017305797,0.92634624,False,False,61096.31327098605,,24,False,False,False,False,False,False,False,False,False,False,False,False,False,False,False,False,False,False,False,False,False,z
4,61096.3125073761,lsst,150.165764623062,2.1559774332701087,170019716302635146,170054985767190609,0,170019716302635146,9558.63,543.04865,0,0,0,61486.285,542.40015,True,2026022400889,94,0.0,1.1032184e-05,1.1235313e-05,-1.5789954e-11,3657.7295,0.21270727,2722.182,0.18696427,False,8714.66,1333.0522,False,False,False,17.638008,,1842.0944,1681,9679.247,3.6645124,150.16576123059107,,2.155977649882888,,0.5337821,,-73.290985,,,0,False,,,,,,,,0,False,False,False,51888.71,37.104374,0.18584332,0.175318,-0.011176557,0.21799639,0.17981607,-0.027147872,False,False,False,False,0.04126579,0.9424827,False,False,61096.31448357164,,21,False,False,False,False,False,False,False,False,False,False,False,False,False,False,False,False,False,False,False,False,False,z
4,61096.31297642052,lsst,150.1657784357831,2.1559786323065495,170019716302635146,170054985901408287,0,170019716302635146,8177.1143,525.6775,0,0,0,58864.883,527.80334,True,2026022400890,94,0.0,1.2025691e-05,1.19522865e-05,2.205882e-11,1026.8348,0.19834848,1055.9586,0.23164444,False,9257.712,1324.451,False,False,False,15.355704,,1640.2921,1681,8864.763,3.603965,150.16577365114202,,2.155978045658449,,1.1769774,,-95.29804,,,0,False,,,,,,,,0,False,False,False,50433.395,43.409172,0.20705062,0.2372895,-0.066105284,0.18716095,0.18689346,-0.0026728767,False,False,False,False,0.15196002,0.8732497,False,False,61096.31485165845,,21,False,False,False,False,False,False,False,False,False,False,False,False,False,False,False,False,False,False,False,False,False,z
4,61096.31344576226,lsst,150.1657584332603,2.155953258560111,170019716302635146,170054986013606025,0,170019716302635146,8777.173,518.42163,0,0,0,56509.242,518.34937,True,2026022400891,52,0.0,1.089264e-05,1.0838139e-05,-1.0055186e-11,868.46594,0.20357327,3883.4114,0.186976,False,7962.7954,1326.4734,False,False,False,16.600376,,1713.1279,1681,9025.883,17.63852,150.16575123316224,,2.155954547310522,,0.94415104,,-61.899483,,,0,False,,,,,,,,0,False,False,False,47597.95,52.795784,0.20331806,0.12984434,-0.021614853,0.19862746,0.161228,-0.010946807,False,False,False,False,0.024416147,0.9241371,False,False,61096.31522568091,,20,False,False,False,False,False,False,False,False,False,False,False,False,False,False,False,False,False,False,False,False,False,z
4,61096.31438308518,lsst,150.16577056571788,2.155986781249366,170019716302635146,170054986303537208,0,170019716302635146,7965.2935,524.6257,0,0,0,57076.05,526.1417,True,2026022400893,93,0.0,1.1116159e-05,1.0907068e-05,-8.064488e-12,2664.6277,0.20476218,1648.3329,0.1911414,False,5507.2617,1334.3436,False,False,False,14.951194,,1708.863,1681,7946.2715,8.771893,150.16576985710145,,2.1559865461159453,,0.7256393,,-61.464924,,,0,False,,,,,,,,0,False,False,False,48848.414,46.81687,0.1742485,0.1283965,-0.0070067225,0.18933506,0.1760768,0.007999195,False,False,False,False,0.1259081,0.8627886,False,False,61096.31614363076,,19,False,False,False,False,False,False,False,False,False,False,False,False,False,False,False,False,False,False,False,False,False,z
2,61096.317520287106,lsst,150.16576573486356,2.1559509445216203,170019716302635146,170054986571972628,0,170019716302635146,7763.08,283.20306,0,0,0,56769.516,284.01678,True,2026022400895,93,0.0,9.579569e-06,7.934413e-06,-1.0051068e-11,1493.7457,0.17518091,577.4522,0.13906701,False,8214.559,539.2586,False,False,False,27.204409,,1662.1644,1681,7798.7607,2.6461995,150.16576511904395,,2.155948388121649,,1.0475168,,-57.17863,,,0,False,,,,,,,,0,False,False,False,48821.617,16.925055,0.3271417,0.24046944,0.025853314,0.2866219,0.26770815,-0.0008081175,False,False,False,False,0.003961708,0.8145519,False,False,61096.319201911174,,28,False,False,False,False,False,False,False,False,False,False,False,False,False,False,False,False,False,False,False,False,False,r
2,61096.31799117665,lsst,150.1657660625062,2.155972362673647,170019716302635146,170054986684694634,0,170019716302635146,9511.273,292.69406,0,0,0,60424.566,292.74,True,2026022400896,52,0.0,8.045281e-06,8.179627e-06,5.7660295e-13,2908.7573,0.14449158,3832.5742,0.14727671,False,10194.879,538.01086,False,False,False,32.47913,,1726.9147,1681,9640.385,2.179654,150.16576901428397,,2.1559754982658896,,0.9058289,,-137.65508,,,0,False,,,,,,,,0,False,False,False,50747.668,11.841246,0.29633087,0.33794165,-0.029996986,0.32290795,0.2845532,-0.013765164,False,False,False,False,0.014655505,0.91401565,False,False,61096.31975983539,,33,False,False,False,False,False,False,False,False,False,False,False,False,False,False,False,False,False,False,False,False,False,r
2,61096.31845934743,lsst,150.16577429907156,2.155971192083895,170019716302635146,170054986839359517,0,170019716302635146,8796.988,259.75485,0,0,0,50791.26,259.26627,True,2026022400897,91,0.0,6.843026e-06,5.9552663e-06,-2.4799455e-12,1794.2653,0.12371642,919.20886,0.10632013,False,8719.418,533.9385,False,False,False,33.462055,,1587.5232,1681,8637.047,0.916848,150.16577597252146,,2.155967769378518,,0.677554,,-63.962578,,,0,False,,,,,,,,0,False,False,False,41903.184,12.338439,0.2345383,0.19910842,0.00966558,0.25638467,0.2158575,0.03063855,False,False,False,False,0.03858815,0.8765141,False,False,61096.32039531913,,27,False,False,False,False,False,False,False,False,False,False,False,False,False,False,False,False,False,False,False,False,False,r
2,61096.31939791344,lsst,150.16579256317755,2.1559616025156947,170019716302635146,170054987107795023,0,170019716302635146,8456.531,255.28136,0,0,0,50433.566,255.28235,True,2026022400899,91,0.0,6.6118646e-06,6.4252367e-06,-2.670052e-13,2954.511,0.11891046,2330.5022,0.11550264,False,8251.856,533.15424,False,False,False,33.007202,,1711.1096,1681,8317.833,0.1428828,150.16579164839223,,2.155962798235917,,0.53806347,,-51.03243,,,0,False,,,,,,,,0,False,False,False,41806.07,14.204169,0.23946556,0.22955088,0.011413578,0.23418516,0.2233181,0.023852756,False,False,False,False,0.003607313,0.87906384,False,False,61096.32141226623,,26,False,False,False,False,False,False,False,False,False,False,False,False,False,False,False,False,False,False,False,False,False,r
2,61096.32058809794,lsst,150.16578611918118,2.155964113867211,170019716302635146,170054987379900420,0,170019716302635146,8710.849,289.17682,0,0,0,60820.203,289.11807,True,2026022400901,98,0.0,9.188943e-06,8.264958e-06,1.012207e-13,1113.0365,0.14861818,249.96375,0.16522115,False,8798.719,531.34235,False,False,False,29.890978,,1750.6931,1681,9209.366,1.3407518,150.16578645882586,,2.155965986325325,,1.2378855,,-50.659454,,,0,False,,,,,,,,0,False,False,False,51960.71,15.053301,0.33470297,0.36036018,-0.07031568,0.28449458,0.34389862,-0.05888662,False,False,False,False,0.0844515,0.8922557,False,False,61096.3222258836,,30,False,False,False,False,False,False,False,False,False,False,False,False,False,False,False,False,False,False,False,False,False,r
2,61096.321054108805,lsst,150.1657956007661,2.1559806104489114,170019716302635146,170054987513593950,0,170019716302635146,8575.183,270.575,0,0,0,54406.33,269.3168,True,2026022400902,97,0.0,6.8367153e-06,8.4603835e-06,-1.5685832e-12,3922.9822,0.1522342,3640.3384,0.122805014,False,10245.923,539.74524,False,False,False,31.636766,,1652.6307,1681,8996.077,1.3319974,150.1657961980293,,2.1559840946259543,,0.8994036,,-13.192318,,,0,False,,,,,,,,0,False,False,False,45820.79,19.818413,0.33376932,0.26563293,-0.01192054,0.30659512,0.22977723,-0.024873901,False,False,False,False,0.08825392,0.895177,False,False,61096.32275712858,,33,False,False,False,False,False,False,False,False,False,False,False,False,False,False,False,False,False,False,False,False,False,r
2,61096.32152413358,lsst,150.16578242587542,2.1559797656814665,170019716302635146,170054987647811610,0,170019716302635146,8743.258,278.97394,0,0,0,56550.383,278.97876,True,2026022400903,97,0.0,7.951418e-06,7.1966315e-06,1.2839803e-12,927.11975,0.12922537,811.0971,0.14313333,False,8512.348,537.25073,False,False,False,31.28125,,1654.2915,1681,8893.347,1.6115249,150.16578660804868,,2.155977591918942,,0.77316225,,59.645412,,,0,False,,,,,,,,0,False,False,False,47671.8,18.56604,0.26879272,0.30407554,0.019447489,0.2816374,0.2875826,-0.0038425198,False,False,False,False,0.00029161788,0.9110909,False,False,61096.323164005604,,28,False,False,False,False,False,False,False,False,False,False,False,False,False,False,False,False,False,False,False,False,False,r
2,61096.3219935127,lsst,150.1657739881609,2.155973302701744,170019716302635146,170054987780456501,0,170019716302635146,8815.745,265.68,0,0,0,52282.23,266.1047,True,2026022400904,94,0.0,6.4773026e-06,7.296733e-06,-1.9327777e-12,3789.0566,0.13159795,1788.3383,0.116024,False,9233.761,538.37714,False,False,False,33.225533,,1763.2136,1681,9077.12,2.0488925,150.16577590227286,,2.155972361734093,,0.8936366,,-23.554243,,,0,False,,,,,,,,0,False,False,False,43382.094,18.210102,0.2864827,0.2230475,-0.01710209,0.2560264,0.24413985,-0.03237974,False,False,False,False,0.0021843908,0.92427105,False,False,61096.32367728578,,28,False,False,False,False,False,False,False,False,False,False,False,False,False,False,False,False,False,False,False,False,False,r
2,61096.32246304526,lsst,150.1657642969763,2.1559682114168717,170019716302635146,170054987914674220,0,170019716302635146,8351.339,264.63873,0,0,0,50757.465,264.5592,True,2026022400905,94,0.0,7.3294887e-06,7.901303e-06,-2.0331757e-12,670.80774,0.14256763,1735.6235,0.13122529,False,9135.064,542.807,False,False,False,30.961443,,1696.6444,1681,8565.766,0.58406174,150.16576226682776,,2.1559685158615265,,0.9929947,,-51.56408,,,0,False,,,,,,,,0,False,False,False,42299.824,18.160715,0.29502982,0.27705297,-0.04394461,0.25777495,0.23272836,-0.0199162,False,False,False,False,0.15566602,0.8930673,False,False,61096.32427706904,,29,False,False,False,False,False,False,False,False,False,False,False,False,False,False,False,False,False,False,False,False,False,r
2,61096.32293179344,lsst,150.16577722032096,2.1559680919446804,170019716302635146,170054988046794799,0,170019716302635146,8585.6455,266.7513,0,0,0,52057.746,266.43805,True,2026022400906,90,0.0,6.8195745e-06,6.790889e-06,8.462754e-14,1804.7814,0.12208692,1214.1809,0.122662105,False,8886.937,542.9412,False,False,False,32.110245,,1765.0287,1681,8549.377,1.8879572,150.165778109616,,2.1559646960194594,,0.8316679,,-57.106056,,,0,False,,,,,,,,0,False,False,False,43312.527,21.833826,0.23667912,0.22979243,-0.030882897,0.25216573,0.23506702,-0.015825717,False,False,False,False,0.010975773,0.9034098,False,False,61096.32479032484,,29,False,False,False,False,False,False,False,False,False,False,False,False,False,False,False,False,False,False,False,False,False,r
2,61096.3233997599,lsst,150.1657703257415,2.155980840312871,170019716302635146,170054988184682514,0,170019716302635146,8270.898,260.243,0,0,0,50082.766,261.35852,True,2026022400907,97,0.0,6.409076e-06,7.60158e-06,-6.3220445e-12,1537.97,0.13914981,473.3736,0.11222782,False,8111.5103,541.64026,False,False,False,31.657667,,1689.0271,1681,8555.116,2.4672132,150.16577055791876,,2.155981474254913,,0.8851854,,-31.891418,,,0,False,,,,,,,,0,False,False,False,41669.36,31.34708,0.2744267,0.211149,-0.015970368,0.26712102,0.22418839,-0.027602501,False,False,False,False,0.00083419966,0.89907056,False,False,61096.32560063449,,27,False,False,False,False,False,False,False,False,False,False,False,False,False,False,False,False,False,False,False,False,False,r
2,61096.32386900789,lsst,150.16577647788935,2.1559555749757613,170019716302635146,170054988316803176,0,170019716302635146,9220.629,268.748,0,0,0,52501.613,268.11832,True,2026022400908,93,0.0,6.300499e-06,7.41026e-06,-7.0960104e-12,2986.0764,0.13656081,3573.1128,0.10923297,False,8937.564,543.4467,False,False,False,34.18253,,1725.7804,1681,9517.585,1.2773377,150.16577546142125,,2.155957757193774,,1.0498062,,-25.707544,,,0,False,,,,,,,,0,False,False,False,43121.02,28.350748,0.3207368,0.21993153,-0.0075277914,0.26614037,0.22464575,-0.0061639855,False,False,False,False,0.06127069,0.9218818,False,False,61096.325543608415,,28,False,False,False,False,False,False,False,False,False,False,False,False,False,False,False,False,False,False,False,False,False,r
2,61096.32433966643,lsst,150.16578516645507,2.1559561926073427,170019716302635146,170054988449448057,0,170019716302635146,8515.426,258.13144,0,0,0,49876.496,257.64523,True,2026022400909,90,0.0,6.4979376e-06,6.6860457e-06,-1.4408275e-12,532.56885,0.121089794,3572.2837,0.11593961,False,7172.9307,546.3436,False,False,False,33.09128,,1716.9171,1681,8376.144,0.82771015,150.16578550915295,,2.1559555061436253,,0.5817584,,-65.21889,,,0,False,,,,,,,,0,False,False,False,41228.67,14.697994,0.22768244,0.223509,-0.014495722,0.2406557,0.21734726,-0.024265181,False,False,False,False,0.0012628335,0.89876896,False,False,61096.32623404612,,25,False,False,False,False,False,False,False,False,False,False,False,False,False,False,False,False,False,False,False,False,False,r
2,61096.32480658474,lsst,150.16577601146363,2.155950488620559,170019716302635146,170054988586811398,0,170019716302635146,8166.7295,257.8886,0,0,0,48744.613,256.63208,True,2026022400910,96,0.0,6.504766e-06,7.3877936e-06,-8.742709e-12,1871.225,0.13823067,125.33314,0.11051258,False,8480.985,547.6431,False,False,False,31.5018,,1725.1544,1681,8474.864,0.39419058,150.16577813414654,,2.1559479492614817,,1.0024168,,-54.98425,,,0,False,,,,,,,,0,False,False,False,40469.004,14.16395,0.2634329,0.21006739,-0.038288016,0.24774598,0.20640254,-0.022348348,False,False,False,False,0.010231854,0.89780504,False,False,61096.32666284114,,27,False,False,False,False,False,False,False,False,False,False,False,False,False,False,False,False,False,False,False,False,False,r
2,61096.32527424507,lsst,150.16577472507223,2.1559804316397084,170019716302635146,170054988717883432,0,170019716302635146,9045.709,265.5882,0,0,0,51273.79,264.64,True,2026022400911,90,0.0,6.1788137e-06,7.1744935e-06,-1.1836476e-11,2152.1746,0.1373888,891.65137,0.10054277,False,8947.845,545.8921,False,False,False,33.28991,,1735.9723,1681,9474.046,3.7395992,150.1657727404379,,2.155980841328176,,1.1771902,,-50.710888,,,0,False,,,,,,,,0,False,False,False,42150.973,24.758593,0.29718348,0.19618034,-0.04361919,0.26716867,0.2125907,-0.03254352,False,False,False,False,0.0048009576,0.89947486,False,False,61096.327094169814,,28,False,False,False,False,False,False,False,False,False,False,False,False,False,False,False,False,False,False,False,False,False,r
2,61096.325741014734,lsst,150.16578530972342,2.1559538844896844,170019716302635146,170054988852101208,0,170019716302635146,7702.705,260.49744,0,0,0,50047.305,260.35455,True,2026022400912,90,0.0,7.118583e-06,8.090204e-06,-1.7176266e-11,2313.6475,0.15751556,2624.0537,0.11283542,False,8479.377,549.4462,False,False,False,29.355999,,1645.1635,1681,8147.6934,3.2139544,150.16578450285897,,2.1559550699692753,,1.1496756,,-55.139175,,,0,False,,,,,,,,0,False,False,False,42253.887,13.99277,0.28624097,0.19435653,-0.043764193,0.2735778,0.19063851,-0.030366953,False,False,False,False,0.007184805,0.8554119,False,False,61096.327683503485,,27,False,False,False,False,False,False,False,False,False,False,False,False,False,False,False,False,False,False,False,False,False,r
2,61096.32620886632,lsst,150.16577802517995,2.155971864339627,170019716302635146,170054988989464616,0,170019716302635146,8449.023,262.88544,0,0,0,49976.906,261.21063,True,2026022400913,96,0.0,6.5157624e-06,6.96756e-06,-9.920238e-12,455.69528,0.1343904,998.7952,0.10658412,False,8572.771,548.7928,False,False,False,31.69104,,1709.5609,1681,8444.009,1.5654612,150.16577896209938,,2.1559697942458533,,0.92051864,,-55.905037,,,0,False,,,,,,,,0,False,False,False,41468.457,14.407719,0.27249584,0.21244307,-0.024245791,0.27520162,0.19198985,-0.018745134,False,False,False,False,0.008374431,0.89092445,False,False,61096.32802114176,,27,False,False,False,False,False,False,False,False,False,False,False,False,False,False,False,False,False,False,False,False,False,r
2,61096.32714607548,lsst,150.16575704972044,2.1559772705228757,170019716302635146,170054989252657255,0,170019716302635146,8330.368,260.48526,0,0,0,49041.887,259.81424,True,2026022400915,86,0.0,7.550558e-06,7.846316e-06,-2.5241812e-11,3570.896,0.16539642,3951.3025,0.10478538,False,8542.745,546.3985,False,False,False,31.80873,,1751.806,1681,9216.095,0.9703524,150.16575999742093,,2.155976697639753,,1.1828624,,-38.832813,,,0,False,,,,,,,,0,False,False,False,40586.07,24.725548,0.36940143,0.23925641,0.008194075,0.32179695,0.18632683,-0.010162439,False,False,False,False,0.21975194,0.8840702,False,False,61096.32885980174,,29,False,False,False,False,False,False,False,False,False,False,False,False,False,False,False,False,False,False,False,False,False,r
2,61096.32774136713,lsst,150.16578363138856,2.1559687332065827,170019716302635146,170054989392642111,0,170019716302635146,8542.977,264.53748,0,0,0,51177.332,264.04147,True,2026022400916,97,0.0,6.766706e-06,6.0797643e-06,-1.6387524e-12,255.46954,0.122042485,1458.9476,0.10889826,False,8169.0034,550.7475,False,False,False,31.45606,,1682.026,1681,8842.129,3.8191628,150.16578391882337,,2.155965730354675,,1.0243706,,-53.507847,,,0,False,,,,,,,,0,False,False,False,42528.926,27.93869,0.25074995,0.19113342,0.03937392,0.27005613,0.216413,0.023475707,False,False,False,False,0.049692836,0.83211243,False,False,61096.32941642856,,26,False,False,False,False,False,False,False,False,False,False,False,False,False,False,False,False,False,False,False,False,False,r
2,61096.32821074299,lsst,150.16577795261148,2.1559652628387185,170019716302635146,170054989526335512,0,170019716302635146,8322.073,274.29758,0,0,0,53891.22,273.6676,True,2026022400917,96,0.0,8.1164e-06,7.3917668e-06,-1.4541322e-12,890.9427,0.1461315,690.0419,0.13270648,False,8729.028,547.291,False,False,False,30.294321,,1717.1625,1681,8610.269,1.5038903,150.16577755339853,,2.1559672500116873,,1.004073,,-43.3162,,,0,False,,,,,,,,0,False,False,False,45518.664,23.559412,0.2829231,0.26565927,0.045318794,0.29509932,0.25461626,0.06921268,False,False,False,False,2.9140656e-05,0.8838745,False,False,61096.33001313338,,27,False,False,False,False,False,False,False,False,False,False,False,False,False,False,False,False,False,False,False,False,False,r
2,61096.32868173327,lsst,150.16577399098898,2.155957895183044,170019716302635146,170054989658980392,0,170019716302635146,8126.873,268.4595,0,0,0,51710.926,267.95966,True,2026022400918,93,0.0,7.706228e-06,6.909276e-06,-8.679902e-13,3114.954,0.13861538,1449.2863,0.124157116,False,8215.067,549.90784,False,False,False,29.932987,,1656.1396,1681,8684.686,3.6663673,150.165777770811,,2.155957892853757,,1.1473349,,-54.015957,,,0,False,,,,,,,,0,False,False,False,43482.35,25.32011,0.2938209,0.23876287,0.055853657,0.28295013,0.2384587,0.04600608,False,False,False,False,0.0029826052,0.8491318,False,False,61096.3305751666,,27,False,False,False,False,False,False,False,False,False,False,False,False,False,False,False,False,False,False,False,False,False,r
2,61096.32915147324,lsst,150.16577517257355,2.1559797332872757,170019716302635146,170054989793722476,0,170019716302635146,8650.276,268.40875,0,0,0,51400.43,267.62616,True,2026022400919,94,0.0,6.879998e-06,6.783978e-06,-5.2053068e-14,2602.8203,0.12368657,3670.412,0.12197394,False,9133.795,551.4808,False,False,False,31.973087,,1728.5874,1681,8982.811,1.3284243,150.165779509909,,2.155978998299957,,0.83596635,,-49.972042,,,0,False,,,,,,,,0,False,False,False,42655.598,34.997738,0.26543382,0.25211734,0.030463554,0.26325893,0.24891761,0.05011718,False,False,False,False,0.0007030847,0.87758106,False,False,61096.33129484299,,30,False,False,False,False,False,False,False,False,False,False,False,False,False,False,False,False,False,False,False,False,False,r
2,61096.32962100374,lsst,150.16576887860538,2.155963658957309,170019716302635146,170054989927940117,0,170019716302635146,8120.2896,277.49384,0,0,0,54113.29,276.9382,True,2026022400920,94,0.0,8.81475e-06,8.563001e-06,9.041772e-14,2078.062,0.15848522,602.4543,0.153965,False,8865.087,552.8374,False,False,False,29.011044,,1739.5847,1681,8410.792,0.22571777,150.1657697709092,,2.155962544823679,,0.87838066,,-36.078697,,,0,False,,,,,,,,0,False,False,False,45844.742,17.036356,0.29819044,0.323171,0.031875856,0.30358765,0.25227422,0.041221313,False,False,False,False,0.09177304,0.8642223,False,False,61096.3314059074,,27,False,False,False,False,False,False,False,False,False,False,False,False,False,False,False,False,False,False,False,False,False,r
2,61096.330089537616,lsst,150.16577209412355,2.1559735600521006,170019716302635146,170054990061109276,0,170019716302635146,7969.0376,273.6452,0,0,0,52785.28,273.40894,True,2026022400921,92,0.0,8.929194e-06,7.861616e-06,1.4357364e-12,1944.4551,0.16065097,920.33545,0.14122501,False,7562.843,550.36145,False,False,False,28.397062,,1698.1456,1681,8381.678,2.595652,150.1657713048405,,2.155973895677714,,1.1916362,,-61.521378,,,0,False,,,,,,,,0,False,False,False,44684.895,17.345045,0.30121022,0.24709828,0.061939288,0.27230868,0.24740632,0.034450218,False,False,False,False,0.019428663,0.83002007,False,False,61096.33173805896,,26,False,False,False,False,False,False,False,False,False,False,False,False,False,False,False,False,False,False,False,False,False,r
2,61096.33056165867,lsst,150.165773206538,2.155954695533288,170019716302635146,170054990195851310,0,170019716302635146,8321.233,267.71155,0,0,0,51358.504,267.27673,True,2026022400922,93,0.0,6.654525e-06,7.2452913e-06,-1.1915335e-12,3540.2842,0.119411215,1997.9625,0.13047852,False,8300.46,555.6947,False,False,False,30.697632,,1657.6879,1681,8664.219,3.0550973,150.1657785820304,,2.155954277725449,,1.1300544,,-42.511463,,,0,False,,,,,,,,0,False,False,False,42916.223,24.451664,0.19663467,0.24058561,0.057826,0.24740249,0.23240891,0.037790347,False,False,False,False,0.04605518,0.8561499,False,False,61096.33222846488,,27,False,False,False,False,False,False,False,False,False,False,False,False,False,False,False,False,False,False,False,False,False,r
3,61097.16704563972,lsst,150.16578257349232,2.155963851701968,170019716302635146,170059277378519175,0,170019716302635146,9413.1045,372.11713,0,0,0,67570.25,371.056,True,2026022500096,93,0.0,6.158996e-06,5.6574863e-06,-1.5106628e-13,3175.4558,0.10177001,2205.2134,0.11080868,False,8824.972,778.54254,False,False,False,23.376804,,1799.256,1681,10255.666,10.736284,150.1657687912326,,2.156007008505652,,1.7485288,,-17.719563,,,0,False,,,,,,,,0,False,False,False,57968.676,29.847166,0.46570718,0.21277913,-0.100208804,0.37233624,0.26317754,-0.087021284,False,False,False,False,0.035631284,0.8509133,False,False,61097.16886540507,,30,False,False,False,False,False,False,False,False,False,False,False,False,False,False,False,False,False,False,False,False,False,i
3,61097.167512494896,lsst,150.16578203985767,2.155964216115598,170019716302635146,170059277513261175,0,170019716302635146,9321.185,338.28888,0,0,0,57310.113,337.151,True,2026022500097,94,0.0,4.768003e-06,4.2590113e-06,1.1556744e-13,1730.9354,0.07661084,1885.8328,0.085786276,False,7531.0957,774.1018,False,False,False,24.848701,,1729.1196,1681,7453.3945,22.283604,150.16578318585843,,2.155954144609318,,0.19732024,,39.327057,,,0,False,,,,,,,,0,False,False,False,47926.52,28.710733,0.09188391,0.091400586,0.0016217595,0.26954365,0.18589817,-0.0577325,False,False,False,False,0.868754,0.78961146,False,False,61097.16951651052,,27,False,False,False,False,False,False,False,False,False,False,False,False,False,False,False,False,False,False,False,False,False,i
3,61097.167981702696,lsst,150.16578082769897,2.1559700997650455,170019716302635146,170059277647478789,0,170019716302635146,10100.289,310.6062,0,0,0,49505.43,308.7293,True,2026022500098,94,0.0,4.395566e-06,4.2647976e-06,8.893902e-14,1576.2406,0.07670944,85.738464,0.079096586,False,13930.033,771.5736,False,False,False,28.88035,,1829.9966,1681,10208.285,7.8079495,150.1657719908588,,2.1560107923121565,,1.5429572,,-12.833017,,,0,False,,,,,,,,0,False,False,False,39319.348,43.870277,0.4176538,0.18421724,-0.03523561,0.19846322,0.12477755,-0.025858639,False,False,False,False,0.9501691,0.9214158,False,False,61097.16997588643,,26,False,False,False,False,False,False,False,False,False,False,False,False,False,False,False,False,False,False,False,False,False,i
3,61097.1684463041,lsst,150.16577826019824,2.1559627724467423,170019716302635146,170059277781696624,0,170019716302635146,9556.834,334.22086,0,0,0,56447.734,332.76776,True,2026022500099,94,0.0,5.0796234e-06,5.2112055e-06,-1.7848997e-13,996.2288,0.09378651,1796.3068,0.09134623,False,8284.301,772.1769,False,False,False,26.2206,,1640.5281,1681,8791.283,6.743243,150.16577145624368,,2.155975217076498,,0.97335804,,-12.729026,,,0,False,,,,,,,,0,False,False,False,46844.55,24.201897,0.24477793,0.15720485,-0.008194664,0.30407947,0.1483844,-0.034085732,False,False,False,False,0.06790916,0.8481512,False,False,61097.170557796766,,30,False,False,False,False,False,False,False,False,False,False,False,False,False,False,False,False,False,False,False,False,False,i
3,61097.16891244887,lsst,150.1657832840637,2.155971733028061,170019716302635146,170059277915914432,0,170019716302635146,10361.23,336.96735,0,0,0,58191.34,334.9769,True,2026022500100,94,0.0,4.6780206e-06,4.8878837e-06,-3.8156118e-13,412.99866,0.08806013,3228.4648,0.08403038,False,9388.555,771.0966,False,False,False,28.931486,,1791.3167,1681,9986.886,5.390572,150.1657738916238,,2.155996823297919,,1.0041806,,-9.465746,,,0,False,,,,,,,,0,False,False,False,47751.754,24.78121,0.26164007,0.16688655,0.0015867805,0.2766841,0.1599467,-0.021590725,False,False,False,False,0.0018765212,0.9029837,False,False,61097.17102021296,,29,False,False,False,False,False,False,False,False,False,False,False,False,False,False,False,False,False,False,False,False,False,i
3,61097.16937706122,lsst,150.16576984647844,2.1559723615407314,170019716302635146,170059278050132151,0,170019716302635146,9862.219,324.40335,0,0,0,54223.336,322.82413,True,2026022500101,94,0.0,5.2509567e-06,5.391204e-06,-3.758494e-13,961.2376,0.097134724,3956.864,0.094317935,False,8954.582,776.0599,False,False,False,29.17312,,1678.8615,1681,9685.956,2.627212,150.16576712319664,,2.1559827877161215,,0.67615783,,4.076221,,,0,False,,,,,,,,0,False,False,False,44245.453,20.454428,0.21000725,0.17687407,0.0116003435,0.24621245,0.15144028,-0.010614939,False,False,False,False,0.003636623,0.92105937,False,False,61097.17130864593,,24,False,False,False,False,False,False,False,False,False,False,False,False,False,False,False,False,False,False,False,False,False,i
3,61097.16984306347,lsst,150.1657715982882,2.155967582732502,170019716302635146,170059278183825540,0,170019716302635146,9192.483,296.286,0,0,0,47574.855,294.51346,True,2026022500102,93,0.0,4.96803e-06,4.59702e-06,1.1552687e-12,1862.0787,0.08203014,2652.09,0.08999898,False,8324.29,762.18555,False,False,False,30.108452,,1612.269,1681,9073.915,5.1106668,150.1657723844485,,2.155970231900606,,0.65446264,,12.3272,,,0,False,,,,,,,,0,False,False,False,38312.82,27.69179,0.16824909,0.14781024,0.016155988,0.17861225,0.14930527,0.00083473127,False,False,False,False,0.0053405007,0.9006717,False,False,61097.17178725079,,23,False,False,False,False,False,False,False,False,False,False,False,False,False,False,False,False,False,False,False,False,False,i
3,61097.17030755105,lsst,150.165769570686,2.1559620752854785,170019716302635146,170059278320140333,0,170019716302635146,9478.685,284.30905,0,0,0,45140.59,283.63657,True,2026022500103,97,0.0,4.834149e-06,5.0417952e-06,-8.286142e-13,267.30933,0.09122355,1016.82605,0.08642672,False,8604.823,767.1639,False,False,False,32.55248,,1625.4563,1681,9444.462,0.8700895,150.16576981477454,,2.1559611134850734,,0.47992706,,11.641241,,,0,False,,,,,,,,0,False,False,False,35503.184,40.183025,0.14390497,0.1346048,0.00885975,0.15440272,0.14180982,0.010305839,False,False,False,False,0.013124429,0.8835036,False,False,61097.17212931195,,21,False,False,False,False,False,False,False,False,False,False,False,False,False,False,False,False,False,False,False,False,False,i
3,61097.1707739195,lsst,150.16577329490934,2.1559687836752843,170019716302635146,170059278452260985,0,170019716302635146,8781.553,279.00748,0,0,0,42998.65,277.9037,True,2026022500104,93,0.0,5.5142573e-06,5.453584e-06,3.3618347e-13,2363.4106,0.09787801,2408.6406,0.099438325,False,8608.052,767.58936,False,False,False,30.256556,,1691.5448,1681,8724.029,0.081573375,150.16577515699578,,2.155966559574929,,0.483367,,36.248165,,,0,False,,,,,,,,0,False,False,False,34105.746,52.88202,0.14484721,0.15420899,0.008979475,0.13940315,0.14970626,0.024978912,False,False,False,False,0.0042642006,0.8110045,False,False,61097.17267132742,,22,False,False,False,False,False,False,False,False,False,False,False,False,False,False,False,False,False,False,False,False,False,i
3,61097.17123920782,lsst,150.16577157546428,2.1559646728874817,170019716302635146,170059278588051499,0,170019716302635146,9201.8125,286.18112,0,0,0,46060.516,286.7895,True,2026022500105,96,0.0,5.2790697e-06,4.747086e-06,3.2903096e-12,3224.61,0.08237295,1008.84924,0.097612284,False,9922.611,765.86475,False,False,False,31.419615,,1766.368,1681,9487.674,3.2784197,150.16577169308488,,2.155963452913949,,0.78765804,,36.786385,,,0,False,,,,,,,,0,False,False,False,36659.258,44.599026,0.1346048,0.16714573,0.023659931,0.14960381,0.15883434,0.020248743,False,False,False,False,0.0018089601,0.91909736,False,False,61097.17310172267,,22,False,False,False,False,False,False,False,False,False,False,False,False,False,False,False,False,False,False,False,False,False,i
3,61097.17170536211,lsst,150.16576535858897,2.1559640574735948,170019716302635146,170059278720696408,0,170019716302635146,9642.585,273.62646,0,0,0,41613.234,271.6435,True,2026022500106,93,0.0,4.6955633e-06,4.04471e-06,4.3874097e-12,1485.9363,0.067255035,1983.9109,0.08892547,False,8728.49,761.95013,False,False,False,34.632072,,1657.6783,1681,10077.753,1.4617001,150.1657645260184,,2.1559635148886667,,0.83888656,,30.69636,,,0,False,,,,,,,,0,False,False,False,31847.68,46.62401,0.11492338,0.14697278,0.029611811,0.11326918,0.1613105,0.027175855,False,False,False,False,0.0072890962,0.90788245,False,False,61097.17360869001,,19,False,False,False,False,False,False,False,False,False,False,False,False,False,False,False,False,False,False,False,False,False,i
3,61097.172170977115,lsst,150.16576437289692,2.1559630148217788,170019716302635146,170059278854914059,0,170019716302635146,9267.974,272.4182,0,0,0,41924.26,272.1948,True,2026022500107,93,0.0,5.0980534e-06,4.4529456e-06,6.0589793e-12,3333.2478,0.07221148,224.00752,0.09805437,False,9119.19,764.5438,False,False,False,33.22897,,1637.9216,1681,9533.944,0.9355644,150.1657636131092,,2.1559631514556212,,0.692104,,54.138294,,,0,False,,,,,,,,0,False,False,False,32469.58,43.947758,0.12510635,0.16798761,0.003274799,0.119123064,0.16324301,0.015406671,False,False,False,False,0.005076272,0.91218615,False,False,61097.17390751687,,19,False,False,False,False,False,False,False,False,False,False,False,False,False,False,False,False,False,False,False,False,False,i
3,61097.17310395361,lsst,150.16576384296422,2.155971117121045,170019716302635146,170059279123873821,0,170019716302635146,9390.836,267.916,0,0,0,40078.05,266.21503,True,2026022500109,94,0.0,4.3361065e-06,4.183154e-06,2.4139545e-12,2539.068,0.07116621,611.0912,0.08175146,False,9343.518,758.8224,False,False,False,34.439877,,1851.9127,1681,9637.982,4.0596113,150.16576337745073,,2.1559682893452456,,0.76751405,,11.462299,,,0,False,,,,,,,,0,False,False,False,30584.268,41.16542,0.1240602,0.1315419,0.02736734,0.12056044,0.14191836,0.027331669,False,False,False,False,0.0022469305,0.927082,False,False,61097.174901049584,,19,False,False,False,False,False,False,False,False,False,False,False,False,False,False,False,False,False,False,False,False,False,i
3,61097.17356939842,lsst,150.16577535970828,2.155968151675868,170019716302635146,170059279258091544,0,170019716302635146,9693.441,279.78183,0,0,0,44047.535,277.57135,True,2026022500110,94,0.0,4.6998507e-06,4.5840525e-06,3.346115e-12,1239.5526,0.07666729,405.1344,0.08984127,False,9505.451,764.68365,False,False,False,34.229477,,1579.3491,1681,9654.356,2.7014124,150.16577427296232,,2.1559679402520513,,0.60880584,,19.140327,,,0,False,,,,,,,,0,False,False,False,34252.926,33.356663,0.12630165,0.14243,0.014467356,0.12941808,0.15210362,0.023830017,False,False,False,False,0.007228988,0.921171,False,False,61097.17532598633,,19,False,False,False,False,False,False,False,False,False,False,False,False,False,False,False,False,False,False,False,False,False,i
3,61097.174216006606,lsst,150.1657751293727,2.155965632956844,170019716302635146,170059279391785100,0,170019716302635146,9163.048,287.16852,0,0,0,45775.94,284.82538,True,2026022500111,93,0.0,4.928187e-06,5.513473e-06,3.2241352e-12,3477.8813,0.10142149,3324.6653,0.0860929,False,8681.337,760.5664,False,False,False,31.200365,,1612.4325,1681,9043.825,1.6539936,150.1657750362875,,2.1559660894912884,,0.53368396,,43.964714,,,0,False,,,,,,,,0,False,False,False,36527.188,21.729422,0.13803461,0.11919984,0.008297381,0.16884893,0.13178748,0.015446243,False,False,False,False,0.07525371,0.8314275,False,False,61097.17605796406,,21,False,False,False,False,False,False,False,False,False,False,False,False,False,False,False,False,False,False,False,False,False,i
3,61097.17468155196,lsst,150.1657674751743,2.1559721152336273,170019716302635146,170059279526527068,0,170019716302635146,9049.93,274.36542,0,0,0,42799.605,273.48456,True,2026022500112,94,0.0,4.5167585e-06,5.0043836e-06,1.9965318e-12,1717.1854,0.09134532,1996.6503,0.07976798,False,9289.94,760.7834,False,False,False,31.878645,,1692.231,1681,9172.031,1.0090013,150.16576677589535,,2.1559733286086455,,0.6512937,,26.42495,,,0,False,,,,,,,,0,False,False,False,33632.676,29.372267,0.16376929,0.12654746,0.003999052,0.15862669,0.12900423,0.014698055,False,False,False,False,0.00031308093,0.8866838,False,False,61097.176482672825,,21,False,False,False,False,False,False,False,False,False,False,False,False,False,False,False,False,False,False,False,False,False,i
3,61097.17514775078,lsst,150.16577117939275,2.155973351277162,170019716302635146,170059279660744722,0,170019716302635146,9611.445,280.36325,0,0,0,44673.703,280.10974,True,2026022500113,94,0.0,4.9757436e-06,5.178265e-06,7.108956e-13,904.551,0.09353793,383.9905,0.08911393,False,10728.827,760.6541,False,False,False,33.56329,,1652.2972,1681,10029.412,0.5516509,150.16576876476051,,2.155971722156191,,0.8220018,,69.326385,,,0,False,,,,,,,,0,False,False,False,34855.438,34.030777,0.15649752,0.17156728,0.030357853,0.1624332,0.124610476,0.02228078,False,False,False,False,0.07058152,0.9245521,False,False,61097.17678666333,,21,False,False,False,False,False,False,False,False,False,False,False,False,False,False,False,False,False,False,False,False,False,i
3,61097.175611128274,lsst,150.16576275820498,2.1559669551494394,170019716302635146,170059279794962513,0,170019716302635146,9627.33,283.18427,0,0,0,44601.098,281.01428,True,2026022500114,94,0.0,4.5205884e-06,4.9802516e-06,1.195886e-12,999.0167,0.090142995,2183.739,0.080714494,False,9787.475,757.72046,False,False,False,33.3521,,1681.217,1681,9719.351,3.631903,150.16576208841897,,2.155966826595634,,0.6764458,,57.13681,,,0,False,,,,,,,,0,False,False,False,34861.723,29.112785,0.1334677,0.13023879,0.0207649,0.16137974,0.13816966,0.021986011,False,False,False,False,0.05214083,0.9120583,False,False,61097.17738332867,,21,False,False,False,False,False,False,False,False,False,False,False,False,False,False,False,False,False,False,False,False,False,i
3,61097.17607463674,lsst,150.16577113551526,2.1559624285640635,170019716302635146,170059279929180305,0,170019716302635146,9593.428,278.70004,0,0,0,44025.16,277.02567,True,2026022500115,94,0.0,4.390157e-06,4.8928514e-06,9.776453e-13,980.7965,0.088380195,3726.755,0.0785774,False,8737.992,759.76935,False,False,False,33.76415,,1695.4106,1681,9818.814,2.7898638,150.16576937683234,,2.1559650734966804,,0.7989506,,38.68766,,,0,False,,,,,,,,0,False,False,False,34295.406,28.347893,0.1450984,0.11010439,0.02466644,0.14033458,0.1312436,0.017446816,False,False,False,False,0.012252926,0.8466739,False,False,61097.177827105435,,18,False,False,False,False,False,False,False,False,False,False,False,False,False,False,False,False,False,False,False,False,False,i
3,61097.17747138611,lsst,150.16577172479435,2.155966390902501,170019716302635146,170059280333406272,0,170019716302635146,9926.541,269.99802,0,0,0,42058.68,267.23514,True,2026022500118,97,0.0,4.9210116e-06,3.7752338e-06,-3.9711789e-13,1592.3677,0.06787692,1425.676,0.08856509,False,9686.29,756.438,False,False,False,35.538685,,1732.8456,1681,9515.578,1.2557787,150.16577333969045,,2.1559674007303946,,0.50461745,,-76.131714,,,0,False,,,,,,,,0,False,False,False,32040.58,45.254414,0.106745966,0.12735632,-0.0044124224,0.103925735,0.13930112,0.013033229,False,False,False,False,0.0042651654,0.8517871,False,False,61097.179240333164,,18,False,False,False,False,False,False,False,False,False,False,False,False,False,False,False,False,False,False,False,False,False,i
3,61097.17793853168,lsst,150.1657704213118,2.155959671497079,170019716302635146,170059280465526971,0,170019716302635146,9933.315,277.3918,0,0,0,43564.29,274.71225,True,2026022500119,93,0.0,5.0832914e-06,4.202087e-06,1.04110744e-13,2791.77,0.075590394,3811.8506,0.09145423,False,10717.003,757.65436,False,False,False,35.40276,,1638.3734,1681,9649.462,2.989955,150.16577065026823,,2.1559593579815473,,0.63579553,,56.365482,,,0,False,,,,,,,,0,False,False,False,33549.26,27.539173,0.11934548,0.13431333,0.016661515,0.10968274,0.15053375,0.015388016,False,False,False,False,0.0020613328,0.8706205,False,False,61097.17970423704,,20,False,False,False,False,False,False,False,False,False,False,False,False,False,False,False,False,False,False,False,False,False,i
3,61097.17840432565,lsst,150.16577702343224,2.1559657997834956,170019716302635146,170059280601841739,0,170019716302635146,9479.212,294.53113,0,0,0,48316.9,292.62952,True,2026022500120,97,0.0,5.353123e-06,5.2782884e-06,5.3457035e-14,417.44556,0.09495025,1891.9159,0.096317105,False,8320.393,759.9324,False,False,False,31.649302,,1740.1189,1681,9411.161,0.8553536,150.16577564583022,,2.155964801353409,,0.7047719,,34.887714,,,0,False,,,,,,,,0,False,False,False,38659.85,18.446238,0.13708365,0.12700637,0.022215875,0.1375906,0.15744156,0.009946901,False,False,False,False,0.03971245,0.88632447,False,False,61097.180180901785,,21,False,False,False,False,False,False,False,False,False,False,False,False,False,False,False,False,False,False,False,False,False,i
3,61097.17887073534,lsst,150.1657675540075,2.1559643257091308,170019716302635146,170059280733962418,0,170019716302635146,9642.336,286.54037,0,0,0,45058.22,282.80176,True,2026022500121,93,0.0,5.3744034e-06,4.0824953e-06,1.4631384e-12,1824.6185,0.07306325,3750.7146,0.09697859,False,9173.891,757.6536,False,False,False,32.81249,,1645.8943,1681,9365.833,4.3355885,150.16576892534627,,2.155963653314734,,0.6604398,,69.77603,,,0,False,,,,,,,,0,False,False,False,35458.395,21.221912,0.098566145,0.13420358,0.009076302,0.12074526,0.15418568,0.009867209,False,False,False,False,0.07756054,0.83600235,False,False,61097.18060973201,,18,False,False,False,False,False,False,False,False,False,False,False,False,False,False,False,False,False,False,False,False,False,i
3,61097.17933857412,lsst,150.16576617315806,2.1559650218427135,170019716302635146,170059280868180029,0,170019716302635146,9394.48,269.4837,0,0,0,41147.53,266.93262,True,2026022500122,93,0.0,5.1262155e-06,4.185885e-06,1.5477272e-12,2888.29,0.074728,1435.0571,0.092687465,False,8317.034,758.63245,False,False,False,34.397556,,1729.4534,1681,9287.554,1.5282322,150.16576556635567,,2.1559644471720656,,0.6858964,,52.113174,,,0,False,,,,,,,,0,False,False,False,31630.156,31.85107,0.111015506,0.1349903,0.017982434,0.107140265,0.13817836,0.013831215,False,False,False,False,2.4033832e-05,0.8516878,False,False,61097.181049022925,,19,False,False,False,False,False,False,False,False,False,False,False,False,False,False,False,False,False,False,False,False,False,i
3,61097.18027161611,lsst,150.16577713537444,2.155961462798199,170019716302635146,170059281137139733,0,170019716302635146,8852.295,279.442,0,0,0,44737.746,278.1705,True,2026022500124,94,0.0,5.6372623e-06,4.841297e-06,2.5344698e-12,1993.7605,0.085762806,533.9018,0.10254255,False,8691.682,755.843,False,False,False,31.424881,,1695.1571,1681,8664.193,3.54562,150.16577592624083,,2.1559622825207123,,0.5952111,,48.472076,,,0,False,,,,,,,,0,False,False,False,35809.234,25.900078,0.12267074,0.14222021,0.01241043,0.12347893,0.14785405,0.0080813775,False,False,False,False,0.0019078633,0.85666925,False,False,61097.18191902109,,20,False,False,False,False,False,False,False,False,False,False,False,False,False,False,False,False,False,False,False,False,False,i
3,61097.18073940062,lsst,150.1657650540029,2.155979354491196,170019716302635146,170059281271357478,0,170019716302635146,9294.869,279.12326,0,0,0,43691.934,276.95807,True,2026022500125,94,0.0,5.13504e-06,4.3597893e-06,2.8010639e-12,711.8034,0.07645477,825.4729,0.094022706,False,9010.256,752.28827,False,False,False,32.838833,,1618.3158,1681,9004.102,1.9770439,150.1657649438159,,2.1559784737821786,,0.5909879,,55.49203,,,0,False,,,,,,,,0,False,False,False,34278.23,27.078768,0.11231157,0.13887349,0.008215861,0.12694775,0.1449131,0.011661955,False,False,False,False,0.019442,0.8615671,False,False,61097.182477091104,,20,False,False,False,False,False,False,False,False,False,False,False,False,False,False,False,False,False,False,False,False,False,i
3,61097.18120792003,lsst,150.16577636313454,2.1559577796055054,170019716302635146,170059281405050941,0,170019716302635146,9602.262,300.44098,0,0,0,50175.21,297.77002,True,2026022500126,93,0.0,5.8599207e-06,5.136837e-06,1.1411128e-12,3207.9973,0.09212834,1684.7406,0.10566871,False,8734.062,751.1651,False,False,False,31.49471,,1606.3868,1681,9068.884,0.587916,150.16577497891456,,2.1559571142636713,,0.44737998,,-97.6352,,,0,False,,,,,,,,0,False,False,False,40439.387,17.831789,0.14095068,0.15819986,-0.0001113845,0.1444286,0.16851711,0.019973515,False,False,False,False,0.0075642793,0.8575978,False,False,61097.18301007208,,21,False,False,False,False,False,False,False,False,False,False,False,False,False,False,False,False,False,False,False,False,False,i
3,61097.181673249295,lsst,150.16576930167346,2.155971310123044,170019716302635146,170059281539792974,0,170019716302635146,9723.746,296.48026,0,0,0,48754.99,295.27386,True,2026022500127,94,0.0,5.362212e-06,4.917873e-06,9.153943e-13,1780.1012,0.08814236,1832.7172,0.09676159,False,10210.687,751.24695,False,False,False,32.093273,,1652.3984,1681,9434.045,2.5565934,150.16576960083788,,2.1559720498783035,,0.66826385,,42.327034,,,0,False,,,,,,,,0,False,False,False,38941.434,18.885262,0.12631042,0.13782004,0.019446343,0.14188457,0.16470772,0.016311698,False,False,False,False,0.07079185,0.8157614,False,False,61097.1834561126,,22,False,False,False,False,False,False,False,False,False,False,False,False,False,False,False,False,False,False,False,False,False,i
3,61097.18213917282,lsst,150.16577052971166,2.1559628278273797,170019716302635146,170059281674010628,0,170019716302635146,9177.758,297.33002,0,0,0,49527.082,297.00507,True,2026022500128,94,0.0,6.41447e-06,5.521253e-06,2.8159113e-12,1922.8608,0.09817913,33.633842,0.11637282,False,8761.794,751.28754,False,False,False,30.195957,,1681.8433,1681,9252.694,3.1734903,150.165769022859,,2.155961381213506,,0.79558223,,59.08559,,,0,False,,,,,,,,0,False,False,False,40206.723,18.882881,0.1327477,0.1812236,0.01634452,0.15115577,0.17068845,0.022503417,False,False,False,False,0.002401703,0.845453,False,False,61097.183916658345,,21,False,False,False,False,False,False,False,False,False,False,False,False,False,False,False,False,False,False,False,False,False,i
3,61097.182606956856,lsst,150.16577136295084,2.1559720341162976,170019716302635146,170059281808228421,0,170019716302635146,9970.985,289.42282,0,0,0,47278.42,286.41623,True,2026022500129,94,0.0,5.5650166e-06,5.1368065e-06,1.5363503e-12,1068.9526,0.09158463,1628.4894,0.10086967,False,11430.915,750.56866,False,False,False,34.30813,,1635.1932,1681,9570.943,0.12674446,150.16577091701197,,2.1559716785514276,,0.5214697,,-101.87157,,,0,False,,,,,,,,0,False,False,False,37229.086,22.14147,0.14808154,0.1713718,-0.002070145,0.12920015,0.16040868,0.0075742165,False,False,False,False,0.03767234,0.9378494,False,False,61097.184434616895,,22,False,False,False,False,False,False,False,False,False,False,False,False,False,False,False,False,False,False,False,False,False,i
3,61097.183071945736,lsst,150.16577556687142,2.155979297568096,170019716302635146,170059281942446184,0,170019716302635146,9616.937,309.03952,0,0,0,52625.418,307.17737,True,2026022500130,94,0.0,6.3901166e-06,5.4637935e-06,4.57835e-12,251.5927,0.09552114,2944.1992,0.11726688,False,10270.105,746.6204,False,False,False,30.76078,,1590.8002,1681,9519.716,2.2892425,150.16577454533268,,2.1559775610162615,,0.8149697,,55.19467,,,0,False,,,,,,,,0,False,False,False,42880.285,15.460968,0.13173592,0.18519984,0.015306431,0.16336505,0.18270105,0.015285373,False,False,False,False,0.030151194,0.92322856,False,False,61097.18494042099,,22,False,False,False,False,False,False,False,False,False,False,False,False,False,False,False,False,False,False,False,False,False,i
3,61097.183538375786,lsst,150.1657739255722,2.1559670875684733,170019716302635146,170059282076663979,0,170019716302635146,9975.722,275.54688,0,0,0,44101.65,273.97543,True,2026022500131,94,0.0,4.6083433e-06,4.580515e-06,1.341703e-13,672.77625,0.082287565,3752.6633,0.08301724,False,10376.545,749.4762,False,False,False,35.61008,,1650.8206,1681,9598.952,0.31710264,150.16577400742088,,2.155967298078137,,0.40583038,,23.388836,,,0,False,,,,,,,,0,False,False,False,34013.438,24.409246,0.13091412,0.13155456,0.007075405,0.12739657,0.13193795,0.014876558,False,False,False,False,0.00047282295,0.8992733,False,False,61097.185268691625,,19,False,False,False,False,False,False,False,False,False,False,False,False,False,False,False,False,False,False,False,False,False,i
3,61097.18400517611,lsst,150.16576689165956,2.1559630670880434,170019716302635146,170059282210357346,0,170019716302635146,9780.738,275.40295,0,0,0,43621.02,273.2262,True,2026022500132,93,0.0,4.7711715e-06,4.411641e-06,2.1143853e-12,1831.1282,0.0772315,1924.3793,0.08776018,False,9513.023,748.3218,False,False,False,35.201267,,1674.9597,1681,9175.525,0.6656787,150.16576730517775,,2.155962814509366,,0.42780384,,62.593033,,,0,False,,,,,,,,0,False,False,False,33727.61,26.748726,0.11857222,0.13437073,0.00038900157,0.11545639,0.13946876,0.0031911458,False,False,False,False,0.00019243042,0.8867907,False,False,61097.18568311793,,19,False,False,False,False,False,False,False,False,False,False,False,False,False,False,False,False,False,False,False,False,False,i
3,61097.184471435634,lsst,150.16576886997336,2.155964080129561,170019716302635146,170059282346147868,0,170019716302635146,9327.865,266.60327,0,0,0,41353.285,264.2048,True,2026022500133,96,0.0,5.310389e-06,4.715072e-06,4.762073e-12,3994.4954,0.07963448,684.18567,0.099902995,False,10299.407,747.86176,False,False,False,33.938274,,1757.4406,1681,9122.109,0.54368144,150.1657686294429,,2.15596230708451,,0.6867935,,-101.144646,,,0,False,,,,,,,,0,False,False,False,31925.383,28.786684,0.112186745,0.14724647,-0.012555378,0.10693305,0.13202389,-0.0031642693,False,False,False,False,0.021670254,0.91182244,False,False,61097.18616623162,,20,False,False,False,False,False,False,False,False,False,False,False,False,False,False,False,False,False,False,False,False,False,i
3,61097.184939978135,lsst,150.16576483653947,2.155967603965381,170019716302635146,170059282478792779,0,170019716302635146,9690.121,271.48355,0,0,0,41882.168,268.63406,True,2026022500134,93,0.0,4.339609e-06,4.1752232e-06,1.437761e-12,2358.3723,0.07314774,1763.8455,0.07991292,False,9604.965,749.7585,False,False,False,34.592083,,1538.106,1681,9090.505,0.62177765,150.16576517448337,,2.1559689159114526,,0.56811684,,29.631138,,,0,False,,,,,,,,0,False,False,False,32114.645,27.347202,0.09757693,0.11351795,0.012154601,0.11597841,0.122898996,0.004491544,False,False,False,False,0.039542235,0.780551,False,False,61097.186792403794,,18,False,False,False,False,False,False,False,False,False,False,False,False,False,False,False,False,False,False,False,False,False,i
3,61097.18540514552,lsst,150.16577290448802,2.1559722221432516,170019716302635146,170059282614583315,0,170019716302635146,9313.761,277.26175,0,0,0,44192.5,275.84198,True,2026022500135,96,0.0,4.712441e-06,4.8958645e-06,-2.4007916e-12,2737.785,0.09110219,464.51077,0.081515476,False,8687.585,747.35266,False,False,False,32.6558,,1657.0673,1681,8639.213,1.2357705,150.16577412762027,,2.1559719614077495,,0.44263384,,-44.3651,,,0,False,,,,,,,,0,False,False,False,34743.453,24.52151,0.1224153,0.10628056,-0.002753013,0.12493724,0.12523626,-7.2904906e-05,False,False,False,False,0.022759605,0.8570351,False,False,61097.187251357165,,19,False,False,False,False,False,False,False,False,False,False,False,False,False,False,False,False,False,False,False,False,False,i
3,61097.185871787304,lsst,150.16577582416278,2.1559678441535923,170019716302635146,170059282747228220,0,170019716302635146,9893.807,286.0412,0,0,0,47140.08,283.53622,True,2026022500136,93,0.0,5.2290357e-06,5.2807823e-06,-1.0794507e-12,1556.9735,0.09642672,1201.7151,0.09261626,False,11075.671,745.41614,False,False,False,34.261528,,1754.4583,1681,9404.772,0.32078716,150.16577575490368,,2.1559675533189333,,0.58178395,,-7.322051,,,0,False,,,,,,,,0,False,False,False,37130.29,20.496017,0.1526423,0.13829237,0.013125546,0.13670085,0.13602796,0.005356585,False,False,False,False,0.015061264,0.9111318,False,False,61097.18841953803,,19,False,False,False,False,False,False,False,False,False,False,False,False,False,False,False,False,False,False,False,False,False,i
3,61097.18680598475,lsst,150.16576450615142,2.1559708911996514,170019716302635146,170059283016187909,0,170019716302635146,9716.815,314.88647,0,0,0,53956.062,313.29715,True,2026022500138,94,0.0,6.0984794e-06,6.0751395e-06,3.8462063e-12,3219.398,0.10365716,166.9503,0.11504776,False,10458.478,749.14734,False,False,False,30.151426,,1685.0386,1681,9221.838,4.4793153,150.16576737394445,,2.155968932907969,,0.6965967,,-103.657585,,,0,False,,,,,,,,0,False,False,False,44113.21,16.148932,0.14438932,0.16594446,-0.01905481,0.16308607,0.18125549,0.0032602653,False,False,False,False,0.04106869,0.87781817,False,False,61097.18864222444,,22,False,False,False,False,False,False,False,False,False,False,False,False,False,False,False,False,False,False,False,False,False,i
3,61097.18727415457,lsst,150.16576842865214,2.155966010591987,170019716302635146,170059283150405661,0,170019716302635146,9654.908,289.36392,0,0,0,47077.086,287.00623,True,2026022500139,94,0.0,5.3573176e-06,5.4125794e-06,4.4242305e-12,2757.6853,0.08916006,729.1668,0.10401854,False,9566.567,748.3574,False,False,False,33.26846,,1721.4387,1681,9144.923,0.3185537,150.16576900037376,,2.1559664074421994,,0.57828957,,25.545805,,,0,False,,,,,,,,0,False,False,False,37350.914,22.804476,0.1387082,0.16282761,0.008472503,0.13113008,0.1490439,-0.00013441802,False,False,False,False,0.020130292,0.9092456,False,False,61097.18899734945,,19,False,False,False,False,False,False,False,False,False,False,False,False,False,False,False,False,False,False,False,False,False,i
3,61097.18774097097,lsst,150.1657690704579,2.1559727802342845,170019716302635146,170059283284623378,0,170019716302635146,9332.474,277.40237,0,0,0,43839.97,276.2817,True,2026022500140,94,0.0,4.592561e-06,4.745447e-06,4.117296e-12,1513.0269,0.07552533,309.73734,0.09170005,False,8939.44,746.0765,False,False,False,33.114822,,1602.4213,1681,8724.264,2.169534,150.16576872937674,,2.1559725646898773,,0.55792314,,37.84376,,,0,False,,,,,,,,0,False,False,False,34367.207,31.366117,0.09502501,0.12283057,0.0010937403,0.11472969,0.14122191,0.00450905,False,False,False,False,0.06834499,0.8311601,False,False,61097.18951213172,,18,False,False,False,False,False,False,False,False,False,False,False,False,False,False,False,False,False,False,False,False,False,i
3,61097.18844818038,lsst,150.1657631193175,2.1559684330341375,170019716302635146,170059283418316938,0,170019716302635146,10225.565,321.18103,0,0,0,55826.246,320.39523,True,2026022500141,93,0.0,6.0201132e-06,6.4899364e-06,6.2471157e-12,3729.814,0.12212144,3751.291,0.10220473,False,9869.726,745.7094,False,False,False,31.668627,,1764.8623,1681,10001.802,1.8592227,150.16576130658666,,2.1559675062456085,,0.73191035,,50.23778,,,0,False,,,,,,,,0,False,False,False,45457.113,15.071921,0.20370778,0.16465175,0.014005797,0.21379244,0.16858777,0.017365959,False,False,False,False,0.00639817,0.94883513,False,False,61097.1905652228,,23,False,False,False,False,False,False,False,False,False,False,False,False,False,False,False,False,False,False,False,False,False,i
3,61097.188914648075,lsst,150.16576520660433,2.1559738674921047,170019716302635146,170059283553058895,0,170019716302635146,9541.897,311.18985,0,0,0,53188.027,309.2903,True,2026022500142,94,0.0,5.8631804e-06,6.001747e-06,1.3669318e-12,1727.4933,0.10911698,2047.1198,0.104282685,False,8536.081,743.00604,False,False,False,30.309036,,1752.0684,1681,9547.561,1.4447287,150.16576456972425,,2.155973008856747,,0.831436,,79.23383,,,0,False,,,,,,,,0,False,False,False,43549.035,15.424052,0.15045893,0.16106628,0.03183026,0.19258842,0.16735646,0.020384442,False,False,False,False,0.07810076,0.8978098,False,False,61097.19073384238,,22,False,False,False,False,False,False,False,False,False,False,False,False,False,False,False,False,False,False,False,False,False,i
3,61097.189380807715,lsst,150.1657797929281,2.1559677310073035,170019716302635146,170059283687276560,0,170019716302635146,9337.527,305.5287,0,0,0,53187.996,304.66736,True,2026022500143,94,0.0,5.970883e-06,6.2016625e-06,1.857524e-12,667.4964,0.11289478,581.82776,0.10601099,False,9423.24,742.45807,False,False,False,29.759256,,1793.9545,1681,9376.216,0.13785836,150.16577680336965,,2.155965689498736,,0.8495879,,76.158966,,,0,False,,,,,,,,0,False,False,False,43680.83,16.629282,0.16450971,0.17536654,0.03308335,0.19357316,0.15530407,0.019253964,False,False,False,False,0.002895137,0.8904088,False,False,61097.19128898284,,23,False,False,False,False,False,False,False,False,False,False,False,False,False,False,False,False,False,False,False,False,False,i
3,61097.18984446314,lsst,150.1657776445102,2.1559743823582678,170019716302635146,170059283821494364,0,170019716302635146,10165.451,306.1137,0,0,0,52998.79,302.80966,True,2026022500144,94,0.0,5.435904e-06,5.5291102e-06,5.458254e-13,1051.4443,0.099849835,2347.0999,0.09739602,False,8676.756,738.50275,False,False,False,32.797657,,1695.7078,1681,10212.872,1.7145599,150.165776142196,,2.1559741419474037,,0.8025258,,74.09807,,,0,False,,,,,,,,0,False,False,False,42756.016,17.36491,0.16189653,0.17338543,0.029036649,0.18943466,0.15801425,0.024226403,False,False,False,False,0.0053053824,0.8991947,False,False,61097.19183939077,,22,False,False,False,False,False,False,False,False,False,False,False,False,False,False,False,False,False,False,False,False,False,i
3,61097.19031123702,lsst,150.16577813851922,2.1559725345625607,170019716302635146,170059283955712170,0,170019716302635146,9466.101,295.3904,0,0,0,49721.03,290.5235,True,2026022500145,94,0.0,5.6764975e-06,6.057012e-06,1.9380667e-12,1284.2834,0.11003074,3876.328,0.100970306,False,10292.73,736.38275,False,False,False,31.868422,,1709.4954,1681,8839.902,0.40594348,150.1657778813525,,2.155973563130242,,0.17153133,,4.893952,,,0,False,,,,,,,,0,False,False,False,40226.426,18.501205,0.17102687,0.16892092,-0.00063819444,0.1719192,0.14919685,0.009956567,False,False,False,False,0.013694719,0.91089296,False,False,61097.19217240224,,23,False,False,False,False,False,False,False,False,False,False,False,False,False,False,False,False,False,False,False,False,False,i
3,61097.19124314976,lsst,150.16577681546042,2.155970314614899,170019716302635146,170059284225196054,0,170019716302635146,10428.691,312.30426,0,0,0,54751.82,309.91296,True,2026022500147,96,0.0,5.494726e-06,6.3511943e-06,2.8007464e-12,2838.7017,0.11527313,587.04407,0.09766845,False,11008.328,736.58057,False,False,False,33.151623,,1698.3239,1681,9993.273,2.3589323,150.165776184452,,2.155972064537339,,0.6800984,,32.80604,,,0,False,,,,,,,,0,False,False,False,44253.035,16.571692,0.1929743,0.15995207,0.012312472,0.18953584,0.15363188,0.016709354,False,False,False,False,0.0034591446,0.89341694,False,False,61097.19295798199,,23,False,False,False,False,False,False,False,False,False,False,False,False,False,False,False,False,False,False,False,False,False,i
3,61097.191708039296,lsst,150.16577434721134,2.1559604931936596,170019716302635146,170059284359938112,0,170019716302635146,9297.926,299.49158,0,0,0,51007.22,297.15366,True,2026022500148,97,0.0,4.8946067e-06,6.8428317e-06,4.809551e-12,2195.4568,0.12436608,1462.2542,0.086256064,False,9549.692,735.6583,False,False,False,30.433163,,1740.2578,1681,9638.338,3.232753,150.1657731535538,,2.15596127602218,,1.038083,,22.306738,,,0,False,,,,,,,,0,False,False,False,41594.22,18.231945,0.20974894,0.11047979,0.019846413,0.1834327,0.14835227,0.023638101,False,False,False,False,0.0050131786,0.8896875,False,False,61097.193533961006,,22,False,False,False,False,False,False,False,False,False,False,False,False,False,False,False,False,False,False,False,False,False,i
3,61097.1921761119,lsst,150.1657722245284,2.1559675930151267,170019716302635146,170059284493631493,0,170019716302635146,9430.186,309.56168,0,0,0,54352.88,307.1115,True,2026022500149,96,0.0,6.0211974e-06,6.570264e-06,1.0495726e-12,3142.599,0.11841001,124.130806,0.10809428,False,9803.975,729.9595,False,False,False,30.096727,,1699.0205,1681,9227.963,2.2196925,150.1657711961156,,2.155968263354265,,0.7761752,,30.699959,,,0,False,,,,,,,,0,False,False,False,44816.535,15.646378,0.19541475,0.15634832,0.019199995,0.18590306,0.17158267,0.020005358,False,False,False,False,0.0011432249,0.89272946,False,False,61097.1940430182,,22,False,False,False,False,False,False,False,False,False,False,False,False,False,False,False,False,False,False,False,False,False,i
3,61097.19264427503,lsst,150.16576969815202,2.1559598207626256,170019716302635146,170059284628373585,0,170019716302635146,9592.509,290.92596,0,0,0,48958.316,288.70496,True,2026022500150,97,0.0,5.264833e-06,5.887191e-06,6.628417e-13,1102.2932,0.10600066,2107.3496,0.094613604,False,8926.776,731.89044,False,False,False,32.773872,,1753.7212,1681,9238.219,0.16529505,150.1657695625738,,2.155961288149994,,0.5230615,,6.6255007,,,0,False,,,,,,,,0,False,False,False,39282.402,21.358244,0.17642501,0.15267044,0.00050421694,0.17019062,0.1410029,0.013808485,False,False,False,False,0.0127765685,0.91700184,False,False,61097.194389352735,,22,False,False,False,False,False,False,False,False,False,False,False,False,False,False,False,False,False,False,False,False,False,i
3,61097.19311101782,lsst,150.16576744680464,2.155972518746845,170019716302635146,170059284762066949,0,170019716302635146,10556.211,298.5628,0,0,0,51291.01,297.53098,True,2026022500151,96,0.0,4.970094e-06,6.2599356e-06,6.213374e-13,2171.8796,0.112654924,215.83388,0.08937297,False,10677.367,732.38104,False,False,False,34.97033,,1752.0986,1681,10370.904,0.13001728,150.16576841592504,,2.1559733320332395,,0.81716305,,3.8335733,,,0,False,,,,,,,,0,False,False,False,40533.81,17.94965,0.20750552,0.14630651,0.0014816822,0.1748995,0.14522402,0.006577104,False,False,False,False,0.04330537,0.9344889,False,False,61097.195064581814,,23,False,False,False,False,False,False,False,False,False,False,False,False,False,False,False,False,False,False,False,False,False,i
3,61097.19357875838,lsst,150.16577873761298,2.1559711591785473,170019716302635146,170059284894711885,0,170019716302635146,9592.35,298.57404,0,0,0,50876.906,295.73856,True,2026022500152,93,0.0,5.796278e-06,5.9106123e-06,-1.462463e-14,2850.103,0.10632562,1987.7551,0.10427358,False,8883.106,734.2269,False,False,False,31.663227,,1721.2155,1681,9336.919,1.049579,150.16577953916712,,2.1559710197137014,,0.7726269,,48.33925,,,0,False,,,,,,,,0,False,False,False,41169.805,18.249079,0.15881196,0.16630419,0.02705611,0.15767904,0.15093625,0.016607055,False,False,False,False,0.010954731,0.87020093,False,False,61097.19549777405,,22,False,False,False,False,False,False,False,False,False,False,False,False,False,False,False,False,False,False,False,False,False,i
3,61097.19450953223,lsst,150.16576951376987,2.155967173885761,170019716302635146,170059285163671575,0,170019716302635146,10277.097,275.99426,0,0,0,45574.19,273.3974,True,2026022500154,94,0.0,4.82506e-06,4.4826024e-06,3.6895026e-13,1769.0529,0.080548376,567.2606,0.08688216,False,10765.414,730.35,False,False,False,37.171936,,1646.096,1681,9754.62,0.2271985,150.1657696836347,,2.155966747688766,,0.5391471,,-86.49564,,,0,False,,,,,,,,0,False,False,False,35219.19,25.822496,0.12673767,0.15073314,-0.004374936,0.13362473,0.13210398,0.0061778678,False,False,False,False,0.0064569935,0.9107032,False,False,61097.19620576868,,19,False,False,False,False,False,False,False,False,False,False,False,False,False,False,False,False,False,False,False,False,False,i
3,61097.19497585112,lsst,150.1657666682207,2.155974888388727,170019716302635146,170059285297889327,0,170019716302635146,10074.911,280.6344,0,0,0,46573.65,278.27313,True,2026022500155,94,0.0,4.7459484e-06,4.4643243e-06,4.4716772e-13,552.0866,0.08015959,1060.9236,0.085524246,False,9572.698,724.9943,False,False,False,35.743988,,1731.2737,1681,9436.595,2.325976,150.1657675110644,,2.1559746331288387,,0.30144075,,12.86139,,,0,False,,,,,,,,0,False,False,False,36407.52,21.011845,0.1287675,0.12329152,0.0027140842,0.1337677,0.14861086,0.0021664838,False,False,False,False,0.039833114,0.80761415,False,False,61097.196786434084,,22,False,False,False,False,False,False,False,False,False,False,False,False,False,False,False,False,False,False,False,False,False,i
3,61097.195534619364,lsst,150.16577555694434,2.15598175690993,170019716302635146,170059285431582857,0,170019716302635146,8873.638,295.00183,0,0,0,49913.273,292.84427,True,2026022500156,93,0.0,5.8540963e-06,6.4114934e-06,5.164983e-12,3613.284,0.11916606,3552.498,0.100959636,False,8633.999,736.0063,False,False,False,29.84929,,1521.542,1681,9219.99,3.0912912,150.16577601490602,,2.155982242491194,,0.9155726,,58.43774,,,0,False,,,,,,,,0,False,False,False,40913.44,18.774921,0.18369186,0.14429389,0.03461722,0.17178503,0.15566753,0.006122117,False,False,False,False,1.08398945e-05,0.88924336,False,False,61097.19742509283,,22,False,False,False,False,False,False,False,False,False,False,False,False,False,False,False,False,False,False,False,False,False,i
3,61097.195999756754,lsst,150.16577201744403,2.1559678108982268,170019716302635146,170059285566324827,0,170019716302635146,9743.618,282.4407,0,0,0,47021.39,280.88428,True,2026022500157,94,0.0,4.677724e-06,5.4410816e-06,4.7170588e-12,1729.6473,0.101507954,2015.5387,0.07973814,False,8796.359,730.57056,False,False,False,32.997196,,1684.1693,1681,9824.849,1.3146725,150.16577251476514,,2.1559693166022837,,0.79625916,,27.55291,,,0,False,,,,,,,,0,False,False,False,37158.395,24.608757,0.1772544,0.118468285,0.0022660077,0.16936092,0.12975992,-0.0060420767,False,False,False,False,0.00048187716,0.84000576,False,False,61097.19788202257,,22,False,False,False,False,False,False,False,False,False,False,False,False,False,False,False,False,False,False,False,False,False,i
3,61097.1964674278,lsst,150.16576982056245,2.15596294498689,170019716302635146,170059285700542480,0,170019716302635146,9755.241,311.0447,0,0,0,55076.51,311.4984,True,2026022500158,94,0.0,5.910254e-06,6.189205e-06,1.6674918e-12,781.87244,0.112328306,479.296,0.10527328,False,9405.601,734.69275,False,False,False,31.29581,,1620.5997,1681,9202.776,0.783872,150.16577120551653,,2.155963719864944,,0.47292292,,52.061745,,,0,False,,,,,,,,0,False,False,False,45139.09,15.594293,0.1784792,0.16868916,0.008288714,0.19057292,0.16532677,0.009431078,False,False,False,False,0.0026707624,0.8862453,False,False,61097.19847428131,,24,False,False,False,False,False,False,False,False,False,False,False,False,False,False,False,False,False,False,False,False,False,i
3,61097.196933743864,lsst,150.1657715215374,2.1559690932186952,170019716302635146,170059285834760307,0,170019716302635146,9587.933,276.1192,0,0,0,45302.688,273.74973,True,2026022500159,94,0.0,4.6741543e-06,4.610971e-06,-2.3603645e-13,1032.51,0.08278689,2267.9485,0.08424841,False,9207.271,731.0357,False,False,False,33.90837,,1703.6284,1681,8982.695,1.2405394,150.1657708834891,,2.155968214176636,,0.25191772,,26.240604,,,0,False,,,,,,,,0,False,False,False,35639.75,28.627474,0.12648141,0.1212789,0.0006384096,0.14662085,0.1330819,0.0037311278,False,False,False,False,0.044525176,0.8306619,False,False,61097.198691026,,19,False,False,False,False,False,False,False,False,False,False,False,False,False,False,False,False,False,False,False,False,False,i
3,61097.19739761518,lsst,150.1657650950937,2.1559661885500607,170019716302635146,170059285968978076,0,170019716302635146,9320.377,280.34036,0,0,0,45953.37,278.3339,True,2026022500160,94,0.0,5.270403e-06,4.9771784e-06,-9.668998e-13,1147.9292,0.089022785,3809.9714,0.09530149,False,9278.334,723.49945,False,False,False,33.135803,,1585.7617,1681,9244.358,2.3665988,150.16576448611042,,2.1559653910126713,,0.710434,,80.13377,,,0,False,,,,,,,,0,False,False,False,36511.734,27.250872,0.12567754,0.15379539,0.01827577,0.14860001,0.13504533,0.0029561657,False,False,False,False,0.000766068,0.8120909,False,False,61097.19918039953,,21,False,False,False,False,False,False,False,False,False,False,False,False,False,False,False,False,False,False,False,False,False,i
3,61097.198326957296,lsst,150.1657743470548,2.155968708841727,170019716302635146,170059286238461965,0,170019716302635146,9354.426,278.85342,0,0,0,46188.16,277.07013,True,2026022500162,96,0.0,5.24941e-06,5.5559785e-06,6.1980304e-13,2639.8428,0.10013154,325.18442,0.094249375,False,10352.26,731.63104,False,False,False,33.420994,,1695.2175,1681,8659.077,0.8605124,150.16577364921318,,2.155968323821083,,0.32843292,,28.858086,,,0,False,,,,,,,,0,False,False,False,36743.527,23.865005,0.15921582,0.15192336,0.002760602,0.1382235,0.13250956,0.0030251762,False,False,False,False,0.07253476,0.8935283,False,False,61097.20003826343,,21,False,False,False,False,False,False,False,False,False,False,False,False,False,False,False,False,False,False,False,False,False,i
3,61097.1987902259,lsst,150.1657657429048,2.1559695728020376,170019716302635146,170059286373204029,0,170019716302635146,9632.611,289.97006,0,0,0,48474.26,287.5584,True,2026022500163,97,0.0,5.180973e-06,5.549354e-06,5.0931584e-13,1923.9004,0.09993275,1457.3035,0.09309759,False,10780.366,731.6669,False,False,False,33.107723,,1580.7848,1681,8884.292,0.11100158,150.16576590544156,,2.15597047399287,,0.40944716,,-18.540543,,,0,False,,,,,,,,0,False,False,False,38723.79,18.528992,0.14869863,0.13976264,-0.005636478,0.14964584,0.14347912,0.0025796317,False,False,False,False,0.00092604756,0.9323196,False,False,61097.20060662938,,22,False,False,False,False,False,False,False,False,False,False,False,False,False,False,False,False,False,False,False,False,False,i
3,61097.19972096908,lsst,150.16577033284466,2.155966485681519,170019716302635146,170059286641639503,0,170019716302635146,10464.456,293.45776,0,0,0,50240.895,290.0021,True,2026022500165,97,0.0,4.6945734e-06,4.8833153e-06,3.88487e-14,788.2419,0.08784568,2023.336,0.0844605,False,9864.81,729.04114,False,False,False,35.47611,,1672.6093,1681,9596.488,0.9169917,150.1657700643323,,2.1559661613790486,,0.31693512,,-13.900128,,,0,False,,,,,,,,0,False,False,False,39643.094,20.385544,0.14220701,0.13484812,-0.0021512662,0.1478171,0.14515343,0.004029047,False,False,False,False,0.010737399,0.8601387,False,False,61097.20158674635,,21,False,False,False,False,False,False,False,False,False,False,False,False,False,False,False,False,False,False,False,False,False,i
3,61097.20065447445,lsst,150.16577378308128,2.1559680900316747,170019716302635146,170059286907977799,0,170019716302635146,9727.939,286.39136,0,0,0,47956.38,283.16104,True,2026022500167,93,0.0,5.3930908e-06,5.269615e-06,1.10690184e-13,2861.1086,0.094780006,1736.1752,0.09704352,False,10566.378,730.2435,False,False,False,33.91968,,1739.5831,1681,9176.549,0.018060658,150.16577359865374,,2.1559682893998655,,0.5120159,,-58.735966,,,0,False,,,,,,,,0,False,False,False,38106.344,20.993605,0.15006027,0.15709545,-0.010847997,0.1382563,0.14516023,0.0041088816,False,False,False,False,0.024522308,0.90089405,False,False,61097.20248746875,,22,False,False,False,False,False,False,False,False,False,False,False,False,False,False,False,False,False,False,False,False,False,i
3,61097.20158604109,lsst,150.16576859718515,2.15596921954764,170019716302635146,170059287176937496,0,170019716302635146,9856.437,277.46246,0,0,0,45913.863,273.97748,True,2026022500169,94,0.0,5.124561e-06,5.1467237e-06,-4.3804546e-14,1874.879,0.09259599,543.3263,0.09218069,False,10047.444,724.31335,False,False,False,35.628376,,1608.9784,1681,9521.074,0.30410835,150.16577000222327,,2.1559690445466506,,0.5572776,,-67.30348,,,0,False,,,,,,,,0,False,False,False,35964.57,21.976807,0.15190697,0.16265659,-0.012494857,0.14080143,0.13636002,0.006569041,False,False,False,False,0.061074063,0.86904985,False,False,61097.20333270787,,19,False,False,False,False,False,False,False,False,False,False,False,False,False,False,False,False,False,False,False,False,False,i
3,61097.202050535656,lsst,150.16576700491626,2.155973010127579,170019716302635146,170059287311155237,0,170019716302635146,9266.019,268.7367,0,0,0,43669.758,265.8949,True,2026022500170,94,0.0,4.599707e-06,4.5244947e-06,1.7748024e-13,625.8065,0.08130452,943.3671,0.0828324,False,8499.061,721.13214,False,False,False,34.48905,,1623.4911,1681,8763.079,1.0944873,150.16576734411058,,2.1559729507846486,,0.36511448,,-73.163,,,0,False,,,,,,,,0,False,False,False,34321.72,26.278965,0.11027967,0.11582662,-0.005004651,0.13083977,0.13226344,0.0050945324,False,False,False,False,0.06288862,0.7442374,False,False,61097.20381437317,,18,False,False,False,False,False,False,False,False,False,False,False,False,False,False,False,False,False,False,False,False,False,i
3,61097.202596270836,lsst,150.16577307175115,2.155957940548716,170019716302635146,170059287444848775,0,170019716302635146,9878.78,299.08383,0,0,0,52780.22,295.81052,True,2026022500171,93,0.0,5.734292e-06,6.299444e-06,2.8131648e-12,3410.289,0.11476286,3132.5596,0.1015592,False,9868.853,721.6178,False,False,False,32.156937,,1632.705,1681,9535.852,0.29154044,150.16577319246605,,2.1559581531251446,,0.5378873,,12.352886,,,0,False,,,,,,,,0,False,False,False,42798.016,15.827596,0.18761256,0.16332594,-0.0032356952,0.17310293,0.16103424,0.0024592765,False,False,False,False,0.010492973,0.8633185,False,False,61097.20441764736,,22,False,False,False,False,False,False,False,False,False,False,False,False,False,False,False,False,False,False,False,False,False,i
3,61097.203065110414,lsst,150.16576474111562,2.155964694742618,170019716302635146,170059287579590737,0,170019716302635146,9676.999,300.38757,0,0,0,52802.113,298.6854,True,2026022500172,94,0.0,6.090014e-06,6.4256237e-06,1.4032991e-12,1727.1735,0.11618611,1953.9786,0.108925186,False,9459.801,717.55536,False,False,False,32.091553,,1827.7555,1681,9397.274,0.16171771,150.16576557985036,,2.1559640738847,,0.5797603,,51.430542,,,0,False,,,,,,,,0,False,False,False,42976.918,15.8853,0.19200754,0.18153031,0.013687737,0.18394352,0.16678613,0.0012636563,False,False,False,False,0.018347953,0.89283764,False,False,61097.20500074822,,22,False,False,False,False,False,False,False,False,False,False,False,False,False,False,False,False,False,False,False,False,False,i
3,61097.203531521904,lsst,150.16577254454813,2.155968903120633,170019716302635146,170059287713808392,0,170019716302635146,9381.298,305.4682,0,0,0,53835.918,302.69012,True,2026022500173,94,0.0,5.5166365e-06,7.08487e-06,5.207748e-12,1014.5637,0.12907302,298.06583,0.09711643,False,9345.269,720.60547,False,False,False,30.308605,,1684.1653,1681,9364.011,0.32729483,150.1657720559224,,2.155970275495882,,0.8730214,,11.110958,,,0,False,,,,,,,,0,False,False,False,44378.523,15.813759,0.2116731,0.14106987,-0.0034441513,0.20591743,0.15481555,-0.011125758,False,False,False,False,0.0022070254,0.88459945,False,False,61097.20556781007,,22,False,False,False,False,False,False,False,False,False,False,False,False,False,False,False,False,False,False,False,False,False,i
3,61097.20399567136,lsst,150.1657715574835,2.1559713597367702,170019716302635146,170059287848026186,0,170019716302635146,9476.573,293.09106,0,0,0,50830.746,290.10562,True,2026022500174,94,0.0,5.3810963e-06,6.146902e-06,1.7622325e-12,1005.62646,0.11107197,2105.6575,0.09623712,False,9454.281,717.00665,False,False,False,31.45373,,1782.4349,1681,9202.586,1.9280843,150.16577154652572,,2.155971267595491,,0.6316807,,7.6094365,,,0,False,,,,,,,,0,False,False,False,41268.25,17.480228,0.17605928,0.14084981,-0.0020292653,0.1799984,0.15031135,-0.00403878,False,False,False,False,0.0067648697,0.88112676,False,False,61097.205886720025,,21,False,False,False,False,False,False,False,False,False,False,False,False,False,False,False,False,False,False,False,False,False,i
3,61097.20445988784,lsst,150.16577326030608,2.1559650424737757,170019716302635146,170059287982243973,0,170019716302635146,9472.269,302.4665,0,0,0,53532.55,299.98993,True,2026022500175,94,0.0,5.9510908e-06,6.5003933e-06,9.637779e-13,898.69275,0.11712203,3650.361,0.1068579,False,10594.778,718.96246,False,False,False,31.100788,,1679.3838,1681,9426.851,1.2895156,150.16577438955565,,2.1559662373008153,,0.87605274,,40.305065,,,0,False,,,,,,,,0,False,False,False,43949.984,15.812856,0.20242772,0.17220478,0.03213113,0.17367457,0.16636604,0.002993657,False,False,False,False,0.042985387,0.9184743,False,False,61097.206360408076,,23,False,False,False,False,False,False,False,False,False,False,False,False,False,False,False,False,False,False,False,False,False,i
3,61097.20585505505,lsst,150.1657671540659,2.1559762728385423,170019716302635146,170059288386469951,0,170019716302635146,9558.075,294.99884,0,0,0,51103.504,292.31833,True,2026022500178,97,0.0,5.257553e-06,5.9555477e-06,-1.6359974e-13,1393.2174,0.107139796,1391.7397,0.09458226,False,9355.373,716.53546,False,False,False,31.66799,,1641.4929,1681,9346.477,0.34512556,150.16576559848235,,2.155977744576754,,0.680367,,-5.0874085,,,0,False,,,,,,,,0,False,False,False,41463.027,17.35492,0.17768183,0.1364933,-0.0028188645,0.17880142,0.15599956,0.009239261,False,False,False,False,0.015740627,0.88778967,False,False,61097.20770787667,,22,False,False,False,False,False,False,False,False,False,False,False,False,False,False,False,False,False,False,False,False,False,i
3,61097.20632217654,lsst,150.16576602561366,2.1559689947760323,170019716302635146,170059288518590597,0,170019716302635146,9914.481,297.9624,0,0,0,51654.26,293.68533,True,2026022500179,93,0.0,5.2354203e-06,5.5529495e-06,-2.5341426e-13,2705.8276,0.0999234,3598.021,0.09415605,False,8955.097,713.50574,False,False,False,33.13632,,1720.2423,1681,9372.835,2.7510252,150.16576548520052,,2.155969436509192,,0.51864785,,16.212545,,,0,False,,,,,,,,0,False,False,False,41689.215,17.577026,0.16151267,0.1437773,0.007659786,0.16852354,0.16399002,0.0122768665,False,False,False,False,0.027445681,0.784184,False,False,61097.208187798606,,21,False,False,False,False,False,False,False,False,False,False,False,False,False,False,False,False,False,False,False,False,False,i
3,61097.20678684965,lsst,150.165767006132,2.1559706671655468,170019716302635146,170059288654905426,0,170019716302635146,9110.735,279.58334,0,0,0,47219.44,276.9981,True,2026022500180,97,0.0,5.048246e-06,5.3564063e-06,-4.1101272e-13,186.25467,0.09644337,1783.4072,0.09073138,False,8596.056,711.92346,False,False,False,32.15848,,1731.947,1681,9087.219,1.5393629,150.16576717409544,,2.1559698208320848,,0.7032447,,37.655643,,,0,False,,,,,,,,0,False,False,False,37999.566,24.747248,0.14631832,0.14608236,0.02245911,0.15946212,0.14751618,0.021571107,False,False,False,False,0.008606391,0.83146375,False,False,61097.208664362246,,22,False,False,False,False,False,False,False,False,False,False,False,False,False,False,False,False,False,False,False,False,False,i
3,61097.20725462068,lsst,150.165768221995,2.155972724145165,170019716302635146,170059288787026060,0,170019716302635146,9573.038,283.0394,0,0,0,48178.688,279.75,True,2026022500181,93,0.0,5.5799683e-06,5.0055114e-06,1.1307448e-12,1741.3646,0.089678615,3476.8684,0.1007161,False,10486.089,714.29126,False,False,False,32.909195,,1651.517,1681,9381.885,2.4877014,150.16576842594375,,2.155973656830742,,0.73303777,,47.523125,,,0,False,,,,,,,,0,False,False,False,38457.14,23.53585,0.14651307,0.16750222,0.022058643,0.14981349,0.15199374,0.010186698,False,False,False,False,0.006146882,0.85461056,False,False,61097.20899415817,,22,False,False,False,False,False,False,False,False,False,False,False,False,False,False,False,False,False,False,False,False,False,i
3,61097.207722079926,lsst,150.1657655135408,2.155962477151008,170019716302635146,170059288921243697,0,170019716302635146,9581.319,284.11502,0,0,0,48094.84,280.03427,True,2026022500182,93,0.0,5.5781857e-06,4.786173e-06,2.0363526e-12,2941.672,0.08519611,1230.5679,0.101119936,False,9105.147,712.3958,False,False,False,32.837902,,1623.8362,1681,9120.482,1.1918899,150.16576602241364,,2.155962751863972,,0.6136824,,57.65581,,,0,False,,,,,,,,0,False,False,False,38430.777,19.080564,0.12440667,0.15081194,0.010421395,0.13946526,0.15834194,0.013289705,False,False,False,False,0.021164734,0.8301979,False,False,61097.2095368581,,22,False,False,False,False,False,False,False,False,False,False,False,False,False,False,False,False,False,False,False,False,False,i
3,61097.2086584045,lsst,150.1657722890688,2.15596178346706,170019716302635146,170059289190203411,0,170019716302635146,10014.977,288.9443,0,0,0,51359.832,286.2906,True,2026022500184,94,0.0,5.537983e-06,5.792331e-06,-1.1340973e-12,2094.2202,0.104802646,531.6337,0.09899025,False,11029.292,708.4351,False,False,False,33.772346,,1696.9768,1681,9405.864,0.5791854,150.1657725213287,,2.1559633784788845,,0.3206947,,-35.05071,,,0,False,,,,,,,,0,False,False,False,41226.61,18.026037,0.17593528,0.16854791,-0.0022973993,0.16694736,0.15498397,0.005849247,False,False,False,False,0.019530866,0.93304485,False,False,61097.21037281916,,23,False,False,False,False,False,False,False,False,False,False,False,False,False,False,False,False,False,False,False,False,False,i
3,61097.209127841736,lsst,150.16577078082025,2.1559776636926347,170019716302635146,170059289324421156,0,170019716302635146,9420.924,269.80673,0,0,0,45531.31,267.32507,True,2026022500185,94,0.0,4.818981e-06,4.6364657e-06,8.404611e-13,798.5211,0.08273801,750.353,0.08732935,False,9004.173,708.41614,False,False,False,34.402164,,1683.8623,1681,9134.983,0.5538333,150.16577053767375,,2.1559771128599663,,0.5690338,,29.156864,,,0,False,,,,,,,,0,False,False,False,36002.625,21.669077,0.13483961,0.14105658,0.013976135,0.14108576,0.13879651,0.008970714,False,False,False,False,0.0007085292,0.85282946,False,False,61097.210989781495,,19,False,False,False,False,False,False,False,False,False,False,False,False,False,False,False,False,False,False,False,False,False,i
3,61097.20960994065,lsst,150.16577870924834,2.1559668028475056,170019716302635146,170059289458114637,0,170019716302635146,9194.933,269.76193,0,0,0,45066.902,264.2243,True,2026022500186,93,0.0,4.996786e-06,5.1406673e-06,-2.0459083e-13,3216.9314,0.092523746,1687.3118,0.08984343,False,8923.343,707.76025,False,False,False,34.062614,,1604.4417,1681,8466.827,0.25161877,150.16577825353258,,2.1559668706218336,,0.101836115,,46.793198,,,0,False,,,,,,,,0,False,False,False,35833.273,30.191586,0.14233455,0.14261965,0.0004087506,0.14103335,0.13031416,0.006026424,False,False,False,False,0.0084827775,0.8082073,False,False,61097.21137441872,,19,False,False,False,False,False,False,False,False,False,False,False,False,False,False,False,False,False,False,False,False,False,i
3,61097.21007610484,lsst,150.16577360852156,2.155964620344014,170019716302635146,170059289592856661,0,170019716302635146,9417.971,268.15445,0,0,0,44826.305,265.39316,True,2026022500187,94,0.0,4.7154203e-06,5.2410014e-06,-1.0284852e-12,1790.8647,0.09461127,1828.5706,0.08445817,False,9604.439,708.11584,False,False,False,34.17253,,1613.4536,1681,9032.401,0.25556952,150.16577374105935,,2.1559648014435764,,0.53374076,,9.845919,,,0,False,,,,,,,,0,False,False,False,35334.77,23.045195,0.14925118,0.13043089,0.008223587,0.13771263,0.1307425,0.010046676,False,False,False,False,0.0058448142,0.85145336,False,False,61097.211778438665,,19,False,False,False,False,False,False,False,False,False,False,False,False,False,False,False,False,False,False,False,False,False,i
3,61097.21054139579,lsst,150.16577069760044,2.155969820832863,170019716302635146,170059289727074308,0,170019716302635146,9411.268,270.00015,0,0,0,45770.02,268.25058,True,2026022500188,94,0.0,5.084429e-06,4.9947357e-06,2.3496103e-13,1928.6982,0.08974624,30.639832,0.09157313,False,8524.387,704.9902,False,False,False,34.227703,,1592.8989,1681,8918.702,0.31999972,150.16577097983597,,2.1559701713857806,,0.4867671,,40.87322,,,0,False,,,,,,,,0,False,False,False,36221.887,23.465662,0.13388151,0.14066926,0.00973756,0.14040852,0.1320194,0.0021750897,False,False,False,False,0.00020651579,0.8568747,False,False,61097.21230311395,,19,False,False,False,False,False,False,False,False,False,False,False,False,False,False,False,False,False,False,False,False,False,i
3,61097.21100478902,lsst,150.16577431642295,2.1559680599989033,170019716302635146,170059289861292107,0,170019716302635146,9988.107,265.286,0,0,0,44692.68,261.74692,True,2026022500189,94,0.0,4.34197e-06,5.0753606e-06,-2.281728e-12,1078.3865,0.092506714,1627.7162,0.07667903,False,9974.592,702.607,False,False,False,36.51604,,1704.1722,1681,9923.94,0.7603968,150.1657748806694,,2.155968742226039,,0.7679138,,-30.455788,,,0,False,,,,,,,,0,False,False,False,34588.066,27.642866,0.16440786,0.1158493,-0.012616407,0.13359421,0.12365124,0.0020098162,False,False,False,False,0.025373666,0.85825366,False,False,61097.21269475241,,20,False,False,False,False,False,False,False,False,False,False,False,False,False,False,False,False,False,False,False,False,False,i
3,61097.21146852921,lsst,150.16577412401537,2.155964716359176,170019716302635146,170059289995509911,0,170019716302635146,9751.367,257.2933,0,0,0,42789.61,253.80074,True,2026022500190,94,0.0,3.9366287e-06,4.5845036e-06,-2.2714114e-12,266.22238,0.084055,2943.1482,0.06893322,False,10224.591,701.40796,False,False,False,37.51,,1645.0277,1681,9348.216,1.9653653,150.1657738799728,,2.1559651429080384,,0.5814624,,-5.537328,,,0,False,,,,,,,,0,False,False,False,32912.445,39.67531,0.13123612,0.10457433,0.0072004036,0.13578989,0.11047095,0.003942647,False,False,False,False,0.00552173,0.7890176,False,False,61097.213217957826,,19,False,False,False,False,False,False,False,False,False,False,False,False,False,False,False,False,False,False,False,False,False,i
3,61097.21193425188,lsst,150.16577071732573,2.155970661621677,170019716302635146,170059290129727671,0,170019716302635146,10043.032,260.4697,0,0,0,42901.27,255.61903,True,2026022500191,94,0.0,4.044254e-06,4.5149955e-06,-2.045879e-12,691.70123,0.08291221,3751.6008,0.070828184,False,9272.145,704.33203,False,False,False,37.59853,,1656.515,1681,9551.102,0.5085941,150.1657713914039,,2.155970427838365,,0.5237131,,-36.470306,,,0,False,,,,,,,,0,False,False,False,32811.812,30.308372,0.13613258,0.114705235,-0.0055765277,0.1324736,0.113299996,0.0065766484,False,False,False,False,0.0013021034,0.85282886,False,False,61097.2136407173,,19,False,False,False,False,False,False,False,False,False,False,False,False,False,False,False,False,False,False,False,False,False,i
3,61097.21240431454,lsst,150.1657712747362,2.1559650155549255,170019716302635146,170059290263421040,0,170019716302635146,10127.574,263.54935,0,0,0,44532.973,260.43256,True,2026022500192,93,0.0,4.269252e-06,4.4047324e-06,-7.412039e-13,1845.9946,0.07996646,1935.798,0.076048404,False,9471.551,697.0031,False,False,False,38.08554,,1677.9172,1681,9504.549,0.574855,150.16577253391094,,2.15596505888242,,0.4852255,,-54.879555,,,0,False,,,,,,,,0,False,False,False,34271.125,26.343348,0.134671,0.12382624,-0.008724003,0.12866695,0.124310926,0.010259699,False,False,False,False,0.0015024549,0.8517984,False,False,61097.21407430631,,19,False,False,False,False,False,False,False,False,False,False,False,False,False,False,False,False,False,False,False,False,False,i
3,61097.21286825037,lsst,150.1657674550284,2.1559663482987625,170019716302635146,170059290399211548,0,170019716302635146,9803.251,256.6773,0,0,0,42500.73,253.49254,True,2026022500193,96,0.0,4.482172e-06,4.17541e-06,2.089408e-12,4022.4653,0.07259715,692.0106,0.082909904,False,9123.631,696.4676,False,False,False,37.1895,,1732.643,1681,9264.84,0.48614243,150.16576756961632,,2.1559663607216324,,0.4569677,,51.908092,,,0,False,,,,,,,,0,False,False,False,32545.502,27.10767,0.11237948,0.12960176,0.0029054452,0.11723075,0.12361461,0.0035602413,False,False,False,False,6.6885324e-05,0.8598711,False,False,61097.214619883205,,20,False,False,False,False,False,False,False,False,False,False,False,False,False,False,False,False,False,False,False,False,False,i
3,61097.213335869965,lsst,150.16577194318828,2.1559639356362323,170019716302635146,170059290531856483,0,170019716302635146,9037.45,248.85516,0,0,0,40201.88,245.51337,True,2026022500194,93,0.0,4.2940314e-06,4.0802192e-06,1.8071948e-12,2379.7642,0.07088363,1784.3436,0.07956576,False,8950.392,698.58514,False,False,False,36.15255,,1619.6613,1681,8576.576,1.0260073,150.16577133577715,,2.1559642450792804,,0.5619701,,43.617466,,,0,False,,,,,,,,0,False,False,False,31064.746,32.965553,0.09539382,0.12015648,0.006902302,0.10738994,0.11600034,0.0039179367,False,False,False,False,0.0034294946,0.73942465,False,False,61097.21510986195,,18,False,False,False,False,False,False,False,False,False,False,False,False,False,False,False,False,False,False,False,False,False,i
3,61097.21379879501,lsst,150.16576843421345,2.1559682999928165,170019716302635146,170059290667646998,0,170019716302635146,9671.692,254.97552,0,0,0,41961.47,251.99104,True,2026022500195,96,0.0,4.255593e-06,4.043982e-06,2.3552655e-12,2771.8623,0.06901277,486.47052,0.0799416,False,10017.344,697.1985,False,False,False,37.532486,,1695.7938,1681,9300.229,1.0137861,150.1657690851869,,2.155967157291936,,0.6292037,,55.130882,,,0,False,,,,,,,,0,False,False,False,32184.775,28.635838,0.09805498,0.13403982,6.54585e-05,0.114121065,0.12033101,0.0022103558,False,False,False,False,0.00029587385,0.8800893,False,False,61097.21556254555,,21,False,False,False,False,False,False,False,False,False,False,False,False,False,False,False,False,False,False,False,False,False,i
3,61097.2142658738,lsst,150.1657718480843,2.1559696945587556,170019716302635146,170059290800291911,0,170019716302635146,8925.211,257.22156,0,0,0,41896.477,252.48083,True,2026022500196,93,0.0,4.4359003e-06,4.3012847e-06,2.2989581e-12,1576.7223,0.0735523,1233.4375,0.08334611,False,8364.766,693.4573,False,False,False,34.31552,,1704.0237,1681,8401.383,1.260538,150.1657719349428,,2.1559682030322156,,0.6012981,,46.628567,,,0,False,,,,,,,,0,False,False,False,32894.832,26.199009,0.091556,0.123758376,0.0031653375,0.11795611,0.12096098,0.005474299,False,False,False,False,0.02869537,0.8162837,False,False,61097.215948459234,,19,False,False,False,False,False,False,False,False,False,False,False,False,False,False,False,False,False,False,False,False,False,i
3,61097.21519835226,lsst,150.16576601483865,2.155962148652,170019716302635146,170059291069251588,0,170019716302635146,9778.64,257.40884,0,0,0,43612.3,255.37653,True,2026022500198,94,0.0,4.363579e-06,4.3680016e-06,-3.9909905e-13,3229.9539,0.0793541,185.60957,0.077710226,False,8594.481,691.45325,False,False,False,37.369087,,1762.0487,1681,9097.575,0.20155805,150.1657665245975,,2.1559630196255757,,0.30881706,,-28.8083,,,0,False,,,,,,,,0,False,False,False,33656.855,24.325783,0.12558822,0.11855736,0.0020157904,0.12524098,0.12803629,0.0020261095,False,False,False,False,0.0041019977,0.7213596,False,False,61097.21694029346,,19,False,False,False,False,False,False,False,False,False,False,False,False,False,False,False,False,False,False,False,False,False,i
3,61097.21566382402,lsst,150.16576897612586,2.155973581671773,170019716302635146,170059291203469347,0,170019716302635146,9709.809,256.27518,0,0,0,42991.723,253.26099,True,2026022500199,94,0.0,4.138861e-06,4.1199523e-06,-1.319453e-12,2764.91,0.07710716,748.3666,0.07134877,False,8706.291,691.13745,False,False,False,37.65632,,1779.8583,1681,9125.145,1.3764948,150.16576896249634,,2.1559742965283526,,0.4880759,,-76.2576,,,0,False,,,,,,,,0,False,False,False,33156.793,29.297411,0.12299138,0.11225329,-0.008961776,0.12636602,0.120076194,0.0009603953,False,False,False,False,0.0063318126,0.83102155,False,False,61097.21733620332,,19,False,False,False,False,False,False,False,False,False,False,False,False,False,False,False,False,False,False,False,False,False,i
3,61097.216130944274,lsst,150.16576878592818,2.1559622004196117,170019716302635146,170059291337687062,0,170019716302635146,9747.78,255.45251,0,0,0,43425.71,252.2081,True,2026022500200,94,0.0,4.3322643e-06,4.2677852e-06,-1.6784649e-12,1514.5145,0.0808373,333.14014,0.073716044,False,8598.287,687.9509,False,False,False,38.051334,,1687.4729,1681,9173.092,0.2213681,150.16576907425656,,2.1559623027084274,,0.46859547,,-47.50053,,,0,False,,,,,,,,0,False,False,False,33539.21,31.710526,0.13207617,0.112988345,0.00074024894,0.12857078,0.11552721,0.0026232174,False,False,False,False,4.7783265e-05,0.7694462,False,False,61097.21785814001,,19,False,False,False,False,False,False,False,False,False,False,False,False,False,False,False,False,False,False,False,False,False,i
3,61097.21669196607,lsst,150.16577572068238,2.1559626442801183,170019716302635146,170059291471380554,0,170019716302635146,9561.285,249.84044,0,0,0,41889.773,246.39049,True,2026022500201,93,0.0,4.2066945e-06,4.0326213e-06,3.024713e-13,3245.1604,0.07240411,1513.2014,0.07581054,False,9946.172,689.5797,False,False,False,38.025406,,1752.2357,1681,8924.495,0.3087658,150.1657753788051,,2.155962991527235,,0.3054601,,65.86959,,,0,False,,,,,,,,0,False,False,False,32212.596,39.108376,0.11328655,0.12045622,0.0016975706,0.11637342,0.1218605,0.0034178933,False,False,False,False,0.001056528,0.8513231,False,False,61097.218393785464,,19,False,False,False,False,False,False,False,False,False,False,False,False,False,False,False,False,False,False,False,False,False,i
3,61097.21715664563,lsst,150.1657700042731,2.1559653419635594,170019716302635146,170059291606122591,0,170019716302635146,9642.54,231.1915,0,0,0,37125.93,229.45145,True,2026022500202,94,0.0,3.2497915e-06,3.90496e-06,-1.2855025e-12,1802.4934,0.070996694,1828.022,0.057544924,False,8605.557,683.8915,False,False,False,40.49926,,1627.129,1681,9368.223,0.84715414,150.16576989852487,,2.155964230527338,,0.536778,,-7.450836,,,0,False,,,,,,,,0,False,False,False,27321.955,57.620415,0.1133505,0.08828258,0.0030881579,0.118587255,0.08863775,0.0059857024,False,False,False,False,0.0018821248,0.7097582,False,False,61097.218928885224,,19,False,False,False,False,False,False,False,False,False,False,False,False,False,False,False,False,False,False,False,False,False,i
3,61097.21762425937,lsst,150.1657723463591,2.1559693374160678,170019716302635146,170059291740340226,0,170019716302635146,9595.532,234.59286,0,0,0,38659.06,234.14934,True,2026022500203,94,0.0,3.5812802e-06,3.4528784e-06,3.13272e-13,2053.0818,0.061854642,42.303482,0.06467252,False,10089.299,683.0621,False,False,False,40.674263,,1593.0798,1681,9038.704,0.72397846,150.1657728598504,,2.15596892037468,,0.44223493,,-76.927124,,,0,False,,,,,,,,0,False,False,False,28822.29,46.06358,0.09200722,0.10035404,-0.00749493,0.102555044,0.10386934,0.0014660438,False,False,False,False,0.011890092,0.7488779,False,False,61097.219313772366,,20,False,False,False,False,False,False,False,False,False,False,False,False,False,False,False,False,False,False,False,False,False,i
3,61097.21808878737,lsst,150.1657709092471,2.1559741258321004,170019716302635146,170059291874558029,0,170019716302635146,9521.392,240.21179,0,0,0,39164.832,237.33704,True,2026022500204,94,0.0,3.7164975e-06,3.930838e-06,-7.054987e-13,1103.4019,0.07130567,1578.0111,0.06622224,False,9058.507,680.0288,False,False,False,38.796455,,1652.6953,1681,8783.4375,0.44780138,150.16577045440727,,2.1559739111370746,,0.24735756,,-20.897552,,,0,False,,,,,,,,0,False,False,False,29513.97,43.796684,0.11107798,0.105907425,-4.763321e-05,0.12005028,0.099512465,0.008325062,False,False,False,False,0.00037764382,0.7593885,False,False,61097.21978961277,,19,False,False,False,False,False,False,False,False,False,False,False,False,False,False,False,False,False,False,False,False,False,i
3,61097.218553489554,lsst,150.16576729585557,2.1559642867464035,170019716302635146,170059292008775816,0,170019716302635146,9536.658,234.13203,0,0,0,37465.93,230.87029,True,2026022500205,94,0.0,3.2732078e-06,3.4546104e-06,-6.476675e-13,209.89948,0.06286782,2838.922,0.05811152,False,8478.959,675.1294,False,False,False,40.531307,,1645.5243,1681,8929.958,0.3104114,150.16576679642134,,2.1559638181574856,,0.4315412,,10.415052,,,0,False,,,,,,,,0,False,False,False,27795.82,46.916393,0.09039633,0.084145896,0.0075699496,0.10948117,0.09467876,0.00456407,False,False,False,False,0.05223146,0.64909047,False,False,61097.220283470044,,17,False,False,False,False,False,False,False,False,False,False,False,False,False,False,False,False,False,False,False,False,False,i
3,61097.219018876756,lsst,150.16577035306187,2.155960194380326,170019716302635146,170059292142993573,0,170019716302635146,9728.79,255.20041,0,0,0,43235.51,251.57776,True,2026022500206,94,0.0,4.0667987e-06,4.8018005e-06,-4.2817442e-12,583.594,0.09026232,3672.1272,0.06830793,False,10485.897,684.5341,False,False,False,37.63503,,1677.145,1681,9809.18,2.520906,150.1657683045934,,2.155960748207289,,0.83556175,,0.19085968,,,0,False,,,,,,,,0,False,False,False,33418.562,36.916653,0.15202695,0.11202063,0.026657019,0.14142211,0.110831045,0.01614724,False,False,False,False,0.006861306,0.8770933,False,False,61097.22079740985,,19,False,False,False,False,False,False,False,False,False,False,False,False,False,False,False,False,False,False,False,False,False,i
3,61097.21948633953,lsst,150.16577444052845,2.155971770592384,170019716302635146,170059292276686929,0,170019716302635146,8865.707,251.7822,0,0,0,42067.02,247.84352,True,2026022500207,93,0.0,4.282985e-06,4.577834e-06,-2.1670304e-12,1859.7041,0.08472339,1660.8688,0.07443929,False,8517.672,680.94,False,False,False,34.951824,,1599.7361,1681,8158.811,0.7713563,150.1657749787849,,2.1559710501515066,,0.42550164,,-42.102562,,,0,False,,,,,,,,0,False,False,False,33094.406,36.5105,0.11731207,0.1030939,-0.0033596265,0.12629978,0.10858895,0.00165928,False,False,False,False,0.01108803,0.729503,False,False,61097.22130188305,,18,False,False,False,False,False,False,False,False,False,False,False,False,False,False,False,False,False,False,False,False,False,i
3,61097.219950059705,lsst,150.16576815013636,2.1559669602371456,170019716302635146,170059292412477465,0,170019716302635146,9797.229,254.98535,0,0,0,43194.31,249.47882,True,2026022500208,96,0.0,4.113801e-06,4.0738255e-06,3.4890005e-13,3842.974,0.07279149,549.9964,0.07449113,False,9181.532,671.2196,False,False,False,38.43736,,1661.9847,1681,9126.725,0.8410856,150.1657684721289,,2.1559668513059145,,0.4019619,,-93.188774,,,0,False,,,,,,,,0,False,False,False,33297.22,27.256433,0.11029257,0.11759648,-0.005944945,0.121101215,0.11868006,-0.0025986903,False,False,False,False,0.007336888,0.69315434,False,False,61097.22171574345,,19,False,False,False,False,False,False,False,False,False,False,False,False,False,False,False,False,False,False,False,False,False,i
3,61097.220416401804,lsst,150.1657614186365,2.1559622352356542,170019716302635146,170059292545122379,0,170019716302635146,9868.975,258.02252,0,0,0,43740.715,254.43394,True,2026022500209,93,0.0,4.2717375e-06,4.2254956e-06,5.714184e-13,2403.967,0.07513823,1543.7621,0.07770318,False,9386.472,679.2156,False,False,False,37.883114,,1655.3855,1681,9060.167,0.30138496,150.1657613089285,,2.155961825755345,,0.39002383,,10.856836,,,0,False,,,,,,,,0,False,False,False,33754.086,31.551256,0.12107379,0.12167301,0.0065345285,0.120062955,0.12950534,0.007182647,False,False,False,False,0.002325221,0.764777,False,False,61097.222203113495,,19,False,False,False,False,False,False,False,False,False,False,False,False,False,False,False,False,False,False,False,False,False,i
3,61097.22088130318,lsst,150.16577056698816,2.1559667702240977,170019716302635146,170059292680912908,0,170019716302635146,9501.199,255.56212,0,0,0,43447.703,249.96422,True,2026022500210,96,0.0,4.4883823e-06,4.347037e-06,2.6708048e-12,2609.8555,0.07368461,267.68082,0.08488916,False,9248.709,676.86426,False,False,False,36.7639,,1602.3696,1681,8930.224,0.066199206,150.16577115589612,,2.155966650653143,,0.50965077,,-117.1153,,,0,False,,,,,,,,0,False,False,False,33851.99,26.689165,0.10936663,0.13047785,-0.0043898853,0.11642364,0.13169625,-0.0030530042,False,False,False,False,0.0034402278,0.7125484,False,False,61097.2227273172,,19,False,False,False,False,False,False,False,False,False,False,False,False,False,False,False,False,False,False,False,False,False,i
3,61097.22134912446,lsst,150.16576992858674,2.155971353773216,170019716302635146,170059292813557798,0,170019716302635146,9577.823,267.64542,0,0,0,47604.27,263.37415,True,2026022500211,93,0.0,4.692159e-06,4.693133e-06,-2.9120305e-14,1638.3704,0.0844781,945.01465,0.084368154,False,9553.203,671.4419,False,False,False,34.99429,,1706.7294,1681,9016.738,1.4142921,150.16576991114744,,2.155970104291436,,0.4605531,,-0.7776275,,,0,False,,,,,,,,0,False,False,False,37927.72,23.074417,0.12872683,0.12595356,0.009112216,0.1485745,0.14361499,0.0063135857,False,False,False,False,0.058354035,0.8541628,False,False,61097.223209425225,,21,False,False,False,False,False,False,False,False,False,False,False,False,False,False,False,False,False,False,False,False,False,i
3,61097.221816379926,lsst,150.1657693026845,2.1559715164496303,170019716302635146,170059292946202773,0,170019716302635146,9863.957,260.07245,0,0,0,45698.836,256.85312,True,2026022500212,90,0.0,4.5716747e-06,4.564266e-06,1.6750057e-12,3821.6084,0.078807175,3875.8506,0.085414104,False,9896.202,672.846,False,False,False,37.681488,,1777.2747,1681,9386.664,0.27644315,150.1657685025264,,2.155970926854123,,0.51535386,,21.38841,,,0,False,,,,,,,,0,False,False,False,35704.902,27.78217,0.13235816,0.14777113,0.008682193,0.13120143,0.139806,-0.001682427,False,False,False,False,0.0038262366,0.89512056,False,False,61097.22356736084,,22,False,False,False,False,False,False,False,False,False,False,False,False,False,False,False,False,False,False,False,False,False,i
3,61097.22228151605,lsst,150.16575988268613,2.155966022897793,170019716302635146,170059293082517516,0,170019716302635146,9225.448,257.28674,0,0,0,44410.42,253.57649,True,2026022500213,94,0.0,4.7410185e-06,4.793645e-06,2.995108e-12,3349.1775,0.079884805,279.94025,0.09125579,False,9216.387,669.2804,False,False,False,35.52817,,1672.9305,1681,8829.8545,1.1056813,150.16575901267908,,2.1559656562813228,,0.56837535,,14.664291,,,0,False,,,,,,,,0,False,False,False,35036.42,22.654655,0.120592795,0.13666579,0.011882311,0.13122758,0.14131263,0.0006061966,False,False,False,False,0.010640081,0.84148073,False,False,61097.22398423193,,21,False,False,False,False,False,False,False,False,False,False,False,False,False,False,False,False,False,False,False,False,False,i
3,61097.22274881901,lsst,150.16576924201357,2.1559704453085398,170019716302635146,170059293216735263,0,170019716302635146,9743.431,257.77765,0,0,0,44895.203,252.6773,True,2026022500214,94,0.0,4.2803686e-06,4.258e-06,-5.134739e-13,2851.041,0.07788826,811.6009,0.07569278,False,10311.561,668.80475,False,False,False,36.96991,,1581.8782,1681,8944.82,0.50141686,150.16576844055132,,2.1559701222132492,,0.2775119,,-60.529774,,,0,False,,,,,,,,0,False,False,False,35049.324,25.597347,0.11796635,0.11184647,-0.0011339317,0.12917873,0.13202591,0.0054232697,False,False,False,False,0.046008896,0.81709373,False,False,61097.22442319123,,19,False,False,False,False,False,False,False,False,False,False,False,False,False,False,False,False,False,False,False,False,False,i
3,61097.2232146553,lsst,150.16576568350493,2.1559660935122387,170019716302635146,170059293350952984,0,170019716302635146,9601.951,258.2664,0,0,0,45256.754,253.21025,True,2026022500215,94,0.0,4.597563e-06,4.3961845e-06,-3.0190362e-12,1628.052,0.086988114,319.42996,0.074345894,False,8334.807,668.0102,False,False,False,36.713295,,1653.509,1681,9312.539,0.60854596,150.16576679568172,,2.155966344723142,,0.6815307,,-33.36316,,,0,False,,,,,,,,0,False,False,False,35579.246,34.079605,0.15325777,0.12093541,0.0135606155,0.14178547,0.1256886,0.00896356,False,False,False,False,0.00210505,0.8413845,False,False,61097.22489159828,,19,False,False,False,False,False,False,False,False,False,False,False,False,False,False,False,False,False,False,False,False,False,i
3,61097.22380676943,lsst,150.16577430343548,2.1559721575076227,170019716302635146,170059293484646473,0,170019716302635146,9586.424,270.57843,0,0,0,48973.83,264.62848,True,2026022500216,93,0.0,5.213366e-06,5.0647654e-06,1.4847725e-13,3226.2698,0.09108222,1826.9482,0.09381204,False,10289.117,667.63416,False,False,False,34.946915,,1728.8037,1681,9313.957,0.89127225,150.1657734025931,,2.1559715102686563,,0.61557114,,37.294518,,,0,False,,,,,,,,0,False,False,False,39343.52,17.745676,0.15186541,0.14934541,0.016780766,0.1499307,0.15580659,0.010094215,False,False,False,False,0.0008363293,0.890644,False,False,61097.225612628274,,23,False,False,False,False,False,False,False,False,False,False,False,False,False,False,False,False,False,False,False,False,False,i
3,61097.22427089328,lsst,150.1657744626307,2.1559690494774957,170019716302635146,170059293619388501,0,170019716302635146,9684.648,271.87033,0,0,0,49170.555,266.03983,True,2026022500217,94,0.0,4.8982406e-06,5.131865e-06,-3.5755378e-13,1799.2196,0.09241068,1851.904,0.08802066,False,9510.785,667.72864,False,False,False,35.214348,,1699.7988,1681,9038.336,0.6512404,150.16577477120046,,2.15596812589906,,0.3461113,,19.16571,,,0,False,,,,,,,,0,False,False,False,39447.156,19.569334,0.15029709,0.14449258,0.0041867206,0.15694992,0.14703108,0.0066733854,False,False,False,False,0.003463835,0.82687306,False,False,61097.22619580964,,22,False,False,False,False,False,False,False,False,False,False,False,False,False,False,False,False,False,False,False,False,False,i
3,61097.22473727929,lsst,150.16576715509387,2.1559672354662593,170019716302635146,170059293753606148,0,170019716302635146,8740.327,270.41638,0,0,0,48246.48,266.27106,True,2026022500218,94,0.0,5.14214e-06,5.7619336e-06,-1.43183e-12,1864.0367,0.10409816,48.68206,0.091997914,False,8128.595,669.61456,False,False,False,31.69892,,1701.7258,1681,8420.379,1.1371632,150.16576642036526,,2.1559678697587694,,0.5313966,,-4.552991,,,0,False,,,,,,,,0,False,False,False,39398.39,17.515772,0.15224546,0.1282044,0.0029624295,0.16357663,0.1502783,0.0086222235,False,False,False,False,0.04341841,0.80171573,False,False,61097.226552738495,,21,False,False,False,False,False,False,False,False,False,False,False,False,False,False,False,False,False,False,False,False,False,i
3,61097.2252031954,lsst,150.1657746337753,2.1559686704829226,170019716302635146,170059293887823944,0,170019716302635146,9436.008,262.84424,0,0,0,46812.56,258.01382,True,2026022500219,94,0.0,5.236852e-06,4.4493186e-06,2.10862e-12,1075.2898,0.07892523,1674.8821,0.095138,False,9201.226,668.34564,False,False,False,35.19964,,1625.9481,1681,9085.144,0.8453659,150.16577474687736,,2.155968676417099,,0.528423,,74.55031,,,0,False,,,,,,,,0,False,False,False,37316.695,25.9029,0.13217151,0.15659145,0.00041773473,0.14043818,0.14942119,0.004814314,False,False,False,False,5.17727e-05,0.73407537,False,False,61097.22696589199,,23,False,False,False,False,False,False,False,False,False,False,False,False,False,False,False,False,False,False,False,False,False,i
3,61097.225666753,lsst,150.16577489242047,2.1559672789696425,170019716302635146,170059294022041716,0,170019716302635146,9957.058,261.00513,0,0,0,46903.53,257.4597,True,2026022500220,94,0.0,4.3957584e-06,4.6397695e-06,-7.700177e-13,312.76495,0.0839292,3022.1345,0.0785816,False,11108.249,669.8982,False,False,False,38.06594,,1724.2476,1681,9623.129,1.009368,150.16577406441775,,2.155965917632408,,0.5204697,,23.419928,,,0,False,,,,,,,,0,False,False,False,36810.02,25.75835,0.1409042,0.13751379,0.011733906,0.15242612,0.13650785,0.012457793,False,False,False,False,0.0047669676,0.8714939,False,False,61097.22738064597,,24,False,False,False,False,False,False,False,False,False,False,False,False,False,False,False,False,False,False,False,False,False,i
3,61097.22613228146,lsst,150.16577327387398,2.155964886068481,170019716302635146,170059294156259491,0,170019716302635146,9796.211,259.05533,0,0,0,45030.31,253.83156,True,2026022500221,94,0.0,4.765583e-06,4.1197877e-06,2.4874209e-12,767.6049,0.07205261,3811.4663,0.087466516,False,9901.924,671.9477,False,False,False,37.28036,,1610.1301,1681,9667.451,1.2569001,150.1657732082253,,2.155963019718267,,0.73987496,,56.21525,,,0,False,,,,,,,,0,False,False,False,35175.746,25.828781,0.11462348,0.1597742,0.011322525,0.12781344,0.1422243,0.014647462,False,False,False,False,0.00087846565,0.84293556,False,False,61097.22788438904,,19,False,False,False,False,False,False,False,False,False,False,False,False,False,False,False,False,False,False,False,False,False,i
3,61097.226604194584,lsst,150.1657707380787,2.1559621879546857,170019716302635146,170059294289952863,0,170019716302635146,9250.323,257.2662,0,0,0,44451.21,254.06418,True,2026022500222,93,0.0,4.302486e-06,4.5487714e-06,-1.1727747e-12,1852.6528,0.082831554,2109.723,0.07632751,False,9427.682,672.15576,False,False,False,35.098644,,1676.8739,1681,8944.107,3.9025078,150.16577084456625,,2.1559622859331737,,0.6386847,,8.724518,,,0,False,,,,,,,,0,False,False,False,35101.703,32.87445,0.12758896,0.111667,0.016741652,0.13706063,0.13032646,0.015609698,False,False,False,False,0.036278084,0.80626875,False,False,61097.228368470125,,20,False,False,False,False,False,False,False,False,False,False,False,False,False,False,False,False,False,False,False,False,False,i
3,61097.227535715414,lsst,150.1657683310686,2.15596680178417,170019716302635146,170059294558388328,0,170019716302635146,9285.563,256.73315,0,0,0,44328.496,251.70532,True,2026022500224,93,0.0,4.967354e-06,4.7919666e-06,1.4309034e-12,2377.406,0.08466434,1932.6226,0.0908226,False,9332.246,668.9945,False,False,False,34.664272,,1726.3601,1681,8960.874,0.78963685,150.1657686416512,,2.155965923554026,,0.5608291,,17.738071,,,0,False,,,,,,,,0,False,False,False,34928.234,21.043892,0.1319504,0.13418047,0.013868861,0.12982838,0.14189832,0.010003649,False,False,False,False,0.0014377804,0.8186156,False,False,61097.229258214094,,20,False,False,False,False,False,False,False,False,False,False,False,False,False,False,False,False,False,False,False,False,False,i
3,61097.22799929998,lsst,150.16576739104784,2.155963506873068,170019716302635146,170059294694178842,0,170019716302635146,9298.972,267.35187,0,0,0,47414.582,261.75745,True,2026022500225,96,0.0,4.865825e-06,4.9007003e-06,-3.6257388e-13,2887.022,0.08857621,616.6452,0.0871115,False,8517.92,667.2822,False,False,False,34.192814,,1640.3167,1681,8701.482,1.5144262,150.16576857736135,,2.155964718917749,,0.3741114,,-26.288548,,,0,False,,,,,,,,0,False,False,False,38033.664,20.08742,0.13783666,0.1261395,0.0012902198,0.13844457,0.15384597,0.004424958,False,False,False,False,0.033664886,0.81190044,False,False,61097.22980592729,,22,False,False,False,False,False,False,False,False,False,False,False,False,False,False,False,False,False,False,False,False,False,i
3,61097.22846708984,lsst,150.1657715063792,2.1559676403405224,170019716302635146,170059294826823743,0,170019716302635146,9606.458,272.9028,0,0,0,49258.22,267.7292,True,2026022500226,93,0.0,4.980441e-06,4.819255e-06,2.3112556e-12,1560.914,0.08355482,1409.7241,0.0925406,False,8426.686,669.46796,False,False,False,34.70481,,1605.9984,1681,9498.036,1.4254298,150.16577089009854,,2.155966584147156,,0.78060144,,23.946182,,,0,False,,,,,,,,0,False,False,False,39520.348,18.085667,0.1260946,0.1536218,0.024822935,0.15420203,0.15695846,0.011068706,False,False,False,False,0.0389001,0.79161936,False,False,61097.23033928293,,21,False,False,False,False,False,False,False,False,False,False,False,False,False,False,False,False,False,False,False,False,False,i
3,61097.229400538534,lsst,150.16577431064417,2.155960307899538,170019716302635146,170059295095783428,0,170019716302635146,9245.016,286.93365,0,0,0,54282.945,282.85437,True,2026022500228,94,0.0,5.4342545e-06,5.5041382e-06,-3.0747748e-12,3175.6892,0.10335328,129.42375,0.09315717,False,9551.79,670.1971,False,False,False,31.959274,,1613.9426,1681,8929.821,2.7287517,150.16577327005282,,2.155962378161683,,0.6761109,,-13.304349,,,0,False,,,,,,,,0,False,False,False,44927.188,18.665075,0.16645107,0.14369315,0.017085146,0.18103424,0.17193277,0.0070791636,False,False,False,False,0.06280441,0.8177047,False,False,61097.231308012706,,23,False,False,False,False,False,False,False,False,False,False,False,False,False,False,False,False,False,False,False,False,False,i
3,61097.22986895565,lsst,150.1657729026536,2.155966143214085,170019716302635146,170059295230001183,0,170019716302635146,10601.161,281.28433,0,0,0,52833.133,276.48175,True,2026022500229,94,0.0,4.8571947e-06,4.849845e-06,1.9894856e-12,2736.5298,0.08353765,714.07886,0.09092867,False,10303.819,671.068,False,False,False,37.522537,,1683.156,1681,10511.33,2.0428581,150.1657719020161,,2.1559677627165295,,0.66975194,,21.732573,,,0,False,,,,,,,,0,False,False,False,42145.29,18.241241,0.15268952,0.17968562,0.014778003,0.17499986,0.16841036,0.014341064,False,False,False,False,0.004417392,0.9144027,False,False,61097.231647326065,,23,False,False,False,False,False,False,False,False,False,False,False,False,False,False,False,False,False,False,False,False,False,i
3,61097.230335483975,lsst,150.16577018803403,2.1559705731721865,170019716302635146,170059295364218904,0,170019716302635146,9624.102,272.52686,0,0,0,49649.008,268.01294,True,2026022500230,94,0.0,5.201304e-06,5.210239e-06,5.1954827e-13,1469.2017,0.09273512,355.91855,0.09454502,False,9962.446,668.52905,False,False,False,34.859234,,1649.2268,1681,9014.767,0.11602551,150.16577023510723,,2.1559714343860863,,0.1979004,,-26.343765,,,0,False,,,,,,,,0,False,False,False,39915.957,18.869192,0.15911163,0.15668055,0.0011039493,0.15630311,0.15862536,0.0013036638,False,False,False,False,2.9571871e-05,0.8744593,False,False,61097.23207348581,,23,False,False,False,False,False,False,False,False,False,False,False,False,False,False,False,False,False,False,False,False,False,i
3,61097.230964319504,lsst,150.16577501024798,2.155977245409116,170019716302635146,170059295497912449,0,170019716302635146,10007.306,296.0194,0,0,0,56392.293,289.4137,True,2026022500231,93,0.0,5.8382757e-06,5.9780605e-06,3.454889e-13,3293.3665,0.10764481,2712.1177,0.10491585,False,10042.09,671.4194,False,False,False,33.470146,,1749.8276,1681,9927.911,1.1354433,150.16577428367464,,2.1559771449588068,,0.7055662,,53.45539,,,0,False,,,,,,,,0,False,False,False,46352.297,23.572277,0.20205821,0.19752653,0.021977818,0.20092367,0.18473776,0.008745615,False,False,False,False,0.0062559443,0.90246433,False,False,61097.23279809425,,24,False,False,False,False,False,False,False,False,False,False,False,False,False,False,False,False,False,False,False,False,False,i
3,61097.23143014299,lsst,150.16576676562354,2.155964999133794,170019716302635146,170059295632654418,0,170019716302635146,10000.048,279.22232,0,0,0,51946.754,275.06372,True,2026022500232,94,0.0,5.157284e-06,5.098595e-06,-9.411858e-14,1754.5782,0.09169156,1918.6078,0.092795946,False,9180.038,669.4615,False,False,False,34.694824,,1780.2014,1681,9629.294,0.5912317,150.16576780931481,,2.155965175602853,,0.3581731,,26.142595,,,0,False,,,,,,,,0,False,False,False,41869.145,16.545736,0.17239545,0.16350313,0.0031497916,0.18352851,0.16629225,0.007093094,False,False,False,False,0.006893235,0.826908,False,False,61097.233393035436,,24,False,False,False,False,False,False,False,False,False,False,False,False,False,False,False,False,False,False,False,False,False,i
3,61097.23189604493,lsst,150.16576973350735,2.1559603639937253,170019716302635146,170059295766872068,0,170019716302635146,10028.104,279.5325,0,0,0,53371.086,277.13507,True,2026022500233,94,0.0,5.9166496e-06,5.8201645e-06,-1.12699895e-13,1293.5027,0.10468154,173.21347,0.10645349,False,10264.205,669.13794,False,False,False,35.63353,,1685.0376,1681,10179.6045,0.5530407,150.16577269694847,,2.1559634151004583,,0.7899454,,-43.447227,,,0,False,,,,,,,,0,False,False,False,43182.484,16.634102,0.20521139,0.21288468,-0.02778511,0.17368135,0.18060708,0.006887953,False,False,False,False,0.13365705,0.88753724,False,False,61097.23370892422,,23,False,False,False,False,False,False,False,False,False,False,False,False,False,False,False,False,False,False,False,False,False,i
3,61097.232364983254,lsst,150.16577175296493,2.155968575976301,170019716302635146,170059295901089881,0,170019716302635146,9499.257,273.79962,0,0,0,49898.727,268.53568,True,2026022500234,94,0.0,5.412015e-06,5.359808e-06,-2.8400728e-14,1016.0655,0.09640717,1959.6079,0.09735849,False,9036.3955,670.4702,False,False,False,33.9352,,1723.2341,1681,9171.227,0.5038058,150.165771968018,,2.1559684263800127,,0.3935406,,-53.661156,,,0,False,,,,,,,,0,False,False,False,40318.598,20.696308,0.15509827,0.16011775,-0.00611981,0.1608494,0.1663521,0.0055820066,False,False,False,False,0.0054657017,0.75881404,False,False,61097.234221596096,,22,False,False,False,False,False,False,False,False,False,False,False,False,False,False,False,False,False,False,False,False,False,i
3,61097.23283055525,lsst,150.16576079138878,2.1559658168206144,170019716302635146,170059296035307664,0,170019716302635146,9520.304,271.6269,0,0,0,49023.48,267.3305,True,2026022500235,94,0.0,4.9049445e-06,5.469015e-06,-5.542395e-14,681.9318,0.09837981,3470.5195,0.08823445,False,9322.721,667.548,False,False,False,33.956936,,1591.0659,1681,9346.183,1.3674483,150.1657609578247,,2.155966169259241,,0.60170335,,-0.36838654,,,0,False,,,,,,,,0,False,False,False,39383.637,21.738317,0.17103426,0.13902675,8.266416e-05,0.16773818,0.15793842,9.3779425e-05,False,False,False,False,0.009303984,0.83077306,False,False,61097.234657200286,,23,False,False,False,False,False,False,False,False,False,False,False,False,False,False,False,False,False,False,False,False,False,i
3,61097.2337657407,lsst,150.16577118340862,2.1559561184635085,170019716302635146,170059296303218845,0,170019716302635146,9649.949,279.41916,0,0,0,51467.273,274.1771,True,2026022500237,93,0.0,5.2295245e-06,5.7470156e-06,-6.6760405e-13,2072.1726,0.10350447,3389.8796,0.09394456,False,10717.491,670.35425,False,False,False,34.145294,,1698.7993,1681,9499.747,1.985352,150.1657708299866,,2.155955641374421,,0.5833205,,-34.542824,,,0,False,,,,,,,,0,False,False,False,41801.805,18.710543,0.17572376,0.15897606,-0.01235477,0.18258034,0.16342747,0.0062093385,False,False,False,False,0.004603422,0.9052252,False,False,61097.23566118511,,22,False,False,False,False,False,False,False,False,False,False,False,False,False,False,False,False,False,False,False,False,False,i
3,61097.23423172835,lsst,150.16577264005696,2.1559702080528336,170019716302635146,170059296439533608,0,170019716302635146,9705.931,275.7813,0,0,0,50244.06,270.5508,True,2026022500238,97,0.0,4.989804e-06,5.478643e-06,-8.948978e-13,882.54254,0.098798506,1265.4066,0.089491524,False,9161.799,670.8027,False,False,False,34.69515,,1723.8241,1681,9826.246,2.0181725,150.16577336830323,,2.15597079828308,,0.83952653,,35.71084,,,0,False,,,,,,,,0,False,False,False,40481.45,18.710835,0.16538605,0.16611557,0.03273843,0.1722664,0.15407272,0.013414389,False,False,False,False,0.0010190791,0.8626408,False,False,61097.236056127746,,22,False,False,False,False,False,False,False,False,False,False,False,False,False,False,False,False,False,False,False,False,False,i
3,61097.23469754694,lsst,150.16577283921316,2.1559630030597163,170019716302635146,170059296571654270,0,170019716302635146,9404.459,282.03204,0,0,0,52355.93,276.52518,True,2026022500239,93,0.0,5.7758416e-06,5.6503454e-06,3.3860263e-13,2520.8762,0.101519085,3066.8171,0.10402718,False,9647.997,668.5796,False,False,False,33.036903,,1655.4342,1681,9159.052,1.28885,150.16577290357966,,2.155963675017973,,0.49411345,,36.316174,,,0,False,,,,,,,,0,False,False,False,42887.08,16.2117,0.16494355,0.1678309,0.010456808,0.17730483,0.17188354,0.006587814,False,False,False,False,0.009586672,0.8815388,False,False,61097.23661815681,,22,False,False,False,False,False,False,False,False,False,False,False,False,False,False,False,False,False,False,False,False,False,i
3,61097.23516563969,lsst,150.16577233827675,2.155969811970785,170019716302635146,170059296707444796,0,170019716302635146,9768.622,269.68475,0,0,0,48362.312,264.1144,True,2026022500240,96,0.0,4.974674e-06,5.0749063e-06,-3.057375e-13,3850.434,0.0914392,1476.1654,0.08934211,False,10340.9375,668.08234,False,False,False,35.61183,,1659.2283,1681,9221.73,0.33606714,150.16577188353918,,2.155969725767419,,0.3019835,,36.6122,,,0,False,,,,,,,,0,False,False,False,38545.383,18.371666,0.15149407,0.15340772,0.0037366273,0.15512198,0.14683451,0.005155147,False,False,False,False,0.00035861702,0.8451626,False,False,61097.236936598194,,22,False,False,False,False,False,False,False,False,False,False,False,False,False,False,False,False,False,False,False,False,False,i
3,61097.23563217152,lsst,150.16577554710358,2.155966552039642,170019716302635146,170059296840089702,0,170019716302635146,9845.605,276.94653,0,0,0,51210.29,271.52988,True,2026022500241,93,0.0,5.3672875e-06,5.861985e-06,-2.1110284e-12,1573.9462,0.10653287,2800.5125,0.09535991,False,10256.193,670.2237,False,False,False,34.505756,,1623.7997,1681,9812.83,0.16569996,150.16577471873325,,2.1559658903702497,,0.68686885,,-2.4293811,,,0,False,,,,,,,,0,False,False,False,41302.184,15.947814,0.19995093,0.16449271,0.011238862,0.16701733,0.16226296,0.010340605,False,False,False,False,0.045800343,0.9114681,False,False,61097.23758157854,,23,False,False,False,False,False,False,False,False,False,False,False,False,False,False,False,False,False,False,False,False,False,i
3,61097.236097991,lsst,150.16576672825929,2.155962827660057,170019716302635146,170059296974307360,0,170019716302635146,10159.062,283.52277,0,0,0,52795.465,277.60025,True,2026022500242,93,0.0,5.471257e-06,5.460972e-06,5.1802726e-14,3087.9246,0.098195225,752.67535,0.09846034,False,10242.607,671.9012,False,False,False,35.326374,,1675.7109,1681,10113.825,1.5345947,150.1657687989945,,2.155964032502399,,0.711972,,-69.14669,,,0,False,,,,,,,,0,False,False,False,42570.87,15.406217,0.17256896,0.17658336,-0.022648234,0.1700993,0.17958926,0.0046253884,False,False,False,False,1.02656195e-05,0.8982026,False,False,61097.238011749796,,23,False,False,False,False,False,False,False,False,False,False,False,False,False,False,False,False,False,False,False,False,False,i
3,61097.23703187594,lsst,150.16577371606633,2.1559711540053836,170019716302635146,170059297243267096,0,170019716302635146,10266.758,284.39893,0,0,0,53380.355,278.3792,True,2026022500244,94,0.0,5.7418615e-06,5.3299177e-06,3.2653526e-12,2311.795,0.09295248,551.19055,0.10592706,False,10549.358,670.3073,False,False,False,36.13821,,1679.9548,1681,10187.4795,0.14547381,150.1657730510244,,2.1559724096206416,,0.6357941,,-93.08481,,,0,False,,,,,,,,0,False,False,False,43036.312,16.274477,0.18154827,0.20490178,-0.01337893,0.16247377,0.19246778,0.0047047827,False,False,False,False,0.034315035,0.905417,False,False,61097.23892668949,,26,False,False,False,False,False,False,False,False,False,False,False,False,False,False,False,False,False,False,False,False,False,i
3,61097.23749753804,lsst,150.1657620259336,2.1559773145787644,170019716302635146,170059297377484830,0,170019716302635146,8958.263,280.24142,0,0,0,51415.176,274.61307,True,2026022500245,94,0.0,5.9573367e-06,5.720215e-06,2.5052779e-12,998.4412,0.10054449,571.0103,0.10937962,False,8734.309,666.3602,False,False,False,31.25355,,1739.9641,1681,8952.092,2.7933593,150.16576073769542,,2.155978161713606,,0.62256014,,-69.60427,,,0,False,,,,,,,,0,False,False,False,42427.25,18.334942,0.16507716,0.158033,-0.016795378,0.17468928,0.19209889,-0.003032739,False,False,False,False,0.06287214,0.8451134,False,False,61097.239428554814,,22,False,False,False,False,False,False,False,False,False,False,False,False,False,False,False,False,False,False,False,False,False,i
3,61097.23795917646,lsst,150.16577354079072,2.1559656208202864,170019716302635146,170059297511178254,0,170019716302635146,9323.863,266.28424,0,0,0,47751.93,261.1073,True,2026022500246,93,0.0,5.460015e-06,4.986846e-06,5.306864e-12,3633.5312,0.083377995,432.09637,0.103647724,False,9006.644,669.5778,False,False,False,34.76864,,1598.8871,1681,9328.23,0.48551366,150.1657730375984,,2.1559652997683316,,0.6817274,,44.366085,,,0,False,,,,,,,,0,False,False,False,38327.97,19.748999,0.13934952,0.1767821,0.009224425,0.14020857,0.16775158,0.008361315,False,False,False,False,0.0027032422,0.84367275,False,False,61097.2399243688,,21,False,False,False,False,False,False,False,False,False,False,False,False,False,False,False,False,False,False,False,False,False,i
3,61097.23842349971,lsst,150.16577957795428,2.155969413856932,170019716302635146,170059297645920338,0,170019716302635146,9390.963,270.3587,0,0,0,49605.26,265.24023,True,2026022500247,94,0.0,5.355274e-06,5.040721e-06,4.71027e-12,1891.66,0.0844766,1727.316,0.10181151,False,10428.193,668.2428,False,False,False,34.50931,,1756.9257,1681,9488.768,1.0401081,150.16577928751624,,2.155967779632513,,0.6921507,,24.194096,,,0,False,,,,,,,,0,False,False,False,40100.332,21.142565,0.1515617,0.17258516,0.0187753,0.1534931,0.17669858,0.012011645,False,False,False,False,0.0013805047,0.89880854,False,False,61097.24034389791,,24,False,False,False,False,False,False,False,False,False,False,False,False,False,False,False,False,False,False,False,False,False,i
3,61097.238893193,lsst,150.16577076082578,2.1559670878303616,170019716302635146,170059297780137992,0,170019716302635146,9626.8545,267.728,0,0,0,48733.49,263.757,True,2026022500248,94,0.0,5.1967672e-06,5.0960784e-06,2.2256853e-12,2771.3223,0.08848974,151.87067,0.0964972,False,9722.393,669.41254,False,False,False,35.258827,,1641.442,1681,9452.261,0.66951317,150.16577029663665,,2.1559665263224557,,0.44909668,,46.689632,,,0,False,,,,,,,,0,False,False,False,39023.344,26.706612,0.1467471,0.16386145,0.0014724972,0.15429176,0.16648577,-0.0026192605,False,False,False,False,0.004016248,0.8575622,False,False,61097.24064692396,,23,False,False,False,False,False,False,False,False,False,False,False,False,False,False,False,False,False,False,False,False,False,i
3,61097.23935848136,lsst,150.16576780933144,2.155967346629529,170019716302635146,170059297914355771,0,170019716302635146,9543.735,252.79808,0,0,0,43742.613,247.85667,True,2026022500249,94,0.0,4.499305e-06,4.537888e-06,-1.3862337e-12,1336.2303,0.08401166,1249.5354,0.078459136,False,8339.083,665.72845,False,False,False,36.32794,,1657.6714,1681,9534.892,1.3955845,150.1657666825692,,2.155968151289534,,0.66692173,,-14.900667,,,0,False,,,,,,,,0,False,False,False,34117.473,42.490917,0.14638859,0.12214716,0.016112734,0.14296012,0.13273141,0.008557849,False,False,False,False,0.0023160037,0.74167037,False,False,61097.24122628177,,20,False,False,False,False,False,False,False,False,False,False,False,False,False,False,False,False,False,False,False,False,False,i
3,61097.23982355084,lsst,150.16576854557528,2.1559713563117686,170019716302635146,170059298048573540,0,170019716302635146,9542.378,257.88754,0,0,0,45635.547,254.63976,True,2026022500250,94,0.0,4.796445e-06,4.7980216e-06,-3.0477747e-13,47.64649,0.08686137,2110.2815,0.08572684,False,10182.609,669.21967,False,False,False,36.950966,,1700.5088,1681,9108.706,0.3043982,150.16576886947982,,2.155971587344437,,0.2544392,,10.872964,,,0,False,,,,,,,,0,False,False,False,35986.34,30.841455,0.15023035,0.1521477,0.002552474,0.15134783,0.13471396,0.0020973044,False,False,False,False,0.011551137,0.89241403,False,False,61097.241713506926,,23,False,False,False,False,False,False,False,False,False,False,False,False,False,False,False,False,False,False,False,False,False,i
3,61097.24029005452,lsst,150.16576900038035,2.1559715351632227,170019716302635146,170059298182791309,0,170019716302635146,10122.064,255.70703,0,0,0,45179.59,252.48773,True,2026022500251,94,0.0,4.3596274e-06,4.3219316e-06,-1.9473262e-12,92.31364,0.08203196,3025.9724,0.073931105,False,10546.49,669.49524,False,False,False,38.88224,,1703.0525,1681,9876.913,0.77600145,150.16576877082906,,2.155972234176771,,0.52349836,,-63.55955,,,0,False,,,,,,,,0,False,False,False,34982.832,48.21005,0.14610545,0.12579203,-0.0064198365,0.14579126,0.12934645,-0.00054110034,False,False,False,False,0.00047629818,0.87284195,False,False,61097.24206337682,,20,False,False,False,False,False,False,False,False,False,False,False,False,False,False,False,False,False,False,False,False,False,i
3,61097.24075844562,lsst,150.1657748951371,2.1559668677884796,170019716302635146,170059298316484612,0,170019716302635146,9171.263,252.62735,0,0,0,44012.844,250.29776,True,2026022500252,93,0.0,4.4119756e-06,4.3210985e-06,-2.0486633e-12,2284.2297,0.08274072,93.75031,0.074135214,False,8186.1406,671.66797,False,False,False,35.491493,,1768.388,1681,8853.973,2.9311635,150.1657743411206,,2.1559654983445937,,0.58748335,,-19.680489,,,0,False,,,,,,,,0,False,False,False,34665.246,29.676878,0.117278226,0.10248439,0.013707724,0.13554202,0.12175989,0.0021517568,False,False,False,False,0.06609504,0.7723436,False,False,61097.24242432933,,18,False,False,False,False,False,False,False,False,False,False,False,False,False,False,False,False,False,False,False,False,False,i
3,61097.24122591873,lsst,150.16577186042437,2.155970762413257,170019716302635146,170059298450702491,0,170019716302635146,9702.799,246.19455,0,0,0,41352.23,241.6575,True,2026022500253,93,0.0,3.8820003e-06,3.6559547e-06,-2.792853e-12,3007.912,0.0744666,3712.442,0.060466874,False,9731.416,679.352,False,False,False,38.850418,,1603.0552,1681,9147.2295,2.6856863,150.16577150830003,,2.1559703061382676,,0.47855178,,-45.831364,,,0,False,,,,,,,,0,False,False,False,31553.656,35.620594,0.11412859,0.094673365,0.0026669693,0.123964,0.10393458,-0.00010017407,False,False,False,False,0.019778993,0.7559306,False,False,61097.24304863411,,19,False,False,False,False,False,False,False,False,False,False,False,False,False,False,False,False,False,False,False,False,False,i
3,61097.24169506251,lsst,150.16576881677784,2.155970367723184,170019716302635146,170059298584920075,0,170019716302635146,9075.619,244.11789,0,0,0,40302.652,238.84203,True,2026022500254,93,0.0,3.9994006e-06,3.908813e-06,-8.4712006e-13,2826.0823,0.07319494,174.81577,0.069013864,False,8179.1587,673.71436,False,False,False,36.908157,,1638.8984,1681,8321.247,1.4568082,150.16576940500022,,2.15596927106354,,0.36574957,,-16.799534,,,0,False,,,,,,,,0,False,False,False,31153.746,31.26884,0.09940418,0.09728403,0.0056698546,0.11967661,0.10644463,-0.0012042385,False,False,False,False,0.046705168,0.65780836,False,False,61097.24345269067,,18,False,False,False,False,False,False,False,False,False,False,False,False,False,False,False,False,False,False,False,False,False,i
3,61097.24215983966,lsst,150.16576962903733,2.1559664545617574,170019716302635146,170059298719137929,0,170019716302635146,9661.302,240.20563,0,0,0,40185.43,237.11362,True,2026022500255,93,0.0,4.158904e-06,3.636553e-06,-3.6778666e-12,1954.9972,0.07936097,2995.3315,0.059816137,False,9677.792,671.7961,False,False,False,39.86332,,1704.0845,1681,9368.366,1.3563145,150.165770011181,,2.1559672520409836,,0.63930553,,-63.73847,,,0,False,,,,,,,,0,False,False,False,30389.328,39.400635,0.13325968,0.0963753,-0.0027523034,0.12139231,0.09631337,-0.0029199605,False,False,False,False,0.008127324,0.77373785,False,False,61097.243923998656,,19,False,False,False,False,False,False,False,False,False,False,False,False,False,False,False,False,False,False,False,False,False,i
3,61097.24262894346,lsst,150.1657762325639,2.1559602301815337,170019716302635146,170059298851782814,0,170019716302635146,9918.81,249.84537,0,0,0,43156.89,245.44148,True,2026022500256,90,0.0,4.671182e-06,4.0029186e-06,-4.1551125e-12,2323.4329,0.08810869,3559.4512,0.06696762,False,10718.006,673.8858,False,False,False,38.08736,,1594.639,1681,9658.097,0.50326705,150.16577651978545,,2.1559611205511797,,0.6021227,,-48.50308,,,0,False,,,,,,,,0,False,False,False,33141.09,40.994865,0.1476523,0.11904507,0.0075734877,0.13575296,0.104931444,0.0054482063,False,False,False,False,0.034496337,0.8363223,False,False,61097.244278299666,,20,False,False,False,False,False,False,False,False,False,False,False,False,False,False,False,False,False,False,False,False,False,i
3,61097.24309586386,lsst,150.16577666006427,2.1559685230508427,170019716302635146,170059298986524802,0,170019716302635146,9735.35,258.19778,0,0,0,45476.516,253.28107,True,2026022500257,91,0.0,4.598949e-06,4.2455686e-06,-1.8296207e-12,615.26245,0.084362,3138.5503,0.07457131,False,10600.596,672.0813,False,False,False,36.35659,,1670.4261,1681,9292.588,0.45466685,150.16577589032846,,2.1559683050805107,,0.4761067,,-55.644665,,,0,False,,,,,,,,0,False,False,False,35662.35,32.043964,0.14292517,0.1243143,0.0032537584,0.14404617,0.12369574,0.008579694,False,False,False,False,1.1771555e-05,0.8268381,False,False,61097.24483721585,,20,False,False,False,False,False,False,False,False,False,False,False,False,False,False,False,False,False,False,False,False,False,i
3,61097.243565053366,lsst,150.1657750963816,2.1559599427405685,170019716302635146,170059299122315294,0,170019716302635146,9726.932,251.25563,0,0,0,43387.37,246.91971,True,2026022500258,94,0.0,4.1300727e-06,3.8009905e-06,-1.2271964e-12,3887.823,0.07534583,836.30194,0.06721779,False,8559.316,670.99194,False,False,False,38.50461,,1694.9929,1681,9496.047,1.3183181,150.1657740541082,,2.155960673193879,,0.68206555,,-33.64479,,,0,False,,,,,,,,0,False,False,False,33572.586,35.294544,0.11635253,0.101241775,0.020261252,0.13014163,0.11162048,0.014663921,False,False,False,False,0.029712405,0.76456314,False,False,61097.245355167455,,19,False,False,False,False,False,False,False,False,False,False,False,False,False,False,False,False,False,False,False,False,False,i
3,61097.24403135812,lsst,150.16577389727107,2.155966546768132,170019716302635146,170059299256533038,0,170019716302635146,9265.821,251.02074,0,0,0,42907.957,246.23534,True,2026022500259,94,0.0,4.2084353e-06,4.0316886e-06,-5.5536646e-13,3234.551,0.07610407,1151.0338,0.072105214,False,8446.442,672.5034,False,False,False,36.74578,,1714.0494,1681,8933.485,3.255302,150.16577296232973,,2.155966304838256,,0.60435253,,-33.26956,,,0,False,,,,,,,,0,False,False,False,33586.71,29.703,0.11660288,0.10877153,0.016055688,0.12853873,0.11405264,0.016847564,False,False,False,False,0.015138857,0.7122726,False,False,61097.24576748139,,18,False,False,False,False,False,False,False,False,False,False,False,False,False,False,False,False,False,False,False,False,False,i
3,61097.244500359084,lsst,150.16576287041372,2.155967651486179,170019716302635146,170059299390750731,0,170019716302635146,9812.072,254.65912,0,0,0,43858.09,250.26997,True,2026022500260,94,0.0,4.5440866e-06,4.148383e-06,-1.0428924e-12,2274.327,0.08231408,252.34633,0.07398892,False,9250.747,670.17163,False,False,False,37.414112,,1727.0275,1681,9699.04,0.27549502,150.16576327351325,,2.155967794909742,,0.7677879,,-55.586235,,,0,False,,,,,,,,0,False,False,False,33926.57,27.765951,0.15301614,0.10938042,0.0168343,0.13154025,0.12706992,0.015823448,False,False,False,False,0.0006918273,0.8062439,False,False,61097.2461370665,,19,False,False,False,False,False,False,False,False,False,False,False,False,False,False,False,False,False,False,False,False,False,i
3,61097.245062407645,lsst,150.16576531551146,2.1559700840928366,170019716302635146,170059299524444170,0,170019716302635146,9035.558,254.82448,0,0,0,42888.94,249.3965,True,2026022500261,93,0.0,4.308014e-06,4.2997494e-06,1.0264613e-13,3709.5896,0.077187106,332.56766,0.07765328,False,7620.2104,671.50665,False,False,False,34.499523,,1748.5844,1681,8273.139,0.4944916,150.16576525619678,,2.1559702687455156,,0.41380242,,-21.189257,,,0,False,,,,,,,,0,False,False,False,33742.184,29.453104,0.10892384,0.09582086,0.0035303852,0.12040649,0.13014735,0.0040685395,False,False,False,False,0.09927791,0.7782652,False,False,61097.246720887604,,18,False,False,False,False,False,False,False,False,False,False,False,False,False,False,False,False,False,False,False,False,False,i
3,61097.245525949475,lsst,150.1657696875763,2.1559675726115017,170019716302635146,170059299659186266,0,170019716302635146,9734.52,262.87427,0,0,0,46399.676,257.13113,True,2026022500262,94,0.0,4.6845544e-06,4.8573584e-06,-3.4346905e-12,1900.0883,0.09224917,1747.6191,0.07890227,False,8646.755,669.47943,False,False,False,36.319107,,1794.0316,1681,9365.58,0.9805553,150.16577083404025,,2.1559677203437575,,0.6223917,,-68.98458,,,0,False,,,,,,,,0,False,False,False,36598.48,23.40737,0.1443649,0.12778775,-0.015242048,0.15100129,0.1218925,-0.0047424496,False,False,False,False,2.5128069e-05,0.7825243,False,False,61097.247201180035,,19,False,False,False,False,False,False,False,False,False,False,False,False,False,False,False,False,False,False,False,False,False,i
3,61097.245992478274,lsst,150.16576489465982,2.1559672893217816,170019716302635146,170059299793403910,0,170019716302635146,9796.1,245.91031,0,0,0,41459.89,241.57718,True,2026022500263,94,0.0,3.892926e-06,3.940614e-06,-1.4162368e-12,2853.1943,0.073660724,215.96414,0.067102216,False,10248.207,667.8522,False,False,False,39.335026,,1760.1753,1681,9177.875,0.76352894,150.16576586569002,,2.155967746727205,,0.5473234,,-68.2394,,,0,False,,,,,,,,0,False,False,False,31578.445,45.574543,0.1187767,0.10305124,-0.010809658,0.12265475,0.10863077,-0.003318392,False,False,False,False,0.0048163775,0.8467698,False,False,61097.24770590271,,19,False,False,False,False,False,False,False,False,False,False,False,False,False,False,False,False,False,False,False,False,False,i
3,61097.24645790426,lsst,150.1657687945151,2.1559646205107845,170019716302635146,170059299927621690,0,170019716302635146,9404.621,242.00757,0,0,0,40780.484,238.55325,True,2026022500264,94,0.0,3.9723523e-06,4.0007653e-06,-4.337785e-12,1366.4386,0.08090852,1239.8075,0.061147925,False,8694.83,667.02,False,False,False,37.33046,,1825.931,1681,9148.765,2.0526986,150.16576744917177,,2.1559649008893196,,0.6643712,,-37.89271,,,0,False,,,,,,,,0,False,False,False,31250.393,45.165985,0.121773735,0.081681915,0.0045261,0.12891023,0.10107494,0.0061268075,False,False,False,False,0.037484445,0.8031782,False,False,61097.24812681966,,18,False,False,False,False,False,False,False,False,False,False,False,False,False,False,False,False,False,False,False,False,False,i
3,61097.24692304268,lsst,150.1657747400178,2.15597668337324,170019716302635146,170059300061839459,0,170019716302635146,10047.412,259.39865,0,0,0,45737.0,255.16753,True,2026022500265,94,0.0,4.2562388e-06,4.2468146e-06,-5.2607235e-13,40.372902,0.07758149,2035.4684,0.07536018,False,9503.18,670.30164,False,False,False,37.64891,,1721.0634,1681,9427.749,0.6503127,150.1657747599771,,2.15597589163517,,0.45057952,,10.346731,,,0,False,,,,,,,,0,False,False,False,35541.98,22.701939,0.12366671,0.13116598,0.007967821,0.14088918,0.12421567,0.011187504,False,False,False,False,0.0049566394,0.8588996,False,False,61097.24864782704,,20,False,False,False,False,False,False,False,False,False,False,False,False,False,False,False,False,False,False,False,False,False,i
3,61097.24739162343,lsst,150.16577637689014,2.1559716774355224,170019716302635146,170059300196057233,0,170019716302635146,9639.4,256.78067,0,0,0,45292.36,253.03578,True,2026022500266,94,0.0,4.4724043e-06,4.3265873e-06,-3.4766255e-12,45.063572,0.0860705,2951.6995,0.071565285,False,10658.356,670.84375,False,False,False,36.836636,,1641.8046,1681,9320.198,1.1977162,150.16577637269643,,2.1559721487716033,,0.6532421,,-54.75488,,,0,False,,,,,,,,0,False,False,False,35551.367,26.984964,0.14570802,0.10744076,-0.003038592,0.13910116,0.12374953,0.005285241,False,False,False,False,0.004460619,0.8342171,False,False,61097.2491080811,,20,False,False,False,False,False,False,False,False,False,False,False,False,False,False,False,False,False,False,False,False,False,i
3,61097.248322646155,lsst,150.1657682249219,2.155970635003936,170019716302635146,170059300463968413,0,170019716302635146,9400.812,247.90813,0,0,0,41246.016,242.99222,True,2026022500268,93,0.0,4.1052863e-06,4.1533376e-06,4.6929924e-13,2932.782,0.073160484,3570.1023,0.07538714,False,8733.137,676.34314,False,False,False,37.838074,,1531.3297,1681,9051.281,0.7557469,150.1657676799705,,2.15597090888667,,0.6077303,,-13.252437,,,0,False,,,,,,,,0,False,False,False,31768.285,30.415855,0.12127582,0.11905159,0.016602065,0.11443957,0.12306674,0.006532809,False,False,False,False,0.0004182482,0.751068,False,False,61097.25002410138,,19,False,False,False,False,False,False,False,False,False,False,False,False,False,False,False,False,False,False,False,False,False,i
3,61097.24879024207,lsst,150.1657734667344,2.1559705851220983,170019716302635146,170059300598185988,0,170019716302635146,9576.921,248.58145,0,0,0,42411.59,244.73717,True,2026022500269,93,0.0,4.167523e-06,3.946658e-06,-1.6410832e-12,2926.5542,0.07704005,28.095024,0.06874429,False,9253.514,675.45886,False,False,False,38.38359,,1573.3063,1681,8930.234,1.248224,150.1657731720222,,2.155969827551172,,0.40882334,,-48.858166,,,0,False,,,,,,,,0,False,False,False,32714.498,37.34047,0.116749406,0.10323475,0.0025878344,0.12806141,0.11175245,0.0015944268,False,False,False,False,0.020263005,0.76131994,False,False,61097.25047989086,,19,False,False,False,False,False,False,False,False,False,False,False,False,False,False,False,False,False,False,False,False,False,i
3,61097.24925680821,lsst,150.16577296976,2.1559694896487245,170019716302635146,170059300732403843,0,170019716302635146,9815.647,252.71486,0,0,0,43481.11,248.92616,True,2026022500270,93,0.0,4.2485394e-06,4.14651e-06,-6.248902e-13,1916.3351,0.07711925,2804.9438,0.07387588,False,8689.353,676.44495,False,False,False,38.16915,,1632.8584,1681,9273.171,0.45547014,150.16577345442334,,2.1559698552587068,,0.43922734,,-22.348701,,,0,False,,,,,,,,0,False,False,False,33576.52,36.81683,0.119517304,0.116599,0.0082484875,0.12864307,0.11850612,0.009866304,False,False,False,False,0.0061300765,0.70662045,False,False,61097.250965679574,,18,False,False,False,False,False,False,False,False,False,False,False,False,False,False,False,False,False,False,False,False,False,i
3,61097.249726887734,lsst,150.1657670954414,2.1559660783794334,170019716302635146,170059300865048735,0,170019716302635146,9370.266,266.4521,0,0,0,46351.418,260.63068,True,2026022500271,90,0.0,4.700275e-06,4.7348917e-06,1.8753227e-13,2461.5693,0.084388256,3392.1726,0.085344255,False,9629.979,678.0621,False,False,False,35.16427,,1636.3724,1681,8984.381,1.1008698,150.16576797961474,,2.155965151846387,,0.52401006,,6.1660438,,,0,False,,,,,,,,0,False,False,False,36920.773,24.217571,0.12082248,0.1400741,0.007276254,0.15289792,0.13286768,0.017900795,False,False,False,False,0.026659744,0.8074062,False,False,61097.25148093315,,21,False,False,False,False,False,False,False,False,False,False,False,False,False,False,False,False,False,False,False,False,False,i
3,61097.250194829656,lsst,150.1657703380143,2.1559678363463783,170019716302635146,170059300999790713,0,170019716302635146,9303.578,265.3593,0,0,0,46294.656,260.6022,True,2026022500272,91,0.0,5.3048816e-06,4.5967977e-06,-3.3623575e-12,767.88727,0.097688586,3094.4226,0.080002904,False,9900.478,680.1543,False,False,False,34.65033,,1797.6971,1681,9203.59,0.67879045,150.16577158948797,,2.155968116631457,,0.7574824,,-57.154892,,,0,False,,,,,,,,0,False,False,False,36923.004,25.893457,0.16861725,0.11950994,0.009880495,0.14701076,0.13379441,0.009417728,False,False,False,False,0.0023806242,0.8944221,False,False,61097.25189365389,,19,False,False,False,False,False,False,False,False,False,False,False,False,False,False,False,False,False,False,False,False,False,i
3,61097.25066211226,lsst,150.16577018442038,2.15596605759758,170019716302635146,170059301135581221,0,170019716302635146,9524.079,253.76028,0,0,0,43862.1,251.57622,True,2026022500273,94,0.0,4.1021895e-06,4.072902e-06,-9.502577e-14,3941.8975,0.073863745,949.30914,0.07319433,False,9292.348,676.74817,False,False,False,37.24196,,1671.5459,1681,8848.521,1.9110501,150.1657693189195,,2.155965701944661,,0.43460044,,-21.516819,,,0,False,,,,,,,,0,False,False,False,34199.89,45.306683,0.11463843,0.11733875,0.008087896,0.13279966,0.12098142,0.012922177,False,False,False,False,0.023115415,0.7377076,False,False,61097.25237332774,,20,False,False,False,False,False,False,False,False,False,False,False,False,False,False,False,False,False,False,False,False,False,i
3,61097.251131012905,lsst,150.16576955828072,2.155969626102144,170019716302635146,170059301269798961,0,170019716302635146,9479.261,258.2593,0,0,0,44859.902,254.18987,True,2026022500274,94,0.0,4.679665e-06,4.423601e-06,-7.182073e-13,3275.0356,0.084567085,1232.2594,0.0791582,False,9606.503,676.8399,False,False,False,36.395596,,1689.23,1681,9087.663,1.5300845,150.1657691570251,,2.155969429220578,,0.54169947,,-41.58526,,,0,False,,,,,,,,0,False,False,False,35274.023,29.648787,0.13556351,0.12475758,0.011762808,0.13404363,0.13134474,0.017398695,False,False,False,False,0.0012070859,0.780682,False,False,61097.252884926274,,21,False,False,False,False,False,False,False,False,False,False,False,False,False,False,False,False,False,False,False,False,False,i
3,61097.25159683409,lsst,150.1657716950842,2.1559643992293673,170019716302635146,170059301404016651,0,170019716302635146,9151.172,254.27066,0,0,0,43945.49,250.89265,True,2026022500275,94,0.0,4.709946e-06,4.3858704e-06,-7.0639577e-13,2359.931,0.08502603,285.94662,0.07856372,False,8297.254,671.8644,False,False,False,35.993385,,1625.3689,1681,8770.103,1.2533003,150.16577159478132,,2.155964658054121,,0.50133485,,-63.116264,,,0,False,,,,,,,,0,False,False,False,34689.85,34.44614,0.13334596,0.113924876,0.0052195997,0.13147283,0.12882006,0.007091192,False,False,False,False,0.008099405,0.77576214,False,False,61097.253259790334,,19,False,False,False,False,False,False,False,False,False,False,False,False,False,False,False,False,False,False,False,False,False,i
3,61097.2525999111,lsst,150.16577034837584,2.1559716093130006,170019716302635146,170059301672452180,0,170019716302635146,9977.602,255.8302,0,0,0,43965.203,252.20638,True,2026022500277,94,0.0,4.0724417e-06,4.0852815e-06,3.626462e-13,1962.7919,0.07255178,1742.2378,0.07418048,False,9716.4375,679.2882,False,False,False,38.9393,,1675.6014,1681,9433.408,0.21348548,150.16577099332002,,2.155971459589827,,0.415579,,-96.90549,,,0,False,,,,,,,,0,False,False,False,33876.867,23.720812,0.118928246,0.12044533,-0.0074238474,0.12675324,0.13146952,0.0024700894,False,False,False,False,0.01702922,0.8446582,False,False,61097.25435450355,,19,False,False,False,False,False,False,False,False,False,False,False,False,False,False,False,False,False,False,False,False,False,i
3,61097.25306716746,lsst,150.16577342561968,2.1559696718768464,170019716302635146,170059301806669843,0,170019716302635146,9570.742,260.63797,0,0,0,44919.766,256.84805,True,2026022500278,94,0.0,4.4581684e-06,4.7017634e-06,4.471161e-12,3182.9783,0.072803386,414.90955,0.09102052,False,9404.58,677.3603,False,False,False,36.500935,,1645.3796,1681,9292.702,1.4852537,150.16577281381322,,2.1559685772042028,,0.6679573,,24.243763,,,0,False,,,,,,,,0,False,False,False,35218.668,24.740746,0.10748704,0.14358802,0.009401872,0.1211423,0.14447281,0.0019563534,False,False,False,False,0.009887201,0.81672645,False,False,61097.254794646375,,19,False,False,False,False,False,False,False,False,False,False,False,False,False,False,False,False,False,False,False,False,False,i
3,61097.253532410716,lsst,150.16576492605307,2.1559677913527877,170019716302635146,170059301940887616,0,170019716302635146,9240.219,258.67825,0,0,0,43787.82,254.36037,True,2026022500279,94,0.0,4.5188103e-06,4.3984583e-06,-1.4831391e-12,1528.1492,0.08332653,1141.3455,0.076968506,False,7968.2573,680.347,False,False,False,35.417034,,1630.873,1681,8598.489,1.8098668,150.1657655534637,,2.155966633923299,,0.25960097,,-118.92805,,,0,False,,,,,,,,0,False,False,False,34455.6,22.72116,0.11279228,0.11629144,-0.0022494767,0.13831718,0.12449168,0.0041022883,False,False,False,False,0.05259416,0.7269819,False,False,61097.25528822192,,18,False,False,False,False,False,False,False,False,False,False,False,False,False,False,False,False,False,False,False,False,False,i
3,61097.25400095695,lsst,150.16576951808273,2.1559677448575045,170019716302635146,170059302075105357,0,170019716302635146,9749.005,267.03778,0,0,0,46858.793,263.16614,True,2026022500280,94,0.0,4.7924914e-06,4.7380413e-06,-5.388167e-13,73.0768,0.08683895,1670.142,0.084588125,False,9092.253,677.90106,False,False,False,36.37325,,1791.1067,1681,9318.347,0.82617253,150.16576981480648,,2.1559670388157746,,0.42521924,,-68.39966,,,0,False,,,,,,,,0,False,False,False,36982.977,21.077997,0.15025438,0.13571632,-0.0027658604,0.14272784,0.14596307,0.006624464,False,False,False,False,0.0003199284,0.8271203,False,False,61097.25565712209,,22,False,False,False,False,False,False,False,False,False,False,False,False,False,False,False,False,False,False,False,False,False,i
3,61097.25493735748,lsst,150.16577667072386,2.155964956070997,170019716302635146,170059302341443732,0,170019716302635146,9448.811,282.68958,0,0,0,50512.434,276.7408,True,2026022500282,90,0.0,5.8901906e-06,5.663953e-06,-1.6766609e-12,2832.3477,0.1071969,3454.938,0.10058217,False,9790.533,684.6283,False,False,False,32.72077,,1748.2383,1681,9342.616,0.7433154,150.16577691343596,,2.155964456372055,,0.75925547,,-23.98731,,,0,False,,,,,,,,0,False,False,False,40986.527,17.89646,0.172641,0.16361566,0.025819372,0.16142812,0.15702869,0.018860787,False,False,False,False,0.012343972,0.87966293,False,False,61097.256789345905,,22,False,False,False,False,False,False,False,False,False,False,False,False,False,False,False,False,False,False,False,False,False,i
3,61097.25540403944,lsst,150.16577515819807,2.155969394834099,170019716302635146,170059302477234286,0,170019716302635146,9409.723,263.37158,0,0,0,44780.73,259.4892,True,2026022500283,93,0.0,4.2108004e-06,4.758627e-06,2.5265282e-12,2694.0278,0.07342939,2911.4128,0.08759799,False,8911.591,688.5149,False,False,False,35.31395,,1647.003,1681,9030.243,2.0142426,150.16577554993248,,2.1559688315614367,,0.61414534,,-156.3871,,,0,False,,,,,,,,0,False,False,False,35255.54,25.930258,0.10275711,0.13679825,-0.00041064728,0.11693172,0.14275189,0.00569514,False,False,False,False,0.01928891,0.748219,False,False,61097.25709000726,,18,False,False,False,False,False,False,False,False,False,False,False,False,False,False,False,False,False,False,False,False,False,i
3,61097.25587181971,lsst,150.16577209843868,2.155966814132379,170019716302635146,170059302609879194,0,170019716302635146,9637.94,269.03015,0,0,0,46439.23,264.62527,True,2026022500284,90,0.0,4.780952e-06,4.77799e-06,-1.6391904e-14,3339.4531,0.08601428,3654.2915,0.085942484,False,9799.61,691.0775,False,False,False,34.549557,,1776.6903,1681,9118.854,2.2354927,150.16577180383914,,2.155966442687823,,0.5986902,,-28.592976,,,0,False,,,,,,,,0,False,False,False,36725.004,22.799622,0.12861428,0.124634,0.015923155,0.1353212,0.13825583,0.0062048025,False,False,False,False,0.018682593,0.8604267,False,False,61097.25755611078,,20,False,False,False,False,False,False,False,False,False,False,False,False,False,False,False,False,False,False,False,False,False,i
3,61097.25633477936,lsst,150.16578469100762,2.1559723218780054,170019716302635146,170059302745669725,0,170019716302635146,9055.274,265.19214,0,0,0,46192.508,262.0958,True,2026022500285,93,0.0,4.9704804e-06,4.5936836e-06,-1.2138482e-12,1839.8071,0.090078734,1963.2356,0.08190601,False,8235.93,686.2028,False,False,False,34.175762,,1693.2634,1681,8541.853,2.8732343,150.16578525695454,,2.15597242282756,,0.4604541,,-78.46121,,,0,False,,,,,,,,0,False,False,False,36984.867,23.448664,0.12581211,0.10764203,-0.0017315132,0.13171484,0.13602859,-0.0014341626,False,False,False,False,0.053346474,0.80978787,False,False,61097.25822275447,,19,False,False,False,False,False,False,False,False,False,False,False,False,False,False,False,False,False,False,False,False,False,i
3,61097.25680099358,lsst,150.16577141473317,2.155966736022827,170019716302635146,170059302878314604,0,170019716302635146,9184.679,259.63632,0,0,0,43634.156,255.63937,True,2026022500286,90,0.0,4.906397e-06,4.844286e-06,-1.6473342e-13,3056.3079,0.08833517,2715.5957,0.08706622,False,9233.715,691.3934,False,False,False,34.287746,,1637.541,1681,8872.87,0.27947465,150.16577229593673,,2.1559671354462777,,0.6425031,,-56.453835,,,0,False,,,,,,,,0,False,False,False,34361.812,24.512384,0.15316088,0.12438491,0.011709172,0.12069117,0.13293883,0.00021844303,False,False,False,False,0.02776105,0.82551146,False,False,61097.25849148519,,20,False,False,False,False,False,False,False,False,False,False,False,False,False,False,False,False,False,False,False,False,False,i
3,61097.257268807545,lsst,150.1657647631261,2.1559631630565868,170019716302635146,170059303013056635,0,170019716302635146,9461.186,253.3781,0,0,0,42231.285,249.57864,True,2026022500287,91,0.0,4.5139873e-06,4.1653143e-06,-6.235145e-13,1381.1544,0.08144529,2890.671,0.07466405,False,7755.93,685.794,False,False,False,36.895084,,1723.1849,1681,9044.452,1.1872596,150.16576538514352,,2.1559630076747793,,0.46640792,,-99.72569,,,0,False,,,,,,,,0,False,False,False,32680.455,29.552277,0.12523851,0.11106975,-0.006322344,0.12792471,0.118435144,-0.0005286342,False,False,False,False,0.005106966,0.70030063,False,False,61097.25902884672,,18,False,False,False,False,False,False,False,False,False,False,False,False,False,False,False,False,False,False,False,False,False,i
3,61097.25820279922,lsst,150.1657739425746,2.155957943588258,170019716302635146,170059303283064887,0,170019716302635146,9517.256,262.44327,0,0,0,45351.703,258.9997,True,2026022500289,94,0.0,4.857203e-06,4.807377e-06,-4.6830236e-14,3411.2693,0.08738182,1455.2378,0.08646691,False,8185.1436,687.70514,False,False,False,35.683933,,1724.43,1681,9072.775,0.18620785,150.16577412085408,,2.1559574313336634,,0.53826094,,-37.32735,,,0,False,,,,,,,,0,False,False,False,35690.19,20.260458,0.13582231,0.13818572,0.012679964,0.13500282,0.12570776,0.0032853005,False,False,False,False,0.008431104,0.7663543,False,False,61097.25992923016,,19,False,False,False,False,False,False,False,False,False,False,False,False,False,False,False,False,False,False,False,False,False,i
3,61097.258671980075,lsst,150.16576944628014,2.1559592888874852,170019716302635146,170059303417282576,0,170019716302635146,9750.55,259.73083,0,0,0,43736.61,254.4952,True,2026022500290,94,0.0,4.988595e-06,4.6653286e-06,-1.1431719e-13,2690.5244,0.08974202,356.61743,0.08390835,False,10772.821,690.3065,False,False,False,35.97192,,1734.9567,1681,9153.009,0.20710765,150.16577082981908,,2.1559590921389233,,0.4809209,,-128.92221,,,0,False,,,,,,,,0,False,False,False,33925.344,19.6431,0.14047787,0.13763548,-0.009948768,0.12862344,0.120873295,-0.0013893811,False,False,False,False,0.040143557,0.87986803,False,False,61097.260281847935,,20,False,False,False,False,False,False,False,False,False,False,False,False,False,False,False,False,False,False,False,False,False,i
3,61097.259420999966,lsst,150.1657719925016,2.155973193850181,170019716302635146,170059303550976115,0,170019716302635146,9866.101,277.62015,0,0,0,49527.33,273.26337,True,2026022500291,93,0.0,5.1466786e-06,4.9019027e-06,-3.1358344e-13,3240.6045,0.0881007,2493.919,0.092647165,False,10550.122,688.75635,False,False,False,34.98127,,1690.8785,1681,9440.478,0.09006469,150.16577299953497,,2.155971927036487,,0.37814066,,89.64332,,,0,False,,,,,,,,0,False,False,False,39589.14,17.523785,0.1492318,0.16101702,0.0015674633,0.16049632,0.15539846,-0.0045568724,False,False,False,False,0.0012588559,0.88395405,False,False,61097.26108079542,,22,False,False,False,False,False,False,False,False,False,False,False,False,False,False,False,False,False,False,False,False,False,i
3,61097.259887277614,lsst,150.16577222253852,2.1559650502886094,170019716302635146,170059303685718106,0,170019716302635146,9159.245,262.9353,0,0,0,44983.27,258.349,True,2026022500292,94,0.0,4.4905923e-06,4.544803e-06,3.2193442e-14,1753.9519,0.08175461,1901.3257,0.08077383,False,8259.84,687.79846,False,False,False,34.959335,,1696.1924,1681,8549.6045,0.7571022,150.16577288281468,,2.1559644246359073,,0.2583694,,-45.022804,,,0,False,,,,,,,,0,False,False,False,35733.902,23.258942,0.11326962,0.114094794,-0.0027923947,0.13360664,0.1351354,-0.0109498575,False,False,False,False,0.07644872,0.7154556,False,False,61097.2616352771,,19,False,False,False,False,False,False,False,False,False,False,False,False,False,False,False,False,False,False,False,False,False,i
3,61097.26035412487,lsst,150.16577262109925,2.155960214620823,170019716302635146,170059303819935745,0,170019716302635146,8831.071,258.75665,0,0,0,44652.805,258.15018,True,2026022500293,94,0.0,4.6954624e-06,4.879023e-06,3.2399905e-14,1418.6788,0.08776301,120.73001,0.08446127,False,7191.454,687.2568,False,False,False,33.49772,,1725.3278,1681,8549.4,0.8367678,150.165771747012,,2.15596104971475,,0.53867626,,-38.362347,,,0,False,,,,,,,,0,False,False,False,35603.258,30.257868,0.12431923,0.11944955,-0.012608797,0.13970424,0.12887347,-0.0054771225,False,False,False,False,0.028201494,0.6810471,False,False,61097.262025960925,,18,False,False,False,False,False,False,False,False,False,False,False,False,False,False,False,False,False,False,False,False,False,i
3,61097.26082036204,lsst,150.1657709589922,2.1559652794734454,170019716302635146,170059303954153551,0,170019716302635146,10267.897,261.27472,0,0,0,44959.016,257.1257,True,2026022500294,94,0.0,4.2397687e-06,4.4829776e-06,-7.103154e-14,1010.96185,0.080641255,1878.5125,0.076260306,False,9778.112,687.6543,False,False,False,38.017723,,1637.4722,1681,9635.055,0.01679626,150.16577056932417,,2.1559649320009213,,0.35581943,,10.085023,,,0,False,,,,,,,,0,False,False,False,34625.09,23.327847,0.14178605,0.13190793,0.0021814688,0.13227743,0.12966143,-0.000810697,False,False,False,False,0.0065635685,0.73590386,False,False,61097.2625458376,,20,False,False,False,False,False,False,False,False,False,False,False,False,False,False,False,False,False,False,False,False,False,i
3,61097.26129263872,lsst,150.1657703809131,2.1559681684270315,170019716302635146,170059304088371357,0,170019716302635146,9381.827,267.90054,0,0,0,46212.77,263.58237,True,2026022500295,94,0.0,4.8051384e-06,5.266619e-06,-3.9922853e-13,562.925,0.09479092,3352.882,0.08637173,False,9906.203,685.4904,False,False,False,34.77435,,1663.186,1681,9284.394,1.431227,150.16576868360252,,2.155969535359541,,0.7212922,,-31.068193,,,0,False,,,,,,,,0,False,False,False,36711.047,22.458097,0.16068713,0.13178168,-0.018826688,0.14310549,0.14152549,-0.0031504103,False,False,False,False,0.002690564,0.8032146,False,False,61097.263057356075,,23,False,False,False,False,False,False,False,False,False,False,False,False,False,False,False,False,False,False,False,False,False,i
3,61097.26222792143,lsst,150.16577314055053,2.155969890286219,170019716302635146,170059304356282483,0,170019716302635146,9763.856,275.3673,0,0,0,48046.02,270.68436,True,2026022500297,93,0.0,5.712577e-06,4.941299e-06,1.6416919e-12,1969.7538,0.08830344,3046.617,0.103258625,False,10814.364,696.52716,False,False,False,34.806225,,1688.7887,1681,9816.788,0.8482842,150.1657735001102,,2.1559700658809233,,0.7324171,,63.953857,,,0,False,,,,,,,,0,False,False,False,38196.668,16.987688,0.1366617,0.17876393,0.012284242,0.14989796,0.14780724,0.009450578,False,False,False,False,0.013080864,0.91231114,False,False,61097.26405652492,,22,False,False,False,False,False,False,False,False,False,False,False,False,False,False,False,False,False,False,False,False,False,i
3,61097.26269423636,lsst,150.16577839238866,2.155972058271302,170019716302635146,170059304492597291,0,170019716302635146,9482.9795,280.94724,0,0,0,49862.223,276.7669,True,2026022500298,97,0.0,5.616143e-06,5.121066e-06,1.3990447e-12,614.1639,0.09150685,1139.9265,0.10158394,False,9464.293,693.8095,False,False,False,33.491245,,1653.2621,1681,8913.45,0.3213444,150.16577749485086,,2.155971843209615,,0.38507444,,63.682358,,,0,False,,,,,,,,0,False,False,False,40288.44,18.097967,0.141659,0.15316239,0.0026591227,0.1443431,0.15909393,0.0013556393,False,False,False,False,0.003049323,0.86740714,False,False,61097.264519160635,,22,False,False,False,False,False,False,False,False,False,False,False,False,False,False,False,False,False,False,False,False,False,i
3,61097.263168803234,lsst,150.16576951889502,2.155969227582022,170019716302635146,170059304624717947,0,170019716302635146,8563.58,280.99796,0,0,0,48114.812,275.3244,True,2026022500299,93,0.0,6.0109746e-06,5.9003323e-06,4.3630548e-13,2445.0034,0.10592576,2755.0693,0.10833079,False,8676.825,689.6292,False,False,False,30.429935,,1806.7806,1681,8409.27,2.25449,150.1657687378182,,2.1559701411962453,,0.6857271,,29.278349,,,0,False,,,,,,,,0,False,False,False,39508.805,16.976,0.15463091,0.15640758,0.021138335,0.1543181,0.15919407,0.013577725,False,False,False,False,0.00024361533,0.8624119,False,False,61097.264972292905,,21,False,False,False,False,False,False,False,False,False,False,False,False,False,False,False,False,False,False,False,False,False,i
3,61097.26363394628,lsst,150.1657750353158,2.155968790468478,170019716302635146,170059304760508459,0,170019716302635146,9317.934,284.846,0,0,0,50275.355,279.70743,True,2026022500300,96,0.0,5.835819e-06,5.247766e-06,2.7095635e-12,3577.7317,0.092700034,1259.7716,0.10648584,False,9500.131,697.53253,False,False,False,32.285217,,1689.1168,1681,9118.117,2.8876042,150.1657734939181,,2.155968985580233,,0.5769149,,-107.48917,,,0,False,,,,,,,,0,False,False,False,40867.945,16.583176,0.13804391,0.16725087,-0.0012185833,0.14703992,0.1661964,0.0025451712,False,False,False,False,0.0025104948,0.88347375,False,False,61097.2655453678,,22,False,False,False,False,False,False,False,False,False,False,False,False,False,False,False,False,False,False,False,False,False,i
3,61097.2641006628,lsst,150.16577991378074,2.15596536931857,170019716302635146,170059304893153373,0,170019716302635146,9613.193,289.05774,0,0,0,52209.668,283.56863,True,2026022500301,93,0.0,5.2938567e-06,5.3531703e-06,-3.2801046e-13,1527.8005,0.09652627,2426.4773,0.09499802,False,9649.928,695.47235,False,False,False,33.15867,,1711.3544,1681,9124.841,1.8615922,150.16577942533647,,2.1559653001556183,,0.39156613,,-96.68183,,,0,False,,,,,,,,0,False,False,False,42547.61,15.946999,0.14819013,0.1592428,-0.003517254,0.17009877,0.16225547,0.005087732,False,False,False,False,0.02305979,0.8760924,False,False,61097.26592237364,,22,False,False,False,False,False,False,False,False,False,False,False,False,False,False,False,False,False,False,False,False,False,i
3,61097.264568081824,lsst,150.1657720015579,2.1559657187719576,170019716302635146,170059305027371021,0,170019716302635146,9047.144,276.47995,0,0,0,48556.03,273.14853,True,2026022500302,93,0.0,5.536724e-06,5.261772e-06,1.8848818e-12,3194.0251,0.09306697,495.16342,0.101077296,False,8311.797,692.06445,False,False,False,32.73281,,1640.0471,1681,8726.555,1.206758,150.1657704607431,,2.155965420670292,,0.5561902,,-81.225746,,,0,False,,,,,,,,0,False,False,False,39382.25,19.758589,0.13736616,0.14695054,-0.012747792,0.14991207,0.15833607,-0.0026104804,False,False,False,False,0.022927193,0.8051073,False,False,61097.2663825651,,21,False,False,False,False,False,False,False,False,False,False,False,False,False,False,False,False,False,False,False,False,False,i
3,61097.265502430215,lsst,150.16577722058625,2.155967733984717,170019716302635146,170059305296330778,0,170019716302635146,9369.675,274.97,0,0,0,47708.402,269.9862,True,2026022500304,94,0.0,5.062008e-06,5.079815e-06,-1.8714299e-13,2419.13,0.091573104,556.63226,0.090853244,False,9427.544,700.4269,False,False,False,33.22306,,1713.2045,1681,8961.154,0.53106314,150.1657770219288,,2.155968633420115,,0.33501565,,-30.81157,,,0,False,,,,,,,,0,False,False,False,38272.62,23.15741,0.1463671,0.13683237,0.00017207033,0.15572307,0.14985806,0.0055029476,False,False,False,False,0.020255191,0.9004052,False,False,61097.26737492023,,22,False,False,False,False,False,False,False,False,False,False,False,False,False,False,False,False,False,False,False,False,False,i
3,61097.26596895638,lsst,150.1657711339199,2.1559741814709565,170019716302635146,170059305430548503,0,170019716302635146,9483.607,292.60635,0,0,0,52680.45,288.45038,True,2026022500305,94,0.0,6.357405e-06,6.073153e-06,4.7678e-12,1106.175,0.10420158,477.28796,0.1189685,False,9926.304,701.2398,False,False,False,32.0817,,1698.7126,1681,9435.075,0.21697484,150.16577117683468,,2.1559762974057968,,0.6748261,,42.5971,,,0,False,,,,,,,,0,False,False,False,43141.453,16.341818,0.18168132,0.21808077,0.008532849,0.17534663,0.17684112,0.008628052,False,False,False,False,0.077087216,0.9000352,False,False,61097.26792613619,,22,False,False,False,False,False,False,False,False,False,False,False,False,False,False,False,False,False,False,False,False,False,i
3,61097.26653554453,lsst,150.16577795849483,2.1559739055808684,170019716302635146,170059305564242009,0,170019716302635146,9165.8,310.44376,0,0,0,58291.496,305.60175,True,2026022500306,93,0.0,7.378386e-06,6.5593595e-06,-9.666183e-13,3201.9229,0.117879204,2342.2717,0.13281694,False,8984.77,699.7305,False,False,False,29.552347,,1681.8218,1681,9188.746,1.2363695,150.1657793294046,,2.1559772821336893,,0.66105705,,84.48695,,,0,False,,,,,,,,0,False,False,False,49105.15,28.546616,0.1889529,0.22492133,0.0067430628,0.20049618,0.21534705,0.007680837,False,False,False,False,0.00011637458,0.8531307,False,False,61097.26827859356,,24,False,False,False,False,False,False,False,False,False,False,False,False,False,False,False,False,False,False,False,False,False,i
3,61097.26700566449,lsst,150.16576546647076,2.1559752623867894,170019716302635146,170059305698984004,0,170019716302635146,9442.193,300.85883,0,0,0,55525.88,297.11905,True,2026022500307,94,0.0,6.528523e-06,6.234066e-06,-1.2972918e-13,1738.4471,0.112128906,1861.3243,0.117438875,False,9039.7295,692.9929,False,False,False,31.189844,,1832.5345,1681,9197.501,0.33190942,150.16576353302355,,2.1559801070808193,,0.34806696,,54.310177,,,0,False,,,,,,,,0,False,False,False,46023.617,32.52545,0.19626057,0.19890076,0.004953285,0.19327642,0.20966713,-0.0017904348,False,False,False,False,0.0018744115,0.89279187,False,False,61097.26873750967,,22,False,False,False,False,False,False,False,False,False,False,False,False,False,False,False,False,False,False,False,False,False,i
3,61097.26747173957,lsst,150.1657755969637,2.15596287950471,170019716302635146,170059305833201666,0,170019716302635146,9408.402,300.34848,0,0,0,56419.57,297.54044,True,2026022500308,94,0.0,6.6316948e-06,5.9972294e-06,1.5557431e-13,1482.488,0.10786517,72.13617,0.119296506,False,8141.742,695.19244,False,False,False,31.120934,,1658.6924,1681,9454.985,1.4825878,150.16577555053726,,2.155965237823707,,0.5706552,,59.708168,,,0,False,,,,,,,,0,False,False,False,46931.016,32.34646,0.18729815,0.20218588,0.012037541,0.19172978,0.2047258,0.0059801475,False,False,False,False,0.0015291024,0.8614946,False,False,61097.26919486769,,23,False,False,False,False,False,False,False,False,False,False,False,False,False,False,False,False,False,False,False,False,False,i
3,61097.26793868918,lsst,150.1657765491868,2.15597039441372,170019716302635146,170059305967419457,0,170019716302635146,9358.825,289.03268,0,0,0,52365.305,284.598,True,2026022500309,94,0.0,5.9931626e-06,5.2791315e-06,5.816592e-13,1007.02234,0.094880514,1815.8617,0.107864074,False,8685.971,694.0031,False,False,False,32.057877,,1685.7264,1681,9534.946,4.748793,150.16577446203638,,2.15597220855406,,0.7705406,,-68.70686,,,0,False,,,,,,,,0,False,False,False,42906.645,19.48521,0.14629048,0.1805322,-0.021057706,0.1701405,0.18687613,-0.002848573,False,False,False,False,0.031370584,0.8153898,False,False,61097.26991102042,,21,False,False,False,False,False,False,False,False,False,False,False,False,False,False,False,False,False,False,False,False,False,i
3,61097.268406100644,lsst,150.16578140748575,2.155976731636593,170019716302635146,170059306101637243,0,170019716302635146,9669.318,292.4287,0,0,0,53190.12,290.23227,True,2026022500310,94,0.0,5.7505217e-06,5.5458718e-06,2.8993127e-13,503.54892,0.099692576,3279.702,0.10349375,False,8295.031,705.41516,False,False,False,32.413834,,1767.284,1681,9703.353,1.2313522,150.16578179935672,,2.155976609360671,,0.7314512,,35.893494,,,0,False,,,,,,,,0,False,False,False,43335.965,19.454767,0.1717214,0.16843407,0.02409264,0.17588802,0.17796013,0.011576061,False,False,False,False,0.0065918565,0.8795295,False,False,61097.27022780951,,23,False,False,False,False,False,False,False,False,False,False,False,False,False,False,False,False,False,False,False,False,False,i
3,61097.268875286194,lsst,150.1657759070022,2.155972512440687,170019716302635146,170059306235855002,0,170019716302635146,9591.868,298.1486,0,0,0,53268.105,293.4474,True,2026022500311,94,0.0,6.002001e-06,5.2812816e-06,1.5010799e-12,1091.8302,0.09453732,3976.4045,0.1083664,False,9891.0,708.397,False,False,False,31.857868,,1572.838,1681,9291.406,0.65013975,150.16577498369952,,2.1559729989194985,,0.5671584,,49.59625,,,0,False,,,,,,,,0,False,False,False,43615.445,19.045717,0.17717665,0.19097108,0.012191308,0.17881115,0.18347217,0.009025941,False,False,False,False,0.0011842947,0.93714404,False,False,61097.27079127617,,24,False,False,False,False,False,False,False,False,False,False,False,False,False,False,False,False,False,False,False,False,False,i
3,61097.269342179185,lsst,150.16576922592867,2.1559769945814273,170019716302635146,170059306369548403,0,170019716302635146,9781.659,291.93753,0,0,0,51716.438,288.2129,True,2026022500312,93,0.0,5.552778e-06,5.2401138e-06,8.361984e-13,1927.3632,0.09392232,2870.9778,0.100205995,False,10107.905,702.7713,False,False,False,32.760548,,1615.4928,1681,9593.763,0.70046794,150.16576830893348,,2.155981510890128,,0.52187073,,15.325208,,,0,False,,,,,,,,0,False,False,False,41847.8,17.542181,0.17708148,0.16426523,0.00992477,0.17751898,0.17969403,0.011222036,False,False,False,False,0.008759329,0.8854556,False,False,61097.27127732719,,22,False,False,False,False,False,False,False,False,False,False,False,False,False,False,False,False,False,False,False,False,False,i
3,61097.26980762982,lsst,150.1657704476682,2.1559722251221136,170019716302635146,170059306505863213,0,170019716302635146,9781.525,294.15262,0,0,0,52376.527,290.4283,True,2026022500313,97,0.0,5.8622604e-06,5.201996e-06,2.3223268e-12,474.50992,0.0923936,1083.5707,0.10648764,False,9550.791,706.018,False,False,False,32.24785,,1705.4412,1681,9601.895,0.53608924,150.1657685751097,,2.1559738002053073,,0.5344291,,-92.1409,,,0,False,,,,,,,,0,False,False,False,42528.03,17.559275,0.16500393,0.18685696,-0.0058583138,0.17443341,0.17989713,-7.5063756e-05,False,False,False,False,0.00021486182,0.89694536,False,False,61097.27171808512,,23,False,False,False,False,False,False,False,False,False,False,False,False,False,False,False,False,False,False,False,False,False,i
3,61097.27027568612,lsst,150.16577594584356,2.1559623679161124,170019716302635146,170059306637983846,0,170019716302635146,9396.478,307.8999,0,0,0,56916.74,303.79276,True,2026022500314,93,0.0,6.3187176e-06,5.915261e-06,1.9596278e-12,2410.1687,0.10535432,2606.2583,0.11463424,False,7905.192,707.29816,False,False,False,30.401796,,1666.0966,1681,9143.663,2.5018861,150.16577490219078,,2.1559629564663427,,0.39940518,,-75.54329,,,0,False,,,,,,,,0,False,False,False,47428.184,30.612005,0.16410787,0.16933891,-0.006286187,0.19426559,0.19970039,-0.0067251655,False,False,False,False,0.10957146,0.85387266,False,False,61097.2719598735,,21,False,False,False,False,False,False,False,False,False,False,False,False,False,False,False,False,False,False,False,False,False,i
3,61097.278837775986,lsst,150.16577804144285,2.155964670231925,170019716302635146,170059306772201523,0,170019716302635146,10014.445,304.42413,0,0,0,56384.934,300.86786,True,2026022500315,93,0.0,5.8328033e-06,6.559134e-06,-2.2331535e-12,3253.3333,0.11868681,1385.6725,0.10411392,False,11163.382,711.0224,False,False,False,31.856163,,1633.5477,1681,10625.424,1.7859493,150.16577517628983,,2.1559667158416116,,1.0038178,,-50.318974,,,0,False,,,,,,,,0,False,False,False,46247.164,16.0869,0.22072776,0.19507082,-0.045781095,0.19460772,0.19028877,-0.025545772,False,False,False,False,0.030494276,0.91524893,False,False,61097.2822211631,,24,False,False,False,False,False,False,False,False,False,False,False,False,False,False,False,False,False,False,False,False,False,i
3,61097.279303805175,lsst,150.16577171662738,2.155972637001919,170019716302635146,170059306906943550,0,170019716302635146,9425.568,317.49802,0,0,0,59215.68,314.97272,True,2026022500316,94,0.0,6.601496e-06,6.8873237e-06,-1.2207032e-12,1800.2539,0.124337375,1779.9515,0.11826471,False,10214.287,710.86017,False,False,False,29.041882,,1759.8729,1681,10012.086,2.6805863,150.16576879654602,,2.1559732051731957,,1.1214703,,-54.015694,,,0,False,,,,,,,,0,False,False,False,49670.094,27.199406,0.23692483,0.20741428,-0.058810327,0.22078085,0.20503707,-0.028506182,False,False,False,False,0.010005025,0.90773946,False,False,61097.28198516227,,23,False,False,False,False,False,False,False,False,False,False,False,False,False,False,False,False,False,False,False,False,False,i
1,61097.28351455825,lsst,150.16578895978984,2.1559504559974054,170019716302635146,170059307711725652,0,170019716302635146,7122.541,172.98874,0,0,0,33932.55,171.55966,True,2026022500322,93,0.0,5.659243e-06,5.315797e-06,-4.3101508e-12,2912.3423,0.10612079,3503.1006,0.09069062,False,7207.4575,341.4276,False,False,False,40.448357,,1754.2354,1681,7307.3623,0.71234936,150.16578619674124,,2.1559515443996955,,0.95562094,,-27.56271,,,0,False,,,,,,,,0,False,False,False,26770.014,8.812274,0.2626691,0.21890265,0.035750236,0.24014509,0.20980395,0.016228778,False,False,False,False,0.02733597,0.88218015,False,False,61097.28543186427,,27,False,False,False,False,False,False,False,False,False,False,False,False,False,False,False,False,False,False,False,False,False,g
1,61097.28444878301,lsst,150.16578270107485,2.155956792014171,170019716302635146,170059307980161095,0,170019716302635146,7430.1055,170.07977,0,0,0,32667.006,168.76135,True,2026022500324,93,0.0,5.3341587e-06,4.711112e-06,-4.37227e-12,1916.3732,0.09961233,2732.2834,0.0803037,False,7626.4424,343.45618,False,False,False,42.821903,,1629.5485,1681,7502.7373,0.33632872,150.16578054129428,,2.1559584130222986,,0.88032776,,-48.734688,,,0,False,,,,,,,,0,False,False,False,25111.906,14.122147,0.2504955,0.1881963,0.01667499,0.23003276,0.18792209,0.01922402,False,False,False,False,0.012748987,0.862734,False,False,61097.28629805884,,26,False,False,False,False,False,False,False,False,False,False,False,False,False,False,False,False,False,False,False,False,False,g
1,61097.284918380385,lsst,150.16578455940854,2.155962821785008,170019716302635146,170059308112805975,0,170019716302635146,7337.9883,169.46146,0,0,0,32771.45,168.00473,True,2026022500325,90,0.0,5.4926672e-06,4.643701e-06,-4.8601513e-12,2496.8918,0.10225909,3331.71,0.07914748,False,7564.057,340.79388,False,False,False,43.197422,,1667.2258,1681,7386.6426,0.14954373,150.16578326687969,,2.15596320381809,,0.82533705,,-69.46357,,,0,False,,,,,,,,0,False,False,False,25360.398,10.636007,0.2477375,0.18677326,-0.0039540776,0.23725373,0.18602125,0.01911119,False,False,False,False,0.0037124727,0.89158463,False,False,61097.286759509676,,28,False,False,False,False,False,False,False,False,False,False,False,False,False,False,False,False,False,False,False,False,False,g
1,61097.28538550996,lsst,150.16577966083935,2.1559572341401645,170019716302635146,170059308247547985,0,170019716302635146,7612.512,173.46173,0,0,0,33619.414,171.79073,True,2026022500326,91,0.0,5.1398565e-06,4.4891376e-06,-2.9059953e-12,808.2697,0.094373524,3056.3613,0.07840158,False,7279.5786,343.2241,False,False,False,43.233456,,1642.3192,1681,7546.274,1.0871116,150.16577918759504,,2.155957228949374,,0.732716,,-49.521667,,,0,False,,,,,,,,0,False,False,False,25937.129,10.671569,0.2170842,0.17940615,0.014804946,0.23809221,0.19969517,0.019047491,False,False,False,False,0.04742049,0.8596351,False,False,61097.28728208451,,28,False,False,False,False,False,False,False,False,False,False,False,False,False,False,False,False,False,False,False,False,False,g
1,61097.28585405735,lsst,150.16578703118745,2.155955541105475,170019716302635146,170059308383338519,0,170019716302635146,7446.7944,171.47139,0,0,0,33878.98,170.72519,True,2026022500327,94,0.0,5.857677e-06,4.6137657e-06,-4.8308766e-12,3965.2637,0.107725054,943.3554,0.07978313,False,7012.5444,340.81747,False,False,False,42.809494,,1683.5215,1681,7738.3306,0.8192531,150.1657863515703,,2.1559555804129613,,0.9764027,,-50.193626,,,0,False,,,,,,,,0,False,False,False,26324.623,9.134592,0.26238382,0.1978808,0.030165551,0.2522338,0.18408242,0.02080409,False,False,False,False,0.016257748,0.8618149,False,False,61097.28779344322,,27,False,False,False,False,False,False,False,False,False,False,False,False,False,False,False,False,False,False,False,False,False,g
1,61097.286321843945,lsst,150.1657856042347,2.155957344043997,170019716302635146,170059308517556251,0,170019716302635146,7611.2295,174.72464,0,0,0,34523.152,173.25288,True,2026022500328,94,0.0,5.4597444e-06,4.3687996e-06,-3.168119e-12,3292.0671,0.09956409,1224.356,0.07674611,False,7574.6406,340.42972,False,False,False,43.21971,,1740.7766,1681,7673.349,1.4625607,150.16578538873904,,2.155956293954486,,0.85543346,,-57.636948,,,0,False,,,,,,,,0,False,False,False,26827.57,8.689499,0.2359314,0.18077144,0.018739244,0.2534037,0.20024201,0.022013446,False,False,False,False,0.03681952,0.88111657,False,False,61097.28827016359,,30,False,False,False,False,False,False,False,False,False,False,False,False,False,False,False,False,False,False,False,False,False,g
1,61097.2867877056,lsst,150.16578131961572,2.1559635704891544,170019716302635146,170059308651773963,0,170019716302635146,7852.7666,172.36748,0,0,0,33517.84,170.6067,True,2026022500329,94,0.0,5.2354158e-06,4.177983e-06,-2.2766353e-12,2384.178,0.09496595,272.42877,0.07404099,False,8055.573,341.5182,False,False,False,44.73354,,1701.1361,1681,8049.2754,0.39741972,150.1657805672954,,2.1559625495308428,,0.9806025,,-51.364998,,,0,False,,,,,,,,0,False,False,False,25602.158,10.046197,0.24133387,0.1869032,0.035772927,0.24460812,0.19040063,0.036529124,False,False,False,False,0.001313589,0.9153091,False,False,61097.28865524267,,28,False,False,False,False,False,False,False,False,False,False,False,False,False,False,False,False,False,False,False,False,False,g
1,61097.28780543695,lsst,150.16578634269314,2.155961730370124,170019716302635146,170059308920209468,0,170019716302635146,7262.1343,169.94519,0,0,0,32497.791,168.44118,True,2026022500331,94,0.0,4.993586e-06,4.9161476e-06,-4.737308e-12,1947.6847,0.09730582,1723.654,0.08000449,False,7583.0312,343.53052,False,False,False,42.343975,,1640.3236,1681,7085.476,0.99358594,150.16578942802462,,2.1559618176468467,,0.7236437,,-58.391212,,,0,False,,,,,,,,0,False,False,False,25147.232,10.802558,0.23067878,0.18761241,-0.008763605,0.228526,0.18162419,0.0044604223,False,False,False,False,0.0020127876,0.9056523,False,False,61097.28972828644,,25,False,False,False,False,False,False,False,False,False,False,False,False,False,False,False,False,False,False,False,False,False,g
1,61097.28827171204,lsst,150.16578353461134,2.1559635482340345,170019716302635146,170059309054427148,0,170019716302635146,7496.219,168.28998,0,0,0,32215.666,167.2288,True,2026022500332,94,0.0,4.83432e-06,4.652735e-06,-4.5880526e-12,3128.9639,0.09371327,361.7531,0.0759471,False,7302.327,340.88913,False,False,False,44.372303,,1689.6642,1681,7328.973,0.5521657,150.16578524854967,,2.15596337982645,,0.6600361,,-59.353016,,,0,False,,,,,,,,0,False,False,False,24640.244,11.5151005,0.22120337,0.18476348,-0.0059420555,0.22540613,0.17131327,0.0029221298,False,False,False,False,0.0026843378,0.89095485,False,False,61097.290111190916,,25,False,False,False,False,False,False,False,False,False,False,False,False,False,False,False,False,False,False,False,False,False,g
1,61097.28873700199,lsst,150.16578366823464,2.1559595587207427,170019716302635146,170059309188644896,0,170019716302635146,7669.059,169.55392,0,0,0,32395.678,168.4023,True,2026022500333,94,0.0,5.3398535e-06,4.8049046e-06,-9.087135e-12,1500.0841,0.106772475,1134.3905,0.07262982,False,8068.0273,344.19418,False,False,False,44.838463,,1700.2666,1681,7898.235,0.28009808,150.1657850079244,,2.155959301154996,,1.0598208,,-48.7487,,,0,False,,,,,,,,0,False,False,False,24643.818,10.617467,0.28345704,0.17877193,0.008422634,0.23107739,0.16940099,0.0101425825,False,False,False,False,0.11194577,0.91683817,False,False,61097.29051568516,,26,False,False,False,False,False,False,False,False,False,False,False,False,False,False,False,False,False,False,False,False,False,g
1,61097.28920431656,lsst,150.16578327639093,2.155963351733986,170019716302635146,170059309322862652,0,170019716302635146,7164.847,177.16,0,0,0,34478.51,174.94743,True,2026022500334,94,0.0,6.094273e-06,5.328971e-06,-1.0493913e-11,67.36096,0.1194206,1705.9979,0.083179615,False,7193.245,343.15637,False,False,False,39.72495,,1612.0674,1681,7226.5547,1.3596126,150.16578306862218,,2.1559633113847494,,0.95899767,,-61.57356,,,0,False,,,,,,,,0,False,False,False,27280.299,9.022147,0.27090988,0.18742633,-0.007754739,0.27324823,0.1839396,0.008433414,False,False,False,False,3.596605e-05,0.86974925,False,False,61097.294428412315,,39,False,False,False,False,False,False,False,False,False,False,False,False,False,False,False,False,False,False,False,False,False,g
1,61097.29013922624,lsst,150.16578027508442,2.155954936725892,170019716302635146,170059309589200993,0,170019716302635146,7306.9653,174.21623,0,0,0,34085.16,173.49571,True,2026022500336,90,0.0,6.1492833e-06,4.8049264e-06,-1.0638373e-11,2768.8914,0.11841382,3540.8894,0.07524465,False,7717.1714,340.56345,False,False,False,41.635834,,1696.9939,1681,7581.861,2.7015762,150.16578066586888,,2.155954089633455,,1.1582005,,-59.25193,,,0,False,,,,,,,,0,False,False,False,26698.744,9.976069,0.29793087,0.16906005,0.006997369,0.26509985,0.17876162,0.011256185,False,False,False,False,0.014917791,0.88558656,False,False,61097.29204445636,,29,False,False,False,False,False,False,False,False,False,False,False,False,False,False,False,False,False,False,False,False,False,g
1,61097.29060961295,lsst,150.1657758160036,2.15595541645099,170019716302635146,170059309724991557,0,170019716302635146,7145.5435,174.48962,0,0,0,33521.19,173.8362,True,2026022500337,93,0.0,5.998775e-06,4.6666687e-06,-8.240689e-12,2741.1726,0.11335367,3000.4902,0.07628636,False,6446.8096,342.6755,False,False,False,40.285946,,1699.9281,1681,7210.9697,2.4818723,150.1657748027675,,2.1559545667403155,,1.0159361,,-47.916515,,,0,False,,,,,,,,0,False,False,False,26321.021,10.198643,0.25078735,0.17086133,0.02794086,0.26017073,0.17710719,0.019523686,False,False,False,False,0.0069416966,0.8582405,False,False,61097.29261849719,,29,False,False,False,False,False,False,False,False,False,False,False,False,False,False,False,False,False,False,False,False,False,g
1,61097.29107946474,lsst,150.16577745376938,2.155967254540622,170019716302635146,170059309857636443,0,170019716302635146,7402.8584,173.47441,0,0,0,33441.965,172.09163,True,2026022500338,90,0.0,5.9110043e-06,4.5421816e-06,-6.746967e-12,3288.4138,0.110264175,3729.698,0.07617989,False,7292.091,342.94867,False,False,False,41.551643,,1766.3861,1681,7484.1787,1.3294808,150.16577795952827,,2.1559665779270976,,0.9705433,,-52.115765,,,0,False,,,,,,,,0,False,False,False,25947.932,9.418165,0.2547218,0.18074632,0.023537021,0.25702935,0.17683208,0.033014774,False,False,False,False,7.4195326e-05,0.87408286,False,False,61097.29297006414,,27,False,False,False,False,False,False,False,False,False,False,False,False,False,False,False,False,False,False,False,False,False,g
1,61097.291547081804,lsst,150.16578374584847,2.1559522497786245,170019716302635146,170059309993427004,0,170019716302635146,7381.938,177.10904,0,0,0,34810.11,176.91534,True,2026022500339,93,0.0,5.897221e-06,4.9598407e-06,-3.8722294e-12,1862.1256,0.10798098,2082.644,0.08677611,False,7505.9077,345.02908,False,False,False,41.22742,,1666.5793,1681,7249.742,0.68632364,150.16578439758152,,2.155951923969603,,0.8470004,,-42.11072,,,0,False,,,,,,,,0,False,False,False,27278.729,9.209074,0.24795829,0.21422654,0.027601274,0.25347155,0.19002028,0.02024562,False,False,False,False,0.009776368,0.8937637,False,False,61097.29334669111,,27,False,False,False,False,False,False,False,False,False,False,False,False,False,False,False,False,False,False,False,False,False,g
1,61097.29201705432,lsst,150.16578606105415,2.155954892909152,170019716302635146,170059310126071877,0,170019716302635146,7426.982,179.77954,0,0,0,35789.062,178.10959,True,2026022500340,90,0.0,6.750756e-06,4.969202e-06,-6.353998e-12,2976.3376,0.12371381,2804.007,0.08606606,False,8265.728,343.37924,False,False,False,40.345802,,1503.8502,1681,7839.4834,0.78647155,150.1657871929776,,2.155954047259631,,1.2912735,,-49.13288,,,0,False,,,,,,,,0,False,False,False,28323.816,9.023415,0.32597497,0.2224313,0.06266764,0.27813932,0.19847418,0.048446383,False,False,False,False,0.12616768,0.8914742,False,False,61097.293804956964,,29,False,False,False,False,False,False,False,False,False,False,False,False,False,False,False,False,False,False,False,False,False,g
4,61097.293856981734,lsst,150.16575663916626,2.155973923144397,170019716302635146,170059310261862436,0,170019716302635146,8050.9653,497.17017,0,0,0,56115.08,495.71146,True,2026022500341,93,0.0,1.181849e-05,1.5390488e-05,-3.506075e-11,3032.5508,0.28338587,950.3096,0.20380895,False,11921.736,1251.1013,False,False,False,15.766064,,1659.743,1681,8624.672,8.754472,150.1657517540769,,2.155984101127222,,1.2151653,,-28.989176,,,0,False,,,,,,,,0,False,False,False,48067.34,43.58077,0.31578636,0.18306588,-0.027097562,0.20146595,0.16348235,-0.0071074036,False,False,False,False,0.45848227,0.95289207,False,False,61097.29556205611,,21,False,False,False,False,False,False,False,False,False,False,False,False,False,False,False,False,False,False,False,False,False,z
4,61097.29478952919,lsst,150.1657732220794,2.1559717311647995,170019716302635146,170059310530822164,0,170019716302635146,7919.8267,483.3778,0,0,0,54765.695,481.5221,True,2026022500343,94,0.0,1.0828538e-05,1.28951615e-05,-2.6883612e-11,2233.792,0.24007405,530.98303,0.18468139,False,7203.6924,1251.6398,False,False,False,16.298994,,1712.9526,1681,8188.0767,12.294889,150.16577287170387,,2.155974144386073,,0.94320744,,-26.299465,,,0,False,,,,,,,,0,False,False,False,46742.09,43.994286,0.2213561,0.13747677,-0.0036708517,0.18559164,0.14272942,-0.0060020424,False,False,False,False,0.034778573,0.9144027,False,False,61097.29647947161,,21,False,False,False,False,False,False,False,False,False,False,False,False,False,False,False,False,False,False,False,False,False,z
4,61097.29525534867,lsst,150.1657705752799,2.1559630561669643,170019716302635146,170059310665039899,0,170019716302635146,8806.708,488.99283,0,0,0,56344.074,488.66504,True,2026022500344,94,0.0,9.105547e-06,9.467147e-06,-4.576019e-12,924.68365,0.17246346,640.51764,0.16149893,False,7715.3745,1261.2262,False,False,False,17.789621,,1607.3187,1681,8275.619,6.470221,150.16576863252513,,2.15596401456372,,0.4910489,,-65.09126,,,0,False,,,,,,,,0,False,False,False,47393.676,42.11326,0.14392768,0.13906854,-0.010203137,0.17620753,0.14789307,-0.006004005,False,False,False,False,0.063002996,0.91906697,False,False,61097.29687475033,,20,False,False,False,False,False,False,False,False,False,False,False,False,False,False,False,False,False,False,False,False,False,z
4,61097.295770590354,lsst,150.16577477002775,2.1559665678242004,170019716302635146,170059310798733313,0,170019716302635146,8560.301,472.1727,0,0,0,52852.69,471.5564,True,2026022500345,93,0.0,9.918309e-06,1.0110202e-05,-1.0942225e-11,3871.17,0.18984923,107.13337,0.16990566,False,8942.056,1254.7266,False,False,False,17.892456,,1744.4536,1681,8245.638,1.4848422,150.16577524870587,,2.155965475758539,,0.7582997,,-20.945627,,,0,False,,,,,,,,0,False,False,False,44154.438,51.155697,0.18368168,0.14243434,0.016176833,0.146326,0.14643647,0.008978289,False,False,False,False,0.046333276,0.9422511,False,False,61097.29750075472,,20,False,False,False,False,False,False,False,False,False,False,False,False,False,False,False,False,False,False,False,False,False,z
4,61097.29623998156,lsst,150.16577280122291,2.155974441887852,170019716302635146,170059310933475391,0,170019716302635146,8568.3125,497.96194,0,0,0,57198.547,498.7452,True,2026022500346,94,0.0,1.1597927e-05,1.1438049e-05,2.5053385e-11,1938.0864,0.18652011,1714.2074,0.22599481,False,9504.237,1262.0704,False,False,False,17.146809,,1630.1967,1681,8408.28,3.5899353,150.1657726519332,,2.155976502429849,,0.81617606,,26.493206,,,0,False,,,,,,,,0,False,False,False,48360.57,34.23204,0.14849561,0.19461796,0.020185724,0.15368494,0.17552213,0.004515762,False,False,False,False,0.007306636,0.9234115,False,False,61097.29798030271,,20,False,False,False,False,False,False,False,False,False,False,False,False,False,False,False,False,False,False,False,False,False,z
4,61097.296709667644,lsst,150.16577220706648,2.155965062604661,170019716302635146,170059311067693061,0,170019716302635146,6581.7427,500.86453,0,0,0,56754.566,505.34894,True,2026022500347,94,0.0,1.3461561e-05,1.3506588e-05,1.9303422e-11,3015.2368,0.22927015,262.2984,0.25516102,False,5202.8467,1253.8256,False,False,False,13.050961,,1688.014,1681,6294.1523,25.330252,150.1657716907096,,2.1559562974962954,,0.6421969,,-114.04234,,,0,False,,,,,,,,0,False,False,False,49980.273,32.7152,0.11724767,0.14416353,-0.012867258,0.16330963,0.18560743,0.02479968,False,False,False,False,0.23964335,0.5428198,False,False,61097.29845770347,,18,False,False,False,False,False,False,False,False,False,False,False,False,False,False,False,False,False,False,False,False,False,z
4,61097.29717545447,lsst,150.16577132080712,2.1559716445760295,170019716302635146,170059311201910828,0,170019716302635146,9244.856,483.13785,0,0,0,54459.68,483.01883,True,2026022500348,94,0.0,9.1948605e-06,9.132199e-06,-4.1479663e-12,1446.774,0.16886416,1163.2742,0.16069613,False,9626.707,1254.149,False,False,False,18.939112,,1658.0314,1681,9007.74,3.590742,150.16577052139937,,2.1559685711353698,,0.8520743,,-20.57167,,,0,False,,,,,,,,0,False,False,False,45006.848,57.20426,0.17165168,0.13411443,0.02855227,0.13767731,0.16502382,0.013499837,False,False,False,False,0.0003873259,0.95693785,False,False,61097.29889389686,,19,False,False,False,False,False,False,False,False,False,False,False,False,False,False,False,False,False,False,False,False,False,z
4,61097.29764144857,lsst,150.16578044795656,2.1559649879729195,170019716302635146,170059311336128570,0,170019716302635146,8137.816,508.93292,0,0,0,59878.652,511.97592,True,2026022500349,94,0.0,1.0261373e-05,1.0477942e-05,9.105462e-12,60.911217,0.17819303,1850.1282,0.19453648,False,7487.3813,1247.4703,False,False,False,15.962866,,1793.7297,1681,7679.2607,17.276178,150.1657765582132,,2.1559646568972184,,0.6784986,,-12.458592,,,0,False,,,,,,,,0,False,False,False,51548.02,39.40965,0.124964595,0.11682392,0.020743215,0.15665066,0.18451048,0.009691551,False,False,False,False,0.3032558,0.8478578,False,False,61097.29935917991,,20,False,False,False,False,False,False,False,False,False,False,False,False,False,False,False,False,False,False,False,False,False,z
4,61097.29857780567,lsst,150.1657728914985,2.1559558408133475,170019716302635146,170059311602466914,0,170019716302635146,8206.664,568.2867,0,0,0,69499.18,571.8273,True,2026022500351,90,0.0,1.5455571e-05,1.4342022e-05,-3.426822e-11,2581.1003,0.29021075,3814.7573,0.24418072,False,8331.758,1272.8376,False,False,False,14.354902,,1636.5564,1681,8210.757,18.727266,150.16577120253316,,2.1559546165647765,,1.0121388,,-37.06817,,,0,False,,,,,,,,0,False,False,False,61048.863,34.657932,0.22892755,0.15588333,0.032589994,0.21260168,0.216425,0.025488636,False,False,False,False,0.05529979,0.8203629,False,False,61097.30042696781,,22,False,False,False,False,False,False,False,False,False,False,False,False,False,False,False,False,False,False,False,False,False,z
4,61097.299046035856,lsst,150.16577764105432,2.1559803059398868,170019716302635146,170059311738257506,0,170019716302635146,8354.449,533.694,0,0,0,63286.766,535.26843,True,2026022500352,93,0.0,1.3579382e-05,1.3079502e-05,-1.07200325e-11,2837.8672,0.24816394,3275.1326,0.23117435,False,9002.136,1256.366,False,False,False,15.5509615,,1729.9012,1681,8540.904,1.2644001,150.16578149444018,,2.1559820875149405,,1.1026847,,-41.231194,,,0,False,,,,,,,,0,False,False,False,54686.734,28.952654,0.2603872,0.16994868,0.03727685,0.17943206,0.20185755,0.014653332,False,False,False,False,0.075740926,0.85270137,False,False,61097.30091846541,,20,False,False,False,False,False,False,False,False,False,False,False,False,False,False,False,False,False,False,False,False,False,z
4,61097.299515857776,lsst,150.16577189548036,2.1559711583371075,170019716302635146,170059311870902393,0,170019716302635146,7822.823,509.12543,0,0,0,58225.164,508.85162,True,2026022500353,90,0.0,1.5632497e-05,1.3539552e-05,-3.931054e-11,3117.023,0.29203403,3972.5813,0.2304502,False,9012.536,1275.2672,False,False,False,15.131711,,1647.5161,1681,8346.855,3.9533303,150.1657723817374,,2.1559752559577903,,1.1543399,,-51.554554,,,0,False,,,,,,,,0,False,False,False,50041.41,33.22301,0.28767577,0.17052168,0.027011398,0.17864715,0.16713704,0.024816522,False,False,False,False,0.36633983,0.7427639,False,False,61097.3014685478,,21,False,False,False,False,False,False,False,False,False,False,False,False,False,False,False,False,False,False,False,False,False,z
4,61097.29998390832,lsst,150.1657799307774,2.1559802855545103,170019716302635146,170059312006692957,0,170019716302635146,8480.16,510.41336,0,0,0,59428.062,509.75238,True,2026022500354,93,0.0,1.1024866e-05,1.4278895e-05,4.2661173e-11,1888.8087,0.18293303,2440.1074,0.26807472,False,9081.09,1272.3516,False,False,False,16.46977,,1683.9497,1681,8848.82,17.539303,150.16577910415467,,2.1559872100442523,,1.1550868,,13.123433,,,0,False,,,,,,,,0,False,False,False,50684.06,31.49119,0.13712318,0.26155248,0.022383759,0.16799061,0.17248482,0.0065300376,False,False,False,False,0.11680958,0.898486,False,False,61097.30214507177,,20,False,False,False,False,False,False,False,False,False,False,False,False,False,False,False,False,False,False,False,False,False,z
4,61097.30045417679,lsst,150.16577646516643,2.1559676366635934,170019716302635146,170059312139337838,0,170019716302635146,8179.581,490.2584,0,0,0,54969.137,488.19092,True,2026022500355,90,0.0,1.3561147e-05,1.1361842e-05,-2.315022e-11,2725.8865,0.24947704,3086.3528,0.19758402,False,10274.076,1280.5808,False,False,False,16.530067,,1704.1964,1681,8543.872,4.649358,150.1657828619239,,2.1559642369439223,,1.0284486,,-51.1455,,,0,False,,,,,,,,0,False,False,False,46615.785,37.815758,0.24428307,0.16447994,0.030691918,0.15500702,0.15555483,0.0074377595,False,False,False,False,0.32135355,0.91188085,False,False,61097.30235317441,,20,False,False,False,False,False,False,False,False,False,False,False,False,False,False,False,False,False,False,False,False,False,z
4,61097.300923855684,lsst,150.16576321593882,2.1559662388853704,170019716302635146,170059312274079845,0,170019716302635146,7646.548,504.57397,0,0,0,55891.586,503.96204,True,2026022500356,91,0.0,1.4636974e-05,1.21884805e-05,-2.2612558e-11,1045.3191,0.26754355,2998.0063,0.21402334,False,6107.563,1271.7405,False,False,False,14.959084,,1678.2239,1681,7824.8433,8.588273,150.1657645308127,,2.1559642554369933,,1.0153197,,-59.809704,,,0,False,,,,,,,,0,False,False,False,48292.312,33.297165,0.23194604,0.14291097,0.021612683,0.16802147,0.17379695,0.014928178,False,False,False,False,0.03908018,0.82329494,False,False,61097.30288373237,,20,False,False,False,False,False,False,False,False,False,False,False,False,False,False,False,False,False,False,False,False,False,z
4,61097.30139265975,lsst,150.16576614087865,2.1559821692255983,170019716302635146,170059312409870376,0,170019716302635146,7975.788,513.4869,0,0,0,57416.92,518.0681,True,2026022500357,94,0.0,1.0753267e-05,1.3264912e-05,1.6135437e-11,4034.392,0.18999627,1105.4818,0.24135377,False,7849.1045,1279.892,False,False,False,14.939075,,1660.495,1681,7798.4727,9.696175,150.16576604217244,,2.1559829625699996,,0.8772293,,-150.47545,,,0,False,,,,,,,,0,False,False,False,49151.566,34.206104,0.11508175,0.17809077,-0.018818446,0.15830031,0.18709108,-0.012033119,False,False,False,False,0.0938502,0.8207371,False,False,61097.30317154676,,20,False,False,False,False,False,False,False,False,False,False,False,False,False,False,False,False,False,False,False,False,False,z
4,61097.3018607558,lsst,150.16578188728317,2.1559637492528823,170019716302635146,170059312544088116,0,170019716302635146,7958.8115,515.7881,0,0,0,59940.91,517.6606,True,2026022500358,94,0.0,1.3196967e-05,1.10009405e-05,-1.090128e-11,3340.3274,0.23882006,1334.7336,0.19611973,False,7834.724,1287.1163,False,False,False,15.23695,,1659.9899,1681,7852.3154,17.834496,150.16578064952256,,2.155962845084683,,0.87102944,,-92.10507,,,0,False,,,,,,,,0,False,False,False,51813.668,33.943108,0.17415342,0.10918036,-0.016154483,0.17370512,0.17036164,0.014186689,False,False,False,False,0.12524338,0.8199775,False,False,61097.30380626315,,19,False,False,False,False,False,False,False,False,False,False,False,False,False,False,False,False,False,False,False,False,False,z
4,61097.30233116129,lsst,150.16576199500832,2.1559738022722454,170019716302635146,170059312678305804,0,170019716302635146,8054.7324,530.3165,0,0,0,60233.656,531.63477,True,2026022500359,94,0.0,1.5354059e-05,1.0400632e-05,-1.861642e-11,2504.0076,0.27771506,317.74988,0.18477689,False,9086.125,1289.43,False,False,False,14.932336,,1758.3406,1681,8831.142,8.990808,150.16576614446492,,2.1559747605878794,,1.4518807,,-78.49315,,,0,False,,,,,,,,0,False,False,False,52055.91,33.434784,0.33553246,0.11210981,0.01328069,0.19395092,0.17353521,0.01848154,False,False,False,False,0.1960669,0.7084238,False,False,61097.30445426563,,22,False,False,False,False,False,False,False,False,False,False,False,False,False,False,False,False,False,False,False,False,False,z
4,61097.30290465482,lsst,150.1657775205829,2.155987664685563,170019716302635146,170059312811999235,0,170019716302635146,8808.098,569.5289,0,0,0,68035.164,572.66736,True,2026022500360,93,0.0,1.3845469e-05,1.368748e-05,1.1126523e-11,3850.7896,0.24006574,147.77417,0.2549662,False,8459.866,1307.49,False,False,False,15.359979,,1664.3864,1681,8673.035,12.453036,150.1657785684823,,2.1559816781391685,,0.93263084,,28.120165,,,0,False,,,,,,,,0,False,False,False,59092.543,25.399063,0.1749959,0.23248424,0.028421635,0.21910697,0.19869424,0.002700469,False,False,False,False,0.0031775078,0.8507954,False,False,61097.304811177804,,21,False,False,False,False,False,False,False,False,False,False,False,False,False,False,False,False,False,False,False,False,False,z
4,61097.303371670445,lsst,150.16577678800434,2.155955805586238,170019716302635146,170059312946741311,0,170019716302635146,8120.64,533.0589,0,0,0,60368.586,535.0551,True,2026022500361,94,0.0,1.2349663e-05,1.2726915e-05,-5.3064293e-11,1929.4052,0.26093313,1735.6552,0.18343943,False,6481.2773,1318.8911,False,False,False,14.794005,,1575.4911,1681,8021.103,27.039742,150.16577476999953,,2.1559544986140335,,0.9180892,,-30.342865,,,0,False,,,,,,,,0,False,False,False,52062.703,31.66597,0.1734504,0.09825442,0.016914016,0.17681448,0.17316052,0.0046015526,False,False,False,False,0.19627343,0.896805,False,False,61097.305154622,,21,False,False,False,False,False,False,False,False,False,False,False,False,False,False,False,False,False,False,False,False,False,z
4,61097.30384665451,lsst,150.16577268529412,2.1559729129184064,170019716302635146,170059313080958985,0,170019716302635146,7923.452,504.4532,0,0,0,55328.867,507.82166,True,2026022500362,94,0.0,1.1165483e-05,1.1133909e-05,-2.2184293e-11,2991.9973,0.21767177,274.53146,0.18180893,False,8402.291,1320.5007,False,False,False,15.315338,,1684.8347,1681,7949.502,14.887968,150.1657745968972,,2.155973556656916,,0.9513017,,-77.34426,,,0,False,,,,,,,,0,False,False,False,47285.637,51.670414,0.1625728,0.12336099,-0.039851,0.16804788,0.14665753,-0.010104104,False,False,False,False,0.032299723,0.89890206,False,False,61097.305560922454,,18,False,False,False,False,False,False,False,False,False,False,False,False,False,False,False,False,False,False,False,False,False,z
2,61097.305671543334,lsst,150.16576823482157,2.15597355112704,170019716302635146,170059313215176762,0,170019716302635146,7966.7734,226.39696,0,0,0,44423.57,224.62436,True,2026022500363,94,0.0,5.6034323e-06,5.7052175e-06,-5.908714e-12,1346.6641,0.11069784,1252.5063,0.09177281,False,7356.4175,490.42416,False,False,False,34.55526,,1728.6777,1681,7627.36,1.8666242,150.16576771608592,,2.155973752686158,,0.6534175,,-42.49429,,,0,False,,,,,,,,0,False,False,False,36362.195,13.733964,0.19540481,0.15757926,-0.00019095116,0.20372084,0.18141407,0.00013906788,False,False,False,False,0.032927655,0.8365459,False,False,61097.30744949368,,23,False,False,False,False,False,False,False,False,False,False,False,False,False,False,False,False,False,False,False,False,False,r
2,61097.30613740001,lsst,150.16577021405453,2.1559583188486413,170019716302635146,170059313349394521,0,170019716302635146,7750.8857,225.63431,0,0,0,44717.27,223.40732,True,2026022500364,94,0.0,6.0514135e-06,6.0361526e-06,-1.3214474e-11,47.97022,0.12680121,2093.3328,0.08684068,False,7586.8384,489.84918,False,False,False,34.18626,,1736.9551,1681,7854.2305,2.6483207,150.16577084404054,,2.155959531742652,,0.98466176,,-47.36722,,,0,False,,,,,,,,0,False,False,False,36852.574,15.464591,0.24254955,0.1511277,-0.0034672818,0.22072124,0.16818845,-0.002061613,False,False,False,False,0.000728851,0.8213475,False,False,61097.30798554263,,24,False,False,False,False,False,False,False,False,False,False,False,False,False,False,False,False,False,False,False,False,False,r
2,61097.30660463016,lsst,150.16578340815033,2.1559555444975245,170019716302635146,170059313483612279,0,170019716302635146,7707.0483,228.2568,0,0,0,46244.152,226.73372,True,2026022500365,94,0.0,6.171761e-06,6.062547e-06,-5.929491e-12,81.75674,0.118426755,3005.6243,0.100870855,False,7723.785,491.8272,False,False,False,33.438236,,1648.8317,1681,7288.7363,0.48056638,150.16578406156552,,2.1559560451445225,,0.6020533,,-45.199665,,,0,False,,,,,,,,0,False,False,False,38411.297,15.485558,0.20965685,0.17816491,0.0016558822,0.21352571,0.18255366,0.0012983934,False,False,False,False,0.002145363,0.8358376,False,False,61097.30833330772,,24,False,False,False,False,False,False,False,False,False,False,False,False,False,False,False,False,False,False,False,False,False,r
2,61097.30707368819,lsst,150.1657821863001,2.1559717915995154,170019716302635146,170059313617305603,0,170019716302635146,7994.4165,230.40205,0,0,0,45943.754,228.27446,True,2026022500366,93,0.0,6.1048368e-06,6.073511e-06,-8.5201334e-13,2318.3948,0.11076152,39.392467,0.10822906,False,8962.806,494.05154,False,False,False,33.979465,,1780.921,1681,7573.2256,0.47959533,150.16578390925892,,2.155970717844468,,0.53387356,,-122.61805,,,0,False,,,,,,,,0,False,False,False,37839.79,13.457043,0.18742684,0.20701493,-0.0074676955,0.20687999,0.18190601,0.009987483,False,False,False,False,0.0010259957,0.8436655,False,False,61097.308872587586,,24,False,False,False,False,False,False,False,False,False,False,False,False,False,False,False,False,False,False,False,False,False,r
2,61097.30754100163,lsst,150.16577756597604,2.1559714703757327,170019716302635146,170059313751523450,0,170019716302635146,8219.672,224.11044,0,0,0,43802.684,221.65428,True,2026022500367,93,0.0,5.6618173e-06,5.6696817e-06,1.2165461e-13,2999.4402,0.101662606,3664.079,0.10210911,False,8575.19,492.4849,False,False,False,35.875534,,1679.4103,1681,7682.605,0.032091063,150.1657783283892,,2.155971327383233,,0.47171077,,-96.879524,,,0,False,,,,,,,,0,False,False,False,35482.504,17.037119,0.191427,0.18983296,-0.009514245,0.19088365,0.17457667,0.0031036278,False,False,False,False,0.00848564,0.8196139,False,False,61097.30958174927,,28,False,False,False,False,False,False,False,False,False,False,False,False,False,False,False,False,False,False,False,False,False,r
2,61097.30800764903,lsst,150.1657733006511,2.15598871627176,170019716302635146,170059313885741063,0,170019716302635146,8275.445,224.25461,0,0,0,43507.86,221.78606,True,2026022500368,93,0.0,5.608643e-06,5.556179e-06,-6.5033173e-13,2871.7527,0.10150594,124.09721,0.099246606,False,8686.731,493.03522,False,False,False,37.084106,,1727.8225,1681,7954.4756,0.15599851,150.1657741450582,,2.1559879953833936,,0.70647043,,-105.2708,,,0,False,,,,,,,,0,False,False,False,35168.47,16.333813,0.1926118,0.19724345,-0.022068936,0.19735287,0.17120588,0.005377772,False,False,False,False,0.015233981,0.8645146,False,False,61097.30976753905,,32,False,False,False,False,False,False,False,False,False,False,False,False,False,False,False,False,False,False,False,False,False,r
2,61097.308474792735,lsst,150.16576815612788,2.15596652910715,170019716302635146,170059314019958892,0,170019716302635146,8211.922,220.61502,0,0,0,42705.477,218.9875,True,2026022500369,93,0.0,5.727248e-06,5.2433033e-06,-4.507067e-12,1966.4752,0.10693903,2934.4883,0.089776576,False,8905.324,492.0274,False,False,False,35.90165,,1686.4728,1681,7899.686,0.2805753,150.1657681656837,,2.1559669889377067,,0.6197252,,-37.903793,,,0,False,,,,,,,,0,False,False,False,34357.023,15.936724,0.1997766,0.17584512,0.011865402,0.19666086,0.1640032,0.007402599,False,False,False,False,0.0077091316,0.81291443,False,False,61097.31026679622,,24,False,False,False,False,False,False,False,False,False,False,False,False,False,False,False,False,False,False,False,False,False,r
2,61097.30894467821,lsst,150.16577876096514,2.1559708305448706,170019716302635146,170059314152603790,0,170019716302635146,8181.97,223.03398,0,0,0,43653.54,220.63416,True,2026022500370,90,0.0,5.842448e-06,5.1402335e-06,-5.2267383e-12,2387.754,0.10902813,3509.675,0.08771164,False,8214.446,492.38138,False,False,False,36.611866,,1688.3893,1681,7937.415,1.5851636,150.1657776150105,,2.155972594898145,,0.63221663,,-63.98133,,,0,False,,,,,,,,0,False,False,False,35379.77,18.296684,0.19593744,0.16069788,-0.0004635111,0.20679107,0.1646623,0.005460741,False,False,False,False,0.0073475046,0.8535433,False,False,61097.31072500959,,23,False,False,False,False,False,False,False,False,False,False,False,False,False,False,False,False,False,False,False,False,False,r
2,61097.30941434331,lsst,150.16577038731884,2.155971776917334,170019716302635146,170059314287345778,0,170019716302635146,8328.66,219.86446,0,0,0,42487.887,217.79799,True,2026022500371,91,0.0,5.930063e-06,5.2438304e-06,-4.2520627e-12,683.22906,0.10944646,3130.211,0.09101018,False,9334.776,495.56677,False,False,False,37.325947,,1737.6116,1681,8292.461,0.022959538,150.16576992493535,,2.1559729762825253,,0.7853851,,-58.62955,,,0,False,,,,,,,,0,False,False,False,34030.797,16.103594,0.2349858,0.18141854,0.0071043423,0.1871683,0.1694447,0.0033432627,False,False,False,False,0.11755812,0.89081484,False,False,61097.31132192847,,24,False,False,False,False,False,False,False,False,False,False,False,False,False,False,False,False,False,False,False,False,False,r
2,61097.30988670341,lsst,150.16577717568745,2.155966938510716,170019716302635146,170059314423136287,0,170019716302635146,7906.424,224.23692,0,0,0,44295.418,221.98009,True,2026022500372,94,0.0,6.5710665e-06,5.5383325e-06,-5.5676666e-12,3925.4949,0.121010356,876.042,0.09609997,False,7738.754,494.33694,False,False,False,34.380817,,1739.3259,1681,7748.191,1.0436494,150.16577838278772,,2.155966636688342,,0.7115854,,-65.65673,,,0,False,,,,,,,,0,False,False,False,36258.934,16.872438,0.21081293,0.16598329,0.0027783492,0.2112446,0.168995,0.013878071,False,False,False,False,0.0003889238,0.82283133,False,False,61097.311691473216,,23,False,False,False,False,False,False,False,False,False,False,False,False,False,False,False,False,False,False,False,False,False,r
2,61097.31035608298,lsst,150.1657779401874,2.155960778728927,170019716302635146,170059314557354015,0,170019716302635146,8027.781,226.13289,0,0,0,44496.28,223.51056,True,2026022500373,94,0.0,5.8353376e-06,5.6065255e-06,-9.484273e-13,3266.4653,0.10539603,1186.2815,0.10033548,False,7730.014,496.97342,False,False,False,34.421318,,1662.7332,1681,7863.6377,1.4715924,150.16577743498627,,2.1559622013440563,,0.70344114,,-31.799446,,,0,False,,,,,,,,0,False,False,False,36390.574,15.467854,0.1912576,0.18421005,0.021759395,0.19728997,0.18117154,0.018852044,False,False,False,False,0.00029542303,0.8071234,False,False,61097.31235315463,,24,False,False,False,False,False,False,False,False,False,False,False,False,False,False,False,False,False,False,False,False,False,r
2,61097.31082371747,lsst,150.16578236964438,2.1559554556704943,170019716302635146,170059314691571724,0,170019716302635146,8006.6455,226.57066,0,0,0,45047.99,224.66603,True,2026022500374,94,0.0,5.7119146e-06,5.6284216e-06,-2.815598e-13,2315.247,0.1028198,277.10675,0.10110255,False,8240.229,497.53983,False,False,False,34.672047,,1679.6101,1681,8144.963,1.2561276,150.16578031125505,,2.1559582999353175,,0.9349604,,-31.273144,,,0,False,,,,,,,,0,False,False,False,36922.23,16.896828,0.20469037,0.20164928,0.040632233,0.20578732,0.1825995,0.02596079,False,False,False,False,0.010299294,0.81253356,False,False,61097.312498603045,,24,False,False,False,False,False,False,False,False,False,False,False,False,False,False,False,False,False,False,False,False,False,r
2,61097.311496585244,lsst,150.16577378754954,2.1559704938629682,170019716302635146,170059314825265212,0,170019716302635146,8349.932,244.06496,0,0,0,50310.137,242.36002,True,2026022500375,93,0.0,6.430439e-06,6.5890827e-06,-1.270091e-13,3217.7136,0.118502595,1931.4342,0.11561539,False,8197.879,494.93304,False,False,False,34.19654,,1643.4802,1681,8189.8545,1.9840928,150.16577608809538,,2.15596868864263,,0.6916752,,60.433575,,,0,False,,,,,,,,0,False,False,False,41831.598,10.581065,0.22183572,0.24706171,0.01677648,0.24848653,0.22797589,0.0041652885,False,False,False,False,0.0014972884,0.8756107,False,False,61097.313383672314,,27,False,False,False,False,False,False,False,False,False,False,False,False,False,False,False,False,False,False,False,False,False,r
2,61097.311965470464,lsst,150.16576061264567,2.155961466991753,170019716302635146,170059314960007232,0,170019716302635146,8145.769,251.58319,0,0,0,52505.23,250.93382,True,2026022500376,94,0.0,7.5399253e-06,7.118749e-06,6.280466e-13,1790.955,0.12792616,1832.2004,0.13565491,False,8019.758,495.442,False,False,False,32.43555,,1682.0792,1681,8117.4683,1.5869502,150.16575930095888,,2.155959666446572,,0.7750044,,-69.00135,,,0,False,,,,,,,,0,False,False,False,44191.066,17.525093,0.24890228,0.28014183,-0.021415263,0.25638524,0.26442307,-0.006412364,False,False,False,False,0.0016232991,0.86323637,False,False,61097.31373764256,,29,False,False,False,False,False,False,False,False,False,False,False,False,False,False,False,False,False,False,False,False,False,r
2,61097.31243547288,lsst,150.16577616267514,2.155954980763579,170019716302635146,170059315094224897,0,170019716302635146,7659.804,257.1891,0,0,0,54200.094,254.43808,True,2026022500377,94,0.0,8.036432e-06,7.356498e-06,1.6669592e-12,1777.9747,0.13195994,26.180382,0.14479674,False,7053.764,494.65866,False,False,False,29.869081,,1691.3402,1681,7519.4907,0.11000583,150.165778657789,,2.155953379387748,,0.7139103,,-86.08926,,,0,False,,,,,,,,0,False,False,False,46488.04,16.419552,0.2341924,0.27444428,-0.009694827,0.25658298,0.27203476,-0.0156202335,False,False,False,False,0.009376791,0.8141804,False,False,61097.31426700298,,27,False,False,False,False,False,False,False,False,False,False,False,False,False,False,False,False,False,False,False,False,False,r
2,61097.31290322063,lsst,150.16577095016203,2.155960579856414,170019716302635146,170059315228442682,0,170019716302635146,7950.0522,256.09735,0,0,0,53623.074,254.0194,True,2026022500378,94,0.0,7.596261e-06,7.4129257e-06,5.8486213e-13,1065.309,0.13313833,1685.7352,0.1367278,False,8111.9673,497.0598,False,False,False,30.62307,,1710.2181,1681,7748.798,0.6836588,150.16577310372665,,2.1559575952867767,,0.6170803,,-89.15776,,,0,False,,,,,,,,0,False,False,False,45570.297,12.456807,0.21552832,0.24536863,-0.007141881,0.2664321,0.26060328,-0.011607419,False,False,False,False,0.09834254,0.8141306,False,False,61097.314644690676,,27,False,False,False,False,False,False,False,False,False,False,False,False,False,False,False,False,False,False,False,False,False,r
2,61097.313374165045,lsst,150.16577786187582,2.155975030397545,170019716302635146,170059315362660449,0,170019716302635146,7560.9277,239.50995,0,0,0,48650.85,238.11331,True,2026022500379,94,0.0,7.0772894e-06,7.4272516e-06,-1.4859809e-12,369.4061,0.13402331,3065.012,0.12675132,False,7906.261,497.53006,False,False,False,30.986513,,1715.4231,1681,7286.313,0.46724203,150.16577297012358,,2.1559778522119775,,0.6091433,,-32.708378,,,0,False,,,,,,,,0,False,False,False,40953.906,12.113816,0.25647652,0.2303136,-0.009327418,0.22930947,0.2193934,-0.005475494,False,False,False,False,0.039522935,0.82901555,False,False,61097.31546491524,,28,False,False,False,False,False,False,False,False,False,False,False,False,False,False,False,False,False,False,False,False,False,r
2,61097.31384446165,lsst,150.16578871537203,2.155976706529796,170019716302635146,170059315496878214,0,170019716302635146,8467.675,237.67673,0,0,0,48751.93,236.1504,True,2026022500380,94,0.0,5.9042463e-06,5.9095464e-06,-3.7173752e-14,859.6644,0.10627277,3832.8591,0.10615123,False,7804.294,496.44666,False,False,False,35.55132,,1708.8107,1681,8289.796,1.8257356,150.16578892613362,,2.155975996870685,,0.5126862,,-103.12965,,,0,False,,,,,,,,0,False,False,False,40218.38,13.595225,0.18670331,0.20903292,-0.0018948927,0.2301998,0.20789419,-0.008024368,False,False,False,False,0.049802,0.86451626,False,False,61097.31602097544,,27,False,False,False,False,False,False,False,False,False,False,False,False,False,False,False,False,False,False,False,False,False,r
2,61097.31431433642,lsst,150.16577716179685,2.1559564033262264,170019716302635146,170059315630571608,0,170019716302635146,8047.5107,239.04343,0,0,0,48811.805,237.94572,True,2026022500381,93,0.0,6.734578e-06,7.2600756e-06,-3.346184e-12,1873.1804,0.13212465,2272.7493,0.1193686,False,8102.8833,498.04907,False,False,False,33.321938,,1768.0704,1681,7934.5728,0.082663484,150.16578013205412,,2.1559554179558287,,0.61147785,,-15.454288,,,0,False,,,,,,,,0,False,False,False,40663.137,13.756812,0.2558778,0.2240895,0.0031509995,0.24174623,0.20889772,-0.004768344,False,False,False,False,0.02352025,0.8890643,False,False,61097.32007201881,,27,False,False,False,False,False,False,False,False,False,False,False,False,False,False,False,False,False,False,False,False,False,r
2,61097.314781012596,lsst,150.16576397173247,2.1559518426400515,170019716302635146,170059315766886432,0,170019716302635146,7650.047,247.14818,0,0,0,49755.37,244.12094,True,2026022500382,97,0.0,7.218072e-06,7.885852e-06,-5.647151e-12,61.966133,0.14463021,837.1463,0.12661491,False,7786.0347,496.83426,False,False,False,30.999414,,1754.3167,1681,7697.9805,1.5112451,150.16576506273933,,2.1559509908950902,,0.924612,,5.7998223,,,0,False,,,,,,,,0,False,False,False,42095.824,25.951262,0.26762682,0.22840223,0.033581607,0.25964174,0.22543186,0.009906147,False,False,False,False,0.0030815469,0.8796362,False,False,61097.320272973506,,27,False,False,False,False,False,False,False,False,False,False,False,False,False,False,False,False,False,False,False,False,False,r
2,61097.31525257744,lsst,150.1657783612523,2.1559680253196647,170019716302635146,170059315899007052,0,170019716302635146,8231.103,243.55077,0,0,0,49760.473,241.41508,True,2026022500383,93,0.0,6.516278e-06,7.512989e-06,-9.69043e-12,2387.844,0.14088377,2074.6565,0.11013381,False,8162.5913,500.34515,False,False,False,33.46761,,1660.6832,1681,8285.194,0.4574598,150.16577790010334,,2.155968939000006,,0.8488502,,-21.997467,,,0,False,,,,,,,,0,False,False,False,41433.5,12.87911,0.27785268,0.21418016,0.005690888,0.25258422,0.21035452,-0.003699708,False,False,False,False,0.022550508,0.8730486,False,False,61097.32105052302,,27,False,False,False,False,False,False,False,False,False,False,False,False,False,False,False,False,False,False,False,False,False,r
2,61097.31572252775,lsst,150.16577409807303,2.155958927207563,170019716302635146,170059316034797587,0,170019716302635146,8227.942,253.17644,0,0,0,52934.727,251.66524,True,2026022500384,96,0.0,6.6438224e-06,7.1899913e-06,-6.571261e-12,3020.0894,0.13392828,733.4923,0.11422151,False,8098.138,499.9169,False,False,False,32.367893,,1627.0646,1681,8099.2334,2.1587021,150.16577578457202,,2.1559581660885567,,0.67714024,,-13.481407,,,0,False,,,,,,,,0,False,False,False,44613.195,20.270405,0.2570242,0.22342536,0.010941756,0.2692793,0.23858511,-0.00036945372,False,False,False,False,0.018289823,0.8584901,False,False,61097.3178529095,,28,False,False,False,False,False,False,False,False,False,False,False,False,False,False,False,False,False,False,False,False,False,r
3,61097.317688390365,lsst,150.16575955191504,2.155978951498491,170019716302635146,170059316165869646,0,170019716302635146,10134.034,367.92834,0,0,0,61533.25,368.01132,True,2026022500385,90,0.0,7.583997e-06,7.7546865e-06,5.281509e-13,3255.326,0.13626157,2569.8596,0.13960974,False,9039.261,809.01465,False,False,False,27.202736,,1714.3636,1681,9607.709,1.2533386,150.16575793827738,,2.1559802109403163,,0.4439323,,-54.624218,,,0,False,,,,,,,,0,False,False,False,51262.332,15.886087,0.21115398,0.19986725,0.006237815,0.21991815,0.21309683,0.011656899,False,False,False,False,0.013844619,0.89324343,False,False,61097.319332863524,,24,False,False,False,False,False,False,False,False,False,False,False,False,False,False,False,False,False,False,False,False,False,i
3,61097.318156958136,lsst,150.16577992418712,2.1559756423830816,170019716302635146,170059316300611672,0,170019716302635146,9660.615,356.50012,0,0,0,60046.18,355.1041,True,2026022500386,91,0.0,7.890732e-06,7.872858e-06,-7.4095156e-14,1566.4275,0.14189966,2858.7341,0.14158969,False,9867.998,808.53394,False,False,False,26.453356,,1619.0502,1681,9194.061,0.01305738,150.1657783331597,,2.1559746273162803,,0.4448051,,-19.87183,,,0,False,,,,,,,,0,False,False,False,50289.81,18.130049,0.20593765,0.21514793,0.007073861,0.20614165,0.19381763,0.01953157,False,False,False,False,0.013827369,0.89700866,False,False,61097.31992253776,,23,False,False,False,False,False,False,False,False,False,False,False,False,False,False,False,False,False,False,False,False,False,i
3,61097.3190973958,lsst,150.16576957513433,2.1559728639185956,170019716302635146,170059316570619944,0,170019716302635146,10001.162,372.8147,0,0,0,64170.965,372.82315,True,2026022500388,94,0.0,7.4376435e-06,8.2859515e-06,5.477624e-13,3457.672,0.13372321,1514.1427,0.14904709,False,10090.957,807.94464,False,False,False,26.737827,,1722.89,1681,9599.466,1.3859543,150.16576916698438,,2.155973978011788,,0.54166836,,-6.616687,,,0,False,,,,,,,,0,False,False,False,54066.99,17.221832,0.19799688,0.22206134,0.003946821,0.22497857,0.23223153,-0.0012811562,False,False,False,False,0.036968052,0.92648506,False,False,61097.32092766501,,26,False,False,False,False,False,False,False,False,False,False,False,False,False,False,False,False,False,False,False,False,False,i
3,61097.31956964833,lsst,150.16577224934892,2.1559633145154065,170019716302635146,170059316704837644,0,170019716302635146,8763.379,368.3087,0,0,0,62875.945,367.8687,True,2026022500389,94,0.0,8.38013e-06,8.612186e-06,-7.408577e-14,2778.6787,0.15069313,384.12457,0.15488514,False,9572.476,807.816,False,False,False,23.691338,,1760.9006,1681,8386.112,1.1359581,150.16577344394418,,2.155964708759548,,0.48167244,,-58.9235,,,0,False,,,,,,,,0,False,False,False,54025.816,19.48437,0.20840578,0.19943084,0.008877977,0.22354643,0.22573149,0.012495566,False,False,False,False,0.046573706,0.89373523,False,False,61097.32121883117,,26,False,False,False,False,False,False,False,False,False,False,False,False,False,False,False,False,False,False,False,False,False,i
3,61097.32017273733,lsst,150.16578687080488,2.155975371294285,170019716302635146,170059316838531073,0,170019716302635146,8180.889,374.7385,0,0,0,65398.977,375.80515,True,2026022500390,93,0.0,9.954472e-06,1.0099086e-05,-8.237297e-12,3858.5554,0.18763748,106.944916,0.1727026,False,7783.3853,810.03656,False,False,False,21.47393,,1674.7637,1681,7852.8164,5.8051624,150.16578998349658,,2.1559765243380293,,0.29194,,-97.20716,,,0,False,,,,,,,,0,False,False,False,57071.137,18.226377,0.20491624,0.20789763,-0.0032638267,0.2439342,0.22726016,0.0092006745,False,False,False,False,0.08630378,0.86488277,False,False,61097.321860078206,,30,False,False,False,False,False,False,False,False,False,False,False,False,False,False,False,False,False,False,False,False,False,i
3,61097.320640487276,lsst,150.16576745035005,2.1559615586162497,170019716302635146,170059316973273151,0,170019716302635146,9279.05,366.5041,0,0,0,61284.55,366.24725,True,2026022500391,94,0.0,8.584258e-06,8.558518e-06,2.7603492e-12,1925.6942,0.15117334,1711.0668,0.15705952,False,9145.931,813.65497,False,False,False,25.350864,,1664.6223,1681,8978.934,0.3508833,150.16576588570248,,2.1559640837946534,,0.474213,,-27.556509,,,0,False,,,,,,,,0,False,False,False,51908.18,17.998419,0.2304651,0.21392368,0.0048962403,0.21108991,0.23416372,0.012376759,False,False,False,False,2.0958842e-05,0.93586016,False,False,61097.3223414504,,25,False,False,False,False,False,False,False,False,False,False,False,False,False,False,False,False,False,False,False,False,False,i
3,61097.32110981461,lsst,150.1657807350733,2.1559567374965556,170019716302635146,170059317107490821,0,170019716302635146,8874.215,363.9649,0,0,0,62104.895,363.76913,True,2026022500392,94,0.0,8.4082e-06,8.383386e-06,-6.678281e-12,2997.2012,0.15794766,259.75146,0.14368905,False,7890.0396,812.3472,False,False,False,24.172508,,1682.8923,1681,8893.919,5.319481,150.16578121001473,,2.155960658231108,,0.7009253,,-9.188154,,,0,False,,,,,,,,0,False,False,False,53107.676,20.934427,0.18823269,0.17568795,0.02100515,0.21734223,0.21941881,0.0041905963,False,False,False,False,0.14064968,0.8881338,False,False,61097.32288600951,,25,False,False,False,False,False,False,False,False,False,False,False,False,False,False,False,False,False,False,False,False,False,i
3,61097.32158113058,lsst,150.16577760134024,2.155963913161045,170019716302635146,170059317241708594,0,170019716302635146,9216.564,362.87326,0,0,0,62247.5,363.21393,True,2026022500393,94,0.0,8.035456e-06,7.94815e-06,-5.136519e-12,1433.9932,0.14940225,1160.4675,0.13780424,False,8084.671,806.15845,False,False,False,25.049614,,1753.6593,1681,9495.122,1.3258706,150.16577470978083,,2.1559629322436114,,0.96667516,,-20.449408,,,0,False,,,,,,,,0,False,False,False,52924.22,24.140701,0.24880333,0.20144682,0.03624502,0.23677771,0.21712129,0.00863334,False,False,False,False,0.00036592304,0.9098733,False,False,61097.323241202386,,25,False,False,False,False,False,False,False,False,False,False,False,False,False,False,False,False,False,False,False,False,False,i
3,61097.322050417104,lsst,150.16578457060217,2.155964825448459,170019716302635146,170059317375926341,0,170019716302635146,8539.719,352.4849,0,0,0,59436.543,352.03607,True,2026022500394,94,0.0,7.582516e-06,7.690729e-06,3.3776135e-12,47.606804,0.13314837,1846.0825,0.14141268,False,8257.417,808.2435,False,False,False,24.148527,,1615.1469,1681,8142.8696,2.1997533,150.16578573557618,,2.1559644836341114,,0.41495168,,-12.965961,,,0,False,,,,,,,,0,False,False,False,50764.31,25.511024,0.17287298,0.16976404,0.007191842,0.21640976,0.19686852,0.008446927,False,False,False,False,0.13986422,0.8947571,False,False,61097.32395973329,,22,False,False,False,False,False,False,False,False,False,False,False,False,False,False,False,False,False,False,False,False,False,i
3,61097.32345364298,lsst,150.1657833168363,2.1559682287937867,170019716302635146,170059317778055267,0,170019716302635146,9904.124,361.95212,0,0,0,62201.453,362.8694,True,2026022500397,93,0.0,8.381105e-06,8.323598e-06,-7.996746e-13,2838.128,0.15118134,3258.5671,0.1492384,False,10894.41,810.44025,False,False,False,26.983213,,1550.4823,1681,9531.04,1.2358034,150.1657838864443,,2.1559701490615155,,0.6195407,,5.0748377,,,0,False,,,,,,,,0,False,False,False,52106.305,16.274899,0.22042605,0.24276425,0.012382598,0.22006167,0.18856987,0.008364651,False,False,False,False,0.08688963,0.92855537,False,False,61097.32894067823,,24,False,False,False,False,False,False,False,False,False,False,False,False,False,False,False,False,False,False,False,False,False,i
3,61097.32392799105,lsst,150.16576201182858,2.155953374882039,170019716302635146,170059317910700138,0,170019716302635146,9002.027,387.01022,0,0,0,66959.336,388.83942,True,2026022500398,90,0.0,9.127799e-06,8.363989e-06,-8.6382524e-12,3118.6814,0.16824807,3956.011,0.14583197,False,7112.4175,812.38446,False,False,False,23.163557,,1649.9773,1681,9005.507,7.9600983,150.16576455382088,,2.155949770703082,,0.88472486,,-62.41158,,,0,False,,,,,,,,0,False,False,False,57752.33,17.795607,0.2460923,0.17446372,0.00184507,0.27929446,0.22145936,0.004828162,False,False,False,False,0.14809711,0.84062475,False,False,61097.32905700395,,25,False,False,False,False,False,False,False,False,False,False,False,False,False,False,False,False,False,False,False,False,False,i
3,61097.32439551482,lsst,150.16579055492122,2.1559644781010667,170019716302635146,170059318046490699,0,170019716302635146,8254.817,367.86142,0,0,0,63314.62,368.68524,True,2026022500399,93,0.0,9.264684e-06,8.895943e-06,-3.5186396e-12,1897.3507,0.16804066,2422.8435,0.15849085,False,7678.1357,809.7683,False,False,False,22.115944,,1745.7474,1681,7861.81,0.49889615,150.1657901714599,,2.15596514415314,,0.41517687,,-82.37726,,,0,False,,,,,,,,0,False,False,False,54947.527,16.936062,0.19205809,0.17944421,-0.0037773354,0.23178135,0.20345107,-0.0011364197,False,False,False,False,0.109922014,0.85020894,False,False,61097.33114233476,,24,False,False,False,False,False,False,False,False,False,False,False,False,False,False,False,False,False,False,False,False,False,i
3,61097.32533784948,lsst,150.1657710050003,2.155958365830471,170019716302635146,170059318313877587,0,170019716302635146,9409.641,425.57895,0,0,0,77192.77,430.61423,False,2026022500401,91,,1.1319426e-05,1.1184793e-05,-1.1080648e-12,1055.0897,0.20380263,2986.4424,0.2008986,False,10246.338,822.04004,False,False,False,21.765493,,1606.3748,1681,9872.413,17.480476,150.16576567239835,,2.155955599239783,,1.436092,,-28.056456,,,0,False,,,,,,,,0,False,False,False,67541.13,11.942201,0.29734415,0.2949945,0.10293982,0.2860393,0.29862428,0.017208355,False,False,False,False,0.0012563322,0.8597712,False,False,61131.90533684223,,27,False,False,False,False,False,False,False,False,False,False,False,False,False,False,False,False,False,False,False,False,False,i
2,61098.272696955464,lsst,150.16577598215943,2.155960275432744,170019716302635146,170063723609718879,0,170019716302635146,7816.577,191.34831,0,0,0,34121.387,189.69225,True,2026022600455,94,0.0,3.8107455e-06,4.201751e-06,7.8644116e-14,3391.187,0.068527095,2863.1697,0.075566374,False,7764.4854,492.5113,False,False,False,40.322952,,1662.2959,1681,7720.121,0.95406646,150.16577544138826,,2.1559589757866027,,0.6782552,,-32.81045,,,0,False,,,,,,,,0,False,False,False,26229.95,53.96754,0.12392198,0.13920443,0.019510448,0.124117866,0.13602993,0.0260712,False,False,False,False,0.00042543476,0.70489675,False,False,61098.27420654088,,19,False,False,False,False,False,False,False,False,False,False,False,False,False,False,False,False,False,False,False,False,False,r
2,61098.27316592858,lsst,150.16577100238771,2.1559623255435807,170019716302635146,170063723742363778,0,170019716302635146,8069.1904,198.94778,0,0,0,36131.598,196.64995,True,2026022600456,91,0.0,4.2430856e-06,4.1524754e-06,1.4712393e-14,1944.0078,0.076309204,3704.289,0.07467519,False,8976.593,495.8291,False,False,False,39.973858,,1647.4025,1681,7984.3003,0.2678591,150.1657705461624,,2.1559631137751047,,0.733727,,-53.44462,,,0,False,,,,,,,,0,False,False,False,27957.32,49.937874,0.15816611,0.14615591,0.023801487,0.1427056,0.1434968,0.030384729,False,False,False,False,0.014211819,0.8122086,False,False,61098.27474706023,,20,False,False,False,False,False,False,False,False,False,False,False,False,False,False,False,False,False,False,False,False,False,r
4,61098.275115263685,lsst,150.16578635271492,2.1559703376355985,170019716302635146,170063723877630043,0,170019716302635146,7213.1665,429.8419,0,0,0,46721.09,430.28464,True,2026022600457,93,0.0,7.879282e-06,8.337797e-06,4.0106664e-12,2262.964,0.13971916,2557.288,0.15187949,False,6514.0396,1242.5627,False,False,False,16.39697,,1659.9628,1681,7214.8057,4.3264475,150.16578395171652,,2.155970114394762,,0.8307855,,-0.518746,,,0,False,,,,,,,,0,False,False,False,39343.992,135.19052,0.08304709,0.12835039,0.025428306,0.121889725,0.14108652,0.015519856,False,False,False,False,0.11865339,0.73524743,False,False,61098.27669718792,,15,False,False,False,False,False,False,False,False,False,False,False,False,False,False,False,False,False,False,False,False,False,z
4,61098.27558588278,lsst,150.16576271567902,2.1559665754045043,170019716302635146,170063724012371993,0,170019716302635146,8612.242,415.05124,0,0,0,44900.83,418.3489,True,2026022600458,94,0.0,7.771153e-06,6.6178445e-06,-7.340811e-12,212.07407,0.14296824,513.1192,0.115210816,False,7557.841,1233.0079,False,False,False,20.606749,,1600.5383,1681,8444.434,2.3678358,150.16576174478365,,2.155967684361421,,0.53705543,,-35.730907,,,0,False,,,,,,,,0,False,False,False,36026.848,111.76898,0.12972835,0.11980699,0.011736731,0.14992759,0.108087584,0.024570275,False,False,False,False,0.0034732886,0.9449132,False,False,61098.277114429584,,17,False,False,False,False,False,False,False,False,False,False,False,False,False,False,False,False,False,False,False,False,False,z
1,61099.314880045866,lsst,150.1658157000816,2.155948977018468,170019716302635146,170068130246164497,0,170019716302635146,6037.946,275.1754,0,0,0,56096.72,283.08588,True,2026022700519,94,0.0,1.3634502e-05,1.5029814e-05,-6.7095383e-12,2169.6172,0.24437238,1048.5656,0.2708269,False,6148.7925,421.28848,False,False,False,21.899769,,1746.8882,1681,6460.1055,2.1879966,150.16581409562704,,2.155947576086005,,1.5247183,,-53.654697,,,0,False,,,,,,,,0,False,False,False,49883.72,5.571156,0.5010648,0.50483984,0.109028734,0.45344093,0.55095476,0.029546177,False,False,False,False,2.8258046e-05,0.71318555,False,False,61099.31675378941,,36,False,False,False,False,False,False,False,False,False,False,False,False,False,False,False,False,False,False,False,False,False,g
1,61099.315350998135,lsst,150.16579918513062,2.1559275195174012,170019716302635146,170068130380382239,0,170019716302635146,6960.62,279.63895,0,0,0,57123.12,285.7031,True,2026022700520,94,0.0,1.2677389e-05,1.3278273e-05,-3.6051203e-12,3464.425,0.22732756,1857.9967,0.23920843,False,7189.4478,420.571,False,False,False,24.758226,,1714.2407,1681,7231.4834,2.3793485,150.1657975180415,,2.155927616948065,,1.1917435,,-98.55965,,,0,False,,,,,,,,0,False,False,False,49940.08,5.3987675,0.5308858,0.4040302,0.007969834,0.45846966,0.5712652,0.0352178,False,False,False,False,0.10312549,0.7686185,False,False,61099.3172646788,,40,False,False,False,False,False,False,False,False,False,False,False,False,False,False,False,False,False,False,False,False,False,g
3,61099.317347570504,lsst,150.1657824361406,2.1559695719653753,170019716302635146,170068130514075734,0,170019716302635146,9682.406,505.0718,0,0,0,86507.54,510.26144,True,2026022700521,93,0.0,9.6245e-06,1.6065744e-05,-2.2997044e-11,1443.5349,0.29067472,2879.388,0.17012624,False,8429.526,911.4654,False,False,False,19.02098,,1749.5325,1681,10185.389,15.143797,150.16577445297895,,2.1559696953527894,,1.1413388,,-3.1136918,,,0,False,,,,,,,,0,False,False,False,76763.484,13.559179,0.36548433,0.24601424,0.009751117,0.49381244,0.31144822,0.055609893,False,False,False,False,0.4410705,0.88574344,False,False,61099.319086288044,,28,False,False,False,False,False,False,False,False,False,False,False,False,False,False,False,False,False,False,False,False,False,i
3,61105.095800699935,lsst,150.1657639737675,2.1559714327183226,170019716302635146,170094456516640870,0,170019716302635146,9285.956,461.15088,0,0,0,64331.42,468.25815,True,2026030500057,94,0.0,1.1202474e-05,1.0756612e-05,5.500814e-12,3225.6797,0.20347865,1782.4999,0.19141711,False,9787.632,1023.5991,False,False,False,19.703325,,1648.1084,1681,9103.018,1.4300714,150.16576105408592,,2.155965378188812,,0.63009024,,119.94805,,,0,False,,,,,,,,0,False,False,False,54945.344,14.531735,0.20786642,0.21867475,0.016474638,0.2695203,0.21375205,0.007418485,False,False,False,False,0.07977239,0.931362,False,False,61105.09748542489,,26,False,False,False,False,False,False,False,False,False,False,False,False,False,False,False,False,False,False,False,False,False,i
1,61105.10647596716,lsst,150.16576641906224,2.1559828160630303,170019716302635146,170094456785076256,0,170019716302635146,6139.9565,364.81537,0,0,0,31722.725,373.56232,True,2026030500059,94,0.0,1.4448055e-05,1.466903e-05,-2.9381535e-11,3232.4832,0.242812,1189.026,0.27942267,False,6405.995,844.77185,False,False,False,16.746998,,1690.8542,1681,6376.6514,0.34045804,150.16576721084,,2.1559845356738414,,0.87525076,,-32.432716,,,0,False,,,,,,,,0,False,False,False,25540.51,8.951031,0.23439427,0.2993545,-0.01112395,0.24035417,0.22188337,0.0021152266,False,False,False,False,0.12887469,0.76967305,False,False,61105.10818684316,,24,False,False,False,False,False,False,False,False,False,False,False,False,False,False,False,False,False,False,False,False,False,g
1,61105.117474815896,lsst,150.16576494084538,2.155963496368703,170019716302635146,170094457590382626,0,170019716302635146,5857.838,363.5747,0,0,0,31989.184,375.28876,True,2026030500065,94,0.0,1.3675413e-05,1.3981838e-05,1.3412709e-11,3375.9097,0.25760618,1460.4664,0.23933472,False,8131.771,845.0195,False,False,False,15.902239,,1673.3121,1681,5819.269,6.156294,150.16576481435348,,2.155963357108848,,0.64896494,,45.77554,,,0,False,,,,,,,,0,False,False,False,26003.576,10.018164,0.21021958,0.17516811,0.0060652066,0.22067393,0.2320478,0.017489618,False,False,False,False,0.11740696,0.8245468,False,False,61105.11911216316,,23,False,False,False,False,False,False,False,False,False,False,False,False,False,False,False,False,False,False,False,False,False,g
2,61106.24337388651,lsst,150.16579207855617,2.155972152100349,170019716302635146,170098888520237108,0,170019716302635146,6940.6733,362.41638,0,0,0,52678.8,368.4101,True,2026030600310,94,0.0,1.0719813e-05,1.3070004e-05,6.519234e-12,2383.1687,0.19214737,2289.8677,0.23557019,False,7479.8545,766.26404,False,False,False,18.879086,,1700.8708,1681,6719.5117,5.1351194,150.16578981973163,,2.1559774664813713,,0.86853254,,-171.06415,,,0,False,,,,,,,,0,False,False,False,45658.69,25.397747,0.20750828,0.27533856,-0.0027886177,0.23824395,0.24699743,-0.016148847,False,False,False,False,0.00014742957,0.78282875,False,False,61106.24495757258,,25,False,False,False,False,False,False,False,False,False,False,False,False,False,False,False,False,False,False,False,False,False,r
2,61106.24384151529,lsst,150.16574479119697,2.1559722729668547,170019716302635146,170098888653930512,0,170019716302635146,6686.9355,389.84695,0,0,0,54893.266,397.65628,True,2026030600311,93,0.0,1.4469132e-05,1.42042645e-05,-5.0136284e-13,1927.8184,0.26023933,774.3395,0.25541398,False,6971.359,769.9883,False,False,False,17.03259,,1782.3522,1681,6595.6484,1.542139,150.16575260774613,,2.1559736000120555,,0.6896282,,-121.39794,,,0,False,,,,,,,,0,False,False,False,48119.184,15.530877,0.3250203,0.31081945,-0.019313583,0.30378446,0.30269462,-0.020854551,False,False,False,False,0.017578974,0.6374468,False,False,61106.24535842637,,28,False,False,False,False,False,False,False,False,False,False,False,False,False,False,False,False,False,False,False,False,False,r
4,61106.24814233878,lsst,150.16576633665508,2.155972118997248,170019716302635146,170098889057107979,0,170019716302635146,7990.1577,482.9508,0,0,0,53522.766,484.42615,True,2026030600314,94,0.0,9.435069e-06,9.4567895e-06,-7.64074e-13,417.80853,0.17065734,223.22173,0.16918473,False,8645.372,1254.3387,False,False,False,16.34941,,1620.5417,1681,7154.234,4.898079,150.16576750523424,,2.1559710098611338,,0.3867164,,28.024374,,,0,False,,,,,,,,0,False,False,False,45383.203,70.96456,0.1037653,0.1121911,0.00488726,0.14887567,0.15256922,0.009177005,False,False,False,False,0.26116538,0.87322044,False,False,61106.24976342557,,19,False,False,False,False,False,False,False,False,False,False,False,False,False,False,False,False,False,False,False,False,False,z
4,61106.24860699496,lsst,150.1657760490294,2.1559742623522573,170019716302635146,170098889191325799,0,170019716302635146,7341.468,492.5679,0,0,0,55217.492,488.32922,True,2026030600315,94,0.0,1.2283882e-05,1.2201949e-05,6.1165907e-12,3510.1106,0.21561225,3623.0461,0.22476518,False,7542.7485,1240.8916,False,False,False,14.716048,,1740.702,1681,7060.358,6.3382277,150.16577779756233,,2.155974189700716,,0.90631753,,-92.24366,,,0,False,,,,,,,,0,False,False,False,47705.98,66.41941,0.15928313,0.1777802,-0.03766592,0.15533847,0.14915137,-3.2742177e-05,False,False,False,False,0.04257043,0.7149557,False,False,61106.250273910926,,20,False,False,False,False,False,False,False,False,False,False,False,False,False,False,False,False,False,False,False,False,False,z
3,61107.06258556841,lsst,150.16576097050444,2.155967416463193,170019716302635146,170103258783154212,0,170019716302635146,9103.946,477.09528,0,0,0,84689.94,485.37286,True,2026030700103,93,0.0,1.3962417e-05,1.619323e-05,1.5576438e-11,3595.186,0.29315364,1161.7356,0.24893509,False,9614.3545,858.05054,False,False,False,18.917473,,1697.9471,1681,9239.01,3.5579731,150.1657623375124,,2.1559650483074475,,1.2786211,,-9.846362,,,0,False,,,,,,,,0,False,False,False,75358.37,11.316673,0.43166777,0.3230881,-0.053333487,0.34901407,0.3323858,-0.02242115,False,False,False,False,0.093869835,0.6973208,False,False,61107.0642913434,,31,False,False,False,False,False,False,False,False,False,False,False,False,False,False,False,False,False,False,False,False,False,i
2,61108.08638488848,lsst,150.16576706819808,2.155965452770693,170019716302635146,170107660856197207,0,170019716302635146,7302.4634,252.8212,0,0,0,46524.72,252.205,True,2026030800133,93,0.0,7.675307e-06,6.6702687e-06,-2.0007333e-12,3403.806,0.119602755,2963.678,0.13836648,False,6605.7334,542.8323,False,False,False,28.489576,,1711.2782,1681,7139.531,1.72041,150.16576797999127,,2.1559659973234444,,0.7448232,,85.37039,,,0,False,,,,,,,,0,False,False,False,39111.32,11.864195,0.17065556,0.21579243,0.010431813,0.21178697,0.22414345,0.018726641,False,False,False,False,0.06769893,0.804786,False,False,61108.08806520398,,25,False,False,False,False,False,False,False,False,False,False,False,False,False,False,False,False,False,False,False,False,False,r
4,61108.09068913838,lsst,150.1657821116821,2.1559783490339,170019716302635146,170107661260947461,0,170019716302635146,7617.436,468.3805,0,0,0,55035.99,463.09634,True,2026030800136,97,0.0,1.0890313e-05,1.0869755e-05,7.2656256e-12,1512.7107,0.20164292,183.45404,0.18964742,False,6985.0596,1201.2157,False,False,False,15.688715,,1580.0841,1681,7289.984,15.1478405,150.16577993638745,,2.155973359702534,,0.6318917,,93.98463,,,0,False,,,,,,,,0,False,False,False,47354.633,40.667347,0.12632033,0.13018611,0.017903024,0.17606165,0.14848438,-0.002687306,False,False,False,False,0.16315416,0.7107606,False,False,61108.0922587728,,19,False,False,False,False,False,False,False,False,False,False,False,False,False,False,False,False,False,False,False,False,False,z
1,61109.14520318322,lsst,150.16575811823677,2.1559918109497818,170019716302635146,170112044675629150,0,170019716302635146,4967.603,252.20174,0,0,0,40725.48,255.60376,True,2026030900027,93,0.0,1.4244875e-05,1.4208498e-05,-3.0846214e-11,2062.321,0.27463013,3449.4565,0.23551954,False,5562.345,453.40402,False,False,False,19.091135,,1687.3882,1681,5542.024,2.1971078,150.165760170022,,2.1559940282801393,,1.6071893,,-76.18636,,,0,False,,,,,,,,0,False,False,False,35701.03,8.741373,0.47733957,0.35629326,-0.11087442,0.40743577,0.34836894,-0.0879969,False,False,False,False,0.09514178,0.64091647,False,False,61109.14688260154,,30,False,False,False,False,False,False,False,False,False,False,False,False,False,False,False,False,False,False,False,False,False,g
3,61134.99953458342,lsst,150.16577181087533,2.1559735735068446,170019716302635146,170226393349619718,0,170019716302635146,7259.174,436.52426,0,0,0,77675.53,438.55984,True,2026040400023,96,0.0,1.621011e-05,1.3540724e-05,-8.8884324e-11,2578.8633,0.20166196,237.18282,0.32199517,False,5891.81,832.0197,False,False,False,16.357912,,1659.039,1681,7763.9575,14.313652,150.16577136627168,,2.155974393078004,,1.574148,,100.85278,,,0,False,,,,,,,,0,False,False,False,70261.38,12.694014,0.22506511,0.4066132,0.08835457,0.26875645,0.3653953,0.013729495,False,False,False,False,0.00012041543,0.5484829,False,False,61135.001006416074,,27,False,False,False,False,False,False,False,False,False,False,False,False,False,False,False,False,False,False,False,False,False,i
4,61135.043317699834,lsst,150.1657722128842,2.155989895020244,170019716302635146,170226404641210428,0,170019716302635146,7460.0474,477.3152,0,0,0,59371.92,471.722,True,2026040400107,129,0.0,1.3165459e-05,1.164838e-05,1.2356748e-11,3157.7607,0.23963515,1592.4673,0.20683423,False,7208.511,1145.358,False,False,False,15.407956,,1662.7565,1681,7412.181,9.125968,150.16577605649314,,2.1559928001897206,,0.71511906,,90.953,,,0,False,,,,,,,,0,False,False,False,51832.95,33.783005,0.20677306,0.16958013,0.013241092,0.19387914,0.19203416,-0.019839378,False,False,False,False,0.0029583124,0.518188,False,False,61135.04488465274,,21,False,False,False,False,False,False,False,False,False,False,False,False,False,False,False,False,False,False,False,False,False,z
2,61136.020365587145,lsst,150.16577625448932,2.1559625664092423,170019716302635146,170230797033799718,0,170019716302635146,5666.8135,279.46832,0,0,0,51534.18,281.24316,True,2026040500065,97,0.0,1.2250544e-05,1.25116185e-05,3.354674e-11,697.0064,0.24594718,1481.7219,0.19672143,False,6528.036,564.9676,False,False,False,19.984966,,1562.4064,1681,5623.0767,1.4656726,150.16577646778785,,2.1559650320433295,,1.0607356,,41.67255,,,0,False,,,,,,,,0,False,False,False,45775.816,13.197556,0.32794034,0.22390203,-0.0010491981,0.25230753,0.23872034,0.010423371,False,False,False,False,0.08972309,0.70578253,False,False,61136.021725481216,,26,False,False,False,False,False,False,False,False,False,False,False,False,False,False,False,False,False,False,False,False,False,r
2,61136.02083357939,lsst,150.1657751928765,2.1559730837665043,170019716302635146,170230797166444623,0,170019716302635146,6131.321,270.10718,0,0,0,48917.22,272.0151,True,2026040500066,94,0.0,1.0840103e-05,1.1040637e-05,1.0904016e-11,1883.5154,0.20569393,2896.8918,0.18741517,False,6417.978,565.2877,False,False,False,22.372663,,1799.1927,1681,5795.233,2.1468153,150.1657767813982,,2.155978940140336,,0.58918273,,39.13165,,,0,False,,,,,,,,0,False,False,False,42677.816,12.220445,0.28811023,0.25824273,-0.000105621206,0.2364049,0.22228752,0.009518847,False,False,False,False,0.1886493,0.76365465,False,False,61136.02237913036,,26,False,False,False,False,False,False,False,False,False,False,False,False,False,False,False,False,False,False,False,False,False,r
3,61136.155777554006,lsst,150.16577110258288,2.155967861351102,170019716302635146,170230831571796063,0,170019716302635146,7386.8184,385.82327,0,0,0,61450.33,388.18176,True,2026040500322,181,0.0,1.1583594e-05,1.06580355e-05,-1.8746685e-11,1601.673,0.21706855,3184.459,0.18249986,False,7195.887,852.27344,False,False,False,19.013985,,1777.9196,1681,7077.815,4.2269387,150.16577030059207,,2.1559673197399993,,0.68728447,,-65.78188,,,0,False,,,,,,,,0,False,False,False,53863.492,15.070377,0.22882648,0.18823135,-0.004736063,0.2244334,0.20090613,0.0068518114,False,False,False,False,0.002017603,0.7921399,False,False,61136.15714332067,,25,False,False,False,False,False,False,False,False,False,False,False,False,False,False,False,False,False,False,False,False,False,i
3,61137.070780076116,lsst,150.16577494919267,2.155963441584502,170019716302635146,170235204205543529,0,170019716302635146,7821.539,318.9779,0,0,0,54658.69,316.83224,True,2026040600133,94,0.0,8.257582e-06,8.349354e-06,-5.523304e-12,1094.4851,0.14321299,3599.6404,0.15529874,False,7420.798,743.08453,False,False,False,24.0309,,1655.4861,1681,7492.9854,0.46140146,150.16577519611857,,2.1559642199248956,,0.7126394,,-26.195856,,,0,False,,,,,,,,0,False,False,False,46725.3,15.318018,0.17210293,0.21137923,-0.01124661,0.1753346,0.18393555,-0.015959011,False,False,False,False,0.020166533,0.8449355,False,False,61137.07231491994,,22,False,False,False,False,False,False,False,False,False,False,False,False,False,False,False,False,False,False,False,False,False,i
3,61137.07124576173,lsst,150.1657778689561,2.155963805481459,170019716302635146,170235204339236964,0,170019716302635146,7431.0337,319.90918,0,0,0,55312.93,318.61108,True,2026040600134,93,0.0,8.555201e-06,8.544259e-06,3.4941921e-12,3735.378,0.15743285,2937.8447,0.1500814,False,7965.146,742.6487,False,False,False,23.032913,,1694.8558,1681,7098.594,2.8734355,150.16578212705988,,2.155962913901155,,0.59299904,,95.16787,,,0,False,,,,,,,,0,False,False,False,47772.945,14.963921,0.1811588,0.18582149,0.015200926,0.19411084,0.17755827,-0.008694752,False,False,False,False,0.0007382262,0.80623287,False,False,61137.07282570719,,22,False,False,False,False,False,False,False,False,False,False,False,False,False,False,False,False,False,False,False,False,False,i
3,61137.11054508446,lsst,150.16578378214808,2.155975724658653,170019716302635146,170235208634728511,0,170019716302635146,7952.478,353.22324,0,0,0,66201.28,353.30045,True,2026040600166,94,0.0,9.577939e-06,1.07338965e-05,-1.3990833e-12,216.76259,0.19315895,2235.0508,0.17222235,False,8334.9375,732.56744,False,False,False,22.451466,,1745.5034,1681,7465.368,0.6750838,150.1657808583348,,2.1559761082606945,,0.5576926,,19.726662,,,0,False,,,,,,,,0,False,False,False,58112.617,13.051456,0.24241255,0.22388506,0.009684715,0.24094898,0.2171677,-0.0043166,False,False,False,False,0.0018222776,0.8443936,False,False,61137.11201047677,,29,False,False,False,False,False,False,False,False,False,False,False,False,False,False,False,False,False,False,False,False,False,i
3,61137.11101235982,lsst,150.16577092316396,2.1559767729523367,170019716302635146,170235208768421905,0,170019716302635146,8525.644,339.7206,0,0,0,61623.613,337.52966,True,2026040600167,93,0.0,8.16083e-06,8.743902e-06,-1.1424983e-12,3994.2021,0.15741998,576.68524,0.14665999,False,8450.561,727.057,False,False,False,24.651497,,1691.4508,1681,7861.348,0.9830827,150.16576910662081,,2.155976696142133,,0.4676009,,32.49439,,,0,False,,,,,,,,0,False,False,False,52998.0,15.447377,0.19795875,0.19406365,0.009165009,0.21929324,0.20462584,-0.0024781781,False,False,False,False,0.029516922,0.86320364,False,False,61137.11234260564,,22,False,False,False,False,False,False,False,False,False,False,False,False,False,False,False,False,False,False,False,False,False,i
3,61137.16571833582,lsst,150.16576602555722,2.155972155217463,170019716302635146,170235219103711255,0,170019716302635146,9094.41,418.01297,0,0,0,68050.445,422.56305,True,2026040600244,94,0.0,1.1630308e-05,1.1419327e-05,-4.2332037e-11,565.4292,0.23809963,889.51843,0.17107789,False,11101.284,871.5904,False,False,False,20.926594,,1731.5732,1681,9265.625,0.55075264,150.16576820243534,,2.1559706895342092,,1.2746621,,-61.851524,,,0,False,,,,,,,,0,False,False,False,58794.73,14.526664,0.33235282,0.19545217,-0.04017499,0.25228292,0.22701117,-0.0068851095,False,False,False,False,0.05945451,0.86425185,False,False,61137.1671560581,,26,False,False,False,False,False,False,False,False,False,False,False,False,False,False,False,False,False,False,False,False,False,i
3,61137.166187080235,lsst,150.16577132967953,2.155990980000391,170019716302635146,170235219236356209,0,170019716302635146,8226.234,425.0073,0,0,0,69110.78,429.79785,True,2026040600245,91,0.0,1.1293738e-05,1.097112e-05,-2.2595661e-11,1378.6494,0.21793367,3601.9302,0.18087173,False,7973.2974,868.05493,False,False,False,19.195374,,1618.456,1681,7822.306,6.3831697,150.1657701361228,,2.155988533457421,,0.860708,,-57.34335,,,0,False,,,,,,,,0,False,False,False,60729.957,12.921337,0.23831286,0.17315258,-0.009126072,0.2728893,0.2302859,-7.7743374e-05,False,False,False,False,0.18832421,0.8432406,False,False,61137.167630438926,,25,False,False,False,False,False,False,False,False,False,False,False,False,False,False,False,False,False,False,False,False,False,i
2,61138.07632427385,lsst,150.16578061074281,2.155962802717876,170019716302635146,170239610841464853,0,170019716302635146,5645.6157,220.50449,0,0,0,42550.355,218.63107,True,2026040700197,93,0.0,7.466462e-06,7.9969e-06,-7.861334e-12,1369.9253,0.14910072,545.5779,0.12843,False,5848.0127,489.79034,False,False,False,25.072372,,1817.939,1681,5560.2095,3.4039469,150.1657813393076,,2.1559622003030077,,0.81862575,,-54.89108,,,0,False,,,,,,,,0,False,False,False,36801.62,15.617387,0.1959057,0.15414906,-0.02262806,0.19730908,0.17965479,-0.0022535769,False,False,False,False,0.023690524,0.7123916,False,False,61138.07776875469,,23,False,False,False,False,False,False,False,False,False,False,False,False,False,False,False,False,False,False,False,False,False,r
2,61138.07679047523,lsst,150.16577060675806,2.1559481715595763,170019716302635146,170239610976206920,0,170019716302635146,5135.2085,214.75398,0,0,0,40242.68,213.50499,False,2026040700198,94,,7.796436e-06,8.430699e-06,-1.2925284e-11,2993.706,0.1607183,1759.503,0.12972747,False,5357.801,489.29565,False,False,False,23.840513,,1621.2047,1681,5064.739,0.63516766,150.16577081479312,,2.155947623277758,,0.78031594,,-42.64911,,,0,False,,,,,,,,0,False,False,False,35004.902,18.256884,0.20061368,0.14756645,-0.008105529,0.19200078,0.17635573,-0.0021745632,False,False,False,False,0.013699106,0.7261299,False,False,61146.53677108143,,22,False,False,False,False,False,False,False,False,False,False,False,False,False,False,False,False,False,False,False,False,False,r
4,61138.079210125135,lsst,150.16577572086535,2.155974079865821,170019716302635146,170239611111473189,0,170019716302635146,7530.9897,467.58838,0,0,0,55101.793,464.9612,True,2026040700199,96,0.0,1.2480121e-05,1.0678996e-05,1.5118663e-13,3042.9526,0.19213322,1093.2426,0.2245559,False,7159.9517,1207.0531,False,False,False,16.073944,,1704.3953,1681,7423.593,2.1983366,150.1657746198401,,2.155973347622083,,0.76882637,,63.876884,,,0,False,,,,,,,,0,False,False,False,47445.59,39.02858,0.15421107,0.18745372,0.021147378,0.14579573,0.1774458,-0.0011436626,False,False,False,False,0.013028794,0.86949414,False,False,61138.08056046798,,20,False,False,False,False,False,False,False,False,False,False,False,False,False,False,False,False,False,False,False,False,False,z
3,61139.07372735861,lsst,150.16576725507363,2.155971966426977,170019716302635146,170244000300138556,0,170019716302635146,8139.4404,262.5568,0,0,0,44078.28,258.387,True,2026040800133,97,0.0,5.8442524e-06,5.938477e-06,-4.0083608e-14,2212.5874,0.10683536,1255.657,0.10514579,False,9287.125,677.9788,False,False,False,30.192516,,1650.2041,1681,7557.031,0.25695613,150.16576789963852,,2.155972750369285,,0.37912673,,-64.39312,,,0,False,,,,,,,,0,False,False,False,35894.145,21.227,0.13767931,0.14466782,-0.005053969,0.14097415,0.13203368,0.0029680142,False,False,False,False,0.0039815796,0.787834,False,False,61139.07513906143,,21,False,False,False,False,False,False,False,False,False,False,False,False,False,False,False,False,False,False,False,False,False,i
2,61140.07903673018,lsst,150.16576916617555,2.1559653680333857,170019716302635146,170248393244803171,0,170019716302635146,5859.592,230.3906,0,0,0,43229.49,228.97084,True,2026040900095,94,0.0,8.755692e-06,8.483304e-06,-9.5422725e-15,1657.1106,0.15257306,2587.006,0.15748541,False,6980.902,501.04242,False,False,False,25.330965,,1679.5941,1681,5713.3716,0.040456243,150.16577029887546,,2.155965418740284,,0.83438927,,-50.531475,,,0,False,,,,,,,,0,False,False,False,37282.94,15.314153,0.214876,0.22715266,-0.03082206,0.20129138,0.1896998,0.0066594128,False,False,False,False,0.07978282,0.74850875,False,False,61140.08055228888,,23,False,False,False,False,False,False,False,False,False,False,False,False,False,False,False,False,False,False,False,False,False,r
4,61140.0812688649,lsst,150.16577335646878,2.1559489818216537,170019716302635146,170248393512714358,0,170019716302635146,7162.4204,508.27884,0,0,0,58175.574,506.61716,True,2026040900097,93,0.0,1.2926842e-05,1.4405898e-05,-1.9377248e-11,1240.4363,0.2640141,3503.685,0.2271022,False,8157.0635,1267.9054,False,False,False,13.627831,,1654.4755,1681,6851.6777,18.875946,150.16577019906444,,2.155949568610775,,0.76225466,,-21.562449,,,0,False,,,,,,,,0,False,False,False,50901.52,33.51449,0.16568962,0.11180275,0.00032322097,0.17587484,0.1616289,-0.006785339,False,False,False,False,0.12477146,0.73641545,False,False,61140.082699589984,,19,False,False,False,False,False,False,False,False,False,False,False,False,False,False,False,False,False,False,False,False,False,z
4,61140.0817355721,lsst,150.16578557086285,2.155984650980419,170019716302635146,170248393646932032,0,170019716302635146,7536.6094,503.75378,0,0,0,57543.105,502.22208,True,2026040900098,93,0.0,1.106335e-05,1.1867311e-05,-1.0899564e-11,3405.7664,0.217305,2089.8875,0.19489609,False,6184.4155,1262.3489,False,False,False,14.888273,,1531.193,1681,7078.2046,6.3916826,150.16578693406632,,2.155984562397362,,0.68344694,,-57.90976,,,0,False,,,,,,,,0,False,False,False,49877.168,47.142982,0.14775898,0.13051593,-0.019366205,0.16649702,0.15600687,0.004192556,False,False,False,False,0.07295156,0.8643127,False,False,61140.08315201391,,19,False,False,False,False,False,False,False,False,False,False,False,False,False,False,False,False,False,False,False,False,False,z
3,61141.07562291819,lsst,150.16575664818788,2.1559546841367423,170019716302635146,170252804983095300,0,170019716302635146,7304.128,463.39474,0,0,0,104196.836,463.93143,True,2026041000197,97,0.0,2.7203088e-05,1.9317922e-05,-1.6465948e-11,2537.364,0.34718466,235.57114,0.48965725,False,7149.73,704.15533,False,False,False,15.538436,,1679.5917,1681,7809.1826,3.106976,150.16575833197896,,2.155950851079942,,1.5133415,,-76.25585,,,0,False,,,,,,,,0,False,False,False,96637.64,9.746773,0.45020613,0.6465906,-0.040393636,0.45524874,0.5990238,0.007511985,False,False,False,False,0.0211899,0.5245282,False,False,61141.0772850426,,35,False,False,False,False,False,False,False,False,False,False,False,False,False,False,False,False,False,False,False,False,False,i
2,61142.06767881721,lsst,150.16576531942368,2.1559827212432547,170019716302635146,170257199808380967,0,170019716302635146,6056.0645,267.127,0,0,0,52505.258,268.28558,True,2026041100173,97,0.0,1.067439e-05,1.1208123e-05,1.6592137e-11,2394.685,0.21084094,1433.2991,0.18185824,False,6742.366,520.19556,False,False,False,22.560364,,1616.2446,1681,6004.967,1.7564731,150.16576658474978,,2.1559842682094406,,1.0044539,,60.916992,,,0,False,,,,,,,,0,False,False,False,46330.95,11.081415,0.29983774,0.24188901,0.036020767,0.26292378,0.26528427,0.017192403,False,False,False,False,0.0043104338,0.7675746,False,False,61142.069054087384,,27,False,False,False,False,False,False,False,False,False,False,False,False,False,False,False,False,False,False,False,False,False,r
2,61142.068144634446,lsst,150.16576796326152,2.155999894960509,170019716302635146,170257199941550136,0,170019716302635146,5396.651,263.56628,0,0,0,50518.004,263.24384,False,2026041100174,95,,1.3390534e-05,1.2897432e-05,-1.3803734e-11,367.28537,0.22581233,2242.6116,0.24669963,False,6341.3364,523.0998,False,False,False,20.045723,,1715.1676,1681,5471.304,1.4331073,150.16577159792564,,2.1559999761582533,,1.1442207,,91.02005,,,0,False,,,,,,,,0,False,False,False,45017.832,10.862515,0.3097447,0.3648309,0.053566847,0.2558664,0.2572924,0.0012133355,False,False,False,False,0.46947876,0.6495477,False,False,61150.74490809282,,27,False,False,False,False,False,False,False,False,False,False,False,False,False,False,False,False,False,False,False,False,False,r
3,61143.05686062978,lsst,150.165774956702,2.1559437186529595,170019716302635146,170261592887263353,0,170019716302635146,8297.615,422.07294,0,0,0,66555.39,428.98553,True,2026041200136,94,0.0,1.1179101e-05,1.1149946e-05,-4.507704e-14,1840.5029,0.2005823,3823.6404,0.20114103,False,9302.364,893.64246,False,False,False,19.0839,,1610.3943,1681,7503.852,0.17558683,150.16577469210614,,2.155943960799859,,0.4220217,,-16.907932,,,0,False,,,,,,,,0,False,False,False,58041.91,14.49815,0.23420551,0.22280535,-0.0049776672,0.22810286,0.21804443,0.006005648,False,False,False,False,0.0032978335,0.76785254,False,False,61143.05826349199,,25,False,False,False,False,False,False,False,False,False,False,False,False,False,False,False,False,False,False,False,False,False,i
3,61143.05732438691,lsst,150.16576876664445,2.1559570811463096,170019716302635146,170261593021481034,0,170019716302635146,7992.909,401.8238,0,0,0,59277.5,405.53943,True,2026041200137,94,0.0,1.0104467e-05,1.0190663e-05,1.962171e-14,2624.009,0.18333235,2135.0347,0.18180604,False,7334.597,888.8725,False,False,False,19.831896,,1804.4136,1681,7628.676,3.4545925,150.16577073605674,,2.1559572541641177,,0.86081,,-48.594063,,,0,False,,,,,,,,0,False,False,False,51092.086,19.24784,0.17680064,0.18692566,-0.033886004,0.19698097,0.19066761,-0.0024909072,False,False,False,False,0.01826696,0.8997404,False,False,61143.05875176401,,21,False,False,False,False,False,False,False,False,False,False,False,False,False,False,False,False,False,False,False,False,False,i
3,61145.12625996198,lsst,150.1657805479883,2.1559711779944886,170019716302635146,170270398107090975,0,170019716302635146,7773.2686,339.27283,0,0,0,57514.05,339.08084,True,2026041400204,94,0.0,9.142174e-06,8.3258565e-06,2.104865e-12,1265.0756,0.1494262,880.1046,0.16475967,False,8263.214,774.3377,False,False,False,22.917492,,1711.9415,1681,7832.757,6.5289493,150.16577964758784,,2.1559753963908777,,0.82665044,,-76.477486,,,0,False,,,,,,,,0,False,False,False,49633.934,18.780672,0.17207433,0.21721315,-0.021450223,0.19726078,0.18992415,-0.023942238,False,False,False,False,0.00014252127,0.8452078,False,False,61145.12765028773,,22,False,False,False,False,False,False,False,False,False,False,False,False,False,False,False,False,False,False,False,False,False,i
3,61145.12672389548,lsst,150.16576564259532,2.1559840669852948,170019716302635146,170270398242881581,0,170019716302635146,7584.801,349.70828,0,0,0,58338.33,349.1202,True,2026041400205,97,0.0,1.0100158e-05,9.595013e-06,2.078859e-12,582.4168,0.17220289,1376.2987,0.18205892,False,6814.3677,779.5979,False,False,False,21.522009,,1725.0776,1681,7493.932,3.9388645,150.1657622778132,,2.155986990555021,,0.7703346,,-73.363914,,,0,False,,,,,,,,0,False,False,False,50718.086,17.270538,0.18377386,0.21365087,-0.022098813,0.21922165,0.20710614,-0.024726544,False,False,False,False,0.024165003,0.8526083,False,False,61145.128096555556,,24,False,False,False,False,False,False,False,False,False,False,False,False,False,False,False,False,False,False,False,False,False,i
2,61146.080820704636,lsst,150.16577130583858,2.1559820844458364,170019716302635146,170274770651709524,0,170019716302635146,4932.329,221.20393,0,0,0,40956.656,219.83592,True,2026041500014,93,0.0,9.037473e-06,9.312929e-06,-1.0866478e-11,3374.1528,0.17563677,2886.15,0.15373246,False,4096.9766,492.1972,False,False,False,22.253563,,1737.9926,1681,4807.0103,0.49941382,150.16577061053724,,2.1559830124155153,,0.7106836,,-32.91436,,,0,False,,,,,,,,0,False,False,False,35966.777,14.427086,0.21181938,0.16763397,0.0043366873,0.20151481,0.18112415,-0.0042355745,False,False,False,False,0.00033097022,0.6994836,False,False,61146.08225855087,,22,False,False,False,False,False,False,False,False,False,False,False,False,False,False,False,False,False,False,False,False,False,r
3,61151.028170667465,lsst,150.16577071500785,2.1559853155888766,170019716302635146,170296772026433537,0,170019716302635146,7794.5176,280.5301,0,0,0,42687.047,277.79916,True,2026042000097,97,0.0,6.1117503e-06,5.6761064e-06,3.6067054e-12,1797.0801,0.09910905,42.88659,0.11264892,False,8033.614,750.43274,False,False,False,27.553167,,1687.2192,1681,7256.678,2.8891413,150.16577011566736,,2.155984686116399,,0.5388615,,-112.769325,,,0,False,,,,,,,,0,False,False,False,34783.77,23.996542,0.10560734,0.13104205,-0.002007067,0.124562845,0.1331113,-0.0074738227,False,False,False,False,0.021188384,0.85915756,False,False,61151.02957089868,,19,False,False,False,False,False,False,False,False,False,False,False,False,False,False,False,False,False,False,False,False,False,i
3,61151.02863626485,lsst,150.16577722403977,2.1559603905852125,170019716302635146,170296772159078548,0,170019716302635146,6775.1357,281.77783,0,0,0,42909.54,280.1638,True,2026042000098,94,0.0,6.753821e-06,6.718912e-06,4.1972865e-13,1533.8401,0.120535634,3634.971,0.12182375,False,6803.5117,756.58966,False,False,False,23.955751,,1646.3279,1681,6217.726,1.4654995,150.16577689500758,,2.1559601627297074,,0.3810282,,-95.86503,,,0,False,,,,,,,,0,False,False,False,36059.87,23.699183,0.11757341,0.12581944,-0.0046753027,0.13079794,0.12644063,0.005956863,False,False,False,False,0.009261003,0.797101,False,False,61151.03006231772,,19,False,False,False,False,False,False,False,False,False,False,False,False,False,False,False,False,False,False,False,False,False,i
2,61152.08314351697,lsst,150.16577737089173,2.1559809668562453,170019716302635146,170301167251226712,0,170019716302635146,5665.418,284.01334,0,0,0,58642.254,286.01752,True,2026042100076,91,0.0,1.4132568e-05,1.332866e-05,-9.401061e-12,2532.1826,0.2563792,3232.8271,0.23738869,False,6793.4307,517.721,False,False,False,19.655937,,1711.9254,1681,5738.131,1.6061696,150.1657800025394,,2.1559861833521103,,1.2875764,,-102.96429,,,0,False,,,,,,,,0,False,False,False,52853.035,10.7015085,0.39314133,0.33060092,-0.07110755,0.31362745,0.27594858,-0.008339327,False,False,False,False,0.3168601,0.6803628,False,False,61152.08459878992,,30,False,False,False,False,False,False,False,False,False,False,False,False,False,False,False,False,False,False,False,False,False,r
2,61160.00886512332,lsst,150.1657755848896,2.155950131935369,170019716302635146,170336356590944272,0,170019716302635146,4852.942,332.73657,0,0,0,34482.17,340.64783,True,2026042900113,94,0.0,1.1676267e-05,1.2615606e-05,-3.6061382e-12,1873.9053,0.22736835,480.4101,0.20965149,False,4370.4517,907.6203,False,False,False,14.423923,,1678.9248,1681,4323.1025,0.24391283,150.1657739740139,,2.1559487261019683,,0.40442616,,33.182697,,,0,False,,,,,,,,0,False,False,False,29546.463,49.885033,0.14514627,0.14366755,0.0069728713,0.14307229,0.122715704,-0.0021096352,False,False,False,False,0.024604088,0.6478349,False,False,61160.01022206838,,17,False,False,False,False,False,False,False,False,False,False,False,False,False,False,False,False,False,False,False,False,False,r
3,61161.09151323506,lsst,150.165787536665,2.155958781416519,170019716302635146,170340759200333835,0,170019716302635146,6716.6367,379.66483,0,0,0,44553.35,383.8206,True,2026043000147,93,0.0,8.04984e-06,1.0392795e-05,-3.0737003e-11,2866.9614,0.20027871,375.3443,0.1257204,False,6164.042,1076.0376,False,False,False,17.396532,,1635.5631,1681,6638.5215,13.156068,150.16578708245518,,2.155961089665851,,0.77122337,,-41.481483,,,0,False,,,,,,,,0,False,False,False,37780.27,24.048449,0.14669487,0.09713117,-0.013220372,0.1661205,0.10329869,-0.007239562,False,False,False,False,0.029896408,0.9031736,False,False,61161.093074794364,,17,False,False,False,False,False,False,False,False,False,False,False,False,False,False,False,False,False,False,False,False,False,i
2,61172.00230775271,lsst,150.1657633122928,2.155957739668707,170019716302635146,170389126975062035,0,170019716302635146,3924.52,178.72269,0,0,0,29084.285,178.78679,True,2026051100067,94,0.0,7.963079e-06,6.9551515e-06,-6.0284026e-12,868.4621,0.12232495,356.83063,0.14559548,False,4268.9165,479.91306,False,False,False,21.337986,,1835.5209,1681,3568.1025,0.7009306,150.16576411814214,,2.155959861943464,,0.4904487,,-56.887012,,,0,False,,,,,,,,0,False,False,False,25038.225,57.673992,0.124672,0.1432724,-0.0048463224,0.11448007,0.118021786,0.009054561,False,False,False,False,0.06520664,0.56872094,False,False,61172.00368539052,,18,False,False,False,False,False,False,False,False,False,False,False,False,False,False,False,False,False,False,False,False,False,r
2,61172.00277072223,lsst,150.1657702063041,2.155971114586487,170019716302635146,170389127109279855,0,170019716302635146,3636.5251,170.15762,0,0,0,26501.832,168.86397,True,2026051100068,94,0.0,7.0148617e-06,7.9070205e-06,4.2659322e-12,3281.5356,0.14362332,1874.8512,0.12455386,False,4696.83,477.469,False,False,False,20.635788,,1709.9816,1681,3476.5083,0.82554793,150.16577003143658,,2.155970578381673,,0.73020095,,13.816229,,,0,False,,,,,,,,0,False,False,False,22804.295,48.715145,0.14027643,0.09045264,-0.0022085086,0.1092475,0.104758166,0.0070779347,False,False,False,False,0.016176753,0.6217631,False,False,61172.004212567204,,17,False,False,False,False,False,False,False,False,False,False,False,False,False,False,False,False,False,False,False,False,False,r
4,61172.004651426956,lsst,150.1657471522171,2.1559653499445925,170019716302635146,170389127243497486,0,170019716302635146,5090.944,353.374,0,0,0,31037.947,357.443,True,2026051100069,94,0.0,9.796333e-06,9.828982e-06,8.25001e-12,922.4208,0.16879165,300.28577,0.1839519,False,4870.8804,1222.1042,False,False,False,13.886626,,1691.3303,1681,4790.6514,0.93250954,150.16574601407655,,2.1559652054471057,,0.5091322,,-83.348694,,,0,False,,,,,,,,0,False,False,False,25727.168,115.100136,0.09635005,0.09017011,-0.011170393,0.08438677,0.0854431,-0.0058076754,False,False,False,False,0.02027317,0.5146736,False,False,61172.00604941483,,12,False,False,False,False,False,False,False,False,False,False,False,False,False,False,False,False,False,False,False,False,False,z
4,61172.00511728968,lsst,150.16577280727225,2.155979167948163,170019716302635146,170389127377191021,0,170019716302635146,5362.87,355.01144,0,0,0,32197.832,355.08746,True,2026051100070,93,0.0,8.768226e-06,8.915998e-06,8.862703e-12,2621.355,0.1496946,1978.8364,0.16795513,False,4791.965,1225.882,False,False,False,14.746095,,1735.2979,1681,4934.995,3.7744868,150.1657739203844,,2.155977733779356,,0.43831286,,-120.181496,,,0,False,,,,,,,,0,False,False,False,26637.934,122.344284,0.0731334,0.08654687,-0.005234862,0.0777715,0.086915635,-0.0048145745,False,False,False,False,0.0018991156,0.57256335,False,False,61172.006482525685,,12,False,False,False,False,False,False,False,False,False,False,False,False,False,False,False,False,False,False,False,False,False,z
3,61172.98078983698,lsst,150.1657678506709,2.155970456741315,170019716302635146,170393532673556505,0,170019716302635146,6439.43,295.79483,0,0,0,46055.7,292.77155,True,2026051200124,97,0.0,8.293791e-06,8.337111e-06,5.3811794e-12,1027.0132,0.14364536,671.2707,0.15532675,False,7869.071,746.2551,False,False,False,21.569187,,1613.3372,1681,5932.6104,0.25024778,150.16577066830789,,2.1559717865611288,,0.54126126,,-111.4694,,,0,False,,,,,,,,0,False,False,False,39535.734,23.754108,0.153803,0.16994974,-0.009903706,0.1443405,0.14834297,0.01627967,False,False,False,False,0.04034644,0.8067674,False,False,61172.98222257999,,21,False,False,False,False,False,False,False,False,False,False,False,False,False,False,False,False,False,False,False,False,False,i
3,61172.98125997687,lsst,150.16576732898892,2.1559628958978063,170019716302635146,170393532804104334,0,170019716302635146,5393.9688,266.992,0,0,0,38944.92,265.76425,True,2026051200125,90,0.0,7.580023e-06,7.830798e-06,1.1343086e-11,2602.4294,0.12449612,3736.459,0.15148264,False,4299.998,739.52655,False,False,False,19.368462,,1658.8322,1681,5076.265,1.7615126,150.16576607965897,,2.1559633351869354,,0.66991556,,-138.06534,,,0,False,,,,,,,,0,False,False,False,33452.95,29.029558,0.077517085,0.11946635,-0.0012935644,0.11354512,0.1261104,0.0043203193,False,False,False,False,0.09052012,0.67822254,False,False,61172.982644146585,,17,False,False,False,False,False,False,False,False,False,False,False,False,False,False,False,False,False,False,False,False,False,i
2,61178.0021633464,lsst,150.1657743263787,2.1559643647119584,170019716302635146,170415520890749044,0,170019716302635146,3476.6348,202.11513,0,0,0,36098.57,199.15317,True,2026051700109,93,0.0,1.0716281e-05,1.0767092e-05,1.3277247e-12,3733.591,0.19202347,3238.5342,0.19443606,False,2718.1948,474.0522,False,False,False,16.96143,,1577.2882,1681,3110.502,0.7517269,150.16577364675737,,2.155963841551312,,0.40875933,,33.92995,,,0,False,,,,,,,,0,False,False,False,32601.643,21.486296,0.1403892,0.15471506,2.547947e-05,0.16120222,0.14985153,0.0031891533,False,False,False,False,0.010158408,0.5796859,False,False,61178.00353608283,,19,False,False,False,False,False,False,False,False,False,False,False,False,False,False,False,False,False,False,False,False,False,r
3,61178.98056354675,lsst,150.16578009923967,2.155971371707809,170019716302635146,170419911421067320,0,170019716302635146,5050.191,235.31458,0,0,0,33523.066,232.39664,True,2026051800053,93,0.0,6.93462e-06,7.338734e-06,1.157267e-12,3304.0322,0.1323122,1150.6763,0.12448007,False,5836.9805,713.09576,False,False,False,21.023895,,1694.8467,1681,4692.775,1.813821,150.16578108822978,,2.1559705886993514,,0.35012424,,22.909935,,,0,False,,,,,,,,0,False,False,False,28405.979,46.8776,0.10162742,0.091986425,0.0021376642,0.105579376,0.09442144,-0.01052083,False,False,False,False,0.002544119,0.7223604,False,False,61178.98196873648,,17,False,False,False,False,False,False,False,False,False,False,False,False,False,False,False,False,False,False,False,False,False,i
3,61178.98119614627,lsst,150.16577220668486,2.1559636755233025,170019716302635146,170419911555809403,0,170019716302635146,5217.2456,238.69371,0,0,0,34329.8,236.33961,True,2026051800054,94,0.0,6.4998317e-06,6.653614e-06,2.897898e-13,1035.7012,0.1197586,3428.4038,0.11689274,False,6065.9976,710.1156,False,False,False,21.389095,,1700.759,1681,4911.437,1.1733365,150.1657737728135,,2.1559618379238827,,0.62366414,,-28.120583,,,0,False,,,,,,,,0,False,False,False,29043.148,47.099785,0.10819623,0.09736849,-0.017008238,0.107195206,0.10229752,-0.0158379,False,False,False,False,0.0009193573,0.6701796,False,False,61178.98252516314,,17,False,False,False,False,False,False,False,False,False,False,False,False,False,False,False,False,False,False,False,False,False,i
2,61179.99164476278,lsst,150.16576277848944,2.1559591328228773,170019716302635146,170424318728601658,0,170019716302635146,2862.751,170.85188,0,0,0,24037.793,169.12239,True,2026051900122,93,0.0,7.84496e-06,8.661458e-06,-6.4171677e-13,3338.7122,0.15579437,1282.103,0.141055,False,3029.831,507.21152,False,False,False,16.576365,,1717.8372,1681,2879.16,2.1577454,150.16576141450253,,2.1559607973488326,,0.8238589,,-32.868168,,,0,False,,,,,,,,0,False,False,False,21112.148,47.76572,0.117144234,0.08379325,-0.029276151,0.105825074,0.1035717,-0.0037670282,False,False,False,False,0.004255148,0.5018116,False,False,61179.99297779199,,16,False,False,False,False,False,False,False,False,False,False,False,False,False,False,False,False,False,False,False,False,False,r
2,61179.99211116067,lsst,150.16578265638648,2.155971133885462,170019716302635146,170424318864916507,0,170019716302635146,3205.383,177.24239,0,0,0,27014.92,176.23267,True,2026051900123,97,0.0,1.0101619e-05,1.0483015e-05,-7.941314e-13,1017.5598,0.18858413,576.578,0.18160906,False,4710.654,504.22348,False,False,False,17.033148,,1812.939,1681,3186.5493,2.411529,150.1657802108266,,2.155983993103281,,0.85757244,,-13.887235,,,0,False,,,,,,,,0,False,False,False,23752.406,57.57534,0.19177313,0.12556063,-0.00973396,0.11339189,0.109197594,-0.009779891,False,False,False,False,0.39540944,0.66060185,False,False,61179.993430299204,,19,False,False,False,False,False,False,False,False,False,False,False,False,False,False,False,False,False,False,False,False,False,r
