band,mjd,survey_id,ra,dec,oid,measurement_id,parentDiaSourceId,diaObjectId,psfFlux,psfFluxErr,psfFlux_flag,psfFlux_flag_edge,psfFlux_flag_noGoodPixels,scienceFlux,scienceFluxErr,has_stamp,visit,detector,ssObjectId,raErr,decErr,ra_dec_Cov,x,xErr,y,yErr,centroid_flag,apFlux,apFluxErr,apFlux_flag,apFlux_flag_apertureTruncated,isNegative,snr,psfLnL,psfChi2,psfNdata,trailFlux,trailFluxErr,trailRa,trailRaErr,trailDec,trailDecErr,trailLength,trailLengthErr,trailAngle,trailAngleErr,trailChi2,trailNdata,trail_flag_edge,dipoleMeanFlux,dipoleMeanFluxErr,dipoleFluxDiff,dipoleFluxDiffErr,dipoleLength,dipoleAngle,dipoleChi2,dipoleNdata,forced_PsfFlux_flag,forced_PsfFlux_flag_edge,forced_PsfFlux_flag_noGoodPixels,templateFlux,templateFluxErr,ixx,iyy,ixy,ixxPSF,iyyPSF,ixyPSF,shape_flag,shape_flag_no_pixels,shape_flag_not_contained,shape_flag_parent_source,extendedness,reliability,isDipole,dipoleFitAttempted,timeProcessedMjdTai,timeWithdrawnMjdTai,bboxSize,pixelFlags,pixelFlags_bad,pixelFlags_cr,pixelFlags_crCenter,pixelFlags_edge,pixelFlags_nodata,pixelFlags_nodataCenter,pixelFlags_interpolated,pixelFlags_interpolatedCenter,pixelFlags_offimage,pixelFlags_saturated,pixelFlags_saturatedCenter,pixelFlags_suspect,pixelFlags_suspectCenter,pixelFlags_streak,pixelFlags_streakCenter,pixelFlags_injected,pixelFlags_injectedCenter,pixelFlags_injected_template,pixelFlags_injected_templateCenter,glint_trail,band_name
3,61090.2484597937,lsst,186.70363858971808,6.257541860500403,170028528254845662,170028526646853685,0,170028528254845662,5169.831,666.7004,0,0,0,471080.1,660.3822,False,2026021800361,143,,2.3838287e-05,2.5975705e-05,-1.0896263e-10,2428.8506,0.40248784,2337.7305,0.49075618,False,2217.287,1036.7008,False,False,False,7.9414163,,1645.3643,1681,4958.9067,106.88613,186.7036182168692,,6.257560858111312,,0.75717175,,144.60509,,,0,False,,,,,,,,0,False,False,False,465745.75,40.177986,0.11516083,0.16778569,0.0030915495,0.31894347,0.30200365,0.009385142,False,False,False,False,0.8997538,0.15355635,False,False,61090.25017869301,,23,False,False,False,False,False,False,False,False,False,False,False,False,False,False,False,False,False,False,False,False,False,i
3,61090.24939239549,lsst,186.7036134618636,6.257674218064239,170028528254845662,170028526913192041,0,170028528254845662,6796.4907,696.88654,0,0,0,517078.44,688.0184,False,2026021800363,139,,2.3425806e-05,2.5701262e-05,-2.2034738e-10,2963.0088,0.3494995,2685.492,0.51917213,False,6365.6475,1033.6779,False,False,False,9.582483,,1650.4304,1681,7200.6206,38.941814,186.70360449286656,,6.257670128357015,,1.5531467,,132.05281,,,0,False,,,,,,,,0,False,False,False,509894.2,52.785564,0.16207151,0.39853483,0.04326321,0.30670595,0.29480276,0.0019904906,False,False,False,False,0.034153208,0.40570208,False,False,61090.25107692399,,28,False,False,False,False,False,False,False,False,False,False,False,False,False,False,False,False,False,False,False,False,False,i
3,61090.250326740745,lsst,186.70360610806515,6.257723365727055,170028528254845662,170028527183200277,0,170028528254845662,5160.8174,687.20154,0,0,0,507793.22,686.4262,False,2026021800365,142,,2.8576173e-05,2.857441e-05,2.730816e-12,254.21558,0.5149696,1046.2429,0.51359534,False,2406.2825,1040.0859,False,False,False,7.5030956,,1747.8862,1681,5381.122,9.703594,186.70360857592786,,6.257712924510237,,1.3781705,,10.573917,,,0,False,,,,,,,,0,False,False,False,502505.3,47.708416,0.26776275,0.20434362,-0.09233446,0.29865125,0.2893169,-0.00883738,False,False,False,False,0.24821801,0.4170839,False,False,61090.252159720985,,22,False,False,False,False,False,False,False,False,False,False,False,False,False,False,False,False,False,False,False,False,False,i
3,61090.25079449601,lsst,186.7034986557703,6.257660951344996,170028528254845662,170028527316893726,0,170028528254845662,1660.0646,690.6614,0,0,0,501731.38,678.6585,False,2026021800366,141,,1.7729615e-06,1.772009e-06,-1.3216754e-14,1040.8301,0.031825323,1407.295,0.03198044,False,1254.2742,1037.9307,False,False,False,9.095787,,1884.2378,1681,,,,,,,,,,,,0,False,367793.78,2485.7764,0.0,4971.5527,0.013252404,134.87755,64555.64,1848,False,False,False,500150.84,85.95852,,,,0.24040565,0.24830277,0.004414752,True,False,False,False,,0.41471952,True,True,61090.252413131675,,30,False,False,False,False,False,False,False,False,False,False,False,False,False,False,False,False,False,False,False,False,False,i
3,61090.25122729094,lsst,186.70349177156587,6.257658004258667,170028528254845662,170028527451111436,0,170028528254845662,1928.9553,705.9888,0,0,0,535808.94,713.86066,False,2026021800367,141,,2.0103025e-06,2.0300242e-06,2.3448713e-13,119.95917,0.037394095,647.2367,0.035296116,False,-1103.726,1041.8871,False,False,False,5.0067053,,1707.8058,1681,3578.9731,5.8454194,186.70353578773603,,6.257782273059541,,1.5406458,,-40.289513,,,0,False,354541.12,2511.5176,0.0,5023.035,0.008351273,35.519077,58032.57,1500,False,False,False,533669.94,69.0415,0.0825574,0.33494082,-0.044335466,0.2571987,0.2701428,-0.011296387,False,False,False,False,0.2487073,0.40056112,True,True,61090.25283706244,,30,False,False,False,False,False,False,False,False,False,False,False,False,False,False,False,False,False,False,False,False,False,i
3,61090.25169201729,lsst,186.70349442007824,6.2576602640024745,170028528254845662,170028527601582097,0,170028528254845662,1637.0142,718.2533,0,0,0,539621.3,709.62756,False,2026021800368,172,,1.98863e-06,1.9349482e-06,-3.657162e-13,781.761,0.03352014,1114.9473,0.037050527,False,472.89114,1042.0323,False,False,False,5.7541647,,1712.4952,1681,3774.6304,2.2027042,186.7036790728127,,6.257596021809972,,1.1019801,,-18.594202,,,0,False,361472.88,2412.2537,0.0,4824.5073,0.008650963,101.62009,52520.64,1575,False,False,False,537954.6,53.647884,0.21979648,0.26145083,-0.053703114,0.2847759,0.2852038,-0.0018393246,False,False,False,False,0.15868548,0.37475738,True,True,61090.25342930372,,25,False,False,False,False,False,False,False,False,False,False,False,False,False,False,False,False,False,False,False,False,False,i
3,61090.25262407558,lsst,186.70364354820913,6.2576216997901986,170028528254845662,170028527848521883,0,170028528254845662,4337.7114,659.53534,0,0,0,474279.06,651.42737,False,2026021800370,131,,4.2779695e-05,3.772388e-05,-3.8727882e-10,2598.141,0.62051576,1967.1658,0.81781256,False,4412.474,1026.3593,False,False,False,6.5634027,,1695.0975,1681,5403.671,70.23781,186.70363097620012,,6.257625167304349,,2.2508452,,-37.533997,,,0,False,,,,,,,,0,False,False,False,469643.5,56.32944,0.25021064,0.6668327,-0.19145073,0.28365642,0.28206325,0.014972667,False,False,False,False,0.9345542,0.15154567,False,False,61090.25425429323,,22,False,False,False,False,False,False,False,False,False,False,False,False,False,False,False,False,False,False,False,False,False,i
3,61090.25355513746,lsst,186.70353493519366,6.257738402290284,170028528254845662,170028528122200141,0,170028528254845662,4049.3118,687.7277,0,0,0,499549.53,669.3529,False,2026021800372,141,,7.854612e-05,5.069945e-05,-2.1257514e-09,963.2121,0.71636266,3606.0369,1.5234698,False,3698.8757,1035.8551,False,False,False,6.0952835,,1734.8074,1681,4975.7236,28.951662,186.7035446272952,,6.257735326228814,,2.0674298,,104.82987,,,0,False,,,,,,,,0,False,False,False,495262.97,62.736977,0.19692114,0.63560134,0.08020772,0.27175528,0.2840614,0.022407955,False,False,False,False,0.8213677,0.42437223,False,False,61090.25522298286,,20,False,False,False,False,False,False,False,False,False,False,False,False,False,False,False,False,False,False,False,False,False,i
3,61090.254021007175,lsst,186.70356651848425,6.257777612050009,170028528254845662,170028528254845662,0,170028528254845662,6347.345,696.64325,0,0,0,511875.28,686.14,False,2026021800373,138,,2.9257959e-05,2.1666938e-05,-1.8615985e-10,3665.8196,0.3573019,3545.848,0.5492842,False,5334.499,1039.6038,False,False,False,9.183495,,1796.6416,1681,6586.455,54.92448,186.70355599057964,,6.25776109585876,,1.4490998,,-52.50425,,,0,False,,,,,,,,0,False,False,False,505258.1,50.788956,0.15179066,0.3393179,-0.056426294,0.3103163,0.31784207,0.019237256,False,False,False,False,0.31175956,0.35965982,False,False,61090.255565603526,,24,False,False,False,False,False,False,False,False,False,False,False,False,False,False,False,False,False,False,False,False,False,i
3,61090.25448737413,lsst,186.70349326953627,6.257664365361048,170028528254845662,170028528384344361,0,170028528254845662,826.591,724.45416,0,0,0,552471.5,715.84656,False,2026021800374,129,,1.712933e-06,1.7124521e-06,2.7869885e-15,2624.1074,0.030844292,2538.1377,0.03083286,False,-1804.3844,1033.0087,False,False,False,5.357375,,1776.8735,1681,,,,,,,,,,,,0,False,422065.1,2383.3086,0.0,4766.617,0.0077938954,139.5772,48799.66,2523,False,False,False,551660.75,51.126766,,,,0.30029395,0.3126148,0.009943607,True,False,False,False,,0.3020502,True,True,61090.25614981666,,35,False,False,False,False,False,False,False,False,False,False,False,False,False,False,False,False,False,False,False,False,False,i
1,61090.25633787492,lsst,186.70365095258137,6.257723907719547,170028528254845662,170028528523804759,0,170028528254845662,3523.6904,306.6201,0,0,0,137695.83,301.38882,False,2026021800375,139,,4.039222e-05,4.2827203e-05,-9.0392216e-10,3467.084,0.5159171,552.49225,0.9246237,False,4643.002,462.34467,False,False,False,11.42272,,1684.1841,1681,4447.01,19.674456,186.70365374662623,,6.257721731457649,,2.4439478,,128.79437,,,0,False,,,,,,,,0,False,False,False,133983.5,15.920532,0.30042046,0.911361,0.103917085,0.328001,0.3399271,0.0014329155,False,False,False,False,0.9960161,0.42944607,False,False,61090.25803644899,,36,False,False,False,False,False,False,False,False,False,False,False,False,False,False,False,False,False,False,False,False,False,g
1,61090.25679239822,lsst,186.7036509720159,6.257669876915907,170028528254845662,170028528660119585,0,170028528254845662,3920.078,323.54666,0,0,0,153644.12,322.1002,False,2026021800376,143,,2.979498e-05,2.9003955e-05,7.008805e-11,1324.3589,0.5509485,2583.9536,0.5060799,False,5563.1675,460.24435,False,False,False,11.843881,,1881.5299,1681,4384.5986,29.890478,186.7036991882978,,6.257682862762412,,1.8473055,,31.982382,,,0,False,,,,,,,,0,False,False,False,149517.03,18.102169,0.9606431,0.73659813,-0.11081205,0.37764567,0.41689777,-0.0015277518,False,False,False,False,0.99999726,0.36534494,False,False,61090.25847216411,,42,False,False,False,False,False,False,False,False,False,False,False,False,False,False,False,False,False,False,False,False,False,g
1,61090.25725973866,lsst,186.70360441350334,6.257615176628015,170028528254845662,170028528790667311,0,170028528254845662,3517.2305,322.35577,0,0,0,151624.27,318.98877,False,2026021800377,136,,2.8747483e-05,2.8742974e-05,7.515305e-13,1361.8861,0.5170977,3387.3545,0.5167561,False,3938.4465,463.4753,False,False,False,10.840805,,1682.4506,1681,3756.2202,1.1270939,186.70362801637168,,6.25761781340419,,1.3873265,,89.933655,,,0,False,,,,,,,,0,False,False,False,147952.89,20.84728,0.47619465,0.4345483,0.086887166,0.35154805,0.36015487,0.023565393,False,False,False,False,0.50067735,0.36936674,False,False,61090.25934675142,,37,False,False,False,False,False,False,False,False,False,False,False,False,False,False,False,False,False,False,False,False,False,g
1,61090.25772315839,lsst,186.70368295034993,6.257698774730247,170028528254845662,170028528926457908,0,170028528254845662,3923.5178,294.29562,0,0,0,129480.59,292.32968,False,2026021800378,139,,2.1368951e-05,2.213048e-05,-1.3514648e-10,2120.4075,0.3301514,2704.7268,0.44410756,False,4351.513,458.3609,False,False,False,13.05438,,1664.9573,1681,4255.9585,3.843588,186.70369336030743,,6.257693401799,,1.5557302,,137.55417,,,0,False,,,,,,,,0,False,False,False,125445.82,16.52841,0.30728945,0.54081744,0.003805719,0.31071657,0.3151729,-0.0006687235,False,False,False,False,0.6264889,0.4341642,False,False,61090.25952878677,,32,False,False,False,False,False,False,False,False,False,False,False,False,False,False,False,False,False,False,False,False,False,g
1,61090.25865463237,lsst,186.70370082853378,6.257769856182701,170028528254845662,170028529195942039,0,170028528254845662,3426.4062,299.35547,0,0,0,127928.164,294.39926,False,2026021800380,141,,2.964753e-05,2.9622863e-05,-7.034543e-12,3486.9924,0.53091514,871.16785,0.53549534,False,5206.9736,458.16464,False,False,False,10.965717,,1836.059,1681,4748.733,62.9311,186.70372136820865,,6.257839552410738,,3.5772717,,-31.44195,,,0,False,,,,,,,,0,False,False,False,124360.35,34.170345,0.8594157,1.999363,-0.36021358,0.34523752,0.3556499,-0.030113937,False,False,False,False,1.0,0.28872076,False,False,61090.260513244524,,53,False,False,False,False,False,False,False,False,False,False,False,False,False,False,False,False,False,False,False,False,False,g
1,61090.25912593749,lsst,186.70348073091216,6.257743111613347,170028528254845662,170028529330159625,0,170028528254845662,1484.8196,335.80466,1,0,0,160259.78,337.228,False,2026021800381,141,,0.0020965433,0.0024014143,3.4805043e-06,32.390682,52.839176,1004.9679,22.289753,True,4134.115,468.27213,True,False,False,11.886292,,1954.514,1681,,,,,,,,,,,,0,False,,,,,,,,0,True,False,False,158523.45,30.816912,0.6577827,2.1123054,-0.43981162,0.35210478,0.38604975,-0.0405519,True,False,False,False,,0.42622098,False,False,61090.26078483354,,42,False,False,False,False,False,False,False,False,False,False,False,False,False,False,False,False,False,False,False,False,False,g
1,61090.25955613576,lsst,186.70349525270518,6.257662425422387,170028528254845662,170028529460707373,0,170028528254845662,2689.3499,329.73883,0,0,0,150607.7,322.63684,False,2026021800382,134,,1.7850917e-06,1.7708778e-06,-7.8241965e-14,3400.4219,0.03156444,194.06995,0.032412376,False,2528.375,467.10446,False,False,False,16.595911,,2023.6726,1681,,,,,,,,,,,,0,False,122305.164,709.2188,0.0,1418.4376,0.032623034,52.070164,4160.574,3861,False,False,False,147903.86,34.481865,,,,0.31042084,0.32037959,-0.027592668,True,False,False,False,,0.42228198,True,True,61090.261248366936,,40,False,False,False,False,False,False,False,False,False,False,False,False,False,False,False,False,False,False,False,False,False,g
1,61090.260022685645,lsst,186.7035024816031,6.25766923778188,170028528254845662,170028529614323931,0,170028528254845662,685.1755,336.18387,0,0,0,146388.1,333.62323,False,2026021800383,171,,1.929542e-06,1.9412805e-06,5.3603887e-14,3737.4133,0.0350901,965.9901,0.034582168,False,1938.1902,489.269,False,False,False,8.375628,,1868.4257,1681,,,,,,,,,,,,0,False,108616.13,694.55396,0.0,1389.1079,0.01962981,57.86519,4169.6484,2430,False,False,False,145503.78,48.494133,,,,0.2984707,0.26919347,-0.017130284,True,False,False,False,,0.4151146,True,True,61090.26152081507,,34,False,False,False,False,False,False,False,False,False,False,False,False,False,False,False,False,False,False,False,False,False,g
1,61090.260488989894,lsst,186.7034988837289,6.2576736181360655,170028528254845662,170028529727570498,0,170028528254845662,1906.4994,313.2018,0,0,0,142315.75,311.0063,False,2026021800384,131,,1.5896882e-06,1.6392789e-06,1.4633458e-13,3639.8682,0.029959237,3806.3604,0.028113527,False,4688.1094,466.21326,False,False,False,12.634729,,2059.5974,1681,5133.7476,4.702162,186.7036745627187,,6.257835919825952,,3.0485735,,-42.08884,,,0,False,117079.83,693.98157,0.0,1387.9631,0.020102441,40.461697,4558.899,3675,False,False,False,140291.69,48.791485,0.57988036,1.3943127,-0.28310308,0.2755275,0.23712488,-0.01357997,False,False,False,False,1.0,0.43696874,True,True,61090.26208706059,,43,False,False,False,False,False,False,False,False,False,False,False,False,False,False,False,False,False,False,False,False,False,g
1,61090.262350704,lsst,186.70369805871482,6.2576031187897225,170028528254845662,170028530268111285,0,170028528254845662,3332.9521,267.91196,0,0,0,107059.32,263.60242,False,2026021800388,138,,1.9445013e-05,2.5055082e-05,9.3201495e-11,2789.595,0.4615804,3346.4124,0.33524776,False,4125.5464,461.27017,False,False,False,11.85601,,1812.0515,1681,3555.124,2.768028,186.70370670527706,,6.25760683842522,,1.4827985,,34.30974,,,0,False,,,,,,,,0,False,False,False,103609.19,39.3244,0.45393685,0.2721007,0.05664355,0.25851348,0.23452583,0.018019421,False,False,False,False,0.74707305,0.34924164,False,False,61090.26398761543,,30,False,False,False,False,False,False,False,False,False,False,False,False,False,False,False,False,False,False,False,False,False,g
2,61090.26757220684,lsst,186.70349580986098,6.25766192924787,170028528254845662,170028531335561380,0,170028528254845662,565.2084,485.7367,0,0,0,328562.22,479.39697,False,2026021800396,126,,1.8123843e-06,1.8592588e-06,-1.2864829e-14,3330.5847,0.033468895,595.57153,0.032605853,False,661.4664,735.7493,False,False,False,6.0321803,,1801.8093,1681,,,,,,,,,,,,0,False,253936.17,1728.501,0.0,3457.002,0.007421245,43.47204,33243.504,2184,False,False,False,327880.78,40.272858,,,,0.23766778,0.2192994,-0.0067337216,True,False,False,False,,0.3812391,True,True,61090.269116004114,,30,False,False,False,False,False,False,False,False,False,False,False,False,False,False,False,False,False,False,False,False,False,r
2,61090.26850118982,lsst,186.70349110298167,6.257662121877944,170028528254845662,170028531605570066,0,170028528254845662,1129.8716,469.91888,0,0,0,306042.66,461.74017,False,2026021800398,129,,1.8815166e-06,1.8564355e-06,2.2766533e-14,3038.246,0.03339695,1985.0535,0.033895515,False,69.93511,730.8943,False,False,False,5.305064,,1832.0093,1681,2695.1558,8.057844,186.70348641987405,,6.257784654289307,,2.2784529,,-59.196465,,,0,False,218267.77,1670.791,0.0,3341.582,0.0064521823,23.376154,35225.527,1512,False,False,False,304834.22,57.1723,0.34586036,0.41246825,-0.31072494,0.21204917,0.18456163,-0.0023165352,False,False,False,False,0.98383445,0.42473078,True,True,61090.27000884812,,27,False,False,False,False,False,False,False,False,False,False,False,False,False,False,False,False,False,False,False,False,False,r
2,61090.26989990595,lsst,186.7034971214734,6.257661945237029,170028528254845662,170028531985154050,0,170028528254845662,-154.6297,476.98804,0,0,0,322241.62,475.1597,False,2026021800401,85,,1.8895413e-06,2.114271e-06,-3.6941348e-13,1917.0463,0.03860267,200.22296,0.03335255,False,-209.34138,731.32086,False,False,False,5.9636016,,1836.4012,1681,,,,,,,,,,,,0,False,230094.62,1813.9735,0.0,3627.947,0.009685756,78.99606,37749.395,1596,False,False,False,322379.47,55.316074,,,,0.23208776,0.20133631,0.022688184,True,False,False,False,,0.43157828,True,True,61090.271477405055,,28,False,False,False,False,False,False,False,False,False,False,False,False,False,False,False,False,False,False,False,False,False,r
2,61090.2703637893,lsst,186.70349790808515,6.257664392048132,170028528254845662,170028532140867793,0,170028528254845662,211.20844,502.87604,0,0,0,344097.2,495.99405,False,2026021800402,126,,1.8396998e-06,1.8921717e-06,-9.835116e-14,1641.1718,0.034261394,2012.5682,0.032906897,False,686.93365,736.80414,False,False,False,5.403191,,1835.3429,1681,,,,,,,,,,,,0,False,262204.1,1772.1096,0.0,3544.2192,0.0089035155,42.39509,31243.846,2277,False,False,False,343799.16,36.95832,,,,0.2787447,0.2273687,0.00763262,True,False,False,False,,0.3269544,True,True,61090.27203656024,,33,False,False,False,False,False,False,False,False,False,False,False,False,False,False,False,False,False,False,False,False,False,r
2,61090.27082932774,lsst,186.7034974002212,6.257666192899834,170028528254845662,170028532275609715,0,170028528254845662,-252.64522,500.97717,0,0,0,341392.28,495.1916,False,2026021800403,127,,1.8310429e-06,1.9819902e-06,-3.6464007e-13,2420.6023,0.0364573,1149.199,0.032064572,False,-756.08545,735.7505,False,False,False,5.8274584,,1841.201,1681,,,,,,,,,,,,0,False,249158.11,1761.4573,0.0,3522.9146,0.009609446,58.729805,31547.467,1890,False,False,False,341609.56,41.879227,,,,0.26532513,0.22581509,0.010032593,True,False,False,False,,0.42213392,True,True,61090.2725079628,,32,False,False,False,False,False,False,False,False,False,False,False,False,False,False,False,False,False,False,False,False,False,r
2,61090.27129490509,lsst,186.70350029107578,6.2576663750115955,170028528254845662,170028532382040730,0,170028528254845662,-10.403942,481.39874,0,0,0,300477.9,474.64337,False,2026021800404,74,,1.940606e-06,1.8980646e-06,1.2855635e-13,2435.3044,0.03384837,2979.903,0.035249427,False,2742.8923,756.64655,False,False,False,7.0492487,,1793.6744,1681,3258.4622,10.360323,186.7036211349226,,6.25779596992198,,1.8050416,,-82.96826,,,0,False,214837.23,1732.4899,0.0,3464.9797,0.012383253,27.661476,38816.902,1500,False,False,False,300407.66,76.78392,0.18924718,0.30826896,-0.18340652,0.19257438,0.1917018,0.019112304,False,False,False,False,0.34116322,0.42056343,True,True,61090.27282420918,,29,False,False,False,False,False,False,False,False,False,False,False,False,False,False,False,False,False,False,False,False,False,r
3,61090.274633995214,lsst,186.70358805085027,6.257657426331029,170028528254845662,170028532948795768,0,170028528254845662,7617.7725,624.93677,0,0,0,418764.72,614.20746,False,2026021800408,131,,1.5966769e-05,2.0491116e-05,6.506955e-11,4010.855,0.37843758,1043.2675,0.27434102,False,7683.6123,1054.9558,False,False,False,12.131313,,1859.2577,1681,8123.09,20.411983,186.70358265225983,,6.257659494587702,,1.2817572,,-4.3481636,,,0,False,,,,,,,,0,False,False,False,410802.1,142.4517,0.29166853,0.17967688,-0.059938557,0.20245522,0.17420723,0.0039031669,False,False,False,False,0.25719273,0.2953702,False,False,61090.27611644614,,21,False,False,False,False,False,False,False,False,False,False,False,False,False,False,False,False,False,False,False,False,False,i
3,61090.31436872244,lsst,186.7035003111688,6.2576647401795515,170028528254845662,170028533619359752,0,170028528254845662,3403.9402,808.07794,0,0,0,671645.2,818.7266,False,2026021800413,130,,1.6521254e-06,1.5147389e-06,-7.8080866e-14,1484.7814,0.027183814,140.38435,0.029811872,False,4133.788,1058.7617,False,False,False,9.350326,,1808.4591,1681,8245.827,9.557605,186.70368408974184,,6.257747070860078,,2.6619024,,-49.279217,,,0,False,521286.7,2278.9062,0.0,4557.8125,0.013778639,56.588108,30565.637,3552,False,False,False,667770.8,37.153965,0.37881014,0.77146065,-0.3601035,0.44829455,0.469167,-0.028775545,False,False,False,False,0.5221353,0.37951383,True,True,61090.31609521812,,44,False,False,False,False,False,False,False,False,False,False,False,False,False,False,False,False,False,False,False,False,False,i
3,61090.31484980355,lsst,186.70362641586195,6.257744225001244,170028528254845662,170028533755150545,0,170028528254845662,4867.503,745.1661,0,0,0,586814.6,746.6838,False,2026021800414,133,,4.765229e-05,3.3694523e-05,-7.4942046e-11,2640.1138,0.6052373,1401.63,0.859084,False,3506.1482,1048.8373,False,False,False,6.5174966,,1666.7654,1681,5328.7695,47.191795,186.7036343361636,,6.257736236969984,,1.7373633,,-70.185234,,,0,False,,,,,,,,0,False,False,False,581767.4,55.620365,0.31851283,0.572741,-0.0794545,0.43383798,0.4478092,-0.055145763,False,False,False,False,0.0013083335,0.25556165,False,False,61090.316484177485,,25,False,False,False,False,False,False,False,False,False,False,False,False,False,False,False,False,False,False,False,False,False,i
3,61090.31579776885,lsst,186.70359309527552,6.257705180998977,170028528254845662,170028533998420384,0,170028528254845662,6786.2905,667.4818,0,0,0,483836.4,657.3822,False,2026021800416,85,,2.825543e-05,1.7870514e-05,4.0105908e-11,1905.5505,0.3198962,3554.3718,0.50944614,False,3687.2988,1036.1539,False,False,False,10.485301,,1745.67,1681,7798.5503,85.9193,186.70360929564075,,6.2577030401848885,,1.802362,,-63.39438,,,0,False,,,,,,,,0,False,False,False,476954.38,119.55103,0.21645099,0.3818666,-0.16037591,0.2884893,0.2564821,-0.04333505,False,False,False,False,0.06314707,0.347978,False,False,61090.31738151648,,24,False,False,False,False,False,False,False,False,False,False,False,False,False,False,False,False,False,False,False,False,False,i
3,61090.31625836792,lsst,186.7034987206592,6.25766455071186,170028528254845662,170028534156230700,0,170028528254845662,1331.0121,709.8509,0,0,0,522207.06,697.14166,False,2026021800417,130,,1.7851701e-06,1.8942117e-06,-5.593685e-14,209.12125,0.034138333,1952.7632,0.032098122,False,3254.6716,1048.7877,False,False,False,7.724554,,1825.7375,1681,,,,,,,,,,,,0,False,384992.38,2574.136,0.0,5148.272,0.01042039,23.217216,63362.734,1980,False,False,False,520700.84,79.28252,,,,0.26919076,0.25317696,-0.011102368,True,False,False,False,,0.40419188,True,True,61090.31778923981,,30,False,False,False,False,False,False,False,False,False,False,False,False,False,False,False,False,False,False,False,False,False,i
3,61090.3212037643,lsst,186.7035603664349,6.2577623402705616,170028528254845662,170028534668984479,0,170028528254845662,4551.366,705.33344,0,0,0,530663.25,697.8441,False,2026021800421,84,,3.5076242e-05,3.373757e-05,-7.2411344e-10,1108.2705,0.78691334,2098.7854,0.3854229,False,2018.2155,1029.7385,False,False,False,6.275777,,1714.7634,1681,4858.3716,95.38807,186.7035602750663,,6.257764778101981,,1.7705168,,-27.723925,,,0,False,,,,,,,,0,False,False,False,525972.0,50.278706,0.42032275,0.14473373,0.10833795,0.35234168,0.30485177,0.033524785,False,False,False,False,0.1491219,0.13980868,False,False,61090.322945631386,,21,False,False,False,False,False,False,False,False,False,False,False,False,False,False,False,False,False,False,False,False,False,i
1,61090.32442600619,lsst,186.70351847106318,6.257814346539086,170028528254845662,170028535228399653,0,170028528254845662,3568.9875,352.08817,0,0,0,174411.06,353.09952,False,2026021800425,127,,3.8136925e-05,3.140012e-05,6.4457634e-11,835.6716,0.5623842,1558.4558,0.68803585,False,3997.6357,466.49564,False,False,False,10.077697,,1654.6731,1681,3828.5403,9.361259,186.70352368312845,,6.257813814160477,,1.7866037,,67.94871,,,0,False,,,,,,,,0,False,False,False,170544.84,12.862963,0.3865585,0.65941,0.07504577,0.511234,0.45206288,0.00903467,False,False,False,False,0.08476627,0.37561584,False,False,61090.326101311235,,36,False,False,False,False,False,False,False,False,False,False,False,False,False,False,False,False,False,False,False,False,False,g
1,61090.32489063004,lsst,186.7035231183167,6.2577370870531395,170028528254845662,170028535341646337,0,170028528254845662,4186.9624,380.31592,0,0,0,195187.94,381.0313,False,2026021800426,87,,3.051518e-05,3.7727117e-05,-9.437805e-11,2729.8704,0.68296355,3268.2185,0.54374146,False,5021.856,480.77258,False,False,False,9.624256,,1762.717,1681,4923.105,10.154557,186.70351829189457,,6.257768148647964,,2.5782223,,-39.80711,,,0,False,,,,,,,,0,False,False,False,190597.9,12.038093,1.1316947,0.7857293,-0.28283712,0.5665557,0.48902586,0.02314564,False,False,False,False,0.99984723,0.34620288,False,False,61090.326636095706,,53,False,False,False,False,False,False,False,False,False,False,False,False,False,False,False,False,False,False,False,False,False,g
1,61090.325354844725,lsst,186.7036064202557,6.257794380317174,170028528254845662,170028535475863897,0,170028528254845662,3258.9697,340.45584,0,0,0,163331.72,337.76596,False,2026021800427,87,,3.79219e-05,3.1889704e-05,1.07796494e-10,2788.2512,0.5664501,2077.664,0.6882126,False,3297.531,463.09174,False,False,False,9.671007,,1714.4402,1681,3367.4663,13.6035795,186.70361612205167,,6.257798225829757,,1.3396236,,71.26176,,,0,False,,,,,,,,0,False,False,False,159992.33,13.227566,0.38522834,0.54748297,0.014932389,0.4513587,0.44330737,0.017639851,False,False,False,False,0.019998671,0.3541952,False,False,61090.32700983425,,33,False,False,False,False,False,False,False,False,False,False,False,False,False,False,False,False,False,False,False,False,False,g
1,61090.32628183023,lsst,186.70344479777953,6.257613593060188,170028528254845662,170028535744299458,0,170028528254845662,1532.4636,346.9733,0,0,0,169398.31,344.54785,False,2026021800429,87,,0.00042318614,0.0004294874,-2.1021869e-09,3408.592,7.743055,1841.6682,7.5968914,False,3840.8855,465.50253,False,False,False,5.516208,,1819.6675,1681,2614.5562,202.38213,186.7033973566135,,6.257385925926633,,3.4251845,,33.155487,,,0,False,,,,,,,,0,False,False,False,167763.14,16.011715,2.0433671,2.3417082,0.54076463,0.43156356,0.39619914,0.009736337,False,False,False,False,1.0,0.28692338,False,False,61090.32804779585,,40,False,False,False,False,False,False,False,False,False,False,False,False,False,False,False,False,False,False,False,False,False,g
1,61090.32721584685,lsst,186.7035028284858,6.257649287674145,170028528254845662,170028536010113480,0,170028528254845662,2583.5222,369.1562,0,0,0,188283.98,365.25806,False,2026021800431,82,,0.00014977083,0.00013145397,3.1558374e-09,2179.8887,2.2598915,3156.832,2.7820876,False,4407.464,468.65378,False,False,False,7.381019,,1789.8033,1681,3427.341,53.82959,186.70351428148578,,6.257641472651036,,2.7282164,,60.0926,,,0,False,,,,,,,,0,False,False,False,185447.55,17.43257,1.4693346,2.1498253,0.054009806,0.5346261,0.48273093,-0.003229604,False,False,False,False,1.0,0.30282807,False,False,61090.32932073077,,39,False,False,False,False,False,False,False,False,False,False,False,False,False,False,False,False,False,False,False,False,False,g
1,61090.32768241157,lsst,186.70365376555927,6.257873072895682,170028528254845662,170028536167399426,0,170028528254845662,3778.1047,302.53894,0,0,0,132882.39,299.913,False,2026021800432,126,,2.89749e-05,2.9677933e-05,-3.1383986e-11,910.72327,0.5393103,250.23132,0.51600546,False,5050.754,454.6385,False,False,False,12.247219,,1713.1444,1681,5461.106,29.342564,186.70362689272145,,6.2579053265964175,,4.117722,,-58.707138,,,0,False,,,,,,,,0,False,False,False,128920.62,24.584305,1.9415449,0.97803885,-0.8327555,0.43575042,0.38916013,0.014448738,False,False,False,False,1.0,0.3614374,False,False,61090.32938218799,,61,False,False,False,False,False,False,False,False,False,False,False,False,False,False,False,False,False,False,False,False,False,g
1,61090.329583423256,lsst,186.70362469197644,6.257793361125888,170028528254845662,170028536704270584,0,170028528254845662,2397.7546,335.98715,0,0,0,157983.05,337.1388,False,2026021800436,126,,0.000143275,0.00014825726,-6.3314926e-10,2940.8584,2.6822283,1408.6265,2.5627005,False,4235.74,468.76218,False,False,False,7.058693,,1810.6975,1681,3493.451,263.06607,186.70371893458443,,6.257848199090238,,3.7157323,,-83.35802,,,0,False,,,,,,,,0,False,False,False,155413.05,16.868431,2.3291538,3.0807772,-0.53753555,0.44102854,0.398762,0.030417988,False,False,False,False,1.0,0.24779397,False,False,61090.331217152154,,51,False,False,False,False,False,False,False,False,False,False,False,False,False,False,False,False,False,False,False,False,False,g
2,61090.33241178416,lsst,186.70350012520183,6.2576667964329475,170028528254845662,170028537110593576,0,170028528254845662,1289.8641,549.65497,0,0,0,402305.8,545.09534,False,2026021800439,133,,1.4834832e-06,1.5672764e-06,1.01746716e-13,1175.1996,0.028419418,2184.7634,0.026497178,False,2834.5354,738.6306,False,False,False,6.657098,,1950.5414,1681,,,,,,,,,,,,0,False,335776.28,1660.145,0.0,3320.29,0.008673585,48.104877,20153.62,4515,False,False,False,400734.78,24.900543,,,,0.3641962,0.3203566,0.0015059977,True,False,False,False,,0.36863616,True,True,61090.33411779752,,54,False,False,False,False,False,False,False,False,False,False,False,False,False,False,False,False,False,False,False,False,False,r
2,61090.33380825304,lsst,186.70355029325566,6.257887526862223,170028528254845662,170028537510101102,0,170028528254845662,4280.4917,476.47012,1,0,0,321311.1,477.0559,False,2026021800442,127,,3.615753e-05,3.3048214e-05,-3.8386894e-11,1629.112,0.59295475,3913.6614,0.65233254,True,4537.3027,725.8756,True,False,False,7.897683,,1767.4005,1681,,,,,,,,,,,,0,False,,,,,,,,0,True,False,False,316593.47,22.601326,,,,0.35126585,0.3227012,-0.005723061,True,False,False,False,,0.13948232,False,False,61090.33546129447,,57,False,False,False,False,False,False,False,False,False,False,False,False,False,False,False,False,False,False,False,False,False,r
2,61090.33613610585,lsst,186.70349750047404,6.257660219658319,170028528254845662,170028538182762540,0,170028528254845662,2889.6475,573.84143,0,0,0,445020.06,568.72546,False,2026021800447,130,,1.5489637e-06,1.6134298e-06,-1.7062864e-14,851.7258,0.029045075,2630.723,0.027871812,False,1771.0532,733.3327,False,False,False,7.2078266,,1744.7898,1681,4584.8354,5.9536247,186.70353777198684,,6.257782652485577,,2.3075535,,-58.14495,,,0,False,353749.03,1605.5045,0.0,3211.009,0.008951362,25.727926,15635.978,3888,False,False,False,442003.8,21.549133,0.41869363,0.5788685,-0.28316122,0.47868967,0.4356091,0.0068795066,False,False,False,False,0.090412065,0.3431889,True,True,61090.337875464815,,40,False,False,False,False,False,False,False,False,False,False,False,False,False,False,False,False,False,False,False,False,False,r
2,61090.337069737274,lsst,186.70349833440872,6.257668668046107,170028528254845662,170028538424983687,0,170028528254845662,1102.5731,562.7087,0,0,0,404488.53,557.4203,False,2026021800449,80,,1.7574719e-06,1.7969924e-06,-2.7207135e-14,2443.5022,0.03238854,1067.4965,0.031600375,False,3133.2595,753.51044,False,False,False,9.740484,,1926.622,1681,7021.4956,1.5863869,186.70360836244748,,6.257910359743068,,3.6584523,,-72.02763,,,0,False,327565.06,1647.1923,0.0,3294.3845,0.013635915,18.590567,20013.926,3672,False,False,False,403261.5,27.14081,0.67369866,1.5008358,-0.6548392,0.37572533,0.34708375,-0.016019385,False,False,False,False,1.0,0.4268532,True,True,61090.33879310485,,40,False,False,False,False,False,False,False,False,False,False,False,False,False,False,False,False,False,False,False,False,False,r
2,61090.339008864335,lsst,186.70349406047774,6.257666696601669,170028528254845662,170028538988593207,0,170028528254845662,-624.91,537.762,0,0,0,398383.0,534.7626,False,2026021800453,131,,1.5810047e-06,1.5515626e-06,-2.2893703e-14,2863.7947,0.027880384,311.39212,0.028474579,False,742.05096,730.8542,False,False,False,9.759323,,2026.73,1681,,,,,,,,,,,,0,False,333334.06,1666.0072,0.0,3332.0144,0.013750818,5.988166,21016.29,4257,False,False,False,398716.47,24.332008,,,,0.35074303,0.33800265,-0.0021921946,True,False,False,False,,0.4600333,True,True,61090.34067515051,,53,False,False,False,False,False,False,False,False,False,False,False,False,False,False,False,False,False,False,False,False,False,r
3,61091.230600921044,lsst,186.70355995187617,6.257558749227313,170028528254845662,170032915964494004,0,170028528254845662,6285.0015,619.2151,0,0,0,360292.7,612.0162,True,2026021900296,134,0.0,2.9254028e-05,3.869354e-05,1.5668289e-10,1898.9017,0.70471895,2756.2185,0.5155373,False,13167.345,1144.169,False,False,False,9.812568,,1936.4059,1681,6610.481,115.98302,186.70357783288017,,6.257557571488175,,1.1821301,,9.946284,,,0,False,,,,,,,,0,False,False,False,353675.4,165.89507,0.4158897,0.28772438,-0.0067980746,0.16177626,0.1546684,-0.0026528798,False,False,False,False,0.99732214,0.103913836,False,False,61091.23221201817,,39,False,False,False,False,False,False,False,False,False,False,False,False,False,False,False,False,False,False,False,False,False,i
3,61091.23106756332,lsst,186.7034888749992,6.257693505844723,170028528254845662,170032916096090408,0,170028528254845662,4310.039,806.10187,0,0,0,396164.84,803.75793,True,2026021900297,129,0.0,2.2088328e-05,2.6397918e-05,3.8369027e-11,3558.8213,0.4775381,1465.9924,0.3948428,False,-1331.4236,1478.7913,False,False,False,5.396007,,1817.5125,1681,,,,,,,,,,,,0,False,,,,,,,,0,False,False,False,391709.53,235.96274,,,,0.15848449,0.15098123,-0.004636404,True,False,False,False,,0.38861313,False,False,61091.23259304583,,13,False,False,False,False,False,False,False,False,False,False,False,False,False,False,False,False,False,False,False,False,False,i
3,61091.23200183873,lsst,186.7034916013873,6.257660572807653,170028528254845662,170032916365574197,0,170028528254845662,1901.0308,704.68616,0,0,0,435861.1,701.37354,True,2026021900299,131,0.0,1.798477e-06,2.0962734e-06,8.5678826e-14,1396.4755,0.037747227,1822.1523,0.032339517,False,-2718.119,1185.094,False,False,False,6.426498,,1774.7458,1681,,,,,,,,,,,,0,False,312978.56,2527.0574,0.0,5054.1147,0.008019812,109.29499,88063.875,1404,False,False,False,433899.1,184.31651,,,,0.19854823,0.17003337,0.0034215893,True,False,False,False,,0.39847884,True,True,61091.23358066678,,31,False,False,False,False,False,False,False,False,False,False,False,False,False,False,False,False,False,False,False,False,False,i
3,61091.23356265412,lsst,186.70356792979078,6.25770045089933,170028528254845662,170032916774518914,0,170028528254845662,5459.3325,584.3651,0,0,0,344740.34,584.89374,True,2026021900302,143,0.0,1.9848485e-05,2.0906557e-05,-4.256646e-11,2829.9873,0.3451121,3423.2053,0.38759214,False,8119.7773,1113.4127,False,False,False,9.242575,,1854.3173,1681,7160.796,25.204113,186.70355856451786,,6.257707518159012,,1.885463,,125.918495,,,0,False,,,,,,,,0,False,False,False,338937.1,270.49777,0.15694496,0.4450821,0.14276186,0.14091702,0.11788278,0.00055963494,False,False,False,False,0.9966237,0.42643398,False,False,61091.23519465445,,19,False,False,False,False,False,False,False,False,False,False,False,False,False,False,False,False,False,False,False,False,False,i
3,61091.2345000379,lsst,186.7034937794204,6.257664733309951,170028528254845662,170032917042429985,0,170028528254845662,2102.9229,610.69824,0,0,0,403813.47,602.1234,True,2026021900304,142,0.0,2.0118378e-06,1.9062294e-06,7.7880573e-13,1320.9587,0.03877989,1368.3129,0.031363472,False,-767.4838,1059.7761,False,False,False,5.143702,,1910.7731,1681,,,,,,,,,,,,0,False,295250.8,2552.2632,0.0,5104.5264,0.0066529615,63.266792,106138.836,1311,False,False,False,401699.25,155.35059,,,,0.187833,0.140984,-0.004629707,True,False,False,False,,0.42418894,True,True,61091.23608016856,,27,False,False,False,False,False,False,False,False,False,False,False,False,False,False,False,False,False,False,False,False,False,i
3,61091.23496456549,lsst,186.70349607097572,6.257666976842509,170028528254845662,170032917191852059,0,170028528254845662,1844.3585,627.3843,0,0,0,407478.0,624.9738,True,2026021900305,171,0.0,1.8203704e-06,1.7973211e-06,2.6221763e-13,266.19623,0.033851024,952.3706,0.031236349,False,8221.156,1092.2064,False,False,False,11.179787,,1982.0992,1681,7672.6826,1.1354238,186.70358248862988,,6.257826084623463,,1.6963205,,122.296394,,,0,False,315294.53,2653.6504,0.0,5307.301,0.012379975,41.128067,111945.42,1650,False,False,False,405671.16,184.15437,0.17373599,0.42901954,0.08637141,0.17564179,0.14073591,-0.003561767,False,False,False,False,0.96093506,0.42092106,True,True,61091.23675481139,,28,False,False,False,False,False,False,False,False,False,False,False,False,False,False,False,False,False,False,False,False,False,i
3,61091.23589718608,lsst,186.70344589235546,6.257734349422158,170028528254845662,170032917439316161,0,170028528254845662,6066.4907,734.17706,0,0,0,389722.16,730.8709,True,2026021900307,131,0.0,0.00023812952,0.0002355303,-1.17468195e-08,3022.7375,3.7880592,3374.2832,4.688991,False,28090.365,1346.002,False,False,False,9.862761,,2368.033,1681,14775.122,4399.21,186.7034252980615,,6.257754046476954,,4.276734,,-46.13298,,,0,False,,,,,,,,0,False,False,False,383450.97,193.66983,2.8757827,4.6036863,-0.009918235,0.16655473,0.16000949,-0.004000806,False,False,False,False,1.0,0.4020586,False,False,61091.23743708841,,46,False,False,False,False,False,False,False,False,False,False,False,False,False,False,False,False,False,False,False,False,False,i
3,61091.236833758376,lsst,186.7035643538186,6.257628256510918,170028528254845662,170032917707751513,0,170028528254845662,7334.151,746.61176,0,0,0,392171.12,744.94946,True,2026021900309,131,0.0,1.8786473e-05,1.817091e-05,-4.1973137e-11,1450.1975,0.31066087,3282.2183,0.35324505,False,6943.138,1345.0219,False,False,False,9.755899,,1735.3877,1681,7407.31,31.262753,186.7035649895895,,6.257624767750437,,0.9911481,,-19.72748,,,0,False,,,,,,,,0,False,False,False,384595.75,200.56964,0.15355262,0.19287081,-0.043101534,0.16813023,0.17231531,-0.0092497235,False,False,False,False,0.0013109166,0.28036338,False,False,61091.23844381576,,18,False,False,False,False,False,False,False,False,False,False,False,False,False,False,False,False,False,False,False,False,False,i
1,61091.239129518006,lsst,186.70350115784058,6.25767483158124,170028528254845662,170032917975662704,0,170028528254845662,2887.4275,293.6727,0,0,0,120512.164,288.39066,True,2026021900311,130,0.0,1.6624588e-06,1.790545e-06,-3.4226504e-14,1159.4415,0.03223003,3503.2542,0.029901745,False,5218.784,488.2404,False,False,False,16.115076,,1991.3723,1681,5037.432,1.8458558,186.70366236850853,,6.257716725965301,,1.557977,,-39.584496,,,0,False,98452.49,695.6704,0.0,1391.3408,0.019738123,57.667225,6491.6724,2880,False,False,False,117551.266,55.56398,0.4066446,0.32320097,-0.112675704,0.1954094,0.1941835,0.022000104,False,False,False,False,0.97557116,0.43613252,True,True,61091.24071504845,,38,False,False,False,False,False,False,False,False,False,False,False,False,False,False,False,False,False,False,False,False,False,g
1,61091.239595921645,lsst,186.70349862438712,6.257668151096736,170028528254845662,170032918107783179,0,170028528254845662,1425.132,307.28738,0,0,0,127977.06,304.8416,True,2026021900312,126,0.0,1.7791846e-06,1.7339461e-06,2.4065571e-14,591.1895,0.031188743,413.75955,0.032022446,False,2625.4436,493.96365,False,False,False,10.28144,,1914.1095,1681,,,,,,,,,,,,0,False,98743.82,705.58685,0.0,1411.1737,0.016848776,69.113106,5894.098,2208,False,False,False,126544.01,43.45787,,,,0.21711724,0.21954738,0.01328204,True,False,False,False,,0.39314798,True,True,61091.241464182225,,35,False,False,False,False,False,False,False,False,False,False,False,False,False,False,False,False,False,False,False,False,False,g
1,61091.240531912845,lsst,186.7037108062895,6.2576462142441756,170028528254845662,170032918376743331,0,170028528254845662,3011.2021,268.7237,0,0,0,93336.41,267.44342,True,2026021900314,127,0.0,2.6070635e-05,4.340891e-05,-3.1069167e-10,2249.4539,0.7963379,2671.4695,0.44214103,False,4926.2017,507.56586,False,False,False,10.754848,,1798.6874,1681,4512.6406,32.879543,186.70375649554808,,6.257695489542789,,3.0650115,,14.481481,,,0,False,,,,,,,,0,False,False,False,90274.16,39.588562,1.1500654,0.5698035,0.4348941,0.22503403,0.19837655,0.014619377,False,False,False,False,1.0,0.2528397,False,False,61091.24261907513,,34,False,False,False,False,False,False,False,False,False,False,False,False,False,False,False,False,False,False,False,False,False,g
1,61091.240998502704,lsst,186.70349996285674,6.257672372346711,170028528254845662,170032918510436523,0,170028528254845662,1610.5209,298.27438,0,0,0,124186.266,294.7084,True,2026021900315,126,0.0,1.7137736e-06,1.8429386e-06,-1.484716e-13,2612.927,0.033375867,962.2776,0.030595703,False,2918.033,482.53656,False,False,False,15.135468,,2143.0107,1681,4897.5186,2.1432288,186.70367183038263,,6.2577241408506765,,1.9979929,,-35.996647,,,0,False,99161.57,720.3212,0.0,1440.6425,0.025121016,55.377373,6311.343,2625,False,False,False,122489.85,62.53922,0.55242294,0.20990199,-0.13708633,0.21376221,0.19477639,0.008614836,False,False,False,False,0.9781992,0.43160948,True,True,61091.24252800603,,38,False,False,False,False,False,False,False,False,False,False,False,False,False,False,False,False,False,False,False,False,False,g
1,61091.241748405715,lsst,186.7037078878189,6.25765664952315,170028528254845662,170032918651994160,0,170028528254845662,4042.2874,273.84958,0,0,0,105991.54,270.89725,True,2026021900316,140,0.0,1.6226344e-05,1.7658258e-05,-9.7394376e-12,1916.1715,0.29076996,2637.6738,0.31860477,False,4632.5073,481.54666,False,False,False,14.562798,,1735.196,1681,4131.252,0.5547406,186.7037111930445,,6.257660047946311,,1.1237066,,12.632061,,,0,False,,,,,,,,0,False,False,False,101830.97,27.487804,0.26977324,0.3488824,-0.042961232,0.2449661,0.24085456,-0.0037909534,False,False,False,False,0.3644808,0.38778138,False,False,61091.243288548605,,28,False,False,False,False,False,False,False,False,False,False,False,False,False,False,False,False,False,False,False,False,False,g
1,61091.24221178278,lsst,186.70366000748592,6.257689477648513,170028528254845662,170032918791454747,0,170028528254845662,3367.0208,280.5892,0,0,0,111446.34,274.78665,True,2026021900317,150,0.0,1.9725398e-05,2.0784502e-05,-1.12380496e-11,3791.6897,0.3536031,1104.4502,0.37518996,False,3611.7024,483.43036,False,False,False,12.158656,,1788.9264,1681,3551.8052,15.564155,186.70365978710973,,6.257684571401444,,1.2564601,,132.74727,,,0,False,,,,,,,,0,False,False,False,107995.94,42.486565,0.22625315,0.28926668,0.07031686,0.22904629,0.22522749,-0.005816211,False,False,False,False,0.09798679,0.42442444,False,False,61091.24369622354,,32,False,False,False,False,False,False,False,False,False,False,False,False,False,False,False,False,False,False,False,False,False,g
1,61091.24268053092,lsst,186.70349789506525,6.257675205376244,170028528254845662,170032918922526785,0,170028528254845662,790.914,299.96368,0,0,0,128057.35,295.89655,True,2026021900318,144,0.0,1.5944098e-06,1.5669184e-06,3.10363e-14,1144.3646,0.028731411,3881.9297,0.028125959,False,3585.041,480.65195,False,False,False,16.838697,,2482.4795,1681,,,,,,,,,,,,0,False,112554.12,673.4031,0.0,1346.8062,0.03492478,32.184044,5335.9253,4797,False,False,False,127245.92,40.918423,,,,0.2405246,0.21565995,-0.009652486,True,False,False,False,,0.44429427,True,True,61091.244243680354,,48,False,False,False,False,False,False,False,False,False,False,False,False,False,False,False,False,False,False,False,False,False,g
1,61091.243146467925,lsst,186.70349683542426,6.257671995119804,170028528254845662,170032919056220177,0,170028528254845662,2109.021,300.44656,0,0,0,128023.66,295.9215,True,2026021900319,143,0.0,1.834346e-06,1.7607963e-06,1.1518918e-13,1958.5663,0.033202365,841.91095,0.031462427,False,2107.944,483.28754,False,False,False,11.492114,,1946.6749,1681,,,,,,,,,,,,0,False,103879.74,707.27405,0.0,1414.5481,0.020535797,62.152565,5993.355,2856,False,False,False,125901.37,47.38884,,,,0.23061964,0.20922738,-0.008275152,True,False,False,False,,0.43187362,True,True,61091.24462783772,,35,False,False,False,False,False,False,False,False,False,False,False,False,False,False,False,False,False,False,False,False,False,g
1,61091.243611679616,lsst,186.70350108483044,6.257673344893376,170028528254845662,170032919205642268,0,170028528254845662,659.7453,311.94263,0,0,0,124281.89,310.78864,True,2026021900320,172,0.0,1.8141001e-06,1.7910753e-06,4.4383788e-14,2291.6729,0.032730553,1815.5522,0.032155074,False,1662.878,508.57465,False,False,False,9.045044,,1933.0927,1681,,,,,,,,,,,,0,False,99761.9,700.17163,0.0,1400.3433,0.018049432,62.770123,5894.8916,2673,False,False,False,123611.4,49.941307,,,,0.23508593,0.1972922,-0.018325454,True,False,False,False,,0.39336416,True,True,61091.245576500645,,39,False,False,False,False,False,False,False,False,False,False,False,False,False,False,False,False,False,False,False,False,False,g
1,61091.24407999597,lsst,186.70365600555806,6.257692610113957,170028528254845662,170032919320985657,0,170028528254845662,3035.368,276.3268,0,0,0,106825.625,272.24405,True,2026021900321,136,0.0,3.223789e-05,3.9366332e-05,-3.2650443e-10,1892.1027,0.53338015,2877.103,0.7434114,False,4609.829,483.56876,False,False,False,10.841965,,1851.6881,1681,3740.5588,50.116592,186.7036717890041,,6.257696834370585,,1.9383806,,-7.6101065,,,0,False,,,,,,,,0,False,False,False,103752.49,49.3475,0.36708996,0.6698116,-0.11317289,0.24215065,0.1890205,-0.028713778,False,False,False,False,0.99997544,0.4044762,False,False,61091.245704651534,,34,False,False,False,False,False,False,False,False,False,False,False,False,False,False,False,False,False,False,False,False,False,g
1,61091.245011524064,lsst,186.70350041198753,6.2576740934805395,170028528254845662,170032919592566823,0,170028528254845662,1249.2778,318.1665,0,0,0,133460.62,313.45987,True,2026021900323,142,0.0,1.8115923e-06,1.7227886e-06,3.2991565e-13,3344.342,0.03359884,371.59482,0.029890625,False,3239.7534,497.77457,False,False,False,12.972112,,2054.8948,1681,4845.6494,2.0761864,186.70374426043946,,6.257716773003665,,2.464967,,-16.776245,,,0,False,110060.8,697.58636,0.0,1395.1727,0.024019495,74.20633,5196.7217,3348,False,False,False,132167.66,42.46794,0.3717634,0.9273219,-0.1661937,0.2879553,0.21899253,-0.023810228,False,False,False,False,0.9999998,0.41238683,True,True,61091.246482568764,,38,False,False,False,False,False,False,False,False,False,False,False,False,False,False,False,False,False,False,False,False,False,g
1,61091.24594029818,lsst,186.7034963032125,6.257667658063615,170028528254845662,170032919877255213,0,170028528254845662,973.0478,340.14908,0,0,0,132507.08,341.9575,True,2026021900325,173,0.0,1.9305364e-06,1.8595593e-06,5.8326065e-13,92.86371,0.03682756,2569.858,0.031161766,False,2639.0488,542.28033,False,False,False,9.645086,,1903.611,1681,3257.5203,0.2773028,186.70370579736178,,6.257578510540113,,1.7272849,,36.089706,,,0,False,100329.08,706.337,0.0,1412.674,0.01791458,110.83573,5424.3467,2175,False,False,False,131515.53,51.8343,0.5361022,0.2781271,-0.07734503,0.28487876,0.20400375,-0.0063212593,False,False,False,False,0.9332139,0.3568073,True,True,61091.24745612597,,29,False,False,False,False,False,False,False,False,False,False,False,False,False,False,False,False,False,False,False,False,False,g
2,61091.247796704374,lsst,186.70360976695315,6.257697017036876,170028528254845662,170032919991025711,0,170028528254845662,2282.615,436.17072,1,0,0,267416.72,431.2284,True,2026021900326,134,0.0,2.288485e-05,3.339552e-05,1.1011042e-10,1030.7941,0.60626924,2311.5317,0.40414938,True,524.6572,749.2231,True,False,False,5.227153,,1843.3723,1681,,,,,,,,,,,,0,False,,,,,,,,0,True,False,False,265057.16,63.88229,,,,0.19587503,0.17824538,0.0044312016,True,False,False,False,,0.14122652,False,False,61091.24928212382,,34,False,False,False,False,False,False,False,False,False,False,False,False,False,False,False,False,False,False,False,False,False,r
2,61091.24919337075,lsst,186.7034903402143,6.257660078763429,170028528254845662,170032920392106015,0,170028528254845662,-161.28136,466.44788,0,0,0,287288.47,463.2827,True,2026021900329,131,0.0,2.0043078e-06,2.1333844e-06,1.4788199e-14,778.3884,0.038383283,1362.9767,0.03606742,False,233.20334,776.0182,False,False,False,5.476153,,1932.877,1681,,,,,,,,,,,,0,False,206775.88,1787.4948,0.0,3574.9895,0.0073745283,46.61061,45681.746,1404,False,False,False,287421.7,80.290794,,,,0.19888791,0.16094334,0.022959998,True,False,False,False,,0.44252777,True,True,61091.250698348376,,29,False,False,False,False,False,False,False,False,False,False,False,False,False,False,False,False,False,False,False,False,False,r
2,61091.2520595652,lsst,186.70349569457142,6.257666089592454,170028528254845662,170032921196364625,0,170028528254845662,1274.6578,482.12692,0,0,0,318937.2,476.56772,True,2026021900335,129,0.0,1.8159043e-06,2.0860016e-06,4.1998927e-13,3650.9895,0.038178403,3698.1113,0.031953357,False,658.48895,750.7622,False,False,False,7.508912,,1851.0404,1681,3273.8823,1.7792093,186.7035588684169,,6.257852424752737,,1.3786249,,-55.655045,,,0,False,236352.62,1703.4069,0.0,3406.8137,0.009339371,36.069023,34050.234,1800,False,False,False,317625.06,70.41546,0.12228994,0.29552823,-0.051046174,0.25573534,0.19919452,0.011447733,False,False,False,False,0.037141684,0.42944026,True,True,61091.253460126114,,27,False,False,False,False,False,False,False,False,False,False,False,False,False,False,False,False,False,False,False,False,False,r
2,61091.253457231345,lsst,186.70349586334194,6.2576643006978845,170028528254845662,170032921600065549,0,170028528254845662,-219.07173,466.71457,0,0,0,301847.28,463.0984,True,2026021900338,131,0.0,1.7789181e-06,1.6185451e-06,-1.0038859e-13,106.71771,0.029020827,614.5294,0.032100696,False,146.43306,751.6217,False,False,False,8.651722,,2153.2078,1681,,,,,,,,,,,,0,False,258455.39,1797.938,0.0,3595.876,0.012158713,11.023815,42576.305,3276,False,False,False,302123.12,77.19528,,,,0.19185556,0.19436662,0.012296055,True,False,False,False,,0.42742398,True,True,61091.25509310204,,41,False,False,False,False,False,False,False,False,False,False,False,False,False,False,False,False,False,False,False,False,False,r
3,61091.25624102693,lsst,186.70359195965463,6.257664956891135,170028528254845662,170032922004291858,0,170028528254845662,7947.071,572.1399,0,0,0,359417.66,565.16394,True,2026021900341,134,0.0,1.2590274e-05,1.6625256e-05,3.065372e-11,2117.0554,0.3032401,2888.4153,0.22131352,False,16513.883,1053.7999,False,False,False,12.935495,,2053.7192,1681,10356.334,25.893438,186.70362629864616,,6.257637148005242,,2.5623238,,-36.105946,,,0,False,,,,,,,,0,False,False,False,350996.62,184.50684,0.53113633,0.6536482,-0.36184725,0.16665894,0.13277197,-0.002786859,False,False,False,False,1.0,0.263598,False,False,61091.25772436832,,42,False,False,False,False,False,False,False,False,False,False,False,False,False,False,False,False,False,False,False,False,False,i
3,61091.2567063272,lsst,186.7035015050638,6.257696210880696,170028528254845662,170032922135888414,0,170028528254845662,11590.815,612.2785,0,0,0,394138.38,604.658,True,2026021900342,129,0.0,8.522617e-06,1.1296502e-05,1.0885341e-11,3715.5474,0.2050171,1696.372,0.15122071,False,13751.053,1080.7573,False,False,False,18.533846,,1702.7002,1681,11250.59,5.0504622,186.70350170223074,,6.2577000449642055,,0.83906174,,-25.09061,,,0,False,,,,,,,,0,False,False,False,381815.84,172.943,0.18246849,0.161948,-0.030905774,0.17976674,0.1279592,-0.0027147548,False,False,False,False,0.053230826,0.4132998,False,False,61091.258170153465,,22,False,False,False,False,False,False,False,False,False,False,False,False,False,False,False,False,False,False,False,False,False,i
3,61091.25763961984,lsst,186.70359374352884,6.257718890465267,170028528254845662,170032922405371995,0,170028528254845662,4346.8257,598.22736,0,0,0,359981.16,594.7498,True,2026021900344,131,0.0,2.8704515e-05,4.633575e-05,1.1367489e-10,1555.3225,0.8356033,1963.2275,0.5136232,False,5263.8755,1114.9244,False,False,False,7.0495114,,1724.939,1681,4942.6333,72.89151,186.70358638379895,,6.257714227143967,,1.482214,,-12.5596485,,,0,False,,,,,,,,0,False,False,False,355431.38,176.81207,0.31835863,0.123003915,-0.067976624,0.17027865,0.14534429,0.001264318,False,False,False,False,0.46522468,0.2698228,False,False,61091.25921124588,,17,False,False,False,False,False,False,False,False,False,False,False,False,False,False,False,False,False,False,False,False,False,i
3,61091.25909557707,lsst,186.703585008608,6.257741880946274,170028528254845662,170032922813268052,0,170028528254845662,3543.32,642.5355,0,0,0,370273.28,636.1883,True,2026021900347,141,0.0,4.0101568e-05,4.1552415e-05,7.647949e-11,709.8738,0.75584257,3265.4087,0.71371675,False,2058.4087,1189.5077,False,False,False,5.670086,,1865.597,1681,,,,,,,,,,,,0,False,,,,,,,,0,False,False,False,366606.62,183.15204,,,,0.20338243,0.14388156,0.011705403,True,False,False,False,,0.41108662,False,False,61091.26067492296,,23,False,False,False,False,False,False,False,False,False,False,False,False,False,False,False,False,False,False,False,False,False,i
3,61091.2595620137,lsst,186.7035829778887,6.257690825790062,170028528254845662,170032922945913258,0,170028528254845662,3361.096,606.33905,0,0,0,363558.53,600.1262,True,2026021900348,138,0.0,3.8476755e-05,4.231512e-05,1.614581e-10,3316.6309,0.7757325,1807.2682,0.67622226,False,3344.9119,1116.5294,False,False,False,5.60475,,1734.2505,1681,4188.41,25.356321,186.70357976299937,,6.257717647562676,,1.5935614,,-23.217247,,,0,False,,,,,,,,0,False,False,False,360060.25,172.73546,0.2421714,0.25462815,-0.13844077,0.1787054,0.13961126,-0.0011665581,False,False,False,False,0.71353,0.37191966,False,False,61091.261093971676,,16,False,False,False,False,False,False,False,False,False,False,False,False,False,False,False,False,False,False,False,False,False,i
3,61091.26049397893,lsst,186.7036062219935,6.257720533143685,170028528254845662,170032923209630405,0,170028528254845662,5737.037,555.1836,0,0,0,325019.2,549.5593,True,2026021900350,129,0.0,2.0991265e-05,2.0383417e-05,-8.014398e-12,3160.351,0.36598372,3139.5393,0.3789472,False,9705.066,1094.6174,False,False,False,10.164765,,1913.1504,1681,7412.084,45.67932,186.7036245351185,,6.257728708446628,,2.0912964,,-37.146427,,,0,False,,,,,,,,0,False,False,False,318907.34,223.4548,0.34082782,0.4920628,-0.228334,0.15716617,0.12543355,-0.002616543,False,False,False,False,0.9999985,0.18755609,False,False,61091.26210043138,,31,False,False,False,False,False,False,False,False,False,False,False,False,False,False,False,False,False,False,False,False,False,i
3,61091.26235929673,lsst,186.70359079376126,6.257704060763402,170028528254845662,170032923744927938,0,170028528254845662,4404.1562,580.3177,0,0,0,345868.22,572.2785,True,2026021900354,126,0.0,2.7411414e-05,4.1560845e-05,9.0256164e-11,3837.7727,0.7498756,540.0976,0.49056163,False,4226.1406,1100.2719,False,False,False,7.6945705,,1770.6278,1681,4927.4917,83.0963,186.70358755553644,,6.257705433192704,,1.2586426,,22.306784,,,0,False,,,,,,,,0,False,False,False,341321.4,257.13065,0.25740182,0.12150344,0.04613403,0.15093267,0.13886547,0.011406439,False,False,False,False,0.289933,0.2693969,False,False,61091.26382153446,,17,False,False,False,False,False,False,False,False,False,False,False,False,False,False,False,False,False,False,False,False,False,i
3,61091.26282214235,lsst,186.70349111760072,6.257656370491335,170028528254845662,170032923882291511,0,170028528254845662,2029.2834,645.8559,0,0,0,384088.62,644.11053,True,2026021900355,132,0.0,1.7344829e-06,1.5551761e-06,-1.6500468e-14,3865.3293,0.027999686,929.60925,0.03123732,False,-4826.303,1170.0707,False,False,False,6.17468,,2212.1062,1681,,,,,,,,,,,,0,False,314494.75,2490.6401,0.0,4981.2803,0.007923653,80.196945,107909.67,2187,False,False,False,382109.2,252.10397,,,,0.1333468,0.15522884,0.009526701,True,False,False,False,,0.3461025,True,True,61091.26435367182,,37,False,False,False,False,False,False,False,False,False,False,False,False,False,False,False,False,False,False,False,False,False,i
1,61091.26519795521,lsst,186.70349579795968,6.2576724460479465,170028528254845662,170032924127133747,0,170028528254845662,1345.9757,434.75052,0,0,0,121976.15,432.92236,True,2026021900357,87,0.0,1.8752539e-06,1.867266e-06,8.560781e-15,118.139534,0.033597536,3337.285,0.03374344,False,-1836.4598,756.3857,False,False,False,7.3800154,,1831.9034,1681,-4010.7107,0.85005236,186.7031659057223,,6.2575708048469805,,3.105408,,-13.823779,,,0,False,92410.94,698.589,0.0,1397.178,0.020124998,86.58793,5985.3257,2088,False,False,False,120663.06,45.955555,1.3687166,0.27272975,-0.03733714,0.21117496,0.22308663,0.022610912,False,False,False,False,1.0,0.3057106,True,True,61091.26672120791,,33,False,False,False,False,False,False,False,False,False,False,False,False,False,False,False,False,False,False,False,False,False,g
1,61091.26566437927,lsst,186.7036391040366,6.257770265881473,170028528254845662,170032924259779300,0,170028528254845662,4871.7314,323.23724,0,0,0,115900.12,319.62906,True,2026021900358,84,0.0,4.1908486e-05,5.681019e-05,-4.163543e-10,3194.6726,1.0394151,3330.3408,0.7297863,False,10357.903,572.2002,False,False,False,14.755529,,1853.126,1681,6970.55,76.6973,186.70363676068976,,6.257765287062472,,2.7843013,,-17.547962,,,0,False,,,,,,,,0,False,False,False,110947.7,54.506046,1.531912,0.76608056,-0.03730649,0.24614191,0.21759896,0.019446744,False,False,False,False,1.0,0.4293975,False,False,61091.267070056405,,36,False,False,False,False,False,False,False,False,False,False,False,False,False,False,False,False,False,False,False,False,False,g
1,61091.26612931151,lsst,186.70364401651793,6.257610931267726,170028528254845662,170032924416540736,0,170028528254845662,3988.3667,474.77875,0,0,0,119032.67,482.09192,True,2026021900359,127,0.0,4.9538907e-05,6.265548e-05,-5.2943366e-10,1586.3065,1.1513411,1756.2483,0.859479,False,7124.069,850.75684,False,False,False,8.148494,,1669.7524,1681,4384.7935,22.523258,186.7036441529725,,6.2576110867479455,,1.5404046,,21.434956,,,0,False,,,,,,,,0,False,False,False,114851.305,42.066696,0.7428745,0.70077944,0.105412655,0.27902266,0.24171662,0.020669919,False,False,False,False,1.0,0.16457814,False,False,61091.26801752531,,23,False,False,False,False,False,False,False,False,False,False,False,False,False,False,False,False,False,False,False,False,False,g
1,61091.26728286834,lsst,186.70360682137763,6.257681247732747,170028528254845662,170032924691267619,0,170028528254845662,9310.086,601.09204,0,0,0,131746.2,611.0332,True,2026021900361,139,0.0,0.00011501737,0.00011674671,-4.707639e-10,798.46936,2.0438528,3187.3848,2.1241255,False,25520.344,1111.8949,False,False,False,14.87157,,2062.2144,1681,13828.992,641.2179,186.7036022770761,,6.257681968561446,,2.639897,,-2.6021383,,,0,False,,,,,,,,0,False,False,False,122034.34,76.4205,2.010547,2.3085294,-0.27778316,0.23378372,0.2306178,-0.025014343,False,False,False,False,1.0,0.44614056,False,False,61091.2687438499,,41,False,False,False,False,False,False,False,False,False,False,False,False,False,False,False,False,False,False,False,False,False,g
1,61091.268212716255,lsst,186.7035434433719,6.257774172732196,170028528254845662,170032924960227353,0,170028528254845662,3518.664,436.95508,0,0,0,117514.99,441.38382,True,2026021900363,140,0.0,2.861493e-05,3.1047948e-05,-3.6847972e-10,909.696,0.4084486,1761.5724,0.64026654,False,3072.6768,793.30066,False,False,False,8.223808,,1775.109,1681,3845.2163,49.657913,186.7035409870304,,6.257774672987024,,1.3544539,,123.66969,,,0,False,,,,,,,,0,False,False,False,113907.76,57.19982,0.10844354,0.27220646,0.054761063,0.2380992,0.20587277,-0.023698077,False,False,False,False,0.1065945,0.4481179,False,False,61091.26968402455,,20,False,False,False,False,False,False,False,False,False,False,False,False,False,False,False,False,False,False,False,False,False,g
1,61091.27147174363,lsst,186.70349561707863,6.257668835551306,170028528254845662,170032925916004380,0,170028528254845662,522.15546,335.3666,0,0,0,140102.45,333.89917,True,2026021900370,171,0.0,1.8293482e-06,1.8298668e-06,4.6966833e-15,87.35351,0.03293939,1816.4994,0.032925658,False,378.9262,508.8672,False,False,False,8.025209,,1853.459,1681,,,,,,,,,,,,0,False,110339.8,682.2518,0.0,1364.5035,0.015160777,140.3553,4512.277,2730,False,False,False,139628.02,26.939734,,,,0.294093,0.25701776,-0.0022609062,True,False,False,False,,0.3722366,True,True,61091.272996684,,36,False,False,False,False,False,False,False,False,False,False,False,False,False,False,False,False,False,False,False,False,False,g
2,61091.27336961457,lsst,186.70349866786896,6.257664203133417,170028528254845662,170032926028202665,0,170028528254845662,1969.126,496.2372,0,0,0,322501.34,486.46777,True,2026021900371,129,0.0,1.5517434e-06,1.6900925e-06,-8.3202854e-14,4016.0103,0.030499745,2124.3223,0.027843071,False,2829.5315,767.45856,False,False,False,13.226481,,2084.76,1681,,,,,,,,,,,,0,False,280925.4,1709.8372,0.0,3419.6743,0.016495457,41.249237,34301.53,4212,False,False,False,320472.56,48.318348,,,,0.22733438,0.22474125,0.017522473,True,False,False,False,,0.4445676,True,True,61091.27485167932,,40,False,False,False,False,False,False,False,False,False,False,False,False,False,False,False,False,False,False,False,False,False,r
2,61091.27523254718,lsst,186.7035038388007,6.2576786301892735,170028528254845662,170032926543053066,0,170028528254845662,3995.4077,882.2892,0,0,0,334877.47,900.4313,True,2026021900375,87,0.0,0.0001182471,0.00023349811,-2.0033085e-08,1926.9677,4.5090704,3587.4946,1.3647504,False,12389.145,1544.9594,False,False,False,5.0063734,,1671.004,1681,4667.3296,139.62263,186.7035268915676,,6.257525315451127,,1.4321724,,11.147943,,,0,False,,,,,,,,0,False,False,False,330748.6,57.427418,0.499109,0.4241594,0.08812118,0.22495787,0.20223199,0.009459345,False,False,False,False,0.9992521,0.34655356,False,False,61091.276673155735,,20,False,False,False,False,False,False,False,False,False,False,False,False,False,False,False,False,False,False,False,False,False,r
2,61091.275911675024,lsst,186.70349544650728,6.257660821171339,170028528254845662,170032926704009374,0,170028528254845662,-1512.7416,659.24023,0,0,0,352019.6,662.9872,True,2026021900376,138,0.0,1.6781117e-06,1.6302964e-06,3.3140607e-13,3870.3672,0.031556956,3051.712,0.027856039,False,-4647.4536,1002.48694,False,False,False,10.0870695,,2144.3586,1681,,,,,,,,,,,,0,False,293908.4,1702.8912,0.0,3405.7825,0.024949467,28.992262,26854.025,3627,False,False,False,353589.22,30.131035,,,,0.3105134,0.26036233,-0.01302781,True,False,False,False,,0.44656608,True,True,61091.2778636366,,43,False,False,False,False,False,False,False,False,False,False,False,False,False,False,False,False,False,False,False,False,False,r
2,61091.27777761895,lsst,186.70349496884114,6.257664492841862,170028528254845662,170032927238783054,0,170028528254845662,2764.8726,490.91898,0,0,0,325826.1,483.26007,True,2026021900380,134,0.0,2.0213492e-06,2.054529e-06,3.7587145e-13,1227.024,0.03832319,3909.6772,0.0349721,False,1835.4358,750.99567,False,False,False,7.9776444,,1829.8812,1681,4020.544,4.8665786,186.70349740628834,,6.257776998879717,,1.3835288,,102.86773,,,0,False,235935.86,1775.4785,0.0,3550.957,0.008757483,10.925477,35888.367,1680,False,False,False,323030.53,46.78893,0.13372333,0.25624603,0.083158225,0.23523742,0.23165826,-0.025350673,False,False,False,False,0.14654014,0.35863492,True,True,61091.27944090133,,31,False,False,False,False,False,False,False,False,False,False,False,False,False,False,False,False,False,False,False,False,False,r
3,61094.194368591496,lsst,186.7036615101547,6.257720663765141,170028528254845662,170046106219053068,0,170028528254845662,6671.3296,625.9889,0,0,0,420834.25,616.68134,True,2026022200267,148,0.0,2.0166624e-05,1.8207951e-05,-3.9418217e-12,976.4406,0.36299098,305.51352,0.32755053,False,3337.1304,1050.2727,False,False,False,10.4033985,,1681.809,1681,6660.5024,31.241022,186.70364822681003,,6.257719700328532,,0.5726835,,11.364816,,,0,False,,,,,,,,0,False,False,False,414205.34,113.24698,0.16924457,0.19670236,-0.0039927503,0.30577123,0.20073363,-0.0077689313,False,False,False,False,0.38571763,0.45666057,False,False,61094.195921640116,,22,False,False,False,False,False,False,False,False,False,False,False,False,False,False,False,False,False,False,False,False,False,i
3,61094.1948323284,lsst,186.70362439784375,6.257732079943505,170028528254845662,170046106355367945,0,170028528254845662,4830.0005,635.5986,0,0,0,427551.47,626.1328,True,2026022200268,152,0.0,4.56314e-05,5.3645217e-05,5.532916e-12,1061.3214,0.82169175,206.42183,0.96592724,False,7163.6875,1062.1042,False,False,False,7.956008,,1850.6312,1681,7579.1797,34.560158,186.70362715554688,,6.257736075812061,,2.8445575,,141.18997,,,0,False,,,,,,,,0,False,False,False,422718.97,152.51326,0.61746275,0.8074161,0.44578934,0.30100393,0.19197135,0.019708015,False,False,False,False,1.0,0.45167455,False,False,61094.196364361655,,43,False,False,False,False,False,False,False,False,False,False,False,False,False,False,False,False,False,False,False,False,False,i
3,61094.19530308143,lsst,186.70349742478473,6.257662763340006,170028528254845662,170046106483294286,0,170028528254845662,4410.238,680.3276,0,0,0,500600.44,674.28656,True,2026022200269,140,0.0,1.6071272e-06,1.2520624e-06,4.6500855e-14,3447.3655,0.028927479,2897.7646,0.02251668,False,317.92245,1043.258,False,False,False,9.3391485,,2062.9507,1681,,,,,,,,,,,,0,False,442166.5,2432.4531,0.0,4864.9062,0.008038952,109.18114,63392.4,4914,False,False,False,496243.2,191.4364,,,,0.3414063,0.19189453,0.024826426,True,False,False,False,,0.32466602,True,True,61094.19686461004,,44,False,False,False,False,False,False,False,False,False,False,False,False,False,False,False,False,False,False,False,False,False,i
3,61094.19673263274,lsst,186.7035824256701,6.257792087555271,170028528254845662,170046106886995980,0,170028528254845662,6714.662,604.2984,0,0,0,395508.34,592.9872,True,2026022200272,142,0.0,6.958078e-05,5.264769e-05,4.4650061e-10,2240.625,1.2635245,411.58008,0.9316668,False,12458.393,1050.7306,False,False,False,10.75789,,1925.6964,1681,12726.839,99.94515,186.7035185446654,,6.257803002247406,,3.9924724,,112.383286,,,0,False,,,,,,,,0,False,False,False,388659.34,165.49686,1.5217658,0.80506414,0.89038473,0.26706252,0.19052508,0.018324105,False,False,False,False,1.0,0.43460146,False,False,61094.198293298134,,38,False,False,False,False,False,False,False,False,False,False,False,False,False,False,False,False,False,False,False,False,False,i
3,61094.19720545357,lsst,186.70349467249162,6.2576639413616055,170028528254845662,170046107020165227,0,170028528254845662,-1112.476,668.3425,0,0,0,465026.78,657.0267,True,2026022200273,140,0.0,1.6203859e-06,1.5035561e-06,1.0372045e-13,3421.7642,0.029305173,3874.0095,0.026896635,False,182.48293,1073.7797,False,False,False,6.83167,,1986.072,1681,,,,,,,,,,,,0,False,402189.38,2549.9158,0.0,5099.8315,0.007938494,42.34649,82968.15,3564,False,False,False,466252.84,190.96748,,,,0.24771626,0.16911738,0.022106914,True,False,False,False,,0.41167024,True,True,61094.19872058893,,46,False,False,False,False,False,False,False,False,False,False,False,False,False,False,False,False,False,False,False,False,False,i
3,61094.19767135235,lsst,186.70350179038417,6.257645379242379,170028528254845662,170046107159625771,0,170028528254845662,5248.3857,656.1725,0,0,0,456766.8,647.5802,True,2026022200274,150,0.0,1.6403997e-06,7.4966914e-07,7.601833e-13,1778.1904,0.030826986,2041.8217,0.0101597505,False,3674.2812,1056.0258,False,False,False,8.120757,,1772.4698,1681,5494.5605,3.7743778,186.70348402576633,,6.257652909247434,,1.2020534,,150.44633,,,0,False,383475.62,2598.2537,0.0,5196.5073,0.0067758043,-30.399,86135.97,3060,False,False,False,451463.72,166.00005,0.13545705,0.26827833,0.029096251,0.23340702,0.1718004,0.0069693136,False,False,False,False,6.6843e-05,0.28123057,True,True,61094.19919529978,,37,False,False,False,False,False,False,False,False,False,False,False,False,False,False,False,False,False,False,False,False,False,i
3,61094.199114734176,lsst,186.70349421121583,6.257661631327349,170028528254845662,170046107558084661,0,170028528254845662,-918.7792,668.6513,0,0,0,475376.7,662.09607,True,2026022200277,142,0.0,1.667848e-06,1.5317804e-06,2.942861e-13,635.5849,0.030790258,2715.169,0.026691582,False,-7026.1104,1060.4983,False,False,False,5.7310233,,2071.385,1681,-8703.189,5.2836723,186.70324476716758,,6.257649202797458,,4.639243,,-16.075798,,,0,False,408115.62,2505.0146,0.0,5010.0293,0.01031267,70.118645,73546.125,3672,False,False,False,476536.34,152.22375,0.40960675,2.8041215,-0.46551773,0.25156948,0.2023155,-0.016267464,False,False,False,False,1.0,0.43430594,True,True,61094.20063281561,,44,False,False,False,False,False,False,False,False,False,False,False,False,False,False,False,False,False,False,False,False,False,i
3,61094.200145548806,lsst,186.70362123252625,6.257630183164748,170028528254845662,170046107820228914,0,170028528254845662,3653.2864,617.46747,0,0,0,410039.22,608.1743,True,2026022200279,130,0.0,3.489346e-05,3.2784486e-05,-3.0468228e-10,3564.6516,0.51940805,1496.0383,0.6875373,False,2191.4565,1049.1598,False,False,False,6.0821376,,1920.2043,1681,3860.7612,85.55073,186.70362782532692,,6.25764702834673,,1.2736664,,-45.114666,,,0,False,,,,,,,,0,False,False,False,406376.5,127.368195,0.098366894,0.26492572,-0.019013532,0.24100298,0.1845779,0.003251143,False,False,False,False,0.10766256,0.17781979,False,False,61094.20171446183,,18,False,False,False,False,False,False,False,False,False,False,False,False,False,False,False,False,False,False,False,False,False,i
3,61094.20061248008,lsst,186.70349800138555,6.257662458999895,170028528254845662,170046107956543495,0,170028528254845662,6931.2104,636.10187,0,0,0,456295.9,651.88904,True,2026022200280,134,0.0,1.575328e-06,1.6419892e-06,3.1371856e-13,776.3413,0.030748272,57.837444,0.027048644,False,8557.875,1051.7695,False,False,False,23.661312,,2593.666,1681,15422.841,2.7877972,186.70366444691243,,6.257650681910669,,1.3667165,,-20.1642,,,0,False,382572.28,2634.1687,0.0,5268.3374,0.023852613,80.67878,88290.32,3072,False,False,False,449145.28,188.61436,0.2361117,0.30352625,-0.086825244,0.21520214,0.17060746,0.01939838,False,False,False,False,0.5353597,0.4106071,True,True,61094.20212438218,,35,False,False,False,False,False,False,False,False,False,False,False,False,False,False,False,False,False,False,False,False,False,i
3,61094.20108013015,lsst,186.70350007605083,6.2576600874814625,170028528254845662,170046108089188589,0,170028528254845662,1546.1339,669.61816,0,0,0,468694.16,655.7614,True,2026022200281,131,0.0,1.9136614e-06,1.9524846e-06,1.6573497e-13,2595.4639,0.035615128,3848.9775,0.03394106,False,3466.4932,1053.1177,False,False,False,10.368704,,1772.5203,1681,6489.248,9.425953,186.7036866913267,,6.257636050317721,,1.3914466,,-1.4477718,,,0,False,349617.62,2500.3264,0.0,5000.653,0.014328199,86.88442,74181.44,1794,False,False,False,467102.8,134.08879,0.26421827,0.18824102,-0.09349338,0.2273454,0.20668605,0.018108197,False,False,False,False,0.009727598,0.418454,True,True,61094.20254094114,,29,False,False,False,False,False,False,False,False,False,False,False,False,False,False,False,False,False,False,False,False,False,i
1,61094.20297624461,lsst,186.70377347582286,6.257757207773231,170028528254845662,170046108229697546,0,170028528254845662,5462.9863,285.38504,0,0,0,118742.21,279.19296,True,2026022200282,143,0.0,4.0141862e-05,4.0855153e-05,-3.9622326e-11,2188.2336,0.71726674,466.93552,0.73945946,False,8286.936,453.34064,False,False,False,18.567074,,1907.0966,1681,6566.573,87.065445,186.70372707560085,,6.257736342225752,,1.9442927,,-3.1912892,,,0,False,,,,,,,,0,False,False,False,113042.62,29.9502,0.6667536,0.9024454,-0.13371222,0.41613314,0.3167435,-0.037927724,False,False,False,False,0.99999326,0.37605226,False,False,61094.20451855444,,42,False,False,False,False,False,False,False,False,False,False,False,False,False,False,False,False,False,False,False,False,False,g
1,61094.203441781654,lsst,186.70349830672785,6.257668632937562,170028528254845662,170046108379644004,0,170028528254845662,1331.7585,358.2845,0,0,0,162182.23,352.27847,True,2026022200283,173,0.0,1.6507146e-06,1.5470885e-06,3.0536438e-13,3785.8103,0.030665502,1964.7153,0.026781589,False,2545.3738,492.01736,False,False,False,14.735443,,2053.4102,1681,,,,,,,,,,,,0,False,137769.27,674.7262,0.0,1349.4524,0.031767916,83.95768,3282.0466,5166,False,False,False,160831.78,27.436691,,,,0.42200333,0.32973215,-0.025360998,True,False,False,False,,0.39165592,True,True,61094.20507242583,,45,False,False,False,False,False,False,False,False,False,False,False,False,False,False,False,False,False,False,False,False,False,g
1,61094.20815369804,lsst,186.70372407220984,6.257695118155579,170028528254845662,170046108782297108,0,170028528254845662,4836.6157,309.19543,1,0,0,123600.195,304.15228,True,2026022200286,173,0.0,1.4787745e-05,1.4275567e-05,2.4935302e-11,2019.0627,0.27699333,721.9593,0.24498956,True,1836.2423,481.93417,True,False,False,15.863313,,2164.2957,1681,,,,,,,,,,,,0,False,,,,,,,,0,True,False,False,118737.71,16.735369,0.24254079,0.21955383,-0.096238494,0.3653797,0.29070035,-0.022285493,True,False,False,False,,0.33033633,False,False,61094.21003834061,,52,False,False,False,False,False,False,False,False,False,False,False,False,False,False,False,False,False,False,False,False,False,g
1,61094.2090871017,lsst,186.7034997744708,6.257675048168212,170028528254845662,170046109028712553,0,170028528254845662,2886.5374,327.5377,0,0,0,152984.75,319.5307,True,2026022200288,131,0.0,1.687051e-06,1.6685107e-06,3.2579907e-13,2839.804,0.03187448,2573.61,0.028373642,False,4487.751,461.68512,False,False,False,15.72133,,2059.8875,1681,6429.168,1.674027,186.7036957195074,,6.257753188328089,,2.5237126,,-14.004269,,,0,False,128686.234,683.36096,0.0,1366.7219,0.027894467,60.5314,3849.2,4551,False,False,False,150050.48,38.5339,0.54917103,0.9152783,-0.27847567,0.39554146,0.28620857,-0.027961913,False,False,False,False,0.9999865,0.39943075,True,True,61094.21076242563,,43,False,False,False,False,False,False,False,False,False,False,False,False,False,False,False,False,False,False,False,False,False,g
1,61094.20956011567,lsst,186.70350070150715,6.25766488541277,170028528254845662,170046109168173155,0,170028528254845662,3502.8777,331.9923,0,0,0,155266.6,323.4913,True,2026022200289,141,0.0,1.6636899e-06,1.6679054e-06,4.253055e-13,3620.1597,0.03216478,459.753,0.02758039,False,5549.1714,465.7422,False,False,False,17.033922,,1972.7949,1681,6671.3936,1.0922112,186.70369560809388,,6.257720449667732,,2.3248596,,-33.419735,,,0,False,127632.61,670.341,0.0,1340.682,0.028518792,58.055397,3653.5288,4104,False,False,False,151679.3,29.92746,0.40650022,0.9152656,-0.11414586,0.38843986,0.30031672,-0.010814842,False,False,False,False,0.99929786,0.4213719,True,True,61094.21114514541,,44,False,False,False,False,False,False,False,False,False,False,False,False,False,False,False,False,False,False,False,False,False,g
2,61094.2153212721,lsst,186.7034985584505,6.25766758929959,170028528254845662,170046110376132617,0,170028528254845662,1966.1786,498.19794,0,0,0,339147.56,489.88477,True,2026022200298,141,0.0,1.8022951e-06,2.001411e-06,5.8006594e-13,1257.9592,0.03738031,290.60764,0.030828593,False,530.184,735.65826,False,False,False,6.349957,,1849.7247,1681,,,,,,,,,,,,0,False,247114.61,1656.0786,0.0,3312.1572,0.008596946,51.537716,28736.73,1863,False,False,False,337200.12,41.462692,,,,0.28580093,0.21549602,0.018406516,True,False,False,False,,0.38512507,True,True,61094.21705009575,,28,False,False,False,False,False,False,False,False,False,False,False,False,False,False,False,False,False,False,False,False,False,r
2,61094.216251691396,lsst,186.70348328236494,6.257671233577351,170028528254845662,170046110639325191,0,170028528254845662,-1358.8811,508.23654,0,0,0,360087.62,503.89368,True,2026022200300,131,0.0,2.523563e-06,2.7601827e-06,6.324228e-13,605.0656,0.05050238,197.59729,0.04445483,False,-915.18494,733.4782,False,False,False,5.0948286,,1681.4828,1681,-2167.5823,13.935932,186.70341597651202,,6.257580511452578,,1.4289056,,-58.760513,,,0,False,206755.25,1795.8331,0.0,3591.6663,0.0083731385,22.905415,29982.268,1035,False,False,False,361558.34,30.304434,0.036148366,0.26868126,-0.036529783,0.31844756,0.25427204,0.025088852,False,False,False,False,0.79083496,0.43078035,True,True,61094.21806056601,,24,False,False,False,False,False,False,False,False,False,False,False,False,False,False,False,False,False,False,False,False,False,r
2,61094.21677584291,lsst,186.70349603415247,6.257662462290063,170028528254845662,170046110775116282,0,170028528254845662,3530.6108,491.54306,0,0,0,316542.1,467.2583,True,2026022200301,134,0.0,1.4914776e-06,1.5776534e-06,1.0789321e-13,2826.1135,0.028603643,3923.8381,0.026624432,False,1745.1279,736.3568,False,False,False,10.16322,,2104.9766,1681,,,,,,,,,,,,0,False,276823.16,1655.4231,0.0,3310.8462,0.0064408984,21.704937,32556.93,4662,False,False,False,312037.9,40.370304,,,,0.23602387,0.21347696,0.0039225654,True,False,False,False,,0.38720295,True,True,61094.21850470714,,49,False,False,False,False,False,False,False,False,False,False,False,False,False,False,False,False,False,False,False,False,False,r
2,61094.21724299055,lsst,186.70349555748712,6.257660589934659,170028528254845662,170046110906712083,0,170028528254845662,828.90796,489.3734,0,0,0,330716.03,479.49786,True,2026022200302,129,0.0,1.6570798e-06,1.7801963e-06,1.3945422e-13,1924.0988,0.03225292,200.33662,0.02959195,False,107.60358,730.9098,False,False,False,5.134811,,1772.9161,1681,,,,,,,,,,,,0,False,261077.11,1680.4182,0.0,3360.8364,0.008881705,70.61161,31338.674,2400,False,False,False,329826.1,39.099552,,,,0.2544105,0.22774333,0.021000056,True,False,False,False,,0.4206814,True,True,61094.21894221872,,38,False,False,False,False,False,False,False,False,False,False,False,False,False,False,False,False,False,False,False,False,False,r
2,61094.21818762494,lsst,186.7034910710297,6.2576700732308925,170028528254845662,170046111175672009,0,170028528254845662,1129.1514,479.05853,0,0,0,319770.8,469.86154,True,2026022200304,130,0.0,1.6705375e-06,1.7477017e-06,5.231232e-14,3920.7056,0.0314931,584.83215,0.030002005,False,1712.7628,729.36774,False,False,False,9.88651,,1894.6964,1681,4180.8135,5.960468,186.70336501042397,,6.257809413153349,,1.2377735,,20.840233,,,0,False,254746.88,1717.921,0.0,3435.842,0.010481329,-40.470253,34554.53,2430,False,False,False,318652.78,60.190117,0.26229092,0.11472302,0.028016124,0.23745981,0.21503194,0.032654822,False,False,False,False,0.145483,0.40155962,True,True,61094.219861327816,,32,False,False,False,False,False,False,False,False,False,False,False,False,False,False,False,False,False,False,False,False,False,r
2,61094.218654806966,lsst,186.70349846396346,6.257659506387394,170028528254845662,170046111309890364,0,170028528254845662,153.76198,472.47864,0,0,0,309195.06,462.0462,True,2026022200305,130,0.0,1.6932805e-06,1.6875201e-06,2.1804169e-16,2865.4197,0.030367041,3957.989,0.030475322,False,348.55298,728.3525,False,False,False,11.618648,,2249.995,1681,,,,,,,,,,,,0,False,269805.03,1720.8184,0.0,3441.6367,0.017884793,28.093569,36439.72,4032,False,False,False,309065.25,69.44143,,,,0.22158247,0.20593639,0.03007294,True,False,False,False,,0.4516261,True,True,61094.220205991616,,42,False,False,False,False,False,False,False,False,False,False,False,False,False,False,False,False,False,False,False,False,False,r
2,61094.21915327458,lsst,186.70349072622292,6.257664186284414,170028528254845662,170046111444107479,0,170028528254845662,1515.3959,487.15057,0,0,0,326680.6,474.30405,True,2026022200306,130,0.0,1.806777e-06,1.8839402e-06,2.4485883e-14,3610.5806,0.033906423,730.95404,0.032499567,False,-1918.6692,729.9685,False,False,False,9.049227,,1956.6395,1681,,,,,,,,,,,,0,False,260221.03,1716.7921,0.0,3433.5842,0.010579068,-68.3096,32980.996,2520,False,False,False,325250.7,42.274773,,,,0.25578102,0.2258436,0.027053688,True,False,False,False,,0.4075766,True,True,61094.22079792732,,34,False,False,False,False,False,False,False,False,False,False,False,False,False,False,False,False,False,False,False,False,False,r
2,61094.21961943352,lsst,186.70350090804905,6.257664044592023,170028528254845662,170046111576228196,0,170028528254845662,941.6584,481.16202,0,0,0,319159.72,467.46875,True,2026022200307,126,0.0,1.7149721e-06,1.6948577e-06,1.0955145e-15,1820.2404,0.030509597,3853.5415,0.030861767,False,11.3395815,730.9398,False,False,False,12.060222,,2261.0894,1681,6670.5273,9.400124,186.7036390228204,,6.257800571114899,,2.2643328,,-26.500694,,,0,False,269730.56,1730.879,0.0,3461.758,0.019411186,58.649357,34971.97,3366,False,False,False,318171.44,58.48521,0.59958214,0.27059194,-0.24163337,0.25646546,0.21833962,0.04148105,False,False,False,False,0.9836666,0.40590358,True,True,61094.22127008147,,34,False,False,False,False,False,False,False,False,False,False,False,False,False,False,False,False,False,False,False,False,False,r
2,61094.222224994635,lsst,186.70349846116514,6.257663241868763,170028528254845662,170046112255705121,0,170028528254845662,401.12396,502.93073,0,0,0,338936.2,481.69662,True,2026022200312,142,0.0,1.8335115e-06,1.8332174e-06,1.9144742e-15,3921.552,0.032985885,1555.455,0.032989204,False,-987.0812,739.8862,False,False,False,9.328048,,1987.1304,1681,,,,,,,,,,,,0,False,275417.84,1700.7753,0.0,3401.5505,0.0152951935,56.597866,30291.518,2871,False,False,False,338543.22,30.623344,,,,0.27307191,0.26178277,-0.029434934,True,False,False,False,,0.42701396,True,True,61094.2238706717,,34,False,False,False,False,False,False,False,False,False,False,False,False,False,False,False,False,False,False,False,False,False,r
3,61094.22497050587,lsst,186.70351856474036,6.257647305945375,170028528254845662,170046112650495027,0,170028528254845662,1678.3337,661.62634,0,0,0,460085.1,643.34235,True,2026022200315,127,0.0,1.8315019e-06,1.7472562e-06,-1.0369269e-13,3935.8008,0.031271745,3545.5735,0.033115916,False,-3276.0408,1039.8019,False,False,False,5.072796,,2017.5726,1681,,,,,,,,,,,,0,False,277369.38,1941.6637,0.0,3883.3274,0.005855955,94.58692,44742.13,1020,False,False,False,458394.22,189.3898,,,,0.22730556,0.20270656,0.025042847,True,False,False,False,,0.30331135,True,True,61094.22640608723,,27,False,False,False,False,False,False,False,False,False,False,False,False,False,False,False,False,False,False,False,False,False,i
3,61094.225437054425,lsst,186.70350399555298,6.25766041252513,170028528254845662,170046112788381808,0,170028528254845662,2410.1812,637.6747,0,0,0,444225.34,628.796,True,2026022200316,134,0.0,1.1227141e-06,1.6782996e-06,4.2919138e-13,1235.3075,0.030789377,3193.0068,0.01931168,False,-7032.662,1030.264,False,False,False,8.876879,,2102.0037,1681,,,,,,,,,,,,0,False,374037.25,2584.5112,0.0,5169.0225,0.007521449,51.345184,88594.12,2997,False,False,False,441854.12,212.19713,,,,0.21813709,0.17584805,0.011917383,True,False,False,False,,0.38482666,True,True,61094.22698475766,,39,False,False,False,False,False,False,False,False,False,False,False,False,False,False,False,False,False,False,False,False,False,i
3,61094.22592638653,lsst,186.70349504404055,6.257663209231946,170028528254845662,170046112918405212,0,170028528254845662,2580.2932,648.1858,0,0,0,448273.4,631.9399,True,2026022200317,126,0.0,1.5197409e-06,1.6366868e-06,8.0431376e-14,1050.2714,0.029558985,2923.738,0.027254727,False,-6676.095,1036.2852,False,False,False,9.425151,,2184.1045,1681,,,,,,,,,,,,0,False,375004.0,2522.5945,0.0,5045.189,0.011891079,70.24946,83545.805,2958,False,False,False,445703.66,153.48253,,,,0.21660148,0.18619369,0.023119025,True,False,False,False,,0.3836752,True,True,61094.227513225684,,46,False,False,False,False,False,False,False,False,False,False,False,False,False,False,False,False,False,False,False,False,False,i
3,61094.22639713604,lsst,186.7034966452179,6.257663938489441,170028528254845662,170046113032700020,0,170028528254845662,3017.585,625.6557,0,0,0,424084.25,611.68085,True,2026022200318,88,0.0,1.4108093e-06,1.6300056e-06,1.0513022e-13,414.93356,0.029424122,3297.6357,0.025282431,False,-4415.704,1030.6853,False,False,False,5.776652,,2172.4985,1681,3857.52,13.425149,186.70351682927836,,6.257653683112898,,2.0157068,,20.540129,,,0,False,376815.6,2463.7615,0.0,4927.523,0.0038448162,130.46257,88993.266,4332,False,False,False,421046.34,188.64151,0.5093399,0.050654948,0.10062395,0.19830361,0.16100712,0.026000539,False,False,False,False,0.753492,0.39633468,True,True,61094.22802622245,,45,False,False,False,False,False,False,False,False,False,False,False,False,False,False,False,False,False,False,False,False,False,i
3,61094.22687682636,lsst,186.70349763953516,6.257660363280228,170028528254845662,170046113187365847,0,170028528254845662,866.2415,624.7243,0,0,0,430374.88,611.6771,True,2026022200319,127,0.0,1.5276321e-06,1.6802503e-06,4.8983543e-14,2989.5125,0.030261237,3852.5188,0.027461333,False,-3730.5078,1022.9893,False,False,False,8.820158,,2403.1338,1681,-10598.727,16.110588,186.70332473011325,,6.257568925198181,,5.040764,,-40.477985,,,0,False,380458.8,2435.612,0.0,4871.224,0.0129921315,56.925106,83378.125,4218,False,False,False,429640.25,218.72356,1.6385187,1.7435381,-1.5889729,0.21582945,0.17963049,0.037837617,False,False,False,False,1.0,0.4101216,True,True,61094.22836296873,,46,False,False,False,False,False,False,False,False,False,False,False,False,False,False,False,False,False,False,False,False,False,i
3,61094.22782998334,lsst,186.70349338595076,6.257661866706434,170028528254845662,170046113455801249,0,170028528254845662,435.27902,628.8401,0,0,0,431422.72,613.90845,True,2026022200321,127,0.0,1.4611485e-06,1.746246e-06,-7.10057e-15,2669.0525,0.031426452,3968.2595,0.026296424,False,-2571.979,1030.5563,False,False,False,5.5315504,,1900.122,1681,,,,,,,,,,,,0,False,376632.78,2503.9092,0.0,5007.8184,0.0070263166,-30.113737,88399.59,3672,False,False,False,431185.4,155.94653,,,,0.21532552,0.17850135,0.03530713,True,False,False,False,,0.41694567,True,True,61094.229269842406,,39,False,False,False,False,False,False,False,False,False,False,False,False,False,False,False,False,False,False,False,False,False,i
3,61094.228800526274,lsst,186.7035193640948,6.2576474738126615,170028528254845662,170046113703264615,0,170028528254845662,4686.9688,637.66095,0,0,0,450109.38,626.8677,True,2026022200323,87,0.0,2.2822469e-05,2.137279e-05,7.67165e-12,1916.7596,0.38435563,2575.2224,0.41099837,False,2480.291,1024.0826,False,False,False,7.303674,,1770.029,1681,4896.4653,158.16441,186.7034924831281,,6.257604845350032,,1.4302292,,-63.508877,,,0,False,,,,,,,,0,False,False,False,445355.06,166.15422,0.112169005,0.20959845,-0.10938147,0.23175868,0.20029464,0.039548676,False,False,False,False,0.29656482,0.35325286,False,False,61094.230389702985,,18,False,False,False,False,False,False,False,False,False,False,False,False,False,False,False,False,False,False,False,False,False,i
3,61094.229264415204,lsst,186.70349253632853,6.25766101231932,170028528254845662,170046113854259222,0,170028528254845662,-1377.9562,637.24725,0,0,0,454433.1,634.3579,True,2026022200324,119,0.0,1.6021206e-06,1.5734709e-06,1.7652275e-14,2166.5469,0.028322436,220.51645,0.028855015,False,-9188.767,1027.3971,False,False,False,7.279688,,2289.6936,1681,-11811.942,19.193394,186.70320195717522,,6.257594816576638,,5.4763455,,-43.704556,,,0,False,404850.88,2445.6355,0.0,4891.271,0.011611658,45.80851,75980.34,4674,False,False,False,455924.53,162.51512,2.9873476,1.6842515,-1.6368812,0.21283516,0.21587189,0.044819973,False,False,False,False,1.0,0.35917777,True,True,61094.23083743652,,46,False,False,False,False,False,False,False,False,False,False,False,False,False,False,False,False,False,False,False,False,False,i
3,61094.23000523845,lsst,186.70349718255142,6.25766146415361,170028528254845662,170046114000535603,0,170028528254845662,1847.0371,684.22986,0,0,0,507756.28,669.3487,True,2026022200325,142,0.0,1.7879394e-06,1.5632852e-06,1.5326495e-13,1441.9117,0.032316122,1649.7903,0.02796828,False,-481.54965,1027.9518,False,False,False,6.0885863,,1694.6146,1681,3971.6252,11.866212,186.70346799259886,,6.257541345819689,,1.5044574,,82.99979,,,0,False,401833.88,2382.4353,0.0,4764.8706,0.0080797225,-177.58704,59007.05,2520,False,False,False,505953.0,102.944046,0.33906248,0.09270766,0.017522732,0.30282214,0.24917336,-0.016673092,False,False,False,False,0.2790368,0.35736084,True,True,61094.231839875276,,36,False,False,False,False,False,False,False,False,False,False,False,False,False,False,False,False,False,False,False,False,False,i
3,61094.23047134593,lsst,186.70349582296146,6.257659993086723,170028528254845662,170046114135277666,0,170028528254845662,1221.111,669.21655,0,0,0,482644.62,659.75885,True,2026022200326,143,0.0,1.718492e-06,1.6219909e-06,8.811586e-14,111.85446,0.03103925,2829.9016,0.029079434,False,125.692314,1035.1808,False,False,False,10.271736,,2114.379,1681,7940.412,18.474142,186.70365233764775,,6.2577278266691785,,2.0419176,,150.8422,,,0,False,403509.78,2534.9934,0.0,5069.987,0.017703794,60.41967,73678.15,3069,False,False,False,481372.3,137.61679,0.14412786,0.55745804,0.1188208,0.27387807,0.21360818,-0.02338301,False,False,False,False,0.691277,0.42498565,True,True,61094.23209028926,,35,False,False,False,False,False,False,False,False,False,False,False,False,False,False,False,False,False,False,False,False,False,i
1,61094.23331535663,lsst,186.70350275191336,6.257671208367226,170028528254845662,170046114553135162,0,170028528254845662,717.2022,321.91452,0,0,0,137596.52,314.65845,True,2026022200329,172,0.0,1.6643183e-06,1.689051e-06,8.0178523e-13,1961.4818,0.03419133,2790.8022,0.025520584,False,1676.4237,479.32224,False,False,False,14.5610895,,2067.4646,1681,,,,,,,,,,,,0,False,118927.13,679.60986,0.0,1359.2197,0.024801625,86.203384,4600.9194,4662,False,False,False,136872.12,44.719852,,,,0.32977095,0.22238918,0.0038010203,True,False,False,False,,0.37668237,True,True,61094.23487591462,,45,False,False,False,False,False,False,False,False,False,False,False,False,False,False,False,False,False,False,False,False,False,g
1,61094.23378553279,lsst,186.7034986840172,6.257669984612458,170028528254845662,170046114669527084,0,170028528254845662,2394.088,320.83673,0,0,0,146560.92,310.8836,True,2026022200330,138,0.0,1.6929289e-06,1.735035e-06,4.722602e-13,248.60303,0.033233758,2734.0574,0.028218454,False,3300.3777,462.868,False,False,False,13.600614,,2013.0656,1681,4962.8545,0.22715779,186.7036820922432,,6.257756801276447,,2.180864,,-30.093954,,,0,False,124072.74,676.8814,0.0,1353.7628,0.023465844,63.56644,4112.0967,4515,False,False,False,144162.62,25.915123,0.36385158,0.7512975,-0.15438333,0.39286906,0.25972056,-0.026044322,False,False,False,False,0.9832906,0.42380637,True,True,61094.23598482249,,50,False,False,False,False,False,False,False,False,False,False,False,False,False,False,False,False,False,False,False,False,False,g
1,61094.23475912203,lsst,186.70349900201288,6.257674039781518,170028528254845662,170046114801123365,0,170028528254845662,1471.1261,304.12494,0,0,0,134110.48,296.75354,True,2026022200331,133,0.0,1.7993519e-06,1.9811614e-06,9.153187e-13,1955.5776,0.03841432,726.8119,0.029037837,False,2203.399,459.09662,False,False,False,10.923073,,1908.2052,1681,3453.197,1.0108413,186.7036607206025,,6.257743224875977,,1.6097119,,-29.032309,,,0,False,106525.35,713.3909,0.0,1426.7819,0.023006955,51.97163,5383.649,2730,False,False,False,132623.56,60.362118,0.28656623,0.44387954,-0.10325437,0.32972994,0.20475651,1.6113503e-05,False,False,False,False,0.59237653,0.42348304,True,True,61094.236377623456,,36,False,False,False,False,False,False,False,False,False,False,False,False,False,False,False,False,False,False,False,False,False,g
1,61094.238439548935,lsst,186.70349907635133,6.257674452671167,170028528254845662,170046115336946389,0,170028528254845662,1270.7646,303.954,0,0,0,136854.19,294.74045,True,2026022200335,131,0.0,1.622693e-06,1.8286834e-06,3.6133312e-13,3518.2517,0.033623196,3616.818,0.02834358,False,3815.5015,460.75784,False,False,False,11.481955,,1809.0,1681,4939.133,0.67480785,186.70367769836852,,6.25777754879023,,3.3647115,,-38.880962,,,0,False,108055.586,680.7764,0.0,1361.5529,0.018488267,56.90849,4784.865,2673,False,False,False,135563.5,50.12832,0.56770915,1.2823206,-0.5475349,0.33369726,0.22433206,0.014824065,False,False,False,False,1.0,0.39386523,True,True,61094.24003664173,,37,False,False,False,False,False,False,False,False,False,False,False,False,False,False,False,False,False,False,False,False,False,g
1,61094.23935393257,lsst,186.70349937879246,6.257672998299525,170028528254845662,170046115472211976,0,170028528254845662,2471.7688,312.02884,0,0,0,142052.22,305.95593,True,2026022200336,133,0.0,1.6357163e-06,1.9280217e-06,4.266237e-13,1692.0813,0.035389423,221.84282,0.028587235,False,2609.571,460.24158,False,False,False,17.024353,,2154.047,1681,5234.048,4.0745792,186.70367099206715,,6.257689957994525,,1.5603229,,-16.924587,,,0,False,115612.086,689.3915,0.0,1378.783,0.030216763,75.63918,4523.0938,3420,False,False,False,139493.38,32.33696,0.33111042,0.25744972,-0.12040817,0.34979028,0.24193466,0.027496142,False,False,False,False,0.00021141164,0.4395761,True,True,61094.24103757707,,39,False,False,False,False,False,False,False,False,False,False,False,False,False,False,False,False,False,False,False,False,False,g
1,61094.24027222673,lsst,186.703500881675,6.257669869731756,170028528254845662,170046115604856838,0,170028528254845662,2758.413,325.562,0,0,0,152813.28,320.9391,True,2026022200337,130,0.0,1.698144e-06,1.9810207e-06,3.444248e-13,973.5044,0.036103763,403.60483,0.029994193,False,3207.139,461.9173,False,False,False,14.593766,,1908.198,1681,4532.091,1.3728065,186.70365943877968,,6.257753730829663,,1.3918436,,-14.369658,,,0,False,119834.125,686.5338,0.0,1373.0676,0.025457012,55.496796,3897.2964,3168,False,False,False,150023.1,20.971432,0.38058284,0.2928067,-0.08269918,0.36726668,0.2794175,0.011339103,False,False,False,False,0.0136740785,0.42466182,True,True,61094.242172370476,,37,False,False,False,False,False,False,False,False,False,False,False,False,False,False,False,False,False,False,False,False,False,g
2,61094.24829303625,lsst,186.70353357449986,6.25767832605359,170028528254845662,170046116544905665,0,170028528254845662,1326.3864,477.07336,0,0,0,324209.5,464.6883,True,2026022200344,131,0.0,1.3755546e-06,1.116049e-06,-1.1393915e-12,3662.42,0.011153471,2334.4924,0.029856633,False,-397.8038,723.04004,False,False,False,5.597503,,1781.4518,1681,,,,,,,,,,,,0,False,190329.02,1161.5642,0.0,2323.1284,0.0074122828,-165.40274,14719.801,1200,False,False,False,322932.9,83.71757,,,,0.3044444,0.21156527,0.013545259,True,False,False,False,,0.43258438,True,True,61094.24983707192,,40,False,False,False,False,False,False,False,False,False,False,False,False,False,False,False,False,False,False,False,False,False,r
2,61094.24920320219,lsst,186.70349958315495,6.257665742062003,170028528254845662,170046116700094713,0,170028528254845662,1315.1237,502.47165,0,0,0,335495.1,486.87283,True,2026022200345,171,0.0,1.7579908e-06,1.7676939e-06,4.2404492e-14,3527.787,0.03194922,993.8876,0.031513147,False,461.28156,744.9543,False,False,False,6.822569,,1914.5554,1681,,,,,,,,,,,,0,False,250953.2,1667.5309,0.0,3335.0618,0.009668341,29.120962,29789.06,1944,False,False,False,334194.4,82.66162,,,,0.31909838,0.24412334,0.03519215,True,False,False,False,,0.4007445,True,True,61094.25071611141,,27,False,False,False,False,False,False,False,False,False,False,False,False,False,False,False,False,False,False,False,False,False,r
2,61094.25104564594,lsst,186.70349912054607,6.25766703703911,170028528254845662,170046116945461690,0,170028528254845662,775.26794,490.82104,0,0,0,337303.53,475.97726,True,2026022200347,127,0.0,1.662168e-06,1.7156099e-06,1.3664134e-13,3073.3496,0.031248048,3501.4485,0.029505897,False,-1422.347,725.8665,False,False,False,5.3655868,,1850.3524,1681,,,,,,,,,,,,0,False,278267.53,1672.7015,0.0,3345.403,0.0077267676,-145.58919,29403.32,3159,False,False,False,336591.84,45.448963,,,,0.31239912,0.22771354,0.01093048,True,False,False,False,,0.3579407,True,True,61094.252715003284,,52,False,False,False,False,False,False,False,False,False,False,False,False,False,False,False,False,False,False,False,False,False,r
2,61094.252885388225,lsst,186.70350241485346,6.257665458950286,170028528254845662,170046117217566994,0,170028528254845662,1947.7117,528.69556,0,0,0,378106.53,516.3088,True,2026022200349,134,0.0,1.7518415e-06,1.7283649e-06,-3.702186e-14,2685.227,0.031021548,2225.345,0.031612597,False,1400.6687,732.3989,False,False,False,7.435309,,1857.6713,1681,,,,,,,,,,,,0,False,291677.53,1704.3353,0.0,3408.6707,0.008441379,35.558006,24726.055,2520,False,False,False,376069.8,30.297876,,,,0.3180302,0.31206733,0.012117704,True,False,False,False,,0.40726256,True,True,61094.25455445624,,38,False,False,False,False,False,False,False,False,False,False,False,False,False,False,False,False,False,False,False,False,False,r
2,61094.25831118013,lsst,186.70349629439926,6.257661108126394,170028528254845662,170046117484429713,0,170028528254845662,674.5789,483.24426,0,0,0,325629.25,465.50375,True,2026022200351,131,0.0,1.548604e-06,1.7213393e-06,2.2183027e-13,2607.775,0.031364445,3146.1963,0.027421122,False,-1601.2598,720.8311,False,False,False,5.031835,,1791.9745,1681,-4662.6797,6.508952,186.70327801838332,,6.257518254840301,,4.0515113,,-50.217487,,,0,False,267561.16,1677.8577,0.0,3355.7153,0.008243137,34.58513,31834.697,2958,False,False,False,324997.25,62.78114,0.37468004,1.8880606,-0.67157364,0.29637435,0.21662334,0.03667063,False,False,False,False,1.0,0.4300864,True,True,61094.26049078212,,34,False,False,False,False,False,False,False,False,False,False,False,False,False,False,False,False,False,False,False,False,False,r
2,61094.25922991536,lsst,186.70349509154585,6.257661325993202,170028528254845662,170046117618122836,0,170028528254845662,-921.1516,465.72537,0,0,0,304670.56,450.83997,True,2026022200352,130,0.0,1.6025798e-06,1.5632977e-06,-3.593506e-14,742.7788,0.028081652,3589.3137,0.02889931,False,482.47116,715.9356,False,False,False,6.784475,,1890.4181,1681,,,,,,,,,,,,0,False,262972.6,1720.24,0.0,3440.48,0.007278731,111.125336,37818.094,3528,False,False,False,305622.22,61.649826,,,,0.21155621,0.21393849,0.01733777,True,False,False,False,,0.43807006,True,True,61094.260828163795,,43,False,False,False,False,False,False,False,False,False,False,False,False,False,False,False,False,False,False,False,False,False,r
2,61094.260145247696,lsst,186.70348652506502,6.257662026329355,170028528254845662,170046117750767726,0,170028528254845662,352.7438,464.54788,0,0,0,311774.62,453.5037,True,2026022200353,127,0.0,1.5811852e-06,1.7595402e-06,1.463616e-13,279.10452,0.031837206,3738.8103,0.028256075,False,-229.21338,714.937,False,False,False,5.9297166,,2062.394,1681,,,,,,,,,,,,0,False,252225.95,1680.6957,0.0,3361.3914,0.00576442,47.451878,34872.445,2640,False,False,False,311391.66,94.145935,,,,0.2643357,0.20210643,0.022993699,True,False,False,False,,0.4027261,True,True,61094.26176234716,,49,False,False,False,False,False,False,False,False,False,False,False,False,False,False,False,False,False,False,False,False,False,r
2,61094.261068189604,lsst,186.70349466200932,6.25766343834972,170028528254845662,170046117886033967,0,170028528254845662,378.54565,466.13715,0,0,0,304852.97,451.87085,True,2026022200354,129,0.0,1.7289065e-06,1.9007394e-06,1.1480988e-13,1355.7839,0.034318093,2631.1863,0.031014599,False,-451.07684,721.6088,False,False,False,5.384215,,1841.5925,1681,2366.0806,3.7833147,186.703646441859,,6.257764491033663,,1.9041872,,-6.6115627,,,0,False,228975.0,1712.4479,0.0,3424.8958,0.006238581,53.568428,38124.395,1728,False,False,False,304474.38,65.74773,0.44747126,0.08042274,-0.11868746,0.23370029,0.19016914,0.020204784,False,False,False,False,0.27327105,0.43404648,True,True,61094.26300428771,,27,False,False,False,False,False,False,False,False,False,False,False,False,False,False,False,False,False,False,False,False,False,r
2,61094.2630317597,lsst,186.70350339076032,6.257660969443523,170028528254845662,170046118129304144,0,170028528254845662,1883.5465,482.05222,0,0,0,322783.47,461.54083,True,2026022200356,81,0.0,1.9575766e-06,1.9396539e-06,5.536508e-14,1244.8472,0.034770608,3919.6228,0.03535609,False,81.6561,725.1344,False,False,False,5.6805925,,1774.892,1681,3066.7507,3.181413,186.70357174936746,,6.257809110041442,,1.7865167,,-79.90468,,,0,False,233357.0,1698.4873,0.0,3396.9746,0.0039517344,25.685457,33264.37,1653,False,False,False,320948.56,53.753494,0.19533066,0.2736031,-0.18765302,0.25456178,0.25663215,0.048518486,False,False,False,False,0.042704944,0.35722345,True,True,61094.26468005935,,32,False,False,False,False,False,False,False,False,False,False,False,False,False,False,False,False,False,False,False,False,False,r
3,61095.16648334902,lsst,186.70350444944467,6.257669355070951,170028528254845662,170050503858716739,0,170028528254845662,1245.0443,664.85016,0,0,0,467672.22,662.4219,True,2026022300264,140,0.0,1.5516965e-06,1.5549474e-06,-1.9543156e-14,1517.4255,0.02782296,1791.7461,0.028074104,False,-2483.7168,1068.4598,False,False,False,5.059599,,1773.0453,1681,,,,,,,,,,,,0,False,342244.7,2087.1511,0.0,4174.3022,0.0063227275,-42.960472,53425.39,1716,False,False,False,466661.25,118.75574,,,,0.19962886,0.23196149,0.009133179,True,False,False,False,,0.36050135,True,True,61095.168122129166,,42,False,False,False,False,False,False,False,False,False,False,False,False,False,False,False,False,False,False,False,False,False,i
3,61095.16694971481,lsst,186.70349656499505,6.25765861096067,170028528254845662,170050503993983022,0,170028528254845662,498.0161,677.6389,0,0,0,473351.4,668.0367,True,2026022300265,142,0.0,1.589533e-06,1.5946812e-06,-7.751022e-14,2081.4194,0.02819737,1111.1256,0.029097486,False,-7296.6636,1068.8423,False,False,False,10.337403,,2092.752,1681,,,,,,,,,,,,0,False,411925.78,2506.2627,0.0,5012.5254,0.014149079,105.57357,73662.14,3996,False,False,False,473094.5,148.16606,,,,0.2107065,0.2382023,0.017775927,True,False,False,False,,0.37568578,True,True,61095.168613010625,,39,False,False,False,False,False,False,False,False,False,False,False,False,False,False,False,False,False,False,False,False,False,i
3,61095.167422546074,lsst,186.70349123061328,6.257667385155702,170028528254845662,170050504128724997,0,170028528254845662,2034.8392,703.8141,0,0,0,520031.12,721.42554,True,2026022300266,143,0.0,1.7051864e-06,1.7047896e-06,-3.1624556e-13,222.8996,0.028952528,147.04214,0.03231924,False,1807.9326,1072.2638,False,False,False,15.009307,,2196.127,1681,10284.311,12.827548,186.70335438849347,,6.257838224834282,,1.6762296,,75.53533,,,0,False,430778.38,2580.0608,0.0,5160.1216,0.017925015,-26.249231,65539.96,3219,False,False,False,517927.75,100.71558,0.37236068,0.22887301,0.13133837,0.24039896,0.27032378,0.010391781,False,False,False,False,0.1815871,0.4061507,True,True,61095.16907964169,,39,False,False,False,False,False,False,False,False,False,False,False,False,False,False,False,False,False,False,False,False,False,i
3,61095.1678914384,lsst,186.703495398996,6.257659398944839,170028528254845662,170050504277622880,0,170028528254845662,7963.7974,677.28406,0,0,0,467716.12,665.0245,True,2026022300267,171,0.0,1.6239339e-06,1.6159373e-06,-1.11936e-13,3622.5444,0.028508818,371.96457,0.029800164,False,1486.8243,1077.0558,False,False,False,14.048961,,2044.0283,1681,9990.443,5.1511135,186.70346919554612,,6.25773356835812,,1.2667124,,63.131893,,,0,False,404274.1,2492.3345,0.0,4984.669,0.010645147,-19.345373,75680.33,3978,False,False,False,459560.9,154.18248,0.24880901,0.12566803,0.056640573,0.20197546,0.21981546,-0.00088206644,False,False,False,False,0.06419733,0.4027689,True,True,61095.16945960224,,46,False,False,False,False,False,False,False,False,False,False,False,False,False,False,False,False,False,False,False,False,False,i
3,61095.16835694099,lsst,186.70349206348843,6.257655755393109,170028528254845662,170050504396636249,0,170028528254845662,-3312.483,688.4271,0,0,0,477392.03,671.5784,True,2026022300268,142,0.0,1.655626e-06,1.6897171e-06,2.67159e-13,80.07971,0.031522173,3375.1821,0.02861506,False,-2549.2559,1071.1145,False,False,False,12.987947,,2246.5608,1681,-9793.963,17.860682,186.70361520443197,,6.257785353307633,,1.3889277,,84.57759,,,0,False,405230.12,2623.513,0.0,5247.026,0.018739557,-151.09088,79016.195,3240,False,False,False,480896.66,108.766304,0.207421,0.21255648,0.10226771,0.23670441,0.21738446,0.015213498,False,False,False,False,0.031514607,0.4171053,True,True,61095.16999556696,,42,False,False,False,False,False,False,False,False,False,False,False,False,False,False,False,False,False,False,False,False,False,i
3,61095.16882652985,lsst,186.70350223947105,6.25766427090983,170028528254845662,170050504528756756,0,170028528254845662,212.53665,654.0296,0,0,0,446949.4,645.57043,True,2026022300269,138,0.0,1.8737633e-06,1.8775693e-06,2.6743029e-14,905.4447,0.033865355,899.23596,0.03362376,False,3278.9736,1061.4755,False,False,False,10.479219,,1978.6863,1681,6242.7837,3.4569411,186.70369177563967,,6.257780277664903,,1.3986956,,-18.227646,,,0,False,336201.97,2613.6067,0.0,5227.2134,0.011769784,60.70773,89991.375,1638,False,False,False,446880.7,157.81506,0.1998728,0.2635141,-0.096543305,0.18080671,0.21117081,0.012019331,False,False,False,False,0.14994092,0.429357,True,True,61095.170389842,,28,False,False,False,False,False,False,False,False,False,False,False,False,False,False,False,False,False,False,False,False,False,i
3,61095.169292525316,lsst,186.70349495319803,6.2576609426154075,170028528254845662,170050504658780229,0,170028528254845662,-619.38,675.316,0,0,0,476906.4,665.49097,True,2026022300270,130,0.0,1.6303449e-06,1.6523898e-06,8.50615e-14,1728.8862,0.030041328,1942.6329,0.029038515,False,-4767.871,1061.3215,False,False,False,5.595695,,1979.6006,1681,,,,,,,,,,,,0,False,403508.84,2524.696,0.0,5049.392,0.008216272,144.8917,74455.1,3240,False,False,False,477649.66,148.5064,,,,0.23410146,0.22791898,0.011832386,True,False,False,False,,0.34783694,True,True,61095.17095478352,,38,False,False,False,False,False,False,False,False,False,False,False,False,False,False,False,False,False,False,False,False,False,i
3,61095.17023170012,lsst,186.70350550214926,6.2576708370073035,170028528254845662,170050504925643512,0,170028528254845662,3151.8167,665.3338,0,0,0,458176.0,652.7252,True,2026022300272,127,0.0,1.7833572e-06,1.813612e-06,7.834598e-14,3968.365,0.03281764,2609.869,0.031881973,False,-1954.6978,1065.8884,False,False,False,10.673738,,2059.2734,1681,,,,,,,,,,,,0,False,347577.6,2499.3667,0.0,4998.7334,0.012671983,142.8259,80113.83,1782,False,False,False,455078.47,145.16736,,,,0.21504106,0.20432508,0.017845785,True,False,False,False,,0.3870548,True,True,61095.17186832754,,28,False,False,False,False,False,False,False,False,False,False,False,False,False,False,False,False,False,False,False,False,False,i
3,61095.170699321185,lsst,186.70349404291196,6.257658690604066,170028528254845662,170050505061958125,0,170028528254845662,3691.4927,657.5443,0,0,0,450331.4,645.3199,True,2026022300273,131,0.0,1.7133241e-06,1.6975462e-06,-2.6404746e-14,2911.6467,0.03048254,3897.3838,0.030898944,False,2151.41,1061.5414,False,False,False,8.003061,,1810.5642,1681,5743.0654,0.3469467,186.70330584698382,,6.257692299424302,,1.6009291,,91.13369,,,0,False,366397.22,2571.6465,0.0,5143.293,0.005032162,-72.985085,86560.016,2436,False,False,False,446605.8,164.68488,0.24845238,0.43035075,0.09286217,0.19897813,0.20123464,0.009294475,False,False,False,False,0.9113469,0.3839656,True,True,61095.172322373546,,29,False,False,False,False,False,False,False,False,False,False,False,False,False,False,False,False,False,False,False,False,False,i
3,61095.17117145944,lsst,186.70349541103147,6.2576632345181205,170028528254845662,170050505195127260,0,170028528254845662,8616.071,656.8397,0,0,0,447523.22,646.47766,True,2026022300274,129,0.0,1.7310416e-06,1.737253e-06,1.40910936e-14,3811.7434,0.031304557,1510.1597,0.031126287,False,1586.5836,1063.0137,False,False,False,15.703679,,2070.0378,1681,9645.209,13.389795,186.70353234709225,,6.257721991784689,,0.7546402,,-11.913362,,,0,False,351314.47,2595.8926,0.0,5191.785,0.010963535,46.07339,89697.7,2100,False,False,False,438662.34,129.06967,0.14651926,0.12462873,-0.024044573,0.19660465,0.19017564,0.006792128,False,False,False,False,0.35088378,0.4079666,True,True,61095.17265698843,,30,False,False,False,False,False,False,False,False,False,False,False,False,False,False,False,False,False,False,False,False,False,i
3,61095.17163964722,lsst,186.70349452735056,6.25766589203493,170028528254845662,170050505330918034,0,170028528254845662,2195.9238,673.4261,0,0,0,461750.28,659.7039,True,2026022300275,132,0.0,1.8415558e-06,1.8382295e-06,9.925166e-16,3824.3787,0.033099283,2364.001,0.03315808,False,-323.7719,1068.1869,False,False,False,6.3292623,,1853.8306,1681,,,,,,,,,,,,0,False,356674.53,2496.2834,0.0,4992.567,0.005562211,-91.32671,76734.82,2001,False,False,False,459580.28,119.87245,,,,0.23012844,0.19958787,0.015862862,True,False,False,False,,0.39820328,True,True,61095.17315156583,,29,False,False,False,False,False,False,False,False,False,False,False,False,False,False,False,False,False,False,False,False,False,i
3,61095.17211835103,lsst,186.70348895834098,6.257708544539644,170028528254845662,170050505468281232,0,170028528254845662,5848.519,627.24207,0,0,0,417347.28,618.8754,True,2026022300276,138,0.0,2.0134043e-05,1.9787154e-05,-1.30109725e-11,3243.569,0.3523165,2330.2334,0.36587837,False,5969.506,1058.1108,False,False,False,9.366329,,1834.2278,1681,6100.986,14.444691,186.70348537655056,,6.257703992837452,,1.1796435,,-19.568495,,,0,False,,,,,,,,0,False,False,False,411318.12,168.22289,0.18292189,0.21129414,-0.06818257,0.19350027,0.156088,0.00222729,False,False,False,False,0.06868255,0.42699227,False,False,61095.17366926575,,19,False,False,False,False,False,False,False,False,False,False,False,False,False,False,False,False,False,False,False,False,False,i
3,61095.17258697844,lsst,186.70349457735918,6.257662627549046,170028528254845662,170050505598305009,0,170028528254845662,2903.0562,660.54065,0,0,0,451091.44,646.0229,True,2026022300277,130,0.0,1.7785679e-06,1.8587491e-06,2.2606714e-13,3982.1858,0.034035865,2933.477,0.031385146,False,-36.82738,1063.2642,False,False,False,9.4918165,,1909.9114,1681,,,,,,,,,,,,0,False,354121.7,2548.97,0.0,5097.94,0.008555746,139.48798,83751.836,2100,False,False,False,448178.56,164.06738,,,,0.23803501,0.17525502,0.012074079,True,False,False,False,,0.39627412,True,True,61095.174010034636,,31,False,False,False,False,False,False,False,False,False,False,False,False,False,False,False,False,False,False,False,False,False,i
1,61095.17628284439,lsst,186.70349772014467,6.257670898194421,170028528254845662,170050506270966121,0,170028528254845662,2597.7695,340.23694,0,0,0,149032.53,333.49158,True,2026022300282,133,0.0,1.7429792e-06,1.7356036e-06,-4.86387e-15,3882.7615,0.03121408,1544.4985,0.03137176,False,4135.6196,495.8779,False,False,False,13.940972,,1810.6588,1681,4921.285,0.11808858,186.70369708848327,,6.2576975504499215,,1.795389,,-39.28845,,,0,False,120781.484,681.2997,0.0,1362.5994,0.025276491,63.81539,4044.8625,3564,False,False,False,146374.05,21.536676,0.41597044,0.5304069,-0.14968681,0.3430927,0.28619787,0.054704774,False,False,False,False,0.86403286,0.41432095,True,True,61095.17827362295,,40,False,False,False,False,False,False,False,False,False,False,False,False,False,False,False,False,False,False,False,False,False,g
1,61095.176753759704,lsst,186.70350514336766,6.257673637882605,170028528254845662,170050506405707790,0,170028528254845662,2785.5605,342.7246,0,0,0,153435.1,339.86847,True,2026022300283,134,0.0,1.6511776e-06,1.7046054e-06,4.7620894e-14,812.708,0.030716462,703.3969,0.029644756,False,5243.1777,493.4247,False,False,False,18.384039,,2113.4783,1681,6619.4966,1.6784661,186.70374922896286,,6.257702537873732,,1.8937312,,-30.32021,,,0,False,127324.76,680.0049,0.0,1360.0098,0.03537378,68.84586,3799.497,4284,False,False,False,150597.44,29.2326,0.57419914,0.5565152,-0.17583857,0.35628802,0.30625626,0.049431965,False,False,False,False,0.98391265,0.42037177,True,True,61095.17846742398,,50,False,False,False,False,False,False,False,False,False,False,False,False,False,False,False,False,False,False,False,False,False,g
1,61095.17768942502,lsst,186.70350464632216,6.257674456989599,170028528254845662,170050506649501856,0,170028528254845662,3194.0476,345.2825,0,0,0,153845.39,339.14478,True,2026022300285,87,0.0,1.588669e-06,1.8245238e-06,1.0631419e-13,1763.5049,0.0328959,3515.9749,0.028491534,False,5881.0625,494.2102,False,False,False,20.719517,,2353.7878,1681,,,,,,,,,,,,0,False,130692.44,678.14685,0.0,1356.2937,0.038603302,76.99991,3775.51,4902,False,False,False,150597.05,18.292774,,,,0.36436465,0.30344555,0.044405393,True,False,False,False,,0.42217335,True,True,61095.17962644567,,49,False,False,False,False,False,False,False,False,False,False,False,False,False,False,False,False,False,False,False,False,False,g
1,61095.17815701378,lsst,186.7035021410416,6.257667505580534,170028528254845662,170050506804166807,0,170028528254845662,2597.2554,330.7094,0,0,0,146530.11,327.52686,True,2026022300286,126,0.0,1.5784941e-06,1.85917e-06,7.4229604e-14,2174.536,0.033482246,1215.1736,0.028364057,False,4527.4004,485.89526,False,False,False,19.702188,,2405.6294,1681,,,,,,,,,,,,0,False,123895.82,681.18274,0.0,1362.3655,0.038740855,76.40514,4162.174,4428,False,False,False,143832.5,22.198153,,,,0.33481485,0.2777288,0.048608862,True,False,False,False,,0.4341489,True,True,61095.17996397307,,44,False,False,False,False,False,False,False,False,False,False,False,False,False,False,False,False,False,False,False,False,False,g
1,61095.178626847046,lsst,186.70350201697104,6.257674647764682,170028528254845662,170050506918461485,0,170028528254845662,2697.3984,340.76703,0,0,0,153237.69,338.2523,True,2026022300287,88,0.0,1.6462993e-06,1.7403755e-06,9.455388e-15,1119.4236,0.03130708,1257.4142,0.02960417,False,4129.956,490.80865,False,False,False,16.542112,,2155.5652,1681,,,,,,,,,,,,0,False,130233.625,681.1003,0.0,1362.2006,0.03398293,48.02498,3839.0688,4914,False,False,False,150503.25,18.044888,,,,0.33897507,0.31252852,0.037427492,True,False,False,False,,0.39472163,True,True,61095.18060487026,,46,False,False,False,False,False,False,False,False,False,False,False,False,False,False,False,False,False,False,False,False,False,g
1,61095.179095208645,lsst,186.7035028231834,6.257670966392624,170028528254845662,170050507073126654,0,170028528254845662,5043.452,339.6555,0,0,0,150977.31,332.90674,True,2026022300288,127,0.0,1.6584431e-06,1.66271e-06,2.0278452e-15,1582.6296,0.029909568,3354.1348,0.02982586,False,7083.6895,491.1497,False,False,False,23.3948,,2234.9944,1681,7628.1284,2.3996904,186.7037018936883,,6.257638871070136,,1.1314322,,21.356009,,,0,False,126134.08,681.11804,0.0,1362.2361,0.03290813,92.98423,3999.0952,4488,False,False,False,145781.6,22.041166,0.49314392,0.41395265,0.041418623,0.31668177,0.31447372,0.053261712,False,False,False,False,0.77814496,0.44941327,True,True,61095.18135474266,,52,False,False,False,False,False,False,False,False,False,False,False,False,False,False,False,False,False,False,False,False,False,g
1,61095.18051938188,lsst,186.7034965825915,6.257673336149357,170028528254845662,170050507477876754,0,170028528254845662,2900.221,333.79602,0,0,0,151570.38,330.91916,True,2026022300291,131,0.0,1.6016487e-06,1.7051921e-06,5.916579e-14,2792.852,0.03071748,186.18652,0.02875112,False,3782.3018,482.03146,False,False,False,18.694016,,2168.6814,1681,6486.5596,2.0991805,186.70368292143365,,6.25774101219416,,1.8888092,,-39.26879,,,0,False,125990.19,688.7138,0.0,1377.4276,0.03825264,59.810135,4031.1477,4095,False,False,False,148662.27,22.678242,0.41394877,0.45876545,-0.18265457,0.33403102,0.30083752,0.037324525,False,False,False,False,0.67107326,0.44213432,True,True,61095.18223462419,,40,False,False,False,False,False,False,False,False,False,False,False,False,False,False,False,False,False,False,False,False,False,g
2,61095.18330952338,lsst,186.70350044787443,6.257662639706348,170028528254845662,170050507885248566,0,170028528254845662,-1702.0862,473.65372,0,0,0,300859.25,466.16064,True,2026022300294,140,0.0,1.9062584e-06,1.8706253e-06,2.2390155e-13,2023.3234,0.035053346,1646.7655,0.03284995,False,-1344.2435,750.41266,False,False,False,6.235351,,1745.2085,1681,,,,,,,,,,,,0,False,226908.78,1810.1937,0.0,3620.3875,0.010232739,87.267944,42964.67,1740,False,False,False,302609.4,56.269573,,,,0.20818219,0.18797205,0.0151835,True,False,False,False,,0.44082907,True,True,61095.18492880007,,29,False,False,False,False,False,False,False,False,False,False,False,False,False,False,False,False,False,False,False,False,False,r
2,61095.18377674492,lsst,186.703634066385,6.2576521338049576,170028528254845662,170050508020514872,0,170028528254845662,2810.7673,467.7017,0,0,0,293204.44,457.44348,True,2026022300295,142,0.0,3.9469098e-05,3.4397843e-05,9.868825e-10,2744.3516,0.87642205,1119.6613,0.3443775,False,2213.0388,748.99207,False,False,False,5.7156715,,1693.3429,1681,3122.6145,41.363766,186.70362876871474,,6.257661494977019,,1.7431209,,55.60752,,,0,False,,,,,,,,0,False,False,False,290298.1,40.91346,0.41358197,0.06357857,0.03235576,0.2502781,0.2079369,0.0148033975,False,False,False,False,0.009735417,0.2743922,False,False,61095.18541461802,,18,False,False,False,False,False,False,False,False,False,False,False,False,False,False,False,False,False,False,False,False,False,r
2,61095.1842431432,lsst,186.70349768591691,6.2576595333249525,170028528254845662,170050508155256834,0,170028528254845662,-1500.471,488.36783,0,0,0,328246.62,488.9477,True,2026022300296,143,0.0,1.7624966e-06,1.7433501e-06,4.198618e-13,840.4692,0.033618372,53.008842,0.02931162,False,-3233.5889,748.47595,False,False,False,12.049008,,2196.2583,1681,,,,,,,,,,,,0,False,276949.72,1746.1556,0.0,3492.3113,0.020667564,105.7616,33988.812,3366,False,False,False,329832.94,48.081432,,,,0.25645462,0.20147091,0.0021667848,True,False,False,False,,0.4360979,True,True,61095.18583919986,,41,False,False,False,False,False,False,False,False,False,False,False,False,False,False,False,False,False,False,False,False,False,r
2,61095.18470883084,lsst,186.70349308899375,6.257667571792079,170028528254845662,170050508304678941,0,170028528254845662,895.2676,504.00113,0,0,0,324906.56,507.02667,True,2026022300297,172,0.0,1.67886e-06,1.681318e-06,1.8395497e-13,207.38731,0.031194597,478.40424,0.029256312,False,33.34085,779.17017,False,False,False,12.597838,,2050.7712,1681,,,,,,,,,,,,0,False,272955.34,1770.8512,0.0,3541.7024,0.014286289,101.402596,36529.613,3162,False,False,False,323935.9,57.18799,,,,0.23136002,0.20395926,0.016073273,True,False,False,False,,0.43008763,True,True,61095.18631143507,,34,False,False,False,False,False,False,False,False,False,False,False,False,False,False,False,False,False,False,False,False,False,r
2,61095.185173590166,lsst,186.70349812810406,6.257662854290183,170028528254845662,170050508423168107,0,170028528254845662,1187.9204,497.74387,0,0,0,329305.9,489.8681,True,2026022300298,142,0.0,1.6858733e-06,1.7052114e-06,2.5894898e-13,842.9243,0.031858824,3445.9988,0.029113526,False,259.96158,744.1906,False,False,False,13.43108,,2351.971,1681,,,,,,,,,,,,0,False,282023.78,1715.5472,0.0,3431.0945,0.019633254,80.82243,32352.738,3885,False,False,False,328175.25,39.341537,,,,0.2615216,0.20985074,0.012306406,True,False,False,False,,0.42346632,True,True,61095.1868926365,,40,False,False,False,False,False,False,False,False,False,False,False,False,False,False,False,False,False,False,False,False,False,r
2,61095.18564030556,lsst,186.70349813257116,6.257665133787907,170028528254845662,170050508555288605,0,170028528254845662,-560.76263,487.9727,0,0,0,320213.9,480.96677,True,2026022300299,138,0.0,1.7497289e-06,1.7664493e-06,1.2837561e-13,1388.2839,0.032287594,1121.2737,0.030955685,False,-431.3781,747.1332,False,False,False,5.2521214,,1834.3225,1681,,,,,,,,,,,,0,False,254214.83,1788.1763,0.0,3576.3525,0.0099206595,64.39549,37242.285,2376,False,False,False,320884.7,53.355595,,,,0.23258348,0.21381862,0.010312279,True,False,False,False,,0.45295417,True,True,61095.18726926544,,34,False,False,False,False,False,False,False,False,False,False,False,False,False,False,False,False,False,False,False,False,False,r
2,61095.187043912025,lsst,186.70350056530785,6.2576639381548445,170028528254845662,170050508952698954,0,170028528254845662,1325.7089,497.39468,0,0,0,326632.75,485.497,True,2026022300302,128,0.0,1.6198295e-06,1.7269642e-06,3.0037076e-13,136.35922,0.03194205,3051.3545,0.028184287,False,-30.783115,744.85016,False,False,False,14.845428,,2289.1875,1681,,,,,,,,,,,,0,False,275417.06,1754.5211,0.0,3509.0422,0.021184893,44.996773,34394.953,3444,False,False,False,325330.72,45.457333,,,,0.2627014,0.20851232,0.015685087,True,False,False,False,,0.44453168,True,True,61095.1887163467,,47,False,False,False,False,False,False,False,False,False,False,False,False,False,False,False,False,False,False,False,False,False,r
2,61095.18798341275,lsst,186.7034924404792,6.257659437251427,170028528254845662,170050509222182954,0,170028528254845662,3501.1946,501.6458,0,0,0,332281.6,489.6707,True,2026022300304,130,0.0,1.8363432e-06,1.9049877e-06,1.4131873e-13,108.90501,0.03457499,2134.498,0.032742303,False,2479.6157,750.60834,False,False,False,7.3801103,,1772.208,1681,3553.3245,5.58422,186.70352873451995,,6.25766112016683,,0.85659134,,-23.366516,,,0,False,253793.17,1683.6058,0.0,3367.2117,0.0045166197,59.507217,31030.088,2175,False,False,False,328704.6,32.2289,0.14525549,0.14934976,-0.034683246,0.2709011,0.21454032,0.008901474,False,False,False,False,0.60835904,0.41676018,True,True,61095.18973703262,,36,False,False,False,False,False,False,False,False,False,False,False,False,False,False,False,False,False,False,False,False,False,r
2,61095.189580421094,lsst,186.7035000710546,6.257667513952793,170028528254845662,170050509631651887,0,170028528254845662,-138.75728,517.25665,0,0,0,357547.28,506.9835,True,2026022300307,143,0.0,1.7974811e-06,1.6518691e-06,2.6720078e-14,3913.8875,0.032345437,1360.8263,0.029725796,False,541.60284,749.4818,False,False,False,15.381179,,2162.9253,1681,,,,,,,,,,,,0,False,290473.38,1697.4316,0.0,3394.8633,0.022949565,-1.7206502,27167.512,3060,False,False,False,357651.0,29.975996,,,,0.31074384,0.26777008,-0.0070589837,True,False,False,False,,0.37880418,True,True,61095.191213036516,,34,False,False,False,False,False,False,False,False,False,False,False,False,False,False,False,False,False,False,False,False,False,r
3,61095.19155916102,lsst,186.7035770898317,6.2576266744530376,170028528254845662,170050509761151069,0,170028528254845662,3609.3196,655.495,0,0,0,448726.6,642.93567,True,2026022300308,134,0.0,3.584824e-05,4.929853e-05,6.259565e-10,1859.9027,0.93611574,2213.7258,0.572074,False,1832.7556,1053.5863,False,False,False,5.5757,,1651.943,1681,4182.775,145.58936,186.70356591073966,,6.257669593924953,,1.9057016,,17.479506,,,0,False,,,,,,,,0,False,False,False,445116.75,113.729836,0.48246777,0.059063114,-0.04707625,0.24680264,0.19839011,0.021860067,False,False,False,False,0.22942364,0.14924286,False,False,61095.193102425634,,16,False,False,False,False,False,False,False,False,False,False,False,False,False,False,False,False,False,False,False,False,False,i
3,61095.1920264582,lsst,186.7034948978475,6.257662288075523,170028528254845662,170050509897466267,0,170028528254845662,1455.7723,673.7512,0,0,0,474494.25,662.15125,True,2026022300309,138,0.0,1.7083538e-06,1.8561379e-06,2.3406602e-13,3167.1729,0.03381443,1990.6724,0.030272057,False,-867.99963,1051.9755,False,False,False,6.081878,,1867.4766,1681,4913.125,7.389933,186.70362260293513,,6.257632380095014,,1.9871678,,13.738632,,,0,False,356480.38,2485.0994,0.0,4970.1987,0.00906316,109.35853,71415.484,1872,False,False,False,473003.22,104.21972,0.531288,0.08020994,-0.056373883,0.25437605,0.201386,0.010470012,False,False,False,False,0.48551008,0.3705146,True,True,61095.193495174295,,30,False,False,False,False,False,False,False,False,False,False,False,False,False,False,False,False,False,False,False,False,False,i
3,61095.192494824216,lsst,186.70350149767043,6.257664035523377,170028528254845662,170050510028013947,0,170028528254845662,4071.2156,667.2729,0,0,0,461583.44,654.1819,True,2026022300310,131,0.0,1.8025678e-06,1.858093e-06,7.517188e-14,2474.2415,0.033553928,3207.9167,0.03232503,False,1195.7618,1052.7087,False,False,False,6.812617,,1793.0204,1681,4902.164,9.161879,186.70350066319932,,6.257617554253099,,1.5618747,,-36.734222,,,0,False,331341.22,2429.5564,0.0,4859.113,0.0037990185,-142.21756,72043.195,1587,False,False,False,457380.44,125.71171,0.16995782,0.2599161,-0.12981237,0.22882079,0.1921336,0.010854622,False,False,False,False,0.0023590217,0.37849626,True,True,61095.19405984055,,29,False,False,False,False,False,False,False,False,False,False,False,False,False,False,False,False,False,False,False,False,False,i
3,61095.19296346606,lsst,186.7034972515208,6.257664415217151,170028528254845662,170050510165901416,0,170028528254845662,864.2908,670.84424,0,0,0,464380.66,655.59796,True,2026022300311,138,0.0,1.7632652e-06,2.0180255e-06,2.7391276e-13,751.45593,0.03662459,3560.7014,0.03136718,False,2873.812,1057.8824,False,False,False,7.955127,,1870.7573,1681,,,,,,,,,,,,0,False,344677.25,2546.162,0.0,5092.324,0.012316384,60.082916,78729.42,1716,False,False,False,463554.0,128.59062,,,,0.22821786,0.19868374,0.0065969746,True,False,False,False,,0.41089013,True,True,61095.19453408405,,30,False,False,False,False,False,False,False,False,False,False,False,False,False,False,False,False,False,False,False,False,False,i
3,61095.19343336052,lsst,186.70349217844847,6.257665399310331,170028528254845662,170050510297497728,0,170028528254845662,1524.7933,675.1663,0,0,0,478798.97,663.32025,True,2026022300312,133,0.0,1.9880965e-06,1.9972965e-06,1.268539e-14,2619.6191,0.035961192,656.0022,0.035778806,False,861.2993,1048.8132,False,False,False,7.259078,,1807.9546,1681,4421.1943,1.5033641,186.70349621154355,,6.257865050554293,,1.253461,,85.86372,,,0,False,342354.84,2568.021,0.0,5136.042,0.008357678,32.20906,76113.734,1560,False,False,False,477225.28,105.82491,0.11972917,0.25835347,0.042574182,0.23655157,0.222743,0.024239564,False,False,False,False,0.16432284,0.42307997,True,True,61095.1950092645,,26,False,False,False,False,False,False,False,False,False,False,False,False,False,False,False,False,False,False,False,False,False,i
3,61095.194370831836,lsst,186.70349662680331,6.257667146034741,170028528254845662,170050510563311644,0,170028528254845662,2236.834,687.8133,0,0,0,488184.9,675.5948,True,2026022300314,128,0.0,1.5799031e-06,1.722162e-06,5.0612912e-14,50.071568,0.031012645,863.3626,0.028392581,False,4008.2317,1056.9039,False,False,False,13.688865,,2206.6575,1681,,,,,,,,,,,,0,False,414624.9,2536.6516,0.0,5073.303,0.017307667,46.695248,71032.56,3564,False,False,False,485858.1,83.97646,,,,0.2465818,0.22341692,0.017138856,True,False,False,False,,0.44689333,True,True,61095.19600181956,,40,False,False,False,False,False,False,False,False,False,False,False,False,False,False,False,False,False,False,False,False,False,i
3,61095.19483766307,lsst,186.703493293426,6.257663322689038,170028528254845662,170050510676033597,0,170028528254845662,-782.6215,663.1886,0,0,0,464709.84,652.0933,True,2026022300315,87,0.0,1.7169315e-06,1.6892063e-06,-2.9547071e-15,1354.4088,0.030410685,2171.941,0.03089745,False,-449.6694,1049.2002,False,False,False,8.236012,,1810.8542,1681,,,,,,,,,,,,0,False,391538.7,2540.4688,0.0,5080.9375,0.010710998,49.013172,78087.875,3168,False,False,False,465582.53,127.68237,,,,0.21712877,0.21513827,0.028139891,True,False,False,False,,0.42125908,True,True,61095.19637525361,,40,False,False,False,False,False,False,False,False,False,False,False,False,False,False,False,False,False,False,False,False,False,i
3,61095.199331037744,lsst,186.70349573011097,6.257662273038049,170028528254845662,170050511099658325,0,170028528254845662,8066.736,671.1615,0,0,0,471867.66,657.3813,True,2026022300318,127,0.0,1.6718886e-06,1.6517545e-06,9.5728276e-15,839.2467,0.029720642,2313.8345,0.03009087,False,5946.494,1045.4073,False,False,False,14.141443,,1839.5718,1681,9278.073,5.480758,186.70357731802088,,6.25764900976487,,0.90441066,,-22.352814,,,0,False,386194.47,2567.884,0.0,5135.768,0.008913299,94.15739,78808.21,2808,False,False,False,463635.84,110.10891,0.21191026,0.1470593,-0.020386402,0.21953501,0.21848257,0.022012152,False,False,False,False,0.163256,0.3568585,True,True,61095.20091535302,,42,False,False,False,False,False,False,False,False,False,False,False,False,False,False,False,False,False,False,False,False,False,i
3,61095.199798144764,lsst,186.70349720778214,6.257663105776338,170028528254845662,170050511209234594,0,170028528254845662,8486.813,711.20953,0,0,0,530128.7,705.8092,True,2026022300319,80,0.0,1.3740926e-06,1.7769611e-06,-2.0946142e-13,3987.069,0.03217098,688.9941,0.024506303,False,3787.5647,1042.2211,False,False,False,15.020096,,1884.6066,1681,10433.255,5.5042615,186.70353470415822,,6.257563437554274,,1.2353011,,-16.4281,,,0,False,421779.62,2593.0398,0.0,5186.0796,0.009361645,167.40529,61723.086,2856,False,False,False,521467.7,73.58654,0.29414815,0.14682713,-0.01905172,0.26746592,0.28411588,0.041347023,False,False,False,False,0.2421819,0.36948612,True,True,61095.20136542687,,35,False,False,False,False,False,False,False,False,False,False,False,False,False,False,False,False,False,False,False,False,False,i
3,61095.200265114225,lsst,186.70356396150336,6.257650780392108,170028528254845662,170050511363899438,0,170028528254845662,6606.6494,674.316,0,0,0,473205.7,657.5714,True,2026022300320,119,0.0,2.255409e-05,2.768059e-05,-5.8320654e-11,1461.4536,0.50283426,836.4099,0.4008924,False,3241.4412,1044.5162,False,False,False,10.151647,,1721.9111,1681,7253.7637,76.76659,186.7035759300409,,6.257633934444106,,1.4271604,,-39.119156,,,0,False,,,,,,,,0,False,False,False,466487.94,93.780785,0.3163866,0.19230568,-0.08419317,0.21418886,0.25121498,0.018924536,False,False,False,False,0.0491294,0.21737452,False,False,61095.20180837988,,27,False,False,False,False,False,False,False,False,False,False,False,False,False,False,False,False,False,False,False,False,False,i
3,61095.20126781905,lsst,186.70349736775535,6.257660857873864,170028528254845662,170050511638102033,0,170028528254845662,4864.607,702.33936,0,0,0,518340.53,696.0971,True,2026022300322,130,0.0,1.7986704e-06,1.7134972e-06,-9.2827235e-14,1385.8575,0.030699035,392.363,0.032505255,False,2911.6956,1038.6908,False,False,False,12.253217,,1975.548,1681,7714.4414,2.3796148,186.70363971199805,,6.2575630476871735,,0.75575924,,99.96133,,,0,False,399319.53,2512.8455,0.0,5025.691,0.013006818,120.10589,61814.035,2376,False,False,False,513281.56,75.91619,0.23007174,0.279216,0.005538283,0.25095665,0.27413225,0.018893959,False,False,False,False,0.0059246337,0.40827295,True,True,61095.20280298854,,34,False,False,False,False,False,False,False,False,False,False,False,False,False,False,False,False,False,False,False,False,False,i
1,61095.2032336104,lsst,186.70349696690107,6.257668693458163,170028528254845662,170050511774417542,0,170028528254845662,3478.6895,323.7935,0,0,0,141948.95,316.39572,True,2026022300323,134,0.0,1.7311482e-06,1.8672259e-06,4.499282e-13,3976.4592,0.034849275,3103.447,0.029739007,False,5497.5166,481.75983,False,False,False,18.221836,,2146.4917,1681,6419.881,0.6667155,186.7036683257955,,6.257742043274946,,1.8785578,,-39.46936,,,0,False,116428.72,697.5949,0.0,1395.1898,0.033228856,57.58607,4740.5215,3564,False,False,False,138394.61,33.996765,0.33832943,0.6123345,-0.11420049,0.32706156,0.23108858,0.0156778,False,False,False,False,0.9681893,0.43383896,True,True,61095.20477219198,,38,False,False,False,False,False,False,False,False,False,False,False,False,False,False,False,False,False,False,False,False,False,g
1,61095.203702941995,lsst,186.70350170240582,6.257671688442201,170028528254845662,170050511911256120,0,170028528254845662,1868.7573,318.67502,0,0,0,142986.83,313.05792,True,2026022300324,139,0.0,1.6433642e-06,1.7107183e-06,1.6462722e-13,484.18665,0.031206729,2243.9336,0.029083757,False,2508.8804,468.35663,False,False,False,17.399519,,2209.4524,1681,5627.0845,3.012663,186.70370973956156,,6.257663536247115,,1.6658498,,1.6334199,,,0,False,120241.44,685.75446,0.0,1371.5089,0.034453556,86.21527,4426.2305,4095,False,False,False,141071.0,23.681587,0.43845215,0.26431403,-0.11225425,0.32432163,0.2559937,0.016335009,False,False,False,False,0.27557135,0.43483904,True,True,61095.20539592589,,39,False,False,False,False,False,False,False,False,False,False,False,False,False,False,False,False,False,False,False,False,False,g
1,61095.205102926135,lsst,186.70349967843774,6.257670726744097,170028528254845662,170050512311287846,0,170028528254845662,2254.31,315.2749,0,0,0,136943.02,309.00012,True,2026022300327,134,0.0,1.6853564e-06,1.899445e-06,2.9486873e-13,347.528,0.034638654,1986.5056,0.029793086,False,2724.6768,473.09308,False,False,False,14.482752,,2172.5696,1681,,,,,,,,,,,,0,False,113963.01,700.3799,0.0,1400.7598,0.029428821,68.034195,5045.727,3672,False,False,False,134693.02,35.004948,,,,0.2938448,0.22454429,0.016912276,True,False,False,False,,0.44035944,True,True,61095.20671700616,,36,False,False,False,False,False,False,False,False,False,False,False,False,False,False,False,False,False,False,False,False,False,g
1,61095.20557069903,lsst,186.70350228438204,6.257670186267872,170028528254845662,170050512445505565,0,170028528254845662,3268.8413,321.58456,0,0,0,141897.03,314.87198,True,2026022300328,134,0.0,1.6177554e-06,1.7917324e-06,1.826012e-13,1465.2338,0.032488637,1097.6198,0.02882694,False,4021.7676,474.58627,False,False,False,18.718277,,2159.03,1681,5709.1113,0.49631003,186.70369572849336,,6.2576543179720785,,1.3341111,,-44.424942,,,0,False,115646.76,692.7778,0.0,1385.5555,0.02770803,79.48822,4649.281,3456,False,False,False,138568.9,28.727161,0.30214718,0.38718396,-0.07323721,0.32489216,0.23615117,0.026691468,False,False,False,False,0.30676952,0.44895864,True,True,61095.20727006803,,39,False,False,False,False,False,False,False,False,False,False,False,False,False,False,False,False,False,False,False,False,False,g
1,61095.206972393906,lsst,186.70349950528785,6.2576704875414855,170028528254845662,170050512843964694,0,170028528254845662,1963.8367,309.0338,0,0,0,132597.64,301.0966,True,2026022300331,126,0.0,1.4885873e-06,1.717359e-06,8.910971e-14,2491.357,0.03095701,1923.2981,0.026713641,False,3692.716,473.11197,False,False,False,17.880316,,2435.8376,1681,,,,,,,,,,,,0,False,114492.11,684.42456,0.0,1368.8491,0.029661633,70.88438,5061.677,4551,False,False,False,130630.05,47.357224,,,,0.28576684,0.21849874,0.038494814,True,False,False,False,,0.43940726,True,True,61095.208588524154,,42,False,False,False,False,False,False,False,False,False,False,False,False,False,False,False,False,False,False,False,False,False,g
1,61095.207439466205,lsst,186.70350002948598,6.257668953408323,170028528254845662,170050512958259243,0,170028528254845662,2239.8638,310.91626,0,0,0,134841.9,305.75494,True,2026022300332,88,0.0,1.7643846e-06,1.9247575e-06,4.1612333e-14,1252.6259,0.034636155,1841.418,0.031716138,False,3527.9966,474.31293,False,False,False,15.84321,,1967.953,1681,4495.404,0.23929098,186.70368090191428,,6.257565469959906,,1.2114651,,42.465347,,,0,False,105920.03,700.21655,0.0,1400.4331,0.019075392,122.71226,5140.3613,2730,False,False,False,132521.42,40.41645,0.35204592,0.32176495,0.066665195,0.2829683,0.22580509,0.041816007,False,False,False,False,0.48734787,0.4369322,True,True,61095.209047260956,,40,False,False,False,False,False,False,False,False,False,False,False,False,False,False,False,False,False,False,False,False,False,g
1,61095.2088428691,lsst,186.70349987831412,6.257673534695397,170028528254845662,170050513377165970,0,170028528254845662,2184.582,314.1978,0,0,0,136881.02,307.50464,True,2026022300335,119,0.0,1.6670232e-06,1.7196478e-06,-1.39910115e-14,2490.5972,0.030970564,3383.0007,0.029990772,False,5124.7764,475.41348,False,False,False,18.08985,,2325.5813,1681,6624.3784,3.8279152,186.70371970547964,,6.257746278750772,,2.4437895,,-27.936388,,,0,False,117002.32,687.32635,0.0,1374.6527,0.03272846,58.752884,4853.361,4410,False,False,False,134633.33,43.68521,0.8936487,0.45011908,-0.22245766,0.27385345,0.2528753,0.053609286,False,False,False,False,0.9999999,0.4262462,True,True,61095.210476581815,,48,False,False,False,False,False,False,False,False,False,False,False,False,False,False,False,False,False,False,False,False,False,g
1,61095.20947853092,lsst,186.70359593093468,6.2575897274969,170028528254845662,170050513522393128,0,170028528254845662,4079.1958,301.19647,0,0,0,128265.87,295.94415,True,2026022300336,140,0.0,4.3776377e-05,3.361901e-05,1.0488396e-09,276.1954,0.92440814,2424.6648,0.3612327,False,5234.8174,471.2613,False,False,False,13.20513,,1876.7405,1681,5695.2017,16.914099,186.7035912883529,,6.2575827660040115,,2.7760825,,57.933937,,,0,False,,,,,,,,0,False,False,False,124137.0,31.431911,1.0906669,0.21526553,0.040750977,0.33417928,0.23178346,-0.023495883,False,False,False,False,0.9999943,0.32628077,False,False,61095.21113052928,,35,False,False,False,False,False,False,False,False,False,False,False,False,False,False,False,False,False,False,False,False,False,g
1,61095.20994402708,lsst,186.70349642414683,6.25766914249975,170028528254845662,170050513657135154,0,170028528254845662,1489.9985,296.93628,0,0,0,126698.63,290.8637,True,2026022300337,141,0.0,2.0197797e-06,1.9054853e-06,8.8615763e-13,1893.3999,0.039272856,1872.6995,0.030863533,False,1171.1416,468.1485,False,False,False,9.312948,,1815.3641,1681,2800.927,1.27562,186.7036496617585,,6.2576964472189065,,1.426097,,138.05898,,,0,False,96307.48,718.82245,0.0,1437.6449,0.015838226,63.53002,6215.4487,2046,False,False,False,125183.94,61.52923,0.17451581,0.37775475,0.014319275,0.27071014,0.18583728,-0.015417497,False,False,False,False,0.22166151,0.3877158,True,True,61095.21154695358,,33,False,False,False,False,False,False,False,False,False,False,False,False,False,False,False,False,False,False,False,False,False,g
2,61095.21235168562,lsst,186.70350038689446,6.257658816285202,170028528254845662,170050513928716301,0,170028528254845662,-276.04694,482.80954,0,0,0,328250.97,477.35574,True,2026022300339,147,0.0,1.6956958e-06,1.6017514e-06,1.6479015e-13,520.5857,0.03087606,313.47357,0.028415214,False,2613.4524,731.13434,False,False,False,17.499746,,2653.331,1681,,,,,,,,,,,,0,False,287414.1,1692.7825,0.0,3385.565,0.02633498,93.3673,32264.867,4284,False,False,False,328524.06,42.15309,,,,0.26556987,0.21313024,-0.011831568,True,False,False,False,,0.46962264,True,True,61095.21426478485,,44,False,False,False,False,False,False,False,False,False,False,False,False,False,False,False,False,False,False,False,False,False,r
2,61095.213750600786,lsst,186.70349655746685,6.257662894758678,170028528254845662,170050514345000973,0,170028528254845662,-405.9021,527.79974,0,0,0,361941.56,527.3179,True,2026022300342,173,0.0,1.9664496e-06,1.8472676e-06,4.823055e-13,594.5542,0.036750488,351.04932,0.031741895,False,-446.2234,766.0961,False,False,False,8.80198,,1958.7404,1681,,,,,,,,,,,,0,False,282477.2,1775.4319,0.0,3550.8638,0.01802272,54.8661,28881.35,2550,False,False,False,362332.0,34.189106,,,,0.32095218,0.24420822,-0.015634406,True,False,False,False,,0.42333925,True,True,61095.21560475228,,34,False,False,False,False,False,False,False,False,False,False,False,False,False,False,False,False,False,False,False,False,False,r
2,61095.21421834042,lsst,186.7034951400069,6.257661390613302,170028528254845662,170050514463490103,0,170028528254845662,22.751804,519.78766,0,0,0,365329.34,509.50882,True,2026022300343,143,0.0,1.956511e-06,1.841042e-06,6.2860595e-13,896.03864,0.037196275,3206.6187,0.030887723,False,-302.59222,734.32385,False,False,False,5.717721,,1830.5768,1681,,,,,,,,,,,,0,False,284874.62,1730.2626,0.0,3460.5251,0.010132916,48.485786,26648.674,2625,False,False,False,365218.2,37.877728,,,,0.34033027,0.27021453,-0.03356049,True,False,False,False,,0.39385337,True,True,61095.21588775935,,39,False,False,False,False,False,False,False,False,False,False,False,False,False,False,False,False,False,False,False,False,False,r
2,61095.21468482468,lsst,186.70349700893803,6.2576642551712665,170028528254845662,170050514595610675,0,170028528254845662,1011.3939,514.8948,0,0,0,363003.34,507.2837,True,2026022300344,139,0.0,1.7037921e-06,1.6788227e-06,1.7426911e-13,41.218044,0.03135585,1906.6364,0.029462086,False,453.49564,735.2675,False,False,False,9.387447,,1872.0049,1681,,,,,,,,,,,,0,False,295903.47,1744.3246,0.0,3488.6492,0.012830082,33.921085,28101.508,3192,False,False,False,361703.88,31.963984,,,,0.3176046,0.26192355,-0.0026405342,True,False,False,False,,0.40891778,True,True,61095.21642076636,,41,False,False,False,False,False,False,False,False,False,False,False,False,False,False,False,False,False,False,False,False,False,r
2,61095.21562036784,lsst,186.70349231058458,6.257664508331601,170028528254845662,170050514861424780,0,170028528254845662,420.2569,499.07462,0,0,0,333132.1,480.21222,True,2026022300346,134,0.0,1.8532659e-06,1.8441893e-06,5.5202864e-13,3031.562,0.03584564,1965.3394,0.030475294,False,-289.94107,737.199,False,False,False,6.411617,,1796.754,1681,,,,,,,,,,,,0,False,264039.03,1745.7601,0.0,3491.5203,0.006556687,11.646294,32978.47,2484,False,False,False,332710.78,42.354828,,,,0.27773362,0.22695258,0.009099384,True,False,False,False,,0.44211552,True,True,61095.217335170906,,42,False,False,False,False,False,False,False,False,False,False,False,False,False,False,False,False,False,False,False,False,False,r
2,61095.21608830271,lsst,186.70349435471016,6.257661315927743,170028528254845662,170050514994069570,0,170028528254845662,-424.7344,512.1053,0,0,0,349736.6,492.86285,True,2026022300347,131,0.0,1.7826877e-06,1.7913399e-06,2.2434089e-13,2617.0884,0.03325679,954.9448,0.031002432,False,-2382.3882,733.701,False,False,False,5.169013,,1785.9094,1681,-4564.508,0.8605998,186.70327299081328,,6.257465766871365,,2.8624413,,-43.860863,,,0,False,276106.56,1650.4677,0.0,3300.9353,0.009927681,45.39124,26644.436,2673,False,False,False,350188.78,31.519539,0.2962114,1.2026491,-0.051003862,0.30580774,0.25405404,0.0028279251,False,False,False,False,1.0,0.42417866,True,True,61095.21822914749,,41,False,False,False,False,False,False,False,False,False,False,False,False,False,False,False,False,False,False,False,False,False,r
2,61095.21655394352,lsst,186.70349750779667,6.257663233200745,170028528254845662,170050515133530249,0,170028528254845662,539.4379,510.58456,0,0,0,346678.97,491.53265,True,2026022300348,141,0.0,1.917989e-06,1.9391841e-06,2.2344535e-13,2909.0532,0.035732478,1176.9745,0.033638757,False,-1094.1306,732.46576,False,False,False,6.940775,,1853.5051,1681,,,,,,,,,,,,0,False,280933.94,1785.6028,0.0,3571.2056,0.009811844,41.824017,31984.396,2808,False,False,False,346196.12,34.47386,,,,0.2913742,0.2528522,-0.0012844084,True,False,False,False,,0.43091568,True,True,61095.21833386739,,41,False,False,False,False,False,False,False,False,False,False,False,False,False,False,False,False,False,False,False,False,False,r
2,61095.217020639015,lsst,186.70349310630453,6.257664754579648,170028528254845662,170050515263553773,0,170028528254845662,151.51872,505.12036,0,0,0,344936.78,490.4782,True,2026022300349,133,0.0,1.61433e-06,1.6761289e-06,3.488148e-13,3468.6465,0.031535428,934.79395,0.027567217,False,-625.94666,734.03265,False,False,False,9.798503,,1907.2513,1681,,,,,,,,,,,,0,False,286613.0,1702.9517,0.0,3405.9033,0.011009847,2.4637723,29120.725,3360,False,False,False,344791.06,43.44121,,,,0.30075923,0.23996907,0.010921505,True,False,False,False,,0.41070908,True,True,61095.21875721711,,40,False,False,False,False,False,False,False,False,False,False,False,False,False,False,False,False,False,False,False,False,False,r
2,61095.21808027246,lsst,186.70349653827125,6.257665097337057,170028528254845662,170050515529367597,0,170028528254845662,-424.1565,511.36395,0,0,0,352690.34,497.26773,True,2026022300351,128,0.0,1.6470948e-06,1.9858949e-06,-9.143791e-14,449.47772,0.035754994,2292.1758,0.029596036,False,-164.05045,733.4465,False,False,False,8.536529,,1797.9575,1681,,,,,,,,,,,,0,False,279603.34,1711.4404,0.0,3422.8809,0.015432248,33.35638,28279.87,2688,False,False,False,353004.12,27.340147,,,,0.3048381,0.25712717,0.022044336,True,False,False,False,,0.4394284,True,True,61095.22004993582,,32,False,False,False,False,False,False,False,False,False,False,False,False,False,False,False,False,False,False,False,False,False,r
2,61095.2185456929,lsst,186.7034980363134,6.257664640723735,170028528254845662,170050515642089906,0,170028528254845662,-739.88007,500.94693,0,0,0,345699.7,490.81348,True,2026022300352,87,0.0,1.7304316e-06,1.9369095e-06,-9.806853e-14,2251.1794,0.034919515,2517.7986,0.031067232,False,-669.1253,728.6583,False,False,False,5.8643703,,1817.8317,1681,-2885.5962,9.604427,186.70334545043602,,6.257624614281433,,1.0621558,,-21.99699,,,0,False,258226.81,1703.3329,0.0,3406.6658,0.010868332,66.94168,28900.184,2046,False,False,False,346467.03,31.17395,0.20401026,0.104804635,-0.027750753,0.3058027,0.24147303,0.022358267,False,False,False,False,0.7269317,0.3873714,True,True,61095.22027560002,,32,False,False,False,False,False,False,False,False,False,False,False,False,False,False,False,False,False,False,False,False,False,r
2,61095.288147140636,lsst,186.70349984645497,6.257662990023012,170028528254845662,170050532430839909,0,170028528254845662,300.11734,426.97272,0,0,0,262538.25,424.66235,True,2026022300477,109,0.0,1.7687006e-06,1.7766463e-06,3.0707804e-13,3106.2107,0.03348726,502.7157,0.030311083,False,-2119.151,725.34937,False,False,False,6.6109385,,1899.3606,1681,,,,,,,,,,,,0,False,201819.56,1724.6826,0.0,3449.3652,0.009368801,24.895924,51611.93,1575,False,False,False,262220.06,101.798035,,,,0.17783973,0.137417,-0.010485902,True,False,False,False,,0.3922414,True,True,61095.28965104879,,33,False,False,False,False,False,False,False,False,False,False,False,False,False,False,False,False,False,False,False,False,False,r
