band,mjd,survey_id,ra,dec,oid,measurement_id,parentDiaSourceId,diaObjectId,psfFlux,psfFluxErr,psfFlux_flag,psfFlux_flag_edge,psfFlux_flag_noGoodPixels,scienceFlux,scienceFluxErr,has_stamp,visit,detector,ssObjectId,raErr,decErr,ra_dec_Cov,x,xErr,y,yErr,centroid_flag,apFlux,apFluxErr,apFlux_flag,apFlux_flag_apertureTruncated,isNegative,snr,psfLnL,psfChi2,psfNdata,trailFlux,trailFluxErr,trailRa,trailRaErr,trailDec,trailDecErr,trailLength,trailLengthErr,trailAngle,trailAngleErr,trailChi2,trailNdata,trail_flag_edge,dipoleMeanFlux,dipoleMeanFluxErr,dipoleFluxDiff,dipoleFluxDiffErr,dipoleLength,dipoleAngle,dipoleChi2,dipoleNdata,forced_PsfFlux_flag,forced_PsfFlux_flag_edge,forced_PsfFlux_flag_noGoodPixels,templateFlux,templateFluxErr,ixx,iyy,ixy,ixxPSF,iyyPSF,ixyPSF,shape_flag,shape_flag_no_pixels,shape_flag_not_contained,shape_flag_parent_source,extendedness,reliability,isDipole,dipoleFitAttempted,timeProcessedMjdTai,timeWithdrawnMjdTai,bboxSize,pixelFlags,pixelFlags_bad,pixelFlags_cr,pixelFlags_crCenter,pixelFlags_edge,pixelFlags_nodata,pixelFlags_nodataCenter,pixelFlags_interpolated,pixelFlags_interpolatedCenter,pixelFlags_offimage,pixelFlags_saturated,pixelFlags_saturatedCenter,pixelFlags_suspect,pixelFlags_suspectCenter,pixelFlags_streak,pixelFlags_streakCenter,pixelFlags_injected,pixelFlags_injectedCenter,pixelFlags_injected_template,pixelFlags_injected_templateCenter,glint_trail,band_name
3,61097.20065447445,lsst,150.57565536082612,3.1731821388176775,170059286935240883,170059286935240883,0,170059286935240883,-2134.9443,261.83185,0,0,0,18994.764,259.35645,True,2026022500167,145,0,1.720994e-05,2.0295534e-05,-9.7588075e-12,3575.8572,0.36574876,2099.6577,0.30933586,False,-2485.2073,644.67206,False,False,True,7.941963,,1636.9127,1681,-2100.5818,42.347996,150.57567307753106,,3.173180723609599,,1.0572425,,52.557545,,,0,False,,,,,,,,0,False,False,False,21118.924,18.452396,0.064429805,0.11796293,0.058775313,0.14255248,0.16181107,0.0011311881,False,False,False,False,0.45722726,0.5564816,False,False,61097.202492938144,,17,False,False,False,False,False,False,False,False,False,False,False,False,False,False,False,False,False,False,False,False,False,i
3,61097.208192560196,lsst,150.57564705494926,3.1731594620916765,170059286935240883,170059289083248808,0,170059286935240883,-2358.0647,248.66505,0,0,0,18490.895,243.64395,True,2026022500183,146,0,3.350786e-05,3.3986078e-05,-1.1001322e-11,858.92865,0.61288214,3501.6394,0.6023158,False,-2518.1226,623.6445,False,False,True,9.638206,,1707.8357,1681,-2442.65,8.044655,150.5756556607087,,3.1731654684224453,,0.77969277,,-97.1308,,,0,False,,,,,,,,0,False,False,False,20836.277,17.479029,0.18025707,0.23223755,-0.0083511,0.142736,0.14876202,-0.001119507,False,False,False,False,0.46641126,0.5166991,False,False,61097.21004193186,,18,False,False,False,False,False,False,False,False,False,False,False,False,False,False,False,False,False,False,False,False,False,i
3,61097.2086584045,lsst,150.57564389133918,3.1731911854569153,170059286935240883,170059289219039362,0,170059286935240883,-2610.9495,259.04102,0,0,0,18109.139,255.27757,True,2026022500184,149,0,1.8935249e-05,1.8217961e-05,1.0215356e-11,52.246586,0.3263167,789.8474,0.34254655,False,-2459.928,624.32587,False,False,True,10.029642,,1681.4497,1681,-2499.749,2.2839098,150.57564345772147,,3.173190163178208,,0.5181461,,26.830193,,,0,False,,,,,,,,0,False,False,False,20750.121,14.25778,0.15715472,0.15794694,0.011671164,0.16666496,0.17211157,0.0041941153,False,False,False,False,0.020479523,0.53233844,False,False,61097.210583940076,,17,False,False,False,False,False,False,False,False,False,False,False,False,False,False,False,False,False,False,False,False,False,i
3,61097.21100478902,lsst,150.57566980242095,3.173158312791421,170059286935240883,170059289889603777,0,170059286935240883,-2720.856,244.76477,0,0,0,18047.666,241.98611,True,2026022500189,148,0,1.9156907e-05,1.3811449e-05,5.820716e-11,3790.1423,0.23700432,1259.0724,0.3530261,False,-2921.011,616.6471,False,False,True,11.114082,,1664.9396,1681,-2744.834,3.4557393,150.5756697447758,,3.173161212866914,,0.8713686,,-97.984795,,,0,False,,,,,,,,0,False,False,False,20815.6,20.621786,0.11975205,0.18821776,-0.010829744,0.12829834,0.15200342,-0.008652648,False,False,False,False,0.033579275,0.58386713,False,False,61097.21286994869,,16,False,False,False,False,False,False,False,False,False,False,False,False,False,False,False,False,False,False,False,False,False,i
3,61097.21146852921,lsst,150.57563077298013,3.173141029666444,170059286935240883,170059290023821534,0,170059286935240883,-2646.2173,240.49518,0,0,0,17693.232,236.92844,True,2026022500190,148,0,1.5189441e-05,1.3973937e-05,1.4412585e-11,2310.0603,0.24827719,3361.2551,0.27653474,False,-3171.7512,615.1213,False,False,True,11.031411,,1724.2206,1681,-2741.7063,6.275031,150.57563649205056,,3.173136731080028,,1.032975,,-76.592674,,,0,False,,,,,,,,0,False,False,False,20350.574,24.587215,0.13005935,0.17289147,-0.04889463,0.13110977,0.14294195,-0.0012345691,False,False,False,False,0.03740065,0.552871,False,False,61097.21334217265,,16,False,False,False,False,False,False,False,False,False,False,False,False,False,False,False,False,False,False,False,False,False,i
3,61097.21193425188,lsst,150.57565993292255,3.1731541626700017,170059286935240883,170059290159612109,0,170059286935240883,-2109.5737,244.06818,0,0,0,18704.021,239.79723,True,2026022500191,151,0,2.6075772e-05,3.1538795e-05,-1.6019441e-10,2023.4448,0.58670175,694.05786,0.44580022,False,-2114.0642,614.48474,False,False,True,8.75809,,1683.9884,1681,-2546.0146,16.7037,150.57565370135364,,3.1731525894383488,,1.3919356,,-0.38097453,,,0,False,,,,,,,,0,False,False,False,20850.416,21.418495,0.27661854,0.12882777,0.072894104,0.13157788,0.14148556,0.0008632674,False,False,False,False,0.5519545,0.5565683,False,False,61097.21369090881,,16,False,False,False,False,False,False,False,False,False,False,False,False,False,False,False,False,False,False,False,False,False,i
3,61097.21286825037,lsst,150.5756646083212,3.1731858435959626,170059286935240883,170059290427523287,0,170059286935240883,-2951.9727,240.54198,0,0,0,18010.826,237.60133,True,2026022500193,150,0,1.5377262e-05,1.582981e-05,-1.1362194e-11,3831.488,0.28856432,3257.9607,0.2732705,False,-3233.9976,610.74744,False,False,True,12.164305,,1652.2643,1681,-2661.0798,3.5326571,150.57566367375364,,3.173179546291369,,0.22018644,,-36.321594,,,0,False,,,,,,,,0,False,False,False,21002.475,23.017004,0.1619605,0.15803309,-0.00053574727,0.13387877,0.13128042,0.00522955,False,False,False,False,0.13227396,0.6627877,False,False,61097.2147349626,,16,False,False,False,False,False,False,False,False,False,False,False,False,False,False,False,False,False,False,False,False,False,i
3,61097.2142658738,lsst,150.5756506236839,3.173165911582112,170059286935240883,170059290826506461,0,170059286935240883,-2867.373,232.47,0,0,0,18081.768,227.80325,True,2026022500196,143,0,1.4273178e-05,1.4813398e-05,-3.0729353e-11,3088.023,0.28070635,1342.1569,0.24150567,False,-2694.9683,606.51556,False,False,True,12.499214,,1644.8745,1681,-2903.0598,1.3911269,150.57565139484498,,3.173165586017878,,0.8014947,,-13.661112,,,0,False,,,,,,,,0,False,False,False,20935.273,26.002981,0.15798087,0.117809035,0.022499513,0.112851724,0.12841403,0.0028483237,False,False,False,False,0.05989797,0.55633414,False,False,61097.21602136982,,15,False,False,False,False,False,False,False,False,False,False,False,False,False,False,False,False,False,False,False,False,False,i
3,61097.21473328705,lsst,150.57566664110698,3.173187119914161,170059286935240883,170059290964394150,0,170059286935240883,-3587.714,230.31859,0,0,0,16964.953,227.49849,True,2026022500197,150,0,1.2335348e-05,1.1775048e-05,4.406565e-11,33.41508,0.18071242,407.00244,0.24818146,False,-4344.39,601.719,False,False,True,15.347898,,1673.6445,1681,-3741.4412,1.6123099,150.57566394487444,,3.173182390267142,,0.9359524,,42.94285,,,0,False,,,,,,,,0,False,False,False,20578.63,24.053005,0.121011205,0.20283918,0.009274337,0.11853672,0.14040737,0.0002716242,False,False,False,False,0.18404493,0.7106137,False,False,61097.21645577958,,17,False,False,False,False,False,False,False,False,False,False,False,False,False,False,False,False,False,False,False,False,False,i
3,61097.21519835226,lsst,150.57564286998166,3.1731243044232214,170059286935240883,170059291098611910,0,170059286935240883,-3125.8547,229.89513,0,0,0,16747.766,225.80736,True,2026022500198,150,0,1.3522732e-05,1.341912e-05,2.8104715e-11,2886.4934,0.22290058,1238.8867,0.26072782,False,-2853.9211,602.31165,False,False,True,13.237342,,1654.4832,1681,-3055.4746,0.13616402,150.57564124743396,,3.1731248539333055,,0.6902214,,45.93215,,,0,False,,,,,,,,0,False,False,False,19901.69,22.135092,0.12679219,0.16986752,0.00030028215,0.12434853,0.13220522,-0.0020253246,False,False,False,False,0.075417325,0.6651943,False,False,61097.21699783369,,17,False,False,False,False,False,False,False,False,False,False,False,False,False,False,False,False,False,False,False,False,False,i
3,61097.21566382402,lsst,150.57565021553788,3.1731650349878544,170059286935240883,170059291232829629,0,170059286935240883,-2627.8499,237.37306,0,0,0,18367.002,233.25688,True,2026022500199,150,0,1.8175502e-05,1.8059116e-05,-3.274292e-11,1470.8531,0.3420218,2203.8765,0.30955318,False,-2924.404,596.8867,False,False,True,11.067818,,1734.9193,1681,-2641.2292,2.3137488,150.57564981636983,,3.173159643866676,,0.7790387,,-41.522736,,,0,False,,,,,,,,0,False,False,False,21009.31,20.18694,0.21592703,0.16194049,0.004932207,0.1300807,0.1415188,-0.0037365186,False,False,False,False,0.40549052,0.5642956,False,False,61097.21742857426,,16,False,False,False,False,False,False,False,False,False,False,False,False,False,False,False,False,False,False,False,False,False,i
3,61097.216130944274,lsst,150.57568820559592,3.1731636227797524,170059286935240883,170059291363377383,0,170059286935240883,-2899.727,231.94003,0,0,0,17316.408,229.05376,True,2026022500200,143,0,1.3849522e-05,1.4273238e-05,3.5928618e-11,3495.2432,0.22861105,2139.1938,0.27558136,False,-1252.7457,604.7639,False,False,True,12.674165,,1764.831,1681,-2789.1362,0.20358522,150.57568580978378,,3.1731637676957627,,0.49013442,,-115.311516,,,0,False,,,,,,,,0,False,False,False,20259.693,22.501913,0.13394934,0.14769538,-0.007871555,0.12501857,0.13298786,-0.010385013,False,False,False,False,0.026716728,0.51247895,False,False,61097.217900921656,,16,False,False,False,False,False,False,False,False,False,False,False,False,False,False,False,False,False,False,False,False,False,i
3,61097.21669196607,lsst,150.57565109164,3.1731706887710147,170059286935240883,170059291498643711,0,170059286935240883,-3571.4182,222.99629,0,0,0,17537.447,220.1174,True,2026022500201,145,0,1.0015322e-05,1.1602958e-05,-7.292324e-12,2806.8242,0.21004009,3875.1282,0.17894267,False,-4500.913,593.6877,False,False,True,15.956904,,1766.3026,1681,-3420.3337,0.08153151,150.57565150972337,,3.1731691282554526,,0.5362199,,-0.5068616,,,0,False,,,,,,,,0,False,False,False,21148.252,32.851284,0.1436645,0.12015903,0.004705046,0.12838058,0.11469427,0.0040396354,False,False,False,False,0.021900069,0.7691454,False,False,61097.21860018601,,17,False,False,False,False,False,False,False,False,False,False,False,False,False,False,False,False,False,False,False,False,False,i
3,61097.21715664563,lsst,150.57565941920356,3.1731909659246216,170059286935240883,170059291634958536,0,170059286935240883,-3190.682,218.35571,0,0,0,17580.135,214.515,True,2026022500202,149,0,8.949748e-06,1.0375983e-05,-7.6602865e-12,780.8384,0.18855959,812.9436,0.15912329,False,-2153.191,590.6607,False,False,True,14.577101,,1684.2334,1681,-3101.7068,3.5962045,150.57566129732436,,3.173192385449216,,0.5840838,,-15.248484,,,0,False,,,,,,,,0,False,False,False,20790.133,47.05312,0.11968288,0.0887977,-0.00044369194,0.12728137,0.105625615,0.011483381,False,False,False,False,0.031534575,0.6282606,False,False,61097.21888707027,,15,False,False,False,False,False,False,False,False,False,False,False,False,False,False,False,False,False,False,False,False,False,i
3,61097.21808878737,lsst,150.5756545560146,3.1731642042987174,170059286935240883,170059291902869760,0,170059286935240883,-3349.4194,226.4419,0,0,0,17496.703,222.58244,True,2026022500204,148,0,1.1035527e-05,1.0256814e-05,7.053913e-12,2999.9631,0.18237393,2162.348,0.20080487,False,-2685.5469,589.7811,False,False,True,14.867696,,1716.0658,1681,-3201.291,2.7703981,150.5756515153449,,3.173162018501783,,0.5705868,,46.095253,,,0,False,,,,,,,,0,False,False,False,20902.08,30.96376,0.10759054,0.12744667,0.010640977,0.119527824,0.12647232,0.0069213817,False,False,False,False,0.0060916455,0.6557122,False,False,61097.21998649251,,16,False,False,False,False,False,False,False,False,False,False,False,False,False,False,False,False,False,False,False,False,False,i
3,61097.219018876756,lsst,150.57564296160686,3.1731832557366855,170059286935240883,170059292172878021,0,170059286935240883,-3445.5447,228.02852,0,0,0,17335.605,223.39519,True,2026022500206,151,0,1.2058203e-05,1.2479203e-05,-6.971294e-12,1007.25037,0.2271883,1479.114,0.21453051,False,-3829.4375,590.21356,False,False,True,15.204905,,1787.1946,1681,-3261.5767,0.64173806,150.57564383225684,,3.1731819249069306,,0.45830542,,-27.256357,,,0,False,,,,,,,,0,False,False,False,20800.229,25.664907,0.15509628,0.1369562,-0.00029371103,0.13398297,0.115692735,0.013225881,False,False,False,False,0.08604497,0.70717794,False,False,61097.22070492644,,17,False,False,False,False,False,False,False,False,False,False,False,False,False,False,False,False,False,False,False,False,False,i
3,61097.21948633953,lsst,150.5756535054638,3.1731633406420303,170059286935240883,170059292306571416,0,170059286935240883,-3593.5889,228.44444,0,0,0,17137.408,222.51874,True,2026022500207,150,0,1.1150721e-05,1.05003155e-05,1.1436157e-11,1490.215,0.18342806,139.40895,0.2058695,False,-4158.4883,582.58,False,False,True,15.710996,,1671.2155,1681,-3453.3538,0.5475087,150.57565072207646,,3.173162519941466,,0.6075734,,55.24888,,,0,False,,,,,,,,0,False,False,False,20767.45,22.65529,0.113035776,0.14551555,0.0031225367,0.13138154,0.12554787,-0.0023808384,False,False,False,False,0.00012799907,0.7486254,False,False,61097.221250006005,,17,False,False,False,False,False,False,False,False,False,False,False,False,False,False,False,False,False,False,False,False,False,i
3,61097.219950059705,lsst,150.57565571664884,3.17314143787953,170059286935240883,170059292440789217,0,170059286935240883,-3628.5989,229.45586,0,0,0,17037.115,224.66264,True,2026022500208,150,0,1.1840611e-05,1.1606483e-05,5.5615738e-12,2656.8464,0.20623742,3880.2112,0.21591379,False,-4159.868,586.392,False,False,True,15.704731,,1699.9674,1681,-3478.9004,1.9184711,150.5756518920358,,3.173142123732268,,0.67701423,,-97.13166,,,0,False,,,,,,,,0,False,False,False,20642.79,21.883387,0.14859374,0.17480499,-0.015792876,0.13489515,0.12493856,-0.0036728515,False,False,False,False,0.1767963,0.74815303,False,False,61097.22184598759,,17,False,False,False,False,False,False,False,False,False,False,False,False,False,False,False,False,False,False,False,False,False,i
3,61097.220416401804,lsst,150.5756641936802,3.1731676830482107,170059286935240883,170059292575006884,0,170059286935240883,-3581.8843,233.92381,0,0,0,17107.357,227.35214,True,2026022500209,150,0,1.2673469e-05,1.2777079e-05,-3.9719235e-12,358.57422,0.23196483,1228.0698,0.2261684,False,-5104.899,585.75183,False,False,True,15.129758,,1844.5496,1681,-3370.8328,4.334678,150.57565481878757,,3.17316532963669,,0.59225005,,-32.362404,,,0,False,,,,,,,,0,False,False,False,20668.955,24.129417,0.1905709,0.15999009,0.0015917583,0.13215885,0.13371016,0.0074005094,False,False,False,False,0.28631815,0.7421406,False,False,61097.22219301954,,18,False,False,False,False,False,False,False,False,False,False,False,False,False,False,False,False,False,False,False,False,False,i
3,61097.22088130318,lsst,150.57564846266052,3.173155663105478,170059286935240883,170059292721283263,0,170059286935240883,-3679.6316,234.51562,0,0,0,17274.367,229.67737,True,2026022500210,173,0,9.696628e-06,9.889874e-06,-8.220402e-12,3942.0962,0.18388148,461.65216,0.16850096,False,-3072.9353,591.32135,False,False,True,15.2345705,,1746.7784,1681,-3750.211,8.843501,150.57564255269,,3.173157443637557,,1.0484906,,-69.22515,,,0,False,,,,,,,,0,False,False,False,20952.256,27.735323,0.17954479,0.12737308,-0.048615485,0.1329476,0.13720123,-0.0060190684,False,False,False,False,0.060692046,0.7457753,False,False,61097.22267558586,,18,False,False,False,False,False,False,False,False,False,False,False,False,False,False,False,False,False,False,False,False,False,i
3,61097.22134912446,lsst,150.57564627567837,3.173176158275166,170059286935240883,170059292839772313,0,170059286935240883,-3844.9194,243.00545,0,0,0,17175.66,239.67064,True,2026022500211,143,0,1.171846e-05,1.165127e-05,5.9155168e-12,2047.1498,0.20562986,1651.3113,0.21495816,False,-2785.8757,588.2298,False,False,True,15.830041,,1739.6554,1681,-3906.8225,4.3492856,150.57564605163935,,3.1731767656468395,,0.90909547,,-90.67227,,,0,False,,,,,,,,0,False,False,False,21098.082,17.397171,0.14809833,0.15988332,-0.039092254,0.15449665,0.16007915,0.0009453606,False,False,False,False,0.0017265826,0.6724499,False,False,61097.223188753946,,19,False,False,False,False,False,False,False,False,False,False,False,False,False,False,False,False,False,False,False,False,False,i
3,61097.221816379926,lsst,150.57564380726362,3.1731661171241567,170059286935240883,170059292973990052,0,170059286935240883,-3720.0527,238.38995,0,0,0,17107.66,233.88924,True,2026022500212,143,0,1.1079912e-05,1.1080188e-05,-1.9281495e-12,3300.946,0.200955,794.9642,0.19793367,False,-3103.5737,579.43726,False,False,True,15.657771,,1664.255,1681,-3760.3633,9.021647,150.57564494029953,,3.173165297929336,,0.94833326,,-84.546,,,0,False,,,,,,,,0,False,False,False,20808.982,23.041883,0.15053543,0.13567531,-0.043451693,0.12978709,0.16154413,-0.007606863,False,False,False,False,0.0011244514,0.62185955,False,False,61097.22368593984,,19,False,False,False,False,False,False,False,False,False,False,False,False,False,False,False,False,False,False,False,False,False,i
3,61097.22228151605,lsst,150.57564646957033,3.17314111291472,170059286935240883,170059293111877809,0,170059286935240883,-4080.5537,230.92197,0,0,0,16477.566,227.15248,True,2026022500213,150,0,1.1348956e-05,1.12764565e-05,-9.171869e-12,1847.1746,0.21082558,1814.5314,0.19626091,False,-3803.781,575.3762,False,False,True,17.675426,,1723.8021,1681,-4189.9307,1.2137175,150.5756460102623,,3.173142413879585,,0.84402454,,-77.36801,,,0,False,,,,,,,,0,False,False,False,20571.123,19.895061,0.16820641,0.13481307,-0.02902481,0.13296556,0.16116187,-0.0054092896,False,False,False,False,0.003356206,0.80250007,False,False,61097.224060802284,,20,False,False,False,False,False,False,False,False,False,False,False,False,False,False,False,False,False,False,False,False,False,i
3,61097.22274881901,lsst,150.57566467256814,3.173169459723289,170059286935240883,170059293246095526,0,170059286935240883,-4027.8914,232.64241,0,0,0,16972.467,226.93394,True,2026022500214,150,0,8.787783e-06,8.708223e-06,-3.4952403e-12,374.57074,0.16108164,2687.3887,0.1538404,False,-3836.2336,578.32666,False,False,True,16.941336,,1613.2839,1681,-3766.334,1.0214411,150.57566393797032,,3.1731699302779095,,0.5414814,,-78.87841,,,0,False,,,,,,,,0,False,False,False,20998.465,21.74687,0.12346785,0.10932896,-0.010935901,0.12960495,0.1518737,-0.0041770795,False,False,False,False,0.099942505,0.7279915,False,False,61097.22455507313,,16,False,False,False,False,False,False,False,False,False,False,False,False,False,False,False,False,False,False,False,False,False,i
3,61097.2232146553,lsst,150.57564666128005,3.173162166899633,170059286935240883,170059293376643264,0,170059286935240883,-4433.915,229.95418,0,0,0,16470.35,225.19147,True,2026022500215,143,0,9.204957e-06,8.977631e-06,-6.747519e-12,2406.1956,0.17047276,2480.8215,0.15658854,False,-4522.3066,577.851,False,False,True,19.08858,,1667.638,1681,-4158.3086,0.086560905,150.57564656237358,,3.1731602535608965,,0.5561211,,-109.34793,,,0,False,,,,,,,,0,False,False,False,20887.682,21.868382,0.14411755,0.15425305,-0.012598533,0.13239023,0.1366529,-0.0015180798,False,False,False,False,0.039185453,0.8082702,False,False,61097.22500941108,,18,False,False,False,False,False,False,False,False,False,False,False,False,False,False,False,False,False,False,False,False,False,i
3,61097.22380676943,lsst,150.57566846647308,3.1731742986914635,170059286935240883,170059293511909566,0,170059286935240883,-4240.135,237.51372,0,0,0,16686.639,232.2052,True,2026022500216,145,0,1.27032035e-05,1.0607688e-05,4.66135e-12,3815.874,0.19059995,2436.4333,0.22896178,False,-3643.4517,574.2414,False,False,True,17.784128,,1602.5349,1681,-4292.455,1.0825276,150.5756662854147,,3.1731705927100053,,0.86176753,,74.49224,,,0,False,,,,,,,,0,False,False,False,20948.59,16.876453,0.15173306,0.21618144,0.011765347,0.16677357,0.15175448,0.013626486,False,False,False,False,0.09128993,0.72718424,False,False,61097.2256372666,,20,False,False,False,False,False,False,False,False,False,False,False,False,False,False,False,False,False,False,False,False,False,i
3,61097.22427089328,lsst,150.57564543455882,3.173161663925784,170059286935240883,170059293646651562,0,170059286935240883,-4686.9,236.89214,0,0,0,16134.418,232.69002,True,2026022500217,146,0,9.963188e-06,9.843732e-06,2.8337833e-13,1896.3534,0.17724544,3358.9663,0.1793891,False,-4231.5117,574.15607,False,False,True,19.777798,,1657.8325,1681,-4613.4253,0.51764256,150.575643410732,,3.173160712520527,,0.7050488,,45.196,,,0,False,,,,,,,,0,False,False,False,20850.828,16.30154,0.16374043,0.17690994,0.021311432,0.1707554,0.14961484,0.0068409024,False,False,False,False,0.015928939,0.83082813,False,False,61097.22610574865,,20,False,False,False,False,False,False,False,False,False,False,False,False,False,False,False,False,False,False,False,False,False,i
3,61097.22473727929,lsst,150.57564705431614,3.173157045158409,170059286935240883,170059293780869290,0,170059286935240883,-4224.572,238.80042,0,0,0,16535.54,233.84373,True,2026022500218,146,0,9.646572e-06,1.2216353e-05,-1.1907136e-11,1412.8497,0.22175527,2434.2246,0.17137428,False,-3745.9355,576.37195,False,False,True,17.587423,,1682.4644,1681,-4187.6816,2.1519134,150.57564707958704,,3.173158151853428,,0.7628242,,15.848291,,,0,False,,,,,,,,0,False,False,False,20772.943,15.043351,0.1727629,0.14183675,0.021698149,0.18267035,0.14606622,0.009655617,False,False,False,False,0.0075737406,0.6306553,False,False,61097.22661691878,,21,False,False,False,False,False,False,False,False,False,False,False,False,False,False,False,False,False,False,False,False,False,i
3,61097.2252031954,lsst,150.5756690187934,3.1731518977236126,170059286935240883,170059293916659868,0,170059286935240883,-4571.2466,230.75774,0,0,0,15923.5205,226.01498,True,2026022500219,149,0,1.01734595e-05,9.00608e-06,6.1284432e-12,31.656975,0.16058739,686.2422,0.18453448,False,-4697.419,574.3133,False,False,True,19.622795,,1699.4421,1681,-4567.7104,0.87654513,150.5756673910783,,3.1731506499393496,,0.7463196,,-103.05907,,,0,False,,,,,,,,0,False,False,False,20528.795,16.954714,0.123161964,0.17416932,-0.001267728,0.14904554,0.1564735,0.0065561263,False,False,False,False,0.0027404386,0.8087368,False,False,61097.227005584165,,21,False,False,False,False,False,False,False,False,False,False,False,False,False,False,False,False,False,False,False,False,False,i
3,61097.225666753,lsst,150.5756387541762,3.1731530135662953,170059286935240883,170059294050353326,0,170059286935240883,-4515.531,232.74808,0,0,0,16211.573,228.10304,True,2026022500220,148,0,8.918968e-06,8.424235e-06,2.9298755e-12,2862.1062,0.1507039,2850.2893,0.16150722,False,-3564.5984,579.7263,False,False,True,19.43834,,1625.5511,1681,-4516.322,0.56070733,150.57563718080243,,3.173149242544121,,0.80827445,,70.22988,,,0,False,,,,,,,,0,False,False,False,20756.121,20.734085,0.118753575,0.17946412,0.0024132098,0.14717914,0.15307355,0.013050773,False,False,False,False,0.00017249353,0.78310186,False,False,61097.227509698,,20,False,False,False,False,False,False,False,False,False,False,False,False,False,False,False,False,False,False,False,False,False,i
3,61097.22613228146,lsst,150.57565165547774,3.1731718945965817,170059286935240883,170059294186143927,0,170059286935240883,-4448.306,231.28429,0,0,0,16657.992,227.61145,True,2026022500221,151,0,9.755595e-06,9.206021e-06,4.391423e-12,2634.379,0.16417769,190.01334,0.17715566,False,-4357.6763,580.32684,False,False,True,19.267923,,1734.5536,1681,-4235.417,0.25065482,150.57565212542238,,3.1731677105158793,,0.505877,,37.75371,,,0,False,,,,,,,,0,False,False,False,21144.682,26.150042,0.14387645,0.15374672,0.009982542,0.13129252,0.1537057,0.0076060784,False,False,False,False,0.0069715083,0.8206274,False,False,61097.22796312277,,18,False,False,False,False,False,False,False,False,False,False,False,False,False,False,False,False,False,False,False,False,False,i
3,61097.226604194584,lsst,150.57565795099313,3.173172761085886,170059286935240883,170059294318264494,0,170059286935240883,-4849.3706,230.91399,0,0,0,16084.909,225.31808,True,2026022500222,147,0,8.349856e-06,7.1118043e-06,1.0207344e-11,3001.3284,0.12227764,3465.0427,0.15502729,False,-3921.186,581.0927,False,False,True,20.785444,,1685.7395,1681,-4816.939,2.2811682,150.5756589143286,,3.173169070475041,,0.8496427,,50.244453,,,0,False,,,,,,,,0,False,False,False,20955.408,21.070724,0.10019314,0.15873641,0.018679297,0.14455572,0.1426175,0.013198347,False,False,False,False,0.034131296,0.80975014,False,False,61097.22846557453,,20,False,False,False,False,False,False,False,False,False,False,False,False,False,False,False,False,False,False,False,False,False,i
3,61097.22706884726,lsst,150.57563295485727,3.173171978934979,170059286935240883,170059294454579404,0,170059286935240883,-4319.497,229.84038,0,0,0,16312.035,224.44463,True,2026022500223,151,0,9.705199e-06,9.573918e-06,1.5333701e-12,316.10593,0.17168434,2837.324,0.17548749,False,-4826.8066,579.6439,False,False,True,18.89467,,1716.7101,1681,-4126.382,0.83598137,150.57562922500102,,3.173170183735655,,0.44815573,,-0.5160441,,,0,False,,,,,,,,0,False,False,False,20629.912,27.311209,0.16950554,0.15883826,0.0067846267,0.12867603,0.14600593,0.00096635084,False,False,False,False,0.122924276,0.7802317,False,False,61097.22880352659,,20,False,False,False,False,False,False,False,False,False,False,False,False,False,False,False,False,False,False,False,False,False,i
3,61097.227535715414,lsst,150.5756429019399,3.1731953189750057,170059286935240883,170059294588272822,0,170059286935240883,-4764.6396,224.18842,0,0,0,15824.522,219.44029,True,2026022500224,150,0,8.300226e-06,8.562506e-06,-3.7339892e-12,1981.9609,0.15632786,432.83438,0.1471328,False,-4397.643,571.0145,False,False,True,21.288733,,1764.4905,1681,-4788.9165,0.46801782,150.5756416187169,,3.173193351556645,,0.76239634,,5.4446073,,,0,False,,,,,,,,0,False,False,False,20628.482,19.477814,0.15659986,0.13807778,0.025133178,0.13532345,0.14165595,0.0082583595,False,False,False,False,0.014039992,0.8382693,False,False,61097.22928409086,,19,False,False,False,False,False,False,False,False,False,False,False,False,False,False,False,False,False,False,False,False,False,i
3,61097.22799929998,lsst,150.57565981561322,3.1731629191528383,170059286935240883,170059294722490576,0,170059286935240883,-4617.7305,234.0714,0,0,0,16363.616,228.53781,True,2026022500225,150,0,8.479459e-06,8.125078e-06,6.1504313e-12,1672.562,0.1419006,3968.0598,0.15680268,False,-3867.624,574.715,False,False,True,19.293196,,1847.6444,1681,-4383.244,4.1283636,150.57566067489392,,3.173162122214824,,0.6253277,,7.756389,,,0,False,,,,,,,,0,False,False,False,21024.451,21.074455,0.12894484,0.12305813,0.017382976,0.13618049,0.15909299,0.0034189979,False,False,False,False,0.07625931,0.77591157,False,False,61097.22985595974,,21,False,False,False,False,False,False,False,False,False,False,False,False,False,False,False,False,False,False,False,False,False,i
3,61097.22846708984,lsst,150.57565488437763,3.1731583497185394,170059286935240883,170059294853038251,0,170059286935240883,-4586.5503,237.22218,0,0,0,16165.793,232.08008,True,2026022500226,143,0,8.947932e-06,8.288356e-06,1.6436363e-11,3734.4915,0.13585567,1113.684,0.17250292,False,-4483.2773,581.8053,False,False,True,18.79368,,1575.0474,1681,-4494.6455,4.0729294,150.57565488903543,,3.1731534907337893,,0.8652238,,39.948833,,,0,False,,,,,,,,0,False,False,False,20756.92,18.857227,0.10230948,0.1652775,0.017513968,0.14479963,0.16026665,0.0074487734,False,False,False,False,0.05594135,0.8059461,False,False,61097.2303955622,,20,False,False,False,False,False,False,False,False,False,False,False,False,False,False,False,False,False,False,False,False,False,i
3,61097.228933777384,lsst,150.57564765080664,3.173154142868345,170059286935240883,170059294990925978,0,170059286935240883,-4925.737,241.61377,0,0,0,15850.462,236.68646,True,2026022500227,150,0,9.120976e-06,9.231999e-06,-4.508446e-12,645.74725,0.16961959,129.71057,0.16062729,False,-3527.6223,577.628,False,False,True,20.251984,,1772.0294,1681,-4703.5273,1.1740676,150.57564677212468,,3.1731542736070755,,0.4701114,,-1.7617737,,,0,False,,,,,,,,0,False,False,False,20779.256,13.985167,0.16113243,0.15566953,0.009138407,0.16474216,0.16876094,0.005625559,False,False,False,False,0.01040089,0.7758975,False,False,61097.23075875983,,20,False,False,False,False,False,False,False,False,False,False,False,False,False,False,False,False,False,False,False,False,False,i
3,61097.229400538534,lsst,150.57565293418773,3.173168517327197,170059286935240883,170059295125143700,0,170059286935240883,-5040.0747,244.60672,0,0,0,15867.447,240.67444,True,2026022500228,150,0,9.242485e-06,9.183127e-06,3.9227645e-12,3533.0256,0.16191381,848.6176,0.16972671,False,-4122.664,576.24615,False,False,True,20.52933,,1572.2076,1681,-4880.969,2.024989,150.57565231065036,,3.1731684793150605,,0.6624559,,-87.33811,,,0,False,,,,,,,,0,False,False,False,20952.16,14.097321,0.15810192,0.15936342,-0.019603886,0.17104785,0.17531402,0.005695075,False,False,False,False,0.029697224,0.78959846,False,False,61097.231428858206,,21,False,False,False,False,False,False,False,False,False,False,False,False,False,False,False,False,False,False,False,False,False,i
3,61097.22986895565,lsst,150.57563947708275,3.173168857316001,170059286935240883,170059295259361468,0,170059286935240883,-5100.424,236.34685,0,0,0,15832.585,231.94795,True,2026022500229,150,0,8.754978e-06,8.741423e-06,3.816394e-12,2159.9497,0.15348417,1872.3867,0.16142437,False,-5498.862,574.3944,False,False,True,21.488874,,1676.736,1681,-4957.0386,0.51573825,150.5756401672724,,3.173170008543998,,0.56669647,,-9.525617,,,0,False,,,,,,,,0,False,False,False,20947.375,15.121913,0.17008524,0.16039766,0.013193297,0.15582897,0.17199585,0.010443008,False,False,False,False,0.00026948945,0.82260627,False,False,61097.231780738104,,21,False,False,False,False,False,False,False,False,False,False,False,False,False,False,False,False,False,False,False,False,False,i
3,61097.230964319504,lsst,150.5756568060638,3.173175408646474,170059286935240883,170059295505252490,0,170059286935240883,-4949.4536,254.2119,0,0,0,16081.245,248.35658,True,2026022500231,107,0,1.0948201e-05,1.0448326e-05,-2.3205415e-12,1542.5898,0.18772876,2064.3176,0.19741842,False,-4291.1177,582.1093,False,False,True,19.251041,,1607.1758,1681,-4994.0366,2.1893356,150.57565208994475,,3.1731716750515506,,0.84455264,,74.839066,,,0,False,,,,,,,,0,False,False,False,21037.812,19.633114,0.1826332,0.22142392,0.026098736,0.20400879,0.18382731,0.007547536,False,False,False,False,0.008446006,0.7279006,False,False,61097.23268391321,,21,False,False,False,False,False,False,False,False,False,False,False,False,False,False,False,False,False,False,False,False,False,i
3,61097.23143014299,lsst,150.57563590083572,3.173159484999475,170059286935240883,170059295639470250,0,170059286935240883,-4742.416,249.22375,0,0,0,16109.173,245.60062,True,2026022500232,107,0,1.1872632e-05,1.2236216e-05,1.2776119e-12,4018.8794,0.22052127,2279.2324,0.21355441,False,-5787.012,582.3323,False,False,True,18.948912,,1637.9818,1681,-4861.6987,1.3155715,150.57563187708183,,3.1731542684281946,,0.8894862,,56.345512,,,0,False,,,,,,,,0,False,False,False,20837.377,13.157387,0.23958017,0.24661428,0.03563844,0.2018053,0.1710537,0.0046178945,False,False,False,False,0.3500485,0.7973352,False,False,61097.233474612425,,22,False,False,False,False,False,False,False,False,False,False,False,False,False,False,False,False,False,False,False,False,False,i
3,61097.23189604493,lsst,150.57566385137167,3.173165413433224,170059286935240883,170059295773687980,0,170059286935240883,-5731.2344,244.52815,0,0,0,15372.781,239.53967,True,2026022500233,107,0,7.938702e-06,8.059631e-06,1.6570351e-13,3290.776,0.14516786,1533.335,0.14286703,False,-5860.762,579.96783,False,False,True,23.077497,,1670.9563,1681,-5548.769,2.3747313,150.57566122238225,,3.1731642347776075,,0.5621374,,43.08013,,,0,False,,,,,,,,0,False,False,False,21130.402,13.949116,0.17170495,0.16461776,0.013343961,0.17591277,0.18866532,0.012692028,False,False,False,False,0.027013643,0.8292581,False,False,61097.233964404884,,22,False,False,False,False,False,False,False,False,False,False,False,False,False,False,False,False,False,False,False,False,False,i
3,61097.232364983254,lsst,150.57565292957966,3.173179735229982,170059286935240883,170059295928352932,0,170059286935240883,-5706.0234,239.84581,0,0,0,15359.445,235.62445,True,2026022500234,146,0,8.2761035e-06,8.188057e-06,-1.05193543e-13,2696.4397,0.14745447,49.874454,0.1489713,False,-5288.174,576.48566,False,False,True,23.67303,,1734.3381,1681,-5900.595,1.071812,150.57564902828824,,3.1731773462611206,,0.97732747,,52.769226,,,0,False,,,,,,,,0,False,False,False,21018.592,13.950524,0.15293531,0.16968454,0.045605533,0.18006726,0.17182226,0.0036745009,False,False,False,False,0.029988434,0.8336037,False,False,61097.234458519364,,21,False,False,False,False,False,False,False,False,False,False,False,False,False,False,False,False,False,False,False,False,False,i
3,61097.23283055525,lsst,150.57563469153007,3.1731836121980153,170059286935240883,170059296062570676,0,170059286935240883,-4900.1597,239.5414,0,0,0,15954.471,235.28773,True,2026022500235,146,0,9.0931835e-06,8.892504e-06,-2.9779798e-14,1995.569,0.16014315,2526.2312,0.16368458,False,-4465.456,577.03046,False,False,True,20.350674,,1643.1602,1681,-4806.3687,1.7885092,150.57563389423075,,3.173181011534816,,0.56436783,,48.620834,,,0,False,,,,,,,,0,False,False,False,20872.137,14.326743,0.16640942,0.17033686,0.013781494,0.18116488,0.158062,0.004019533,False,False,False,False,0.00022683792,0.8258158,False,False,61097.234759997446,,20,False,False,False,False,False,False,False,False,False,False,False,False,False,False,False,False,False,False,False,False,False,i
3,61097.2337657407,lsst,150.57564250047344,3.1731601288629667,170059286935240883,170059296332054680,0,170059286935240883,-5305.851,240.65567,0,0,0,15754.307,237.8193,True,2026022500237,148,0,8.796464e-06,9.513254e-06,-1.5961015e-12,2498.935,0.17143777,96.50347,0.1581535,False,-5112.924,579.37445,False,False,True,21.843788,,1754.2013,1681,-5412.599,1.0992328,150.5756416468026,,3.173160610372883,,0.82067055,,56.859333,,,0,False,,,,,,,,0,False,False,False,21116.57,13.4300165,0.1686074,0.20548715,0.024619475,0.18885274,0.16127159,0.006604018,False,False,False,False,0.020307966,0.80231935,False,False,61097.23583190206,,22,False,False,False,False,False,False,False,False,False,False,False,False,False,False,False,False,False,False,False,False,False,i
3,61097.23423172835,lsst,150.5756470592892,3.1731623398214888,170059286935240883,170059296466796702,0,170059286935240883,-6010.5547,238.69958,0,0,0,15007.146,233.79996,True,2026022500238,149,0,6.96389e-06,8.343363e-06,-3.717929e-12,789.8836,0.15093324,3091.992,0.124573246,False,-4415.5747,574.88837,False,False,True,25.289465,,1663.9636,1681,-6140.1426,1.1929603,150.57564649051878,,3.173162352535712,,0.85329616,,-25.688377,,,0,False,,,,,,,,0,False,False,False,20993.53,15.076295,0.19045593,0.13285619,-0.018159667,0.1835591,0.1580175,0.01217924,False,False,False,False,0.012143631,0.8657003,False,False,61097.23615568408,,21,False,False,False,False,False,False,False,False,False,False,False,False,False,False,False,False,False,False,False,False,False,i
3,61097.23469754694,lsst,150.57565535232825,3.1731694495371023,170059286935240883,170059296600490139,0,170059286935240883,-5465.61,243.35373,0,0,0,15601.189,239.90422,True,2026022500239,148,0,9.222843e-06,8.493868e-06,2.9710943e-12,1867.5651,0.15221088,1535.2952,0.16667762,False,-5070.349,576.6551,False,False,True,22.216702,,1699.3218,1681,-5379.6655,0.53746545,150.57565472270562,,3.173170095976824,,0.6675335,,-93.420494,,,0,False,,,,,,,,0,False,False,False,21136.121,14.206956,0.16525348,0.20274608,-0.0061876667,0.18217911,0.1745158,0.0061528436,False,False,False,False,0.0044696606,0.8022709,False,False,61097.23661170243,,21,False,False,False,False,False,False,False,False,False,False,False,False,False,False,False,False,False,False,False,False,False,i
3,61097.23516563969,lsst,150.57564446835363,3.1731536552898563,170059286935240883,170059296736280767,0,170059286935240883,-5640.568,234.6907,0,0,0,15195.358,229.30177,True,2026022500240,151,0,7.139062e-06,7.991551e-06,-3.925911e-12,2584.3826,0.14511955,776.98254,0.1271716,False,-5355.183,576.80005,False,False,True,23.727339,,1716.2074,1681,-5403.1187,0.025444044,150.57564095008286,,3.1731564437207407,,0.62969565,,-10.983501,,,0,False,,,,,,,,0,False,False,False,20858.34,17.57817,0.18772668,0.15311061,0.0027414465,0.16406775,0.1460534,0.002706221,False,False,False,False,0.037342504,0.8565746,False,False,61097.23706765844,,20,False,False,False,False,False,False,False,False,False,False,False,False,False,False,False,False,False,False,False,False,False,i
3,61097.23563217152,lsst,150.57564317560283,3.173169986021308,170059286935240883,170059296868401305,0,170059286935240883,-5443.978,236.582,0,0,0,15436.44,231.72684,True,2026022500241,147,0,8.119534e-06,7.862637e-06,1.4994101e-12,3883.0493,0.14095703,2909.7183,0.14672336,False,-4845.538,577.44006,False,False,True,22.782022,,1756.3679,1681,-5218.5254,0.98286843,150.57564155594616,,3.1731722803482914,,0.5625267,,65.96629,,,0,False,,,,,,,,0,False,False,False,20913.043,15.42799,0.14724348,0.17444721,0.0026454849,0.16425452,0.15787567,0.0060125845,False,False,False,False,7.4960726e-06,0.8188553,False,False,61097.237626215385,,21,False,False,False,False,False,False,False,False,False,False,False,False,False,False,False,False,False,False,False,False,False,i
3,61097.236097991,lsst,150.57565998162605,3.1731611203078978,170059286935240883,170059297003143310,0,170059286935240883,-5360.4624,243.8433,0,0,0,15653.294,240.09459,True,2026022500242,148,0,8.547499e-06,8.140344e-06,3.1288598e-12,482.51465,0.14516072,1627.7828,0.15515967,False,-4965.276,578.72705,False,False,True,21.563372,,1667.5178,1681,-5234.1143,0.30795947,150.5756578316908,,3.173161065265262,,0.63082343,,-63.210083,,,0,False,,,,,,,,0,False,False,False,21069.33,14.857032,0.15520519,0.15104994,-0.017587543,0.17534444,0.18054,0.0024295375,False,False,False,False,0.082883045,0.83763623,False,False,61097.238061894735,,21,False,False,False,False,False,False,False,False,False,False,False,False,False,False,False,False,False,False,False,False,False,i
3,61097.23656441576,lsst,150.57565892937444,3.173174404648065,170059286935240883,170059297137361034,0,170059286935240883,-5745.678,243.8497,0,0,0,15195.604,238.2728,True,2026022500243,148,0,8.617952e-06,8.100263e-06,4.9254234e-12,3456.045,0.14333338,1478.8821,0.15746556,False,-5090.713,572.3886,False,False,True,23.746067,,1704.6884,1681,-5508.668,0.7932207,150.57565554339243,,3.173173695596951,,0.5349132,,-95.70887,,,0,False,,,,,,,,0,False,False,False,20951.723,17.167627,0.16125484,0.18092766,-0.007608937,0.16107997,0.19271111,-0.004789208,False,False,False,False,0.0047517717,0.842607,False,False,61097.23855222018,,21,False,False,False,False,False,False,False,False,False,False,False,False,False,False,False,False,False,False,False,False,False,i
3,61097.23703187594,lsst,150.57566216924573,3.1731697820038893,170059286935240883,170059297271578798,0,170059286935240883,-5839.7173,247.06078,0,0,0,14978.342,241.25417,True,2026022500244,148,0,9.169859e-06,7.926239e-06,1.5177377e-11,2438.5042,0.13341984,2850.6265,0.17269698,False,-6812.929,575.8163,False,False,True,22.94693,,1744.1923,1681,-5928.515,2.5924172,150.5756562182371,,3.1731647430275833,,0.9832583,,-108.51429,,,0,False,,,,,,,,0,False,False,False,20824.195,14.705567,0.14648071,0.23374723,-0.014260436,0.16190326,0.21213643,-0.0066812304,False,False,False,False,0.0012795621,0.84226507,False,False,61097.23905086372,,23,False,False,False,False,False,False,False,False,False,False,False,False,False,False,False,False,False,False,False,False,False,i
3,61097.23749753804,lsst,150.57563607531372,3.1731765292960157,170059286935240883,170059297405796516,0,170059286935240883,-6292.926,238.93973,0,0,0,14221.577,233.74423,True,2026022500245,148,0,7.956547e-06,7.879034e-06,1.0276263e-12,321.91678,0.14115396,3517.3064,0.14392047,False,-6714.532,573.406,False,False,True,26.284616,,1644.1583,1681,-6131.637,0.92643046,150.57563176441838,,3.1731759156849417,,0.41700935,,-90.49743,,,0,False,,,,,,,,0,False,False,False,20570.21,13.5515585,0.19699115,0.20436503,-0.0064220214,0.16649222,0.19804351,-0.0034629889,False,False,False,False,0.045438144,0.858605,False,False,61097.239632288256,,25,False,False,False,False,False,False,False,False,False,False,False,False,False,False,False,False,False,False,False,False,False,i
3,61097.23795917646,lsst,150.57565813581957,3.1731549790834825,170059286935240883,170059297539489976,0,170059286935240883,-6611.35,229.12323,0,0,0,14249.362,224.7981,True,2026022500246,147,0,6.958227e-06,6.053155e-06,1.2516097e-11,2423.3472,0.096409835,3769.5483,0.13516314,False,-6130.8853,578.25854,False,False,True,28.320593,,1663.9208,1681,-6831.437,2.2360494,150.5756577607869,,3.173153588869704,,0.927442,,-114.74351,,,0,False,,,,,,,,0,False,False,False,20941.547,16.641874,0.11701781,0.19661158,-0.010945346,0.14147879,0.17152543,0.0055192886,False,False,False,False,1.5609658e-05,0.8615449,False,False,61097.239879123415,,22,False,False,False,False,False,False,False,False,False,False,False,False,False,False,False,False,False,False,False,False,False,i
3,61097.23842349971,lsst,150.57566316740466,3.1731659450254046,170059286935240883,170059297675280538,0,170059286935240883,-6440.471,231.9117,0,0,0,14225.785,226.55038,True,2026022500247,150,0,7.012312e-06,6.7164606e-06,5.7038163e-12,4058.548,0.115383744,1418.0431,0.13134724,False,-5736.93,572.1942,False,False,True,27.488201,,1639.9401,1681,-6479.0054,1.6613939,150.57565822357773,,3.173164698025233,,0.73926795,,48.355114,,,0,False,,,,,,,,0,False,False,False,20657.736,15.266864,0.14670095,0.19492093,0.0053750323,0.152009,0.18208992,0.0036731092,False,False,False,False,0.0021163102,0.87433904,False,False,61097.240302402315,,22,False,False,False,False,False,False,False,False,False,False,False,False,False,False,False,False,False,False,False,False,False,i
3,61097.238893193,lsst,150.57565407846272,3.173164934162019,170059286935240883,170059297809498269,0,170059286935240883,-6349.5986,228.97176,0,0,0,14456.138,223.30267,True,2026022500248,150,0,7.379603e-06,6.9195044e-06,1.38523065e-11,4052.615,0.10938666,376.48547,0.14563139,False,-6195.3223,572.09753,False,False,True,27.125086,,1695.3683,1681,-6423.9995,2.3244045,150.57565256782974,,3.1731621751614596,,0.8397944,,-126.81715,,,0,False,,,,,,,,0,False,False,False,20829.924,14.847519,0.1316545,0.1971459,-0.0017728067,0.15362038,0.16835387,-0.010278711,False,False,False,False,0.0018080611,0.8657877,False,False,61097.240799152605,,21,False,False,False,False,False,False,False,False,False,False,False,False,False,False,False,False,False,False,False,False,False,i
3,61097.23935848136,lsst,150.57565112761156,3.1731747362799365,170059286935240883,170059297943716025,0,170059286935240883,-6168.0186,223.48712,0,0,0,14833.278,218.74689,True,2026022500249,150,0,6.545779e-06,6.4403957e-06,5.1937794e-12,1708.7495,0.109367155,1962.3309,0.12398731,False,-5220.798,574.30615,False,False,True,27.286121,,1674.2368,1681,-6044.4106,1.4735295,150.57564932689056,,3.173173529188278,,0.6516288,,35.189713,,,0,False,,,,,,,,0,False,False,False,21045.568,19.875452,0.13450518,0.16839534,0.008588234,0.13305634,0.149963,-0.0007023474,False,False,False,False,0.01731244,0.85737514,False,False,61097.241239197014,,21,False,False,False,False,False,False,False,False,False,False,False,False,False,False,False,False,False,False,False,False,False,i
3,61097.23982355084,lsst,150.5756481863616,3.173172466028007,170059286935240883,170059298074263765,0,170059286935240883,-6447.724,227.63144,0,0,0,14714.31,223.94115,True,2026022500250,143,0,6.257448e-06,6.2407194e-06,4.62582e-12,3731.9683,0.10559025,3262.8118,0.11903022,False,-6966.0776,580.5699,False,False,True,28.292583,,1811.0654,1681,-6124.099,0.7674347,150.57564542810204,,3.1731722216589606,,0.41614297,,-127.79652,,,0,False,,,,,,,,0,False,False,False,21186.06,21.00017,0.13627897,0.1507562,-0.0017109117,0.13884251,0.14584915,-0.009927936,False,False,False,False,0.00024120665,0.88814247,False,False,61097.241807111226,,21,False,False,False,False,False,False,False,False,False,False,False,False,False,False,False,False,False,False,False,False,False,i
3,61097.24029005452,lsst,150.57563683196932,3.1731651974942063,170059286935240883,170059298224210081,0,170059286935240883,-5988.5244,230.93022,0,0,0,14876.341,225.82097,True,2026022500251,173,0,6.581075e-06,6.6570046e-06,6.1580767e-12,2831.664,0.11041888,314.97235,0.12736978,False,-5578.7417,595.3087,False,False,True,25.786953,,1623.9072,1681,-5904.248,3.323544,150.57563515125526,,3.173164293676439,,0.6676502,,-119.123665,,,0,False,,,,,,,,0,False,False,False,20978.5,22.368942,0.123638995,0.15601252,-0.011986358,0.13852817,0.14597456,-0.013930864,False,False,False,False,0.0010342433,0.8739356,False,False,61097.24220584576,,20,False,False,False,False,False,False,False,False,False,False,False,False,False,False,False,False,False,False,False,False,False,i
3,61097.24075844562,lsst,150.57566385714517,3.1731860112083337,170059286935240883,170059298342174925,0,170059286935240883,-6433.061,219.90886,0,0,0,14443.374,215.2266,True,2026022500252,142,0,5.7978523e-06,5.7866487e-06,-3.2171786e-13,4036.8718,0.10473736,1972.5403,0.1037896,False,-6266.7974,577.7889,False,False,True,28.939077,,1760.1942,1681,-5977.781,0.14257438,150.57566326384162,,3.173184292528929,,0.3262478,,-9.115498,,,0,False,,,,,,,,0,False,False,False,20918.621,20.301292,0.13848543,0.13731913,0.0044839084,0.12877019,0.1314133,-0.0026112504,False,False,False,False,0.011655888,0.8919815,False,False,61097.24264155133,,19,False,False,False,False,False,False,False,False,False,False,False,False,False,False,False,False,False,False,False,False,False,i
3,61097.24122591873,lsst,150.5756511542884,3.173168945995993,170059286935240883,170059298492121271,0,170059286935240883,-6364.5815,217.63531,0,0,0,14494.412,212.73561,True,2026022500253,172,0,5.273935e-06,5.2047385e-06,-1.2004156e-12,3767.7036,0.09643485,1623.6075,0.092223614,False,-6553.584,583.4125,False,False,True,28.431126,,1734.7799,1681,-6086.3066,1.1239045,150.57565059156158,,3.173166633887551,,0.609354,,-115.483925,,,0,False,,,,,,,,0,False,False,False,20886.535,31.262112,0.11644869,0.13526839,-0.013766413,0.12509233,0.11507507,-0.011123666,False,False,False,False,0.006925361,0.90709877,False,False,61097.243038965695,,19,False,False,False,False,False,False,False,False,False,False,False,False,False,False,False,False,False,False,False,False,False,i
3,61097.24169506251,lsst,150.5756495424532,3.173168120569123,170059286935240883,170059298610610370,0,170059286935240883,-6877.184,211.10648,0,0,0,14141.937,207.4193,True,2026022500254,142,0,4.716211e-06,4.6989685e-06,-1.9382209e-13,2581.4011,0.08511111,2575.658,0.0843716,False,-6146.428,581.8906,False,False,True,32.010468,,1645.0548,1681,-6303.431,0.46468726,150.57565049110553,,3.1731685323598575,,0.14978771,,-49.035458,,,0,False,,,,,,,,0,False,False,False,21096.646,24.121101,0.10506381,0.1032457,0.00023880818,0.11473432,0.11633846,-0.009824369,False,False,False,False,0.027644934,0.8961536,False,False,61097.243439911326,,18,False,False,False,False,False,False,False,False,False,False,False,False,False,False,False,False,False,False,False,False,False,i
3,61097.24215983966,lsst,150.57565405489515,3.173166515131664,170059286935240883,170059298760556700,0,170059286935240883,-6738.7354,213.01587,0,0,0,14240.549,207.62802,True,2026022500255,172,0,4.850851e-06,4.7120157e-06,-1.225e-12,690.5174,0.0886521,1328.2343,0.08348806,False,-6713.0146,584.62854,False,False,True,30.841246,,1624.5005,1681,-6452.302,2.2296202,150.5756540023668,,3.1731672935316393,,0.63964117,,-103.73219,,,0,False,,,,,,,,0,False,False,False,21028.893,30.284409,0.106313616,0.10556428,-0.018809639,0.11646593,0.1045977,-0.012490912,False,False,False,False,0.0047637955,0.9048109,False,False,61097.24382461757,,18,False,False,False,False,False,False,False,False,False,False,False,False,False,False,False,False,False,False,False,False,False,i
3,61097.24262894346,lsst,150.57564487562175,3.1731659979957674,170059286935240883,170059298879045805,0,170059286935240883,-6798.227,211.72229,0,0,0,14059.349,207.78206,True,2026022500256,142,0,4.9538903e-06,4.8190536e-06,-9.571252e-13,44.110256,0.09005088,2045.415,0.08583458,False,-7165.911,580.7735,False,False,True,31.672546,,1638.2349,1681,-6168.7275,0.6614135,150.57564493199695,,3.1731659396185723,,0.26315862,,-49.114952,,,0,False,,,,,,,,0,False,False,False,20942.137,23.60063,0.11287708,0.10763293,0.0013105286,0.11965372,0.11477761,0.00032508312,False,False,False,False,0.010281575,0.90050775,False,False,61097.24439555466,,18,False,False,False,False,False,False,False,False,False,False,False,False,False,False,False,False,False,False,False,False,False,i
3,61097.24309586386,lsst,150.57565138751573,3.173172043329772,170059286935240883,170059299013263541,0,170059286935240883,-6930.503,216.90303,0,0,0,13984.891,213.50867,True,2026022500257,142,0,5.0615213e-06,5.466435e-06,2.4652936e-12,1523.3885,0.08905439,1693.0648,0.10026857,False,-6482.5376,578.6311,False,False,True,31.655499,,1663.0613,1681,-6674.0903,1.0807695,150.57565111522536,,3.17317150675984,,0.583393,,-135.73183,,,0,False,,,,,,,,0,False,False,False,21020.14,21.325172,0.11893012,0.14237413,-0.009596576,0.12927303,0.12580496,0.0038111818,False,False,False,False,0.001898018,0.90445787,False,False,61097.24483132576,,19,False,False,False,False,False,False,False,False,False,False,False,False,False,False,False,False,False,False,False,False,False,i
3,61097.243565053366,lsst,150.5756594063891,3.1731667503699534,170059286935240883,170059299147481324,0,170059286935240883,-6895.6343,216.17052,0,0,0,14056.143,212.99023,True,2026022500258,142,0,4.869498e-06,5.0007084e-06,6.0908575e-13,3767.4954,0.08718652,3642.4788,0.09049956,False,-6841.5664,575.74133,False,False,True,31.11141,,1642.2177,1681,-6350.2866,0.6507222,150.57565918401517,,3.1731668544626572,,0.30913192,,-5.781506,,,0,False,,,,,,,,0,False,False,False,21033.688,25.040485,0.11273978,0.11743525,0.0033193082,0.11718749,0.124330275,0.015174013,False,False,False,False,0.006639297,0.8933434,False,False,61097.24539415015,,18,False,False,False,False,False,False,False,False,False,False,False,False,False,False,False,False,False,False,False,False,False,i
3,61097.244500359084,lsst,150.57564498022523,3.173178496995822,170059286935240883,170059299415916719,0,170059286935240883,-6544.9263,223.18544,0,0,0,14462.924,219.63489,True,2026022500260,142,0,5.664763e-06,5.4780485e-06,-6.384014e-13,93.39112,0.10222978,2937.5784,0.09835701,False,-6064.7104,579.2168,False,False,True,28.507902,,1647.8324,1681,-6496.449,3.789904,150.57564740167382,,3.173177012345889,,0.8269968,,-36.992367,,,0,False,,,,,,,,0,False,False,False,21084.807,19.482555,0.13987228,0.12283227,0.03144379,0.12735613,0.14286488,0.018852554,False,False,False,False,0.0026107838,0.8993048,False,False,61097.24632973707,,18,False,False,False,False,False,False,False,False,False,False,False,False,False,False,False,False,False,False,False,False,False,i
3,61097.245525949475,lsst,150.57564605836217,3.1731760690495046,170059286935240883,170059299688546503,0,170059286935240883,-6993.2197,225.75827,0,0,0,14032.338,221.57298,True,2026022500262,150,0,5.684286e-06,5.8839205e-06,-4.879768e-12,3233.226,0.11165547,1944.4835,0.09606297,False,-6724.3643,574.91064,False,False,True,30.519808,,1678.9679,1681,-6598.79,0.42990175,150.57564621943808,,3.1731746095109368,,0.54543984,,-46.046764,,,0,False,,,,,,,,0,False,False,False,21127.062,18.249725,0.15667477,0.13152125,-0.0035202436,0.15474166,0.1260348,0.0045777857,False,False,False,False,0.0024490373,0.8961496,False,False,61097.24736862236,,20,False,False,False,False,False,False,False,False,False,False,False,False,False,False,False,False,False,False,False,False,False,i
3,61097.245992478274,lsst,150.57564989708305,3.1731609525768287,170059286935240883,170059299822764225,0,170059286935240883,-6967.4873,213.88693,0,0,0,13924.407,209.4641,True,2026022500263,150,0,4.8023203e-06,4.893552e-06,-3.4465146e-12,3275.1606,0.09349318,902.41473,0.08059166,False,-6542.192,571.3648,False,False,True,32.2912,,1692.9882,1681,-6553.707,2.0649996,150.57564998564771,,3.173161119191062,,0.5216839,,-30.553728,,,0,False,,,,,,,,0,False,False,False,20957.426,22.377419,0.122980714,0.10051715,0.0043955245,0.13043651,0.1141016,0.004964059,False,False,False,False,0.022383602,0.89178,False,False,61097.24776457147,,18,False,False,False,False,False,False,False,False,False,False,False,False,False,False,False,False,False,False,False,False,False,i
3,61097.24645790426,lsst,150.5756600161479,3.173168931213387,170059286935240883,170059299956981937,0,170059286935240883,-7166.613,216.14435,0,0,0,13742.5625,210.56241,True,2026022500264,150,0,5.2784358e-06,5.301319e-06,-4.917584e-12,856.49744,0.103238344,2368.7317,0.08648797,False,-7135.189,575.9803,False,False,True,32.52351,,1709.4915,1681,-6996.1006,0.25336474,150.57565950591706,,3.1731695178551607,,0.67511773,,-45.422157,,,0,False,,,,,,,,0,False,False,False,20935.322,21.927721,0.15665409,0.11532595,-0.00086328085,0.12983178,0.11911493,0.007802549,False,False,False,False,0.026297705,0.9114913,False,False,61097.24816760083,,19,False,False,False,False,False,False,False,False,False,False,False,False,False,False,False,False,False,False,False,False,False,i
3,61097.24692304268,lsst,150.575655783174,3.173170021325807,170059286935240883,170059300087529682,0,170059286935240883,-7274.5,224.47755,0,0,0,13703.157,221.05936,True,2026022500265,143,0,5.051995e-06,5.0651715e-06,9.529591e-13,2821.212,0.089321546,3556.183,0.092798516,False,-7816.5225,578.8847,False,False,True,32.076828,,1611.1895,1681,-6657.963,1.7681763,150.57565633757682,,3.1731698829452917,,0.4142871,,9.803394,,,0,False,,,,,,,,0,False,False,False,21025.092,21.55145,0.123394504,0.12946951,0.0067479736,0.13377726,0.1401471,0.0076532736,False,False,False,False,0.020045523,0.89286256,False,False,61097.248775240194,,19,False,False,False,False,False,False,False,False,False,False,False,False,False,False,False,False,False,False,False,False,False,i
3,61097.24739162343,lsst,150.57565103255718,3.173169532862527,170059286935240883,170059300237475989,0,170059286935240883,-7693.6616,230.84589,0,0,0,13167.607,224.9671,True,2026022500266,173,0,5.4376155e-06,5.621562e-06,5.5465363e-12,1863.2002,0.089895345,562.2578,0.10842434,False,-7575.3184,594.92285,False,False,True,33.30801,,1556.5067,1681,-7465.7534,1.0472554,150.57565002885852,,3.1731682228315043,,0.6129098,,34.988323,,,0,False,,,,,,,,0,False,False,False,20879.078,19.17185,0.13263929,0.16554527,0.0027689054,0.13401076,0.15350696,-0.0060314187,False,False,False,False,0.004938152,0.89943767,False,False,61097.249229352106,,21,False,False,False,False,False,False,False,False,False,False,False,False,False,False,False,False,False,False,False,False,False,i
3,61097.24785661882,lsst,150.57564336557755,3.1731641565767723,170059286935240883,170059300355440811,0,170059286935240883,-7067.992,237.36299,0,0,0,13831.441,232.64252,True,2026022500267,142,0,6.1960745e-06,6.4278383e-06,4.9630304e-12,3203.2266,0.10596837,2070.7588,0.12082966,False,-7086.1685,579.8514,False,False,True,29.584478,,1537.8611,1681,-6710.5596,0.49633166,150.57564421712271,,3.1731633718715604,,0.5703535,,-135.81815,,,0,False,,,,,,,,0,False,False,False,20906.734,15.586499,0.14425787,0.1718668,-0.003646903,0.15043242,0.16826841,0.00017877045,False,False,False,False,0.00026027538,0.8787115,False,False,61097.24978260172,,22,False,False,False,False,False,False,False,False,False,False,False,False,False,False,False,False,False,False,False,False,False,i
3,61097.248322646155,lsst,150.57564588525116,3.1731723612542475,170059286935240883,170059300505387179,0,170059286935240883,-7070.959,221.40913,0,0,0,13891.13,216.53894,True,2026022500268,172,0,5.171512e-06,5.396532e-06,2.8919731e-12,2742.2556,0.08964193,1705.5466,0.10041093,False,-6317.145,584.63214,False,False,True,31.493217,,1507.8832,1681,-6749.1997,0.59024686,150.57564530776585,,3.173172225291407,,0.4924776,,-105.4432,,,0,False,,,,,,,,0,False,False,False,20992.36,27.29021,0.12946004,0.13263057,-0.01046969,0.117484026,0.14555006,-0.0010598727,False,False,False,False,4.2336567e-05,0.8773876,False,False,61097.250114625196,,19,False,False,False,False,False,False,False,False,False,False,False,False,False,False,False,False,False,False,False,False,False,i
3,61097.24879024207,lsst,150.5756531636899,3.1731702213621853,170059286935240883,170059300623876284,0,170059286935240883,-7424.9478,220.38477,0,0,0,13491.474,215.28642,True,2026022500269,142,0,5.2676924e-06,5.351219e-06,8.140269e-13,1721.4819,0.093963176,2602.2756,0.09717258,False,-8341.093,579.11145,False,False,True,33.088215,,1743.1116,1681,-6968.778,0.014575813,150.5756530513493,,3.1731689682247106,,0.36126247,,-127.69145,,,0,False,,,,,,,,0,False,False,False,20943.068,17.74965,0.13808109,0.14621544,-0.0037980792,0.13555089,0.13824256,-0.0060608224,False,False,False,False,0.0050244876,0.9072962,False,False,61097.250657909455,,20,False,False,False,False,False,False,False,False,False,False,False,False,False,False,False,False,False,False,False,False,False,i
3,61097.24925680821,lsst,150.57565157280183,3.1731713092514218,170059286935240883,170059300773298337,0,170059286935240883,-7209.7583,225.15295,0,0,0,13702.853,220.63498,True,2026022500270,171,0,5.567639e-06,5.306988e-06,-2.0791552e-12,3910.3374,0.101967864,1262.3494,0.0937277,False,-7207.414,589.6796,False,False,True,31.547375,,1624.8685,1681,-6838.4365,0.10729547,150.57565265641745,,3.1731710744203405,,0.48984042,,-84.03266,,,0,False,,,,,,,,0,False,False,False,20979.549,20.309847,0.15158899,0.13649772,-0.0071957563,0.12823607,0.13819662,-0.0019079022,False,False,False,False,0.021775724,0.88372105,False,False,61097.25110181671,,20,False,False,False,False,False,False,False,False,False,False,False,False,False,False,False,False,False,False,False,False,False,i
3,61097.249726887734,lsst,150.57564881491717,3.173166253440337,170059286935240883,170059300891787441,0,170059286935240883,-7565.62,229.58395,0,0,0,13408.04,224.87646,True,2026022500271,141,0,5.3649433e-06,5.1463135e-06,-1.3555034e-12,3437.9038,0.097583756,1947.4884,0.09155925,False,-6560.325,582.20807,False,False,True,32.61023,,1699.8153,1681,-7220.495,0.67993754,150.57564912306637,,3.1731649725252744,,0.58379745,,-26.614862,,,0,False,,,,,,,,0,False,False,False,20981.375,16.97362,0.14765891,0.14106727,0.014710807,0.14713706,0.1494975,0.010443603,False,False,False,False,0.0026320193,0.89627874,False,False,61097.25155856287,,21,False,False,False,False,False,False,False,False,False,False,False,False,False,False,False,False,False,False,False,False,False,i
3,61097.250194829656,lsst,150.5756609633201,3.173165625246374,170059286935240883,170059301026529434,0,170059286935240883,-7492.6973,229.80835,0,0,0,13394.89,225.96663,True,2026022500272,142,0,5.563104e-06,5.5076816e-06,-2.9968055e-13,700.22925,0.10030056,1670.091,0.098968096,False,-6786.1567,586.4576,False,False,True,32.76724,,1646.6967,1681,-7099.5366,0.022764983,150.5756603857397,,3.173165128206451,,0.462857,,-109.50678,,,0,False,,,,,,,,0,False,False,False,20957.14,18.03477,0.14951046,0.1471245,-0.009180166,0.14755443,0.14374125,0.0042823255,False,False,False,False,0.0012225446,0.89333695,False,False,61097.25188845646,,22,False,False,False,False,False,False,False,False,False,False,False,False,False,False,False,False,False,False,False,False,False,i
3,61097.25066211226,lsst,150.57565145764528,3.173170077288275,170059286935240883,170059301160747232,0,170059286935240883,-7791.805,223.80498,0,0,0,13261.789,219.37517,True,2026022500273,142,0,4.656839e-06,4.5251995e-06,-4.644567e-13,2846.3696,0.08410961,3724.8374,0.08118291,False,-7591.829,587.13416,False,False,True,34.352318,,1639.8501,1681,-7274.0234,1.1105386,150.57565125442994,,3.173170818860716,,0.4349989,,-18.693155,,,0,False,,,,,,,,0,False,False,False,21113.436,22.167583,0.122541815,0.12681587,0.007908106,0.13685122,0.13519475,0.011390372,False,False,False,False,0.023382174,0.922083,False,False,61097.25234213573,,19,False,False,False,False,False,False,False,False,False,False,False,False,False,False,False,False,False,False,False,False,False,i
3,61097.251131012905,lsst,150.57564939201185,3.1731626931679435,170059286935240883,170059301294964923,0,170059286935240883,-7886.077,228.58081,0,0,0,13125.791,223.30792,True,2026022500274,142,0,5.233044e-06,5.159424e-06,-2.404111e-13,1150.3005,0.09429225,3923.6292,0.09280242,False,-6958.8833,587.0987,False,False,True,33.932915,,1686.1155,1681,-7826.7153,1.341099,150.57565076540968,,3.173162383449507,,0.8272978,,-29.394526,,,0,False,,,,,,,,0,False,False,False,21040.623,18.19078,0.14694867,0.14663188,0.032137,0.1418259,0.15271579,0.013726381,False,False,False,False,3.9216317e-05,0.9107548,False,False,61097.25303329875,,21,False,False,False,False,False,False,False,False,False,False,False,False,False,False,False,False,False,False,False,False,False,i
3,61097.25159683409,lsst,150.57565353825706,3.1731729084426683,170059286935240883,170059301428658361,0,170059286935240883,-8157.0645,220.05981,0,0,0,12945.687,216.17708,True,2026022500275,141,0,4.436368e-06,4.417994e-06,-4.5891422e-14,3440.28,0.07985498,2836.0068,0.07953231,False,-7882.0405,583.371,False,False,True,37.025658,,1850.3638,1681,-7713.589,0.2746306,150.57565390372727,,3.1731721775016184,,0.39673126,,-96.39629,,,0,False,,,,,,,,0,False,False,False,21158.447,19.257614,0.12823182,0.117594406,-0.0041934163,0.13035822,0.1422388,0.009189691,False,False,False,False,0.032332752,0.9175031,False,False,61097.253507219466,,20,False,False,False,False,False,False,False,False,False,False,False,False,False,False,False,False,False,False,False,False,False,i
3,61097.252134011025,lsst,150.57565404495963,3.1731678062082276,170059286935240883,170059301563924637,0,170059286935240883,-7581.416,238.31111,0,0,0,13305.469,234.13358,True,2026022500276,143,0,5.879247e-06,5.907275e-06,4.860711e-12,3033.4688,0.098342024,1264.384,0.11330121,False,-7392.9165,591.73236,False,False,True,31.228476,,1645.3491,1681,-7461.7676,0.39103958,150.57565326597253,,3.173167289143836,,0.69486046,,-111.507935,,,0,False,,,,,,,,0,False,False,False,20962.531,15.055397,0.14975655,0.17818895,-0.01636846,0.1527158,0.1768863,-0.0004976788,False,False,False,False,0.00010407719,0.88169485,False,False,61097.25398517139,,22,False,False,False,False,False,False,False,False,False,False,False,False,False,False,False,False,False,False,False,False,False,i
3,61097.25306716746,lsst,150.57565421479254,3.173162862637026,170059286935240883,170059301836030109,0,170059286935240883,-8114.376,225.69673,0,0,0,12728.928,220.98035,True,2026022500278,150,0,4.5682823e-06,4.6289197e-06,1.164635e-12,169.09163,0.08038498,2452.83,0.08513035,False,-8264.089,585.7008,False,False,True,35.748173,,1747.7402,1681,-7576.531,1.459923,150.5756543071827,,3.173163072804889,,0.3267334,,-114.15703,,,0,False,,,,,,,,0,False,False,False,20888.54,23.478163,0.1278547,0.1329918,-0.0037441312,0.12981309,0.15357628,-0.002586266,False,False,False,False,0.022173073,0.9200197,False,False,61097.254894870144,,21,False,False,False,False,False,False,False,False,False,False,False,False,False,False,False,False,False,False,False,False,False,i
3,61097.253532410716,lsst,150.57565720739046,3.173174860375386,170059286935240883,170059301966577833,0,170059286935240883,-8295.541,230.56892,0,0,0,12778.492,225.73358,True,2026022500279,143,0,4.921077e-06,4.90955e-06,-1.392568e-13,1760.9062,0.08873221,3437.4092,0.08825108,False,-8175.846,592.3917,False,False,True,35.44903,,1692.8992,1681,-7806.68,1.7251163,150.57565645867297,,3.1731742865945414,,0.4712505,,-19.207985,,,0,False,,,,,,,,0,False,False,False,21069.557,17.854225,0.14545053,0.13940921,0.009137843,0.15165181,0.14528905,0.003960211,False,False,False,False,0.0061274795,0.9248062,False,False,61097.255452404665,,23,False,False,False,False,False,False,False,False,False,False,False,False,False,False,False,False,False,False,False,False,False,i
3,61097.254470066066,lsst,150.57564799022822,3.1731713352064426,170059286935240883,170059302250217596,0,170059286935240883,-8154.469,237.89429,0,0,0,12825.133,233.61041,True,2026022500281,172,0,5.1170045e-06,5.3225126e-06,1.7268042e-12,2327.183,0.090389416,964.55457,0.0975,False,-8002.4077,590.35474,False,False,True,33.63806,,1652.7062,1681,-7783.5728,1.4465933,150.5756475763975,,3.173171279791718,,0.50670993,,9.017282,,,0,False,,,,,,,,0,False,False,False,21044.885,14.60462,0.14351845,0.16059582,0.0071915453,0.15027712,0.17788434,0.00404778,False,False,False,False,0.02180183,0.91613334,False,False,61097.2563818082,,22,False,False,False,False,False,False,False,False,False,False,False,False,False,False,False,False,False,False,False,False,False,i
3,61097.25540403944,lsst,150.57564041721412,3.1731707741677284,170059286935240883,170059302518128816,0,170059286935240883,-8226.068,225.4354,0,0,0,12748.714,220.94441,True,2026022500283,171,0,4.134011e-06,5.02549e-06,4.221813e-12,3058.9338,0.0704005,1466.2166,0.093693614,False,-7756.929,593.8143,False,False,True,36.30392,,1792.1959,1681,-8157.5728,2.7743657,150.57564072376226,,3.1731715880819547,,0.79357797,,9.114094,,,0,False,,,,,,,,0,False,False,False,21014.344,21.384617,0.10203733,0.1547055,0.013864304,0.12072871,0.15223978,-0.0017299486,False,False,False,False,0.011993154,0.9223756,False,False,61097.257101721305,,20,False,False,False,False,False,False,False,False,False,False,False,False,False,False,False,False,False,False,False,False,False,i
3,61097.25587181971,lsst,150.57564665373937,3.1731707251881267,170059286935240883,170059302636617922,0,170059286935240883,-8216.126,232.98087,0,0,0,12712.529,228.74976,True,2026022500284,141,0,4.981817e-06,5.370813e-06,1.6741757e-12,2683.8296,0.088548325,2221.5928,0.0977217,False,-8538.332,591.7887,False,False,True,34.828777,,1637.5348,1681,-7792.825,0.42756993,150.57564696480878,,3.1731700391027013,,0.55270785,,-15.831386,,,0,False,,,,,,,,0,False,False,False,20938.744,15.770964,0.14951736,0.15798002,0.012697439,0.1397546,0.15703328,-0.0013300523,False,False,False,False,0.0048195287,0.9228949,False,False,61097.25776702537,,22,False,False,False,False,False,False,False,False,False,False,False,False,False,False,False,False,False,False,False,False,False,i
3,61097.25633477936,lsst,150.5756593363994,3.173177290615182,170059286935240883,170059302786564239,0,170059286935240883,-8672.356,231.39882,0,0,0,12403.603,226.10979,True,2026022500285,171,0,4.343487e-06,5.065374e-06,2.2771572e-12,139.30994,0.07673032,449.01968,0.09247242,False,-9565.236,594.6867,False,False,True,37.195488,,1695.0255,1681,-8414.799,1.114164,150.57565794472973,,3.1731769246979145,,0.664378,,-147.07079,,,0,False,,,,,,,,0,False,False,False,21034.396,17.998793,0.12090895,0.15481575,-0.010519273,0.14125107,0.1529491,0.0005924563,False,False,False,False,0.014408968,0.90880704,False,False,61097.25818172697,,22,False,False,False,False,False,False,False,False,False,False,False,False,False,False,False,False,False,False,False,False,False,i
3,61097.25680099358,lsst,150.5756565976477,3.1731723083829477,170059286935240883,170059302905053326,0,170059286935240883,-8469.281,225.97578,0,0,0,12501.325,222.34482,True,2026022500286,141,0,4.198328e-06,4.6623136e-06,1.0789526e-12,344.12454,0.07497903,1103.4716,0.08445755,False,-7711.522,592.42267,False,False,True,36.79124,,1693.7485,1681,-8089.695,1.424977,150.5756553376893,,3.1731717535438206,,0.62974006,,-142.06166,,,0,False,,,,,,,,0,False,False,False,21065.227,20.456903,0.11628245,0.14024052,-0.013266885,0.12771851,0.14901438,-0.00692087,False,False,False,False,0.018280761,0.9039716,False,False,61097.25855782095,,20,False,False,False,False,False,False,False,False,False,False,False,False,False,False,False,False,False,False,False,False,False,i
3,61097.257268807545,lsst,150.57565820415698,3.1731738436769414,170059286935240883,170059303039271048,0,170059286935240883,-8239.239,218.13414,0,0,0,12706.51,213.25414,True,2026022500287,141,0,4.266109e-06,4.4955946e-06,3.9623567e-13,1868.809,0.07661046,1106.6869,0.081091866,False,-7347.762,593.9383,False,False,True,37.317413,,1651.113,1681,-7709.231,0.17493895,150.57565828782893,,3.173174194171069,,0.40656954,,4.140622,,,0,False,,,,,,,,0,False,False,False,20993.564,27.291817,0.1238802,0.13769977,0.0016756834,0.12242529,0.12766276,-0.0051213745,False,False,False,False,0.0065790517,0.9360164,False,False,61097.258925709095,,20,False,False,False,False,False,False,False,False,False,False,False,False,False,False,False,False,False,False,False,False,False,i
3,61097.257736326705,lsst,150.5756552614086,3.1731663864774866,170059286935240883,170059303173488821,0,170059286935240883,-8138.801,231.66753,0,0,0,12888.8125,228.87901,True,2026022500288,141,0,5.211244e-06,5.124603e-06,-1.3741983e-13,3598.6472,0.09381683,3528.1543,0.09225555,False,-8264.408,593.6728,False,False,True,34.7627,,1741.1562,1681,-7656.153,0.2076317,150.57565509719387,,3.1731665577531043,,0.4512828,,-42.116634,,,0,False,,,,,,,,0,False,False,False,21133.732,16.319305,0.1525528,0.14946562,0.008642025,0.14873622,0.15018521,0.00071028597,False,False,False,False,0.0004011233,0.92136043,False,False,61097.25962030055,,22,False,False,False,False,False,False,False,False,False,False,False,False,False,False,False,False,False,False,False,False,False,i
3,61097.25820279922,lsst,150.5756393087346,3.173172908809231,170059286935240883,170059303307706557,0,170059286935240883,-8496.198,225.18994,0,0,0,12460.414,221.18744,True,2026022500289,141,0,4.414251e-06,4.5796014e-06,1.2083172e-13,1896.3168,0.07942365,3404.0002,0.08249195,False,-7374.471,594.1223,False,False,True,37.38996,,1652.2534,1681,-8016.949,0.8655334,150.57563897979844,,3.173172611763755,,0.45539355,,-24.807339,,,0,False,,,,,,,,0,False,False,False,21009.537,18.56393,0.12823205,0.1373532,0.00774496,0.14003038,0.13792846,-0.0028892488,False,False,False,False,0.0068638287,0.924612,False,False,61097.259960274954,,21,False,False,False,False,False,False,False,False,False,False,False,False,False,False,False,False,False,False,False,False,False,i
3,61097.258671980075,lsst,150.57564569909192,3.173174649650572,170059286935240883,170059303441924258,0,170059286935240883,-8483.878,224.47522,0,0,0,12440.627,220.95767,True,2026022500290,141,0,4.5646766e-06,4.4371536e-06,-5.096006e-14,197.56412,0.082152195,1976.1516,0.079890795,False,-9395.979,593.6543,False,False,True,37.18819,,1630.8887,1681,-7923.93,0.8804139,150.57564589579246,,3.173174658835821,,0.45394292,,-122.61567,,,0,False,,,,,,,,0,False,False,False,21012.438,17.159792,0.1366608,0.1303254,-0.008345738,0.13701342,0.1335118,-0.006483853,False,False,False,False,0.0005786295,0.92275846,False,False,61097.2603805753,,20,False,False,False,False,False,False,False,False,False,False,False,False,False,False,False,False,False,False,False,False,False,i
3,61097.259420999966,lsst,150.5756534732268,3.1731590748539196,170059286935240883,170059303558316184,0,170059286935240883,-8440.82,237.11955,0,0,0,12423.414,231.41743,True,2026022500291,107,0,5.396878e-06,5.076982e-06,-4.4490914e-13,1165.5316,0.09130802,3294.0286,0.09721737,False,-7697.785,595.9414,False,False,True,35.211407,,1684.8809,1681,-7871.785,0.17025408,150.57565418653186,,3.1731579807141097,,0.3077881,,-51.252937,,,0,False,,,,,,,,0,False,False,False,20874.127,16.172472,0.15040568,0.15403247,-0.0035757984,0.16078065,0.15591833,-0.010878124,False,False,False,False,0.0059160483,0.914538,False,False,61097.261122712756,,22,False,False,False,False,False,False,False,False,False,False,False,False,False,False,False,False,False,False,False,False,False,i
3,61097.259887277614,lsst,150.5756484699444,3.173174101263904,170059286935240883,170059303692533935,0,170059286935240883,-8566.819,225.55957,0,0,0,12434.853,220.88007,True,2026022500292,107,0,4.4388057e-06,4.683638e-06,1.5163858e-13,3619.443,0.08437471,3691.5088,0.0798714,False,-8935.826,596.4199,False,False,True,36.869663,,1727.8422,1681,-8045.353,0.32156372,150.57564880911042,,3.173173868351538,,0.45521384,,-38.430267,,,0,False,,,,,,,,0,False,False,False,21036.23,18.938358,0.13341115,0.13191253,-0.008949617,0.13961926,0.13011843,-0.0110921515,False,False,False,False,0.00090293493,0.92170936,False,False,61097.261591743496,,20,False,False,False,False,False,False,False,False,False,False,False,False,False,False,False,False,False,False,False,False,False,i
3,61097.26035412487,lsst,150.57565141622962,3.1731709746663097,170059286935240883,170059303826751685,0,170059286935240883,-8397.041,229.15955,0,0,0,12611.125,224.14651,True,2026022500293,107,0,4.602706e-06,5.43542e-06,1.6036193e-13,2942.4995,0.097891584,2887.092,0.08283093,False,-9219.862,599.0799,False,False,True,36.24962,,1640.8878,1681,-8282.243,0.97402734,150.5756517730828,,3.1731681809906265,,0.73001593,,-25.563116,,,0,False,,,,,,,,0,False,False,False,21047.883,20.851948,0.16606519,0.13714755,-0.019511912,0.15487006,0.12631235,-0.0063979523,False,False,False,False,0.021352107,0.9273401,False,False,61097.26220137828,,20,False,False,False,False,False,False,False,False,False,False,False,False,False,False,False,False,False,False,False,False,False,i
3,61097.26082036204,lsst,150.57565003479368,3.1731748923796026,170059286935240883,170059303981416626,0,170059286935240883,-8709.269,229.13763,0,0,0,12258.996,224.88623,True,2026022500294,146,0,4.3227933e-06,4.4266467e-06,-4.1929608e-14,2145.7983,0.07971567,1349.1534,0.07780262,False,-7775.689,597.0345,False,False,True,37.70598,,1724.7034,1681,-8123.3105,1.7096642,150.5756496044798,,3.1731740062414175,,0.4088759,,-21.552969,,,0,False,,,,,,,,0,False,False,False,21022.068,19.71998,0.14372762,0.1326507,-0.004570998,0.14954965,0.1385636,-0.004341568,False,False,False,False,0.005958874,0.92074776,False,False,61097.26266903705,,21,False,False,False,False,False,False,False,False,False,False,False,False,False,False,False,False,False,False,False,False,False,i
3,61097.26129263872,lsst,150.57565017940144,3.1731712096312563,170059286935240883,170059304115634342,0,170059286935240883,-8990.189,231.17859,0,0,0,11971.076,226.99245,True,2026022500295,146,0,4.1623734e-06,4.762456e-06,-4.665646e-13,1259.7664,0.08583132,3758.6106,0.0748386,False,-9292.483,595.27747,False,False,True,38.23101,,1675.1345,1681,-8669.518,2.1593943,150.575651274579,,3.173170733405405,,0.61258495,,-33.447903,,,0,False,,,,,,,,0,False,False,False,20989.256,15.630746,0.14943524,0.13137406,-0.014086188,0.15657695,0.14089005,0.0014848467,False,False,False,False,0.011596969,0.93356216,False,False,61097.26306341872,,22,False,False,False,False,False,False,False,False,False,False,False,False,False,False,False,False,False,False,False,False,False,i
3,61097.261759597175,lsst,150.57565383007227,3.173164397950789,170059286935240883,170059304251424914,0,170059286935240883,-8591.201,223.62854,0,0,0,12350.0,219.69778,True,2026022500296,149,0,4.0654827e-06,4.4463686e-06,-4.743174e-13,1386.9127,0.08020661,1115.0219,0.07304353,False,-8688.356,592.047,False,False,True,38.29589,,1679.116,1681,-8175.7246,2.3763633,150.57565412056084,,3.1731648906846575,,0.54059386,,-30.11119,,,0,False,,,,,,,,0,False,False,False,21022.834,21.070711,0.13674131,0.11832282,-0.009038682,0.13200475,0.13503106,0.0045315083,False,False,False,False,0.0066907173,0.92909735,False,False,61097.263467257246,,20,False,False,False,False,False,False,False,False,False,False,False,False,False,False,False,False,False,False,False,False,False,i
3,61097.26222792143,lsst,150.57565468310307,3.1731664969431357,170059286935240883,170059304385118350,0,170059286935240883,-8889.943,236.66818,0,0,0,12078.541,232.6812,True,2026022500297,148,0,4.5887055e-06,4.7666667e-06,-3.5102205e-13,1639.0111,0.085932136,1029.1975,0.08246073,False,-7968.541,600.16656,False,False,True,37.628555,,1694.9708,1681,-8398.588,2.0915387,150.57565364983685,,3.1731661407785943,,0.4405573,,25.77453,,,0,False,,,,,,,,0,False,False,False,20983.664,15.78489,0.14270574,0.13789949,0.008021611,0.15937462,0.15222573,0.011203914,False,False,False,False,0.03780643,0.9301664,False,False,61097.26405713942,,21,False,False,False,False,False,False,False,False,False,False,False,False,False,False,False,False,False,False,False,False,False,i
3,61097.263168803234,lsst,150.57565943698805,3.1731650417910986,170059286935240883,170059304653553808,0,170059286935240883,-8757.001,245.29228,0,0,0,12199.1875,241.46005,True,2026022500299,148,0,5.0387007e-06,5.460842e-06,-1.506117e-12,905.17236,0.099052764,2413.7878,0.08988095,False,-8486.269,604.5853,False,False,True,35.591454,,1684.2242,1681,-8352.104,1.0149864,150.575658866761,,3.17316416532512,,0.49469697,,6.272718,,,0,False,,,,,,,,0,False,False,False,20999.838,14.249538,0.16670154,0.15206905,0.007669216,0.17564793,0.16490722,0.010044345,False,False,False,False,0.017270498,0.92585313,False,False,61097.265009408,,23,False,False,False,False,False,False,False,False,False,False,False,False,False,False,False,False,False,False,False,False,False,i
3,61097.26363394628,lsst,150.5756477115068,3.1731722067301176,170059286935240883,170059304789344414,0,170059286935240883,-8462.201,242.80591,0,0,0,12669.019,238.31717,True,2026022500300,151,0,5.2457162e-06,4.9694368e-06,1.1314869e-12,1366.2952,0.08873821,1705.3933,0.095151715,False,-8176.8076,609.496,False,False,True,34.427017,,1629.999,1681,-8435.213,0.88969153,150.57564737402356,,3.1731726882655233,,0.8811253,,34.04654,,,0,False,,,,,,,,0,False,False,False,21157.777,15.955871,0.14554118,0.16779129,0.03501257,0.14992058,0.16124897,0.011648156,False,False,False,False,0.00018803091,0.9095239,False,False,61097.265443030024,,22,False,False,False,False,False,False,False,False,False,False,False,False,False,False,False,False,False,False,False,False,False,i
3,61097.2641006628,lsst,150.5756448195022,3.173164345880146,170059286935240883,170059304921465014,0,170059286935240883,-8695.384,241.96875,0,0,0,12110.874,237.46164,True,2026022500301,147,0,5.3124454e-06,5.3676977e-06,-3.3005423e-13,2830.9097,0.09684648,3627.0967,0.09539265,False,-8788.219,602.0505,False,False,True,35.933506,,1707.9323,1681,-8546.82,0.7296758,150.57564398133374,,3.173164069144583,,0.7431671,,-59.24206,,,0,False,,,,,,,,0,False,False,False,20828.834,14.211874,0.17485625,0.16003744,-0.023905095,0.16261989,0.16320136,0.006475378,False,False,False,False,0.003152775,0.9182815,False,False,61097.26612005732,,23,False,False,False,False,False,False,False,False,False,False,False,False,False,False,False,False,False,False,False,False,False,i
3,61097.264568081824,lsst,150.5756603848602,3.173166797954964,170059286935240883,170059305055682723,0,170059286935240883,-8798.33,234.73918,0,0,0,12179.08,231.55115,True,2026022500302,147,0,5.098565e-06,4.67954e-06,2.571928e-12,3747.3127,0.08180088,2409.4248,0.093945675,False,-8289.612,606.4856,False,False,True,37.01052,,1632.9749,1681,-8733.044,0.7759115,150.5756587959155,,3.173166391119707,,0.65455526,,-112.73491,,,0,False,,,,,,,,0,False,False,False,21001.588,16.313993,0.12751499,0.16574194,-0.00208382,0.15273036,0.15912707,-0.0032495428,False,False,False,False,0.01377122,0.920387,False,False,61097.26658206972,,22,False,False,False,False,False,False,False,False,False,False,False,False,False,False,False,False,False,False,False,False,False,i
3,61097.26503567904,lsst,150.5756538440505,3.1731770279221894,170059286935240883,170059305190424753,0,170059286935240883,-8808.393,229.58292,0,0,0,12179.768,226.04716,True,2026022500303,148,0,4.608488e-06,4.6568716e-06,-3.9011757e-13,2497.4734,0.0842654,2483.861,0.082532,False,-9986.544,605.685,False,False,True,37.6829,,1623.7653,1681,-8485.966,0.34905317,150.5756531761057,,3.173176318374787,,0.468872,,6.687741,,,0,False,,,,,,,,0,False,False,False,21016.768,16.22322,0.15451485,0.14839084,0.008994313,0.1522485,0.14023863,0.011183337,False,False,False,False,0.004629767,0.9274828,False,False,61097.26688295082,,22,False,False,False,False,False,False,False,False,False,False,False,False,False,False,False,False,False,False,False,False,False,i
3,61097.265502430215,lsst,150.57564765688693,3.173177265069178,170059286935240883,170059305324642463,0,170059286935240883,-8717.818,232.57587,0,0,0,12019.656,228.81511,True,2026022500304,148,0,4.8442007e-06,4.823436e-06,1.6175639e-13,1381.2805,0.0866573,3776.6707,0.08738859,False,-8335.703,607.0567,False,False,True,36.995377,,1571.1655,1681,-8689.368,1.1469903,150.5756469950431,,3.173176734748159,,0.6439788,,22.806051,,,0,False,,,,,,,,0,False,False,False,20788.475,15.173049,0.14339274,0.15571487,0.017485399,0.15453288,0.15150625,0.009226687,False,False,False,False,0.0019611404,0.9317869,False,False,61097.2673647241,,22,False,False,False,False,False,False,False,False,False,False,False,False,False,False,False,False,False,False,False,False,False,i
3,61097.26596895638,lsst,150.5756528457973,3.173165485801319,170059286935240883,170059305459908747,0,170059286935240883,-8849.225,245.99632,0,0,0,12014.506,242.33304,True,2026022500305,150,0,5.4186967e-06,5.3010945e-06,1.6432626e-12,3439.087,0.093468875,57.69853,0.09942238,False,-9652.742,605.1779,False,False,True,35.61655,,1729.9525,1681,-8905.878,0.80545855,150.575652094326,,3.173164834413332,,0.8394538,,20.76164,,,0,False,,,,,,,,0,False,False,False,20867.178,13.636383,0.16124868,0.18474197,0.030391105,0.16983403,0.18270825,0.014258459,False,False,False,False,0.0015209788,0.91742915,False,False,61097.26800213131,,24,False,False,False,False,False,False,False,False,False,False,False,False,False,False,False,False,False,False,False,False,False,i
3,61097.26653554453,lsst,150.5756584419296,3.1731679365111662,170059286935240883,170059305571582091,0,170059286935240883,-8447.517,260.49066,0,0,0,12441.464,257.37747,True,2026022500306,107,0,6.0992766e-06,6.4937853e-06,4.0315776e-13,906.78436,0.116961084,3914.6753,0.10971461,False,-7826.0767,606.1613,False,False,True,32.22201,,1673.0183,1681,-8145.8604,0.5067465,150.5756584683892,,3.173168474881208,,0.345452,,14.099985,,,0,False,,,,,,,,0,False,False,False,20934.676,27.928944,0.19697914,0.18739943,0.0016013033,0.2049799,0.21134625,0.0110423835,False,False,False,False,0.030180203,0.9085638,False,False,61097.268366668446,,22,False,False,False,False,False,False,False,False,False,False,False,False,False,False,False,False,False,False,False,False,False,i
3,61097.26700566449,lsst,150.57565740939006,3.173153197199197,170059286935240883,170059305726247042,0,170059286935240883,-8715.069,256.1766,0,0,0,12156.661,253.50449,True,2026022500307,146,0,5.9434383e-06,5.770279e-06,-9.2673516e-14,3344.374,0.10391389,158.57317,0.1069771,False,-8111.503,607.48444,False,False,True,33.537994,,1692.5608,1681,-8530.431,0.70773435,150.57565778873644,,3.1731561413292524,,0.4188948,,50.16249,,,0,False,,,,,,,,0,False,False,False,20984.3,28.99183,0.19565497,0.19733892,0.007429675,0.20159553,0.20371279,0.0029181864,False,False,False,False,0.0046679243,0.92291117,False,False,61097.268935826796,,23,False,False,False,False,False,False,False,False,False,False,False,False,False,False,False,False,False,False,False,False,False,i
3,61097.26747173957,lsst,150.57565596011958,3.1731597735898163,170059286935240883,170059305840017540,0,170059286935240883,-9109.295,254.85156,0,0,0,11829.031,249.98099,True,2026022500308,107,0,5.5114906e-06,5.2771097e-06,3.2199957e-14,2706.401,0.095029406,3583.2944,0.099195674,False,-8574.18,609.34094,False,False,True,35.22554,,1780.739,1681,-8780.108,0.17911895,150.5756537306671,,3.173163771481698,,0.31336746,,-1.6211692,,,0,False,,,,,,,,0,False,False,False,20931.373,34.051384,0.20056419,0.19227882,-6.707357e-05,0.19461247,0.19863684,0.00814599,False,False,False,False,5.2492887e-06,0.9192244,False,False,61097.269303200104,,24,False,False,False,False,False,False,False,False,False,False,False,False,False,False,False,False,False,False,False,False,False,i
3,61097.26793868918,lsst,150.57565159452918,3.173164716884706,170059286935240883,170059305994682504,0,170059286935240883,-8593.349,244.9773,0,0,0,12249.529,241.72005,True,2026022500309,146,0,5.634549e-06,5.5739815e-06,2.2817453e-14,1803.8353,0.10036714,2014.7686,0.10141352,False,-8673.642,608.0422,False,False,True,34.974415,,1662.5731,1681,-8374.731,0.83652043,150.57564976339057,,3.1731662096409297,,0.40435344,,-33.666985,,,0,False,,,,,,,,0,False,False,False,20906.016,13.42077,0.17508633,0.16792047,-0.00598761,0.1754292,0.18387973,0.0019798302,False,False,False,False,0.009205374,0.9131422,False,False,61097.26982478212,,23,False,False,False,False,False,False,False,False,False,False,False,False,False,False,False,False,False,False,False,False,False,i
3,61097.268406100644,lsst,150.57565118999716,3.1731622749338397,170059286935240883,170059306130473088,0,170059286935240883,-8662.497,252.34468,0,0,0,12357.005,247.88257,True,2026022500310,149,0,5.6740273e-06,5.4773095e-06,2.5100467e-13,821.1763,0.098573074,173.70316,0.102179945,False,-8706.359,612.6477,False,False,True,33.790028,,1665.3165,1681,-8877.65,1.956983,150.57564850558444,,3.173160997273856,,1.0002223,,40.709793,,,0,False,,,,,,,,0,False,False,False,21095.268,14.505798,0.18600357,0.1955975,0.04745892,0.17038438,0.18476342,0.0214782,False,False,False,False,0.024336312,0.9200082,False,False,61097.27036237945,,23,False,False,False,False,False,False,False,False,False,False,False,False,False,False,False,False,False,False,False,False,False,i
3,61097.268875286194,lsst,150.57564444333474,3.173162077465901,170059286935240883,170059306264690825,0,170059286935240883,-8594.187,250.34398,0,0,0,12305.99,246.01917,True,2026022500311,149,0,5.6170966e-06,5.472003e-06,2.650768e-13,884.04504,0.09846365,1760.801,0.10119427,False,-8198.42,613.4264,False,False,True,34.20947,,1657.2506,1681,-8486.064,0.91796464,150.57564412630677,,3.173161897669714,,0.67781997,,34.357784,,,0,False,,,,,,,,0,False,False,False,20934.977,14.20241,0.16226766,0.16160484,0.020570073,0.17335764,0.18568198,0.015716692,False,False,False,False,0.04216625,0.9264852,False,False,61097.270699827975,,23,False,False,False,False,False,False,False,False,False,False,False,False,False,False,False,False,False,False,False,False,False,i
3,61097.269342179185,lsst,150.57563640710936,3.1731644316657777,170059286935240883,170059306398384258,0,170059286935240883,-8803.315,248.87025,0,0,0,11983.479,244.70532,True,2026022500312,148,0,5.140755e-06,6.069899e-06,-2.616339e-12,1147.7242,0.110164516,1518.6932,0.09144589,False,-7875.748,614.87524,False,False,True,34.885963,,1699.2413,1681,-8919.863,0.9146581,150.57563375895535,,3.1731632494906523,,0.8105946,,18.039036,,,0,False,,,,,,,,0,False,False,False,20826.938,15.476717,0.19979209,0.17214966,0.026577275,0.18458548,0.17618649,0.018393483,False,False,False,False,0.0043133176,0.9205896,False,False,61097.271093991454,,22,False,False,False,False,False,False,False,False,False,False,False,False,False,False,False,False,False,False,False,False,False,i
3,61097.26980762982,lsst,150.57565323725436,3.1731687061388745,170059286935240883,170059306534174871,0,170059286935240883,-8810.168,249.53229,0,0,0,12259.682,246.24396,True,2026022500313,151,0,5.3427257e-06,5.4007105e-06,-2.3182517e-13,3299.2532,0.09736056,557.6294,0.09608447,False,-8488.807,617.69855,False,False,True,35.03452,,1710.7784,1681,-8489.741,1.0668399,150.57565375993923,,3.1731686069515046,,0.35210735,,-100.82307,,,0,False,,,,,,,,0,False,False,False,21138.633,14.6985855,0.15021333,0.16057824,-0.0009584306,0.17995165,0.17475982,0.00895083,False,False,False,False,0.065760024,0.92081136,False,False,61097.27183562593,,22,False,False,False,False,False,False,False,False,False,False,False,False,False,False,False,False,False,False,False,False,False,i
3,61097.27027568612,lsst,150.57565533859523,3.173171827200326,170059286935240883,170059306666819734,0,170059286935240883,-8679.593,257.0517,0,0,0,12284.284,253.77087,True,2026022500314,148,0,6.052958e-06,6.0660636e-06,-1.00670476e-13,354.61737,0.109244294,2879.795,0.10890467,False,-7439.151,616.5985,False,False,True,33.56073,,1544.2858,1681,-8553.324,0.4106052,150.57565222798252,,3.1731710010041363,,0.6318739,,38.690273,,,0,False,,,,,,,,0,False,False,False,21024.191,13.662456,0.17821881,0.19350989,0.01581349,0.20097682,0.18816827,0.005361058,False,False,False,False,0.009696787,0.9126434,False,False,61097.272149516655,,23,False,False,False,False,False,False,False,False,False,False,False,False,False,False,False,False,False,False,False,False,False,i
3,61097.279303805175,lsst,150.57564644502432,3.173162931562912,170059286935240883,170059306935779433,0,170059286935240883,-8426.912,266.81323,0,0,0,12629.986,264.85306,True,2026022500316,149,0,6.2804133e-06,6.6383614e-06,-1.5017431e-12,425.72876,0.120124325,1227.5443,0.11242604,False,-7984.8003,622.16614,False,False,True,30.975214,,1772.5575,1681,-8617.498,1.7645425,150.57564722805625,,3.1731607783643825,,0.9036755,,-57.710293,,,0,False,,,,,,,,0,False,False,False,21124.377,16.536041,0.19865829,0.18971573,-0.037623916,0.22058904,0.19752999,-0.012408522,False,False,False,False,0.026115023,0.9182872,False,False,61097.28161526879,,23,False,False,False,False,False,False,False,False,False,False,False,False,False,False,False,False,False,False,False,False,False,i
3,61097.27977492055,lsst,150.57564812738605,3.173166162925218,170059286935240883,170059307069997169,0,170059286935240883,-8851.102,267.59766,0,0,0,12154.677,264.2321,True,2026022500317,149,0,5.7687753e-06,7.263357e-06,-7.709925e-12,72.211464,0.13404602,248.48364,0.09957137,False,-9746.671,625.8327,False,False,True,32.577652,,1627.5511,1681,-9274.626,1.0962895,150.57564649065543,,3.1731665558402824,,1.0129106,,-23.957163,,,0,False,,,,,,,,0,False,False,False,21067.34,18.406527,0.26281327,0.16756658,-0.008111701,0.23567145,0.19896059,-0.020124268,False,False,False,False,0.00051999575,0.9164491,False,False,61097.28184155939,,24,False,False,False,False,False,False,False,False,False,False,False,False,False,False,False,False,False,False,False,False,False,i
1,61097.28211282639,lsst,150.57566108144016,3.173169112797478,170059286935240883,170059307335286915,0,170059286935240883,-2008.6238,114.00112,0,0,0,2363.1782,111.746216,True,2026022500319,143,0,1.2055487e-05,1.192287e-05,-1.5751388e-11,2644.751,0.2271863,3557.8872,0.20359807,False,-2041.7705,261.24478,False,False,True,17.496918,,1640.6302,1681,-1995.7458,1.4902734,150.57566146536288,,3.173169508397547,,0.74876916,,-6.879262,,,0,False,,,,,,,,0,False,False,False,4397.788,10.384347,0.19423996,0.18712361,0.024919014,0.24253169,0.20264265,0.01608839,False,False,False,False,0.1079605,0.51441747,False,False,61097.28393897729,,23,False,False,False,False,False,False,False,False,False,False,False,False,False,False,False,False,False,False,False,False,False,g
1,61097.28304775509,lsst,150.5756443160802,3.1731687117880347,170059286935240883,170059307603198072,0,170059286935240883,-1921.6051,118.23838,0,0,0,2410.739,116.57909,True,2026022500321,142,0,1.3814447e-05,1.2933634e-05,-3.753211e-11,3041.3345,0.26575226,2035.1206,0.21274544,False,-1673.7568,262.596,False,False,True,16.151188,,1636.0994,1681,-1936.8528,3.0983627,150.57564785468696,,3.1731650880266935,,0.8495845,,-26.3828,,,0,False,,,,,,,,0,False,False,False,4369.159,7.863164,0.23480415,0.19696045,0.026725622,0.274735,0.20824118,0.016739586,False,False,False,False,0.065556884,0.5505982,False,False,61097.28507892549,,24,False,False,False,False,False,False,False,False,False,False,False,False,False,False,False,False,False,False,False,False,False,g
1,61097.28351455825,lsst,150.57564337206958,3.173196346113726,170059286935240883,170059307753144440,0,170059286935240883,-1914.6068,122.04999,0,0,0,2417.3645,120.978546,True,2026022500322,172,0,1.4702531e-05,1.4176108e-05,-1.76698e-11,2555.189,0.27146944,1663.3967,0.24778421,False,-1955.0663,274.06915,False,False,True,15.423937,,1746.8539,1681,-1920.3853,1.312804,150.57564319056823,,3.173195884047486,,0.918211,,-23.695843,,,0,False,,,,,,,,0,False,False,False,4356.9214,7.0925364,0.24473743,0.21332324,0.035244934,0.2398721,0.21302372,0.03050414,False,False,False,False,0.00073575735,0.54125845,False,False,61097.28541223984,,23,False,False,False,False,False,False,False,False,False,False,False,False,False,False,False,False,False,False,False,False,False,g
1,61097.283983424306,lsst,150.575666615197,3.1731830663655356,170059286935240883,170059307871633524,0,170059286935240883,-1796.8396,116.77663,0,0,0,2542.8403,114.832,True,2026022500323,142,0,1.548644e-05,1.3739538e-05,-4.532866e-11,1572.9012,0.2934854,2554.8845,0.2292796,False,-1988.7344,262.5006,False,False,True,15.257795,,1729.7781,1681,-1829.4199,1.3104577,150.57566624717512,,3.173183234033112,,0.996339,,-40.863323,,,0,False,,,,,,,,0,False,False,False,4365.635,8.306685,0.26290882,0.18969598,0.028309958,0.2412985,0.20456809,0.031737927,False,False,False,False,0.0012708299,0.5171879,False,False,61097.28592387638,,24,False,False,False,False,False,False,False,False,False,False,False,False,False,False,False,False,False,False,False,False,False,g
1,61097.28444878301,lsst,150.5756510117485,3.17317708776678,170059286935240883,170059308021055607,0,170059286935240883,-1955.9149,121.998665,0,0,0,2422.875,120.51616,True,2026022500324,171,0,1.3152278e-05,1.2519455e-05,-1.152018e-11,3742.8782,0.24061237,1196.2162,0.22109301,False,-2082.7234,285.99432,False,False,True,15.826197,,1697.967,1681,-1928.8918,1.5180198,150.57565188804054,,3.1731774175760337,,0.8385908,,-29.821692,,,0,False,,,,,,,,0,False,False,False,4403.712,9.177749,0.20884636,0.18257129,0.029300889,0.21651721,0.19425198,0.028072068,False,False,False,False,0.0113265915,0.5077569,False,False,61097.286222075534,,23,False,False,False,False,False,False,False,False,False,False,False,False,False,False,False,False,False,False,False,False,False,g
1,61097.284918380385,lsst,150.5756516342176,3.1731597255254034,170059286935240883,170059308139544704,0,170059286935240883,-1960.6023,114.51081,0,0,0,2415.1035,112.47734,True,2026022500325,141,0,1.1662894e-05,1.1453407e-05,-2.8146303e-12,3305.932,0.21072263,1884.1187,0.20510942,False,-2241.2146,263.874,False,False,True,17.062483,,1683.7578,1681,-1847.9792,0.43451115,150.57565170806149,,3.173160993086092,,0.2923438,,20.40646,,,0,False,,,,,,,,0,False,False,False,4382.959,8.580044,0.16942926,0.17657636,0.00047822561,0.21861634,0.20195238,0.017753258,False,False,False,False,0.15215276,0.54624844,False,False,61097.28677016264,,21,False,False,False,False,False,False,False,False,False,False,False,False,False,False,False,False,False,False,False,False,False,g
1,61097.28538550996,lsst,150.57564477950802,3.1731742194443693,170059286935240883,170059308274286708,0,170059286935240883,-2086.5154,116.27115,0,0,0,2256.5781,114.58594,True,2026022500326,142,0,1.3120688e-05,1.1384952e-05,-1.9587462e-11,573.86505,0.24113388,1621.1652,0.19875264,False,-2104.4856,264.70016,False,False,True,17.872898,,1752.0415,1681,-2083.7532,1.9769859,150.5756460317723,,3.1731742582704463,,0.90030044,,-50.281544,,,0,False,,,,,,,,0,False,False,False,4418.363,7.9325747,0.23948699,0.17985332,0.022368278,0.23034598,0.21213464,0.020561306,False,False,False,False,0.0149962185,0.555851,False,False,61097.28706966908,,23,False,False,False,False,False,False,False,False,False,False,False,False,False,False,False,False,False,False,False,False,False,g
1,61097.28585405735,lsst,150.57565472217004,3.173191547771153,170059286935240883,170059308408504453,0,170059286935240883,-2086.9324,117.655235,0,0,0,2302.5698,116.01351,True,2026022500327,142,0,1.2632017e-05,1.07286905e-05,-1.6514377e-11,2703.1658,0.23103535,3699.4468,0.1884846,False,-1839.8651,266.9578,False,False,True,17.459356,,1629.871,1681,-2095.7979,0.80166197,150.57565376007386,,3.173191423838996,,0.97443306,,-45.03938,,,0,False,,,,,,,,0,False,False,False,4410.944,8.428306,0.23407063,0.18101986,0.03570891,0.24246295,0.20221828,0.023485,False,False,False,False,0.024293035,0.5648803,False,False,61097.287732095465,,24,False,False,False,False,False,False,False,False,False,False,False,False,False,False,False,False,False,False,False,False,False,g
1,61097.2867877056,lsst,150.57564409341808,3.1731850587752333,170059286935240883,170059308676415623,0,170059286935240883,-1818.1604,119.05576,0,0,0,2558.85,117.10944,True,2026022500329,141,0,1.4914002e-05,1.2249586e-05,-1.6539266e-11,3301.06,0.2703888,2785.5278,0.21781766,False,-1633.0468,266.85095,False,False,True,15.1170435,,1743.6425,1681,-1800.1771,1.2263719,150.5756415552118,,3.173185641006125,,0.7462067,,-57.538578,,,0,False,,,,,,,,0,False,False,False,4395.185,7.341067,0.2133633,0.1754089,0.01619933,0.2506138,0.21281488,0.04001336,False,False,False,False,0.13946432,0.55391216,False,False,61097.2887582497,,23,False,False,False,False,False,False,False,False,False,False,False,False,False,False,False,False,False,False,False,False,False,g
1,61097.287337721966,lsst,150.57566033832987,3.1731459488104634,170059286935240883,170059308811681919,0,170059286935240883,-1962.6116,112.79595,0,0,0,2392.5806,110.761536,True,2026022500330,143,0,1.20549075e-05,1.2100052e-05,-2.7846381e-11,3493.411,0.23702948,1076.7294,0.19551201,False,-2354.72,261.39792,False,False,True,17.130491,,1775.7396,1681,-1919.7455,0.51554316,150.5756601866504,,3.173145827995843,,0.7529794,,-16.029888,,,0,False,,,,,,,,0,False,False,False,4332.9,8.306825,0.21359763,0.18574047,0.02122803,0.23283528,0.18367788,0.008349538,False,False,False,False,0.008804401,0.55386615,False,False,61097.289230380426,,21,False,False,False,False,False,False,False,False,False,False,False,False,False,False,False,False,False,False,False,False,False,g
1,61097.28827171204,lsst,150.5756641243154,3.173189998600575,170059286935240883,170059309083787378,0,170059286935240883,-1962.1847,116.39186,0,0,0,2372.014,114.98989,True,2026022500332,150,0,1.3534829e-05,1.25595525e-05,-6.7733576e-11,662.2133,0.27829385,2223.396,0.18139133,False,-1799.3583,266.21802,False,False,True,16.456146,,1655.0679,1681,-2049.131,2.2961316,150.5756702869522,,3.1731883123926328,,1.281643,,-44.85264,,,0,False,,,,,,,,0,False,False,False,4363.0356,8.877295,0.29032022,0.12512898,0.015905883,0.23415443,0.19036728,0.016659949,False,False,False,False,0.002418972,0.5348202,False,False,61097.29015630307,,21,False,False,False,False,False,False,False,False,False,False,False,False,False,False,False,False,False,False,False,False,False,g
1,61097.28873700199,lsst,150.57566501756858,3.17315751393247,170059286935240883,170059309214335101,0,170059286935240883,-2035.2502,115.11296,0,0,0,2289.6562,113.37794,True,2026022500333,143,0,1.2714357e-05,1.1920924e-05,-3.2332196e-11,2288.2695,0.24505189,3283.113,0.19562997,False,-1830.7234,264.605,False,False,True,17.646902,,1803.2758,1681,-2011.7797,0.75035894,150.5756658836308,,3.1731560565626262,,0.80754644,,-42.032578,,,0,False,,,,,,,,0,False,False,False,4365.9033,8.068983,0.24071002,0.18653509,0.011336048,0.23521249,0.19060478,0.015046028,False,False,False,False,5.9798676e-05,0.5728585,False,False,61097.29059004759,,23,False,False,False,False,False,False,False,False,False,False,False,False,False,False,False,False,False,False,False,False,False,g
1,61097.289671081206,lsst,150.57563709150165,3.1731685093048188,170059286935240883,170059309497974879,0,170059286935240883,-1721.0962,126.70007,0,0,0,2602.6023,126.00428,True,2026022500335,172,0,1.8194616e-05,1.5388398e-05,-8.685369e-11,2921.0234,0.35188887,916.03827,0.24499364,False,-1725.7341,274.13977,False,False,True,13.52433,,1607.7118,1681,-1770.6492,1.1324291,150.57563712778975,,3.173169371018898,,1.227907,,-61.54371,,,0,False,,,,,,,,0,False,False,False,4381.9766,7.80723,0.30415314,0.1557448,-0.0059908438,0.26060283,0.20477416,0.014633332,False,False,False,False,0.00080572447,0.5377313,False,False,61097.2915176986,,23,False,False,False,False,False,False,False,False,False,False,False,False,False,False,False,False,False,False,False,False,False,g
1,61097.29060961295,lsst,150.57564176979463,3.1731751368745442,170059286935240883,170059309765886062,0,170059286935240883,-1793.8566,130.39714,0,0,0,2521.8352,129.51357,True,2026022500337,171,0,1.4911199e-05,1.3965323e-05,-1.6060528e-11,3681.804,0.27263787,1526.5422,0.24665436,False,-1940.1304,288.87546,False,False,True,13.413992,,1630.3373,1681,-1730.629,3.5178332,150.57563948897032,,3.173177401710469,,0.83540404,,-27.949112,,,0,False,,,,,,,,0,False,False,False,4386.5264,7.679988,0.18072408,0.16378072,0.031117689,0.24810024,0.20817696,0.022853192,False,False,False,False,0.28975585,0.55482614,False,False,61097.29252207287,,22,False,False,False,False,False,False,False,False,False,False,False,False,False,False,False,False,False,False,False,False,False,g
4,61097.293856981734,lsst,150.57564737837728,3.1731785613395638,170059286935240883,170059310290698427,0,170059286935240883,-8645.783,460.44055,0,0,0,18330.717,460.36884,True,2026022500341,148,0,9.131341e-06,1.07991045e-05,-1.20421485e-11,1284.81,0.1976073,864.4115,0.16048543,False,-7594.939,1180.4572,False,False,True,18.598003,,1697.0194,1681,-8472.323,6.9530215,150.57564786118036,,3.1731787809724565,,0.7126372,,15.812802,,,0,False,,,,,,,,0,False,False,False,27111.225,37.225,0.15093549,0.13306896,0.021388939,0.18831626,0.15449178,0.009002929,False,False,False,False,0.11846958,0.8908781,False,False,61097.29551765938,,19,False,False,False,False,False,False,False,False,False,False,False,False,False,False,False,False,False,False,False,False,False,z
4,61097.29478952919,lsst,150.57564187711026,3.1731590787499946,170059286935240883,170059310559133880,0,170059286935240883,-8095.022,440.0145,0,0,0,18845.611,439.07166,True,2026022500343,148,0,9.36496e-06,1.1683061e-05,-2.6975361e-11,3312.996,0.21935326,1964.0753,0.1566838,False,-6184.048,1172.5951,False,False,True,18.383722,,1681.3516,1681,-8313.184,2.9448063,150.57564256742634,,3.1731623414776533,,0.9240642,,-24.745424,,,0,False,,,,,,,,0,False,False,False,27071.326,41.634544,0.20068982,0.1190915,-0.0012376553,0.16778961,0.13411479,0.013786949,False,False,False,False,0.013150255,0.8964952,False,False,61097.29656307047,,19,False,False,False,False,False,False,False,False,False,False,False,False,False,False,False,False,False,False,False,False,False,z
4,61097.29525534867,lsst,150.57565664317198,3.173179365490248,170059286935240883,170059310693351607,0,170059286935240883,-7317.848,449.19336,0,0,0,19646.953,449.11368,True,2026022500344,148,0,1.2153293e-05,1.2104602e-05,5.816053e-13,1243.2941,0.21771164,2772.8433,0.21899256,False,-6778.517,1189.6702,False,False,True,16.264929,,1767.3229,1681,-7085.2065,1.9802798,150.57565358332766,,3.1731786989757405,,0.66048574,,-114.77782,,,0,False,,,,,,,,0,False,False,False,27139.66,37.927116,0.16039614,0.19895679,-0.0013780978,0.15312311,0.14657664,0.0113938805,False,False,False,False,0.13796735,0.8371226,False,False,61097.297035072945,,22,False,False,False,False,False,False,False,False,False,False,False,False,False,False,False,False,False,False,False,False,False,z
4,61097.295770590354,lsst,150.57566050963547,3.1731949245049944,170059286935240883,170059310828617869,0,170059286935240883,-7703.9,443.33667,0,0,0,18935.666,443.03317,True,2026022500345,150,0,1.0603378e-05,1.0761076e-05,-9.6491e-12,475.87247,0.20030789,582.30725,0.18391816,False,-6364.7495,1181.7421,False,False,True,17.236294,,1682.7948,1681,-7760.157,3.3695645,150.5756585056911,,3.1731963911865413,,0.8781724,,0.4936834,,,0,False,,,,,,,,0,False,False,False,26817.094,44.906384,0.16694659,0.15527189,0.035857808,0.15057571,0.14817993,0.0092766015,False,False,False,False,0.022771878,0.89549035,False,False,61097.297439409405,,19,False,False,False,False,False,False,False,False,False,False,False,False,False,False,False,False,False,False,False,False,False,z
4,61097.29623998156,lsst,150.57565112537551,3.1731792619589463,170059286935240883,170059310962835613,0,170059286935240883,-8479.785,472.57007,0,0,0,18588.088,474.7834,True,2026022500346,150,0,1.13455235e-05,1.1174253e-05,2.471789e-11,1851.9297,0.18175726,2652.4556,0.22175027,False,-7188.7983,1186.1274,False,False,True,17.749107,,1697.2969,1681,-8352.129,1.3700503,150.5756505634878,,3.1731805207718495,,0.8524024,,25.512201,,,0,False,,,,,,,,0,False,False,False,27282.068,36.350166,0.15838826,0.20720533,0.022957971,0.15434448,0.18675348,0.00039315136,False,False,False,False,0.021758214,0.9160087,False,False,61097.29796270065,,20,False,False,False,False,False,False,False,False,False,False,False,False,False,False,False,False,False,False,False,False,False,z
4,61097.296709667644,lsst,150.5756437630603,3.1731734267782956,170059286935240883,170059311097053332,0,170059286935240883,-7535.6343,467.31427,0,0,0,19409.129,466.32938,True,2026022500347,150,0,1.28112515e-05,1.2807884e-05,1.846821e-12,1981.2909,0.22922643,1615.0186,0.23198551,False,-8651.602,1169.522,False,False,True,16.139935,,1690.477,1681,-7555.161,1.7727475,150.5756433898376,,3.1731734054602496,,0.8642144,,-60.408737,,,0,False,,,,,,,,0,False,False,False,27106.863,38.56036,0.22166044,0.16157405,-0.016704297,0.14983176,0.19516076,0.017620802,False,False,False,False,0.05162511,0.9081099,False,False,61097.298537093,,20,False,False,False,False,False,False,False,False,False,False,False,False,False,False,False,False,False,False,False,False,False,z
4,61097.29717545447,lsst,150.57564420727735,3.1731527385542346,170059286935240883,170059311227601081,0,170059286935240883,-7293.499,471.23264,0,0,0,19756.574,474.95395,True,2026022500348,143,0,1.2714891e-05,1.3321617e-05,5.743709e-11,3693.116,0.1900964,2880.6387,0.27171668,False,-8027.313,1197.0177,False,False,True,15.131805,,1748.2664,1681,-7656.164,13.683967,150.57564650316615,,3.173145478073756,,1.2246456,,13.895371,,,0,False,,,,,,,,0,False,False,False,27189.824,60.89185,0.15877719,0.24720672,0.061476666,0.13638698,0.18886605,0.012228589,False,False,False,False,0.22166073,0.8880301,False,False,61097.30264371034,,20,False,False,False,False,False,False,False,False,False,False,False,False,False,False,False,False,False,False,False,False,False,z
4,61097.29764144857,lsst,150.57565505878372,3.173178479986545,170059286935240883,170059311361818788,0,170059286935240883,-7905.6475,511.78397,0,0,0,19096.375,512.20886,True,2026022500349,143,0,1.5670517e-05,1.6497694e-05,5.405236e-11,1323.0095,0.25649387,3878.5444,0.31945252,False,-7947.9404,1200.8013,False,False,True,15.375206,,1730.9924,1681,-8455.542,3.9416904,150.57565776981977,,3.173171883016666,,1.3181664,,35.203953,,,0,False,,,,,,,,0,False,False,False,27123.58,29.480215,0.19838129,0.36724085,0.008439311,0.19131018,0.20984161,0.023756174,False,False,False,False,0.56965506,0.8280738,False,False,61097.29962486884,,22,False,False,False,False,False,False,False,False,False,False,False,False,False,False,False,False,False,False,False,False,False,z
4,61097.29811048036,lsst,150.57566128111742,3.1731694622179227,170059286935240883,170059311511765111,0,170059286935240883,-7710.113,544.1588,0,0,0,19174.367,542.60345,True,2026022500350,173,0,1.516011e-05,1.6429614e-05,5.580838e-11,263.82407,0.2484361,800.6442,0.31679326,False,-6689.14,1183.1555,False,False,True,13.942466,,1751.9216,1681,-7835.0464,10.437696,150.57565869879562,,3.173160205669028,,1.1300936,,3.374757,,,0,False,,,,,,,,0,False,False,False,27026.66,36.12884,0.23423836,0.2882282,0.053948157,0.22944653,0.24683562,0.0135628395,False,False,False,False,0.054479044,0.5973395,False,False,61097.29987719453,,24,False,False,False,False,False,False,False,False,False,False,False,False,False,False,False,False,False,False,False,False,False,z
4,61097.29857780567,lsst,150.57565445747943,3.1731565427701978,170059286935240883,170059311629729913,0,170059286935240883,-7712.178,531.7357,0,0,0,19533.47,533.8731,True,2026022500351,142,0,1.3798685e-05,1.4515466e-05,2.1004727e-11,1841.0476,0.23952442,2087.7021,0.26945546,False,-6579.401,1197.0521,False,False,True,14.370446,,1742.6161,1681,-7332.0483,4.704775,150.57565295452676,,3.173154825432517,,0.71877736,,1.0948316,,,0,False,,,,,,,,0,False,False,False,27291.447,31.285114,0.19541644,0.2169405,0.020256326,0.21095712,0.22516137,0.033335194,False,False,False,False,0.016053526,0.7345469,False,False,61097.300218498625,,22,False,False,False,False,False,False,False,False,False,False,False,False,False,False,False,False,False,False,False,False,False,z
4,61097.299046035856,lsst,150.5756355224339,3.17317850756939,170059286935240883,170059311779676284,0,170059286935240883,-7840.734,487.99554,0,0,0,19189.934,484.95306,True,2026022500352,172,0,1.1432567e-05,1.3025316e-05,3.1564442e-11,1068.4797,0.19138311,1678.3248,0.24658695,False,-6911.904,1168.4481,False,False,True,15.829728,,1648.4993,1681,-7517.526,4.9781528,150.57563611239652,,3.1731779447596273,,0.743932,,14.791135,,,0,False,,,,,,,,0,False,False,False,27107.531,29.50092,0.14917618,0.19307905,0.012040766,0.17932646,0.19838706,0.0029678578,False,False,False,False,0.040789668,0.86650354,False,False,61097.300903161726,,20,False,False,False,False,False,False,False,False,False,False,False,False,False,False,False,False,False,False,False,False,False,z
4,61097.299515857776,lsst,150.57563719986354,3.17318185836606,170059286935240883,170059311898165395,0,170059286935240883,-6848.4316,477.46085,0,0,0,20322.98,478.49738,True,2026022500353,142,0,1.3257006e-05,1.4652804e-05,2.5081843e-11,329.49298,0.2300356,2503.586,0.27132896,False,-6419.168,1197.702,False,False,True,13.94369,,1592.996,1681,-6765.9727,1.4555237,150.57563724832073,,3.173181399824488,,0.95005876,,-1.7719642,,,0,False,,,,,,,,0,False,False,False,27317.904,38.278206,0.17015034,0.21784146,0.035024952,0.16714877,0.17294887,0.011243532,False,False,False,False,0.080857836,0.8798836,False,False,61097.30141238951,,19,False,False,False,False,False,False,False,False,False,False,False,False,False,False,False,False,False,False,False,False,False,z
4,61097.29998390832,lsst,150.57564856771643,3.1731573033083156,170059286935240883,170059312047587458,0,170059286935240883,-7218.831,476.35974,0,0,0,19785.838,475.28305,True,2026022500354,171,0,1.2846921e-05,1.2633199e-05,-2.977248e-12,2285.4656,0.23210359,996.00793,0.2266644,False,-6665.691,1170.6061,False,False,True,15.028224,,1609.1945,1681,-6999.095,1.3293935,150.57564515969312,,3.1731575034969586,,0.7937439,,-39.016045,,,0,False,,,,,,,,0,False,False,False,27073.287,35.793427,0.1856988,0.15322459,0.023861358,0.16145319,0.19023868,-0.0023796782,False,False,False,False,0.0057816175,0.8639901,False,False,61097.30175902911,,20,False,False,False,False,False,False,False,False,False,False,False,False,False,False,False,False,False,False,False,False,False,z
4,61097.30045417679,lsst,150.57564000608474,3.1731616816799657,170059286935240883,170059312166076557,0,170059286935240883,-7014.547,461.6575,0,0,0,19860.006,461.306,True,2026022500355,141,0,1.2791529e-05,1.4399446e-05,1.8306277e-11,2103.284,0.22544038,1655.5433,0.26342586,False,-6046.99,1198.2063,False,False,True,14.989795,,1834.4711,1681,-6783.702,1.1162404,150.57564150216592,,3.173161297313932,,0.62263757,,-154.42897,,,0,False,,,,,,,,0,False,False,False,26951.875,34.18592,0.16611597,0.19957349,-0.0032569328,0.15675502,0.16403176,0.008052921,False,False,False,False,0.075564995,0.90749395,False,False,61097.302520106256,,19,False,False,False,False,False,False,False,False,False,False,False,False,False,False,False,False,False,False,False,False,False,z
4,61097.300923855684,lsst,150.5756586145214,3.1731434808358494,170059286935240883,170059312300294280,0,170059286935240883,-7008.0435,478.14258,0,0,0,19571.834,479.04327,True,2026022500356,141,0,1.5538577e-05,1.51460645e-05,-4.188697e-12,3609.419,0.28034082,1503.1493,0.27194434,False,-8174.7026,1203.7365,False,False,True,14.563387,,1649.9268,1681,-7206.2036,2.2576292,150.5756572919148,,3.173147840899543,,0.9510127,,-65.15441,,,0,False,,,,,,,,0,False,False,False,26749.307,34.571068,0.2754239,0.19533342,0.011142755,0.16313627,0.18256573,0.013354832,False,False,False,False,0.43189374,0.86874276,False,False,61097.3027939232,,20,False,False,False,False,False,False,False,False,False,False,False,False,False,False,False,False,False,False,False,False,False,z
4,61097.30139265975,lsst,150.57563160186785,3.1731687337785974,170059286935240883,170059312435036344,0,170059286935240883,-6575.9062,493.9735,0,0,0,20189.777,493.43146,True,2026022500357,142,0,1.5116277e-05,1.5641495e-05,4.2456503e-12,1346.3552,0.2713803,3729.0806,0.28230983,False,-6364.725,1214.0278,False,False,True,13.26991,,1676.7612,1681,-6019.296,1.560737,150.57562976981595,,3.1731713635996286,,0.10377406,,-104.88671,,,0,False,,,,,,,,0,False,False,False,26842.295,30.228668,0.18722321,0.18674794,-0.00038138244,0.16490966,0.18775381,-0.015763529,False,False,False,False,0.015967524,0.80553526,False,False,61097.30321541149,,20,False,False,False,False,False,False,False,False,False,False,False,False,False,False,False,False,False,False,False,False,False,z
4,61097.3018607558,lsst,150.57564859823455,3.1731913493317285,170059286935240883,170059312568729816,0,170059286935240883,-6558.401,483.40594,0,0,0,20237.338,486.04736,True,2026022500358,141,0,1.34141565e-05,1.4912013e-05,8.532226e-12,3860.657,0.2402581,3789.7463,0.26955697,False,-6432.5645,1231.1637,False,False,True,13.493163,,1701.8102,1681,-6171.394,6.109744,150.57564539803565,,3.17319245006277,,0.53205436,,-145.47011,,,0,False,,,,,,,,0,False,False,False,27000.023,33.67563,0.13214326,0.14909889,-0.0090636965,0.15835902,0.17290407,0.017242929,False,False,False,False,0.09011061,0.74525374,False,False,61097.303872334225,,18,False,False,False,False,False,False,False,False,False,False,False,False,False,False,False,False,False,False,False,False,False,z
4,61097.30233116129,lsst,150.57564636724913,3.1731603230028296,170059286935240883,170059312702947495,0,170059286935240883,-6829.535,516.17206,0,0,0,20244.074,518.02454,True,2026022500359,141,0,1.890199e-05,1.8918621e-05,-1.3527283e-13,2016.3607,0.340154,2548.9412,0.34064627,False,-8506.031,1236.9171,False,False,True,13.203674,,1673.0,1681,-6750.9395,6.378368,150.57564999476517,,3.17316122357758,,0.80306214,,-7.114909,,,0,False,,,,,,,,0,False,False,False,27121.885,28.429308,0.25479436,0.30398184,0.014377342,0.19320583,0.19079822,0.015592762,False,False,False,False,0.6300501,0.85419255,False,False,61097.304520663856,,20,False,False,False,False,False,False,False,False,False,False,False,False,False,False,False,False,False,False,False,False,False,z
4,61097.30290465482,lsst,150.57565163366442,3.1731581028473865,170059286935240883,170059312841883766,0,170059286935240883,-6738.805,534.9649,0,0,0,20350.04,536.38715,True,2026022500360,150,0,1.7443772e-05,1.7024442e-05,3.554829e-11,592.92584,0.29055616,546.9672,0.3287584,False,-6205.0483,1226.711,False,False,True,12.639058,,1778.1449,1681,-6993.031,13.25826,150.57565035014656,,3.173153398796056,,1.0309042,,-122.67022,,,0,False,,,,,,,,0,False,False,False,27203.617,44.59542,0.16704342,0.2647876,-0.0116628185,0.22635935,0.19297592,0.0039632064,False,False,False,False,0.00464351,0.8354469,False,False,61097.3046805772,,21,False,False,False,False,False,False,False,False,False,False,False,False,False,False,False,False,False,False,False,False,False,z
4,61097.303371670445,lsst,150.57563847572774,3.17316017713992,170059286935240883,170059312976101539,0,170059286935240883,-6469.892,502.16943,0,0,0,20525.824,504.1174,True,2026022500361,150,0,1.4663102e-05,1.4758983e-05,-1.731619e-11,1985.0695,0.2751842,2606.1003,0.25412017,False,-2980.559,1233.2766,False,False,True,12.99559,,1589.0767,1681,-6400.8687,11.616719,150.5756327027712,,3.1731594469959274,,0.85283816,,-4.9909644,,,0,False,,,,,,,,0,False,False,False,27059.912,31.815742,0.17465515,0.15697439,0.03273308,0.1808217,0.17713825,0.0017358785,False,False,False,False,0.023931593,0.5866172,False,False,61097.305174329085,,19,False,False,False,False,False,False,False,False,False,False,False,False,False,False,False,False,False,False,False,False,False,z
4,61097.30384665451,lsst,150.57564431628407,3.1731466872701493,170059286935240883,170059313110319276,0,170059286935240883,-6087.053,487.79517,0,0,0,20706.03,486.87872,True,2026022500362,150,0,1.5686193e-05,1.5637283e-05,-4.2090036e-11,2102.841,0.30508038,1566.5698,0.25671443,False,-5401.04,1239.7162,False,False,True,12.259743,,1689.7723,1681,-5938.97,1.4873554,150.57564237252708,,3.173144920740923,,0.7439855,,-76.21155,,,0,False,,,,,,,,0,False,False,False,26799.137,41.402916,0.19949158,0.17586188,-0.021869551,0.17982434,0.15577808,-0.0010820407,False,False,False,False,0.057173003,0.5957038,False,False,61097.30555152103,,19,False,False,False,False,False,False,False,False,False,False,False,False,False,False,False,False,False,False,False,False,False,z
2,61097.305671543334,lsst,150.57565078851826,3.173185399070986,170059286935240883,170059313244536964,0,170059286935240883,-3766.8909,188.98392,0,0,0,8486.922,188.18927,True,2026022500363,150,0,1.0432583e-05,1.0718013e-05,-3.1136954e-11,1475.1858,0.2152453,2080.9468,0.16162065,False,-3394.7576,407.40903,False,False,True,19.8123,,1688.301,1681,-3815.545,5.7033176,150.57564953179534,,3.1731846342981234,,1.1060852,,-40.147354,,,0,False,,,,,,,,0,False,False,False,12349.819,9.6370125,0.2694043,0.15125205,0.0042024897,0.23621789,0.21318893,0.010244701,False,False,False,False,0.022724023,0.6773525,False,False,61097.30754320991,,25,False,False,False,False,False,False,False,False,False,False,False,False,False,False,False,False,False,False,False,False,False,r
2,61097.30613740001,lsst,150.57565017936085,3.173171659821857,170059286935240883,170059313375084740,0,170059286935240883,-3508.8555,181.22598,0,0,0,8693.6455,180.93631,True,2026022500364,143,0,1.1690189e-05,1.1651697e-05,-4.5709936e-11,3481.8105,0.24260658,3348.0288,0.1712928,False,-3514.732,407.04504,False,False,True,19.197414,,1709.5043,1681,-3524.6643,0.9184941,150.57565012278698,,3.1731728501129752,,0.9953068,,-54.874557,,,0,False,,,,,,,,0,False,False,False,12276.852,10.797883,0.26125163,0.17367093,-0.015296868,0.22380617,0.17714405,0.010204772,False,False,False,False,0.035327587,0.7093455,False,False,61097.30806800458,,23,False,False,False,False,False,False,False,False,False,False,False,False,False,False,False,False,False,False,False,False,False,r
2,61097.30660463016,lsst,150.57565797728802,3.1731709215011317,170059286935240883,170059313525031053,0,170059286935240883,-3397.5593,193.68321,0,0,0,8731.889,191.36557,True,2026022500365,173,0,1.2560448e-05,1.2143607e-05,-4.5479225e-11,2565.5134,0.2533961,384.74548,0.18616922,False,-2929.968,434.92145,False,False,True,17.287502,,1674.1278,1681,-3477.7869,1.521041,150.57565725425897,,3.1731702694011736,,1.1366552,,-27.6464,,,0,False,,,,,,,,0,False,False,False,12190.455,10.9654665,0.25784045,0.16282366,0.041511755,0.21241993,0.18900554,0.0055670687,False,False,False,False,0.011459914,0.66709965,False,False,61097.308423538256,,21,False,False,False,False,False,False,False,False,False,False,False,False,False,False,False,False,False,False,False,False,False,r
2,61097.30707368819,lsst,150.57563534395757,3.1731867679199133,170059286935240883,170059313642995858,0,170059286935240883,-3285.4512,184.10025,0,0,0,8873.687,183.47722,True,2026022500366,142,0,1.1451735e-05,1.1405414e-05,-2.3160883e-12,3811.578,0.2074079,1993.8237,0.20387085,False,-2787.1387,409.15024,False,False,True,17.84043,,1774.5305,1681,-3181.3352,3.783675,150.57563488825446,,3.1731891134618824,,0.7035556,,-102.40314,,,0,False,,,,,,,,0,False,False,False,12226.345,10.298344,0.1812926,0.19085386,-0.021539735,0.22772011,0.19248958,0.0099456785,False,False,False,False,0.06636886,0.5251363,False,False,61097.308994421415,,21,False,False,False,False,False,False,False,False,False,False,False,False,False,False,False,False,False,False,False,False,False,r
2,61097.30754100163,lsst,150.57561705869512,3.1731531867541043,170059286935240883,170059313792942230,0,170059286935240883,-3263.3909,188.66718,0,0,0,8639.2,188.10094,True,2026022500367,172,0,1.3077502e-05,1.2845914e-05,-9.086386e-12,3495.7727,0.23973379,1637.1129,0.22674532,False,-3107.6685,428.68063,False,False,True,17.356003,,1637.2084,1681,-3221.5842,0.035217136,150.57561523863438,,3.173151145780898,,0.81721556,,-18.216543,,,0,False,,,,,,,,0,False,False,False,11956.714,12.032936,0.23660576,0.21794975,0.028494732,0.19952646,0.19060574,0.0027489099,False,False,False,False,0.124535285,0.6428643,False,False,61097.30961208325,,21,False,False,False,False,False,False,False,False,False,False,False,False,False,False,False,False,False,False,False,False,False,r
2,61097.30800764903,lsst,150.57564274302516,3.173147542288808,170059286935240883,170059313911431330,0,170059286935240883,-3077.491,181.248,0,0,0,8943.457,179.45593,True,2026022500368,142,0,1.4257195e-05,1.3144318e-05,-3.3717407e-11,2360.587,0.26980582,2572.9724,0.2212546,False,-3394.985,413.18674,False,False,True,16.79915,,1682.6119,1681,-3086.5432,1.3091865,150.57564365028813,,3.173149147459127,,0.9312478,,-40.533203,,,0,False,,,,,,,,0,False,False,False,12066.68,11.889829,0.2753985,0.20923537,0.021738203,0.19860695,0.18217711,0.009000605,False,False,False,False,0.2980172,0.6136629,False,False,61097.310046586455,,23,False,False,False,False,False,False,False,False,False,False,False,False,False,False,False,False,False,False,False,False,False,r
2,61097.308474792735,lsst,150.57565774020583,3.1731692663970947,170059286935240883,170059314061377677,0,170059286935240883,-3352.5132,182.72604,0,0,0,8743.495,181.3042,True,2026022500369,172,0,1.0515023e-05,1.03671055e-05,-2.7105924e-12,433.61282,0.19051072,1301.9358,0.18537189,False,-3351.5583,427.52505,False,False,True,18.104576,,1649.8365,1681,-3160.7292,0.29785216,150.5756582410664,,3.173169168669044,,0.59120744,,-141.05972,,,0,False,,,,,,,,0,False,False,False,12146.962,12.308611,0.16110247,0.19021636,-0.0047571096,0.18735234,0.17181148,0.007895891,False,False,False,False,0.002140039,0.69054955,False,False,61097.315241271484,,21,False,False,False,False,False,False,False,False,False,False,False,False,False,False,False,False,False,False,False,False,False,r
2,61097.30894467821,lsst,150.57563417104453,3.1731620305821924,170059286935240883,170059314179342495,0,170059286935240883,-3463.189,179.72255,0,0,0,8904.995,179.90053,True,2026022500370,141,0,1.05278605e-05,9.853199e-06,-9.365272e-12,4068.8242,0.19335207,2013.2324,0.17299755,False,-3254.7173,411.61963,False,False,True,19.2106,,1670.5754,1681,-3390.9832,1.7637933,150.57563450057617,,3.1731645492480887,,0.7531979,,-85.047134,,,0,False,,,,,,,,0,False,False,False,12413.327,11.711092,0.19968596,0.16266818,-0.017680276,0.2040908,0.1958278,0.009893427,False,False,False,False,0.04311819,0.6574732,False,False,61097.310804391214,,21,False,False,False,False,False,False,False,False,False,False,False,False,False,False,False,False,False,False,False,False,False,r
2,61097.30941434331,lsst,150.57564865484773,3.173173506066705,170059286935240883,170059314314084493,0,170059286935240883,-3027.298,178.51796,0,0,0,9172.833,176.96289,True,2026022500371,142,0,1.31836505e-05,1.1355746e-05,-2.4662673e-11,1322.2004,0.24443862,1690.6635,0.1955841,False,-2664.9268,411.37604,False,False,True,16.917696,,1627.5997,1681,-3067.5881,2.2920463,150.57564424944053,,3.1731753217652003,,0.95281905,,-49.389503,,,0,False,,,,,,,,0,False,False,False,12255.769,11.319237,0.2269086,0.15572578,0.023631025,0.18939395,0.18253033,0.004152888,False,False,False,False,0.003844916,0.67105865,False,False,61097.31125855674,,20,False,False,False,False,False,False,False,False,False,False,False,False,False,False,False,False,False,False,False,False,False,r
2,61097.30988670341,lsst,150.57565501888612,3.173145305848691,170059286935240883,170059314448302284,0,170059286935240883,-3167.3687,178.50687,0,0,0,8898.788,177.04637,True,2026022500372,142,0,1.2831201e-05,1.2924951e-05,1.0492153e-12,3536.5002,0.23053445,3673.2778,0.23300351,False,-3214.2905,411.16525,False,False,True,17.661465,,1602.7842,1681,-3064.6853,0.70053965,150.57565714646654,,3.1731453492469774,,0.56324893,,-8.281328,,,0,False,,,,,,,,0,False,False,False,12131.384,11.804817,0.24309455,0.25749558,0.011593092,0.20351371,0.184018,0.018294098,False,False,False,False,0.33778694,0.62008715,False,False,61097.31190338251,,21,False,False,False,False,False,False,False,False,False,False,False,False,False,False,False,False,False,False,False,False,False,r
2,61097.31035608298,lsst,150.57563652143455,3.1731983009036195,170059286935240883,170059314582519979,0,170059286935240883,-3130.821,180.65463,0,0,0,9098.508,180.521,True,2026022500373,142,0,1.237564e-05,1.4042934e-05,1.5733307e-11,1846.6898,0.21890861,3937.405,0.25606284,False,-3192.992,412.8004,False,False,True,17.096376,,1596.3606,1681,-3143.5737,0.6136443,150.5756332992066,,3.173196384329269,,0.9407179,,17.220846,,,0,False,,,,,,,,0,False,False,False,12309.044,12.49541,0.18878643,0.270142,0.000845432,0.19044337,0.19897331,0.010738379,False,False,False,False,0.14361718,0.65530354,False,False,61097.31244206891,,21,False,False,False,False,False,False,False,False,False,False,False,False,False,False,False,False,False,False,False,False,False,r
2,61097.311965470464,lsst,150.57562417248062,3.1731902505765466,170059286935240883,170059314987270281,0,170059286935240883,-2628.3337,204.77304,0,0,0,9516.886,203.81848,True,2026022500376,146,0,1.8630959e-05,1.8031515e-05,1.9263003e-12,2304.4272,0.32452816,2582.1633,0.33532932,False,-2434.625,417.70016,False,False,True,12.784032,,1683.256,1681,-2731.174,5.455574,150.5756210313568,,3.173188570781793,,1.1763765,,35.98834,,,0,False,,,,,,,,0,False,False,False,12182.485,13.16928,0.24607134,0.2314781,0.06655583,0.27955022,0.26055494,0.0040841154,False,False,False,False,0.0865706,0.5537958,False,False,61097.31381051735,,23,False,False,False,False,False,False,False,False,False,False,False,False,False,False,False,False,False,False,False,False,False,r
2,61097.31243547288,lsst,150.57567060037854,3.173180334721526,170059286935240883,170059315121487985,0,170059286935240883,-2545.3584,204.71109,0,0,0,9636.484,204.42451,True,2026022500377,146,0,1.7697525e-05,2.2790744e-05,-3.3547137e-11,1781.798,0.4123315,1677.7904,0.31573313,False,-2363.9622,415.80365,False,False,True,12.429545,,1574.9779,1681,-2658.5447,3.0894616,150.57567385996165,,3.173180561761014,,1.148501,,-22.958982,,,0,False,,,,,,,,0,False,False,False,12189.075,10.755862,0.31554145,0.20505722,-0.029447017,0.27934584,0.27092016,-0.013160859,False,False,False,False,0.019788826,0.5219344,False,False,61097.314094210014,,23,False,False,False,False,False,False,False,False,False,False,False,False,False,False,False,False,False,False,False,False,False,r
2,61097.313374165045,lsst,150.57564048779014,3.1731655132209817,170059286935240883,170059315390972061,0,170059286935240883,-2611.6267,190.92767,0,0,0,9599.6455,189.93561,True,2026022500379,148,0,1.5924039e-05,1.5935007e-05,-4.565263e-13,3448.8284,0.28688908,2211.8801,0.28648236,False,-2009.2008,415.14243,False,False,True,13.712713,,1689.7667,1681,-2582.143,1.5962954,150.57564299995823,,3.173167787018449,,0.746179,,39.570698,,,0,False,,,,,,,,0,False,False,False,12236.051,9.840803,0.19540259,0.21171182,0.02349109,0.22818996,0.21974972,-0.0031821372,False,False,False,False,0.045431107,0.5185216,False,False,61097.315478287164,,22,False,False,False,False,False,False,False,False,False,False,False,False,False,False,False,False,False,False,False,False,False,r
2,61097.31384446165,lsst,150.57565231950818,3.1731711669969553,170059286935240883,170059315525189775,0,170059286935240883,-2792.2402,189.36206,0,0,0,9504.877,188.36208,True,2026022500380,148,0,1.30099415e-05,1.4105884e-05,-1.1095836e-11,3296.485,0.25619817,3790.1475,0.23162739,False,-2013.3162,416.76016,False,False,True,14.628535,,1718.6472,1681,-2697.0447,5.1104474,150.57564755650964,,3.1731698069342285,,0.6364059,,-22.588839,,,0,False,,,,,,,,0,False,False,False,12319.144,10.330131,0.19936255,0.16410187,-0.0028193947,0.22761555,0.21025534,0.0011738441,False,False,False,False,0.14617161,0.5787311,False,False,61097.31590782106,,22,False,False,False,False,False,False,False,False,False,False,False,False,False,False,False,False,False,False,False,False,False,r
2,61097.314781012596,lsst,150.5756650571313,3.173145893523268,170059286935240883,170059315795198086,0,170059286935240883,-2421.012,201.74759,0,0,0,9693.113,199.43459,True,2026022500382,151,0,2.0482572e-05,2.0594965e-05,-3.3610326e-12,1087.1919,0.37133715,2307.6292,0.36802185,False,-2425.385,420.3153,False,False,True,11.869371,,1788.4966,1681,-2539.8354,0.7397066,150.57566910731066,,3.1731497066946397,,1.1889571,,19.313908,,,0,False,,,,,,,,0,False,False,False,12118.368,15.169577,0.30128118,0.29306328,0.066414975,0.25497207,0.24610351,0.012809203,False,False,False,False,0.19506432,0.5304817,False,False,61097.31702780244,,23,False,False,False,False,False,False,False,False,False,False,False,False,False,False,False,False,False,False,False,False,False,r
2,61097.31572252775,lsst,150.57562155062197,3.173178148503395,170059286935240883,170059316063109262,0,170059286935240883,-2461.48,204.21281,0,0,0,9644.893,202.89467,True,2026022500384,150,0,2.0710359e-05,2.2286315e-05,-5.922314e-11,2490.9282,0.41456828,3564.0537,0.35768422,False,-2534.8562,418.42575,False,False,True,12.040679,,1625.767,1681,-2603.3962,2.078666,150.57562091858443,,3.173179871835093,,1.2470173,,-55.623272,,,0,False,,,,,,,,0,False,False,False,12181.743,14.43778,0.34392276,0.2514991,-0.057931025,0.2692214,0.2420903,-0.00080611155,False,False,False,False,0.15879694,0.51883763,False,False,61097.317808097156,,25,False,False,False,False,False,False,False,False,False,False,False,False,False,False,False,False,False,False,False,False,False,r
3,61097.317688390365,lsst,150.57565791282076,3.1731517936654394,170059286935240883,170059316188938343,0,170059286935240883,-3764.7551,330.0641,0,0,0,17373.443,334.04858,True,2026022500385,134,0,1.7312366e-05,2.4187275e-05,6.021532e-11,3925.2607,0.30505383,814.26654,0.43993807,False,-4072.4197,733.83716,False,False,True,11.283185,,1628.3955,1681,-4013.434,2.6288326,150.57565791367693,,3.1731569133304607,,1.2398689,,6.8496594,,,0,False,,,,,,,,0,False,False,False,21302.27,13.475374,0.19431837,0.34093,0.011961965,0.2162704,0.23259866,0.014805984,False,False,False,False,0.1875455,0.6039112,False,False,61097.319274658876,,22,False,False,False,False,False,False,False,False,False,False,False,False,False,False,False,False,False,False,False,False,False,i
3,61097.318156958136,lsst,150.5756594642381,3.1731467624593868,170059286935240883,170059316326826109,0,170059286935240883,-3191.685,315.88953,0,0,0,17768.127,315.94394,True,2026022500386,141,0,1.7004226e-05,1.809208e-05,5.557606e-12,1201.2783,0.30549237,888.5916,0.32609114,False,-3553.5781,731.35364,False,False,True,9.747725,,1706.5767,1681,-3159.9602,19.629192,150.5756619598167,,3.1731417661883654,,1.0155355,,-40.93829,,,0,False,,,,,,,,0,False,False,False,21036.32,19.076313,0.17155845,0.15621845,0.04997753,0.19549337,0.20194317,0.015558795,False,False,False,False,0.14148776,0.6258605,False,False,61097.31976528488,,18,False,False,False,False,False,False,False,False,False,False,False,False,False,False,False,False,False,False,False,False,False,i
3,61097.31862808678,lsst,150.57566135431813,3.173137260266332,170059286935240883,170059316461043854,0,170059286935240883,-3924.492,316.0435,0,0,0,16826.057,315.85147,True,2026022500387,141,0,1.9286352e-05,1.6567901e-05,-9.600514e-12,2815.6912,0.3474025,3384.735,0.29781318,False,-4330.669,733.19037,False,False,True,12.438321,,1695.942,1681,-4104.6157,6.805321,150.57566086847325,,3.1731352917859703,,1.0682672,,-90.98765,,,0,False,,,,,,,,0,False,False,False,20775.97,15.899542,0.26107445,0.15428826,-0.012225841,0.19205515,0.2058269,0.009224558,False,False,False,False,0.009552136,0.56022924,False,False,61097.32037131634,,20,False,False,False,False,False,False,False,False,False,False,False,False,False,False,False,False,False,False,False,False,False,i
3,61097.3190973958,lsst,150.5756377714618,3.173172887640258,170059286935240883,170059316595261567,0,170059286935240883,-3149.8984,328.1841,0,0,0,17858.383,327.94275,True,2026022500388,141,0,2.5129095e-05,2.547781e-05,2.347087e-13,1113.4099,0.45212942,3188.095,0.45876983,False,-3624.0215,732.80414,False,False,True,9.669289,,1645.8391,1681,-3179.9785,10.307869,150.57563501024876,,3.17317565213815,,0.88504994,,-149.58441,,,0,False,,,,,,,,0,False,False,False,21136.809,14.566065,0.1947552,0.2348711,-0.0296743,0.20972954,0.21981764,-0.007459903,False,False,False,False,1.821928e-07,0.5628601,False,False,61097.320963440216,,20,False,False,False,False,False,False,False,False,False,False,False,False,False,False,False,False,False,False,False,False,False,i
3,61097.31956964833,lsst,150.5756640543464,3.17314751295621,170059286935240883,170059316725809265,0,170059286935240883,-3669.9094,326.1296,0,0,0,17156.65,324.73447,True,2026022500389,134,0,1.7406837e-05,1.678327e-05,-9.8620446e-14,3716.5042,0.31317624,1684.1768,0.30213696,False,-3255.6667,731.87,False,False,True,11.213843,,1706.8306,1681,-3694.9653,4.057135,150.5756683483579,,3.1731464991648757,,0.9372304,,-120.57774,,,0,False,,,,,,,,0,False,False,False,20916.398,18.283407,0.18408452,0.14232694,-0.036483914,0.20490946,0.2366613,0.010700515,False,False,False,False,0.3129053,0.6201788,False,False,61097.32119385075,,20,False,False,False,False,False,False,False,False,False,False,False,False,False,False,False,False,False,False,False,False,False,i
3,61097.322050417104,lsst,150.57566079299042,3.17317871997773,170059286935240883,170059317401616524,0,170059286935240883,-3602.8203,313.11902,0,0,0,17227.068,311.7806,True,2026022500394,143,0,1.8169596e-05,1.8628196e-05,3.479516e-11,1323.3082,0.31300214,3867.5623,0.34846348,False,-4745.6523,739.8376,False,False,True,11.254507,,1776.1472,1681,-3797.7393,2.1757963,150.57565327229273,,3.1731767763154295,,1.1236782,,15.249584,,,0,False,,,,,,,,0,False,False,False,20859.697,19.5039,0.2088069,0.29249802,0.04282667,0.20598565,0.1921304,0.013356299,False,False,False,False,0.28415018,0.6190326,False,False,61097.32383602549,,20,False,False,False,False,False,False,False,False,False,False,False,False,False,False,False,False,False,False,False,False,False,i
