band,mjd,survey_id,ra,dec,oid,measurement_id,parentDiaSourceId,diaObjectId,psfFlux,psfFluxErr,psfFlux_flag,psfFlux_flag_edge,psfFlux_flag_noGoodPixels,scienceFlux,scienceFluxErr,has_stamp,visit,detector,ssObjectId,raErr,decErr,ra_dec_Cov,x,xErr,y,yErr,centroid_flag,apFlux,apFluxErr,apFlux_flag,apFlux_flag_apertureTruncated,isNegative,snr,psfLnL,psfChi2,psfNdata,trailFlux,trailFluxErr,trailRa,trailRaErr,trailDec,trailDecErr,trailLength,trailLengthErr,trailAngle,trailAngleErr,trailChi2,trailNdata,trail_flag_edge,dipoleMeanFlux,dipoleMeanFluxErr,dipoleFluxDiff,dipoleFluxDiffErr,dipoleLength,dipoleAngle,dipoleChi2,dipoleNdata,forced_PsfFlux_flag,forced_PsfFlux_flag_edge,forced_PsfFlux_flag_noGoodPixels,templateFlux,templateFluxErr,ixx,iyy,ixy,ixxPSF,iyyPSF,ixyPSF,shape_flag,shape_flag_no_pixels,shape_flag_not_contained,shape_flag_parent_source,extendedness,reliability,isDipole,dipoleFitAttempted,timeProcessedMjdTai,timeWithdrawnMjdTai,bboxSize,pixelFlags,pixelFlags_bad,pixelFlags_cr,pixelFlags_crCenter,pixelFlags_edge,pixelFlags_nodata,pixelFlags_nodataCenter,pixelFlags_interpolated,pixelFlags_interpolatedCenter,pixelFlags_offimage,pixelFlags_saturated,pixelFlags_saturatedCenter,pixelFlags_suspect,pixelFlags_suspectCenter,pixelFlags_streak,pixelFlags_streakCenter,pixelFlags_injected,pixelFlags_injectedCenter,pixelFlags_injected_template,pixelFlags_injected_templateCenter,glint_trail,band_name
2,61088.098045202045,lsst,60.21541316660537,-48.05302577187003,313765480566358165,170019696319397995,0,313765480566358165,1383.5854,143.49443,0,0,0,1991.8314,139.06357,True,2026021600106,126,0.0,3.752027e-05,3.8395105e-05,-3.4495296e-10,1762.915,0.59565693,3374.3083,0.7609577,False,1733.5099,309.8473,False,False,False,9.663351,,1644.865,1681,1513.4055,3.7232609,60.21541504918342,,-48.053019562974136,,1.4563051,,-51.76237,,,0,False,,,,,,,,0,False,False,False,610.434,30.435081,0.18231693,0.3850596,0.03528903,0.28478503,0.2173759,0.023830734,False,False,False,False,0.100477874,0.91305393,False,False,61088.0998962878,,22,False,False,False,False,False,False,False,False,False,False,False,False,False,False,False,False,False,False,False,False,False,r
3,61090.04802149777,lsst,60.21530639633723,-48.05294898684731,313765480566358165,170028485844140126,0,313765480566358165,1189.952,209.09251,0,0,0,2604.7957,211.4549,True,2026021800057,142,0.0,3.9743576e-05,3.2192525e-05,-7.657407e-11,2844.2314,0.71761334,3133.4897,0.5767865,False,956.1922,475.07526,False,False,False,5.6693616,,1614.0385,1681,1222.5239,3.007009,60.215301908707566,,-48.05294268970333,,1.2108896,,-45.752254,,,0,False,,,,,,,,0,False,False,False,1439.8733,13.043974,0.22562829,0.18195087,0.07033609,0.23612902,0.20418483,-0.0023781408,False,False,False,False,0.029970312,0.43285638,False,False,61090.04998636704,,16,False,False,False,False,False,False,False,False,False,False,False,False,False,False,False,False,False,False,False,False,False,i
3,61090.05311199976,lsst,60.21535558348473,-48.05298472028124,313765480566358165,170028486123585654,0,313765480566358165,1336.1967,209.86961,0,0,0,2954.8616,212.16374,True,2026021800059,163,0.0,2.6880412e-05,3.0273872e-05,5.8162837e-12,3337.2126,0.48405772,3893.3315,0.54576147,False,972.88336,471.71002,False,False,False,6.2391143,,1657.7538,1681,1372.9873,5.2548113,60.21537314974218,,-48.052971802244265,,1.3396802,,-177.80797,,,0,False,,,,,,,,0,False,False,False,1620.7319,16.344597,0.13736984,0.3208048,-0.00078314735,0.2294153,0.21471247,-0.009283334,False,False,False,False,0.0055490197,0.45362648,False,False,61090.05494048516,,18,False,False,False,False,False,False,False,False,False,False,False,False,False,False,False,False,False,False,False,False,False,i
3,61090.053544324786,lsst,60.215394502701784,-48.053022299954556,313765480566358165,170028486231588952,0,313765480566358165,1397.1681,210.76184,0,0,0,3202.7102,212.17557,True,2026021800060,113,0.0,2.4963243e-05,3.7788424e-05,-1.0628677e-11,2023.0221,0.450452,2635.6301,0.6806527,False,1334.2839,485.4396,False,False,False,6.5717835,,1700.5643,1681,1421.0483,9.418808,60.2153888536985,,-48.05301293286766,,1.1721396,,-6.7125883,,,0,False,,,,,,,,0,False,False,False,1740.7313,26.016462,0.14104925,0.27401912,0.014044306,0.19735256,0.22969677,0.016799947,False,False,False,False,0.0042062583,0.66154504,False,False,61090.05548758218,,17,False,False,False,False,False,False,False,False,False,False,False,False,False,False,False,False,False,False,False,False,False,i
3,61090.05397557079,lsst,60.21539831843159,-48.05303031506042,313765480566358165,170028486375768169,0,313765480566358165,1477.4985,238.07259,0,0,0,3337.5198,239.76997,True,2026021800061,132,0.0,3.249999e-05,3.7234877e-05,-2.34084e-11,366.40494,0.5851186,3365.0886,0.6712474,False,612.2801,481.04443,False,False,False,6.2981577,,1752.4729,1681,1461.897,3.2971528,60.21539010671188,,-48.05303144045538,,1.1478419,,-49.3481,,,0,False,,,,,,,,0,False,False,False,1829.3834,9.972744,0.19862589,0.19585378,0.065253824,0.2750442,0.27980748,-0.015872492,False,False,False,False,0.44039464,0.6250021,False,False,61090.056063621145,,17,False,False,False,False,False,False,False,False,False,False,False,False,False,False,False,False,False,False,False,False,False,i
3,61090.05484020081,lsst,60.215459809796414,-48.053013354096315,313765480566358165,170028486660456483,0,313765480566358165,1411.2972,222.20409,0,0,0,3388.6338,224.25323,True,2026021800063,163,0.0,3.8675327e-05,3.2518972e-05,7.958658e-11,2890.757,0.6997078,1276.7603,0.5821058,False,167.94907,484.7949,False,False,False,6.462674,,1671.0499,1681,,,,,,,,,,,,0,False,,,,,,,,0,False,False,False,1838.0876,13.81489,,,,0.2510515,0.2206183,-0.0005755918,True,False,False,False,,0.37158293,False,False,61090.05677494667,,17,False,False,False,False,False,False,False,False,False,False,False,False,False,False,False,False,False,False,False,False,False,i
3,61090.05570723054,lsst,60.21537334428907,-48.053037204788765,313765480566358165,170028486914211959,0,313765480566358165,1638.6935,225.65097,0,0,0,3425.7341,228.66704,True,2026021800065,135,0.0,2.8102777e-05,3.3482847e-05,-1.00595976e-10,2115.7964,0.49654362,3958.7336,0.6101094,False,1737.6653,477.35327,False,False,False,7.182123,,1735.7375,1681,1622.8988,2.0060608,60.215365789113044,,-48.05303596084569,,1.1043489,,-32.14952,,,0,False,,,,,,,,0,False,False,False,1803.1589,11.595159,0.1821961,0.27973706,0.03177096,0.2667547,0.24413784,0.0066757626,False,False,False,False,0.05692864,0.5558404,False,False,61090.05771694306,,19,False,False,False,False,False,False,False,False,False,False,False,False,False,False,False,False,False,False,False,False,False,i
3,61090.05657633815,lsst,60.215273839479245,-48.052939535524075,313765480566358165,170028487181074467,0,313765480566358165,1283.5702,216.3228,0,0,0,2728.6077,219.5653,True,2026021800067,132,0.0,4.1255367e-05,4.482755e-05,-1.5233007e-10,3366.217,0.7291593,822.8547,0.8198852,False,1912.431,481.63647,False,False,False,5.868392,,1715.8497,1681,1407.1216,14.125652,60.21529726099859,,-48.05295852646842,,1.6024827,,-59.604504,,,0,False,,,,,,,,0,False,False,False,1369.9966,15.770524,0.2288881,0.3006121,0.13337952,0.23892242,0.22146264,0.008144294,False,False,False,False,0.12176668,0.27585483,False,False,61090.05875867184,,16,False,False,False,False,False,False,False,False,False,False,False,False,False,False,False,False,False,False,False,False,False,i
3,61090.057454242386,lsst,60.215366439688296,-48.052988903428655,313765480566358165,170028487445315621,0,313765480566358165,1571.889,221.77454,0,0,0,3238.122,224.82327,True,2026021800069,124,0.0,3.4592787e-05,3.0845298e-05,1.8234711e-10,3175.823,0.6484922,1150.2163,0.52665925,False,1051.1117,492.23422,False,False,False,7.105733,,1722.8186,1681,1602.6462,3.300043,60.215365362348344,,-48.05297713149163,,1.0189705,,-72.757484,,,0,False,,,,,,,,0,False,False,False,1678.9705,15.83525,0.25689086,0.25857082,0.047944225,0.25708672,0.20522425,-0.0014959828,False,False,False,False,0.073726095,0.6276391,False,False,61090.05952080793,,18,False,False,False,False,False,False,False,False,False,False,False,False,False,False,False,False,False,False,False,False,False,i
3,61090.05834212341,lsst,60.2153572094392,-48.053000865097914,313765480566358165,170028487716372490,0,313765480566358165,1104.8173,201.27658,0,0,0,2753.3289,203.14134,True,2026021800071,129,0.0,3.6024947e-05,3.7723854e-05,-1.1223338e-10,1944.2098,0.632095,359.04282,0.69470215,False,592.4068,476.11868,False,False,False,5.574284,,1696.7223,1681,,,,,,,,,,,,0,False,,,,,,,,0,False,False,False,1647.915,18.203114,,,,0.20230542,0.19721025,0.016909346,True,False,False,False,,0.47630298,False,False,61090.060313667665,,13,False,False,False,False,False,False,False,False,False,False,False,False,False,False,False,False,False,False,False,False,False,i
3,61090.05920654317,lsst,60.21538297868843,-48.05299342298882,313765480566358165,170028487983759445,0,313765480566358165,1747.5927,232.5613,0,0,0,3514.379,236.3242,True,2026021800073,127,0.0,2.8849634e-05,2.934907e-05,-4.6158667e-11,1469.5176,0.5086771,2207.8123,0.53850806,False,1345.1833,484.79846,False,False,False,7.4894285,,1736.6185,1681,1707.3219,5.0318003,60.21537512374377,,-48.052996382372214,,1.0012121,,174.19463,,,0,False,,,,,,,,0,False,False,False,1752.006,11.17214,0.18845208,0.23499414,-0.04101698,0.2801448,0.24285322,0.002532717,False,False,False,False,0.21090585,0.59059083,False,False,61090.0613772316,,19,False,False,False,False,False,False,False,False,False,False,False,False,False,False,False,False,False,False,False,False,False,i
3,61090.060069867875,lsst,60.21543778613957,-48.05299948258731,313765480566358165,170028488231223371,0,313765480566358165,1208.2894,232.16788,0,0,0,3023.4731,236.09396,True,2026021800075,87,0.0,7.101735e-05,7.47918e-05,-2.5225344e-09,1988.5928,0.94951457,2535.817,1.5951492,False,1566.3021,479.80075,False,False,False,5.1226454,,1623.1997,1681,1432.32,31.803934,60.21545265927686,,-48.05301534021272,,1.9856441,,143.10307,,,0,False,,,,,,,,0,False,False,False,1849.3545,9.854902,0.13268459,0.56875926,-0.03830643,0.27686417,0.26393807,0.0063501536,False,False,False,False,0.44927877,0.13128085,False,False,61090.06226202029,,14,False,False,False,False,False,False,False,False,False,False,False,False,False,False,False,False,False,False,False,False,False,i
2,61090.092331364,lsst,60.21540137923404,-48.05301929385635,313765480566358165,170028496722591764,0,313765480566358165,1657.0493,166.83835,0,0,0,2335.742,165.31966,True,2026021800138,155,0.0,2.7039e-05,2.712232e-05,-7.596723e-13,2356.774,0.4879012,483.41077,0.48852336,False,1718.1395,349.17914,False,False,False,9.900113,,1763.9668,1681,1591.4457,0.74106413,60.21540404487308,,-48.05301836712253,,0.7038898,,-148.38484,,,0,False,,,,,,,,0,False,False,False,618.2334,19.492928,0.30082703,0.29577288,-0.02137861,0.25287974,0.25620484,0.0040093255,False,False,False,False,0.17191876,0.7040969,False,False,61090.09420646516,,21,False,False,False,False,False,False,False,False,False,False,False,False,False,False,False,False,False,False,False,False,False,r
2,61090.09448914582,lsst,60.21541157507384,-48.05297921024957,313765480566358165,170028497380048986,0,313765480566358165,1563.1453,195.36754,0,0,0,2347.5222,195.97098,True,2026021800143,129,0.0,3.8749316e-05,3.6695626e-05,1.6742077e-10,3772.8508,0.72204345,3883.2522,0.6338971,False,1555.0676,338.46655,False,False,False,7.8875813,,1647.5573,1681,1708.5082,8.564991,60.21543608134635,,-48.05296996766102,,2.0487392,,-94.81203,,,0,False,,,,,,,,0,False,False,False,749.3418,14.961823,0.63414073,0.39197895,0.17952067,0.43572736,0.39096016,0.026821887,False,False,False,False,0.45209715,0.5448353,False,False,61090.096489532974,,26,False,False,False,False,False,False,False,False,False,False,False,False,False,False,False,False,False,False,False,False,False,r
2,61090.09535383881,lsst,60.21539292049458,-48.053012114734045,313765480566358165,170028497649008676,0,313765480566358165,1910.0476,201.6247,0,0,0,2709.3013,201.09183,True,2026021800145,130,0.0,3.3327186e-05,3.3261545e-05,5.5604896e-12,469.585,0.6008687,1433.556,0.59769475,False,1761.5631,343.20474,False,False,False,9.365037,,1616.78,1681,1829.0101,2.5813415,60.21541410942602,,-48.053012165077895,,0.55320394,,-105.64629,,,0,False,,,,,,,,0,False,False,False,773.09076,14.728807,0.49628648,0.4783044,0.009325499,0.43052292,0.41108236,0.04798033,False,False,False,False,0.23099443,0.53977484,False,False,61090.09769260329,,28,False,False,False,False,False,False,False,False,False,False,False,False,False,False,False,False,False,False,False,False,False,r
2,61090.096429813224,lsst,60.215418464559065,-48.053000881341916,313765480566358165,170028497923735642,0,313765480566358165,1601.7756,173.2256,0,0,0,2279.757,172.28648,True,2026021800147,142,0.0,2.417718e-05,2.1824384e-05,-2.144749e-11,3788.1313,0.4365198,3079.7866,0.39131933,False,1045.7451,335.6473,False,False,False,9.173884,,1705.4065,1681,1527.8232,20.36072,60.2154039730721,,-48.052985289477405,,0.9468113,,-111.74258,,,0,False,,,,,,,,0,False,False,False,674.9121,14.960905,0.208153,0.172881,-0.038272854,0.31668174,0.30005276,0.0019299401,False,False,False,False,0.67566866,0.6979451,False,False,61090.09843426779,,23,False,False,False,False,False,False,False,False,False,False,False,False,False,False,False,False,False,False,False,False,False,r
2,61090.09729951261,lsst,60.21542507054955,-48.05302219928606,313765480566358165,170028498205278219,0,313765480566358165,1661.4312,214.79675,0,0,0,2412.923,215.49423,True,2026021800149,167,0.0,4.6584148e-05,8.055486e-05,3.4802616e-10,245.81786,0.83332396,211.04321,1.4551427,False,2084.1958,363.47412,False,False,False,7.608632,,1629.122,1681,1932.5421,6.2091846,60.215432242428136,,-48.052985833785044,,2.3610106,,-17.491436,,,0,False,,,,,,,,0,False,False,False,802.9424,11.166595,0.40525642,0.8276745,0.2051402,0.40213636,0.4525514,-0.014420329,False,False,False,False,0.87703717,0.22585191,False,False,61090.09918711835,,26,False,False,False,False,False,False,False,False,False,False,False,False,False,False,False,False,False,False,False,False,False,r
2,61090.097731774,lsst,60.21539312763712,-48.0529645626742,313765480566358165,170028498311184407,0,313765480566358165,1597.7728,228.36626,0,0,0,2424.9373,232.17557,True,2026021800150,113,0.0,9.3943796e-05,7.496507e-05,-1.5215708e-10,2000.927,1.6954786,864.0121,1.3492213,False,1799.2383,358.32062,False,False,False,6.9700456,,1692.3557,1681,1840.5984,1.0737486,60.21538284499401,,-48.052964687411794,,2.2402775,,-53.24936,,,0,False,,,,,,,,0,False,False,False,792.8991,9.852859,0.85878754,0.67325646,0.22975124,0.49728638,0.532225,0.021280408,False,False,False,False,0.9537996,0.1901039,False,False,61090.09968256792,,29,False,False,False,False,False,False,False,False,False,False,False,False,False,False,False,False,False,False,False,False,False,r
2,61090.09859919323,lsst,60.21539217081269,-48.05301727691515,313765480566358165,170028498578047059,0,313765480566358165,1570.14,184.59024,0,0,0,2296.006,183.3778,True,2026021800152,110,0.0,3.0522697e-05,3.598215e-05,-1.9127446e-11,748.3728,0.55016005,2792.5264,0.64819133,False,1742.278,347.5363,False,False,False,8.467846,,1630.8047,1681,1585.7196,3.9950907,60.21537753472558,,-48.05300845834208,,1.165701,,-34.69359,,,0,False,,,,,,,,0,False,False,False,692.3503,12.878799,0.28254497,0.33892092,0.05670351,0.35237288,0.322397,-0.017654542,False,False,False,False,0.051389143,0.5517652,False,False,61090.100692045926,,23,False,False,False,False,False,False,False,False,False,False,False,False,False,False,False,False,False,False,False,False,False,r
2,61090.09903290651,lsst,60.21539119773511,-48.052967067217764,313765480566358165,170028498740052032,0,313765480566358165,1623.8741,166.69865,0,0,0,2187.5405,164.6889,True,2026021800153,163,0.0,2.593054e-05,2.412659e-05,1.1014798e-11,3951.5867,0.46728626,1859.4271,0.4342293,False,1845.555,344.94452,False,False,False,9.48209,,1688.2723,1681,1832.1512,8.119948,60.2154349875625,,-48.052998178588616,,2.0085614,,-51.666695,,,0,False,,,,,,,,0,False,False,False,564.03723,21.154978,0.42689776,0.43570834,0.21487828,0.28400248,0.25278428,0.0031060667,False,False,False,False,0.9158388,0.6775678,False,False,61090.101008703336,,24,False,False,False,False,False,False,False,False,False,False,False,False,False,False,False,False,False,False,False,False,False,r
2,61090.101626195785,lsst,60.21542912413065,-48.053046160257765,313765480566358165,170028499524911165,0,313765480566358165,1851.8257,198.23372,0,0,0,2544.7207,197.88644,True,2026021800159,124,0.0,2.2168133e-05,2.237546e-05,-7.147437e-12,3985.9575,0.3980336,2344.3794,0.4046884,False,1230.7798,352.4684,False,False,False,9.2284155,,1695.7318,1681,1769.2518,8.550585,60.21542494162968,,-48.05303720042449,,0.9205944,,-89.48617,,,0,False,,,,,,,,0,False,False,False,787.8043,16.277803,0.20754018,0.15839271,0.031260084,0.39578742,0.36117563,-0.010495005,False,False,False,False,0.9204221,0.7306031,False,False,61090.10376361676,,23,False,False,False,False,False,False,False,False,False,False,False,False,False,False,False,False,False,False,False,False,False,r
2,61090.10205793161,lsst,60.2153923338895,-48.05300942721638,313765480566358165,170028499676430399,0,313765480566358165,1829.8994,205.76143,0,0,0,2633.382,206.38255,True,2026021800160,157,0.0,3.395388e-05,3.2215838e-05,8.287453e-11,2094.5208,0.6237577,2497.3806,0.56809604,False,1902.0444,356.2823,False,False,False,8.696723,,1724.5913,1681,2232.4985,2.524725,60.21545568873951,,-48.053009127143106,,2.8808,,-88.57249,,,0,False,,,,,,,,0,False,False,False,747.14526,11.041595,0.9010683,0.37038404,0.4125677,0.4571252,0.36837792,0.0127468305,False,False,False,False,0.9511781,0.35023764,False,False,61090.1040593635,,28,False,True,False,False,False,False,False,True,False,False,False,False,False,False,False,False,False,False,False,False,False,r
2,61090.102574620774,lsst,60.21540459246979,-48.05297342775597,313765480566358165,170028499798065170,0,313765480566358165,1808.5612,191.89386,0,0,0,2530.1812,191.86288,True,2026021800161,133,0.0,3.276273e-05,3.6868325e-05,-7.554864e-11,1524.3972,0.58458686,496.0961,0.6683937,False,2372.0447,344.3639,False,False,False,9.286223,,1747.385,1681,1728.8357,6.7611914,60.21541774147152,,-48.0529707949388,,0.67531806,,-37.52675,,,0,False,,,,,,,,0,False,False,False,693.59534,13.816513,0.49033627,0.51657623,0.014344547,0.3926414,0.35489556,-0.0036995332,False,False,False,False,0.67546266,0.49067104,False,False,61090.10444099414,,26,False,False,False,False,False,False,False,False,False,False,False,False,False,False,False,False,False,False,False,False,False,r
2,61090.10343626949,lsst,60.215410379926254,-48.053005439748645,313765480566358165,170028500065452077,0,313765480566358165,1467.4718,176.22491,0,0,0,2140.6704,172.94002,True,2026021800163,131,0.0,3.1367512e-05,2.611588e-05,1.2150779e-10,225.04259,0.57653713,1379.8134,0.4550266,False,1335.2357,338.14493,False,False,False,8.226819,,1671.687,1681,1569.6051,16.464195,60.215426397126144,,-48.05300732340576,,1.7757771,,-71.30998,,,0,False,,,,,,,,0,False,False,False,677.7909,13.804443,0.3204475,0.23685957,0.17243297,0.33503905,0.29802704,0.016870288,False,False,False,False,0.10708579,0.65443796,False,False,61090.105603118835,,22,False,False,False,False,False,False,False,False,False,False,False,False,False,False,False,False,False,False,False,False,False,r
2,61090.104298484046,lsst,60.21540914868677,-48.05299036919668,313765480566358165,170028500331266135,0,313765480566358165,1851.663,168.1713,0,0,0,2465.1003,165.95477,True,2026021800165,126,0.0,2.5203099e-05,2.7326016e-05,-6.9764944e-11,4009.1658,0.44144708,2872.4182,0.50271094,False,2609.5107,336.0826,False,False,False,10.850261,,1615.2118,1681,2017.4127,4.090106,60.21541880971756,,-48.05300079491971,,1.6592737,,-51.196426,,,0,False,,,,,,,,0,False,False,False,619.7669,13.794088,0.42447123,0.5893417,0.10299819,0.3241057,0.27205157,-0.008101942,False,False,False,False,0.9741733,0.67727095,False,False,61090.106253857884,,25,False,False,False,False,False,False,False,False,False,False,False,False,False,False,False,False,False,False,False,False,False,r
3,61091.02444489128,lsst,60.21541693302271,-48.053113979092025,313765480566358165,170032878922498074,0,313765480566358165,1392.8213,282.61044,0,0,0,3091.7566,288.19702,True,2026021900020,138,0.0,3.816577e-05,4.7212543e-05,-1.6377406e-10,1457.0381,0.67892253,802.1876,0.8561881,False,469.28714,622.40375,False,False,False,5.020164,,1620.6189,1681,1328.9064,6.8536253,60.21539950985038,,-48.05312282900961,,0.6270658,,-78.44781,,,0,False,,,,,,,,0,False,False,False,1702.1873,19.708796,0.237984,0.21423085,0.012328815,0.21444522,0.25585642,-0.014487176,False,False,False,False,0.008655354,0.375035,False,False,61091.02626113727,,13,False,False,False,False,False,False,False,False,False,False,False,False,False,False,False,False,False,False,False,False,False,i
3,61091.02487820663,lsst,60.215461635145026,-48.053030928264604,313765480566358165,170032879065628677,0,313765480566358165,2244.646,333.2583,0,0,0,4284.514,340.96027,True,2026021900021,155,0.0,4.026263e-05,3.3222077e-05,1.5220017e-10,3785.3577,0.73627764,317.94943,0.5872301,False,1804.2056,650.6074,False,False,False,6.5593395,,1669.9163,1681,2581.182,58.064713,60.21548886520313,,-48.05304075988982,,2.1324623,,-66.33871,,,0,False,,,,,,,,0,False,False,False,1990.3572,37.37108,0.4694016,0.3592232,0.2473651,0.26962575,0.3931645,0.04745464,False,False,False,False,0.40596822,0.5257678,False,False,61091.026901256446,,21,False,False,False,False,False,False,False,False,False,False,False,False,False,False,False,False,False,False,False,False,False,i
3,61091.025311824575,lsst,60.2154022663773,-48.05303811290415,313765480566358165,170032879188836402,0,313765480566358165,1521.326,275.55667,0,0,0,3328.5479,280.342,True,2026021900022,134,0.0,3.4019973e-05,3.7685204e-05,-9.5505506e-11,407.16507,0.60419315,1637.0902,0.68613315,False,1186.9514,594.2765,False,False,False,5.490748,,1663.9337,1681,1621.488,31.15061,60.21544320684432,,-48.05303068273622,,1.514933,,-146.37424,,,0,False,,,,,,,,0,False,False,False,1804.4296,17.742573,0.2864197,0.2325211,-0.11751592,0.23850562,0.24603952,-0.00805787,False,False,False,False,0.030082222,0.38292038,False,False,61091.02726771044,,15,False,False,False,False,False,False,False,False,False,False,False,False,False,False,False,False,False,False,False,False,False,i
3,61091.02617583344,lsst,60.21534649187289,-48.0530121539364,313765480566358165,170032879452553261,0,313765480566358165,1702.4636,250.03534,0,0,0,3370.7139,255.33359,True,2026021900024,125,0.0,3.1246327e-05,3.5820645e-05,-1.6904465e-10,856.80927,0.5412381,1235.9646,0.6640337,False,1895.5364,580.91077,False,False,False,6.7244625,,1586.2834,1681,1747.3239,10.716382,60.2153487877765,,-48.05301084182021,,1.3052815,,177.00467,,,0,False,,,,,,,,0,False,False,False,1622.493,25.662813,0.17026883,0.29882467,-0.056739062,0.20550895,0.20664476,-0.017278135,False,False,False,False,0.093877986,0.4186599,False,False,61091.02810694639,,15,False,False,False,False,False,False,False,False,False,False,False,False,False,False,False,False,False,False,False,False,False,i
3,61091.02791811077,lsst,60.21538304435025,-48.05297697739773,313765480566358165,170032879985229861,0,313765480566358165,1582.0881,245.53038,0,0,0,3266.0574,250.80965,True,2026021900028,117,0.0,6.423147e-05,5.5880446e-05,1.4517566e-09,3726.1223,1.2958467,1417.6112,0.8231422,False,2826.74,559.3802,False,False,False,6.2281656,,1764.975,1681,2042.3165,33.949997,60.215421705440185,,-48.05297636104276,,2.7445562,,-99.439514,,,0,False,,,,,,,,0,False,False,False,1709.8188,31.904953,0.9421901,0.42578658,0.33154234,0.19601917,0.23198228,-0.0009272913,False,False,False,False,1.0,0.12321336,False,False,61091.02996754024,,17,False,False,False,False,False,False,False,False,False,False,False,False,False,False,False,False,False,False,False,False,False,i
3,61091.03053171413,lsst,60.215364390255466,-48.05300962693076,313765480566358165,170032880769564789,0,313765480566358165,1301.5154,204.04347,0,0,0,2962.868,206.27534,True,2026021900034,77,0.0,3.0952913e-05,2.8869068e-05,-2.0730978e-10,2825.0078,0.4695699,3390.9377,0.6004009,False,1796.2924,506.42072,False,False,False,6.2724986,,1620.6351,1681,1249.61,1.2419845,60.2153627108379,,-48.05300873009154,,0.8506436,,-95.64716,,,0,False,,,,,,,,0,False,False,False,1618.9663,56.635544,0.2244722,0.2305728,0.032546666,0.15253307,0.18963926,-0.012302023,False,False,False,False,0.3724476,0.3229345,False,False,61091.03254788617,,15,False,False,False,False,False,False,False,False,False,False,False,False,False,False,False,False,False,False,False,False,False,i
3,61091.03156507923,lsst,60.21537939003958,-48.053033997228276,313765480566358165,170032881067360308,0,313765480566358165,1331.9071,191.6543,0,0,0,2948.95,194.74416,True,2026021900036,133,0.0,2.1818896e-05,2.4565386e-05,-4.1160613e-11,384.75342,0.38791987,1145.8013,0.44690102,False,286.30988,502.47183,False,False,False,6.9067082,,1714.3728,1681,1369.7579,8.888699,60.2153762861631,,-48.05303139862332,,1.2089413,,-156.17986,,,0,False,,,,,,,,0,False,False,False,1599.3059,44.67,0.12873273,0.15610322,-0.0786636,0.13896587,0.15636723,0.0046914313,False,False,False,False,0.0046586897,0.5456869,False,False,61091.0335917669,,15,False,False,False,False,False,False,False,False,False,False,False,False,False,False,False,False,False,False,False,False,False,i
3,61091.03199618681,lsst,60.215428723702104,-48.052971954830205,313765480566358165,170032881212588077,0,313765480566358165,1265.4884,238.38884,0,0,0,3088.453,241.36958,True,2026021900037,154,0.0,3.983755e-05,3.525638e-05,1.3817496e-10,389.0129,0.7291764,1337.2064,0.6224097,False,1430.2758,506.15186,False,False,False,5.017037,,1750.684,1681,1438.3381,20.490648,60.21546942565615,,-48.05292876362056,,2.0863912,,-157.45497,,,0,False,,,,,,,,0,False,False,False,1780.9519,17.953558,0.41284677,0.46528977,-0.23405819,0.21147951,0.31615192,-0.0020044197,False,False,False,False,0.9458959,0.11097435,False,False,61091.034106655185,,14,False,False,False,False,False,False,False,False,False,False,False,False,False,False,False,False,False,False,False,False,False,i
3,61091.03242882175,lsst,60.215377272372955,-48.052915817018246,313765480566358165,170032881332125827,0,313765480566358165,998.3426,198.19254,0,0,0,2375.291,200.9064,True,2026021900038,126,0.0,4.0669092e-05,6.7733534e-05,-1.4002955e-09,2445.0078,0.5954177,3909.4185,1.2920047,False,787.1187,497.2359,False,False,False,5.00233,,1717.4291,1681,1429.2299,19.7287,60.21538618601076,,-48.05292749613219,,2.0954587,,-27.921387,,,0,False,,,,,,,,0,False,False,False,1339.4049,40.985466,0.093744576,0.5963524,0.05433452,0.1596299,0.18673854,0.007512292,False,False,False,False,0.9859858,0.26279354,False,False,61091.03463669338,,11,False,False,False,False,False,False,False,False,False,False,False,False,False,False,False,False,False,False,False,False,False,i
3,61091.033295220186,lsst,60.21543813463822,-48.05302025861784,313765480566358165,170032881604755525,0,313765480566358165,1402.5333,195.15692,0,0,0,3110.1084,197.74397,True,2026021900040,134,0.0,2.364847e-05,2.3187748e-05,1.6145649e-11,1123.926,0.42900658,1867.4115,0.4142923,False,2136.2969,494.39026,False,False,False,6.9418383,,1675.2578,1681,1528.7898,17.512882,60.21549545690827,,-48.05303462590134,,1.8391576,,-61.72925,,,0,False,,,,,,,,0,False,False,False,1705.1245,43.0643,0.17770854,0.3394873,0.1829961,0.15295169,0.16573545,0.00026897073,False,False,False,False,0.7870891,0.6410085,False,False,61091.03535046425,,15,False,False,False,False,False,False,False,False,False,False,False,False,False,False,False,False,False,False,False,False,False,i
3,61091.03416226883,lsst,60.215371323674525,-48.052957098142244,313765480566358165,170032881869520936,0,313765480566358165,1303.9873,197.82349,0,0,0,2840.9436,199.73927,True,2026021900042,127,0.0,2.3440882e-05,2.7851574e-05,-2.7751862e-10,912.3932,0.3429908,891.23126,0.55838054,False,1364.699,488.92657,False,False,False,6.3852553,,1666.0526,1681,1235.2753,19.771118,60.21537277918941,,-48.052950926161984,,1.0038574,,146.36263,,,0,False,,,,,,,,0,False,False,False,1515.8273,41.619236,0.077561125,0.18049037,-0.00046640573,0.15810625,0.18704358,0.009627996,False,False,False,False,0.24028815,0.5648481,False,False,61091.03615878051,,14,False,False,False,False,False,False,False,False,False,False,False,False,False,False,False,False,False,False,False,False,False,i
3,61091.03589422882,lsst,60.21541447517017,-48.05296602996655,313765480566358165,170032882381226048,0,313765480566358165,1148.65,187.21072,0,0,0,2741.709,189.18298,True,2026021900046,79,0.0,3.7779417e-05,3.8090533e-05,3.4771336e-10,2167.125,0.7622587,1357.862,0.59489906,False,2062.6653,485.2828,False,False,False,5.9411316,,1624.3489,1681,1456.9023,7.527882,60.215421477661415,,-48.05301156075789,,2.0169706,,-156.68248,,,0,False,,,,,,,,0,False,False,False,1554.0908,37.001324,0.5620356,0.22773747,-0.14684929,0.14161234,0.163332,0.0006002555,False,False,False,False,0.99993604,0.18061908,False,False,61091.03798931831,,15,False,False,False,False,False,False,False,False,False,False,False,False,False,False,False,False,False,False,False,False,False,i
3,61091.03675571107,lsst,60.21536962798833,-48.05298434510936,313765480566358165,170032882653855868,0,313765480566358165,1392.4272,178.52084,0,0,0,2939.408,180.09521,True,2026021900048,87,0.0,2.1030326e-05,2.3210872e-05,1.9019372e-10,816.1212,0.47200018,2727.326,0.30882517,False,1884.6498,481.46564,False,False,False,7.6035414,,1729.7612,1681,1356.2152,12.142307,60.21537413059511,,-48.05298624025,,0.97674024,,-162.49191,,,0,False,,,,,,,,0,False,False,False,1501.9917,48.115524,0.1653421,0.0922553,-0.031421468,0.1409218,0.13330868,0.006739544,False,False,False,False,0.012540898,0.714939,False,False,61091.03870288718,,13,False,False,False,False,False,False,False,False,False,False,False,False,False,False,False,False,False,False,False,False,False,i
3,61091.03719064464,lsst,60.215418761242915,-48.05301439147641,313765480566358165,170032882839453788,0,313765480566358165,1491.9692,203.14288,0,0,0,3226.4155,206.08675,True,2026021900049,185,0.0,2.018986e-05,1.7853477e-05,-1.1719124e-10,781.0871,0.27800635,2055.1516,0.3987667,False,407.71176,492.82986,False,False,False,7.181966,,1700.2969,1681,1423.2893,16.439346,60.2154177307368,,-48.05300098531471,,1.0283335,,141.52423,,,0,False,,,,,,,,0,False,False,False,1695.6302,37.565388,0.07837979,0.16968872,-0.03079461,0.1817897,0.1756649,-0.02456373,False,False,False,False,0.34295,0.7275223,False,False,61091.039190051175,,15,False,False,False,False,False,False,False,False,False,False,False,False,False,False,False,False,False,False,False,False,False,i
4,61091.09625929878,lsst,60.215329707079874,-48.05295119131052,313765480566358165,170032889388859498,0,313765480566358165,2083.698,349.2877,0,0,0,3174.8428,351.75635,True,2026021900098,133,0.0,3.222415e-05,6.2237465e-05,-2.661248e-10,3717.4397,0.5732015,3600.1714,1.1249013,False,1927.0254,835.93915,False,False,False,6.123363,,1718.9554,1681,2706.9119,36.59712,60.215329385804665,,-48.052953544157155,,1.893082,,-12.856484,,,0,False,,,,,,,,0,False,False,False,1108.9635,92.64797,0.08798896,0.48956263,0.054189164,0.19805309,0.16869262,0.0037460388,False,False,False,False,0.78049743,0.6063717,False,False,61091.09816923087,,17,False,False,False,False,False,False,False,False,False,False,False,False,False,False,False,False,False,False,False,False,False,z
4,61091.099721236475,lsst,60.21546576659549,-48.052997828755814,313765480566358165,170032890458406950,0,313765480566358165,1803.0327,352.82513,0,0,0,3419.3403,355.6149,True,2026021900106,125,0.0,5.002304e-05,4.1035048e-05,6.6823297e-10,3954.9912,0.9663808,1086.4121,0.6519514,False,1544.633,854.9966,False,False,False,5.016179,,1733.5719,1681,1874.4929,31.433794,60.215434379625265,,-48.05302589216164,,1.4074901,,-134.77754,,,0,False,,,,,,,,0,False,False,False,1511.4402,91.82669,0.32087046,0.14378819,-0.052954767,0.18150765,0.17417403,0.0068816524,False,False,False,False,0.34173945,0.2837434,False,False,61091.101683661145,,11,False,False,False,False,False,False,False,False,False,False,False,False,False,False,False,False,False,False,False,False,False,z
2,61091.102976378,lsst,60.21538836399678,-48.05299194734625,313765480566358165,170032890997899332,0,313765480566358165,1672.2504,164.35847,0,0,0,2309.677,161.58409,True,2026021900110,130,0.0,2.8384718e-05,2.8190461e-05,4.7962793e-12,1254.3663,0.5114594,2421.679,0.50692976,False,1608.8198,341.39813,False,False,False,10.133116,,1821.5563,1681,1843.9291,1.1065855,60.2153751796433,,-48.05298647677567,,1.7002997,,-62.75034,,,0,False,,,,,,,,0,False,False,False,590.6773,30.975245,0.3432873,0.4001974,0.1447461,0.2401734,0.26867485,0.030587614,False,False,False,False,0.74141526,0.62599736,False,False,61091.10474834616,,22,False,False,False,False,False,False,False,False,False,False,False,False,False,False,False,False,False,False,False,False,False,r
2,61091.10340515041,lsst,60.2155270066257,-48.053131459780246,313765480566358165,170032891146272859,0,313765480566358165,1207.1312,186.88348,0,0,0,2037.8561,183.45293,True,2026021900111,157,0.0,9.198618e-05,0.00014066091,-6.9569097e-09,2946.5574,1.2947891,3525.4858,2.7379427,False,1856.8373,355.22574,False,False,False,6.896317,,1574.8661,1681,1572.5682,18.605715,60.215470677790385,,-48.05303598330032,,1.9632723,,-56.379498,,,0,False,,,,,,,,0,False,False,False,809.37256,57.048737,0.57160866,0.7477387,0.16464965,0.23287413,0.48736992,-0.03344205,False,False,False,False,0.9980648,0.10060319,False,False,61091.10538672593,,26,False,False,False,False,False,False,False,False,False,False,False,False,False,False,False,False,False,False,False,False,False,r
2,61091.10404710738,lsst,60.215429439696464,-48.05298893345452,313765480566358165,170032891271577651,0,313765480566358165,1622.1952,158.02539,0,0,0,2246.2747,155.01707,True,2026021900112,140,0.0,2.2126429e-05,2.1414615e-05,-2.1075355e-11,1186.2966,0.40236983,1290.593,0.38086528,False,1935.8894,341.56848,False,False,False,10.084024,,1635.8134,1681,1520.8043,1.2082705,60.21542728174622,,-48.052993351958776,,0.90659845,,-84.2773,,,0,False,,,,,,,,0,False,False,False,574.0762,33.655197,0.25959903,0.2044433,-0.025383266,0.22767888,0.2230576,-0.0008284353,False,False,False,False,0.004894053,0.7942897,False,False,61091.105808695545,,20,False,False,False,False,False,False,False,False,False,False,False,False,False,False,False,False,False,False,False,False,False,r
2,61091.10491333979,lsst,60.21534916327481,-48.05302859615092,313765480566358165,170032891557314564,0,313765480566358165,1608.5754,174.65656,0,0,0,2136.701,172.74573,True,2026021900114,173,0.0,2.7270436e-05,3.0069576e-05,7.059353e-11,220.90585,0.48183894,62.962223,0.5494951,False,1674.8042,366.39484,False,False,False,9.313066,,1669.1676,1681,1678.1633,5.9364457,60.21534380327808,,-48.05302212360784,,1.4349941,,-16.39438,,,0,False,,,,,,,,0,False,False,False,563.4058,30.58473,0.2505445,0.30824012,0.099838436,0.23820305,0.23495741,-0.018025717,False,False,False,False,0.17612483,0.6962376,False,False,61091.10671602302,,21,False,False,False,False,False,False,False,False,False,False,False,False,False,False,False,False,False,False,False,False,False,r
2,61091.149679671405,lsst,60.21537298616974,-48.05305154909544,313765480566358165,170032896661258293,0,313765480566358165,1675.544,191.16534,0,0,0,2323.1929,189.4348,True,2026021900152,180,0.0,2.7764832e-05,2.8113442e-05,1.9260321e-10,195.05045,0.43626007,1308.1449,0.5620165,False,1805.2842,409.7425,False,False,False,8.735332,,1675.7328,1681,1694.2404,11.052654,60.215373350638615,,-48.05305693373007,,1.0539651,,-129.4936,,,0,False,,,,,,,,0,False,False,False,604.5431,29.879314,0.19879717,0.2994401,-0.0126310205,0.21854946,0.2808349,-0.02057489,False,False,False,False,3.2951317e-05,0.63372624,False,False,61091.15591453819,,21,False,False,False,False,False,False,False,False,False,False,False,False,False,False,False,False,False,False,False,False,False,r
2,61091.150111933406,lsst,60.21547939356939,-48.052991051793306,313765480566358165,170032896730464332,0,313765480566358165,1150.407,206.01958,0,0,0,1827.6173,206.24147,True,2026021900153,56,0.0,5.0674636e-05,4.9255836e-05,-5.7056354e-10,3635.5066,0.9982358,2095.671,0.7896526,False,1575.5638,403.34827,False,False,False,5.551037,,1569.748,1681,1355.2158,9.348433,60.21546991087254,,-48.052982042342215,,2.0561254,,-39.67076,,,0,False,,,,,,,,0,False,False,False,683.3529,25.231207,0.6782987,0.25292683,0.06877978,0.28627974,0.36902666,0.019286932,False,False,False,False,0.7663618,0.1525871,False,False,61091.15674586492,,18,False,False,False,False,False,False,False,False,False,False,False,False,False,False,False,False,False,False,False,False,False,r
2,61091.150547126264,lsst,60.21542502494313,-48.052999836980646,313765480566358165,170032896925499402,0,313765480566358165,1663.9265,185.81424,0,0,0,2243.2017,183.92117,True,2026021900154,172,0.0,2.0551734e-05,2.0003059e-05,-4.124987e-11,2563.5903,0.38331673,297.21768,0.34574503,False,1183.4901,415.34705,False,False,False,8.957452,,1627.9421,1681,1612.2324,8.424666,60.215429191140785,,-48.05299961329533,,0.9870329,,-85.02539,,,0,False,,,,,,,,0,False,False,False,557.87744,42.022606,0.18844096,0.14899547,-0.042781755,0.2254685,0.21005698,-0.031274345,False,False,False,False,0.24130742,0.7251489,False,False,61091.15623908724,,19,False,False,False,False,False,False,False,False,False,False,False,False,False,False,False,False,False,False,False,False,False,r
2,61091.15141557153,lsst,60.215409551568726,-48.05299774720912,313765480566358165,170032897182400554,0,313765480566358165,1684.9336,183.32935,0,0,0,2300.6804,181.92015,True,2026021900156,150,0.0,2.9743887e-05,2.8062965e-05,-9.3271696e-11,3470.0972,0.552048,1575.599,0.4868073,False,1813.1775,400.5424,False,False,False,9.187788,,1615.7239,1681,1706.3745,1.0457375,60.215404657216325,,-48.05300369412837,,0.9914695,,-63.696835,,,0,False,,,,,,,,0,False,False,False,576.1714,22.995712,0.3535017,0.2661305,-0.007934148,0.23373085,0.25125942,-0.00048084784,False,False,False,False,0.37325948,0.76433146,False,False,61091.15627880015,,21,False,False,False,False,False,False,False,False,False,False,False,False,False,False,False,False,False,False,False,False,False,r
2,61091.15228239833,lsst,60.21538294941946,-48.05299172141799,313765480566358165,170032897446641689,0,313765480566358165,1676.8013,180.54205,0,0,0,2282.0327,178.47368,True,2026021900158,142,0.0,2.1548596e-05,2.31516e-05,4.478081e-11,1375.699,0.37845492,716.7809,0.42507243,False,2190.5046,404.17682,False,False,False,9.201589,,1694.0732,1681,1658.2706,9.844639,60.21537587730868,,-48.05299018739437,,1.0213544,,-146.05945,,,0,False,,,,,,,,0,False,False,False,535.4526,39.27453,0.15340091,0.24857809,-0.014219937,0.24064417,0.21894105,-0.018015156,False,False,False,False,0.08624491,0.71305394,False,False,61091.156405703354,,20,False,False,False,False,False,False,False,False,False,False,False,False,False,False,False,False,False,False,False,False,False,r
2,61091.15315348786,lsst,60.215402162022734,-48.05298968739762,313765480566358165,170032897732378682,0,313765480566358165,1708.8232,189.02092,0,0,0,2243.9626,187.00961,True,2026021900160,175,0.0,2.4803268e-05,2.1900738e-05,-5.4042527e-11,1357.7358,0.45310944,1606.4639,0.38697845,False,2389.8196,425.07703,False,False,False,8.913714,,1731.7383,1681,1627.2284,6.2101836,60.215395292705445,,-48.05298954285704,,0.73695713,,-83.62862,,,0,False,,,,,,,,0,False,False,False,544.04956,35.685913,0.20787881,0.16402845,-0.010642223,0.23360632,0.22450459,-0.013887358,False,False,False,False,0.18373387,0.5826906,False,False,61091.156333984516,,20,False,False,False,False,False,False,False,False,False,False,False,False,False,False,False,False,False,False,False,False,False,r
2,61091.15402092661,lsst,60.21534913889999,-48.05297415629351,313765480566358165,170032897996619783,0,313765480566358165,1791.8079,198.38757,0,0,0,2292.2095,196.07838,True,2026021900162,167,0.0,3.0129539e-05,2.5595114e-05,-6.407145e-11,759.2504,0.54680717,154.60258,0.45594877,False,2369.3086,431.81223,False,False,False,8.792738,,1727.319,1681,1954.5645,1.9102088,60.215326491696885,,-48.05297946100933,,1.5283589,,-90.52396,,,0,False,,,,,,,,0,False,False,False,502.19608,38.723557,0.44848654,0.24322152,-0.0539434,0.24401204,0.2438024,-0.019743208,False,False,False,False,0.6558409,0.56461877,False,False,61091.157947783824,,22,False,False,False,False,False,False,False,False,False,False,False,False,False,False,False,False,False,False,False,False,False,r
2,61091.154883088864,lsst,60.21542507200887,-48.0530028914465,313765480566358165,170032898251423874,0,313765480566358165,1675.5586,179.56837,0,0,0,2288.3828,177.0635,True,2026021900164,141,0.0,1.7993358e-05,2.209065e-05,2.1584224e-11,1392.6317,0.32228276,3225.6035,0.39895093,False,1493.8209,409.3012,False,False,False,9.242824,,1718.9303,1681,1639.0612,6.404993,60.21543071239232,,-48.053004756532864,,0.9843675,,-6.951319,,,0,False,,,,,,,,0,False,False,False,559.3773,34.635036,0.13846199,0.21987368,0.022275731,0.22711085,0.18933654,0.00039899038,False,False,False,False,0.096380286,0.7201276,False,False,61091.15848911894,,18,False,False,False,False,False,False,False,False,False,False,False,False,False,False,False,False,False,False,False,False,False,r
2,61091.15531654215,lsst,60.21535133343913,-48.052991907373396,313765480566358165,170032898370961430,0,313765480566358165,2016.0769,195.749,0,0,0,2608.947,194.42175,True,2026021900165,113,0.0,2.128021e-05,2.131456e-05,1.9942788e-14,2297.3015,0.38381314,711.2901,0.38387716,False,2225.3706,423.52176,False,False,False,10.229872,,1687.3716,1681,1978.96,3.2978091,60.215347989682925,,-48.05299314963882,,0.9117456,,-33.553562,,,0,False,,,,,,,,0,False,False,False,540.4134,33.356907,0.2010253,0.21739474,0.03745164,0.25620094,0.23332015,-0.0009623684,False,False,False,False,0.12139616,0.7820464,False,False,61091.15925509672,,21,False,False,False,False,False,False,False,False,False,False,False,False,False,False,False,False,False,False,False,False,False,r
2,61091.15591859781,lsst,60.21538933951013,-48.053029924086644,313765480566358165,170032898521432200,0,313765480566358165,1640.2712,203.49722,0,0,0,2299.012,201.74892,True,2026021900166,144,0.0,3.3948316e-05,3.3905755e-05,4.0056128e-10,495.97913,0.49278533,3859.6814,0.70876235,False,2239.0444,411.43875,False,False,False,7.963662,,1638.9482,1681,1920.9509,8.587661,60.21540297942064,,-48.05303241678781,,2.012272,,25.459347,,,0,False,,,,,,,,0,False,False,False,660.09906,18.442568,0.15162142,0.5134347,0.1475269,0.30766788,0.28980288,0.004622595,False,False,False,False,0.0910513,0.41291893,False,False,61091.15915090672,,23,False,False,False,False,False,False,False,False,False,False,False,False,False,False,False,False,False,False,False,False,False,r
2,61091.15678480867,lsst,60.21545144891884,-48.0530320284348,313765480566358165,170032898793013325,0,313765480566358165,1635.4851,193.14848,0,0,0,2348.6577,191.77925,True,2026021900168,150,0.0,2.6446629e-05,2.7821345e-05,1.7233309e-10,1848.2516,0.42596722,2595.3928,0.5441185,False,1580.9191,410.82675,False,False,False,8.429517,,1647.404,1681,1692.5764,4.4564776,60.215442618334684,,-48.053036806558545,,1.3130095,,-118.79499,,,0,False,,,,,,,,0,False,False,False,663.1826,30.31209,0.19499436,0.3164253,-0.06026379,0.25144544,0.2646533,-0.022534736,False,False,False,False,0.00053016614,0.6919877,False,False,61091.159507593926,,20,False,False,False,False,False,False,False,False,False,False,False,False,False,False,False,False,False,False,False,False,False,r
2,61091.15982112895,lsst,60.215395247955364,-48.053022493226266,313765480566358165,170032899691118637,0,313765480566358165,1448.0001,212.20743,0,0,0,1961.3077,212.21147,True,2026021900175,71,0.0,2.8237184e-05,3.4358967e-05,1.449791e-10,3558.6208,0.49363977,1372.4924,0.63162327,False,980.13666,458.52374,False,False,False,6.7784505,,1740.0211,1681,1449.1984,12.769151,60.21537429155921,,-48.05301796639558,,1.1878475,,11.9317,,,0,False,,,,,,,,0,False,False,False,607.3542,30.938866,0.09781279,0.24005646,0.017028615,0.25356817,0.25060293,-0.0148627395,False,False,False,False,0.4973429,0.27989966,False,False,61091.16161318238,,18,False,False,False,False,False,False,False,False,False,False,False,False,False,False,False,False,False,False,False,False,False,r
2,61094.10509630974,lsst,60.21545308832412,-48.05303411847442,313765480566358165,170046085968429057,0,313765480566358165,1743.5311,211.89859,0,0,0,2492.3445,211.51973,True,2026022200116,179,0.0,2.8369173e-05,2.8493236e-05,-2.5137575e-10,1451.7465,0.5861233,28.96686,0.42556915,False,1814.8315,385.31143,False,False,False,8.119212,,1591.6451,1681,1744.9468,12.772073,60.21547489682827,,-48.05302959229697,,1.1984825,,-39.054993,,,0,False,,,,,,,,0,False,False,False,780.86865,16.272402,0.32014924,0.18407279,0.013233962,0.37524503,0.36979282,-0.039981216,False,False,False,False,0.6228153,0.61112183,False,False,61094.106890455994,,22,False,False,False,False,False,False,False,False,False,False,False,False,False,False,False,False,False,False,False,False,False,r
2,61094.10552651164,lsst,60.215459269730914,-48.05305173705344,313765480566358165,170046086022430723,0,313765480566358165,1570.0458,197.12317,0,0,0,2329.0266,197.94847,True,2026022200117,26,0.0,5.41179e-05,5.3479613e-05,-1.0676289e-09,1800.812,1.1341535,97.95781,0.77036685,False,2300.65,383.1239,False,False,False,7.945692,,1663.1199,1681,1966.3413,6.906233,60.21550919585874,,-48.05301786554394,,2.4075556,,-100.26174,,,0,False,,,,,,,,0,False,False,False,756.42816,15.338516,0.6069806,0.7964775,-0.28429988,0.3251126,0.3113947,0.021548958,False,False,False,False,0.99999064,0.47090587,False,False,61094.10759582293,,25,False,False,False,False,False,False,False,False,False,False,False,False,False,False,False,False,False,False,False,False,False,r
2,61094.10595819757,lsst,60.21545666089636,-48.05302420115701,313765480566358165,170046086217990219,0,313765480566358165,1691.3328,171.82549,0,0,0,2380.6208,169.0052,True,2026022200118,143,0.0,2.612519e-05,2.7031678e-05,1.3133063e-10,1105.8357,0.43066412,2729.3408,0.52182686,False,2087.6655,358.5115,False,False,False,9.700215,,1606.1554,1681,1837.0542,2.071166,60.2154562945061,,-48.05302056811456,,1.481771,,-110.88136,,,0,False,,,,,,,,0,False,False,False,672.8799,20.15316,0.26825717,0.381305,-0.09320285,0.28742054,0.26630068,-0.05368528,False,False,False,False,0.18720566,0.6161559,False,False,61094.10776373642,,22,False,False,False,False,False,False,False,False,False,False,False,False,False,False,False,False,False,False,False,False,False,r
2,61094.10682160702,lsst,60.21537657745811,-48.05303106989494,313765480566358165,170046086483279987,0,313765480566358165,1585.4451,170.83658,0,0,0,2247.844,166.64401,True,2026022200120,137,0.0,2.6145897e-05,2.5896285e-05,-1.5144394e-11,3427.7432,0.47377318,3690.96,0.46243483,False,1308.0792,356.85034,False,False,False,9.250652,,1542.5392,1681,1643.2948,3.0641143,60.21538501643682,,-48.053029760804,,1.2470912,,-103.40117,,,0,False,,,,,,,,0,False,False,False,625.7166,40.823242,0.27391675,0.2860318,-0.07452105,0.30487746,0.25293145,-0.018138949,False,False,False,False,0.00010247891,0.74151534,False,False,61094.10878080516,,21,False,False,False,False,False,False,False,False,False,False,False,False,False,False,False,False,False,False,False,False,False,r
2,61094.10769147037,lsst,60.21541483843076,-48.05298035542963,313765480566358165,170046086773211209,0,313765480566358165,1570.4362,177.71306,0,0,0,2196.3674,173.66914,True,2026022200122,178,0.0,2.4239467e-05,2.4079753e-05,-5.2620707e-12,1633.865,0.43743208,2543.7864,0.43347695,False,1143.5071,384.96844,False,False,False,8.729873,,1710.6116,1681,1753.7354,6.660888,60.21541845812345,,-48.05298280215211,,1.6411072,,-31.01321,,,0,False,,,,,,,,0,False,False,False,579.1951,42.69533,0.35331994,0.22514884,0.12818485,0.30655593,0.22229801,-0.011774918,False,False,False,False,0.056671474,0.54888594,False,False,61094.10972725597,,20,False,False,False,False,False,False,False,False,False,False,False,False,False,False,False,False,False,False,False,False,False,r
2,61094.10855564165,lsst,60.21542302717483,-48.05299248877939,313765480566358165,170046087022772240,0,313765480566358165,1673.8337,171.04054,0,0,0,2283.5596,168.22379,True,2026022200124,142,0.0,2.3606503e-05,2.2007705e-05,-3.4828015e-11,319.0493,0.4298793,440.86627,0.39037693,False,1483.6189,354.0857,False,False,False,9.7715435,,1628.2107,1681,1737.8971,8.376294,60.215428433245634,,-48.05300042226046,,1.1141689,,-21.128685,,,0,False,,,,,,,,0,False,False,False,619.2952,18.813622,0.2237198,0.23211029,0.05935903,0.31479603,0.25369912,-0.008324485,False,False,False,False,0.24337015,0.73380744,False,False,61094.11056074037,,23,False,False,False,False,False,False,False,False,False,False,False,False,False,False,False,False,False,False,False,False,False,r
2,61094.10942242225,lsst,60.21543340983976,-48.05301821416801,313765480566358165,170046087290683464,0,313765480566358165,1718.3246,172.9806,0,0,0,2464.9192,170.07504,True,2026022200126,141,0.0,2.418622e-05,2.353328e-05,-9.630231e-12,1838.6578,0.43607458,2151.9583,0.42261449,False,1165.0101,354.67834,False,False,False,10.050743,,1705.277,1681,1713.7699,11.959805,60.215419626747035,,-48.05301728788963,,0.84459037,,4.778168,,,0,False,,,,,,,,0,False,False,False,675.3916,16.811432,0.19858177,0.25830546,0.011986277,0.3118415,0.26568475,0.0045574973,False,False,False,False,0.2700921,0.8127478,False,False,61094.11139312285,,22,False,False,False,False,False,False,False,False,False,False,False,False,False,False,False,False,False,False,False,False,False,r
2,61094.11028628224,lsst,60.21544265387376,-48.05301248483172,313765480566358165,170046087572226089,0,313765480566358165,1759.3593,181.1568,0,0,0,2494.2278,179.61653,True,2026022200128,166,0.0,1.9461177e-05,2.252029e-05,2.1542376e-11,1180.5044,0.34880176,886.5529,0.40741405,False,1006.4959,378.02643,False,False,False,9.630538,,1829.5804,1681,1851.317,15.66052,60.21543061310039,,-48.05301975300682,,1.4367048,,-24.549282,,,0,False,,,,,,,,0,False,False,False,653.4589,17.684729,0.18243615,0.2644151,0.10166262,0.2909481,0.2504942,0.009297545,False,False,False,False,0.18695697,0.6891664,False,False,61094.11217917723,,20,False,False,False,False,False,False,False,False,False,False,False,False,False,False,False,False,False,False,False,False,False,r
2,61094.11123060166,lsst,60.215452712546806,-48.05302384907099,313765480566358165,170046087842758766,0,313765480566358165,1744.458,187.02753,0,0,0,2433.7332,183.96947,True,2026022200130,170,0.0,2.5922134e-05,1.949311e-05,-1.0393485e-10,3660.4495,0.4781901,3813.5032,0.33610708,False,1374.046,398.43744,False,False,False,9.192695,,1727.8982,1681,1810.6714,11.205331,60.215457489245296,,-48.05301446535906,,1.2908362,,-50.20868,,,0,False,,,,,,,,0,False,False,False,674.71625,30.457197,0.28733516,0.1671252,0.058689874,0.29340434,0.25445858,0.03238467,False,False,False,False,0.18100315,0.762512,False,False,61094.11317475867,,20,False,False,False,False,False,False,False,False,False,False,False,False,False,False,False,False,False,False,False,False,False,r
2,61094.111663901174,lsst,60.215432542220704,-48.05299757205104,313765480566358165,170046087925071946,0,313765480566358165,1773.6292,154.25702,0,0,0,2268.822,151.15015,True,2026022200131,71,0.0,1.9460538e-05,1.6816377e-05,-3.060411e-11,2670.999,0.35522604,1673.9039,0.29806086,False,1914.9213,370.16916,False,False,False,11.409269,,1710.8245,1681,1761.6036,1.3648506,60.21543727185159,,-48.05299789489481,,0.9451743,,-89.22441,,,0,False,,,,,,,,0,False,False,False,510.41818,33.214928,0.24785218,0.17652035,-0.021127045,0.19096857,0.1829423,0.0015405462,False,False,False,False,0.08183549,0.8818867,False,False,61094.11355974399,,19,False,False,False,False,False,False,False,False,False,False,False,False,False,False,False,False,False,False,False,False,False,r
2,61094.11296467853,lsst,60.21539878146081,-48.05304208551448,313765480566358165,170046088381726764,0,313765480566358165,1463.073,188.11874,0,0,0,2170.053,186.30719,True,2026022200134,174,0.0,3.2202704e-05,3.1475935e-05,-5.3611174e-12,584.6827,0.57971644,1463.5834,0.5672312,False,1649.9094,376.70947,False,False,False,7.6866894,,1600.496,1681,1501.3726,8.993181,60.215397505430175,,-48.05303467487602,,1.3021407,,-131.62535,,,0,False,,,,,,,,0,False,False,False,691.0907,15.29413,0.27564442,0.28992492,-0.082164474,0.3287773,0.28123766,0.014395657,False,False,False,False,0.039721172,0.4552872,False,False,61094.1150926641,,22,False,False,False,False,False,False,False,False,False,False,False,False,False,False,False,False,False,False,False,False,False,r
2,61094.11383174021,lsst,60.21540339185381,-48.053018541989466,313765480566358165,170046088644919381,0,313765480566358165,1565.3712,164.9428,0,0,0,2161.091,160.23334,True,2026022200136,164,0.0,2.486498e-05,2.7085376e-05,-6.93014e-13,2069.6875,0.4474885,2702.9146,0.48800653,False,1617.9177,375.44727,False,False,False,9.596699,,1711.0923,1681,1747.4441,3.5210345,60.21541349303511,,-48.05301589837717,,1.436798,,-33.300236,,,0,False,,,,,,,,0,False,False,False,572.0433,46.46845,0.22025712,0.30486113,0.096737325,0.27000874,0.19495356,0.022537872,False,False,False,False,0.09277232,0.73046976,False,False,61094.115594898,,21,False,False,False,False,False,False,False,False,False,False,False,False,False,False,False,False,False,False,False,False,False,r
2,61094.11556315526,lsst,60.21540479549715,-48.05299931502146,313765480566358165,170046089165537323,0,313765480566358165,1753.5369,163.88478,0,0,0,2288.6428,159.10938,True,2026022200140,133,0.0,2.5817253e-05,2.255043e-05,3.4396538e-11,716.9797,0.46713507,965.56946,0.40316442,False,2330.8472,359.24182,False,False,False,10.599034,,1651.602,1681,2107.0923,6.1179605,60.21542167603473,,-48.053022613236024,,2.0027962,,-52.218674,,,0,False,,,,,,,,0,False,False,False,578.1395,35.930794,0.348913,0.42180675,0.21699148,0.29421777,0.23172194,0.024413753,False,False,False,False,0.75932217,0.77451426,False,False,61094.11741209553,,24,False,False,False,False,False,False,False,False,False,False,False,False,False,False,False,False,False,False,False,False,False,r
2,61094.11642729035,lsst,60.2154472306111,-48.05301958288148,313765480566358165,170046089429778441,0,313765480566358165,1978.9789,165.89111,0,0,0,2636.4946,160.63185,True,2026022200142,125,0.0,1.7875902e-05,1.8034982e-05,-2.641485e-12,3138.9011,0.32146853,302.7871,0.32529092,False,1824.0172,363.06595,False,False,False,11.808117,,1667.6935,1681,2053.0984,5.9940023,60.21544740506105,,-48.053022550618365,,1.1422062,,-60.657574,,,0,False,,,,,,,,0,False,False,False,641.6862,43.72142,0.23446482,0.24443513,0.06234371,0.26121733,0.2509695,0.040859878,False,False,False,False,0.026709072,0.8854438,False,False,61094.11822366598,,21,False,False,False,False,False,False,False,False,False,False,False,False,False,False,False,False,False,False,False,False,False,r
2,61094.1172965631,lsst,60.21535378282647,-48.05299844879511,313765480566358165,170046089698213956,0,313765480566358165,1701.5394,166.46474,0,0,0,2304.7349,161.66512,True,2026022200144,125,0.0,1.7768525e-05,1.7968934e-05,-4.8675196e-12,1706.014,0.318884,2178.2725,0.32489246,False,1431.428,366.02548,False,False,False,9.763353,,1640.3292,1681,1896.0314,3.843919,60.21534809532091,,-48.05300327202162,,1.6592044,,-77.50767,,,0,False,,,,,,,,0,False,False,False,542.88525,48.36182,0.32190907,0.23580901,0.14241207,0.27352202,0.2664166,0.06733425,False,False,False,False,0.0073032533,0.7693539,False,False,61094.11916090069,,21,False,False,False,False,False,False,False,False,False,False,False,False,False,False,False,False,False,False,False,False,False,r
3,61095.02300638599,lsst,60.21542865319596,-48.05300928748178,313765480566358165,170050471378550830,0,313765480566358165,1544.9757,223.23232,0,0,0,3136.3264,225.78798,True,2026022300022,141,0.0,2.3182522e-05,2.630808e-05,1.5064635e-11,2164.544,0.41664732,1397.7539,0.4742286,False,1184.0076,663.27826,False,False,False,6.6533175,,1760.7375,1681,,,,,,,,,,,,0,False,,,,,,,,0,False,False,False,1576.3295,43.38092,,,,0.14946733,0.142909,-0.005692939,True,False,False,False,,0.4964087,False,False,61095.02480660622,,15,False,False,False,False,False,False,False,False,False,False,False,False,False,False,False,False,False,False,False,False,False,i
3,61095.023437639145,lsst,60.215359809268094,-48.0530217690191,313765480566358165,170050471476068453,0,313765480566358165,1567.2255,221.1279,0,0,0,3072.6191,222.12718,True,2026022300023,71,0.0,2.1149846e-05,1.773059e-05,-7.2455522e-12,2891.1055,0.38199455,2911.268,0.31926987,False,1266.0045,686.7413,False,False,False,6.9994884,,1694.5383,1681,1675.9679,11.686693,60.21533655304463,,-48.05303443556845,,1.0967427,,-115.73279,,,0,False,,,,,,,,0,False,False,False,1470.8678,54.98085,0.14618132,0.07380741,-0.056337986,0.11588197,0.12240801,0.006825,False,False,False,False,0.017484844,0.6903823,False,False,61095.025438650715,,12,False,False,False,False,False,False,False,False,False,False,False,False,False,False,False,False,False,False,False,False,False,i
3,61095.02386990477,lsst,60.21535354417758,-48.05296016369869,313765480566358165,170050471642792073,0,313765480566358165,1323.3097,214.04572,0,0,0,2645.4524,216.10365,True,2026022300024,133,0.0,2.4494806e-05,2.6615066e-05,-1.2739919e-12,2796.8323,0.4410524,3400.9941,0.47945517,False,1169.2163,647.3663,False,False,False,6.20684,,1749.5312,1681,,,,,,,,,,,,0,False,,,,,,,,0,False,False,False,1305.651,69.46355,,,,0.15168889,0.1407672,-0.016105957,True,False,False,False,,0.5084792,False,False,61095.02583112971,,13,False,False,False,False,False,False,False,False,False,False,False,False,False,False,False,False,False,False,False,False,False,i
3,61095.02430098217,lsst,60.21542297966787,-48.053002874611884,313765480566358165,170050471766523958,0,313765480566358165,1351.775,205.85675,0,0,0,2853.0261,206.9499,True,2026022300025,113,0.0,2.5001451e-05,2.1490561e-05,1.0099712e-11,3273.8125,0.45158926,1501.0646,0.38686973,False,1507.3551,665.7408,False,False,False,6.3477087,,1794.063,1681,1579.6741,57.76454,60.21543351752183,,-48.05299815345443,,1.4109446,,-119.202286,,,0,False,,,,,,,,0,False,False,False,1486.1857,59.981335,0.21412702,0.060569447,-0.09564527,0.111232646,0.10990772,-0.0012830464,False,False,False,False,0.15018553,0.57742107,False,False,61095.02625814794,,12,False,False,False,False,False,False,False,False,False,False,False,False,False,False,False,False,False,False,False,False,False,i
3,61095.0251694319,lsst,60.21534202053746,-48.05306523658805,313765480566358165,170050472036007941,0,313765480566358165,1474.3615,220.01782,0,0,0,2930.352,222.82254,True,2026022300027,115,0.0,3.605886e-05,2.5285908e-05,1.11923436e-10,3798.941,0.6550248,91.69208,0.4487793,False,2075.8193,644.83936,False,False,False,6.6777444,,1695.952,1681,1670.2432,4.8737144,60.21532168956504,,-48.053070306607424,,1.1722031,,-72.95178,,,0,False,,,,,,,,0,False,False,False,1427.1702,36.751762,0.23774749,0.15452117,0.054621164,0.14299732,0.13670345,0.0059231548,False,False,False,False,0.43323055,0.68293023,False,False,61095.02717304045,,15,False,False,False,False,False,False,False,False,False,False,False,False,False,False,False,False,False,False,False,False,False,i
3,61095.02560526086,lsst,60.215390176487325,-48.0529929503978,313765480566358165,170050472179138601,0,313765480566358165,1589.5684,224.78912,0,0,0,3189.982,225.64449,True,2026022300028,132,0.0,2.8963404e-05,2.6545831e-05,3.0309064e-11,3693.9043,0.52367574,1308.6565,0.4759406,False,571.12054,637.8156,False,False,False,7.0519667,,1656.84,1681,1618.2903,2.5853975,60.21537698636474,,-48.052998551660146,,0.84989035,,-128.74138,,,0,False,,,,,,,,0,False,False,False,1545.2798,33.830803,0.18031898,0.13928789,-0.026849097,0.15935154,0.13162185,0.011376673,False,False,False,False,0.034652222,0.8251665,False,False,61095.027485119375,,15,False,False,False,False,False,False,False,False,False,False,False,False,False,False,False,False,False,False,False,False,False,i
3,61095.04243204188,lsst,60.21531177606139,-48.053081476032,313765480566358165,170050472847081526,0,313765480566358165,1519.7252,239.28336,0,0,0,2972.8682,241.65851,True,2026022300033,126,0.0,8.10603e-05,8.7469125e-05,-9.565273e-10,2360.656,1.3963041,1741.8188,1.6309626,False,2048.661,592.54565,False,False,False,6.5918665,,1721.9122,1681,1792.5133,7.791414,60.21526906527585,,-48.05308747443805,,1.2487873,,-154.67288,,,0,False,,,,,,,,0,False,False,False,1424.2948,61.214954,0.3218906,0.2685657,-0.06949182,0.1737776,0.24235782,0.018123198,False,False,False,False,0.59877264,0.203676,False,False,61095.04442211454,,17,False,False,False,False,False,False,False,False,False,False,False,False,False,False,False,False,False,False,False,False,False,i
3,61095.04330597412,lsst,60.2153591267955,-48.05303518797487,313765480566358165,170050473112895561,0,313765480566358165,1505.5372,238.14941,0,0,0,3177.1797,239.7862,True,2026022300035,121,0.0,3.529017e-05,3.9063634e-05,-4.8982e-10,3345.6963,0.53367907,2644.7317,0.7842727,False,1194.8984,599.8756,False,False,False,6.449695,,1616.643,1681,1698.947,5.074868,60.21536154334354,,-48.05305848932484,,1.1972346,,169.14424,,,0,False,,,,,,,,0,False,False,False,1634.102,38.517445,0.13066185,0.2212678,-0.058354452,0.18568918,0.21915807,0.0071178805,False,False,False,False,0.08302616,0.5072181,False,False,61095.04533425269,,16,False,False,False,False,False,False,False,False,False,False,False,False,False,False,False,False,False,False,False,False,False,i
3,61095.044316093845,lsst,60.215369874782404,-48.05301243144327,313765480566358165,170050473383428247,0,313765480566358165,1407.8994,199.70212,0,0,0,2871.4158,201.03851,True,2026022300037,125,0.0,2.2870918e-05,2.5630457e-05,-1.9390784e-11,2734.8372,0.4111121,3770.8623,0.4628791,False,685.3062,596.7739,False,False,False,6.967207,,1769.0981,1681,1506.3491,2.509002,60.21535669223127,,-48.053011647244645,,0.91530335,,-125.47172,,,0,False,,,,,,,,0,False,False,False,1494.0997,45.53228,0.22395222,0.18011698,-0.032029193,0.15048924,0.12439295,0.012936755,False,False,False,False,0.5327168,0.8662535,False,False,61095.046278136564,,13,False,False,False,False,False,False,False,False,False,False,False,False,False,False,False,False,False,False,False,False,False,i
3,61095.04518342523,lsst,60.21542485730425,-48.05299373207849,313765480566358165,170050473656582263,0,313765480566358165,1364.2819,195.00691,0,0,0,2957.4602,197.13414,True,2026022300039,134,0.0,2.176493e-05,2.2997883e-05,-1.5040899e-11,1537.807,0.3902194,3006.7947,0.41575077,False,830.72546,585.9179,False,False,False,6.7872353,,1737.2645,1681,1493.3602,16.268948,60.2154256699222,,-48.05298809813207,,1.1770335,,-58.087723,,,0,False,,,,,,,,0,False,False,False,1538.339,45.26382,0.16205075,0.16674478,0.07191521,0.14672686,0.12631036,0.019561907,False,False,False,False,0.13276708,0.6652868,False,False,61095.04720393782,,13,False,False,False,False,False,False,False,False,False,False,False,False,False,False,False,False,False,False,False,False,False,i
3,61095.04605147921,lsst,60.21539970591327,-48.053008261527594,313765480566358165,170050473924493348,0,313765480566358165,1406.5385,188.57387,0,0,0,2985.306,189.97104,True,2026022300041,133,0.0,2.540518e-05,2.1022193e-05,8.449137e-11,2480.1006,0.4680693,837.3897,0.3652836,False,947.8028,578.1968,False,False,False,7.288917,,1744.9214,1681,1382.749,7.4623747,60.21538082573606,,-48.05300892503059,,0.6476378,,-153.85706,,,0,False,,,,,,,,0,False,False,False,1538.3844,47.882362,0.11241945,0.11097003,-0.019219482,0.13305847,0.11478189,0.013935048,False,False,False,False,0.029722854,0.84950924,False,False,61095.04797552408,,13,False,False,False,False,False,False,False,False,False,False,False,False,False,False,False,False,False,False,False,False,False,i
3,61095.04691625944,lsst,60.21540607225402,-48.05301198133094,313765480566358165,170050474190831675,0,313765480566358165,1380.6141,188.45537,0,0,0,2954.0398,190.0431,True,2026022300043,129,0.0,2.2182856e-05,2.0887512e-05,3.4507674e-11,2118.1184,0.40613392,1353.8365,0.36892578,False,1647.1383,581.0628,False,False,False,7.3601427,,1641.8367,1681,1506.66,7.503124,60.215406168932006,,-48.05301672606502,,1.0636361,,-174.19044,,,0,False,,,,,,,,0,False,False,False,1544.5004,55.141743,0.10187823,0.15526104,-0.05301859,0.11539809,0.1277833,0.01891183,False,False,False,False,0.009972663,0.72443897,False,False,61095.048893211366,,13,False,False,False,False,False,False,False,False,False,False,False,False,False,False,False,False,False,False,False,False,False,i
3,61095.04865994248,lsst,60.2153982027752,-48.05299001267599,313765480566358165,170050474721411230,0,313765480566358165,1219.7115,195.18567,0,0,0,2750.206,196.59286,True,2026022300047,117,0.0,2.4537367e-05,2.3331277e-05,1.1632444e-10,947.8409,0.47518718,2649.7659,0.383641,False,643.1487,612.6902,False,False,False,6.061798,,1691.4178,1681,1306.9712,3.468581,60.21539910232112,,-48.05298486295698,,1.0559884,,-89.75995,,,0,False,,,,,,,,0,False,False,False,1462.5602,50.057003,0.12200147,0.09410192,0.059401635,0.11789695,0.12971643,0.010459549,False,False,False,False,0.049066715,0.53492814,False,False,61095.05077293671,,12,False,False,False,False,False,False,False,False,False,False,False,False,False,False,False,False,False,False,False,False,False,i
3,61095.050525840896,lsst,60.21536942676741,-48.05299968543013,313765480566358165,170050475265622149,0,313765480566358165,1675.106,197.18874,0,0,0,3171.8403,199.994,True,2026022300051,131,0.0,1.5708085e-05,1.3403765e-05,2.254972e-11,428.1517,0.28664285,2805.6243,0.23665473,False,912.8346,584.7456,False,False,False,8.162501,,1808.8446,1681,,,,,,,,,,,,0,False,,,,,,,,0,False,False,False,1473.8988,55.24235,,,,0.15755181,0.12735204,0.011463361,True,False,False,False,,0.75455254,False,False,61095.05257085431,,16,False,False,False,False,False,False,False,False,False,False,False,False,False,False,False,False,False,False,False,False,False,i
3,61095.05095970953,lsst,60.2153934595868,-48.05295802202574,313765480566358165,170050475391975549,0,313765480566358165,1104.3634,198.49738,0,0,0,2510.651,200.28087,True,2026022300052,116,0.0,2.0428708e-05,3.1482174e-05,-2.2606234e-10,3488.6963,0.3323684,2246.0781,0.5891434,False,1743.0444,603.4837,False,False,False,5.3084884,,1721.8534,1681,1282.5204,10.781068,60.215392832207684,,-48.05297583258352,,1.4674277,,175.77034,,,0,False,,,,,,,,0,False,False,False,1380.2396,70.20941,0.061577775,0.27960956,-0.06261665,0.09537297,0.16381788,0.000110000605,False,False,False,False,0.27781028,0.11179635,False,False,61095.0529276076,,10,False,False,False,False,False,False,False,False,False,False,False,False,False,False,False,False,False,False,False,False,False,i
2,61095.082031503436,lsst,60.21542088552759,-48.05300859707627,313765480566358165,170050483586072645,0,313765480566358165,1909.9469,156.15079,0,0,0,2408.3599,151.36145,True,2026022300113,129,0.0,1.4312769e-05,1.4332862e-05,-6.414114e-13,761.9361,0.25748894,1499.86,0.2582589,False,2343.1682,434.64383,False,False,False,12.204322,,1715.2513,1681,1877.6627,3.2214887,60.21541724914165,,-48.05301052946332,,0.7320295,,-71.47855,,,0,False,,,,,,,,0,False,False,False,429.19467,52.448036,0.14242461,0.13729537,0.024487028,0.1330914,0.1476727,0.022537636,False,False,False,False,4.8560505e-05,0.9246127,False,False,61095.08375114399,,15,False,False,False,False,False,False,False,False,False,False,False,False,False,False,False,False,False,False,False,False,False,r
2,61095.08289750737,lsst,60.215412476785275,-48.053015841780876,313765480566358165,170050483852935289,0,313765480566358165,1614.0372,153.64464,0,0,0,2094.7173,148.11978,True,2026022300115,126,0.0,1.37245415e-05,1.5085004e-05,-3.2378683e-11,3596.539,0.23476417,2649.6733,0.28215295,False,1791.6444,437.17865,False,False,False,10.177108,,1700.8904,1681,1585.6704,4.3219266,60.21541052885281,,-48.05301519417823,,0.82033306,,-47.7228,,,0,False,,,,,,,,0,False,False,False,419.34802,56.56321,0.08111378,0.13388045,0.019762428,0.13320787,0.13735028,0.024862878,False,False,False,False,0.13290513,0.842841,False,False,61095.084716375095,,14,False,False,False,False,False,False,False,False,False,False,False,False,False,False,False,False,False,False,False,False,False,r
2,61095.08333121422,lsst,60.2154054412222,-48.052985935994315,313765480566358165,170050484003405899,0,313765480566358165,1921.0408,153.53697,0,0,0,2378.3975,148.11076,True,2026022300116,157,0.0,1.3109727e-05,1.5054389e-05,-5.2890407e-11,898.0477,0.21305406,1707.2891,0.28973663,False,2063.9846,441.37738,False,False,False,12.457584,,1679.0271,1681,1933.4745,0.854823,60.21540514769325,,-48.052985846270744,,0.8657042,,-42.710327,,,0,False,,,,,,,,0,False,False,False,368.9121,52.7244,0.10400009,0.17034006,0.01384092,0.11495477,0.14144796,0.002425911,False,False,False,False,0.0155946035,0.8856725,False,False,61095.08514695661,,16,False,False,False,False,False,False,False,False,False,False,False,False,False,False,False,False,False,False,False,False,False,r
2,61095.083764857656,lsst,60.21543981605088,-48.05298352491001,313765480566358165,170050484117700712,0,313765480566358165,1545.2026,150.80287,0,0,0,1978.7185,145.35876,True,2026022300117,119,0.0,1.747844e-05,1.7170201e-05,1.4563406e-11,2795.5894,0.31999254,2507.184,0.30368713,False,1918.1337,436.56058,False,False,False,9.988989,,1618.5608,1681,1711.5922,10.212771,60.21543525627478,,-48.05298313408956,,1.2954217,,-82.737915,,,0,False,,,,,,,,0,False,False,False,379.48068,54.21025,0.17341153,0.15869561,0.09098223,0.13050582,0.13111019,0.017009497,False,False,False,False,0.2114489,0.83231026,False,False,61095.08565189784,,15,False,False,False,False,False,False,False,False,False,False,False,False,False,False,False,False,False,False,False,False,False,r
2,61095.08463427059,lsst,60.21540023614937,-48.05299840360661,313765480566358165,170050484390330457,0,313765480566358165,1625.4781,161.66858,0,0,0,2059.231,156.1693,True,2026022300119,127,0.0,1.9106761e-05,1.9569998e-05,-7.006356e-11,3791.6152,0.3134061,1896.6971,0.37940598,False,1553.8914,433.7589,False,False,False,9.937198,,1743.983,1681,1742.2238,4.570174,60.215399984444325,,-48.0529979857603,,1.1118416,,-67.82895,,,0,False,,,,,,,,0,False,False,False,423.89728,63.04526,0.14817087,0.22173832,0.04896842,0.1644688,0.15448405,0.019127036,False,False,False,False,0.09668026,0.79883075,False,False,61095.08640619668,,17,False,False,False,False,False,False,False,False,False,False,False,False,False,False,False,False,False,False,False,False,False,r
2,61095.0855026553,lsst,60.215388120522135,-48.05299714749229,313765480566358165,170050484633075754,0,313765480566358165,1507.1813,165.01492,0,0,0,1927.4496,160.53137,True,2026022300121,78,0.0,2.0238907e-05,1.9572315e-05,-1.3985878e-10,3705.3123,0.28844902,927.4364,0.41711175,False,2077.79,470.69394,False,False,False,8.932895,,1706.2782,1681,1662.4944,11.353114,60.215372110984745,,-48.052996178929575,,1.2971121,,-66.02731,,,0,False,,,,,,,,0,False,False,False,379.36432,49.74316,0.11348763,0.25611115,0.053284246,0.13026042,0.13799673,0.011752941,False,False,False,False,0.38090992,0.771004,False,False,61095.08726870574,,15,False,False,False,False,False,False,False,False,False,False,False,False,False,False,False,False,False,False,False,False,False,r
2,61095.08636977549,lsst,60.215463154710335,-48.05300089723739,313765480566358165,170050484904657007,0,313765480566358165,1846.1603,159.83275,0,0,0,2353.8765,155.77565,True,2026022300123,84,0.0,1.4954719e-05,1.4071011e-05,-4.2745484e-11,477.68005,0.23211318,3020.7249,0.28755352,False,1846.9407,433.5306,False,False,False,11.391277,,1723.9369,1681,1815.1669,6.629284,60.21545828726982,,-48.05300272721194,,0.7612391,,-58.62544,,,0,False,,,,,,,,0,False,False,False,454.52853,47.505455,0.1155745,0.1682574,0.0049386714,0.14770725,0.15830694,0.015078299,False,False,False,False,0.019895067,0.890431,False,False,61095.088160304025,,18,False,False,False,False,False,False,False,False,False,False,False,False,False,False,False,False,False,False,False,False,False,r
2,61095.087237279666,lsst,60.21539651720062,-48.05300063946983,313765480566358165,170050485170470946,0,313765480566358165,1804.1415,160.83122,0,0,0,2311.7993,156.90211,True,2026022300125,79,0.0,1.4370872e-05,1.2932981e-05,-3.4339195e-11,78.655594,0.21887504,667.1139,0.27089843,False,1607.4443,457.22433,False,False,False,11.130957,,1670.9777,1681,1867.9066,1.9961174,60.215399255468554,,-48.05300153829223,,0.9662281,,156.91022,,,0,False,,,,,,,,0,False,False,False,400.82837,55.338177,0.0901772,0.11809286,-0.04718642,0.12200336,0.15723298,0.0020281358,False,False,False,False,0.20217893,0.88917655,False,False,61095.08894643994,,15,False,False,False,False,False,False,False,False,False,False,False,False,False,False,False,False,False,False,False,False,False,r
2,61095.089168330014,lsst,60.21544128906293,-48.05301443997182,313765480566358165,170050485735653428,0,313765480566358165,1628.755,159.98357,0,0,0,2140.8604,156.3991,True,2026022300129,133,0.0,1.4619058e-05,1.7895483e-05,-5.6151746e-11,3033.443,0.24779256,1367.3989,0.33412796,False,2035.8777,434.2051,False,False,False,9.85421,,1696.5131,1681,1787.8846,5.2251678,60.21542319371368,,-48.05300886941474,,1.3934886,,-54.414566,,,0,False,,,,,,,,0,False,False,False,481.80945,49.51865,0.1271805,0.22724117,0.095895275,0.13309346,0.18024953,0.013917656,False,False,False,False,0.06510597,0.79637235,False,False,61095.09095253219,,18,False,False,False,False,False,False,False,False,False,False,False,False,False,False,False,False,False,False,False,False,False,r
2,61095.090035318324,lsst,60.21543490990646,-48.05300652455332,313765480566358165,170050486002516117,0,313765480566358165,1692.1104,165.28824,0,0,0,2238.329,161.38736,True,2026022300131,130,0.0,1.7571398e-05,1.9056717e-05,-4.455965e-11,121.30417,0.30322737,2918.6196,0.3546902,False,2149.71,434.40045,False,False,False,10.028163,,1717.4197,1681,1767.5288,3.2754552,60.21543577545578,,-48.05300743013541,,1.0234455,,-69.164566,,,0,False,,,,,,,,0,False,False,False,490.88028,49.69168,0.15809414,0.17581533,0.050556794,0.14903519,0.19650121,0.026412578,False,False,False,False,0.0048795855,0.84979695,False,False,61095.091833715116,,17,False,False,False,False,False,False,False,False,False,False,False,False,False,False,False,False,False,False,False,False,False,r
2,61095.0909001883,lsst,60.215370454474055,-48.052991435465714,313765480566358165,170050486268854391,0,313765480566358165,1916.9421,165.69287,0,0,0,2428.8455,161.15468,True,2026022300133,126,0.0,1.5629517e-05,1.5695481e-05,-3.4654625e-12,390.3758,0.2799517,2706.9055,0.28398326,False,1692.2185,435.89963,False,False,False,11.356138,,1607.1102,1681,1968.5248,4.5998173,60.215371070193555,,-48.052991656661554,,0.95565206,,-67.915695,,,0,False,,,,,,,,0,False,False,False,414.65564,55.03774,0.15858774,0.19427945,0.039634872,0.16362312,0.17012173,0.023199335,False,False,False,False,0.013606902,0.8823874,False,False,61095.09276460366,,18,False,False,False,False,False,False,False,False,False,False,False,False,False,False,False,False,False,False,False,False,False,r
2,61095.09306706571,lsst,60.21546838275007,-48.05302362950778,313765480566358165,170050486957244513,0,313765480566358165,1651.7563,161.52914,0,0,0,2181.0203,156.5816,True,2026022300138,159,0.0,1.6081494e-05,1.5802992e-05,-3.5825353e-11,1762.8724,0.26612735,2534.2537,0.30692604,False,1758.7944,441.30115,False,False,False,10.041966,,1650.0068,1681,1629.3472,11.02979,60.21545786432803,,-48.053017588601335,,0.8356739,,-83.56207,,,0,False,,,,,,,,0,False,False,False,487.51822,58.272236,0.11624612,0.13968521,0.03136821,0.13720444,0.16401845,-0.001687445,False,False,False,False,0.08175942,0.8191828,False,False,61095.0948056217,,17,False,False,False,False,False,False,False,False,False,False,False,False,False,False,False,False,False,False,False,False,False,r
2,61095.09350215376,lsst,60.21544850939603,-48.053001964074674,313765480566358165,170050487048994832,0,313765480566358165,1415.417,171.12944,0,0,0,1925.0931,166.87056,True,2026022300139,78,0.0,2.2984876e-05,2.0553152e-05,-1.7525983e-10,2688.6965,0.3083701,277.83472,0.46202677,False,1660.9882,470.33646,False,False,False,8.177822,,1672.5212,1681,1385.2997,3.3516443,60.215450402332245,,-48.05300385163761,,0.63195634,,134.56717,,,0,False,,,,,,,,0,False,False,False,446.74664,53.031094,0.087007724,0.12228489,-0.0050315727,0.13351883,0.17479494,0.017744178,False,False,False,False,0.3286568,0.6758276,False,False,61095.09520658417,,15,False,False,False,False,False,False,False,False,False,False,False,False,False,False,False,False,False,False,False,False,False,r
2,61095.09443342907,lsst,60.21539047636258,-48.053026864257866,313765480566358165,170050487342596115,0,313765480566358165,1601.7449,164.69473,0,0,0,2098.3682,160.5712,True,2026022300141,126,0.0,1.7408525e-05,1.7243112e-05,-5.920009e-11,3584.1619,0.27938175,366.21906,0.34113118,False,1571.1162,435.4954,False,False,False,9.516355,,1577.9647,1681,1638.1974,8.823201,60.215385771489096,,-48.05302387763023,,1.0706832,,-85.708664,,,0,False,,,,,,,,0,False,False,False,468.1411,61.034485,0.117269844,0.14057584,0.059163585,0.15433629,0.18098113,0.030915847,False,False,False,False,0.20039798,0.880247,False,False,61095.096189072996,,17,False,False,False,False,False,False,False,False,False,False,False,False,False,False,False,False,False,False,False,False,False,r
3,61096.02349307947,lsst,60.215417836223295,-48.05300854637913,313765480566358165,170054916263378992,0,313765480566358165,1559.3425,233.42436,0,0,0,3142.493,236.68222,True,2026022400371,134,0.0,3.4668792e-05,2.1254855e-05,1.02339665e-10,2728.9736,0.62761843,1522.8873,0.37694952,False,1322.2844,673.80835,False,False,False,6.6526113,,1729.3888,1681,1584.3086,45.55829,60.215400722065795,,-48.052993117473946,,0.9799616,,-104.80394,,,0,False,,,,,,,,0,False,False,False,1573.6152,47.65719,0.16885808,0.07352087,-0.012169607,0.1470748,0.12496894,-0.0028613321,False,False,False,False,0.039651934,0.53374493,False,False,61096.02524035781,,13,False,False,False,False,False,False,False,False,False,False,False,False,False,False,False,False,False,False,False,False,False,i
3,61096.02392389106,lsst,60.21542798993019,-48.053005773215126,313765480566358165,170054916386586786,0,313765480566358165,1604.884,241.21497,0,0,0,3200.7522,245.35675,True,2026022400372,113,0.0,2.0289115e-05,2.2524408e-05,-1.7930218e-11,208.82353,0.3646327,3662.0593,0.40699506,False,2157.5525,682.9898,False,False,False,6.590488,,1729.0604,1681,1559.2146,23.215328,60.21541194014623,,-48.053015659676134,,0.76245666,,174.77716,,,0,False,,,,,,,,0,False,False,False,1598.3464,48.914875,0.053741723,0.1110023,-0.0051636086,0.15534316,0.13521393,-0.00018099831,False,False,False,False,0.494922,0.5966537,False,False,61096.0258968198,,15,False,False,False,False,False,False,False,False,False,False,False,False,False,False,False,False,False,False,False,False,False,i
3,61096.02435693065,lsst,60.21539512731963,-48.053025035635,313765480566358165,170054916529717383,0,313765480566358165,1489.9894,219.46465,0,0,0,3033.6826,222.10721,True,2026022400373,130,0.0,2.387985e-05,1.949229e-05,4.7673237e-11,1094.5579,0.43422908,2562.1057,0.34575626,False,287.08585,665.1778,False,False,False,6.7251196,,1631.9825,1681,1559.8801,22.725418,60.21539628226469,,-48.05301866684009,,1.0052267,,-87.26768,,,0,False,,,,,,,,0,False,False,False,1529.4646,55.439487,0.13659732,0.040063042,0.030418044,0.14645006,0.108126014,-0.0023837427,False,False,False,False,0.25793585,0.77108616,False,False,61096.02640613189,,12,False,False,False,False,False,False,False,False,False,False,False,False,False,False,False,False,False,False,False,False,False,i
3,61096.02757468611,lsst,60.215358411334854,-48.053028798871054,313765480566358165,170054917462425786,0,313765480566358165,1484.067,203.30821,0,0,0,2877.8616,202.7728,True,2026022400380,117,0.0,2.3515095e-05,2.2896016e-05,5.448116e-11,4035.2358,0.440034,3681.168,0.39563566,False,1927.0529,661.9998,False,False,False,7.259318,,1743.0753,1681,1695.7749,1.3412405,60.21536562156874,,-48.053022803155045,,1.1399685,,-176.44112,,,0,False,,,,,,,,0,False,False,False,1391.9719,49.65263,0.15409505,0.17004116,-0.06626776,0.094101325,0.11697546,-0.0052005462,False,False,False,False,0.5320346,0.67179596,False,False,61096.02968111052,,13,False,False,False,False,False,False,False,False,False,False,False,False,False,False,False,False,False,False,False,False,False,i
3,61096.02851659682,lsst,60.21536091143599,-48.05300553236085,313765480566358165,170054917731909683,0,313765480566358165,1529.3407,204.3033,0,0,0,3040.7278,206.91142,True,2026022400382,119,0.0,2.3653249e-05,2.4149072e-05,-2.6811536e-10,1731.2357,0.31363374,1342.4924,0.5217831,False,1416.8296,638.0038,False,False,False,7.427831,,1813.4474,1681,1643.9722,7.1084995,60.21536133605449,,-48.053016466057635,,1.0017921,,144.69017,,,0,False,,,,,,,,0,False,False,False,1423.7935,50.367214,0.08081277,0.17873734,-0.014793136,0.11334803,0.1096364,-0.0025291531,False,False,False,False,0.07231113,0.7233303,False,False,61096.03056728696,,13,False,False,False,False,False,False,False,False,False,False,False,False,False,False,False,False,False,False,False,False,False,i
3,61096.02900786075,lsst,60.21534507865948,-48.05298449605125,313765480566358165,170054917883428973,0,313765480566358165,1623.3813,225.55855,0,0,0,3077.279,227.97092,True,2026022400383,152,0.0,4.0318733e-05,4.025073e-05,-9.426645e-11,2470.7058,0.70446974,3222.841,0.746763,False,1043.9138,644.7179,False,False,False,7.386003,,1653.7618,1681,1806.9595,23.003302,60.21535381969736,,-48.05298493900127,,1.138856,,-138.87633,,,0,False,,,,,,,,0,False,False,False,1426.2129,47.284245,0.20616378,0.068033375,-0.0056869453,0.13506295,0.16151778,-0.012207766,False,False,False,False,0.020940732,0.8011801,False,False,61096.03103140791,,16,False,False,False,False,False,False,False,False,False,False,False,False,False,False,False,False,False,False,False,False,False,i
3,61096.03046155003,lsst,60.21540191463018,-48.05299428167105,313765480566358165,170054918274023475,0,313765480566358165,1856.4298,213.47714,0,0,0,3403.4585,216.59404,True,2026022400386,129,0.0,2.0721258e-05,2.025186e-05,3.277699e-11,1523.5203,0.38377118,1429.1437,0.3536089,False,2032.7637,632.1395,False,False,False,8.543677,,1747.1472,1681,2144.0283,10.1723795,60.21541356107707,,-48.052987851808965,,1.4002802,,-152.63297,,,0,False,,,,,,,,0,False,False,False,1521.0637,49.18597,0.25527444,0.119609185,-0.083670735,0.12322058,0.1293985,-0.0048738844,False,False,False,False,0.52313954,0.86034155,False,False,61096.03238098936,,14,False,False,False,False,False,False,False,False,False,False,False,False,False,False,False,False,False,False,False,False,False,i
3,61096.03231674872,lsst,60.215373126352,-48.05299930160012,313765480566358165,170054918784155774,0,313765480566358165,1339.3208,209.58713,0,0,0,2827.8103,211.43176,True,2026022400390,78,0.0,3.304411e-05,3.3934753e-05,2.0583435e-10,1646.8219,0.65807885,2620.3892,0.544552,False,1332.2924,655.29816,False,False,False,6.218455,,1674.1298,1681,,,,,,,,,,,,0,False,,,,,,,,0,False,False,False,1452.8457,61.688297,,,,0.109019995,0.117193244,-0.01013507,True,False,False,False,,0.596132,False,False,61096.03444501153,,13,False,False,False,False,False,False,False,False,False,False,False,False,False,False,False,False,False,False,False,False,False,i
3,61096.03324393712,lsst,60.21536349073757,-48.05300933602484,313765480566358165,170054919052066879,0,313765480566358165,1366.2067,205.25253,0,0,0,2860.9124,206.86446,True,2026022400392,77,0.0,1.9971689e-05,2.0583786e-05,3.553936e-11,1507.7275,0.38178423,1442.2457,0.3479918,False,715.12506,628.01746,False,False,False,6.443211,,1831.0089,1681,1256.1532,16.30831,60.21535190082437,,-48.05300063315862,,0.5815077,,-135.23326,,,0,False,,,,,,,,0,False,False,False,1454.1378,52.85527,0.062107798,0.029810265,0.005500177,0.117436096,0.11433636,2.730349e-05,False,False,False,False,0.65221256,0.6957787,False,False,61096.035411800935,,11,False,False,False,False,False,False,False,False,False,False,False,False,False,False,False,False,False,False,False,False,False,i
3,61096.03417948008,lsst,60.2153665230705,-48.05298424315924,313765480566358165,170054919320502298,0,313765480566358165,1353.2719,184.94705,0,0,0,2756.958,186.72939,True,2026022400394,77,0.0,2.2633867e-05,2.4147692e-05,5.7661837e-11,1383.3402,0.44703263,551.2345,0.3944578,False,1495.837,628.7518,False,False,False,7.1494455,,1723.4703,1681,1440.9806,10.790635,60.21537154368522,,-48.05300796079114,,1.0130701,,162.72679,,,0,False,,,,,,,,0,False,False,False,1349.5962,61.687527,0.18308134,0.18819165,-0.049238484,0.09006419,0.091908164,0.0046372465,False,False,False,False,0.9149828,0.6232323,False,False,61096.03615773955,,12,False,False,False,False,False,False,False,False,False,False,False,False,False,False,False,False,False,False,False,False,False,i
3,61096.03603791432,lsst,60.21540127546265,-48.052998601848984,313765480566358165,170054919833256092,0,313765480566358165,1366.6108,190.7705,0,0,0,2806.823,192.68684,True,2026022400398,31,0.0,1.5347186e-05,1.8550976e-05,3.703245e-11,1676.6228,0.3400721,3798.98,0.2696771,False,129.81682,641.1339,False,False,False,7.1424294,,1748.9117,1681,1327.9954,14.9706,60.21539760913263,,-48.05300074924415,,0.59607947,,-168.5661,,,0,False,,,,,,,,0,False,False,False,1431.4434,61.643764,0.08497143,0.051827684,-0.0034108246,0.09290178,0.09378702,0.0033175435,False,False,False,False,0.15389045,0.80232924,False,False,61096.03816294152,,12,False,False,False,False,False,False,False,False,False,False,False,False,False,False,False,False,False,False,False,False,False,i
3,61096.03721128707,lsst,60.21541145899422,-48.05303149290425,313765480566358165,170054920155693095,0,313765480566358165,1369.7216,202.84668,0,0,0,2930.592,205.13013,True,2026022400400,134,0.0,2.4125604e-05,2.0727413e-05,2.6882866e-11,2077.7036,0.4359772,1238.2163,0.3712709,False,269.90384,629.178,False,False,False,6.7717915,,1784.6897,1681,1310.2523,4.5258756,60.215413054045015,,-48.053031223595326,,0.60975754,,-107.84278,,,0,False,,,,,,,,0,False,False,False,1539.5292,54.455627,0.11710964,0.08440508,-0.0047213016,0.113629974,0.1097563,0.008746877,False,False,False,False,0.026425615,0.7428163,False,False,61096.03908624599,,12,False,False,False,False,False,False,False,False,False,False,False,False,False,False,False,False,False,False,False,False,False,i
3,61096.03764492377,lsst,60.21535817970909,-48.052973986412155,313765480566358165,170054920280473629,0,313765480566358165,1389.8145,225.88284,0,0,0,2854.3372,228.76088,True,2026022400401,116,0.0,2.1461794e-05,4.128687e-05,-2.781672e-10,104.57686,0.3613617,342.7996,0.7564387,False,1137.5194,645.13464,False,False,False,6.0291123,,1722.796,1681,1472.767,4.360212,60.21535277797099,,-48.05295831124366,,0.97431475,,-33.23476,,,0,False,,,,,,,,0,False,False,False,1460.1025,67.013794,0.08432939,0.15607612,0.032783438,0.1142396,0.20069917,0.022235122,False,False,False,False,0.19837053,0.5770066,False,False,61096.0394999459,,14,False,False,False,False,False,False,False,False,False,False,False,False,False,False,False,False,False,False,False,False,False,i
3,61096.03810602264,lsst,60.21546401041374,-48.05304337012746,313765480566358165,170054920422031472,0,313765480566358165,1213.7808,198.9451,0,0,0,2791.7764,201.45671,True,2026022400402,130,0.0,4.3742788e-05,4.783322e-05,-1.1526353e-10,553.0527,0.7808548,2038.8503,0.8673998,False,969.9094,627.77545,False,False,False,6.1995363,,1717.0585,1681,1334.518,3.4117248,60.215453080403144,,-48.053041741965586,,1.034138,,-166.76076,,,0,False,,,,,,,,0,False,False,False,1550.4153,61.398163,0.13204122,0.18861671,-0.04477769,0.10703897,0.10972762,0.008582255,False,False,False,False,0.46355683,0.6673369,False,False,61096.04017842178,,11,False,False,False,False,False,False,False,False,False,False,False,False,False,False,False,False,False,False,False,False,False,i
3,61096.04089304031,lsst,60.21538301916758,-48.05296704796424,313765480566358165,170054921221046426,0,313765480566358165,1404.61,220.52014,0,0,0,2843.2131,222.62276,True,2026022400408,118,0.0,2.3830926e-05,2.3621182e-05,1.05320605e-11,2261.1992,0.43218115,3899.2075,0.4229284,False,784.83356,642.00714,False,False,False,6.24696,,1715.7238,1681,1478.9457,10.305232,60.215354909312005,,-48.052984418002346,,1.1270043,,-134.16638,,,0,False,,,,,,,,0,False,False,False,1424.6073,51.47231,0.22147381,0.099605106,-0.02276297,0.13567062,0.12980632,-0.0032906085,False,False,False,False,0.13576448,0.6256893,False,False,61096.04296422922,,12,False,False,False,False,False,False,False,False,False,False,False,False,False,False,False,False,False,False,False,False,False,i
3,61096.04181361073,lsst,60.215312620642855,-48.05299608029529,313765480566358165,170054921488957538,0,313765480566358165,1468.4502,224.28833,0,0,0,2834.1306,226.21747,True,2026022400410,117,0.0,5.03459e-05,4.8428585e-05,5.418721e-10,3659.419,0.98648244,2610.9705,0.78316194,False,423.91568,652.03455,False,False,False,6.574505,,1790.8601,1681,1566.0773,6.7884674,60.21529639431748,,-48.053005526520714,,1.0123451,,-106.69397,,,0,False,,,,,,,,0,False,False,False,1383.7211,46.10973,0.22895516,0.16217548,0.035671175,0.12839858,0.129988,0.0074141393,False,False,False,False,0.5747449,0.6171745,False,False,61096.0437649462,,14,False,False,False,False,False,False,False,False,False,False,False,False,False,False,False,False,False,False,False,False,False,i
3,61096.04480987982,lsst,60.215410430570365,-48.053033646212064,313765480566358165,170054922300555400,0,313765480566358165,1321.2545,176.16422,0,0,0,2771.7136,178.04567,True,2026022400416,129,0.0,1.746738e-05,1.981803e-05,-9.0233473e-11,2702.2043,0.2839788,2968.537,0.38169867,False,629.8496,627.06335,False,False,False,7.2897277,,1778.4591,1681,,,,,,,,,,,,0,False,,,,,,,,0,False,False,False,1415.1404,65.09375,,,,0.07670048,0.09395583,0.0065955785,True,False,False,False,,0.6366745,False,False,61096.04684790448,,12,False,False,False,False,False,False,False,False,False,False,False,False,False,False,False,False,False,False,False,False,False,i
3,61096.05662607073,lsst,60.21534008529538,-48.05298073880276,313765480566358165,170054923514806402,0,313765480566358165,1375.0938,192.00555,0,0,0,2731.0938,193.96234,True,2026022400425,141,0.0,2.7900604e-05,1.9835452e-05,-5.6331984e-11,3249.96,0.5047273,3047.9673,0.35358918,False,1252.9889,622.16156,False,False,False,7.1676126,,1628.3932,1681,1519.7153,6.487527,60.21533592422532,,-48.052980890403525,,0.98448724,,-104.41341,,,0,False,,,,,,,,0,False,False,False,1352.831,49.09857,0.16662788,0.09770139,-0.03464192,0.12941875,0.09658633,0.006425479,False,False,False,False,0.078059494,0.6996827,False,False,61096.058482099106,,13,False,False,False,False,False,False,False,False,False,False,False,False,False,False,False,False,False,False,False,False,False,i
2,61096.10086060821,lsst,60.21539934972786,-48.05300023245506,313765480566358165,170054935599120396,0,313765480566358165,1455.3241,202.36859,0,0,0,1948.4851,198.93413,True,2026022400515,150,0.0,2.898592e-05,2.895719e-05,2.48256e-13,3568.8533,0.5212731,310.4105,0.5216179,False,945.61523,520.4841,False,False,False,7.2164607,,1616.0847,1681,1498.5829,10.756432,60.2154036249524,,-48.05301077591095,,0.6829747,,-82.77941,,,0,False,,,,,,,,0,False,False,False,483.40738,57.801006,0.17936438,0.17774443,-0.020750565,0.21385743,0.17658623,0.011375974,False,False,False,False,0.034944333,0.7845079,False,False,61096.10251997644,,16,False,False,False,False,False,False,False,False,False,False,False,False,False,False,False,False,False,False,False,False,False,r
2,61096.10129267996,lsst,60.21540231871252,-48.052998131589725,313765480566358165,170054935668326403,0,313765480566358165,1974.2135,214.57156,0,0,0,2450.3657,208.97072,True,2026022400516,26,0.0,3.533975e-05,3.5751385e-05,-8.588363e-11,655.5392,0.6620379,138.8791,0.61818445,False,2669.1438,553.569,False,False,False,9.285091,,1594.2208,1681,2372.3909,4.3164186,60.21541812820926,,-48.053000860664284,,1.3443844,,-26.647562,,,0,False,,,,,,,,0,False,False,False,436.60657,55.466812,0.34207055,0.18334988,0.042481653,0.1904946,0.19964674,0.055506174,False,False,False,False,0.44432023,0.81064516,False,False,61096.103018913695,,18,False,False,False,False,False,False,False,False,False,False,False,False,False,False,False,False,False,False,False,False,False,r
2,61096.101726228226,lsst,60.21536441254639,-48.05302604064589,313765480566358165,170054935863885955,0,313765480566358165,1688.4056,207.85934,0,0,0,2214.624,206.31395,True,2026022400517,143,0.0,2.4725445e-05,2.4703284e-05,4.5905984e-11,1972.286,0.42763638,3671.3804,0.46144786,False,1400.6154,520.0146,False,False,False,7.9262147,,1713.9758,1681,1718.3215,0.25640798,60.21537082354119,,-48.053021034591204,,0.6455008,,16.786562,,,0,False,,,,,,,,0,False,False,False,493.59726,43.482574,0.17361212,0.19387777,0.015342623,0.22313432,0.20383999,0.01664013,False,False,False,False,0.09840089,0.6651741,False,False,61096.10343110627,,18,False,False,False,False,False,False,False,False,False,False,False,False,False,False,False,False,False,False,False,False,False,r
2,61096.10259309165,lsst,60.21544278855562,-48.05302890324358,313765480566358165,170054936150147139,0,313765480566358165,1851.4629,226.71823,0,0,0,2429.4749,221.37228,True,2026022400519,177,0.0,2.8952965e-05,2.5834515e-05,-3.9807926e-10,2916.0117,0.61327446,2328.6753,0.3354848,False,2066.0718,560.73615,False,False,False,8.097882,,1628.3466,1681,1900.6135,37.097115,60.215410513504104,,-48.05300670887398,,0.8484295,,-126.24902,,,0,False,,,,,,,,0,False,False,False,570.9845,80.252846,0.0958662,0.15631032,-0.017146137,0.23471183,0.18564396,0.014962309,False,False,False,False,0.5697601,0.7708346,False,False,61096.10441055466,,17,False,False,False,False,False,False,False,False,False,False,False,False,False,False,False,False,False,False,False,False,False,r
2,61096.10346176096,lsst,60.215416292571874,-48.05297051456622,313765480566358165,170054936400232527,0,313765480566358165,1506.5867,209.07637,0,0,0,2009.0753,206.0519,True,2026022400521,142,0.0,2.9994602e-05,2.6260215e-05,-2.3905522e-10,3327.786,0.58451265,2610.1702,0.4158817,False,1576.3024,523.7839,False,False,False,7.1985507,,1735.7999,1681,1728.57,11.642059,60.21543033741001,,-48.05298004635564,,1.3430148,,-34.521698,,,0,False,,,,,,,,0,False,False,False,480.3363,57.727924,0.27620718,0.14225519,0.06620395,0.22523972,0.19613117,-0.0044125263,False,False,False,False,0.0002508391,0.59304833,False,False,61096.10524131072,,18,False,False,False,False,False,False,False,False,False,False,False,False,False,False,False,False,False,False,False,False,False,r
2,61096.10520507814,lsst,60.21542186529904,-48.05302209940186,313765480566358165,170054936955453491,0,313765480566358165,1700.0723,223.4881,0,0,0,2266.3088,222.40651,True,2026022400525,177,0.0,3.2973152e-05,2.269244e-05,-2.5351937e-10,507.46008,0.61924803,1227.7247,0.36918187,False,1837.6794,558.9219,False,False,False,7.353079,,1635.6285,1681,1966.0315,8.3813505,60.215394537973054,,-48.05302457617921,,1.5614755,,-65.108444,,,0,False,,,,,,,,0,False,False,False,542.4995,47.955647,0.4062254,0.15366465,0.01840065,0.20642437,0.19091982,0.032501064,False,False,False,False,0.5652966,0.6040761,False,False,61096.10692251635,,18,False,False,False,False,False,False,False,False,False,False,False,False,False,False,False,False,False,False,False,False,False,r
2,61096.106075376505,lsst,60.215442463092685,-48.05303871660989,313765480566358165,170054937220743279,0,313765480566358165,1862.1244,225.45369,0,0,0,2435.9197,224.04843,True,2026022400527,171,0.0,3.1748474e-05,2.7049507e-05,-7.9298096e-11,1746.1576,0.57728505,3209.5508,0.4803173,False,2488.676,545.894,False,False,False,8.182223,,1722.1896,1681,2065.137,12.712589,60.21544956970801,,-48.05305207500029,,1.3041118,,-49.91288,,,0,False,,,,,,,,0,False,False,False,598.3642,38.326214,0.31439042,0.20756434,0.064678274,0.22691213,0.20798615,0.016962241,False,False,False,False,0.19588211,0.64140064,False,False,61096.1078329108,,19,False,False,False,False,False,False,False,False,False,False,False,False,False,False,False,False,False,False,False,False,False,r
2,61096.106511187565,lsst,60.21542332396593,-48.053000069843705,313765480566358165,170054937322455063,0,313765480566358165,1852.5522,217.59413,0,0,0,2387.063,217.16989,True,2026022400528,109,0.0,2.6710293e-05,1.8710612e-05,-8.839548e-11,1065.3534,0.4881918,499.2461,0.32691017,False,1859.8779,530.24304,False,False,False,8.421055,,1710.473,1681,1924.6165,3.7760706,60.21542103806229,,-48.05300135989198,,1.0933214,,-55.269215,,,0,False,,,,,,,,0,False,False,False,526.91327,34.427986,0.23015401,0.14500223,0.040454037,0.2433975,0.17840363,-0.0048025167,False,False,False,False,0.06252795,0.6759274,False,False,61096.108237338136,,16,False,False,False,False,False,False,False,False,False,False,False,False,False,False,False,False,False,False,False,False,False,r
2,61096.107942994044,lsst,60.21545430283675,-48.05300667308632,313765480566358165,170054937758662691,0,313765480566358165,1698.2583,235.17937,0,0,0,2298.2358,232.05768,True,2026022400531,173,0.0,2.7371565e-05,2.7590355e-05,1.5423126e-11,3418.393,0.48906472,1258.6053,0.5003962,False,1841.4468,552.3286,False,False,False,7.2261906,,1743.8372,1681,1774.1522,29.918488,60.21543015299594,,-48.05301641926097,,0.9200567,,-71.979004,,,0,False,,,,,,,,0,False,False,False,594.23035,58.953705,0.1950378,0.12560225,-0.020660184,0.26495174,0.22911556,-0.03680919,False,False,False,False,0.5329181,0.67146486,False,False,61096.10970725039,,18,False,False,False,False,False,False,False,False,False,False,False,False,False,False,False,False,False,False,False,False,False,r
2,61096.10880786022,lsst,60.21536534605056,-48.052996778667946,313765480566358165,170054938009796730,0,313765480566358165,1910.8358,237.19765,0,0,0,2463.3726,236.08084,True,2026022400533,140,0.0,2.7608789e-05,2.613157e-05,-5.7425127e-11,674.985,0.5063274,3756.5508,0.45982724,False,1873.3275,529.7618,False,False,False,7.954409,,1668.1077,1681,2079.162,15.853597,60.21537341593684,,-48.05298764086688,,1.315466,,-24.607367,,,0,False,,,,,,,,0,False,False,False,562.9421,57.262127,0.2563435,0.21182272,0.08450049,0.30667594,0.25116524,-0.011132956,False,False,False,False,0.16477045,0.78251296,False,False,61096.1104643934,,20,False,False,False,False,False,False,False,False,False,False,False,False,False,False,False,False,False,False,False,False,False,r
2,61096.10967656346,lsst,60.21545183052735,-48.05300869903487,313765480566358165,170054938297630786,0,313765480566358165,1732.0109,236.778,0,0,0,2314.647,233.5438,True,2026022400535,177,0.0,3.5197463e-05,2.503319e-05,-2.7978242e-10,729.3093,0.6609355,2225.9314,0.41071066,False,1559.9655,569.4708,False,False,False,7.263167,,1534.679,1681,1899.7816,9.088939,60.215453385534985,,-48.05301668029106,,1.4255681,,-62.58989,,,0,False,,,,,,,,0,False,False,False,572.61664,62.293434,0.3418631,0.13521203,0.022817124,0.24480653,0.1868165,0.010786359,False,False,False,False,0.05823071,0.7519939,False,False,61096.11142523105,,16,False,False,False,False,False,False,False,False,False,False,False,False,False,False,False,False,False,False,False,False,False,r
2,61096.11054106025,lsst,60.21543530721779,-48.05304958333745,313765480566358165,170054938559250463,0,313765480566358165,1766.0427,238.51138,0,0,0,2412.0095,235.68163,True,2026022400537,164,0.0,6.583271e-05,4.3314318e-05,-7.438884e-10,2626.5974,1.212716,1004.33466,0.73585314,False,1724.5697,556.44995,False,False,False,7.564002,,1674.1804,1681,1910.5183,13.58074,60.21538330722098,,-48.05303933250137,,1.0205599,,-36.97744,,,0,False,,,,,,,,0,False,False,False,628.4312,58.405094,0.26457575,0.23956127,0.046581354,0.25143713,0.22312973,0.00272768,False,False,False,False,0.022780512,0.5246827,False,False,61096.112367378795,,19,False,False,False,False,False,False,False,False,False,False,False,False,False,False,False,False,False,False,False,False,False,r
2,61096.11227377052,lsst,60.21543320168437,-48.05300859435703,313765480566358165,170054939095072868,0,313765480566358165,1709.7622,224.5033,0,0,0,2264.637,222.73358,True,2026022400541,162,0.0,2.6422422e-05,2.1170774e-05,-1.5385254e-11,3866.9167,0.4761661,3702.516,0.38122898,False,1808.736,555.5851,False,False,False,7.4126487,,1872.8398,1681,1740.2018,18.33074,60.21547433433372,,-48.053022196694165,,0.8792791,,-12.389537,,,0,False,,,,,,,,0,False,False,False,552.1492,58.59306,0.12678729,0.18921134,0.018968137,0.24506125,0.1810204,0.013232379,False,False,False,False,0.29967794,0.641815,False,False,61096.11402074806,,18,False,False,False,False,False,False,False,False,False,False,False,False,False,False,False,False,False,False,False,False,False,r
2,61096.11357182164,lsst,60.21542715150454,-48.05297610238669,313765480566358165,170054939472035847,0,313765480566358165,1838.5594,193.36217,0,0,0,2213.8,192.51003,True,2026022400544,113,0.0,1.7651146e-05,1.5219645e-05,6.1018465e-12,3918.1943,0.31874886,214.31197,0.2738489,False,1278.9166,554.3267,False,False,False,9.340562,,1687.8179,1681,1833.0773,0.9578656,60.215428192920164,,-48.05297442777315,,0.64117545,,-87.18137,,,0,False,,,,,,,,0,False,False,False,374.82712,45.19662,0.142223,0.10612466,0.004635841,0.14895226,0.13099964,-0.003424277,False,False,False,False,0.043751013,0.84216064,False,False,61096.115341612254,,16,False,False,False,False,False,False,False,False,False,False,False,False,False,False,False,False,False,False,False,False,False,r
2,61096.116351064906,lsst,60.215415654060074,-48.05298508809997,313765480566358165,170054940251652111,0,313765480566358165,1374.4519,192.25801,0,0,0,1756.2549,190.50754,True,2026022400550,64,0.0,3.3843015e-05,2.9521658e-05,-1.6049245e-10,2128.8804,0.6296768,293.94534,0.5089829,False,2066.104,551.76135,False,False,False,7.1688824,,1710.8173,1681,1682.771,6.689698,60.21542572986254,,-48.052995302797044,,1.3940653,,-93.49174,,,0,False,,,,,,,,0,False,False,False,400.6564,49.53998,0.3201597,0.21064906,-0.081219025,0.1415903,0.15196668,0.013276894,False,False,False,False,0.9096667,0.53049296,False,False,61096.11804492821,,16,False,False,False,False,False,False,False,False,False,False,False,False,False,False,False,False,False,False,False,False,False,r
2,61096.11765108097,lsst,60.21539652496208,-48.0530155175792,313765480566358165,170054940708307009,0,313765480566358165,2188.2087,231.30653,0,0,0,2715.2617,228.47832,True,2026022400553,167,0.0,3.037317e-05,1.9506146e-05,-1.4477965e-10,1345.9927,0.5574212,2214.2844,0.33456126,False,2211.706,562.08417,False,False,False,9.295484,,1690.6761,1681,2554.897,7.9657164,60.21539466172695,,-48.053017119887166,,1.5463704,,-60.639393,,,0,False,,,,,,,,0,False,False,False,537.543,60.099224,0.37468204,0.1579136,0.06442691,0.23565412,0.21226315,0.015791975,False,False,False,False,0.18166552,0.87245524,False,False,61096.1194513095,,21,False,False,False,False,False,False,False,False,False,False,False,False,False,False,False,False,False,False,False,False,False,r
2,61096.11851932947,lsst,60.21539778512691,-48.05299204853322,313765480566358165,170054940976218210,0,313765480566358165,2014.7513,245.21176,0,0,0,2579.7058,242.77026,True,2026022400555,166,0.0,3.0288867e-05,2.6890753e-05,-2.8845233e-11,2754.5063,0.5466463,3465.142,0.48361665,False,1743.8477,570.4557,False,False,False,8.212384,,1645.2336,1681,2037.5813,6.707549,60.215399239511356,,-48.05298945209293,,0.7171519,,-52.21094,,,0,False,,,,,,,,0,False,False,False,548.4509,47.66619,0.23480603,0.21187784,0.019610448,0.24180822,0.23415297,0.0155751165,False,False,False,False,0.022313086,0.68803525,False,False,61096.120186508066,,20,False,False,False,False,False,False,False,False,False,False,False,False,False,False,False,False,False,False,False,False,False,r
2,61096.11981234745,lsst,60.21547424596228,-48.05296312743732,313765480566358165,170054941350559809,0,313765480566358165,1604.3212,217.37064,0,0,0,2157.1594,216.6463,True,2026022400558,112,0.0,6.284112e-05,3.46661e-05,-6.709191e-12,1734.9858,1.1324785,1827.0857,0.62403923,False,1194.6812,531.00104,False,False,False,7.4104705,,1701.3824,1681,1782.3944,19.5539,60.21547150716826,,-48.05297082808277,,1.3221,,-90.86983,,,0,False,,,,,,,,0,False,False,False,494.9518,32.385727,0.32319695,0.14653341,-0.0030973584,0.23248112,0.18500252,-0.0028600653,False,False,False,False,0.07857591,0.67906344,False,False,61096.121610559385,,17,False,False,False,False,False,False,False,False,False,False,False,False,False,False,False,False,False,False,False,False,False,r
2,61096.12077025615,lsst,60.21541169736345,-48.053001733162226,313765480566358165,170054941644161086,0,313765480566358165,1626.7184,199.61554,0,0,0,2088.844,197.80193,True,2026022400560,160,0.0,2.3124147e-05,2.1691349e-05,5.587871e-11,1406.2013,0.42934927,1546.4274,0.3771296,False,1866.2097,547.79456,False,False,False,7.894074,,1728.8047,1681,1668.9136,5.785975,60.215410044394346,,-48.053005816656864,,1.0391768,,-78.72036,,,0,False,,,,,,,,0,False,False,False,432.0709,40.360348,0.18052875,0.16572478,0.05234547,0.18243374,0.15498066,0.023150075,False,False,False,False,0.0028976991,0.64598083,False,False,61096.12251758709,,16,False,False,False,False,False,False,False,False,False,False,False,False,False,False,False,False,False,False,False,False,False,r
3,61097.11916402209,lsst,60.21543856640296,-48.05302905274902,313765480566358165,170059268536926292,0,313765480566358165,1588.6304,250.41405,0,0,0,3184.9307,253.53107,True,2026022500030,125,0.0,3.594028e-05,2.2355569e-05,3.0639027e-10,3568.237,0.6731661,2248.7378,0.3580924,False,1409.9661,767.279,False,False,False,6.3068376,,1775.7236,1681,1836.7982,10.832491,60.215468734096,,-48.05301393492198,,1.2715927,,-144.01704,,,0,False,,,,,,,,0,False,False,False,1573.5242,50.63831,0.19611163,0.13707931,-0.08182123,0.12004404,0.12164355,0.0033956782,False,False,False,False,0.35193753,0.78663516,False,False,61097.12121735944,,13,False,False,False,False,False,False,False,False,False,False,False,False,False,False,False,False,False,False,False,False,False,i
3,61097.146045658155,lsst,60.215427254207626,-48.053025359647044,313765480566358165,170059276324175970,0,313765480566358165,1589.2133,267.1442,0,0,0,3204.7422,271.44617,True,2026022500088,130,0.0,5.4978562e-05,3.6118865e-05,4.1924558e-10,173.77765,1.0052465,2178.2087,0.6256767,False,1350.4183,810.33966,False,False,False,5.996712,,1627.238,1681,1617.2742,14.734325,60.21543500187811,,-48.053018342394246,,0.73958105,,-89.8265,,,0,False,,,,,,,,0,False,False,False,1581.2759,54.201447,0.21932884,0.1755559,0.01089993,0.13535571,0.1150694,0.01345338,False,False,False,False,0.64717454,0.7893712,False,False,61097.14808149042,,12,False,False,False,False,False,False,False,False,False,False,False,False,False,False,False,False,False,False,False,False,False,i
3,61098.02802341731,lsst,60.21530146999062,-48.053045873825425,313765480566358165,170063668331413611,0,313765480566358165,1559.902,227.07195,0,0,0,2914.6953,230.42572,True,2026022600043,131,0.0,2.813306e-05,2.1402151e-05,1.9135167e-10,2715.061,0.53341097,2731.8235,0.3467503,False,1316.2019,669.4952,False,False,False,6.8704925,,1837.9878,1681,1625.9478,33.996174,60.21531599844833,,-48.05304901309939,,1.0968876,,-109.471794,,,0,False,,,,,,,,0,False,False,False,1329.0199,57.956882,0.16496563,0.026957896,0.012207298,0.1304318,0.12602526,0.018142723,False,False,False,False,0.18370248,0.5964936,False,False,61098.03004505548,,13,False,False,False,False,False,False,False,False,False,False,False,False,False,False,False,False,False,False,False,False,False,i
3,61098.040525696895,lsst,60.21539407335939,-48.05300969237587,313765480566358165,170063672082169908,0,313765480566358165,1628.816,293.10233,0,0,0,3370.5354,297.41522,True,2026022600071,117,0.0,3.1712854e-05,3.414008e-05,-2.6131258e-10,1339.1147,0.51439315,1814.6422,0.6640797,False,949.34705,695.8814,False,False,False,5.6142807,,1724.2338,1681,1604.4591,13.90745,60.21537832256865,,-48.053021570855094,,0.9638145,,-119.149086,,,0,False,,,,,,,,0,False,False,False,1706.4537,43.34174,0.16328818,0.07106487,0.011786337,0.19269203,0.23134387,-0.007873474,False,False,False,False,0.6550332,0.56607103,False,False,61098.042437113705,,13,False,False,False,False,False,False,False,False,False,False,False,False,False,False,False,False,False,False,False,False,False,i
2,61098.09522336519,lsst,60.21546616865614,-48.05307013108513,313765480566358165,170063687147585617,0,313765480566358165,2195.0095,297.0517,0,0,0,2956.9802,301.92166,True,2026022600183,180,0.0,2.9799981e-05,2.7730359e-05,-3.2871753e-10,548.18866,0.6136522,2330.2207,0.400569,False,1368.191,633.5572,False,False,False,7.371905,,1634.2792,1681,2194.9697,11.828717,60.21546697968545,,-48.05306948167922,,1.1750793,,-63.88723,,,0,False,,,,,,,,0,False,False,False,708.9933,29.77532,0.24916817,0.12569147,-0.032305393,0.2822009,0.25307325,0.0035129308,False,False,False,False,0.45191476,0.5080143,False,False,61098.09681463611,,19,False,False,False,False,False,False,False,False,False,False,False,False,False,False,False,False,False,False,False,False,False,r
2,61098.100095675065,lsst,60.21540817099828,-48.05300707954235,313765480566358165,170063688564736024,0,313765480566358165,2399.7542,265.94293,0,0,0,2901.4424,269.64038,True,2026022600194,67,0.0,2.2874121e-05,2.5476264e-05,7.586181e-11,3734.3306,0.39826164,895.1392,0.4713912,False,3012.8362,637.99207,False,False,False,8.90176,,1702.2137,1681,2469.7864,22.37236,60.21540189659404,,-48.05300674243716,,1.1661695,,-137.49925,,,0,False,,,,,,,,0,False,False,False,523.32947,30.922838,0.15738553,0.2678905,-0.03764607,0.19863899,0.20288491,-0.005206423,False,False,False,False,0.017459089,0.77842605,False,False,61098.101890231876,,21,False,False,False,False,False,False,False,False,False,False,False,False,False,False,False,False,False,False,False,False,False,r
2,61098.10139302396,lsst,60.21540171821946,-48.052984630724524,313765480566358165,170063689023488057,0,313765480566358165,2059.0122,287.32657,0,0,0,2627.7952,290.42435,True,2026022600197,174,0.0,3.3905882e-05,2.5531954e-05,-1.536068e-10,1810.9546,0.6217087,1914.9563,0.44461522,False,1799.357,633.8375,False,False,False,7.2737937,,1910.8146,1681,2086.382,13.455187,60.21540548489994,,-48.05298076383568,,1.0881449,,-59.16706,,,0,False,,,,,,,,0,False,False,False,546.31635,25.36313,0.25474337,0.15566032,0.028689321,0.22627483,0.2529641,0.0015812797,False,False,False,False,0.11641144,0.6414335,False,False,61098.10306155469,,18,False,False,False,False,False,False,False,False,False,False,False,False,False,False,False,False,False,False,False,False,False,r
4,61098.11618949568,lsst,60.21544675019553,-48.05302311231748,313765480566358165,170063691147378772,0,313765480566358165,2748.896,479.13287,0,0,0,4343.068,483.05313,True,2026022600213,129,0.0,3.264603e-05,3.657023e-05,-2.0384203e-10,1697.3569,0.5570294,3905.4363,0.6849265,False,2277.2415,1156.705,False,False,False,5.7006817,,1640.7737,1681,3030.3594,28.663586,60.21542456122455,,-48.05302299075151,,1.362954,,-31.297144,,,0,False,,,,,,,,0,False,False,False,1552.6266,78.45043,0.14496078,0.3332481,0.010857788,0.22589591,0.18419906,0.006168267,False,False,False,False,0.13199694,0.7670183,False,False,61098.11807715654,,14,False,False,False,False,False,False,False,False,False,False,False,False,False,False,False,False,False,False,False,False,False,z
2,61004.30177726407,lsst,60.21537745694882,-48.05299268281769,313765480566358165,313765480566358165,0,313765480566358165,1572.4658,148.5296,0,0,0,2180.8284,135.05179,True,2025112400345,126,0.0,1.3947871e-05,1.3723832e-05,-3.3732017e-11,1608.5725,0.22601977,3116.1086,0.27016655,False,995.7089,320.91528,False,False,False,9.872341,,1200.2704,1681,1512.3945,5.6740513,60.21534194837343,,-48.05300473658377,,0.90416974,,-122.3237,,,0,False,,,,,,,,0,False,False,False,548.1687,110.93197,0.25337395,0.18873301,0.018882368,0.30468822,0.27067626,0.02193911,False,False,False,False,0.32014662,0.93683416,False,False,61081.97078904197,,23,False,False,False,False,False,False,False,False,False,False,False,False,False,False,False,False,False,False,False,False,False,r
2,61004.302236527146,lsst,60.21544099375899,-48.05299280513773,313765480566358165,313765480731508769,0,313765480566358165,1686.2771,119.40672,0,0,0,2173.573,110.413414,True,2025112400346,185,0.0,1.2411396e-05,1.2727643e-05,2.1277903e-11,2786.6282,0.24156027,668.6487,0.21057133,False,1706.6047,336.47525,False,False,False,13.91834,,1291.9048,1681,1700.4349,0.16866796,60.215437350845235,,-48.05299524419101,,0.677875,,-98.68362,,,0,False,,,,,,,,0,False,False,False,381.36404,69.1582,0.15358888,0.14817348,0.020509,0.15157609,0.12086124,0.0014235815,False,False,False,False,0.03880099,0.9517266,False,False,61081.8899351335,,16,False,False,False,False,False,False,False,False,False,False,False,False,False,False,False,False,False,False,False,False,False,r
3,61006.22498435907,lsst,60.21537329711403,-48.05300147327671,313765480566358165,313774269386457156,0,313765480566358165,875.7264,159.27202,0,0,0,2330.7966,160.14703,True,2025112600291,78,0.0,2.4935274e-05,2.308176e-05,-1.13456085e-10,1173.7697,0.3851118,1534.414,0.47625414,False,230.05292,545.1237,False,False,False,5.244094,,1522.941,1681,834.4729,21.87585,60.215378023413706,,-48.05300480454524,,0.72509295,,-141.21165,,,0,False,,,,,,,,0,False,False,False,1408.7106,60.055027,0.07785855,0.020389492,0.004452704,0.09391335,0.09875287,0.0012790567,False,False,False,False,0.44024485,0.9211488,False,False,61081.91075328532,,10,False,False,False,False,False,False,False,False,False,False,False,False,False,False,False,False,False,False,False,False,False,i
3,61007.123208063684,lsst,60.215398271420355,-48.05297611814091,313765480566358165,313778639167029295,0,313765480566358165,1188.0223,220.85641,0,0,0,2758.1042,222.09776,False,2025112700080,181,,3.506178e-05,3.527759e-05,1.4437955e-11,2265.2852,0.62925225,1372.6569,0.6379272,False,312.12094,627.56714,False,False,False,5.3540177,,1645.5386,1681,1516.5059,36.28821,60.21542864094452,,-48.05299627457865,,1.7662207,,154.08548,,,0,False,,,,,,,,0,False,False,False,1519.9253,37.908577,0.31313825,0.19565038,0.17043445,0.14717871,0.12862605,0.014592354,False,False,False,False,0.91493833,0.98690027,False,False,61081.97810163655,,10,False,False,False,False,False,False,False,False,False,False,False,False,False,False,False,False,False,False,False,False,False,i
1,61019.28926317879,lsst,60.21537601543062,-48.052926523792806,313765480566358165,313831458379661384,0,313765480566358165,1850.6461,261.60864,0,0,0,2385.1404,264.00894,True,2025120900398,130,0.0,5.6558943e-05,7.9197474e-05,-4.9628596e-10,752.2071,1.0053091,3622.7163,1.4342887,False,2091.6328,512.2301,False,False,False,7.198421,,1601.97,1681,2319.459,16.058107,60.21537629211593,,-48.05292416964435,,2.3900928,,-21.835941,,,0,False,,,,,,,,0,False,False,False,505.62997,42.001938,0.33129337,0.8801026,0.13309789,0.36227894,0.2706569,-0.0018047497,False,False,False,False,0.99864817,0.9440665,False,False,61081.926682241145,,23,False,False,False,False,False,False,False,False,False,False,False,False,False,False,False,False,False,False,False,False,False,g
3,61024.13534045467,lsst,60.21539417985068,-48.053025956340356,313765480566358165,313853497285541962,0,313765480566358165,1104.3617,190.55644,0,0,0,2810.0825,193.8115,True,2025121400761,39,0.0,4.3354048e-05,3.6336678e-05,2.4013946e-10,367.85754,0.6321263,2817.6765,0.7989444,False,1173.3859,478.53397,False,False,False,5.7069674,,1490.2506,1681,1226.0273,3.0884438,60.2153750906417,,-48.053017614462306,,1.4038765,,-113.23561,,,0,False,,,,,,,,0,False,False,False,1698.5074,51.83906,0.17957957,0.37607634,0.0096940715,0.17436415,0.18661183,-0.013191798,False,False,False,False,0.7312446,0.91794467,False,False,61081.982744079025,,14,False,False,False,False,False,False,False,False,False,False,False,False,False,False,False,False,False,False,False,False,False,i
3,61024.13590584954,lsst,60.21539701206387,-48.052981270499274,313765480566358165,313853497438109750,0,313765480566358165,1233.0859,203.42137,0,0,0,3035.696,205.25212,True,2025121400762,74,0.0,3.998571e-05,2.6817663e-05,-9.230514e-12,1593.9133,0.48319298,1759.0544,0.7199176,False,1570.0135,477.87833,False,False,False,5.887239,,1429.2404,1681,1293.2933,11.956138,60.21537256614491,,-48.052971467069156,,1.5291127,,104.72867,,,0,False,,,,,,,,0,False,False,False,1681.9043,56.71389,0.052202486,0.29770592,-0.0661397,0.17364676,0.23408838,-0.01266746,False,False,False,False,0.09755272,0.9192206,False,False,61081.929329754916,,13,False,False,False,False,False,False,False,False,False,False,False,False,False,False,False,False,False,False,False,False,False,i
3,61024.136370905944,lsst,60.21533565965816,-48.053050839820024,313765480566358165,313853497625280607,0,313765480566358165,1339.6987,208.72966,0,0,0,2974.745,211.69096,True,2025121400763,175,0.0,6.819643e-05,3.492324e-05,4.6682047e-10,1635.4114,0.6125925,3836.44,1.2383306,False,1350.9156,486.3199,False,False,False,6.339142,,1550.595,1681,1631.8164,25.66262,60.215304268347815,,-48.05304094542571,,1.7987738,,-113.16136,,,0,False,,,,,,,,0,False,False,False,1654.0066,62.1304,0.1400873,0.44910327,0.09303491,0.19084468,0.23506893,-0.017288236,False,False,False,False,0.54360217,0.97067845,False,False,61081.968521267525,,16,False,False,False,False,False,False,False,False,False,False,False,False,False,False,False,False,False,False,False,False,False,i
3,61024.151184783455,lsst,60.21550683428631,-48.052959922600714,313765480566358165,313853501039968384,0,313765480566358165,1225.0344,192.36516,1,0,0,2809.0164,194.40454,True,2025121400789,32,0.0,,,,4051.0,,3724.0,,True,1031.6818,466.47018,True,False,False,6.407665,,1348.4232,1681,,,,,,,,,,,,0,False,,,,,,,,0,True,False,False,1591.8835,60.066673,0.20698787,0.49193692,-0.090748504,0.18335684,0.17139341,0.00595742,True,False,False,False,,0.48634383,False,False,61081.95701016826,,14,False,False,False,False,False,False,False,False,False,False,False,False,False,False,False,False,False,False,False,False,False,i
3,61024.152104554305,lsst,60.215445693658,-48.05300084250795,313765480566358165,313853501376561264,0,313765480566358165,1250.0066,190.74622,0,0,0,2944.4395,191.5482,True,2025121400791,162,0.0,2.8019971e-05,3.1087642e-05,-1.3080675e-10,3744.8054,0.5795999,3389.9473,0.4825991,False,922.2408,468.91986,False,False,False,6.587933,,1446.8363,1681,1254.2433,4.754747,60.21545094513313,,-48.05299892796441,,1.0678407,,154.93056,,,0,False,,,,,,,,0,False,False,False,1693.2495,50.15147,0.22938244,0.11723777,0.005440407,0.17502129,0.17678711,0.0070177643,False,False,False,False,0.0009582894,0.9704707,False,False,61081.98867665327,,15,False,False,False,False,False,False,False,False,False,False,False,False,False,False,False,False,False,False,False,False,False,i
3,61026.19402542853,lsst,60.21542588642725,-48.0529838637421,313765480566358165,313862199602315319,0,313765480566358165,1243.2454,200.00809,0,0,0,2925.2417,202.47885,True,2025121600062,119,0.0,2.342144e-05,2.3450299e-05,-1.6496415e-10,4042.1873,0.35310543,1757.8566,0.48111975,False,986.7163,508.636,False,False,False,6.1154847,,1719.6415,1681,1121.6,49.3565,60.21539138930772,,-48.0529698987787,,0.86521685,,172.54161,,,0,False,,,,,,,,0,False,False,False,1646.9218,40.069782,0.06818762,0.089246996,-0.038644064,0.14424057,0.18320352,0.0019889697,False,False,False,False,0.66856736,0.9696502,False,False,61081.993103832756,,13,False,False,False,False,False,False,False,False,False,False,False,False,False,False,False,False,False,False,False,False,False,i
3,61026.194575518064,lsst,60.215397211994336,-48.052999745907634,313765480566358165,313862199714512932,0,313765480566358165,1235.5919,176.06868,0,0,0,2830.1882,177.47054,True,2025121600063,77,0.0,2.6964979e-05,2.2436776e-05,-8.7660997e-11,2342.2944,0.3918997,1002.6135,0.49539414,False,1755.7429,500.35654,False,False,False,6.9022927,,1617.7615,1681,1146.3076,13.039384,60.21539941331386,,-48.05300282346707,,0.6520187,,-112.56267,,,0,False,,,,,,,,0,False,False,False,1566.3347,53.21498,0.09832332,0.10295845,0.019597584,0.11383435,0.14319178,0.005754696,False,False,False,False,0.14038724,0.9550463,False,False,61081.8883349737,,12,False,False,False,False,False,False,False,False,False,False,False,False,False,False,False,False,False,False,False,False,False,i
3,61026.20315663158,lsst,60.2154025860724,-48.05303122280116,313765480566358165,313862200841732210,0,313765480566358165,1298.9517,203.71933,0,0,0,3085.7322,207.67125,True,2025121600071,179,0.0,3.459264e-05,2.1716907e-05,-1.6283737e-10,4039.7573,0.37649465,3704.5266,0.6335726,False,1249.6129,534.9448,False,False,False,6.1262217,,1809.7671,1681,1305.4232,27.947557,60.21543008175177,,-48.053030618824984,,1.1910424,,115.452866,,,0,False,,,,,,,,0,False,False,False,1677.7264,87.25855,0.08256749,0.21790308,-0.034064036,0.13418193,0.1644816,-0.0067608603,False,False,False,False,0.00013718758,0.9463189,False,False,61081.9446678622,,14,False,False,False,False,False,False,False,False,False,False,False,False,False,False,False,False,False,False,False,False,False,i
3,61026.21851143322,lsst,60.21535548826523,-48.05303161829859,313765480566358165,313862204142125176,0,313765480566358165,1359.245,171.63849,0,0,0,2904.3608,173.1646,True,2025121600096,74,0.0,1.7649862e-05,2.1139791e-05,3.03514e-11,2614.244,0.3835944,2753.7874,0.31436765,False,841.78864,492.0972,False,False,False,7.855902,,1560.309,1681,1337.8317,1.4424189,60.21534654008329,,-48.05303745836219,,1.0183958,,173.811,,,0,False,,,,,,,,0,False,False,False,1480.5681,53.181095,0.17313641,0.08771051,-0.03166886,0.11304229,0.12435879,0.008941524,False,False,False,False,0.028552806,0.98062503,False,False,61081.88153868467,,13,False,False,False,False,False,False,False,False,False,False,False,False,False,False,False,False,False,False,False,False,False,i
3,61026.218976231714,lsst,60.215367463620176,-48.05300836009648,313765480566358165,313862204276342898,0,313765480566358165,958.6686,172.4777,0,0,0,2530.3115,173.88747,True,2025121600097,74,0.0,3.185257e-05,1.7492659e-05,-1.13321234e-10,81.47574,0.30601513,2397.989,0.57840407,False,581.20776,491.9106,False,False,False,5.436715,,1771.8386,1681,,,,,,,,,,,,0,False,,,,,,,,0,False,False,False,1516.8335,52.96605,,,,0.12080401,0.12579092,0.0037437018,True,False,False,False,,0.88136667,False,False,61081.95344491228,,10,False,False,False,False,False,False,False,False,False,False,False,False,False,False,False,False,False,False,False,False,False,i
3,61026.21943972506,lsst,60.215404702340074,-48.053026415245085,313765480566358165,313862204414230694,0,313765480566358165,1358.0774,168.34941,0,0,0,2922.025,170.71387,True,2025121600098,81,0.0,1.8084944e-05,1.5675838e-05,-9.131233e-12,2240.1511,0.28165707,3560.4272,0.3259396,False,1730.7732,490.30777,False,False,False,7.7542286,,1672.6302,1681,1168.2416,7.961231,60.2153977293196,,-48.053026634389795,,0.5031608,,-91.38402,,,0,False,,,,,,,,0,False,False,False,1521.0448,60.117695,0.051246937,0.073804684,0.0031046018,0.107872345,0.12055906,0.01320048,False,False,False,False,0.4427889,0.96861035,False,False,61081.91190058029,,13,False,False,False,False,False,False,False,False,False,False,False,False,False,False,False,False,False,False,False,False,False,i
3,61026.220270894584,lsst,60.21537390782207,-48.05298273529937,313765480566358165,313862204595634241,0,313765480566358165,1396.1335,173.84285,0,0,0,2905.5056,175.52368,True,2025121600099,171,0.0,1.8024444e-05,2.3767276e-05,6.981418e-11,3748.9277,0.31488505,1439.9994,0.43526557,False,1649.8187,494.88052,False,False,False,8.07694,,1693.5105,1681,1349.3671,6.813225,60.21537475940031,,-48.052979912870875,,0.87090695,,-2.177211,,,0,False,,,,,,,,0,False,False,False,1469.8492,53.07783,0.08715469,0.14865388,0.021158716,0.12452974,0.11547167,-0.0039382246,False,False,False,False,0.00091596646,0.9541529,False,False,61081.91878328333,,13,False,False,False,False,False,False,False,False,False,False,False,False,False,False,False,False,False,False,False,False,False,i
3,61026.22120064691,lsst,60.215441929332265,-48.05289821362199,313765480566358165,313862204832088114,0,313765480566358165,953.701,195.74591,0,0,0,2220.2234,200.0421,True,2025121600101,110,0.0,3.851232e-05,0.000104246705,1.5609564e-09,3902.109,0.6332339,1405.3033,1.8995495,False,1424.0308,503.04602,False,False,False,5.1304426,,1643.2126,1681,1032.5669,79.82531,60.21538887508433,,-48.05300164998907,,1.0878844,,2.7571898,,,0,False,,,,,,,,0,False,False,False,1282.8912,52.15425,0.032628726,0.16489714,0.0151764,0.16735418,0.19620477,0.038309585,False,False,False,False,0.6137644,0.8983052,False,False,61081.962930984504,,15,False,False,False,False,False,False,False,False,False,False,False,False,False,False,False,False,False,False,False,False,False,i
3,61026.22482207099,lsst,60.21539126284492,-48.053031460998454,313765480566358165,313862205645783101,0,313765480566358165,1311.9761,152.58939,0,0,0,2825.214,155.08836,True,2025121600107,126,0.0,1.9845209e-05,2.1000691e-05,3.4459168e-11,2908.7368,0.3858131,1354.6573,0.3488369,False,1129.3716,476.60626,False,False,False,8.350192,,1676.0249,1681,1317.9819,2.9350927,60.21538354345453,,-48.053042682398605,,1.0394937,,-178.2792,,,0,False,,,,,,,,0,False,False,False,1452.5632,65.95645,0.19917148,0.13330552,-0.041871283,0.0959293,0.093583874,0.002911528,False,False,False,False,0.7403115,0.9782315,False,False,61081.97906215139,,13,False,False,False,False,False,False,False,False,False,False,False,False,False,False,False,False,False,False,False,False,False,i
2,61028.32099364962,lsst,60.215454742403544,-48.05300369467338,313765480566358165,313871013552586879,0,313765480566358165,1710.3816,165.37444,0,0,0,2295.1956,163.22658,True,2025121800195,131,0.0,1.9638359e-05,1.6383958e-05,4.2423034e-11,640.2653,0.3594734,2867.3765,0.28721273,False,1862.5957,377.8135,False,False,False,10.053472,,1684.1489,1681,1548.8679,15.748495,60.215432943580005,,-48.05300304717236,,0.45508814,,-139.00764,,,0,False,,,,,,,,0,False,False,False,582.62054,32.746887,0.112639725,0.10411489,-0.007990284,0.24409328,0.1974383,0.019008197,False,False,False,False,0.7604746,0.9487125,False,False,61081.94064732801,,21,False,False,True,False,False,False,False,True,False,False,False,False,False,False,False,False,False,False,False,False,False,r
2,61028.32145480813,lsst,60.21545830366442,-48.052990727028956,313765480566358165,313871013686804595,0,313765480566358165,1738.0366,165.63275,0,0,0,2347.239,163.22726,True,2025121800196,131,0.0,2.1269525e-05,1.9352765e-05,3.4710394e-11,258.599,0.38815585,2767.6736,0.34207913,False,1994.3075,371.79114,False,False,False,10.261473,,1585.5663,1681,1860.7207,5.2316256,60.21547074427241,,-48.05300225111995,,1.4973089,,-62.607597,,,0,False,,,,,,,,0,False,False,False,565.9283,32.579025,0.24571063,0.2741664,0.11620164,0.2454678,0.20048347,0.026027057,False,False,False,False,0.1419185,0.95106757,False,False,61081.89540312759,,22,False,False,False,False,False,False,False,False,False,False,False,False,False,False,False,False,False,False,False,False,False,r
2,61028.32672772356,lsst,60.21539137654271,-48.05300998966643,313765480566358165,313871014493683720,0,313765480566358165,1851.597,158.48338,0,0,0,2416.2732,154.76997,True,2025121800202,134,0.0,1.6582857e-05,1.4389849e-05,8.686955e-12,3341.9265,0.29884082,233.39206,0.25831965,False,1437.5253,375.98224,False,False,False,11.653821,,1732.2101,1681,1773.291,8.221171,60.21538965985744,,-48.05300937795363,,0.71348786,,-54.90026,,,0,False,,,,,,,,0,False,False,False,507.32013,45.151215,0.1440326,0.13988356,0.023147937,0.22723258,0.16546234,0.002753777,False,False,False,False,0.3136235,0.97292197,False,False,61081.97246857228,,19,False,False,False,False,False,False,False,False,False,False,False,False,False,False,False,False,False,False,False,False,False,r
2,61028.327190168304,lsst,60.21542174380264,-48.05301672876933,313765480566358165,313871014627901449,0,313765480566358165,1816.1066,160.72722,0,0,0,2419.7441,157.59961,True,2025121800203,134,0.0,2.3496896e-05,1.5986041e-05,5.5542976e-11,2946.2185,0.42645273,206.84303,0.2820043,False,2168.063,377.49466,False,False,False,10.990496,,1698.6193,1681,2008.0981,1.574561,60.215409001966826,,-48.053008654719015,,1.625063,,-77.49567,,,0,False,,,,,,,,0,False,False,False,556.2312,32.99935,0.3779798,0.1807817,0.10089114,0.2283826,0.17988996,0.022439048,False,False,False,False,0.49981996,0.95893127,False,False,61081.937278054436,,20,False,False,False,False,False,False,False,False,False,False,False,False,False,False,False,False,False,False,False,False,False,r
2,61028.32765062572,lsst,60.215469262562124,-48.052989067452714,313765480566358165,313871014761595012,0,313765480566358165,1685.5452,165.06871,0,0,0,2253.3506,161.942,True,2025121800204,133,0.0,2.1704684e-05,1.7573124e-05,4.089604e-11,567.997,0.39463034,3431.5747,0.3114497,False,1378.5194,379.09665,False,False,False,10.0040455,,1609.0436,1681,1600.9305,6.0845056,60.21546410578943,,-48.052989173758505,,0.8013204,,-81.55053,,,0,False,,,,,,,,0,False,False,False,559.9564,38.018253,0.20235443,0.1602143,0.020333605,0.22934845,0.1935294,0.0155342175,False,False,False,False,0.101966694,0.9596309,False,False,61081.91309525787,,18,False,False,False,False,False,False,False,False,False,False,False,False,False,False,False,False,False,False,False,False,False,r
2,61028.32811437026,lsst,60.215440950672715,-48.0530001726328,313765480566358165,313871014889521264,0,313765480566358165,1955.5869,177.3429,0,0,0,2626.8875,177.5935,True,2025121800205,121,0.0,2.6232485e-05,1.8347439e-05,1.1326879e-10,3413.2942,0.48402143,3922.8933,0.3136372,False,1992.6685,387.93253,False,False,False,10.920534,,1574.6344,1681,1986.2797,5.846122,60.21544595745181,,-48.052998675040605,,1.2302104,,-97.969604,,,0,False,,,,,,,,0,False,False,False,603.25745,26.624752,0.30326954,0.16048041,0.021856183,0.2530273,0.22010206,0.020654956,False,False,False,False,0.002325312,0.9554087,False,False,61081.988334814305,,21,False,False,False,False,False,False,False,False,False,False,False,False,False,False,False,False,False,False,False,False,False,r
2,61028.328577214736,lsst,60.21544579862031,-48.052994873720706,313765480566358165,313871015021117574,0,313765480566358165,1775.0441,165.44011,0,0,0,2268.722,162.49747,True,2025121800206,116,0.0,1.949651e-05,1.69403e-05,3.4626652e-11,3770.3992,0.35701618,2566.661,0.2989095,False,2158.3992,398.67432,False,False,False,10.392358,,1638.6876,1681,1784.2037,3.7851489,60.215449469781426,,-48.05299660076414,,1.0814935,,-67.84864,,,0,False,,,,,,,,0,False,False,False,513.33124,44.883648,0.19210768,0.17361861,0.056754705,0.21301144,0.16410692,0.022315295,False,False,False,False,0.0043043396,0.9670632,False,False,61081.936143235056,,18,False,False,False,False,False,False,False,False,False,False,False,False,False,False,False,False,False,False,False,False,False,r
2,61028.32997010079,lsst,60.21538119101665,-48.05299963833214,313765480566358165,313871015444217981,0,313765480566358165,2252.4954,167.76915,0,0,0,2812.3386,165.25104,True,2025121800209,155,0.0,1.691193e-05,1.686802e-05,1.3773759e-12,974.10065,0.30541968,3294.332,0.30330768,False,2433.4873,397.56012,False,False,False,13.451617,,1605.8606,1681,2289.526,1.868949,60.21538247031806,,-48.05300247739838,,1.0660262,,-68.86368,,,0,False,,,,,,,,0,False,False,False,490.49518,38.178707,0.21498755,0.22810814,0.053620923,0.2096837,0.17908955,0.034042638,False,False,False,False,0.090712965,0.9746386,False,False,61081.95206837199,,19,False,False,False,False,False,False,False,False,False,False,False,False,False,False,False,False,False,False,False,False,False,r
2,61030.28733370404,lsst,60.21550925732809,-48.05303092818327,313765480566358165,313879818772938837,0,313765480566358165,1961.5391,292.99466,0,0,0,2971.1216,303.72476,True,2025122000263,132,0.0,6.41544e-05,4.909545e-05,3.221437e-10,2971.683,1.1632726,3554.7014,0.8733942,False,1618.8759,432.4767,False,False,False,6.707861,,1636.0845,1681,2267.5303,62.064144,60.215623624824616,,-48.05307026081615,,2.2952404,,-67.56813,,,0,False,,,,,,,,0,False,False,False,962.8429,8.065399,0.67061514,0.4399479,0.25699523,0.67250496,0.60852766,0.015422801,False,False,False,False,0.24707963,0.8664036,False,False,61081.95810603009,,30,False,True,False,False,False,False,False,True,False,False,False,False,False,False,False,False,False,False,False,False,False,r
2,61030.287793174386,lsst,60.21537705907985,-48.052969273110755,313765480566358165,313879818898243681,0,313765480566358165,1803.9875,269.47897,0,0,0,2624.0999,278.7363,True,2025122000264,115,0.0,5.3916836e-05,4.0536543e-05,2.938932e-10,1362.2305,0.9824211,3919.1409,0.7151065,False,2225.049,431.92953,False,False,False,6.5117846,,1786.5828,1681,1990.1685,5.0241203,60.21538678146649,,-48.05296733548192,,2.2764962,,-122.688576,,,0,False,,,,,,,,0,False,False,False,767.3018,9.471464,0.809385,0.39812726,-0.1754573,0.50612,0.4998949,-0.03362065,False,False,False,False,0.39654183,0.88196015,False,False,61081.91190941272,,25,False,False,False,False,False,False,False,False,False,False,False,False,False,False,False,False,False,False,False,False,False,r
1,61033.28386863897,lsst,60.21542266439772,-48.05292095894118,313765480566358165,313893022865555495,0,313765480566358165,1061.8152,165.41354,0,0,0,1612.9651,157.9247,True,2025122300337,172,0.0,6.605167e-05,7.950787e-05,4.9286203e-10,87.5391,1.1719542,1241.8887,1.4449717,False,1412.1984,298.49362,False,False,False,6.4893875,,1739.6857,1681,1380.9258,18.941784,60.21543119921684,,-48.05291929359529,,2.5615654,,-36.96711,,,0,False,,,,,,,,0,False,False,False,569.14825,14.517137,0.64298487,0.50681096,0.3638841,0.4268937,0.32190546,-0.017865283,False,False,False,False,0.9316666,0.75782096,False,False,61081.941837274935,,23,False,False,False,False,False,False,False,False,False,False,False,False,False,False,False,False,False,False,False,False,False,g
1,61033.285258179065,lsst,60.215356425853045,-48.05299537195294,313765480566358165,313893023235702839,0,313765480566358165,1041.8192,156.9227,0,0,0,1686.5638,149.43329,True,2025122300340,110,0.0,4.1531817e-05,3.419123e-05,-5.3357155e-11,973.82477,0.7499282,1987.4043,0.6141801,False,1114.6501,290.20975,False,False,False,6.549221,,1739.9761,1681,1005.3635,14.545986,60.21536931890012,,-48.052990252680175,,0.98853904,,-74.29283,,,0,False,,,,,,,,0,False,False,False,640.8977,15.771906,0.26940915,0.1843289,0.016029943,0.38818815,0.3140549,0.01060469,False,False,False,False,0.66753507,0.864156,False,False,61081.90010835709,,20,False,False,False,False,False,False,False,False,False,False,False,False,False,False,False,False,False,False,False,False,False,g
1,61034.16083843175,lsst,60.21539637361951,-48.05298929314781,313765480566358165,313897383799816268,0,313765480566358165,776.5954,90.327736,0,0,0,1326.1663,83.246155,True,2025122400061,42,0.0,1.7515657e-05,2.3101818e-05,-6.1249825e-11,1832.9459,0.42185614,1504.0245,0.3071201,False,1042.9492,245.56386,False,False,False,8.528159,,1752.7192,1681,799.269,4.5604534,60.21538345663055,,-48.05297641620929,,1.1027633,,145.9872,,,0,False,,,,,,,,0,False,False,False,423.7789,44.35566,0.19193923,0.09463633,-0.040437914,0.12615389,0.13819121,-0.011167063,False,False,False,False,0.023091974,0.86588633,False,False,61081.90625019358,,14,False,False,False,False,False,False,False,False,False,False,False,False,False,False,False,False,False,False,False,False,False,g
1,61034.16130408224,lsst,60.21540162591392,-48.05299160200541,313765480566358165,313897384004812871,0,313765480566358165,710.6595,104.293045,0,0,0,1257.4669,97.175964,True,2025122400062,177,0.0,2.1430204e-05,2.669712e-05,-9.375349e-11,580.6048,0.4910382,2315.6252,0.37338668,False,793.2217,269.6999,False,False,False,6.58886,,1729.5573,1681,689.05206,14.578043,60.21538700222824,,-48.05298321706394,,0.9644906,,135.55989,,,0,False,,,,,,,,0,False,False,False,460.61597,47.050083,0.1276564,0.06674671,-0.03947099,0.16857259,0.15884772,-0.01921001,False,False,False,False,0.49200386,0.79638165,False,False,61081.90395633057,,14,False,False,False,False,False,False,False,False,False,False,False,False,False,False,False,False,False,False,False,False,False,g
3,61041.2257173097,lsst,60.215468702175755,-48.05302923463367,313765480566358165,313928194758017060,0,313765480566358165,1828.4722,311.8348,0,0,0,3587.6367,316.1239,True,2025123100244,177,0.0,0.000102642356,0.00010432473,6.1366784e-10,2647.1404,1.807404,1156.5599,1.922043,False,2825.8042,799.959,False,False,False,5.830641,,1669.9386,1681,2688.265,37.49847,60.21545177526025,,-48.05304824607263,,2.1935985,,-84.204636,,,0,False,,,,,,,,0,False,False,False,1763.4128,29.10848,0.6016676,0.3646452,-0.2321762,0.2022948,0.18335249,-0.017568327,False,False,False,False,0.99998266,0.97990674,False,False,61081.88520424366,,17,False,False,False,False,False,False,False,False,False,False,False,False,False,False,False,False,False,False,False,False,False,i
3,61042.107385312505,lsst,60.215366226826504,-48.05306496314984,313765480566358165,313932566408724581,0,313765480566358165,1564.9645,279.66168,0,0,0,3171.44,281.64648,True,2026010100048,7,0.0,2.634155e-05,3.0420613e-05,-1.3926828e-10,1781.6907,0.5668655,3269.4558,0.4517549,False,642.8129,757.49805,False,False,False,5.3220186,,1679.0817,1681,1840.2207,50.30563,60.21531232591591,,-48.05311323086959,,1.6480758,,-165.14664,,,0,False,,,,,,,,0,False,False,False,1523.7688,67.42635,0.22292176,0.16410317,0.16249673,0.15713441,0.193815,0.014685412,False,False,False,False,0.045366663,0.98051375,False,False,61081.92002114137,,13,False,False,False,False,False,False,False,False,False,False,False,False,False,False,False,False,False,False,False,False,False,i
3,61045.08078157806,lsst,60.21535062553824,-48.05300693361689,313765480566358165,313945770385997825,0,313765480566358165,1218.213,229.51997,0,0,0,2639.993,233.918,True,2026010400121,83,0.0,2.7583503e-05,3.8860697e-05,-3.0400515e-10,763.2627,0.72386646,35.801407,0.45983252,False,602.6917,670.96826,False,False,False,5.1970024,,1678.5006,1681,1575.6664,12.306798,60.215328486249106,,-48.05299952494117,,1.6872907,,-170.18939,,,0,False,,,,,,,,0,False,False,False,1408.2675,64.35589,0.32557115,0.15656222,0.13871288,0.17537065,0.15434898,0.024644352,False,False,False,False,0.58529496,0.9894304,False,False,61081.95248041391,,12,False,False,False,False,False,False,False,False,False,False,False,False,False,False,False,False,False,False,False,False,False,i
2,61050.11480002226,lsst,60.21544911282258,-48.05303406236349,313765480566358165,313967752696561728,0,313765480566358165,1572.4058,216.67444,0,0,0,2575.2937,218.24474,True,2026010900062,77,0.0,5.3989115e-05,5.466091e-05,3.604953e-11,1281.0005,0.98705083,3390.557,0.9691443,False,1829.589,305.74036,False,False,False,7.292376,,1614.4438,1681,2122.871,10.881263,60.21554392153221,,-48.05301673801527,,3.5164528,,-83.63614,,,0,False,,,,,,,,0,False,False,False,981.8857,11.250437,0.71970206,1.8520949,0.3459895,0.7135221,0.7284641,-0.06559208,False,False,False,False,0.99998444,0.74362886,False,False,61081.915567123855,,36,False,False,False,False,False,False,False,False,False,False,False,False,False,False,False,False,False,False,False,False,False,r
2,61050.11523990133,lsst,60.215409880455276,-48.05299781879436,313765480566358165,313967752887926849,0,313765480566358165,2232.832,240.54147,0,0,0,3159.0422,243.16533,True,2026010900063,186,0.0,3.7810736e-05,3.09884e-05,-1.516319e-10,3723.7925,0.5450777,2308.6943,0.69291097,False,2023.5316,323.55695,False,False,False,9.132563,,1722.9694,1681,2461.0288,8.20184,60.215401012584564,,-48.05298083592701,,1.9877652,,141.67117,,,0,False,,,,,,,,0,False,False,False,967.0517,9.936475,0.5894431,0.7165967,-0.18166727,0.780939,0.8839065,-0.25547075,False,False,False,False,0.62085515,0.8991332,False,False,61081.991550093284,,36,False,False,False,False,False,False,False,False,False,False,False,False,False,False,False,False,False,False,False,False,False,r
3,61051.08760541827,lsst,60.215387120123495,-48.052992616160346,313765480566358165,313972155194278053,0,313765480566358165,1102.9844,191.4058,0,0,0,2643.7876,192.56226,True,2026011000095,119,0.0,2.5419571e-05,2.9058687e-05,-1.2622692e-10,2019.0864,0.43575,3809.5508,0.54195374,False,618.28955,514.78894,False,False,False,5.7624583,,1625.1954,1681,1187.042,18.59394,60.21540950341852,,-48.05301283309286,,1.5361377,,160.03944,,,0,False,,,,,,,,0,False,False,False,1573.9618,36.400387,0.03922072,0.31456116,-0.02865652,0.13555701,0.16536386,0.008141301,False,False,False,False,0.109742984,0.9153602,False,False,61081.990612655165,,14,False,False,False,False,False,False,False,False,False,False,False,False,False,False,False,False,False,False,False,False,False,i
2,61054.1511296438,lsst,60.21544608553369,-48.05302052009487,313765480566358165,313985346388361311,0,313765480566358165,1574.9886,124.35106,0,0,0,2158.5269,118.1255,True,2026011300073,133,0.0,1.8430566e-05,1.4501e-05,7.1265446e-12,3240.1355,0.3319619,2543.787,0.2609012,False,1919.1724,308.82565,False,False,False,12.633034,,1564.6582,1681,1627.9255,0.68432194,60.215444214916076,,-48.053023717021446,,0.8725884,,-57.043686,,,0,False,,,,,,,,0,False,False,False,533.1107,35.8375,0.2264903,0.20550615,0.033082344,0.21419577,0.16408585,0.008564147,False,False,False,False,0.09098516,0.94788855,False,False,61081.87910502937,,20,False,False,False,False,False,False,False,False,False,False,False,False,False,False,False,False,False,False,False,False,False,r
2,61054.15152948933,lsst,60.215443604473485,-48.05302095583919,313765480566358165,313985346522579041,0,313765480566358165,1537.4237,119.352104,0,0,0,2107.2405,113.44424,True,2026011300074,133,0.0,1.572408e-05,1.1935916e-05,5.796156e-12,3241.412,0.28323033,2542.9292,0.2147071,False,1587.1394,308.72845,False,False,False,12.598757,,1592.0114,1681,1610.6472,3.3927073,60.215436923643026,,-48.053020229320786,,0.9733561,,-90.04389,,,0,False,,,,,,,,0,False,False,False,499.70898,35.06828,0.2148666,0.12425436,0.005043751,0.20196906,0.1535523,0.011871565,False,False,False,False,0.009417337,0.9321472,False,False,61081.91009694702,,18,False,False,False,False,False,False,False,False,False,False,False,False,False,False,False,False,False,False,False,False,False,r
2,61054.15263590309,lsst,60.21542350035067,-48.05301617510703,313765480566358165,313985346656796768,0,313765480566358165,1482.3948,124.32254,0,0,0,2053.489,119.335014,True,2026011300075,133,0.0,1.6627524e-05,1.5640006e-05,1.6157842e-12,3264.7085,0.29933617,2519.3315,0.28159288,False,1342.2247,308.33884,False,False,False,11.825283,,1658.8998,1681,1515.9688,5.3020153,60.21542057410518,,-48.053007905960214,,0.92817193,,-104.57695,,,0,False,,,,,,,,0,False,False,False,509.17728,31.704954,0.20461926,0.1289974,-0.015829405,0.19270049,0.18532848,0.015934005,False,False,False,False,0.06316547,0.94889975,False,False,61081.89805459033,,18,False,False,False,False,False,False,False,False,False,False,False,False,False,False,False,False,False,False,False,False,False,r
2,61054.15303316008,lsst,60.21541644025987,-48.05302316635406,313765480566358165,313985346791014507,0,313765480566358165,1568.8538,120.59935,0,0,0,2100.176,115.61198,True,2026011300076,133,0.0,1.6596941e-05,1.5137381e-05,2.4432724e-12,3264.4265,0.29881003,2519.0667,0.27250892,False,2288.2495,308.71295,False,False,False,12.821262,,1667.9637,1681,1740.6556,0.41240034,60.21540893808078,,-48.053024231598954,,1.2576847,,-59.620358,,,0,False,,,,,,,,0,False,False,False,495.09653,28.787718,0.25576016,0.19459738,0.07293496,0.18921135,0.17518409,0.0075615123,False,False,False,False,0.22398634,0.92118335,False,False,61081.98292496077,,20,False,False,False,False,False,False,False,False,False,False,False,False,False,False,False,False,False,False,False,False,False,r
2,61054.1541477774,lsst,60.21539502908372,-48.05299128033452,313765480566358165,313985346925232234,0,313765480566358165,1643.4796,114.3055,0,0,0,2122.6335,108.22117,True,2026011300077,133,0.0,1.1955985e-05,1.2219805e-05,-4.843731e-13,3269.917,0.21519683,2508.41,0.2200844,False,1856.6954,309.23834,False,False,False,14.167534,,1723.2557,1681,1671.5394,1.0721581,60.21539417487504,,-48.05299264745334,,0.78341126,,-53.27691,,,0,False,,,,,,,,0,False,False,False,388.73007,41.100784,0.16687018,0.15703604,0.027735382,0.15757732,0.15087393,-0.005667329,False,False,False,False,0.009638084,0.9454356,False,False,61081.908586118545,,18,False,False,False,False,False,False,False,False,False,False,False,False,False,False,False,False,False,False,False,False,False,r
4,61054.172844338675,lsst,60.21531411943433,-48.0529151595228,313765480566358165,313985349471174765,0,313765480566358165,1760.8484,319.238,0,0,0,2511.2483,319.33334,True,2026011300096,125,0.0,2.6028283e-05,3.1960586e-05,-2.0935538e-10,1244.5043,0.43358415,3180.2852,0.6032757,False,2798.112,941.3122,False,False,False,5.398507,,1667.4629,1681,1776.3661,47.01926,60.21533093675666,,-48.052928923290835,,0.96697974,,-176.61572,,,0,False,,,,,,,,0,False,False,False,752.08765,93.682945,0.054542597,0.111584075,-0.04410471,0.14159882,0.12789592,0.0042374786,False,False,False,False,0.39162478,0.82247144,False,False,61081.93166695603,,10,False,False,False,False,False,False,False,False,False,False,False,False,False,False,False,False,False,False,False,False,False,z
2,61056.209798162046,lsst,60.21542845971112,-48.05299928903791,313765480566358165,313994144490455091,0,313765480566358165,1482.2888,161.24461,0,0,0,2163.4937,158.70561,True,2026011500088,125,0.0,3.278368e-05,3.081806e-05,3.2531814e-11,2271.1194,0.59277517,1626.9377,0.5528164,False,2104.3179,322.15067,False,False,False,9.103317,,1623.0353,1681,1660.3817,7.35375,60.21545393319971,,-48.053000201338016,,1.8554139,,-102.698456,,,0,False,,,,,,,,0,False,False,False,654.1428,13.76074,0.68842596,0.3482982,0.01006317,0.30379423,0.2943207,-0.004236228,False,False,False,False,0.98217016,0.89959353,False,False,61081.89757973927,,25,False,False,False,False,False,False,False,False,False,False,False,False,False,False,False,False,False,False,False,False,False,r
2,61056.21019782279,lsst,60.215395383926236,-48.05303924293958,313765480566358165,313994144624672815,0,313765480566358165,1632.271,160.26205,0,0,0,2293.6038,156.93884,True,2026011500089,125,0.0,2.585875e-05,2.6366653e-05,-8.562674e-12,2271.922,0.46500129,1626.5923,0.47580957,False,1660.6698,323.12888,False,False,False,10.162138,,1726.1195,1681,1614.3684,0.88820624,60.21540613661528,,-48.05304215006912,,0.8932703,,-19.626467,,,0,False,,,,,,,,0,False,False,False,660.26215,14.500625,0.28069076,0.35044608,0.006328573,0.30189404,0.2810654,-0.0026792344,False,False,False,False,0.048628684,0.93762267,False,False,61081.94176361548,,22,False,False,False,False,False,False,False,False,False,False,False,False,False,False,False,False,False,False,False,False,False,r
2,61056.211256107934,lsst,60.21537119257162,-48.05302432420653,313765480566358165,313994144758890541,0,313765480566358165,1664.4785,171.30011,0,0,0,2367.3591,168.10522,True,2026011500090,125,0.0,2.1832271e-05,2.6071315e-05,-5.7056682e-11,2274.775,0.38711777,1626.0558,0.47475767,False,1604.9761,323.71017,False,False,False,9.608655,,1651.4761,1681,1698.2283,4.356736,60.215386317755,,-48.053029919843055,,1.2924948,,-45.287094,,,0,False,,,,,,,,0,False,False,False,687.2761,19.547026,0.19720244,0.27656272,0.07356884,0.3560599,0.3356228,0.003423999,False,False,False,False,0.57666206,0.91152424,False,False,61081.92984643989,,23,False,False,False,False,False,False,False,False,False,False,False,False,False,False,False,False,False,False,False,False,False,r
2,61056.211656431915,lsst,60.21544772991773,-48.052987814429976,313765480566358165,313994144893108269,0,313765480566358165,1712.61,155.76433,0,0,0,2372.4214,151.7592,True,2026011500091,125,0.0,2.930617e-05,1.9684394e-05,1.2882785e-10,2273.9058,0.53795964,1626.006,0.33918986,False,1454.3628,319.27292,False,False,False,11.006066,,1735.1101,1681,1853.7179,5.022078,60.21543985075932,,-48.05299038706763,,1.4179285,,-97.03267,,,0,False,,,,,,,,0,False,False,False,640.92694,20.665066,0.37620556,0.18073143,0.025680391,0.29217947,0.28298342,0.009851965,False,False,False,False,0.0072044795,0.9526693,False,False,61081.8961287373,,23,False,False,False,False,False,False,False,False,False,False,False,False,False,False,False,False,False,False,False,False,False,r
2,61056.21276788848,lsst,60.21544948571191,-48.05300325254605,313765480566358165,313994145027325996,0,313765480566358165,1562.7015,160.64896,0,0,0,2239.0938,157.56085,True,2026011500092,125,0.0,3.073915e-05,2.6160977e-05,7.033305e-11,2276.7039,0.55894357,1632.5865,0.46510193,False,2190.7942,324.164,False,False,False,9.509654,,1660.5427,1681,1800.2025,4.1713314,60.21546170511889,,-48.05300941147822,,2.0145266,,-69.733215,,,0,False,,,,,,,,0,False,False,False,680.4368,15.413676,0.53272206,0.38243794,0.19966866,0.3199049,0.28358144,0.01793114,False,False,False,False,0.8667169,0.8999372,False,False,61081.928662682825,,24,False,False,False,False,False,False,False,False,False,False,False,False,False,False,False,False,False,False,False,False,False,r
1,61057.1773588004,lsst,60.21534740197588,-48.052955640391346,313765480566358165,313998539721539610,0,313765480566358165,794.1794,113.03623,0,0,0,1212.1162,105.57921,True,2026011600067,131,0.0,2.8255836e-05,2.777194e-05,1.4137267e-11,640.1008,0.51020795,664.778,0.49773252,False,1155.907,277.74896,False,False,False,7.115529,,1826.3589,1681,,,,,,,,,,,,0,False,,,,,,,,0,False,False,False,394.744,41.699394,,,,0.20563146,0.1646149,0.008096176,True,False,False,False,,0.82622755,False,False,61081.92083656264,,15,False,False,False,False,False,False,False,False,False,False,False,False,False,False,False,False,False,False,False,False,False,g
3,61057.17966739212,lsst,60.215393263553416,-48.05300619591772,313765480566358165,313998539967430713,0,313765480566358165,1533.8105,255.27005,0,0,0,3298.931,260.15494,True,2026011600069,88,0.0,2.852151e-05,3.0051051e-05,9.654776e-11,180.51918,0.55921,1662.4032,0.49345684,False,-269.4039,599.3386,False,False,False,5.967995,,1551.7454,1681,1553.7749,5.393746,60.2154034044453,,-48.05299725717064,,1.1446509,,-164.101,,,0,False,,,,,,,,0,False,False,False,1696.137,17.157251,0.20595017,0.09074314,-0.037632983,0.20038944,0.20729296,0.010747805,False,False,False,False,0.3145768,0.99187124,False,False,61081.91061775434,,14,False,False,False,False,False,False,False,False,False,False,False,False,False,False,False,False,False,False,False,False,False,i
3,61057.18107075602,lsst,60.215460516001116,-48.05300394624453,313765480566358165,313998540235866186,0,313765480566358165,1568.1353,230.99193,0,0,0,3286.477,234.73717,True,2026011600071,88,0.0,2.4827608e-05,2.5180785e-05,1.951459e-11,188.11272,0.45780948,1664.2433,0.4421899,False,820.32965,593.00214,False,False,False,6.7744613,,1619.0731,1681,1485.0526,9.063431,60.215477692099384,,-48.0530064995426,,0.8253533,,-121.572716,,,0,False,,,,,,,,0,False,False,False,1679.1829,23.219889,0.14688654,0.10663674,0.025636405,0.16293213,0.1740725,0.007908304,False,False,False,False,0.22776732,0.99153006,False,False,61081.90946472581,,15,False,False,False,False,False,False,False,False,False,False,False,False,False,False,False,False,False,False,False,False,False,i
3,61059.164367271806,lsst,60.21536760473001,-48.053009917558725,313765480566358165,314007346821464093,0,313765480566358165,1572.2415,235.94818,0,0,0,3177.5159,239.44547,True,2026011800149,133,0.0,1.9930207e-05,2.311281e-05,-1.396244e-11,2457.4146,0.35818037,817.60364,0.41676897,False,1098.208,591.80176,False,False,False,6.4411197,,1655.3011,1681,1501.762,17.589342,60.21538501513181,,-48.053003612465474,,0.9264779,,-157.09506,,,0,False,,,,,,,,0,False,False,False,1601.5488,33.43232,0.08974258,0.13711531,-0.036546,0.17945406,0.18015908,-0.01565347,False,False,False,False,0.4582803,0.97411126,False,False,61081.93197441462,,14,False,False,False,False,False,False,False,False,False,False,False,False,False,False,False,False,False,False,False,False,False,i
