band,mjd,survey_id,ra,dec,oid,measurement_id,parentDiaSourceId,diaObjectId,psfFlux,psfFluxErr,psfFlux_flag,psfFlux_flag_edge,psfFlux_flag_noGoodPixels,scienceFlux,scienceFluxErr,has_stamp,visit,detector,ssObjectId,raErr,decErr,ra_dec_Cov,x,xErr,y,yErr,centroid_flag,apFlux,apFluxErr,apFlux_flag,apFlux_flag_apertureTruncated,isNegative,snr,psfLnL,psfChi2,psfNdata,trailFlux,trailFluxErr,trailRa,trailRaErr,trailDec,trailDecErr,trailLength,trailLengthErr,trailAngle,trailAngleErr,trailChi2,trailNdata,trail_flag_edge,dipoleMeanFlux,dipoleMeanFluxErr,dipoleFluxDiff,dipoleFluxDiffErr,dipoleLength,dipoleAngle,dipoleChi2,dipoleNdata,forced_PsfFlux_flag,forced_PsfFlux_flag_edge,forced_PsfFlux_flag_noGoodPixels,templateFlux,templateFluxErr,ixx,iyy,ixy,ixxPSF,iyyPSF,ixyPSF,shape_flag,shape_flag_no_pixels,shape_flag_not_contained,shape_flag_parent_source,extendedness,reliability,isDipole,dipoleFitAttempted,timeProcessedMjdTai,timeWithdrawnMjdTai,bboxSize,pixelFlags,pixelFlags_bad,pixelFlags_cr,pixelFlags_crCenter,pixelFlags_edge,pixelFlags_nodata,pixelFlags_nodataCenter,pixelFlags_interpolated,pixelFlags_interpolatedCenter,pixelFlags_offimage,pixelFlags_saturated,pixelFlags_saturatedCenter,pixelFlags_suspect,pixelFlags_suspectCenter,pixelFlags_streak,pixelFlags_streakCenter,pixelFlags_injected,pixelFlags_injectedCenter,pixelFlags_injected_template,pixelFlags_injected_templateCenter,glint_trail,band_name
3,61090.04758412875,lsst,62.08110142132966,-46.93171567335373,313893023122980956,170028485713592337,0,313893023122980956,7206.2017,421.26776,0,0,0,186782.75,422.5526,True,2026021800056,149,0.0,1.3225704e-05,1.362794e-05,2.1484266e-12,2497.881,0.23794417,619.91724,0.245633,False,6645.6567,681.66046,False,False,False,17.049538,,1744.9769,1681,6765.2124,1.8898152,62.08110505728717,,-46.931716076307055,,0.64086926,,-122.13749,,,0,False,,,,,,,,0,False,False,False,179427.3,28.05029,0.25613347,0.25261375,-0.01773711,0.22870792,0.21562426,-0.0013019055,False,False,False,False,0.11026866,0.2748022,False,False,61090.04912238021,,26,False,False,False,False,False,False,False,False,False,False,False,False,False,False,False,False,False,False,False,False,False,i
3,61090.04845547461,lsst,62.08104665729555,-46.931777924937066,313893023122980956,170028485981503573,0,313893023122980956,7908.956,441.31955,0,0,0,202739.06,442.57663,True,2026021800058,148,0.0,1.5895293e-05,2.061396e-05,1.2680098e-11,3648.809,0.28569883,2438.726,0.37160304,False,8066.6553,691.739,False,False,False,18.122107,,1762.2405,1681,9027.016,18.177048,62.08104120431601,,-46.93176281875681,,1.6221412,,-153.26291,,,0,False,,,,,,,,0,False,False,False,194679.97,30.746641,0.22416964,0.4155348,-0.09653282,0.23064926,0.20060882,-0.005487224,False,False,False,False,0.7164521,0.44206837,False,False,61090.050168836926,,28,False,False,False,False,False,False,False,False,False,False,False,False,False,False,False,False,False,False,False,False,False,i
3,61090.05440873108,lsst,62.08103719908074,-46.931716951575794,313893023122980956,170028486515752974,0,313893023122980956,7927.7314,462.26974,0,0,0,215699.28,465.979,True,2026021800062,143,0.0,1.6055388e-05,1.3543467e-05,1.0282128e-11,1330.2502,0.2897024,553.03796,0.24290806,False,7536.9673,695.98865,False,False,False,17.126366,,1638.863,1681,7976.696,2.258468,62.08103816051869,,-46.9317164215076,,1.1751163,,-117.2164,,,0,False,,,,,,,,0,False,False,False,207640.45,20.937532,0.3553585,0.2550536,-0.04072711,0.26040176,0.26704624,-0.0012454115,False,False,False,False,0.15050691,0.3222594,False,False,61090.05638539067,,27,False,False,False,False,False,False,False,False,False,False,False,False,False,False,False,False,False,False,False,False,False,i
3,61090.055275032704,lsst,62.080951462197014,-46.93180280662038,313893023122980956,170028486799917130,0,313893023122980956,6073.8555,447.19952,0,0,0,209668.78,449.7044,True,2026021800064,173,0.0,2.1266526e-06,1.9851052e-06,1.6024476e-13,3682.5935,0.038456887,2086.3098,0.03558534,False,4805.664,690.60315,False,False,False,16.546722,,2002.9476,1681,7546.6206,0.521952,62.080990299190674,,-46.931697491332216,,1.282085,,-117.79292,,,0,False,188712.34,1502.4081,0.0,3004.8162,0.012702941,10.601409,25193.982,2340,False,False,False,203496.75,31.136135,0.36586368,0.22524007,-0.036095507,0.23065153,0.21447805,-0.010553195,False,False,False,False,0.45070145,0.37545228,True,True,61090.05714466932,,31,False,False,False,False,False,False,False,False,False,False,False,False,False,False,False,False,False,False,False,False,False,i
3,61090.056141041365,lsst,62.08095134471005,-46.93180277708073,313893023122980956,170028487055769665,0,313893023122980956,6773.926,446.33987,0,0,0,208247.81,447.18552,True,2026021800066,149,0.0,1.9657462e-06,2.0703428e-06,-1.6617701e-13,1322.7089,0.035139665,2410.449,0.037528154,False,5999.589,690.38525,False,False,False,19.072786,,1896.2415,1681,7938.986,1.3921971,62.08109117853571,,-46.93172992774264,,0.79225904,,170.33354,,,0,False,189886.89,1496.2672,0.0,2992.5344,0.015888294,46.07128,25589.842,2520,False,False,False,201306.75,31.311472,0.24914245,0.3013367,-0.0093063405,0.21789315,0.21385553,-0.007962485,False,False,False,False,0.33536217,0.4264574,True,True,61090.05798128441,,30,False,False,False,False,False,False,False,False,False,False,False,False,False,False,False,False,False,False,False,False,False,i
3,61090.057011163546,lsst,62.081036994955255,-46.93170121724817,313893023122980956,170028487324729447,0,313893023122980956,7026.3306,420.24615,0,0,0,188267.75,421.5867,True,2026021800068,150,0.0,1.5646541e-05,1.2341281e-05,5.828659e-11,3479.4724,0.29742968,2758.957,0.2007003,False,6764.966,684.00586,False,False,False,16.873188,,1689.3333,1681,7467.8525,7.212169,62.08102905794317,,-46.93170611847956,,1.3995029,,-123.823105,,,0,False,,,,,,,,0,False,False,False,181079.48,30.579597,0.3498915,0.15826896,-0.027769964,0.22325216,0.20974068,-0.015567812,False,False,False,False,0.1506185,0.20957169,False,False,61090.058936490386,,28,False,False,False,False,False,False,False,False,False,False,False,False,False,False,False,False,False,False,False,False,False,i
3,61090.05788777735,lsst,62.08095197470981,-46.93180202748229,313893023122980956,170028487604174870,0,313893023122980956,5898.13,453.435,0,0,0,212034.22,454.09006,True,2026021800070,171,0.0,2.1499034e-06,2.0779407e-06,3.095548e-13,1016.0984,0.039499197,917.56903,0.03659154,False,6057.122,696.2463,False,False,False,17.429111,,1930.1019,1681,7099.6753,0.6303572,62.081101626278944,,-46.931702549341686,,0.49044427,,150.59442,,,0,False,189942.11,1504.1123,0.0,3008.2246,0.015974049,49.83288,24750.629,2325,False,False,False,206009.45,28.76001,0.2767868,0.2971678,-0.0009587028,0.2483344,0.20646028,8.2761995e-05,False,False,False,False,0.3233735,0.36495972,True,True,61090.05973987805,,32,False,False,False,False,False,False,False,False,False,False,False,False,False,False,False,False,False,False,False,False,False,i
3,61090.05877432537,lsst,62.08108007584186,-46.93174746844912,313893023122980956,170028487877328898,0,313893023122980956,7245.8384,423.5644,0,0,0,190552.06,426.09113,True,2026021800072,180,0.0,1.2458773e-05,1.1589303e-05,2.5290124e-11,3015.7336,0.23621517,30.77958,0.19521077,False,5676.438,688.5848,False,False,False,16.907812,,1746.0182,1681,7230.648,9.940598,62.08107843586436,,-46.931753031014864,,0.9893994,,-162.95744,,,0,False,,,,,,,,0,False,False,False,183164.81,32.667336,0.2290167,0.21099932,-0.044812445,0.22905092,0.19205436,0.008408372,False,False,False,False,0.01057139,0.3201501,False,False,61090.0607629071,,26,False,False,False,False,False,False,False,False,False,False,False,False,False,False,False,False,False,False,False,False,False,i
3,61090.05963904271,lsst,62.08105992591523,-46.931688442712726,313893023122980956,170028488142094366,0,313893023122980956,7647.099,472.80954,0,0,0,218371.67,479.9723,True,2026021800074,173,0.0,1.5800973e-05,1.4945052e-05,7.2740196e-11,1633.2147,0.31715262,1521.1974,0.22974508,False,7116.9126,705.00104,False,False,False,16.14392,,1760.2732,1681,7732.0474,12.387475,62.08106142381273,,-46.931687495499936,,1.323264,,-136.06738,,,0,False,,,,,,,,0,False,False,False,210555.77,19.997345,0.3776499,0.21153931,-0.018328102,0.31911296,0.27455625,-0.0005457136,False,False,False,False,0.0004229305,0.24175404,False,False,61090.06156458573,,29,False,False,False,False,False,False,False,False,False,False,False,False,False,False,False,False,False,False,False,False,False,i
3,61090.06050214457,lsst,62.081117249021204,-46.93172046111016,313893023122980956,170028488390082596,0,313893023122980956,8740.405,432.9104,0,0,0,194843.83,434.83093,True,2026021800076,134,0.0,1.8257075e-05,1.8358025e-05,7.3028854e-11,3474.3513,0.36366367,1358.1162,0.2915478,False,7575.13,685.62146,False,False,False,19.66487,,1669.9087,1681,9153.149,0.77989894,62.081107328585894,,-46.931726505196025,,1.254278,,-118.80887,,,0,False,,,,,,,,0,False,False,False,185822.84,21.652855,0.3762515,0.25260627,0.041637123,0.24870998,0.23289275,0.021209704,False,False,False,False,0.4305187,0.3505372,False,False,61090.062252977936,,27,False,False,False,False,False,False,False,False,False,False,False,False,False,False,False,False,False,False,False,False,False,i
1,61090.06278723694,lsst,62.08102008876378,-46.93171213993281,313893023122980956,170028488658518118,0,313893023122980956,2326.654,272.04224,0,0,0,94031.68,256.03564,True,2026021800078,134,0.0,3.196498e-05,3.2735916e-05,3.7385828e-10,3088.9766,0.6783012,3162.8003,0.46667185,False,2389.7192,384.70114,False,False,False,8.495085,,1711.9862,1681,2571.8276,5.9634843,62.081007227358086,,-46.93171247216996,,1.7443229,,-107.83096,,,0,False,,,,,,,,0,False,False,False,91678.85,27.994225,0.4303199,0.26247668,0.13572459,0.30511668,0.27505067,0.013775465,False,False,False,False,0.23907042,0.26078713,False,False,61090.06467822254,,22,False,False,False,False,False,False,False,False,False,False,False,False,False,False,False,False,False,False,False,False,False,g
1,61090.06365714316,lsst,62.080923158829535,-46.931755500727064,313893023122980956,170028488947400760,0,313893023122980956,2022.0787,290.68832,0,0,0,100537.82,279.40094,True,2026021800080,173,0.0,3.254045e-05,3.602689e-05,4.3373838e-10,977.94324,0.72608453,2206.8193,0.48614407,False,2211.133,403.1129,False,False,False,6.811805,,1650.3846,1681,1972.1703,36.21337,62.080955436870596,,-46.9317418336291,,1.3345749,,-144.3649,,,0,False,,,,,,,,0,False,False,False,98502.78,28.448362,0.26933503,0.074539796,-0.0057038735,0.30811015,0.28910252,0.028799979,False,False,False,False,0.73912245,0.24585958,False,False,61090.06548329544,,19,False,False,False,False,False,False,False,False,False,False,False,False,False,False,False,False,False,False,False,False,False,g
1,61090.06538340981,lsst,62.08097109206467,-46.9315856344772,313893023122980956,170028489479553066,0,313893023122980956,3366.191,278.83466,0,0,0,88515.32,266.8449,True,2026021800084,164,0.0,4.6645102e-05,4.0847408e-05,-2.9744204e-10,1234.8989,0.7043324,2075.125,0.86633307,False,3897.0208,398.25735,False,False,False,12.00719,,1786.5956,1681,3803.1152,11.136148,62.08096157750091,,-46.93159005981215,,1.9303464,,-77.51026,,,0,False,,,,,,,,0,False,False,False,85078.54,22.621477,0.5085335,0.8338765,0.074980006,0.3657773,0.35887077,0.03190999,False,False,False,False,0.9986227,0.22632377,False,False,61090.06720302353,,32,False,False,False,False,False,False,False,False,False,False,False,False,False,False,False,False,False,False,False,False,False,g
1,61090.06647000919,lsst,62.08089653119298,-46.93175836413347,313893023122980956,170028489741172774,0,313893023122980956,2418.154,318.78662,0,0,0,119710.38,305.31512,True,2026021800086,151,0.0,8.546845e-05,3.7134934e-05,1.1231667e-09,1642.0859,1.5598453,1751.7134,0.61669785,False,2513.9019,391.86404,False,False,False,7.507802,,1784.5109,1681,3081.4585,75.23627,62.08088880133391,,-46.93177363279993,,2.8916333,,-113.1586,,,0,False,,,,,,,,0,False,False,False,117208.21,16.193945,1.1150637,0.24193959,-0.20906474,0.52147925,0.40239596,-0.0022641502,False,False,False,False,0.92102706,0.25977474,False,False,61090.06846514056,,34,False,False,False,False,False,False,False,False,False,False,False,False,False,False,False,False,False,False,False,False,False,g
1,61090.06733600151,lsst,62.08108612232371,-46.93165092196538,313893023122980956,170028490009083970,0,313893023122980956,2977.0896,248.59944,0,0,0,79306.93,232.87341,True,2026021800088,150,0.0,2.0590709e-05,1.6420274e-05,4.9709317e-11,2343.292,0.37683433,2388.882,0.28748113,False,2331.6082,383.23984,False,False,False,12.115548,,1610.377,1681,2991.9795,7.589223,62.08107855486071,,-46.93165617489185,,1.1849862,,-102.426056,,,0,False,,,,,,,,0,False,False,False,76254.68,36.46807,0.3144235,0.18023442,0.00922115,0.28865522,0.23513271,-0.006603734,False,False,False,False,0.020042647,0.2810587,False,False,61090.06923982538,,24,False,False,False,False,False,False,False,False,False,False,False,False,False,False,False,False,False,False,False,False,False,g
1,61090.06820022371,lsst,62.08111001386745,-46.93160749749219,313893023122980956,170028490289053742,0,313893023122980956,2500.8206,259.1548,0,0,0,79192.87,245.66844,True,2026021800090,172,0.0,3.21944e-05,3.4493954e-05,-7.728696e-11,916.6631,0.57019615,2022.6469,0.62963396,False,2665.1245,394.07712,False,False,False,9.631906,,1716.6335,1681,2534.688,11.439245,62.081077451572,,-46.93159585048961,,1.1513841,,-74.797066,,,0,False,,,,,,,,0,False,False,False,76671.195,23.745724,0.4753379,0.44589353,0.057571415,0.3338399,0.29498115,-0.0020861826,False,False,False,False,0.8173292,0.22910492,False,False,61090.07013640854,,31,False,False,False,False,False,False,False,False,False,False,False,False,False,False,False,False,False,False,False,False,False,g
1,61090.06993013503,lsst,62.081104911558086,-46.93168095211764,313893023122980956,170028490825924674,0,313893023122980956,2894.0376,267.60486,0,0,0,84895.3,252.31827,True,2026021800094,172,0.0,2.1627726e-05,2.091212e-05,3.987274e-11,64.172165,0.40040895,2791.55,0.36467695,False,3633.0276,398.56198,False,False,False,10.781227,,1713.859,1681,3427.8186,22.804386,62.081047199388564,,-46.93168794846432,,2.159318,,-95.08829,,,0,False,,,,,,,,0,False,False,False,81973.11,28.388546,0.5579505,0.2910387,0.22302908,0.30120206,0.26789498,0.004327194,False,False,False,False,0.82116723,0.2613344,False,False,61090.07190923074,,30,False,False,False,False,False,False,False,False,False,False,False,False,False,False,False,False,False,False,False,False,False,g
1,61090.07166561748,lsst,62.08108548769369,-46.93165098049444,313893023122980956,170028491363319840,0,313893023122980956,2674.1829,255.88905,0,0,0,77958.68,244.21861,True,2026021800098,173,0.0,2.6473199e-05,2.6270265e-05,-1.2813327e-10,890.13214,0.42850295,855.4638,0.51686203,False,2758.8186,408.16003,False,False,False,10.5589285,,1740.393,1681,2854.6853,2.0570905,62.08107798236528,,-46.93164597545109,,1.4283667,,-59.29186,,,0,False,,,,,,,,0,False,False,False,75199.16,32.768394,0.26111585,0.43853927,0.043509275,0.26482317,0.2522688,0.022116803,False,False,False,False,0.5532306,0.23165916,False,False,61090.07342792111,,26,False,False,False,False,False,False,False,False,False,False,False,False,False,False,False,False,False,False,False,False,False,g
1,61090.073675724285,lsst,62.08112340678805,-46.931705569656025,313893023122980956,170028491869257776,0,313893023122980956,3076.3643,255.19293,0,0,0,84391.1,239.77116,True,2026021800102,114,0.0,2.0371292e-05,1.7293612e-05,-4.217269e-11,1793.0608,0.37290627,2244.0867,0.30395624,False,2455.8616,381.8844,False,False,False,12.057895,,1721.1901,1681,3088.3271,10.257018,62.081120877061764,,-46.931704681710265,,1.0741674,,-95.44857,,,0,False,,,,,,,,0,False,False,False,81298.086,32.548546,0.26872393,0.19420455,-0.03996609,0.2825148,0.2586343,-0.010994496,False,False,False,False,0.13182461,0.3046415,False,False,61090.07592077086,,25,False,False,False,False,False,False,False,False,False,False,False,False,False,False,False,False,False,False,False,False,False,g
4,61090.07770912927,lsst,62.08109664879446,-46.931737517612895,313893023122980956,170028492692389932,0,313893023122980956,6861.957,630.6784,0,0,0,227596.11,628.6401,True,2026021800108,148,0.0,1.8427707e-05,1.8702374e-05,6.072317e-12,4023.04,0.33048007,2223.2847,0.33813554,False,7986.9355,1099.7332,False,False,False,10.501841,,1675.3801,1681,6791.9224,23.609592,62.08111540302578,,-46.931730143864,,1.1994293,,-14.251358,,,0,False,,,,,,,,0,False,False,False,220624.19,100.92646,0.16934161,0.20444737,0.071115226,0.24995795,0.2317319,-0.012451156,False,False,False,False,0.26095825,0.1436122,False,False,61090.07936410193,,22,False,False,False,False,False,False,False,False,False,False,False,False,False,False,False,False,False,False,False,False,False,z
4,61090.07857396362,lsst,62.08103352647244,-46.931720735211854,313893023122980956,170028492942999596,0,313893023122980956,6696.848,620.8815,0,0,0,221878.2,616.1488,True,2026021800110,114,0.0,2.2453329e-05,2.2537433e-05,1.6766067e-12,2130.882,0.40436238,1749.6732,0.40601236,False,8276.911,1104.0132,False,False,False,10.776348,,1618.7872,1681,9313.325,43.82274,62.08092132347362,,-46.93177726604604,,2.4509513,,-128.1986,,,0,False,,,,,,,,0,False,False,False,215055.92,55.65698,0.370137,0.63728404,-0.31684583,0.21167184,0.20942856,-0.0072392607,False,False,False,False,0.9999635,0.15013956,False,False,61090.08031411658,,30,False,False,False,False,False,False,False,False,False,False,False,False,False,False,False,False,False,False,False,False,False,z
4,61090.08030136314,lsst,62.08118899302459,-46.93168712852667,313893023122980956,170028493499793425,0,313893023122980956,7419.2056,553.4202,0,0,0,172011.23,552.9885,True,2026021800114,152,0.0,1.3778836e-05,1.5636653e-05,5.840937e-12,2208.6653,0.2478092,793.4152,0.28204185,False,5563.5757,1103.0225,False,False,False,13.528938,,1770.9194,1681,7202.087,71.44366,62.08117230911237,,-46.93169070879281,,0.7970627,,-49.363625,,,0,False,,,,,,,,0,False,False,False,164505.08,89.47725,0.15046121,0.1299362,0.027901322,0.18551798,0.19399281,-0.018181955,False,False,False,False,0.27680087,0.16177917,False,False,61090.08195927704,,22,False,False,False,False,False,False,False,False,False,False,False,False,False,False,False,False,False,False,False,False,False,z
4,61090.08129350384,lsst,62.08115858296576,-46.931748206300604,313893023122980956,170028493748305977,0,313893023122980956,7021.5415,608.30756,0,0,0,209694.05,605.105,True,2026021800116,114,0.0,2.1911244e-05,2.2096152e-05,7.0408605e-12,989.6402,0.39309394,2798.5857,0.39940432,False,7998.7563,1102.7203,False,False,False,11.4625025,,1666.4813,1681,6403.285,19.109608,62.08114904753416,,-46.931741227149494,,0.38573658,,-124.21644,,,0,False,,,,,,,,0,False,False,False,202487.88,56.714554,0.26675186,0.27426738,-0.0050388915,0.2218464,0.21977997,-0.0149704255,False,False,False,False,0.24413525,0.10071229,False,False,61090.08298742634,,23,False,False,False,False,False,False,False,False,False,False,False,False,False,False,False,False,False,False,False,False,False,z
4,61090.08216027256,lsst,62.08107540320998,-46.93166543191096,313893023122980956,170028494033518627,0,313893023122980956,6741.9414,595.047,0,0,0,200000.45,593.04333,True,2026021800118,146,0.0,2.090553e-05,1.9600811e-05,-2.7365252e-11,2924.7036,0.3815222,1276.9437,0.34745526,False,8412.287,1106.0857,False,False,False,11.32238,,1681.7008,1681,6452.328,20.393545,62.08107787299071,,-46.93166744468057,,0.6899944,,-103.862236,,,0,False,,,,,,,,0,False,False,False,193093.9,74.00494,0.20939445,0.19784841,-0.020239515,0.20878097,0.21462712,-0.0014693307,False,False,False,False,0.007690385,0.1207164,False,False,61090.083952730856,,25,False,False,False,False,False,False,False,False,False,False,False,False,False,False,False,False,False,False,False,False,False,z
4,61090.08389785615,lsst,62.08108159958861,-46.931695764843404,313893023122980956,170028494570913855,0,313893023122980956,5422.043,584.9805,0,0,0,193756.48,583.423,True,2026021800122,147,0.0,1.6035958e-05,1.6664424e-05,4.3622705e-12,1897.2742,0.28812337,2828.1406,0.30053315,False,5021.637,1124.3885,False,False,False,9.157011,,1807.2764,1681,5076.1113,29.108572,62.08108963336852,,-46.93169319527207,,0.80526084,,-139.9607,,,0,False,,,,,,,,0,False,False,False,188173.38,94.67152,0.077124864,0.111602746,-0.02730156,0.2024621,0.17056431,-0.011483242,False,False,False,False,0.67968494,0.11420736,False,False,61090.085549170064,,16,False,False,False,False,False,False,False,False,False,False,False,False,False,False,False,False,False,False,False,False,False,z
4,61090.085631905415,lsst,62.081102068440764,-46.93168777102768,313893023122980956,170028495110930453,0,313893023122980956,7190.312,565.8469,0,0,0,184158.25,564.7136,True,2026021800126,153,0.0,1.6255226e-05,1.4090327e-05,6.498724e-13,456.58157,0.2928599,656.79443,0.2536784,False,7333.9067,1119.7799,False,False,False,12.442413,,1581.1464,1681,6840.079,7.7018914,62.08110293442643,,-46.93168797774887,,0.7302579,,-101.808495,,,0,False,,,,,,,,0,False,False,False,176780.55,81.72372,0.19513331,0.15079284,-0.00927208,0.19447373,0.16948985,-0.0058987974,False,False,False,False,0.011123973,0.11296907,False,False,61090.08724616995,,20,False,False,False,False,False,False,False,False,False,False,False,False,False,False,False,False,False,False,False,False,False,z
2,61090.092331364,lsst,62.081034292279995,-46.93167469323169,313893023122980956,170028496732028937,0,313893023122980956,7935.45,356.02405,0,0,0,145005.58,343.9308,True,2026021800138,173,0.0,1.1794e-05,1.0122378e-05,1.3398519e-11,69.692986,0.21554948,261.5165,0.17838322,False,7877.776,537.43134,False,False,False,22.152195,,1697.5155,1681,7801.2544,3.8481684,62.081034522768874,,-46.93167348502857,,1.0295912,,-91.18194,,,0,False,,,,,,,,0,False,False,False,136998.31,34.60653,0.31156012,0.23046204,0.027164457,0.2852066,0.2584732,0.033697885,False,False,False,False,6.319393e-05,0.4662952,False,False,61090.0941739843,,29,False,False,False,False,False,False,False,False,False,False,False,False,False,False,False,False,False,False,False,False,False,r
2,61090.093190371765,lsst,62.081128736712316,-46.93167537930223,313893023122980956,170028496988930121,0,313893023122980956,7565.4893,337.68805,0,0,0,140753.2,330.66257,True,2026021800140,151,0.0,1.128345e-05,1.02312e-05,1.2418728e-11,2454.423,0.20746234,2259.5364,0.17936899,False,8148.3574,510.5901,False,False,False,22.704739,,1632.5258,1681,7066.798,1.1547883,62.081127954183145,,-46.9316764852449,,0.614326,,-75.631294,,,0,False,,,,,,,,0,False,False,False,133091.38,26.786785,0.28335455,0.27551347,0.01578938,0.30106068,0.2449331,0.02348074,False,False,False,False,0.003790045,0.36474994,False,False,61090.09510739253,,29,False,False,False,False,False,False,False,False,False,False,False,False,False,False,False,False,False,False,False,False,False,r
2,61090.09405378883,lsst,62.08105756044012,-46.931658858878194,313893023122980956,170028497273094152,0,313893023122980956,6424.5684,371.0444,0,0,0,156184.58,364.4535,True,2026021800142,181,0.0,1.5151761e-05,1.370957e-05,3.5548096e-11,1958.5118,0.28467718,276.30103,0.23321196,False,7221.352,528.75397,False,False,False,17.063625,,1691.3096,1681,6468.6294,6.0415916,62.081051844487874,,-46.93165629382448,,1.4280982,,-80.99196,,,0,False,,,,,,,,0,False,False,False,149664.62,30.083046,0.35271907,0.30928352,0.09724445,0.36813727,0.28316823,0.02914335,False,False,False,False,0.0021963671,0.3714598,False,False,61090.09584036273,,39,False,False,False,False,False,False,False,False,False,False,False,False,False,False,False,False,False,False,False,False,False,r
2,61090.09599628654,lsst,62.08101446716341,-46.93175340484595,313893023122980956,170028497791615090,0,313893023122980956,5580.5703,380.88092,0,0,0,176771.97,377.50577,True,2026021800146,146,0.0,1.5851801e-05,1.7311664e-05,1.28082414e-11,3176.199,0.2836459,3750.458,0.31328142,False,6835.786,515.83826,False,False,False,14.625596,,1872.3424,1681,8051.086,35.64996,62.08085805398293,,-46.931837386957945,,3.1231172,,-132.51312,,,0,False,,,,,,,,0,False,False,False,171087.75,21.683012,0.5773681,1.0079347,-0.5216721,0.3449197,0.3101616,-0.0017156097,False,False,False,False,0.99999994,0.41526726,False,False,61090.09796056025,,43,False,False,False,False,False,False,False,False,False,False,False,False,False,False,False,False,False,False,False,False,False,r
2,61090.09686344318,lsst,62.081072387523456,-46.931731806449385,313893023122980956,170028498061623341,0,313893023122980956,6623.6226,379.71365,0,0,0,174139.69,375.23572,True,2026021800148,149,0.0,1.5980664e-05,1.3696138e-05,-9.038373e-12,199.3709,0.28838405,1552.9894,0.24578115,False,6985.532,516.7915,False,False,False,17.40685,,1748.353,1681,6506.2583,2.6534932,62.081066181197315,,-46.931731506887175,,1.0489125,,-125.00027,,,0,False,,,,,,,,0,False,False,False,167301.1,29.191946,0.31960058,0.3112596,-0.0499275,0.3875939,0.30359924,-0.03211111,False,False,False,False,0.06373106,0.39531747,False,False,61090.098799733605,,34,False,False,False,False,False,False,False,False,False,False,False,False,False,False,False,False,False,False,False,False,False,r
2,61090.097731774,lsst,62.0810786402887,-46.93169853084411,313893023122980956,170028498346311709,0,313893023122980956,8686.846,392.05508,0,0,0,171449.5,388.27905,True,2026021800150,180,0.0,1.2196187e-05,1.3414877e-05,8.6829085e-13,1174.9438,0.21949002,653.40594,0.24166632,False,8886.661,536.3187,False,False,False,21.742834,,1614.1821,1681,8548.162,2.0656652,62.08107632510504,,-46.93169984348811,,1.1366941,,-161.04764,,,0,False,,,,,,,,0,False,False,False,162469.28,25.448784,0.32874823,0.42486367,-0.033790518,0.36776152,0.3315466,-0.02532939,False,False,False,False,0.051378284,0.46398374,False,False,61090.09957151432,,35,False,False,False,False,False,False,False,False,False,False,False,False,False,False,False,False,False,False,False,False,False,r
2,61090.09859919323,lsst,62.081089780972654,-46.93169141138588,313893023122980956,170028498595348492,0,313893023122980956,7414.6997,366.67102,0,0,0,163409.84,361.5312,True,2026021800152,143,0.0,1.6062182e-05,1.3194912e-05,6.54091e-12,2213.8308,0.28927678,341.25812,0.23720534,False,7521.895,514.7446,False,False,False,19.99857,,1685.3453,1681,7535.6733,2.194372,62.08108206142155,,-46.9316899934122,,1.2172072,,-70.84146,,,0,False,,,,,,,,0,False,False,False,155810.7,26.121838,0.41779983,0.32479978,0.05010231,0.36219564,0.30492082,-0.0066239103,False,False,False,False,0.101234056,0.4491865,False,False,61090.100391048494,,31,False,False,False,False,False,False,False,False,False,False,False,False,False,False,False,False,False,False,False,False,False,r
2,61090.099464052495,lsst,62.08105580932082,-46.931663509442586,313893023122980956,170028498883182661,0,313893023122980956,6497.336,348.6193,0,0,0,142374.31,341.34265,True,2026021800154,180,0.0,1.28374895e-05,1.2818196e-05,2.0907115e-13,731.7538,0.23111652,1692.9479,0.23088847,False,7007.1123,528.6394,False,False,False,18.4944,,1698.8547,1681,6164.442,1.5113094,62.08105557930824,,-46.93166199900624,,0.6538012,,171.37268,,,0,False,,,,,,,,0,False,False,False,135745.84,29.945694,0.2260589,0.26319855,-0.0012755994,0.28842843,0.24670985,-0.0033820823,False,False,False,False,0.048022516,0.43597332,False,False,61090.10119714562,,39,False,False,False,False,False,False,False,False,False,False,False,False,False,False,False,False,False,False,False,False,False,r
2,61090.10032576205,lsst,62.08095981503028,-46.931717944781845,313893023122980956,170028499135365153,0,313893023122980956,5935.566,370.77832,0,0,0,169261.7,365.60007,True,2026021800156,149,0.0,2.0767435e-05,1.619649e-05,5.299497e-11,2095.1775,0.38052768,1406.5824,0.28300261,False,7399.809,516.4355,False,False,False,16.005358,,1760.1267,1681,6539.965,3.893411,62.0809247807179,,-46.931734233135096,,1.7730706,,-123.57507,,,0,False,,,,,,,,0,False,False,False,163241.16,28.255554,0.6415196,0.39086953,-0.08828855,0.3405652,0.28103557,-0.006083453,False,False,False,False,0.96648073,0.29457143,False,False,61090.102160420094,,42,False,False,False,False,False,False,False,False,False,False,False,False,False,False,False,False,False,False,False,False,False,r
2,61090.10119170266,lsst,62.081086937148996,-46.93169745736486,313893023122980956,170028499404849201,0,313893023122980956,6608.6626,369.86325,0,0,0,165570.48,365.9255,True,2026021800158,151,0.0,1.6157435e-05,1.3044133e-05,4.457786e-11,313.84406,0.30077815,2121.5583,0.22197743,False,6651.3047,516.7581,False,False,False,17.71386,,1681.9694,1681,6815.213,4.935338,62.08108769666066,,-46.9316972257851,,1.4026355,,-133.91254,,,0,False,,,,,,,,0,False,False,False,158833.77,25.728672,0.3875366,0.24802306,-0.06623712,0.36831966,0.29841736,-0.008280826,False,False,False,False,0.01806518,0.3640721,False,False,61090.10302828098,,45,False,False,False,False,False,False,False,False,False,False,False,False,False,False,False,False,False,False,False,False,False,r
2,61090.10205793161,lsst,62.0810844004634,-46.931643864228526,313893023122980956,170028499683770397,0,313893023122980956,7247.6675,386.59988,0,0,0,163059.47,383.64822,True,2026021800160,171,0.0,1.6276146e-05,1.5422036e-05,2.0859009e-11,2208.0059,0.29909953,1205.867,0.27111265,False,7758.4404,537.2164,False,False,False,18.692701,,1686.7562,1681,7065.6855,0.32990617,62.081081158745,,-46.93164277248882,,1.0619714,,-118.59364,,,0,False,,,,,,,,0,False,False,False,155653.95,18.90647,0.4609803,0.36021596,6.532907e-05,0.37343368,0.36994296,0.0076447073,False,False,False,False,0.09686677,0.34218907,False,False,61090.10394593821,,40,False,False,False,False,False,False,False,False,False,False,False,False,False,False,False,False,False,False,False,False,False,r
2,61090.103003401935,lsst,62.08107569722865,-46.93171205169789,313893023122980956,170028499941720093,0,313893023122980956,6321.836,359.54654,0,0,0,158200.5,354.28775,True,2026021800162,151,0.0,1.5513173e-05,1.3940559e-05,1.5502264e-11,3962.183,0.28202108,702.36884,0.24796717,False,7890.5117,517.58777,False,False,False,17.343182,,1735.2845,1681,6208.9536,0.275419,62.08107039602781,,-46.931713092585014,,1.0407847,,-140.81203,,,0,False,,,,,,,,0,False,False,False,151722.0,24.064522,0.3581816,0.32189447,-0.045455914,0.31080005,0.2752118,0.010131105,False,False,False,False,0.17209075,0.4221182,False,False,61090.10488856776,,40,False,False,False,False,False,False,False,False,False,False,False,False,False,False,False,False,False,False,False,False,False,r
2,61090.10386545979,lsst,62.08111728982736,-46.93170893369436,313893023122980956,170028500209631369,0,313893023122980956,4807.515,347.2833,0,0,0,149094.78,341.2591,True,2026021800164,150,0.0,2.0854302e-05,1.532976e-05,1.02757865e-10,3233.062,0.39365909,3765.7676,0.24931903,False,5918.8403,515.9951,False,False,False,13.452124,,1916.3606,1681,6836.253,64.236565,62.08089568811306,,-46.9318124838897,,3.6619618,,-118.28371,,,0,False,,,,,,,,0,False,False,False,144210.17,27.23067,1.8739371,0.36351007,-0.14450186,0.31357822,0.24492228,0.011416566,False,False,False,False,1.0,0.23875551,False,False,61090.105707065944,,46,False,False,False,False,False,False,False,False,False,False,False,False,False,False,False,False,False,False,False,False,False,r
3,61091.02487820663,lsst,62.081059815868535,-46.93175174448485,313893023122980956,170032879075065873,0,313893023122980956,5512.7217,491.14496,0,0,0,211999.97,496.9668,True,2026021900021,173,0.0,2.1567284e-05,2.3591248e-05,-2.9399396e-11,1838.9731,0.3846433,856.0136,0.42835134,False,4169.2847,783.3343,False,False,False,11.27863,,1697.0947,1681,5119.507,10.736424,62.081052557577635,,-46.931752270073275,,0.43477288,,-64.12388,,,0,False,,,,,,,,0,False,False,False,206417.38,24.63585,0.2931673,0.29171455,0.007971876,0.23002097,0.2991606,0.037558332,False,False,False,False,0.07074223,0.19541983,False,False,61091.026699790345,,23,False,False,False,False,False,False,False,False,False,False,False,False,False,False,False,False,False,False,False,False,False,i
3,61091.02574443587,lsst,62.08100099275638,-46.93169010857799,313893023122980956,170032879347171439,0,313893023122980956,7581.7056,480.31598,0,0,0,211804.11,485.08658,True,2026021900023,180,0.0,1.6354288e-05,1.5935619e-05,7.209913e-12,1416.3127,0.29621625,2899.3635,0.28544864,False,6507.0264,762.65027,False,False,False,16.110453,,1704.365,1681,7789.4224,11.860207,62.080999842192675,,-46.93168492017973,,1.2381505,,-114.04892,,,0,False,,,,,,,,0,False,False,False,204019.67,22.447313,0.346163,0.19861506,-0.0031614602,0.261009,0.28650582,-0.0049074404,False,False,False,False,0.00017128309,0.27254832,False,False,61091.02775157315,,25,False,False,False,False,False,False,False,False,False,False,False,False,False,False,False,False,False,False,False,False,False,i
3,61091.02661367117,lsst,62.081020603206845,-46.931805896250374,313893023122980956,170032879596208156,0,313893023122980956,7717.762,478.0975,0,0,0,214380.88,480.86053,True,2026021900025,143,0.0,1.6628208e-05,1.3885354e-05,6.2660495e-11,3934.6003,0.31691185,862.7396,0.22729713,False,7323.726,754.98737,False,False,False,15.67546,,1617.5095,1681,8192.152,10.052271,62.08102594735479,,-46.93181465803304,,1.5076244,,-144.74002,,,0,False,,,,,,,,0,False,False,False,206553.16,28.56706,0.38111264,0.24441047,-0.09172362,0.25392976,0.23092906,-0.00843304,False,False,False,False,0.39970902,0.4207216,False,False,61091.028435171655,,27,False,False,False,False,False,False,False,False,False,False,False,False,False,False,False,False,False,False,False,False,False,i
3,61091.0274840945,lsst,62.08104129238069,-46.93170083503292,313893023122980956,170032879885615121,0,313893023122980956,5933.478,454.61584,0,0,0,197458.75,461.3169,True,2026021900027,183,0.0,1.8533945e-05,1.9276444e-05,-3.728842e-11,2024.9333,0.32102695,746.80634,0.35944384,False,6222.146,745.78,False,False,False,13.028029,,1699.8767,1681,6067.304,1.5129552,62.08103636591469,,-46.93170017540889,,1.0784321,,168.78221,,,0,False,,,,,,,,0,False,False,False,191372.83,27.363876,0.25845742,0.331089,-0.039415434,0.21386845,0.28221348,-0.004597102,False,False,False,False,0.19798502,0.17486304,False,False,61091.02938205439,,27,False,False,False,False,False,False,False,False,False,False,False,False,False,False,False,False,False,False,False,False,False,i
3,61091.02835722653,lsst,62.0811113563715,-46.931737790794784,313893023122980956,170032880147759197,0,313893023122980956,7267.3755,409.88727,0,0,0,169089.3,411.99402,True,2026021900029,171,0.0,1.0975343e-05,1.0873793e-05,7.089533e-12,103.42732,0.20254628,3241.8098,0.19090687,False,6461.963,727.01324,False,False,False,17.76723,,1710.6586,1681,7173.8403,12.358173,62.08110960815482,,-46.931744351059905,,1.0013903,,-167.92497,,,0,False,,,,,,,,0,False,False,False,161595.8,70.42644,0.2119213,0.18617772,-0.045778304,0.16857377,0.18461308,-0.0009258938,False,False,False,False,0.06901861,0.29722333,False,False,61091.03013311875,,22,False,False,False,False,False,False,False,False,False,False,False,False,False,False,False,False,False,False,False,False,False,i
3,61091.02922305542,lsst,62.080951449080864,-46.931801258840224,313893023122980956,170032880416718867,0,313893023122980956,5655.4136,430.81363,0,0,0,190061.27,435.22913,True,2026021900031,172,0.0,2.2049999e-06,2.192914e-06,-5.9070446e-13,2328.3196,0.037085585,532.5189,0.04197263,False,4543.73,719.9294,False,False,False,20.50347,,1960.3103,1681,8105.2017,0.06636213,62.08107672351445,,-46.931689122279096,,0.9343467,,-99.59269,,,0,False,170458.11,1599.662,0.0,3199.324,0.018491112,25.390764,33718.82,2175,False,False,False,184221.16,63.411438,0.21936317,0.19629756,0.038822345,0.17087033,0.18316719,-0.01289598,False,False,False,False,0.12560052,0.32951662,True,True,61091.03106682269,,30,False,False,False,False,False,False,False,False,False,False,False,False,False,False,False,False,False,False,False,False,False,i
3,61091.030099120064,lsst,62.08095322932871,-46.93180712767818,313893023122980956,170032880679911441,0,313893023122980956,6070.4233,426.48834,0,0,0,180778.2,423.88065,True,2026021900033,162,0.0,2.1919727e-06,2.2141462e-06,1.975167e-13,4013.5095,0.040512346,420.23242,0.038864702,False,5129.3745,723.0596,False,False,False,15.785075,,1923.4423,1681,7682.636,4.690707,62.081019331136936,,-46.93182877949575,,1.4998244,,-137.9334,,,0,False,162437.03,1609.2072,0.0,3218.4143,0.009497988,123.44659,37124.645,2175,False,False,False,174611.7,52.969418,0.382811,0.15267298,0.019733272,0.15382686,0.1697083,-0.010393544,False,False,False,False,0.8243513,0.29963934,True,True,61091.03201325023,,32,False,False,False,False,False,False,False,False,False,False,False,False,False,False,False,False,False,False,False,False,False,i
3,61091.0311321053,lsst,62.08102774049231,-46.931720148196526,313893023122980956,170032880941006937,0,313893023122980956,6662.6133,426.33646,0,0,0,192105.78,432.83047,True,2026021900035,148,0.0,1.2790413e-05,1.7138465e-05,-3.565523e-11,3006.8245,0.22381414,2763.004,0.3133872,False,6057.0435,702.0752,False,False,False,15.150129,,1703.8568,1681,7378.7275,14.515039,62.08103578534979,,-46.93173331546622,,1.604759,,-160.06805,,,0,False,,,,,,,,0,False,False,False,185230.97,89.56231,0.274186,0.37009075,-0.12317711,0.1798028,0.27474973,-0.00023017242,False,False,False,False,0.6286993,0.27166125,False,False,61091.03298996632,,29,False,False,False,False,False,False,False,False,False,False,False,False,False,False,False,False,False,False,False,False,False,i
3,61091.0328631036,lsst,62.08108803180487,-46.93172282613164,313893023122980956,170032881479450687,0,313893023122980956,7930.966,410.5194,0,0,0,176302.1,413.32532,True,2026021900039,151,0.0,1.2282664e-05,1.35189875e-05,-2.0727408e-11,3315.718,0.21360882,1579.6682,0.2502448,False,6278.6177,701.91473,False,False,False,19.156107,,1679.8037,1681,7563.93,3.7321706,62.081082272892885,,-46.931733771034885,,0.72202444,,-154.41112,,,0,False,,,,,,,,0,False,False,False,168160.84,99.03877,0.2370552,0.2259296,-0.022312328,0.16891271,0.2250709,-0.011809973,False,False,False,False,0.14038599,0.34885794,False,False,61091.03468241994,,23,False,False,False,False,False,False,False,False,False,False,False,False,False,False,False,False,False,False,False,False,False,i
3,61091.033729276605,lsst,62.08094997599481,-46.931801554262265,313893023122980956,170032881759420435,0,313893023122980956,6490.9253,411.19427,0,0,0,176949.38,412.50977,True,2026021900041,173,0.0,2.213896e-06,2.319999e-06,-5.196275e-13,1937.6112,0.03848657,483.00754,0.043073427,False,6276.6963,716.0832,False,False,False,19.564938,,2027.0428,1681,7767.5103,0.6331502,62.081062279549734,,-46.93173022384115,,0.9165936,,-155.96019,,,0,False,158697.78,1639.3553,0.0,3278.7107,0.012297257,47.869358,40940.227,2106,False,False,False,170284.27,84.40818,0.22496364,0.1941282,-0.03558416,0.14335723,0.16089068,-0.005706645,False,False,False,False,0.41875127,0.43255356,True,True,61091.035566047096,,30,False,False,False,False,False,False,False,False,False,False,False,False,False,False,False,False,False,False,False,False,False,i
3,61091.03459687574,lsst,62.08095305564265,-46.93180458634609,313893023122980956,170032882033098776,0,313893023122980956,5742.9253,421.05637,0,0,0,183669.28,422.75134,True,2026021900043,183,0.0,2.2495353e-06,2.2592847e-06,-8.2550754e-14,1557.4796,0.040262584,1039.1733,0.04099407,False,5362.926,711.85187,False,False,False,20.353157,,2060.0454,1681,8675.503,1.9881597,62.08109691218158,,-46.93171365350448,,1.2405365,,177.50743,,,0,False,164451.0,1629.563,0.0,3259.126,0.016997118,60.41246,38439.66,2070,False,False,False,177779.84,86.23028,0.20298755,0.24752918,-0.073235944,0.15725082,0.18407923,-0.030576395,False,False,False,False,0.35446078,0.44474578,True,True,61091.03640903155,,34,False,False,False,False,False,False,False,False,False,False,False,False,False,False,False,False,False,False,False,False,False,i
3,61091.03632717785,lsst,62.08103032672918,-46.931747987487235,313893023122980956,170032882560008215,0,313893023122980956,7050.6816,405.40802,0,0,0,173005.69,407.67545,True,2026021900047,164,0.0,1.606367e-05,1.751249e-05,1.1915577e-10,3557.1597,0.36189067,728.7334,0.228468,False,5519.395,699.0917,False,False,False,17.330341,,1747.2363,1681,7853.3677,15.267705,62.08103553892166,,-46.93174142946878,,1.4902781,,-118.64171,,,0,False,,,,,,,,0,False,False,False,165765.19,71.324905,0.31020734,0.13838032,0.08395494,0.15924245,0.15377554,0.0055289837,False,False,False,False,0.52047837,0.21925664,False,False,61091.038261017085,,21,False,False,False,False,False,False,False,False,False,False,False,False,False,False,False,False,False,False,False,False,False,i
3,61091.03719064464,lsst,62.08106767381503,-46.931707541695104,313893023122980956,170032882812190816,0,313893023122980956,7842.401,376.60724,0,0,0,153967.61,380.78122,True,2026021900049,133,0.0,8.999911e-06,9.939132e-06,2.0257879e-11,1017.9774,0.19061902,2853.6887,0.14831042,False,5105.2817,688.5886,False,False,False,20.758324,,1798.6084,1681,7448.467,0.6456002,62.081066091996064,,-46.93170944847329,,0.83035797,,-130.72736,,,0,False,,,,,,,,0,False,False,False,145879.44,91.87044,0.19351669,0.13961786,0.017133968,0.1442405,0.14078867,0.011172838,False,False,False,False,0.09664153,0.22453088,False,False,61091.038877653395,,20,False,False,False,False,False,False,False,False,False,False,False,False,False,False,False,False,False,False,False,False,False,i
1,61091.03943842836,lsst,62.08114376441645,-46.93163009020556,313893023122980956,170032883101073436,0,313893023122980956,3036.2183,243.73093,0,0,0,72376.96,232.00246,True,2026021900051,172,0.0,2.5227786e-05,3.2013446e-05,-2.2971108e-10,3069.3535,0.41419023,1208.0947,0.6058469,False,2821.9182,390.2791,False,False,False,12.731855,,1732.341,1681,3215.6948,8.638969,62.081138074807654,,-46.9316306541226,,1.4472935,,157.74068,,,0,False,,,,,,,,0,False,False,False,69250.484,43.78937,0.193192,0.4018554,-0.009630295,0.2610945,0.2497911,0.0040725395,False,False,False,False,0.15916245,0.26200983,False,False,61091.04109552356,,24,False,False,False,False,False,False,False,False,False,False,False,False,False,False,False,False,False,False,False,False,False,g
1,61091.07471669023,lsst,62.08091751205,-46.9315448936286,313893023122980956,170032883357450284,0,313893023122980956,1739.7162,308.62302,0,0,0,105734.586,294.1518,True,2026021900053,149,0.0,5.665406e-05,6.66146e-05,6.4548733e-10,990.81244,0.9749574,2145.9824,1.2358454,False,1899.4651,391.95898,False,False,False,5.2938595,,1600.6504,1681,,,,,,,,,,,,0,False,,,,,,,,0,False,False,False,104010.05,15.437401,,,,0.51234365,0.828288,0.0061679473,True,False,False,False,,0.19901882,False,False,61091.076884060676,,29,False,False,False,False,False,False,False,False,False,False,False,False,False,False,False,False,False,False,False,False,False,g
1,61091.07558162861,lsst,62.08112815433535,-46.93169739152228,313893023122980956,170032883629555736,0,313893023122980956,2181.5767,297.78952,0,0,0,104476.45,283.76907,True,2026021900055,156,0.0,4.6936653e-05,8.6435415e-05,1.796432e-09,1062.8936,0.73146725,1172.5374,1.6129097,False,2548.0754,398.21753,False,False,False,7.698522,,1702.1466,1681,2580.4856,36.7787,62.08113534941667,,-46.931629355204855,,2.189857,,-142.89542,,,0,False,,,,,,,,0,False,False,False,102220.61,21.800087,0.24931645,0.65471286,-0.16996074,0.39364216,0.504208,0.013082483,False,False,False,False,0.00053197873,0.24526627,False,False,61091.077586107305,,31,False,False,False,False,False,False,False,False,False,False,False,False,False,False,False,False,False,False,False,False,False,g
1,61091.07732221985,lsst,62.08115567115791,-46.93163362972634,313893023122980956,170032884166426679,0,313893023122980956,3173.044,285.4905,0,0,0,94960.26,272.52472,True,2026021900059,156,0.0,2.7185668e-05,2.7199232e-05,1.0921373e-12,2915.2803,0.4897955,2309.446,0.48982438,False,2957.8425,396.08792,False,False,False,11.13197,,1744.1168,1681,3425.055,16.835234,62.0811381055187,,-46.931643445814544,,1.5177895,,-73.68547,,,0,False,,,,,,,,0,False,False,False,91703.6,21.43146,0.5431634,0.3400901,0.04168461,0.39175525,0.48989588,0.0040449155,False,False,False,False,3.6453683e-05,0.2640018,False,False,61091.0794317906,,32,False,False,False,False,False,False,False,False,False,False,False,False,False,False,False,False,False,False,False,False,False,g
1,61091.07818759258,lsst,62.08087961758849,-46.931633231082834,313893023122980956,170032884447445054,0,313893023122980956,2955.4397,293.29187,0,0,0,97570.85,281.361,True,2026021900061,180,0.0,5.540585e-05,3.5167108e-05,3.6175708e-11,3169.6692,0.9974463,1987.2563,0.6333644,False,3144.6697,407.57153,False,False,False,10.4757185,,1704.9886,1681,3582.709,31.05536,62.08089180290607,,-46.93163398354383,,2.200985,,-108.10071,,,0,False,,,,,,,,0,False,False,False,94509.04,30.382383,0.7571785,0.33518404,-0.14259405,0.38498932,0.39827976,-0.017600132,False,False,False,False,0.78260016,0.27079618,False,False,61091.08000454691,,33,False,False,False,False,False,False,False,False,False,False,False,False,False,False,False,False,False,False,False,False,False,g
1,61091.07905270066,lsst,62.08096810272855,-46.93168949012213,313893023122980956,170032884700676098,0,313893023122980956,2343.2202,277.43106,0,0,0,94415.11,261.75116,True,2026021900063,151,0.0,3.584553e-05,3.1076997e-05,3.8244116e-11,2186.5288,0.64632773,38.06944,0.5581706,False,2389.621,393.8392,False,False,False,8.361358,,1796.1934,1681,2587.457,45.90218,62.080949425056396,,-46.93170890720944,,1.732549,,-129.28247,,,0,False,,,,,,,,0,False,False,False,92034.89,28.517221,0.41863182,0.2887144,-0.1420036,0.31594545,0.2917761,-0.023409026,False,False,False,False,0.18467785,0.25501293,False,False,61091.081023624836,,35,False,False,False,False,False,False,False,False,False,False,False,False,False,False,False,False,False,False,False,False,False,g
1,61091.079923676734,lsst,62.0811432807558,-46.93164876195932,313893023122980956,170032884981694493,0,313893023122980956,2530.5176,287.17697,0,0,0,92935.01,275.80447,True,2026021900065,175,0.0,3.9262177e-05,3.0083302e-05,1.5790597e-10,3035.2642,0.7151096,1225.3748,0.5310352,False,2553.1047,405.7331,False,False,False,8.720712,,1724.5105,1681,2718.2578,13.784507,62.08113162618744,,-46.93163427068599,,1.5558842,,-94.272095,,,0,False,,,,,,,,0,False,False,False,90340.83,29.44348,0.5178295,0.29385692,0.036067456,0.39402482,0.389698,-0.039902505,False,False,False,False,0.012410541,0.21077472,False,False,61091.081661935095,,29,False,False,False,False,False,False,False,False,False,False,False,False,False,False,False,False,False,False,False,False,False,g
1,61091.08448418381,lsst,62.08105814509538,-46.93167622924526,313893023122980956,170032886312861701,0,313893023122980956,2835.399,321.80212,0,0,0,115540.19,311.25717,True,2026021900075,154,0.0,4.8198675e-05,3.9863364e-05,-2.625068e-10,1523.3025,0.884304,104.31915,0.69828546,False,2954.4006,406.05954,False,False,False,8.640679,,1670.7848,1681,3079.8877,4.616464,62.08105021003142,,-46.931679532592455,,1.787623,,-93.13969,,,0,False,,,,,,,,0,False,False,False,112568.8,15.663948,0.7332622,0.5073013,-0.10167775,0.6088487,0.4468041,-0.07975112,False,False,False,False,0.3332907,0.22172603,False,False,61091.08642949937,,32,False,False,False,False,False,False,False,False,False,False,False,False,False,False,False,False,False,False,False,False,False,g
1,61091.08535266055,lsst,62.0809319758845,-46.93162212182911,313893023122980956,170032886578675751,0,313893023122980956,1865.6262,302.7205,0,0,0,105220.8,289.4381,False,2026021900077,149,,0.00010531444,5.0051232e-05,-1.8959858e-09,408.09094,1.9296066,1791.6935,0.82578915,False,2254.799,397.28073,False,False,False,6.06765,,1789.8986,1681,,,,,,,,,,,,0,False,,,,,,,,0,False,False,False,103282.75,16.830736,,,,0.5591307,0.42105493,2.9219947e-05,True,False,False,False,,0.21629299,False,False,61094.42680868098,,28,False,False,False,False,False,False,False,False,False,False,False,False,False,False,False,False,False,False,False,False,False,g
1,61091.08535266055,lsst,62.08093164213315,-46.93162223170653,313893023122980956,170032886578675752,0,313893023122980956,1866.119,302.74158,0,0,0,105242.66,289.46597,True,2026021900077,149,0.0,0.000105309875,4.9992632e-05,-1.8970274e-09,408.0843,1.9295384,1791.6925,0.8245937,False,2257.9075,397.27026,False,False,False,6.070601,,1789.996,1681,,,,,,,,,,,,0,False,,,,,,,,0,False,False,False,103300.336,16.846716,,,,0.5591344,0.42105773,2.9209108e-05,True,False,False,False,,0.21601927,False,False,61091.0873053102,,30,False,False,False,False,False,False,False,False,False,False,False,False,False,False,False,False,False,False,False,False,False,g
1,61091.08622172479,lsst,62.081207357141366,-46.93174019461785,313893023122980956,170032886848159783,0,313893023122980956,2220.1064,301.4007,0,0,0,105024.15,292.38492,True,2026021900079,151,0.0,9.27599e-05,5.7971836e-05,-5.395741e-10,2170.0815,1.6747506,1802.6824,1.0351301,False,2309.133,398.18982,False,False,False,7.4080367,,1832.5046,1681,2538.4915,2.9037616,62.0812104991869,,-46.9317300293982,,2.2284653,,-66.10709,,,0,False,,,,,,,,0,False,False,False,102694.44,18.757225,0.8548257,0.44687,0.14864089,0.52340275,0.39652663,0.0009897932,False,False,False,False,0.8619973,0.18608952,False,False,61091.08812986528,,29,False,False,False,False,False,False,False,False,False,False,False,False,False,False,False,False,False,False,False,False,False,g
4,61091.09582622063,lsst,62.08108641477874,-46.93175312828333,313893023122980956,170032889261457508,0,313893023122980956,6666.108,648.62976,0,0,0,240883.05,649.9833,True,2026021900097,146,0.0,2.0369711e-05,1.8141514e-05,3.4246022e-12,1326.1049,0.36692935,3795.1882,0.32659107,False,7996.6455,1064.4178,False,False,False,10.119305,,1832.1534,1681,6579.1406,25.752373,62.081083196801934,,-46.93176368059423,,1.2048897,,-56.032097,,,0,False,,,,,,,,0,False,False,False,233988.25,67.65534,0.21763043,0.17256957,0.06986348,0.23982571,0.2501653,0.01621173,False,False,False,False,0.22452286,0.14489412,False,False,61091.097563402625,,24,False,False,False,False,False,False,False,False,False,False,False,False,False,False,False,False,False,False,False,False,False,z
4,61091.09755605264,lsst,62.08117032077813,-46.931720487484974,313893023122980956,170032889799901251,0,313893023122980956,8514.858,598.81525,0,0,0,204056.98,598.567,True,2026021900101,149,0.0,1.27988005e-05,1.7030754e-05,-3.371381e-11,2315.9846,0.22453675,2452.4646,0.31116802,False,7988.2354,1058.6436,False,False,False,13.714311,,1687.3339,1681,7948.59,35.848206,62.08116339303578,,-46.93171902318145,,0.89454466,,172.01527,,,0,False,,,,,,,,0,False,False,False,195316.55,74.33989,0.16464001,0.23678766,-0.007838535,0.19553865,0.25421634,-0.0016879577,False,False,False,False,0.062932245,0.123871125,False,False,61091.099232818626,,26,False,False,False,False,False,False,False,False,False,False,False,False,False,False,False,False,False,False,False,False,False,z
4,61091.09928705091,lsst,62.08095646766481,-46.931803840760594,313893023122980956,170032890353549416,0,313893023122980956,2498.5928,649.36835,0,0,0,248702.4,644.406,True,2026021900105,181,0.0,2.018513e-06,2.15185e-06,-3.5804264e-13,2499.991,0.03556919,2954.458,0.039522618,False,5658.398,1059.8782,False,False,False,12.852453,,1905.472,1681,7530.968,6.9521995,62.08119240586806,,-46.931682237102365,,1.2525406,,167.3657,,,0,False,218669.33,1667.5554,0.0,3335.1108,0.022973556,56.55365,28851.441,2088,False,False,False,246265.08,79.957596,0.1804947,0.31706488,-0.03546333,0.21504505,0.257981,-0.010630953,False,False,False,False,0.015816096,0.11216703,True,True,61091.10112988704,,34,False,False,False,False,False,False,False,False,False,False,False,False,False,False,False,False,False,False,False,False,False,z
2,61091.10340515041,lsst,62.08111323684079,-46.93170207686843,313893023122980956,170032891153612913,0,313893023122980956,5675.4834,349.9207,0,0,0,142252.61,345.67047,True,2026021900111,171,0.0,1.3545372e-05,1.6838116e-05,-6.8697124e-11,3282.3528,0.21933858,3111.876,0.32157513,False,7291.2646,534.57574,False,False,False,16.036602,,1827.3201,1681,5927.243,9.10447,62.08111795885965,,-46.93171082294572,,1.531858,,178.9513,,,0,False,,,,,,,,0,False,False,False,136449.83,43.42406,0.26565534,0.41062957,-0.09191581,0.21651419,0.29892546,-0.008116941,False,False,False,False,0.46634847,0.27216348,False,False,61091.105388168115,,40,False,False,False,False,False,False,False,False,False,False,False,False,False,False,False,False,False,False,False,False,False,r
2,61091.104479826376,lsst,62.08111010717588,-46.931701316504196,313893023122980956,170032891410513986,0,313893023122980956,5855.311,334.92392,0,0,0,139330.98,331.38004,True,2026021900113,149,0.0,1.2466027e-05,1.3005765e-05,7.440206e-12,1014.26935,0.22209047,2124.022,0.23638982,False,6957.0957,515.1609,False,False,False,17.19763,,1797.5027,1681,5622.0215,9.793147,62.08110219401997,,-46.93171372956061,,1.1593702,,16.818182,,,0,False,,,,,,,,0,False,False,False,133311.6,51.96603,0.20102848,0.32557702,0.014115617,0.23897655,0.23142575,-0.012836474,False,False,False,False,0.08054936,0.33108842,False,False,61091.10626108911,,33,False,False,False,False,False,False,False,False,False,False,False,False,False,False,False,False,False,False,False,False,False,r
2,61091.149244636545,lsst,62.0809488808195,-46.93180137831442,313893023122980956,170032896485621785,0,313893023122980956,4586.16,382.73392,0,0,0,169325.89,377.76822,True,2026021900151,101,0.0,1.6420584e-06,1.633337e-06,2.916466e-13,3547.031,0.027837204,855.3441,0.031035876,False,6123.735,557.9779,False,False,False,15.884046,,2135.0198,1681,,,,,,,,,,,,0,False,162359.55,886.8282,0.0,1773.6564,0.018961908,-30.21768,7074.0737,4218,False,False,False,164682.2,36.662712,,,,0.2505832,0.37389007,0.016943578,True,False,False,False,,0.40834308,True,True,61091.156782999766,,39,False,False,False,False,False,False,False,False,False,False,False,False,False,False,False,False,False,False,False,False,False,r
2,61091.150111933406,lsst,62.08105838035421,-46.93169058201934,313893023122980956,170032896778698820,0,313893023122980956,6043.6196,359.84317,0,0,0,150231.8,359.75696,True,2026021900153,148,0.0,1.16485e-05,1.2612703e-05,6.5581984e-11,3784.942,0.16177025,2568.093,0.26335642,False,6088.8657,553.4401,False,False,False,16.254057,,1755.994,1681,5875.034,11.05576,62.08106589749769,,-46.93168316170671,,1.2225215,,36.694813,,,0,False,,,,,,,,0,False,False,False,144071.83,60.694057,0.11452854,0.26638556,0.008534036,0.23280317,0.31387496,-0.013835372,False,False,False,False,0.46655187,0.36237195,False,False,61091.15579166637,,45,False,False,False,False,False,False,False,False,False,False,False,False,False,False,False,False,False,False,False,False,False,r
2,61091.15098038915,lsst,62.081070231789845,-46.93171939093225,313893023122980956,170032897026162766,0,313893023122980956,7547.278,369.54758,0,0,0,156199.22,365.2355,True,2026021900155,108,0.0,1.0699164e-05,1.2863417e-05,6.559101e-11,2107.1106,0.15024695,2024.3527,0.2610296,False,7234.0093,559.16815,False,False,False,19.613274,,1813.3237,1681,8220.511,9.4519205,62.08106086374141,,-46.93171948416007,,1.6944451,,-128.70326,,,0,False,,,,,,,,0,False,False,False,148533.84,36.444298,0.1754411,0.4303521,-0.08551563,0.2605294,0.31238702,-0.026635962,False,False,False,False,0.023317143,0.46056968,False,False,61091.156320097434,,41,False,False,False,False,False,False,False,False,False,False,False,False,False,False,False,False,False,False,False,False,False,r
2,61091.15184720105,lsst,62.080945928447754,-46.93180422210683,313893023122980956,170032897297744000,0,313893023122980956,4310.3438,369.3634,0,0,0,159701.53,364.27026,True,2026021900157,114,0.0,1.6320677e-06,1.6390929e-06,2.0814954e-14,59.674065,0.029317198,3745.7231,0.02956609,False,7468.3037,560.3995,False,False,False,26.115208,,2836.8127,1681,10863.599,1.2380732,62.081249610820066,,-46.93175916494614,,2.028693,,0.3620785,,,0,False,152707.14,925.39575,0.0,1850.7915,0.03630128,84.98283,8900.662,3888,False,False,False,155304.61,65.61244,0.35649234,0.5984013,0.17760451,0.251528,0.27225244,-0.016805183,False,False,False,False,0.98815614,0.29028642,True,True,61091.15674848914,,37,False,False,False,False,False,False,False,False,False,False,False,False,False,False,False,False,False,False,False,False,False,r
2,61091.15271300959,lsst,62.08112040838438,-46.93170113417733,313893023122980956,170032897566703681,0,313893023122980956,7191.9136,362.7547,0,0,0,148611.28,360.0777,True,2026021900159,115,0.0,1.0873959e-05,1.355567e-05,3.235575e-11,1937.9222,0.18463902,2487.9412,0.252727,False,6542.333,563.3297,False,False,False,19.73575,,1641.5653,1681,7564.52,20.34905,62.081105507486456,,-46.93170219806176,,1.3121579,,7.682358,,,0,False,,,,,,,,0,False,False,False,141255.39,45.844,0.20854226,0.3551692,0.041001115,0.2654036,0.3247108,-0.030982578,False,False,False,False,0.014679621,0.4391679,False,False,61091.15688552927,,29,False,False,False,False,False,False,False,False,False,False,False,False,False,False,False,False,False,False,False,False,False,r
2,61091.153586702756,lsst,62.08095323736026,-46.93180128024776,313893023122980956,170032897852964887,0,313893023122980956,5827.2856,376.47235,0,0,0,165781.28,372.25797,True,2026021900161,149,0.0,1.6166167e-06,1.6376302e-06,2.4521944e-14,1268.805,0.0290546,648.3792,0.02952281,False,7844.1475,563.3822,False,False,False,30.236319,,2805.2778,1681,10380.749,0.669519,62.08121829609842,,-46.931687848289,,0.82839775,,-17.508492,,,0,False,158030.23,906.4262,0.0,1812.8524,0.041605122,59.272663,8058.422,3990,False,False,False,159798.53,48.82842,0.32249168,0.34583342,0.027763573,0.28502837,0.28468728,-0.04560277,False,False,False,False,0.19213443,0.25752038,True,True,61091.15712519843,,39,False,False,False,False,False,False,False,False,False,False,False,False,False,False,False,False,False,False,False,False,False,r
2,61091.15444985288,lsst,62.08094778261564,-46.93180171490967,313893023122980956,170032898122448934,0,313893023122980956,6007.749,368.53665,0,0,0,158722.78,365.15582,True,2026021900163,151,0.0,1.6435697e-06,1.6165973e-06,-1.3270934e-14,3363.7468,0.029590616,826.7392,0.02910182,False,7157.694,561.5878,False,False,False,18.340302,,2278.0854,1681,9557.782,3.719745,62.08079593460113,,-46.9317867094664,,2.6086352,,-127.943985,,,0,False,151068.06,921.53174,0.0,1843.0635,0.015636342,-44.752254,8857.798,3978,False,False,False,152600.7,64.238754,0.54048264,0.62236226,-0.3849135,0.26196676,0.2540079,-0.04284125,False,False,False,False,0.99996054,0.40265816,True,True,61091.15818619452,,40,False,False,False,False,False,False,False,False,False,False,False,False,False,False,False,False,False,False,False,False,False,r
2,61091.15531654215,lsst,62.0809538166406,-46.9317999797997,313893023122980956,170032898406088791,0,313893023122980956,4671.0723,374.0351,0,0,0,152595.61,370.46686,True,2026021900165,180,0.0,1.9568574e-06,1.981611e-06,9.419457e-15,2428.706,0.03520851,1457.1163,0.03570585,False,6244.3823,583.211,False,False,False,21.680105,,2086.7705,1681,7229.233,1.4519085,62.08115968475955,,-46.931712151656065,,0.896279,,-165.97179,,,0,False,139720.38,1068.7249,0.0,2137.4497,0.027299194,69.811195,12886.711,2520,False,False,False,147817.34,60.711708,0.19983305,0.2684047,-0.01259881,0.22863518,0.2218386,-0.0012699456,False,False,False,False,0.008723386,0.37968507,True,True,61091.15949018513,,30,False,False,False,False,False,False,False,False,False,False,False,False,False,False,False,False,False,False,False,False,False,r
2,61091.15721669306,lsst,62.0810537878493,-46.93166623603551,313893023122980956,170032898908356689,0,313893023122980956,5997.821,344.2977,0,0,0,135076.89,341.63132,True,2026021900169,114,0.0,1.1805179e-05,1.2513614e-05,2.5115455e-11,3768.9695,0.19850475,2701.8037,0.23779969,False,5051.739,564.70337,False,False,False,17.627151,,1772.133,1681,6133.672,27.945915,62.08106510015337,,-46.93167297969399,,1.191779,,26.47477,,,0,False,,,,,,,,0,False,False,False,128974.24,70.65852,0.1364809,0.27141035,0.02180307,0.24377799,0.23721991,-0.0025525892,False,False,False,False,0.12977672,0.42576182,False,False,61091.15966536284,,36,False,False,False,False,False,False,False,False,False,False,False,False,False,False,False,False,False,False,False,False,False,r
2,61091.158084597024,lsst,62.08109464691766,-46.931672162358915,313893023122980956,170032899173122090,0,313893023122980956,5386.377,340.1277,0,0,0,131138.23,336.57788,True,2026021900171,107,0.0,1.3334321e-05,1.20731e-05,-2.671045e-11,1721.1564,0.2500026,1040.5029,0.2056744,False,5826.3193,564.9222,False,False,False,15.810667,,1787.7505,1681,5473.2983,15.324099,62.081095775075845,,-46.93167569710331,,1.2313081,,-93.327576,,,0,False,,,,,,,,0,False,False,False,125640.06,46.943573,0.24317324,0.18080293,-0.06937833,0.25007188,0.23066352,-0.018016584,False,False,False,False,0.0803289,0.23808552,False,False,61091.16021601342,,40,False,False,False,False,False,False,False,False,False,False,False,False,False,False,False,False,False,False,False,False,False,r
2,61091.158956368585,lsst,62.08103845762701,-46.93169720831404,313893023122980956,170032899445751900,0,313893023122980956,6301.086,369.8447,0,0,0,149860.8,367.87723,True,2026021900173,115,0.0,1.47684295e-05,1.2143729e-05,-3.76197e-11,1637.9188,0.27587092,3196.681,0.20621656,False,7184.9937,578.47675,False,False,False,17.096437,,1728.0616,1681,6697.4224,16.087685,62.08102631918302,,-46.931699542017576,,1.513132,,-101.47606,,,0,False,,,,,,,,0,False,False,False,143484.25,42.880043,0.30544984,0.22315606,-0.112384915,0.29397026,0.2394829,0.007460752,False,False,False,False,0.00055112975,0.43335828,False,False,61091.16073719977,,38,False,False,False,False,False,False,False,False,False,False,False,False,False,False,False,False,False,False,False,False,False,r
2,61091.15982112895,lsst,62.08094447731801,-46.93179784472443,313893023122980956,170032899733586000,0,313893023122980956,5290.6006,372.92896,0,0,0,158034.28,371.03778,True,2026021900175,152,0.0,1.958265e-06,1.7454063e-06,-2.643634e-13,856.086,0.035624076,2168.432,0.03102188,False,7499.2676,575.3321,False,False,False,18.420444,,2134.7512,1681,8787.781,2.058429,62.08081095489737,,-46.931717936677785,,2.229498,,-115.53982,,,0,False,148825.34,987.9398,0.0,1975.8796,0.021456838,-31.72809,10196.458,3348,False,False,False,152610.69,47.38896,0.5210044,0.47845712,-0.2683397,0.28403348,0.20886648,-0.007793699,False,False,False,False,0.9985168,0.45337662,True,True,61091.16157904125,,36,False,False,False,False,False,False,False,False,False,False,False,False,False,False,False,False,False,False,False,False,False,r
4,61094.09949580109,lsst,62.08108653397259,-46.931683911926655,313893023122980956,170046084722720859,0,313893023122980956,7392.15,630.0499,0,0,0,202698.16,631.1254,True,2026022200107,107,0.0,1.8939336e-05,1.8497549e-05,-1.0173368e-11,1085.6132,0.34330702,3519.1565,0.33057302,False,5575.831,1212.1202,False,False,False,11.607811,,1594.8398,1681,7516.628,25.727896,62.08108519296622,,-46.93168718134578,,1.0056088,,-104.421364,,,0,False,,,,,,,,0,False,False,False,195148.06,95.31337,0.21209303,0.19632879,-0.047192883,0.24095084,0.20028917,0.00017226199,False,False,False,False,0.030058261,0.20064488,False,False,61094.101181567254,,22,False,False,False,False,False,False,False,False,False,False,False,False,False,False,False,False,False,False,False,False,False,z
2,61094.10552651164,lsst,62.08105956522997,-46.93169884229431,313893023122980956,170046086084821018,0,313893023122980956,5231.1006,360.60654,0,0,0,157009.64,355.0223,True,2026022200117,145,0.0,1.50508495e-05,1.5037951e-05,-5.3783237e-13,3268.684,0.27110913,693.6767,0.27033675,False,5565.776,527.57166,False,False,False,14.474913,,1677.8024,1681,5016.489,20.209267,62.08107445260794,,-46.931698404528824,,0.67793256,,39.00582,,,0,False,,,,,,,,0,False,False,False,151666.34,24.69412,0.21397787,0.2539405,0.0023926524,0.32639197,0.28527766,-0.023625568,False,False,False,False,0.34430414,0.28776798,False,False,61094.10730385849,,40,False,False,False,False,False,False,False,False,False,False,False,False,False,False,False,False,False,False,False,False,False,r
2,61094.10638893935,lsst,62.08100006390147,-46.93170223033219,313893023122980956,170046086331760681,0,313893023122980956,5381.0557,361.53494,0,0,0,161389.88,360.13632,True,2026022200119,104,0.0,1.575033e-05,1.541967e-05,-1.719631e-11,3785.3865,0.2907905,979.56744,0.26985744,False,7351.443,525.31036,False,False,False,14.725781,,1920.2966,1681,7843.3516,28.426468,62.08082877775479,,-46.93180235082261,,3.206864,,-134.78456,,,0,False,,,,,,,,0,False,False,False,155926.88,24.414228,0.3859922,1.4830993,-0.16758296,0.35789034,0.26322755,-0.035036545,False,False,False,False,1.0,0.19518064,False,False,61094.10834048065,,46,False,False,False,False,False,False,False,False,False,False,False,False,False,False,False,False,False,False,False,False,False,r
2,61094.10725373378,lsst,62.081105362872364,-46.931685815107755,313893023122980956,170046086602293341,0,313893023122980956,6268.6714,316.02835,0,0,0,126494.84,309.68713,True,2026022200121,108,0.0,1.332301e-05,1.0318067e-05,-6.530917e-11,2163.5737,0.2649263,2864.4744,0.1480047,False,6218.518,525.1059,False,False,False,18.821291,,1757.3306,1681,6664.839,2.3845088,62.08111370214408,,-46.93169006897302,,1.3501182,,-51.968246,,,0,False,,,,,,,,0,False,False,False,120061.125,73.948395,0.31488842,0.13310176,0.023679398,0.2636572,0.19456841,-0.013597249,False,False,False,False,0.0028551247,0.45002538,False,False,61094.10913523685,,41,False,False,False,False,False,False,False,False,False,False,False,False,False,False,False,False,False,False,False,False,False,r
2,61094.108123312966,lsst,62.08104336228581,-46.93165618751253,313893023122980956,170046086892224597,0,313893023122980956,4989.9272,309.55536,0,0,0,123150.664,303.9559,True,2026022200123,149,0.0,1.509376e-05,1.1709926e-05,-5.0371977e-11,3828.9663,0.2848754,2830.5288,0.1928216,False,4155.4766,524.6972,False,False,False,16.360628,,1808.7231,1681,5504.0986,18.390598,62.081032726022435,,-46.931656582600965,,1.3852608,,-95.67073,,,0,False,,,,,,,,0,False,False,False,118043.17,62.52396,0.30065477,0.20159642,-0.084048614,0.25523013,0.1930166,-0.013343418,False,False,False,False,0.07816411,0.2595678,False,False,61094.10990615105,,42,False,False,False,False,False,False,False,False,False,False,False,False,False,False,False,False,False,False,False,False,False,r
2,61094.108989187225,lsst,62.08095610443682,-46.931801542470566,313893023122980956,170046087162757233,0,313893023122980956,4269.0767,357.62338,0,0,0,156920.6,351.0078,True,2026022200125,153,0.0,1.8606459e-06,1.6933799e-06,-2.162035e-13,3954.4924,0.033863656,3936.4177,0.030112587,False,7030.636,531.84546,False,False,False,16.78483,,2160.8015,1681,6549.3286,3.4798307,62.08113686116419,,-46.9317982659696,,1.810372,,-156.57536,,,0,False,149990.19,937.11597,0.0,1874.2319,0.01924221,99.339645,9366.549,3774,False,False,False,152773.23,42.498154,0.1678525,0.513987,-0.031205604,0.2718699,0.22955443,-0.0074136616,False,False,False,False,0.5562286,0.37064222,True,True,61094.11076800061,,39,False,False,False,False,False,False,False,False,False,False,False,False,False,False,False,False,False,False,False,False,False,r
2,61094.10985255918,lsst,62.08112998412268,-46.93167646991259,313893023122980956,170046087431716912,0,313893023122980956,7055.028,335.3113,0,0,0,134113.86,328.3804,True,2026022200127,154,0.0,1.1915397e-05,1.0511763e-05,-7.1571997e-12,81.84486,0.21587627,1413.6453,0.1879069,False,6695.6533,529.0842,False,False,False,21.291199,,1694.319,1681,6731.8853,1.4013842,62.08112371659283,,-46.93167310582348,,0.613877,,-27.19392,,,0,False,,,,,,,,0,False,False,False,126879.63,46.916485,0.25988293,0.26593047,0.015995946,0.30760148,0.220663,-0.005399588,False,False,False,False,0.00014232355,0.43890378,False,False,61094.11151577537,,28,False,False,False,False,False,False,False,False,False,False,False,False,False,False,False,False,False,False,False,False,False,r
2,61094.110722669764,lsst,62.08103079680178,-46.931696227720685,313893023122980956,170046087701725213,0,313893023122980956,5986.3384,325.06415,0,0,0,128093.52,316.94452,True,2026022200129,157,0.0,1.2471322e-05,1.2700287e-05,8.8751657e-13,1993.3966,0.22470367,653.9205,0.22882333,False,8005.741,534.66,False,False,False,18.39206,,1665.8837,1681,6654.084,4.6202097,62.08101072988486,,-46.93171074767027,,1.4996028,,-132.20178,,,0,False,,,,,,,,0,False,False,False,122033.36,43.471592,0.2990212,0.32776347,-0.11197839,0.21828887,0.18497111,-0.0059715123,False,False,False,False,0.78812337,0.43212774,False,False,61094.112414708135,,28,False,False,False,False,False,False,False,False,False,False,False,False,False,False,False,False,False,False,False,False,False,r
2,61094.111663901174,lsst,62.08107530777969,-46.931714161169225,313893023122980956,170046087967014980,0,313893023122980956,5175.253,332.482,0,0,0,138937.4,324.7751,True,2026022200131,151,0.0,1.3004742e-05,1.2582682e-05,-2.8177669e-12,3022.3333,0.23457012,1730.186,0.22608332,False,3713.1353,527.2698,False,False,False,15.539961,,1819.5848,1681,5134.9863,5.3488703,62.08107421367021,,-46.93171143830875,,0.72521484,,13.718067,,,0,False,,,,,,,,0,False,False,False,133682.48,58.394737,0.18048353,0.22724657,0.00079101056,0.28174374,0.20045577,0.0029987516,False,False,False,False,0.13395792,0.31187716,False,False,61094.1134117278,,27,False,False,False,False,False,False,False,False,False,False,False,False,False,False,False,False,False,False,False,False,False,r
2,61094.11253117253,lsst,62.08110282003597,-46.93168401068962,313893023122980956,170046088234401897,0,313893023122980956,4632.9844,314.19244,0,0,0,127406.42,312.85507,True,2026022200133,149,0.0,1.37871275e-05,1.2007759e-05,-7.005121e-12,3525.3413,0.2489383,3291.7322,0.21542247,False,4183.8525,524.5938,False,False,False,15.054455,,1839.242,1681,4470.815,4.268547,62.08111083969659,,-46.93168370698711,,0.43856007,,-124.040886,,,0,False,,,,,,,,0,False,False,False,122607.62,61.60769,0.1867794,0.18548858,-0.008199493,0.2762705,0.18067701,-0.0034477906,False,False,False,False,0.17822367,0.24164084,False,False,61094.114598195636,,36,False,False,False,False,False,False,False,False,False,False,False,False,False,False,False,False,False,False,False,False,False,r
2,61094.11339596627,lsst,62.08104200969089,-46.93166122757752,313893023122980956,170046088504410205,0,313893023122980956,5449.018,330.63678,0,0,0,133663.06,325.477,True,2026022200135,152,0.0,1.5574924e-05,1.1803523e-05,-4.501656e-12,1370.2323,0.28054744,3075.8684,0.21245623,False,5142.2446,531.49396,False,False,False,16.583673,,1782.4844,1681,5454.145,8.476801,62.081037645026164,,-46.93166112518004,,0.9994611,,-93.29557,,,0,False,,,,,,,,0,False,False,False,128049.78,45.273766,0.30235478,0.21238352,-0.009394534,0.28528947,0.20910273,0.013927146,False,False,False,False,0.010421995,0.32094884,False,False,61094.11506998844,,34,False,False,False,False,False,False,False,False,False,False,False,False,False,False,False,False,False,False,False,False,False,r
2,61094.11426337199,lsst,62.08102912484151,-46.93172425403288,313893023122980956,170046088770748490,0,313893023122980956,6035.0054,337.36975,0,0,0,144475.25,329.7667,True,2026022200137,148,0.0,1.1731038e-05,1.1452041e-05,4.2867538e-13,550.4407,0.21109147,2040.7312,0.20610099,False,5649.773,527.6736,False,False,False,17.853746,,1888.1896,1681,6151.403,24.578093,62.08105330892335,,-46.93172527790762,,1.0430028,,-35.563457,,,0,False,,,,,,,,0,False,False,False,138311.78,42.931324,0.19824047,0.2418051,0.046623327,0.26894903,0.2202301,0.017476887,False,False,False,False,0.059795324,0.32694396,False,False,61094.11605517169,,42,False,False,False,False,False,False,False,False,False,False,False,False,False,False,False,False,False,False,False,False,False,r
2,61094.11512935232,lsst,62.080944670017104,-46.93179988476912,313893023122980956,170046089041281087,0,313893023122980956,3380.0457,343.28387,0,0,0,148897.52,335.85095,True,2026022200139,152,0.0,1.7665293e-06,1.6510411e-06,6.8648524e-14,184.26663,0.031861402,2433.1826,0.029671958,False,5495.416,531.26764,False,False,False,18.454464,,2158.5667,1681,6136.9087,2.485376,62.08103290958031,,-46.93164239974823,,1.2181855,,-88.754196,,,0,False,142748.88,971.9118,0.0,1943.8236,0.018784735,7.987361,11400.616,3570,False,False,False,145462.14,56.876957,0.30888945,0.17341875,0.025809556,0.24566409,0.20306966,0.012286941,False,False,False,False,0.03093438,0.305096,True,True,61094.11692782851,,39,False,False,False,False,False,False,False,False,False,False,False,False,False,False,False,False,False,False,False,False,False,r
2,61094.1159943072,lsst,62.08108470307533,-46.931748047139386,313893023122980956,170046089307095161,0,313893023122980956,3808.6582,341.16837,0,0,0,147356.62,334.04663,True,2026022200141,147,0.0,2.012834e-05,1.720425e-05,3.1736953e-11,2145.7314,0.36594057,3882.1528,0.30515525,False,4736.243,529.16986,False,False,False,10.952797,,1859.8485,1681,6429.68,20.488346,62.080868608199765,,-46.931902594243454,,3.2309196,,-135.65237,,,0,False,,,,,,,,0,False,False,False,143485.75,40.99806,1.1636319,0.589047,-0.52365255,0.29654613,0.2267257,0.04463855,False,False,False,False,1.0,0.22718737,False,False,61094.117654289825,,45,False,False,False,False,False,False,False,False,False,False,False,False,False,False,False,False,False,False,False,False,False,r
2,61094.11686229981,lsst,62.08110677855126,-46.931685642099595,313893023122980956,170046089593880613,0,313893023122980956,5473.0,328.26788,0,0,0,123081.9,323.70685,True,2026022200143,182,0.0,1.2546769e-05,1.2447052e-05,1.4008557e-12,1424.3558,0.22641042,1309.8264,0.22383316,False,6003.6997,564.2973,False,False,False,16.829655,,1668.5212,1681,5353.881,1.5887743,62.08110420916949,,-46.93168189142621,,0.7350141,,-76.51659,,,0,False,,,,,,,,0,False,False,False,117508.086,56.428352,0.227082,0.20995684,0.022383245,0.22039087,0.21333495,0.016475974,False,False,False,False,0.00031678812,0.25023475,False,False,61094.118608320015,,40,False,False,False,False,False,False,False,False,False,False,False,False,False,False,False,False,False,False,False,False,False,r
2,61094.117912554284,lsst,62.08108342964568,-46.931674524671905,313893023122980956,170046089822994484,0,313893023122980956,5142.623,323.99985,0,0,0,133086.14,318.61374,True,2026022200145,107,0.0,1.2460814e-05,1.1348227e-05,-1.15607714e-11,2728.9026,0.22745016,1243.7645,0.20072891,False,4134.2544,525.22925,False,False,False,15.974603,,1825.472,1681,5146.114,22.116533,62.08109432305057,,-46.931673191493935,,0.97682846,,-28.621025,,,0,False,,,,,,,,0,False,False,False,127859.74,56.271694,0.18592946,0.17231338,0.045085136,0.26817313,0.22755706,0.013846636,False,False,False,False,0.37908807,0.34747165,False,False,61094.119668502855,,38,False,False,False,False,False,False,False,False,False,False,False,False,False,False,False,False,False,False,False,False,False,r
3,61095.023437639145,lsst,62.081097280140476,-46.931752041993505,313893023122980956,170050471515914337,0,313893023122980956,6870.9487,369.0525,0,0,0,135124.11,368.23135,True,2026022300023,147,0.0,2.2513203e-05,1.6445218e-05,-5.6544873e-12,2097.674,0.40527734,2764.99,0.29599506,False,6677.376,822.9724,False,False,False,18.756855,,1843.6986,1681,8554.556,9.968139,62.08106968369389,,-46.93174876023129,,1.2871293,,-120.363434,,,0,False,,,,,,,,0,False,False,False,128167.69,118.087456,0.26176512,0.18729,-0.0748799,0.15062532,0.1129314,0.0039333827,False,False,False,False,0.80450714,0.31081218,False,False,61095.025144453255,,20,False,False,False,False,False,False,False,False,False,False,False,False,False,False,False,False,False,False,False,False,False,i
3,61095.02430098217,lsst,62.080945476762274,-46.93180179229886,313893023122980956,170050471785922668,0,313893023122980956,5514.566,376.27225,0,0,0,144073.64,373.06378,True,2026022300025,150,0.0,2.8600198e-06,2.2262143e-06,2.7975463e-13,298.60135,0.05155728,3042.267,0.040000737,False,3771.3604,820.161,False,False,False,17.088388,,2045.6302,1681,7463.4663,1.3022183,62.081022299379924,,-46.93173140485936,,1.0612344,,-128.72363,,,0,False,126371.33,1732.3118,0.0,3464.6235,0.008562815,37.43994,71002.77,1512,False,False,False,138487.25,191.80818,0.17839065,0.13557798,-0.05232785,0.15439348,0.09305765,0.005960447,False,False,False,False,0.2004133,0.2401688,True,True,61095.025932438,,24,False,False,False,False,False,False,False,False,False,False,False,False,False,False,False,False,False,False,False,False,False,i
3,61095.0251694319,lsst,62.0810230937836,-46.931745619357145,313893023122980956,170050472050163848,0,313893023122980956,5512.3247,378.08295,0,0,0,144314.12,376.70157,True,2026022300027,142,0.0,2.6227399e-05,2.0771591e-05,5.0521764e-11,3327.4148,0.4753175,3303.3286,0.36994994,False,5535.591,802.6888,False,False,False,14.105491,,1854.008,1681,6513.9473,13.455405,62.081029674736946,,-46.9317440953022,,1.191275,,-128.86746,,,0,False,,,,,,,,0,False,False,False,138760.08,127.537704,0.26411247,0.1869148,-0.057888534,0.1553113,0.10515174,0.0099519035,False,False,False,False,0.8251329,0.27253222,False,False,61095.02687274344,,19,False,False,False,False,False,False,False,False,False,False,False,False,False,False,False,False,False,False,False,False,False,i
3,61095.041992520986,lsst,62.08094807910636,-46.93180729801299,313893023122980956,170050472725971006,0,313893023122980956,4837.369,435.57352,0,0,0,186062.95,431.72894,True,2026022300032,151,0.0,1.4099888e-06,1.5263806e-06,-2.6035763e-13,3809.198,0.024479145,1404.5879,0.02831106,False,-3450.0823,768.4325,False,False,False,13.515633,,2352.711,1681,5952.5195,3.266045,62.0810680706023,,-46.93175626699207,,1.1375879,,-136.97702,,,0,False,180414.81,1247.6726,0.0,2495.3452,0.007907449,73.12603,22367.63,4773,False,False,False,181198.6,123.926796,0.2534986,0.15161438,-0.038093645,0.15911731,0.2373617,-0.025374988,False,False,False,False,0.0023503485,0.107795924,True,True,61095.04375455964,,44,False,False,False,False,False,False,False,False,False,False,False,False,False,False,False,False,False,False,False,False,False,i
3,61095.04388185167,lsst,62.08095073650944,-46.93180264888346,313893023122980956,170050473267036207,0,313893023122980956,5698.0645,396.6799,0,0,0,163537.94,400.79453,True,2026022300036,159,0.0,2.368771e-06,2.3223315e-06,3.0894185e-14,2430.3433,0.042713925,1396.9266,0.04183248,False,3297.0386,784.2715,False,False,False,18.48096,,1887.3339,1681,7675.86,0.17995657,62.0810450341721,,-46.931713209708995,,0.96532166,,-122.60207,,,0,False,143536.08,1676.263,0.0,3352.526,0.0136819165,36.43076,52982.266,1650,False,False,False,157745.33,159.21451,0.20013301,0.1473628,-0.03592206,0.15167385,0.14754318,-0.0059891148,False,False,False,False,0.09300547,0.34316057,True,True,61095.045575268494,,28,False,False,False,False,False,False,False,False,False,False,False,False,False,False,False,False,False,False,False,False,False,i
3,61095.044749532724,lsst,62.08104452167169,-46.93170374093622,313893023122980956,170050473529704558,0,313893023122980956,6552.27,376.39,1,0,0,146135.38,374.77496,True,2026022300038,148,0.0,1.1367279e-05,1.0019257e-05,6.1636043e-12,1632.5898,0.20565778,3606.459,0.179282,True,2433.2603,772.86395,True,False,False,16.711594,,1802.403,1681,,,,,,,,,,,,0,False,,,,,,,,0,True,False,False,139537.81,143.46474,0.17877345,0.14163412,-0.033007193,0.15576468,0.14755458,-4.5849098e-05,True,False,False,False,,0.32136962,False,False,61095.04646174284,,34,False,False,False,False,False,False,False,False,False,False,False,False,False,False,False,False,False,False,False,False,False,i
3,61095.04561661396,lsst,62.080949649950206,-46.9318040081071,313893023122980956,170050473799188625,0,313893023122980956,4803.0693,392.16415,0,0,0,159896.17,388.411,True,2026022300040,150,0.0,2.1656485e-06,1.9490274e-06,3.1809348e-13,2964.9773,0.039409395,3811.1895,0.034638163,False,1297.1917,768.50635,False,False,False,16.315042,,2137.6519,1681,5925.351,0.81165266,62.08106167443179,,-46.93173507927142,,0.44862208,,-165.86081,,,0,False,150575.38,1552.8453,0.0,3105.6907,0.0100742625,56.557514,47128.38,2523,False,False,False,155093.92,143.13182,0.16377333,0.17151757,-0.007727195,0.14920656,0.1420519,0.008051276,False,False,False,False,0.079920016,0.35136768,True,True,61095.047487501855,,38,False,False,False,False,False,False,False,False,False,False,False,False,False,False,False,False,False,False,False,False,False,i
3,61095.0464849703,lsst,62.08094667616457,-46.931796986619446,313893023122980956,170050474083352737,0,313893023122980956,4217.953,396.18497,0,0,0,163493.44,392.41922,True,2026022300042,180,0.0,2.1665596e-06,2.0807822e-06,2.0526462e-13,2843.3044,0.039393626,2810.3162,0.03710144,False,3269.092,764.20886,False,False,False,15.247174,,1996.3959,1681,6073.803,0.07616578,62.081051243733604,,-46.93169921817837,,0.89387965,,-167.44572,,,0,False,151261.7,1611.0481,0.0,3222.0962,0.010006366,47.237164,47973.406,2106,False,False,False,159239.34,125.69934,0.15296765,0.17552479,-0.035992697,0.15942475,0.1542087,-0.0008006309,False,False,False,False,0.008775601,0.326685,True,True,61095.04840553019,,36,False,False,False,False,False,False,False,False,False,False,False,False,False,False,False,False,False,False,False,False,False,i
3,61095.047351237525,lsst,62.08105756808152,-46.931769369422526,313893023122980956,170050474352312330,0,313893023122980956,6003.042,354.063,1,0,0,137163.12,355.12967,True,2026022300044,181,0.0,1.8789602e-05,1.6138814e-05,7.6927215e-11,1310.6638,0.35860837,140.81483,0.26542568,True,6683.6357,766.17413,True,False,False,16.69051,,2121.9824,1681,,,,,,,,,,,,0,False,,,,,,,,0,True,False,False,130997.9,74.86534,0.23499966,0.20027344,-0.05297865,0.13001953,0.11632457,0.006550191,True,False,False,False,,0.3772902,False,False,61095.049245486196,,37,False,False,False,False,False,False,False,False,False,False,False,False,False,False,False,False,False,False,False,False,False,i
3,61095.04822040022,lsst,62.080949725167414,-46.931801216587345,313893023122980956,170050474616029241,0,313893023122980956,4557.555,374.3324,0,0,0,147343.05,371.2889,True,2026022300046,172,0.0,2.4273654e-06,2.4655915e-06,-2.7461407e-13,2272.8396,0.042958543,1550.5287,0.045140076,False,2472.9348,769.22034,False,False,False,17.627792,,2080.9067,1681,6217.6533,2.1807394,62.08107575640125,,-46.93171394641129,,0.54143643,,-153.81346,,,0,False,130731.055,1696.2588,0.0,3392.5176,0.012975421,52.49152,64254.297,1638,False,False,False,142740.44,103.46361,0.16962156,0.15549262,-0.010654293,0.12232635,0.124122724,0.010948235,False,False,False,False,0.2696317,0.19137973,True,True,61095.05000965839,,29,False,False,False,False,False,False,False,False,False,False,False,False,False,False,False,False,False,False,False,False,False,i
3,61095.049092705376,lsst,62.08109676892742,-46.931699871614484,313893023122980956,170050474862969046,0,313893023122980956,5262.635,337.50168,0,0,0,121620.32,339.1628,True,2026022300048,131,0.0,1.15818375e-05,1.1477081e-05,8.834677e-12,3511.105,0.2143466,3837.7703,0.2005024,False,5584.5645,762.83655,False,False,False,15.896452,,1947.9738,1681,5584.51,2.9231272,62.08109570096244,,-46.931710618846765,,0.78312093,,-144.00241,,,0,False,,,,,,,,0,False,False,False,116242.484,122.500496,0.16574024,0.11411056,-0.012279034,0.11938935,0.12473497,0.025187155,False,False,False,False,0.06327139,0.13688782,False,False,61095.05110028123,,30,False,False,False,False,False,False,False,False,False,False,False,False,False,False,False,False,False,False,False,False,False,i
3,61095.04996115444,lsst,62.08094935708438,-46.9317997105991,313893023122980956,170050475154473016,0,313893023122980956,4402.9126,376.73337,0,0,0,149019.0,374.99036,True,2026022300050,175,0.0,2.3805505e-06,2.366363e-06,-3.3630583e-13,2190.2593,0.04143324,1837.4272,0.04406198,False,2969.2441,769.1865,False,False,False,17.315838,,2090.8848,1681,5995.869,0.86648154,62.081076307338904,,-46.93172189944102,,0.5012164,,-99.01532,,,0,False,134420.6,1667.4607,0.0,3334.9214,0.015007015,52.558773,60593.035,1800,False,False,False,144547.05,83.03586,0.15014757,0.14549483,0.010675419,0.121860094,0.12789457,0.013923364,False,False,False,False,0.100217775,0.3135793,True,True,61095.05188252308,,28,False,False,False,False,False,False,False,False,False,False,False,False,False,False,False,False,False,False,False,False,False,i
3,61095.05095970953,lsst,62.08098129205185,-46.93173893305317,313893023122980956,170050475406131223,0,313893023122980956,6043.845,376.79,0,0,0,146407.8,376.2614,True,2026022300052,143,0.0,1.9552706e-05,1.4889314e-05,7.067546e-11,658.53955,0.36392573,788.9116,0.2514502,False,5116.4126,781.8082,False,False,False,16.45911,,1886.5934,1681,6916.742,2.4211528,62.081000270110756,,-46.931733152076674,,1.1397322,,-120.399765,,,0,False,,,,,,,,0,False,False,False,140278.83,100.79669,0.24813294,0.12593569,-0.021615932,0.13656674,0.12110257,0.018069183,False,False,False,False,0.48176143,0.30229127,False,False,61095.05261324904,,18,False,False,False,False,False,False,False,False,False,False,False,False,False,False,False,False,False,False,False,False,False,i
1,61095.05323843111,lsst,62.08093584318674,-46.931802980031215,313893023122980956,170050475678760967,0,313893023122980956,1998.4766,232.11258,0,0,0,70237.18,227.43376,True,2026022300054,151,0.0,2.7519322e-06,2.300718e-06,-5.3320374e-13,1150.5089,0.049906384,186.92262,0.0409436,False,792.914,461.48892,False,False,False,14.729889,,1931.2665,1681,3450.6155,0.12632534,62.08109169691947,,-46.931688765518885,,0.8224578,,-60.907406,,,0,False,64981.043,728.63983,0.0,1457.2797,0.019248597,55.02862,9355.595,2175,False,False,False,68182.125,70.13721,0.23875265,0.18744603,0.016597033,0.19670914,0.13147148,-0.0022198516,False,False,False,False,0.30636257,0.26336265,True,True,61095.0548854588,,32,False,False,False,False,False,False,False,False,False,False,False,False,False,False,False,False,False,False,False,False,False,g
1,61095.05410202306,lsst,62.08120714818204,-46.931698824894504,313893023122980956,170050475946672184,0,313893023122980956,2185.93,220.76068,1,0,0,56723.797,215.09009,True,2026022300056,150,0.0,2.4435061e-05,1.5412768e-05,-4.2605464e-11,242.58461,0.44143263,2091.9775,0.27451918,True,749.2988,463.70923,True,False,False,9.6768265,,1819.445,1681,,,,,,,,,,,,0,False,,,,,,,,0,True,False,False,54460.285,81.97952,0.29946905,0.13093725,0.07850573,0.21995987,0.15274127,0.007792236,True,False,False,False,,0.14848997,False,False,61095.05616740741,,29,False,False,False,False,False,False,False,False,False,False,False,False,False,False,False,False,False,False,False,False,False,g
1,61095.054971872436,lsst,62.08093640236536,-46.931804301472575,313893023122980956,170050476216156193,0,313893023122980956,1714.8677,240.77864,0,0,0,73800.09,235.59048,True,2026022300058,152,0.0,2.7104406e-06,2.241464e-06,-1.0349054e-14,2800.0964,0.048806716,1165.617,0.040358488,False,2066.7446,460.68784,False,False,False,13.42928,,1846.4005,1681,3578.2583,0.09664518,62.081135651598316,,-46.93169123272827,,1.444812,,-66.248,,,0,False,67960.28,736.40845,0.0,1472.8169,0.017767107,49.414368,8700.639,2106,False,False,False,72027.64,76.788055,0.3605178,0.2163747,0.07631919,0.20385708,0.14186563,0.00543114,False,False,False,False,0.855358,0.2494917,True,True,61095.05657287181,,28,False,False,False,False,False,False,False,False,False,False,False,False,False,False,False,False,False,False,False,False,False,g
1,61095.0567174828,lsst,62.081164132823474,-46.93167487439946,313893023122980956,170050476751454225,0,313893023122980956,3663.7112,215.99536,0,0,0,54426.094,209.35455,True,2026022300062,149,0.0,2.4412768e-05,1.6944736e-05,6.247862e-11,3851.2615,0.4440422,451.12543,0.2984343,False,5426.357,462.05392,False,False,False,16.310972,,1891.8737,1681,4224.478,1.3920869,62.08114483894808,,-46.931683953976794,,1.373071,,-73.63413,,,0,False,,,,,,,,0,False,False,False,50598.96,73.87906,0.34638742,0.23893505,0.075668655,0.18317987,0.12527004,-0.0009097924,False,False,False,False,0.95527494,0.26526445,False,False,61095.058395673725,,23,False,False,False,False,False,False,False,False,False,False,False,False,False,False,False,False,False,False,False,False,False,g
1,61095.05848169954,lsst,62.081065607707814,-46.93167062463244,313893023122980956,170050477305626656,0,313893023122980956,2514.6357,249.51836,0,0,0,65609.81,245.11003,True,2026022300066,182,0.0,2.5840589e-05,1.9942814e-05,9.7058056e-11,2809.2036,0.47619084,1238.6193,0.3448905,False,2323.5996,494.28473,False,False,False,10.084758,,1700.4907,1681,3219.9592,21.164028,62.08099685714126,,-46.93166926437758,,1.9243209,,-86.240974,,,0,False,,,,,,,,0,False,False,False,63038.664,62.378,0.49613315,0.19671819,0.13963525,0.20483719,0.16322161,0.010653418,False,False,False,False,0.9723518,0.18888019,False,False,61095.060077358066,,24,False,False,False,False,False,False,False,False,False,False,False,False,False,False,False,False,False,False,False,False,False,g
1,61095.059353046134,lsst,62.08102452047192,-46.93170105032117,313893023122980956,170050477557284919,0,313893023122980956,2338.605,242.17351,0,0,0,70301.97,236.6017,True,2026022300068,150,0.0,4.4214277e-05,3.3067834e-05,4.5876278e-10,2588.4739,0.8348836,1621.2874,0.53850585,False,2353.9143,464.06723,False,False,False,9.650565,,1698.9658,1681,2597.951,1.3553051,62.08103359186476,,-46.9316919166608,,1.2640072,,-114.40889,,,0,False,,,,,,,,0,False,False,False,67879.18,60.33875,0.35487387,0.20054609,-0.002783807,0.20098564,0.165318,0.015672624,False,False,False,False,0.7047502,0.26712263,False,False,61095.061005884476,,19,False,False,False,False,False,False,False,False,False,False,False,False,False,False,False,False,False,False,False,False,False,g
1,61095.0602204941,lsst,62.08093714708125,-46.931802468681425,313893023122980956,170050477837778983,0,313893023122980956,2168.453,260.25217,0,0,0,76053.09,254.09012,True,2026022300070,173,0.0,2.7073586e-06,2.4844155e-06,9.800385e-13,3104.4685,0.050536424,1100.3059,0.04266477,False,2852.5564,489.1909,False,False,False,15.03395,,2023.7533,1681,3756.5576,0.54512614,62.081152261848175,,-46.93170436240893,,0.9832769,,-33.002666,,,0,False,67656.67,745.8838,0.0,1491.7676,0.024004124,63.841667,8387.023,1848,False,False,False,73873.266,67.24955,0.2283646,0.31595683,0.005177379,0.19959478,0.16068387,0.025183307,False,False,False,False,0.6912558,0.23546706,True,True,61095.06186770399,,30,False,False,False,False,False,False,False,False,False,False,False,False,False,False,False,False,False,False,False,False,False,g
1,61095.06108659723,lsst,62.081003587199675,-46.93168230802039,313893023122980956,170050478107787266,0,313893023122980956,2377.6975,243.81017,0,0,0,64586.887,237.0363,True,2026022300072,176,0.0,2.3868915e-05,2.2586142e-05,9.058214e-11,2311.2502,0.45357212,26.45672,0.37991342,False,3231.8044,487.855,False,False,False,9.720905,,1792.626,1681,3880.5083,29.809498,62.080805573153796,,-46.93174419650666,,2.921332,,-118.32356,,,0,False,,,,,,,,0,False,False,False,62133.32,80.85707,1.157291,0.19495055,0.12932827,0.18199803,0.15536657,0.031202285,False,False,False,False,1.0,0.22207193,False,False,61095.06279879469,,36,False,False,False,False,False,False,False,False,False,False,False,False,False,False,False,False,False,False,False,False,False,g
1,61095.061951579715,lsst,62.08098740775659,-46.931626175809164,313893023122980956,170050478378319974,0,313893023122980956,2972.5227,234.72646,0,0,0,59115.5,228.78568,True,2026022300074,180,0.0,2.6703792e-05,2.779257e-05,-2.3107108e-10,1243.9017,0.40632054,2196.0537,0.5626431,False,4474.881,480.362,False,False,False,12.424159,,1777.2076,1681,3547.6514,9.7599745,62.080997969928184,,-46.93164182073524,,1.5699995,,-76.21892,,,0,False,,,,,,,,0,False,False,False,56054.8,68.304756,0.29129443,0.37800395,0.11658035,0.17599237,0.16446842,0.02075508,False,False,False,False,0.981163,0.26923585,False,False,61095.06358090056,,22,False,False,False,False,False,False,False,False,False,False,False,False,False,False,False,False,False,False,False,False,False,g
1,61095.06282237625,lsst,62.08097894731467,-46.93162290159874,313893023122980956,170050478642036771,0,313893023122980956,1793.5278,229.85254,0,0,0,56737.984,225.59654,True,2026022300076,171,0.0,4.21134e-05,4.0603027e-05,-6.479024e-10,2157.5095,0.5858177,1128.5388,0.8752085,False,2902.9465,482.35794,False,False,False,7.782986,,1804.6714,1681,2431.127,9.78469,62.08094008904582,,-46.93164353559322,,1.9264656,,-83.51012,,,0,False,,,,,,,,0,False,False,False,54913.484,70.99202,0.38159907,0.5036853,0.18259233,0.17163937,0.17510687,0.03573763,False,False,False,False,0.9999712,0.1867497,False,False,61095.06440069806,,19,False,False,False,False,False,False,False,False,False,False,False,False,False,False,False,False,False,False,False,False,False,g
1,61095.0636826744,lsst,62.081138429905984,-46.93170588036879,313893023122980956,170050478889500732,0,313893023122980956,2648.5845,231.32747,0,0,0,63818.51,226.6604,True,2026022300078,131,0.0,1.6519072e-05,1.6611442e-05,5.6602145e-12,610.35516,0.3011702,2012.6066,0.29486096,False,2353.029,462.2431,False,False,False,11.396657,,1737.4794,1681,2539.0747,0.23908207,62.08113980587341,,-46.93170566724643,,0.41935125,,-86.75646,,,0,False,,,,,,,,0,False,False,False,61042.977,67.15552,0.18232946,0.18828517,0.006887991,0.1678625,0.19974676,0.037415896,False,False,False,False,0.00030678467,0.22581285,False,False,61095.065303065014,,20,False,False,False,False,False,False,False,False,False,False,False,False,False,False,False,False,False,False,False,False,False,g
1,61095.064549306335,lsst,62.081116788117434,-46.93170216867619,313893023122980956,170050479180480542,0,313893023122980956,3093.11,236.40727,0,0,0,60746.094,231.8286,True,2026022300080,174,0.0,1.6778647e-05,1.5448482e-05,-3.737741e-11,1187.4344,0.2651036,1280.8849,0.31377617,False,3315.3188,488.44846,False,False,False,13.142504,,1724.6815,1681,3206.5637,1.192649,62.08112179937725,,-46.93169977285856,,0.96245843,,-85.62609,,,0,False,,,,,,,,0,False,False,False,57492.51,83.393875,0.18698828,0.2406228,0.0337682,0.14569923,0.1788785,0.03534445,False,False,False,False,0.33583242,0.28102794,False,False,61095.06612819937,,21,False,False,False,False,False,False,False,False,False,False,False,False,False,False,False,False,False,False,False,False,False,g
1,61095.06549706921,lsst,62.08110993435119,-46.93169036254081,313893023122980956,170050479431614474,0,313893023122980956,2590.1826,222.02502,0,0,0,59189.402,217.49495,True,2026022300082,141,0.0,1.9864954e-05,1.8945499e-05,-1.1690665e-10,1236.1691,0.28921047,196.15114,0.40039057,False,4138.8516,464.5269,False,False,False,11.492305,,1745.9596,1681,3165.3596,3.2185133,62.08105740071807,,-46.931681291106486,,1.6421186,,-74.13735,,,0,False,,,,,,,,0,False,False,False,56489.01,75.861015,0.26039696,0.43830094,0.1046899,0.15324426,0.16904092,0.032145962,False,False,False,False,0.99587315,0.26497647,False,False,61095.0670383987,,30,False,False,False,False,False,False,False,False,False,False,False,False,False,False,False,False,False,False,False,False,False,g
4,61095.07491592776,lsst,62.08095056420464,-46.931801257398504,313893023122980956,170050481852776482,0,313893023122980956,3562.4531,589.7565,0,0,0,195011.2,590.2191,True,2026022300100,151,0.0,2.3936777e-06,2.4519513e-06,-4.053768e-15,3419.8416,0.043103635,613.5407,0.04416413,False,4368.2964,1241.1177,False,False,False,12.236564,,1786.3998,1681,6628.329,9.356189,62.08106669718519,,-46.931678693492074,,0.917764,,-123.7222,,,0,False,161253.3,1887.7516,0.0,3775.5032,0.015171478,8.5037775,63113.188,1320,False,False,False,191326.25,178.69357,0.14314209,0.10568653,-0.037399635,0.14837664,0.14090465,0.010070226,False,False,False,False,0.06833845,0.14929295,True,True,61095.07663491257,,22,False,False,False,False,False,False,False,False,False,False,False,False,False,False,False,False,False,False,False,False,False,z
2,61095.0824631858,lsst,62.08113781180508,-46.93173562558457,313893023122980956,170050483742834689,0,313893023122980956,6659.442,299.5296,0,0,0,102977.98,295.31522,True,2026022300114,172,0.0,7.592231e-06,8.873795e-06,-1.4326982e-11,1525.3318,0.12773904,24.693754,0.16700946,False,8850.303,600.9264,False,False,False,22.27865,,1751.773,1681,7282.2563,3.2668023,62.081133155159115,,-46.931752978744335,,1.139426,,174.27377,,,0,False,,,,,,,,0,False,False,False,96062.336,112.047226,0.16746832,0.26130792,-0.042416982,0.14286299,0.15502594,0.027945237,False,False,False,False,0.5127701,0.3051691,False,False,61095.08412935707,,34,False,False,False,False,False,False,False,False,False,False,False,False,False,False,False,False,False,False,False,False,False,r
2,61095.08333121422,lsst,62.081097943802156,-46.9316743438931,313893023122980956,170050483995017308,0,313893023122980956,6295.4077,275.3643,0,0,0,93895.97,272.00726,True,2026022300116,141,0.0,7.5018093e-06,7.913067e-06,-7.1364394e-12,578.1301,0.12929712,2471.6929,0.14765616,False,7324.653,578.5871,False,False,False,22.82345,,1768.3898,1681,6458.755,2.8617623,62.08109557770559,,-46.93167478062867,,0.9179881,,-71.24938,,,0,False,,,,,,,,0,False,False,False,87288.96,85.933464,0.14845902,0.16707045,0.03919444,0.13710365,0.15116806,0.029102197,False,False,False,False,0.031699877,0.28332996,False,False,61095.08493304282,,19,False,False,False,False,False,False,False,False,False,False,False,False,False,False,False,False,False,False,False,False,False,r
2,61095.08420033372,lsst,62.080948775437975,-46.931798718806746,313893023122980956,170050484281802760,0,313893023122980956,3975.1843,327.81802,0,0,0,121545.59,324.5203,True,2026022300118,176,0.0,2.0850216e-06,2.1101707e-06,-2.3867025e-13,1275.2603,0.036693048,276.57068,0.038841244,False,9151.158,609.55255,False,False,False,22.866207,,2355.7883,1681,6811.4927,2.0100343,62.08115111948287,,-46.93169979217983,,0.7820222,,-174.19693,,,0,False,114088.1,1129.8248,0.0,2259.6497,0.019840326,70.25103,22343.312,2520,False,False,False,117511.37,91.03293,0.21087141,0.21150826,-0.02742385,0.15391727,0.14992939,0.017629195,False,False,False,False,0.4393915,0.15364379,True,True,61095.08589653405,,35,False,False,False,False,False,False,False,False,False,False,False,False,False,False,False,False,False,False,False,False,False,r
2,61095.08506862672,lsst,62.081121226674384,-46.93168522652207,313893023122980956,170050484552335479,0,313893023122980956,4506.1895,303.39923,0,0,0,104475.35,299.9155,True,2026022300120,180,0.0,1.2028613e-05,1.2098266e-05,-3.4375013e-11,2704.3286,0.1897788,2005.6615,0.24164101,False,2765.034,595.2429,False,False,False,15.200058,,2473.356,1681,4780.1904,13.107933,62.08111449370168,,-46.931690135640316,,1.0992117,,163.61569,,,0,False,,,,,,,,0,False,False,False,99824.43,78.48141,0.12781025,0.19626635,-0.05063734,0.16162936,0.16729936,0.009409842,False,False,False,False,0.0008951153,0.15001169,False,False,61095.08674070403,,50,False,True,False,False,False,False,False,True,False,False,True,False,True,False,False,False,False,False,False,False,False,r
2,61095.08593765129,lsst,62.081097721884156,-46.931676893529925,313893023122980956,170050484820770895,0,313893023122980956,5904.018,295.64145,0,0,0,100054.27,290.77725,True,2026022300122,180,0.0,9.526134e-06,9.147662e-06,-1.915694e-11,948.56836,0.1481337,1334.9469,0.18606396,False,6964.535,595.7927,False,False,False,19.065708,,1858.5746,1681,5914.1685,0.55558765,62.08109623664379,,-46.931676507906644,,0.87590486,,-74.1129,,,0,False,,,,,,,,0,False,False,False,93974.64,78.112015,0.13116325,0.18006264,0.026802888,0.14037246,0.171019,0.01816725,False,False,False,False,1.1010649e-06,0.32326642,False,False,61095.08757554945,,39,False,False,False,False,False,False,False,False,False,False,False,False,False,False,False,False,False,False,False,False,False,r
2,61095.08786063944,lsst,62.080944846078594,-46.93180386803616,313893023122980956,170050485358690312,0,313893023122980956,4265.136,329.54144,0,0,0,120112.55,322.7352,True,2026022300126,182,0.0,2.0160812e-06,1.9850659e-06,4.0821e-14,4005.1775,0.036375646,169.0673,0.035716202,False,5605.8804,616.6438,False,False,False,24.055275,,2384.4763,1681,7732.009,1.0050528,62.081156062225844,,-46.93173524667515,,1.0930246,,-154.22401,,,0,False,114207.26,1072.4492,0.0,2144.8984,0.023553235,86.06432,20746.963,2976,False,False,False,115804.266,92.83267,0.20473738,0.22455642,-0.056590095,0.16057453,0.14129719,0.011112979,False,False,False,False,0.49016637,0.39984924,True,True,61095.08950362301,,36,False,False,False,False,False,False,False,False,False,False,False,False,False,False,False,False,False,False,False,False,False,r
2,61095.08873411984,lsst,62.0809400388909,-46.9317884214542,313893023122980956,170050485610348600,0,313893023122980956,6244.052,324.11728,0,0,0,129839.39,318.39566,True,2026022300128,150,0.0,1.6522325e-06,1.5906835e-06,8.638518e-14,3525.3184,0.029909417,1098.6399,0.02845759,False,5824.621,579.8806,False,False,False,23.127554,,2352.654,1681,7611.987,0.22036953,62.08104808310447,,-46.93173467482113,,0.90167356,,-142.52295,,,0,False,123550.15,1005.2592,0.0,2010.5184,0.011627595,87.10118,15960.889,3672,False,False,False,123474.04,82.596054,0.2250636,0.19332282,-0.03387498,0.14637417,0.20019616,0.010149022,False,False,False,False,0.1697585,0.30439788,True,True,61095.09037810288,,39,False,False,False,False,False,False,False,False,False,False,False,False,False,False,False,False,False,False,False,False,False,r
2,61095.09046674038,lsst,62.08105967068613,-46.93167461867567,313893023122980956,170050486159278250,0,313893023122980956,5306.138,311.88452,0,0,0,109192.71,309.53314,True,2026022300132,173,0.0,1.1142217e-05,1.0043761e-05,2.4867669e-11,3691.183,0.21294472,3964.0522,0.16619474,False,4379.663,599.03375,False,False,False,17.15744,,1959.1049,1681,6473.245,28.176414,62.08099531638725,,-46.931687552248285,,1.8790271,,-105.65994,,,0,False,,,,,,,,0,False,False,False,103709.414,77.6918,0.48405775,0.15553841,0.10898148,0.16340384,0.1691472,0.014856966,False,False,False,False,0.9712037,0.25696576,False,False,61095.092132023114,,38,False,False,False,False,False,False,False,False,False,False,False,False,False,False,False,False,False,False,False,False,False,r
2,61095.091331319316,lsst,62.081076188704046,-46.93167871441946,313893023122980956,170050486431383648,0,313893023122980956,5804.9326,304.9371,0,0,0,106101.67,301.33954,True,2026022300134,180,0.0,9.921146e-06,1.0215535e-05,-1.1732762e-11,2473.1057,0.17009252,1722.7936,0.19191413,False,4988.02,594.4438,False,False,False,19.21526,,1752.3752,1681,5784.068,1.9327291,62.08107638308089,,-46.93167704201958,,0.7691151,,-171.16812,,,0,False,,,,,,,,0,False,False,False,100160.06,72.7343,0.17696118,0.17344664,-0.026801832,0.14860263,0.18238454,0.014300544,False,False,False,False,0.014154301,0.30089664,False,False,61095.0931790228,,21,False,False,False,False,False,False,False,False,False,False,False,False,False,False,False,False,False,False,False,False,False,r
2,61095.092200554354,lsst,62.080944904185394,-46.93179831943989,313893023122980956,170050486695100472,0,313893023122980956,3486.663,331.81323,0,0,0,128810.83,327.5965,True,2026022300136,171,0.0,2.08925e-06,2.0860678e-06,2.3817339e-13,3344.9478,0.03858404,1340.6819,0.03656254,False,4651.3,597.8871,False,False,False,19.599236,,2121.5513,1681,6086.194,1.4918602,62.0810675124147,,-46.93165753348544,,0.7679583,,-125.81973,,,0,False,121416.4,1101.3591,0.0,2202.7183,0.016737698,23.019617,19309.258,2697,False,False,False,125271.76,102.60671,0.19607896,0.14479713,0.007922659,0.17413035,0.18217783,0.045408793,False,False,False,False,0.008324338,0.2543073,True,True,61095.093900921565,,36,False,False,False,False,False,False,False,False,False,False,False,False,False,False,False,False,False,False,False,False,False,r
2,61095.09393362234,lsst,62.081134640187955,-46.9316992365957,313893023122980956,170050487233544250,0,313893023122980956,6433.7344,297.01166,0,0,0,100970.32,293.8783,True,2026022300140,174,0.0,8.659446e-06,7.764463e-06,-1.738233e-11,2679.4065,0.1257086,1544.7064,0.1676587,False,5102.055,597.05554,False,False,False,21.871233,,1684.25,1681,6409.285,6.393891,62.08112949726751,,-46.93169871006266,,0.8156341,,133.47635,,,0,False,,,,,,,,0,False,False,False,94227.02,75.73407,0.11127891,0.1701749,-0.0105795665,0.13813423,0.16683596,0.018371893,False,False,False,False,0.022446034,0.31253842,False,False,61095.09562705412,,22,False,False,False,False,False,False,False,False,False,False,False,False,False,False,False,False,False,False,False,False,False,r
2,61095.09486140936,lsst,62.08116980394128,-46.931712957335115,313893023122980956,170050487484678152,0,313893023122980956,7358.1587,286.5093,0,0,0,100580.71,282.0422,True,2026022300142,141,0.0,1.472525e-05,1.3303014e-05,-1.2232178e-10,1171.7892,0.15368226,165.25261,0.3223908,False,8775.873,577.1231,False,False,False,24.903753,,1776.2992,1681,8298.057,3.0654764,62.08116121046847,,-46.931707730635715,,1.3507574,,-57.291553,,,0,False,,,,,,,,0,False,False,False,92974.66,98.13964,0.14628331,0.32563028,0.024601154,0.14494959,0.18150912,0.033108678,False,False,False,False,0.5549849,0.42942524,False,False,61095.09648168152,,29,False,False,False,False,False,False,False,False,False,False,False,False,False,False,False,False,False,False,False,False,False,r
1,61033.284792668026,lsst,62.08112253545174,-46.931694429725496,313893023122980956,313893023122980956,0,313893023122980956,42228.03,333.40424,0,0,0,132505.11,324.45483,True,2025122300339,151,0.0,2.26156e-06,1.8721253e-06,-1.939046e-13,2682.4602,0.040790368,3474.0273,0.03359984,False,42563.188,437.0652,False,False,False,126.858765,,1677.4741,1681,41221.29,0.66369367,62.08111986142868,,-46.93169486001232,,0.91877395,,-91.97743,,,0,False,,,,,,,,0,False,False,False,89289.69,20.430328,0.35858822,0.28701323,-0.011479673,0.36108845,0.29360452,-0.0007505759,False,False,False,False,0.0015771291,0.99998987,False,False,61081.925146587586,,40,False,False,False,False,False,False,False,False,False,False,False,False,False,False,False,False,False,False,False,False,False,g
1,61033.285258179065,lsst,62.081127820585486,-46.931696697996934,313893023122980956,313893023256674377,0,313893023122980956,42241.047,331.75897,0,0,0,131922.03,320.54153,True,2025122300340,150,0.0,2.325454e-06,1.8222602e-06,-1.4369352e-13,1147.8339,0.041867513,2788.226,0.032756157,False,42317.6,432.1245,False,False,False,125.72506,,1807.9181,1681,41208.332,0.54233605,62.081125161534786,,-46.93169634168348,,0.95971256,,-88.04609,,,0,False,,,,,,,,0,False,False,False,88915.39,23.508026,0.3597841,0.27739093,-0.0029192457,0.3695392,0.2918137,0.007409856,False,False,False,False,0.010981824,0.9999865,False,False,61081.88731726082,,45,False,False,False,False,False,False,False,False,False,False,False,False,False,False,False,False,False,False,False,False,False,g
1,61034.16130408224,lsst,62.081107507698746,-46.931688166258176,313893023122980956,313897383956054170,0,313893023122980956,41198.195,250.32903,0,0,0,96170.375,253.23764,True,2025122400062,84,0.0,1.1653791e-06,1.1391388e-06,2.5348621e-14,1645.6088,0.02043169,3894.9146,0.02103513,False,45989.562,397.07202,False,False,False,161.9087,,2402.398,1681,36515.652,1.1269449,62.081108873454355,,-46.9316887242278,,0.30540344,,103.29533,,,0,False,,,,,,,,0,False,False,False,50277.93,80.315094,0.16981755,0.17299384,-0.0036054067,0.12656015,0.12870288,-0.003402343,False,False,False,False,0.3127858,0.9999999,False,False,61081.928663041384,,33,False,False,False,False,False,False,False,False,False,False,False,False,False,False,False,False,False,False,False,False,False,g
1,61034.16176667064,lsst,62.081111010799745,-46.931685596216674,313893023122980956,313897384091844660,0,313893023122980956,40117.027,252.2173,0,0,0,97314.945,252.06502,True,2025122400063,87,0.0,1.2346809e-06,1.1616079e-06,8.940343e-14,3404.66,0.020612327,1455.4077,0.02248188,False,48123.61,395.8533,False,False,False,158.59154,,2828.868,1681,36867.664,0.32794225,62.081112128875006,,-46.9316854657738,,0.49733633,,84.234406,,,0,False,,,,,,,,0,False,False,False,52358.527,104.24513,0.16663386,0.18435743,-0.005957974,0.12737733,0.13896346,0.0018376682,False,False,False,False,0.28539777,0.99999964,False,False,61081.97114921488,,44,False,False,False,False,False,False,False,False,False,False,False,False,False,False,False,False,False,False,False,False,False,g
3,61041.22617858066,lsst,62.081096619104116,-46.931694962750754,313893023122980956,313928194853961834,0,313893023122980956,45430.8,483.1836,0,0,0,198871.48,486.5981,True,2025123100245,104,0.0,2.0683372e-06,2.101243e-06,1.7558593e-13,3046.0056,0.0367224,3802.6064,0.038324926,False,45087.62,938.2742,False,False,False,94.48732,,1647.3779,1681,45233.63,0.56076336,62.081094801730856,,-46.93169370465649,,0.72365075,,-115.74202,,,0,False,,,,,,,,0,False,False,False,152880.14,114.07689,0.18022661,0.2034446,-0.020298945,0.18871002,0.1898423,-0.016962662,False,False,False,False,0.00086511136,0.87635523,False,False,61081.92635639524,,28,False,False,False,False,False,False,False,False,False,False,False,False,False,False,False,False,False,False,False,False,False,i
1,61043.06671801076,lsst,62.081102878564884,-46.931691002412656,313893023122980956,313936964337795098,0,313893023122980956,44285.566,428.66745,0,0,0,112754.22,437.0725,True,2026010200047,39,0.0,1.820201e-06,2.159029e-06,7.5873785e-13,3942.2817,0.031031571,1209.459,0.04025497,False,43765.25,906.42224,False,False,False,101.996056,,1716.5787,1681,42287.4,1.1954998,62.08110586929686,,-46.931692450341934,,0.745036,,24.279531,,,0,False,,,,,,,,0,False,False,False,67361.77,107.13591,0.16916779,0.21890761,-0.00013986009,0.16827723,0.22436202,0.0058557014,False,False,False,False,0.00066280324,0.9999999,False,False,61081.89437084814,,28,False,False,False,False,False,False,False,False,False,False,False,False,False,False,False,False,False,False,False,False,False,g
3,61043.07846187848,lsst,62.081092898722794,-46.93168965078688,313893023122980956,313936965460819970,0,313893023122980956,47474.746,529.4686,0,0,0,224925.86,543.56213,True,2026010200055,133,0.0,2.2822728e-06,2.4895637e-06,5.61438e-13,1337.9636,0.045734596,52.39806,0.04008507,False,47906.867,934.4083,False,False,False,89.03668,,1622.7026,1681,44084.68,1.3444817,62.08109798632902,,-46.93169323549162,,0.62654984,,-135.84949,,,0,False,,,,,,,,0,False,False,False,176368.28,66.534065,0.24162525,0.2154512,0.010977341,0.2346778,0.21682377,0.010881686,False,False,False,False,0.0008607067,0.9295604,False,False,61081.957254131456,,33,False,False,False,False,False,False,False,False,False,False,False,False,False,False,False,False,False,False,False,False,False,i
2,61044.13255628168,lsst,62.08110293376239,-46.93168778216468,313893023122980956,313941449030762540,0,313893023122980956,51220.707,435.5404,0,0,0,153291.95,425.0807,True,2026010300692,184,0.0,1.4966953e-06,1.4938287e-06,2.1885937e-14,876.4679,0.02706637,1609.2911,0.02682886,False,49586.258,896.7983,False,False,False,112.47088,,1793.2366,1681,53782.56,7.435677,62.08110204107312,,-46.931692802215,,1.0186827,,-167.3234,,,0,False,,,,,,,,0,False,False,False,101206.695,163.87508,0.18355308,0.17163531,-0.049916178,0.17965105,0.17318073,-0.047428276,False,False,False,False,0.00019722158,0.9999999,False,False,61081.921900216825,,38,False,False,False,False,False,False,False,False,False,False,False,False,False,False,False,False,False,False,False,False,False,r
1,61045.0773696901,lsst,62.08110162383895,-46.93168675099237,313893023122980956,313945769757376537,0,313893023122980956,39824.46,331.28366,1,0,0,105371.3,326.595,True,2026010400116,164,0.0,1.473649e-06,1.6691141e-06,1.2347741e-13,2723.5413,0.030163566,1400.7489,0.026394114,True,36767.46,643.6669,True,False,False,118.92423,,1877.8939,1681,,,,,,,,,,,,0,False,,,,,,,,0,True,False,False,64644.867,100.21325,0.25684237,0.1837598,-0.022119487,0.2600207,0.1910537,-0.021261757,True,False,False,False,,0.99999976,False,False,61081.97021478941,,37,False,False,False,False,False,False,False,False,False,False,False,False,False,False,False,False,False,False,False,False,False,g
3,61045.08125260107,lsst,62.08109665474307,-46.93169682512583,313893023122980956,313945770539090100,0,313893023122980956,43612.695,392.23468,0,0,0,158777.7,397.46487,True,2026010400122,119,0.0,1.3826863e-06,1.3465592e-06,1.0009401e-13,3575.9958,0.023837475,3518.8677,0.025296522,False,44005.195,846.4558,False,False,False,109.13693,,1901.568,1681,44528.633,4.1578026,62.08109658177664,,-46.93169992751728,,0.7556743,,-163.73807,,,0,False,,,,,,,,0,False,False,False,114028.914,115.43656,0.1271658,0.1322422,0.026510263,0.12446198,0.12057057,0.023385385,False,False,False,False,0.010497725,0.81976974,False,False,61081.95684868524,,37,False,False,False,False,False,False,False,False,False,False,False,False,False,False,False,False,False,False,False,False,False,i
1,61049.11751919868,lsst,62.08110511097833,-46.93167895496872,313893023122980956,313963359515967552,0,313893023122980956,28704.572,337.15164,0,0,0,139977.61,320.6688,True,2026010800098,142,0.0,4.016317e-06,3.9105284e-06,1.1879264e-12,1862.5146,0.07410763,3683.6372,0.06843545,False,28795.836,399.9344,False,False,False,83.66901,,1746.5488,1681,28139.049,0.22364956,62.08110419921163,,-46.93167879413946,,0.8174581,,-113.426056,,,0,False,,,,,,,,0,False,False,False,110837.805,13.289083,0.54347366,0.4907991,0.011563173,0.5355934,0.5005503,0.0035838971,False,False,False,False,4.2208478e-05,0.88787216,False,False,61081.90976884153,,53,False,False,False,False,False,False,False,False,False,False,False,False,False,False,False,False,False,False,False,False,False,g
2,61050.11523990133,lsst,62.08109193106534,-46.93169087304149,313893023122980956,313967752858042419,0,313893023122980956,42366.152,453.8991,0,0,0,243360.6,445.52963,True,2026010900063,129,0.0,3.4986645e-06,3.998138e-06,1.074946e-12,3626.8672,0.07261332,2752.3474,0.06223343,False,42277.676,513.6393,False,False,False,93.10269,,1659.8685,1681,44913.355,1.6278253,62.081092170054625,,-46.93169173160153,,1.5501233,,166.43979,,,0,False,,,,,,,,0,False,False,False,200014.84,13.878806,0.6752186,0.5535633,-0.0924089,0.6597437,0.5819647,-0.10797976,False,False,False,False,0.0016807655,0.3530209,False,False,61081.95660308449,,55,False,False,False,False,False,False,False,False,False,False,False,False,False,False,False,False,False,False,False,False,False,r
1,61051.07821800333,lsst,62.081096766727406,-46.93168276634049,313893023122980956,313972153457311815,0,313893023122980956,22714.08,250.69128,0,0,0,89759.95,241.01894,True,2026011000082,134,0.0,2.3673765e-06,2.3127327e-06,-3.4103658e-13,44.014904,0.04069286,2833.6526,0.043516938,False,23622.934,376.57507,False,False,False,90.13889,,1832.9478,1681,20995.248,0.13934472,62.0810974928539,,-46.931682919868116,,0.61717695,,-78.97619,,,0,False,,,,,,,,0,False,False,False,65747.086,61.09629,0.19548824,0.21774806,0.012352858,0.18179736,0.19257367,0.011548283,False,False,False,False,0.049193352,0.95687276,False,False,61081.98518495599,,33,False,False,False,False,False,False,False,False,False,False,False,False,False,False,False,False,False,False,False,False,False,g
1,61053.23341941973,lsst,62.08107289413082,-46.931698507559624,313893023122980956,313980945264279634,0,313893023122980956,20807.918,343.68033,0,0,0,131456.6,337.8444,True,2026011200050,151,0.0,5.063014e-06,5.491371e-06,9.69475e-13,176.79652,0.09074977,3656.445,0.0992084,False,20491.105,433.63193,False,False,False,59.52491,,1726.3463,1681,21182.814,1.9613274,62.08107182948226,,-46.93169901606705,,1.1499802,,-137.07729,,,0,False,,,,,,,,0,False,False,False,110333.49,28.440975,0.4482492,0.5016088,-0.052776027,0.45306683,0.53257537,-0.04705095,False,False,False,False,0.01610925,0.29933006,False,False,61081.986470217336,,43,False,False,False,False,False,False,False,False,False,False,False,False,False,False,False,False,False,False,False,False,False,g
2,61056.21319589637,lsst,62.08113120554159,-46.9316862435758,313893023122980956,313994145174650910,0,313893023122980956,29591.408,342.00723,0,0,0,151027.2,333.2417,True,2026011500093,150,0.0,2.7485992e-06,2.577722e-06,3.2276617e-13,2355.6401,0.049796585,898.0955,0.04604977,False,29941.525,516.69183,False,False,False,84.311905,,1717.9199,1681,28682.783,0.27705196,62.08113224655067,,-46.9316854492038,,0.6618533,,-63.62104,,,0,False,,,,,,,,0,False,False,False,120793.61,42.807156,0.24918866,0.24770227,0.019068096,0.2606518,0.21439098,0.017530546,False,False,False,False,0.012481519,0.42435235,False,False,61081.90895850175,,34,False,False,False,False,False,False,False,False,False,False,False,False,False,False,False,False,False,False,False,False,False,r
