band,mjd,survey_id,ra,dec,oid,measurement_id,parentDiaSourceId,diaObjectId,psfFlux,psfFluxErr,psfFlux_flag,psfFlux_flag_edge,psfFlux_flag_noGoodPixels,scienceFlux,scienceFluxErr,has_stamp,visit,detector,ssObjectId,raErr,decErr,ra_dec_Cov,x,xErr,y,yErr,centroid_flag,apFlux,apFluxErr,apFlux_flag,apFlux_flag_apertureTruncated,isNegative,snr,psfLnL,psfChi2,psfNdata,trailFlux,trailFluxErr,trailRa,trailRaErr,trailDec,trailDecErr,trailLength,trailLengthErr,trailAngle,trailAngleErr,trailChi2,trailNdata,trail_flag_edge,dipoleMeanFlux,dipoleMeanFluxErr,dipoleFluxDiff,dipoleFluxDiffErr,dipoleLength,dipoleAngle,dipoleChi2,dipoleNdata,forced_PsfFlux_flag,forced_PsfFlux_flag_edge,forced_PsfFlux_flag_noGoodPixels,templateFlux,templateFluxErr,ixx,iyy,ixy,ixxPSF,iyyPSF,ixyPSF,shape_flag,shape_flag_no_pixels,shape_flag_not_contained,shape_flag_parent_source,extendedness,reliability,isDipole,dipoleFitAttempted,timeProcessedMjdTai,timeWithdrawnMjdTai,bboxSize,pixelFlags,pixelFlags_bad,pixelFlags_cr,pixelFlags_crCenter,pixelFlags_edge,pixelFlags_nodata,pixelFlags_nodataCenter,pixelFlags_interpolated,pixelFlags_interpolatedCenter,pixelFlags_offimage,pixelFlags_saturated,pixelFlags_saturatedCenter,pixelFlags_suspect,pixelFlags_suspectCenter,pixelFlags_streak,pixelFlags_streakCenter,pixelFlags_injected,pixelFlags_injectedCenter,pixelFlags_injected_template,pixelFlags_injected_templateCenter,glint_trail,band_name
3,61090.1077735384,lsst,150.41761059607458,0.7579790292475438,314011777182990477,170028500599177418,0,314011777182990477,-3779.5308,295.3485,0,0,0,11694.284,293.2881,False,2026021800167,125,,1.5892585e-05,1.6215301e-05,6.0556e-12,3613.4841,0.29371902,3887.6726,0.28480864,False,-2961.8137,582.78815,False,False,True,12.684395,,1602.2703,1681,-3443.095,7.465975,150.41761284991352,,0.7579786897050991,,0.57274336,,-59.63245,,,0,False,,,,,,,,0,False,False,False,15523.632,12.080117,0.19986719,0.22736828,-0.0035745003,0.2732194,0.2647498,0.0038612373,False,False,False,False,0.2483848,0.61674386,False,False,61090.10954403959,,22,False,False,False,False,False,False,False,False,False,False,False,False,False,False,False,False,False,False,False,False,False,i
3,61090.180597784965,lsst,150.41756386740914,0.7579216081059325,314011777182990477,170028510553309304,0,314011777182990477,-3466.745,268.75674,0,0,0,11994.481,263.60464,False,2026021800241,167,,1.9735155e-05,1.6327222e-05,1.6192182e-10,4010.3496,0.40316746,3012.4397,0.22440895,False,-3164.534,584.9047,False,False,True,12.533871,,1627.7354,1681,-3760.8015,3.2875667,150.41756971050907,,0.7579309977088454,,1.552271,,41.500893,,,0,False,,,,,,,,0,False,False,False,15535.459,15.774066,0.3670011,0.13876455,-0.060117893,0.2726015,0.18377373,0.005257696,False,False,False,False,0.06477995,0.6660387,False,False,61090.18232650496,,22,False,False,False,False,False,False,False,False,False,False,False,False,False,False,False,False,False,False,False,False,False,i
3,61090.18106558244,lsst,150.41753300440905,0.7579742765819704,314011777182990477,170028510669701265,0,314011777182990477,-3149.6047,260.52798,0,0,0,12524.176,256.1697,False,2026021800242,133,,1.9628957e-05,1.802217e-05,1.0885702e-10,3519.6038,0.38950738,3412.0588,0.2802439,False,-1999.8962,573.87506,False,False,True,12.015193,,1731.9901,1681,-3370.9514,15.694463,150.41753160533304,,0.7579725845214234,,1.3424375,,68.43314,,,0,False,,,,,,,,0,False,False,False,15685.958,16.72747,0.30157173,0.14329411,0.048409853,0.24955651,0.1935519,-0.002351391,False,False,False,False,8.720341e-05,0.44708988,False,False,61090.182869346296,,21,False,False,False,False,False,False,False,False,False,False,False,False,False,False,False,False,False,False,False,False,False,i
3,61090.18153057039,lsst,150.4175697312814,0.7579711606863613,314011777182990477,170028510819647618,0,314011777182990477,-3781.0776,268.2316,0,0,0,12011.089,263.00946,False,2026021800243,163,,1.4959366e-05,1.4532667e-05,3.701254e-11,3881.4058,0.28756258,2097.2456,0.24172075,False,-3128.0789,576.3154,False,False,True,14.00286,,1615.4783,1681,-3592.859,1.9302336,150.41756889927257,,0.7579704376236498,,0.5639702,,31.491222,,,0,False,,,,,,,,0,False,False,False,15812.344,14.683976,0.22190475,0.19975619,-0.008177281,0.2805088,0.19402896,0.0059439773,False,False,False,False,0.071102016,0.6505292,False,False,61090.183365451914,,23,False,False,False,False,False,False,False,False,False,False,False,False,False,False,False,False,False,False,False,False,False,i
3,61090.182463713754,lsst,150.4175556637001,0.7579619848175629,314011777182990477,170028511088083080,0,314011777182990477,-3101.0962,250.82211,0,0,0,12528.672,244.83455,False,2026021800245,163,,1.9057801e-05,1.9209017e-05,6.9734135e-11,280.2948,0.37608337,3320.271,0.31028938,False,-4191.1816,568.7822,False,False,True,12.233982,,1642.9794,1681,-3110.47,0.7392892,150.41755483362076,,0.7579676189380858,,0.9425102,,6.318608,,,0,False,,,,,,,,0,False,False,False,15639.842,17.40849,0.24037564,0.21876009,-0.039400086,0.21731596,0.17391613,0.0149459,False,False,False,False,0.13726173,0.64685434,False,False,61090.18428927558,,21,False,False,False,False,False,False,False,False,False,False,False,False,False,False,False,False,False,False,False,False,False,i
3,61090.182928447764,lsst,150.41755374866653,0.7579728180578994,314011777182990477,170028511221776552,0,314011777182990477,-2912.8147,242.77875,0,0,0,12756.73,237.11414,False,2026021800246,162,,2.7593876e-05,2.9314147e-05,3.2059422e-10,725.7237,0.60701716,2896.5854,0.3974701,False,-2837.1526,575.35706,False,False,True,11.695754,,1663.0878,1681,-3148.2517,1.8026321,150.41755378630737,,0.757971893160584,,1.2996105,,22.78387,,,0,False,,,,,,,,0,False,False,False,15687.072,15.110016,0.31671965,0.18023585,-0.048865713,0.1941599,0.15992156,0.0041856705,False,False,False,False,0.5145067,0.55985844,False,False,61090.18484619741,,19,False,False,False,False,False,False,False,False,False,False,False,False,False,False,False,False,False,False,False,False,False,i
3,61090.18385856578,lsst,150.41754563675005,0.7579906790143958,314011777182990477,170028511491784841,0,314011777182990477,-3497.3052,249.55544,0,0,0,12103.172,244.39569,False,2026021800248,165,,1.6408132e-05,1.7230825e-05,3.66032e-11,3896.3708,0.32341805,1410.7084,0.281658,False,-3763.4968,578.2057,False,False,True,13.912949,,1818.847,1681,-3760.6697,1.003751,150.41754557932603,,0.7579905250335592,,1.1522828,,-4.166695,,,0,False,,,,,,,,0,False,False,False,15631.251,18.749903,0.28113383,0.25296935,-0.061257057,0.2079758,0.18199827,-0.0026852107,False,False,False,False,0.48714703,0.66141593,False,False,61090.18568075331,,20,False,False,False,False,False,False,False,False,False,False,False,False,False,False,False,False,False,False,False,False,False,i
3,61090.18432797135,lsst,150.41753214985516,0.7579737369878509,314011777182990477,170028511605031085,0,314011777182990477,-3538.3167,237.8622,0,0,0,11966.117,233.09972,False,2026021800249,125,,1.3665533e-05,1.4422325e-05,2.1750319e-11,3511.1204,0.26825145,3720.9778,0.23713392,False,-2623.4033,561.6945,False,False,True,14.956563,,1775.2859,1681,-3514.0737,0.59304184,150.41753126605522,,0.757977070526137,,0.80196655,,6.5538754,,,0,False,,,,,,,,0,False,False,False,15482.754,14.306923,0.21671723,0.17944957,-0.022358276,0.18854503,0.16663902,0.001781948,False,False,False,False,0.057523776,0.6545041,False,False,61090.18626183669,,20,False,False,False,False,False,False,False,False,False,False,False,False,False,False,False,False,False,False,False,False,False,i
3,61090.18479328063,lsst,150.4175979044085,0.7579427096252688,314011777182990477,170028511739248781,0,314011777182990477,-3071.9268,240.25803,0,0,0,11995.365,234.88838,False,2026021800250,125,,1.4714771e-05,1.5281907e-05,1.3913247e-11,1484.1967,0.27995408,709.97327,0.2602661,False,-2978.895,568.6406,False,False,True,12.688856,,1579.5776,1681,-3064.1353,1.5042168,150.41759898548426,,0.7579435463610864,,0.90057135,,-0.83019537,,,0,False,,,,,,,,0,False,False,False,15074.624,14.318015,0.21120228,0.1725479,-0.03231066,0.19732836,0.16452225,-0.0028466464,False,False,False,False,0.01646319,0.64503634,False,False,61090.186769129374,,19,False,False,False,False,False,False,False,False,False,False,False,False,False,False,False,False,False,False,False,False,False,i
3,61090.186195496266,lsst,150.4175677105884,0.7579629596796316,314011777182990477,170028512145571968,0,314011777182990477,-3562.6025,225.7967,0,0,0,12061.158,219.1932,False,2026021800253,132,,1.0326335e-05,1.2206607e-05,1.720951e-11,2101.3035,0.22431633,332.60934,0.18057074,False,-2965.6548,569.17114,False,False,True,15.626373,,1580.6918,1681,-3434.0764,2.8307939,150.41756638067653,,0.7579619342083164,,0.7486281,,42.923153,,,0,False,,,,,,,,0,False,False,False,15631.05,19.091118,0.16793586,0.13290799,0.018780246,0.14625667,0.1412346,-0.005108262,False,False,False,False,0.007731073,0.6646283,False,False,61090.18794668075,,19,False,False,False,False,False,False,False,False,False,False,False,False,False,False,False,False,False,False,False,False,False,i
4,61090.19701994756,lsst,150.4175271641962,0.7579805413928323,314011777182990477,170028514378514574,0,314011777182990477,-5562.6333,490.19568,0,0,0,17805.832,491.22693,False,2026021800270,39,,1.7610695e-05,1.7827462e-05,5.834729e-11,1124.1632,0.28792784,3087.4294,0.34750372,False,-5092.0596,1037.1489,False,False,True,11.209741,,1713.5363,1681,-5242.832,11.793143,150.41752607565607,,0.7579797363686734,,0.9408987,,22.732141,,,0,False,,,,,,,,0,False,False,False,23423.502,28.491076,0.14452152,0.20826548,0.02729259,0.22008395,0.24704055,0.0037385358,False,False,False,False,0.29545468,0.6003759,False,False,61090.19873674304,,20,False,False,False,False,False,False,False,False,False,False,False,False,False,False,False,False,False,False,False,False,False,z
4,61090.19771844729,lsst,150.41753013097411,0.758000191514893,314011777182990477,170028514577219702,0,314011777182990477,-4718.603,457.54413,0,0,0,17862.822,455.81668,False,2026021800271,162,,2.204877e-05,2.0395133e-05,-7.4126226e-11,2732.4255,0.34611908,2610.5188,0.41622153,False,-4311.5396,1025.744,False,False,True,10.037111,,1581.7377,1681,-4485.9272,3.6233695,150.41753406498097,,0.7579994155869425,,0.9384578,,-29.824713,,,0,False,,,,,,,,0,False,False,False,22732.996,27.900438,0.20695598,0.2530854,-0.03324443,0.19961847,0.19946602,0.005938005,False,False,False,False,0.11012305,0.5216884,False,False,61090.19954591756,,19,False,False,False,False,False,False,False,False,False,False,False,False,False,False,False,False,False,False,False,False,False,z
4,61090.1981869452,lsst,150.41757675169453,0.7580191813047256,314011777182990477,170028514694135923,0,314011777182990477,-4710.5317,505.5195,0,0,0,17931.316,508.87234,False,2026021800272,129,,2.2364351e-05,2.3720919e-05,5.434582e-11,1508.6064,0.43906286,1818.3755,0.38986647,False,-3777.0977,1047.4464,False,False,True,9.277165,,1747.5603,1681,-4571.1353,46.626984,150.41756767217666,,0.7580176578144734,,1.0760369,,17.157845,,,0,False,,,,,,,,0,False,False,False,22786.775,24.850801,0.24878241,0.14743795,-0.024056355,0.24722761,0.24909198,0.006857877,False,False,False,False,0.22325642,0.4361183,False,False,61090.19997606178,,20,False,False,False,False,False,False,False,False,False,False,False,False,False,False,False,False,False,False,False,False,False,z
4,61090.198652162435,lsst,150.41754618649435,0.7579824497784283,314011777182990477,170028514829926492,0,314011777182990477,-5067.3477,561.2588,0,0,0,18877.48,574.2787,False,2026021800273,132,,2.8025534e-05,2.87537e-05,2.9370752e-11,704.9492,0.5227418,441.49612,0.49990326,False,-4537.239,1067.1736,False,False,True,8.984724,,1663.2316,1681,-5073.3657,57.810257,150.417536631998,,0.757976426585301,,1.3800988,,-24.271465,,,0,False,,,,,,,,0,False,False,False,24139.98,20.954613,0.22900958,0.26912785,-0.09474604,0.3103218,0.3093769,0.005239608,False,False,False,False,0.25809252,0.5462338,False,False,61090.20051973444,,23,False,False,False,False,False,False,False,False,False,False,False,False,False,False,False,False,False,False,False,False,False,z
4,61090.199582002075,lsst,150.41749614356794,0.7579612996984881,314011777182990477,170028515094691916,0,314011777182990477,-4885.866,502.1489,0,0,0,17376.936,500.25217,False,2026021800275,125,,2.6012178e-05,2.7291104e-05,3.1591667e-11,1171.0814,0.4959318,204.34647,0.46430916,False,-5306.798,1048.3955,False,False,True,9.640751,,1635.9929,1681,-5418.7593,4.5279174,150.41750454686795,,0.75798282806212,,1.6703864,,9.438039,,,0,False,,,,,,,,0,False,False,False,22439.707,36.81935,0.5420146,0.28678,-0.05360482,0.23972052,0.2656967,-0.00857706,False,False,False,False,0.9251125,0.630743,False,False,61090.201297970125,,22,False,False,False,False,False,False,False,False,False,False,False,False,False,False,False,False,False,False,False,False,False,z
4,61090.20004827992,lsst,150.4175700356554,0.7579307685573042,314011777182990477,170028515226812514,0,314011777182990477,-5294.8813,561.9419,0,0,0,17886.918,561.66986,False,2026021800276,121,,2.402388e-05,1.754709e-05,-9.5531354e-11,2085.4263,0.30036044,2593.5461,0.44406465,False,-5922.816,1043.3792,False,False,True,8.767361,,1666.2004,1681,-5230.719,62.98642,150.41754233673709,,0.7579050558192543,,1.3197718,,-47.795044,,,0,False,,,,,,,,0,False,False,False,23186.25,27.755648,0.18932192,0.3038756,-0.06572318,0.34394777,0.4007202,0.0012832786,False,False,False,False,0.6550319,0.60391265,False,False,61090.20191619841,,28,False,False,False,False,False,False,False,False,False,False,False,False,False,False,False,False,False,False,False,False,False,z
4,61090.20051655863,lsst,150.41751607535357,0.7579206054654073,314011777182990477,170028515361030226,0,314011777182990477,-4046.708,651.26324,0,0,0,18777.875,657.24884,False,2026021800277,121,,0.00015174395,0.00015204669,5.9799624e-11,1544.4081,2.7432852,809.8251,2.7318726,False,-5225.808,1066.3771,False,False,True,6.0677433,,1778.685,1681,-4889.6675,50.91625,150.417508036285,,0.7578783509082364,,2.4479792,,-11.665951,,,0,False,,,,,,,,0,False,False,False,22929.312,18.017704,1.1015848,0.74552286,-0.23565581,0.4796982,0.5116442,-0.03073709,False,False,False,False,0.99990463,0.14133261,False,False,61090.20259014517,,25,False,False,False,False,False,False,False,False,False,False,False,False,False,False,False,False,False,False,False,False,False,z
4,61090.200979016816,lsst,150.41765178644485,0.7579599407830554,314011777182990477,170028515496820834,0,314011777182990477,-4659.9043,695.89294,0,0,0,17474.129,706.5705,False,2026021800278,124,,5.5413853e-05,3.8316422e-05,-3.362496e-10,3950.9673,0.67462873,2129.9128,1.0095173,False,-5253.157,1089.6233,False,False,True,6.617987,,1631.3533,1681,-6375.9263,27.245417,150.41769746470692,,0.7579541201830613,,4.103262,,68.53766,,,0,False,,,,,,,,0,False,False,False,22613.102,16.577778,0.8737797,1.6883956,0.9107529,0.5208301,0.5301264,-0.04779662,False,False,False,False,1.0,0.1245521,False,False,61090.20294335015,,27,False,False,False,False,False,False,False,False,False,False,False,False,False,False,False,False,False,False,False,False,False,z
4,61090.20144634352,lsst,150.41760481587414,0.7579090950058935,314011777182990477,170028515627892808,0,314011777182990477,-5597.865,657.52655,0,0,0,17115.2,670.9921,False,2026021800279,118,,4.187953e-05,3.272556e-05,-1.05827375e-10,2062.1494,0.5856098,3100.3186,0.75770843,False,-5691.0273,1091.9158,False,False,True,8.44873,,1603.0321,1681,-6362.0693,20.729149,150.41760913189256,,0.7579118148029089,,2.4477305,,-79.44014,,,0,False,,,,,,,,0,False,False,False,23042.857,17.599043,0.2708881,0.920434,-0.021212308,0.4374111,0.4421856,-0.019249618,False,False,False,False,0.7494336,0.2842788,False,False,61090.20328986035,,28,False,False,False,False,False,False,False,False,False,False,False,False,False,False,False,False,False,False,False,False,False,z
4,61090.201911962686,lsst,150.41751568694477,0.7579818621518974,314011777182990477,170028515741663340,0,314011777182990477,-5291.392,586.3059,0,0,0,17718.352,585.2988,True,2026021800280,79,0.0,2.6956619e-05,2.5929308e-05,-5.1861813e-12,1364.1328,0.46739143,3782.1145,0.48563498,False,-4327.5933,1040.3131,False,False,True,8.92201,,1642.5092,1681,-5377.9497,17.642048,150.41752766139217,,0.7579782852913627,,1.3061802,,-9.646663,,,0,False,,,,,,,,0,False,False,False,23172.395,19.470049,0.39982858,0.26066035,-0.04181327,0.36419746,0.38876623,-0.012053585,False,False,False,False,0.13263293,0.44265863,False,False,61090.20379353589,,24,False,False,False,False,False,False,False,False,False,False,False,False,False,False,False,False,False,False,False,False,False,z
4,61090.20237691069,lsst,150.41754222821913,0.7579419545147378,314011777182990477,170028515874308202,0,314011777182990477,-5454.3276,627.5012,0,0,0,18477.672,637.8949,False,2026021800281,76,,3.398534e-05,2.837177e-05,-1.837061e-11,1519.1523,0.51122344,2527.5342,0.61223626,False,-6034.5244,1076.2559,False,False,True,8.544636,,1738.9791,1681,-5502.72,6.765071,150.41753646414202,,0.7579375369212096,,1.480045,,-40.228447,,,0,False,,,,,,,,0,False,False,False,24056.049,17.4392,0.33593175,0.32223532,-0.10823034,0.38641125,0.42537108,-0.009741386,False,False,False,False,0.30518076,0.4694521,False,False,61090.20441067169,,26,False,False,False,False,False,False,False,False,False,False,False,False,False,False,False,False,False,False,False,False,False,z
4,61090.20283718435,lsst,150.41758796108383,0.7579728215102051,314011777182990477,170028516032118868,0,314011777182990477,-5782.4297,672.94977,0,0,0,17805.855,696.05066,False,2026021800282,121,,3.330151e-05,3.0556643e-05,2.7090804e-12,1504.5923,0.55107194,222.79393,0.5998472,False,-4148.9473,1131.5306,False,False,True,8.622254,,1652.1796,1681,-5673.514,10.127004,150.41759218736004,,0.757973626424973,,1.0226396,,-73.23617,,,0,False,,,,,,,,0,False,False,False,23922.025,17.564838,0.28620055,0.36406094,-0.026846062,0.42026868,0.43076125,-0.030919952,False,False,False,False,0.44766325,0.24741857,False,False,61090.20471259527,,25,False,False,False,False,False,False,False,False,False,False,False,False,False,False,False,False,False,False,False,False,False,z
4,61090.20330336441,lsst,150.4175583366479,0.7579668585053089,314011777182990477,170028516165288000,0,314011777182990477,-6010.6846,739.62933,0,0,0,17463.639,769.6199,False,2026021800283,119,,2.773244e-05,2.9638833e-05,-5.8127136e-12,1768.4795,0.5340875,1067.1765,0.49920234,False,-4359.1997,1150.1482,False,False,True,7.9695506,,1705.9053,1681,-5657.074,116.76919,150.41758859951545,,0.757966024772258,,0.97779256,,13.007625,,,0,False,,,,,,,,0,False,False,False,24413.203,16.315842,0.22255689,0.14592274,0.024574317,0.5064929,0.5275284,-0.014613397,False,False,False,False,0.9953033,0.28471503,False,False,61090.20515498972,,27,False,False,False,False,False,False,False,False,False,False,False,False,False,False,False,False,False,False,False,False,False,z
2,61090.20557180919,lsst,150.41756920554215,0.7579974250688374,314011777182990477,170028516391780449,0,314011777182990477,-1278.8726,183.64067,0,0,0,6097.43,183.14407,False,2026021800285,39,,3.000666e-05,2.9230745e-05,-9.0122756e-11,2188.364,0.56088465,1619.6285,0.50418264,False,-1001.3439,369.93823,False,False,True,6.9142547,,1721.7065,1681,-1285.5508,19.009861,150.41756960339765,,0.7579827727124452,,1.2318118,,-92.78472,,,0,False,,,,,,,,0,False,False,False,7393.44,10.893308,0.20866397,0.18635328,-0.07641657,0.26717812,0.26565665,0.0064706258,False,False,False,False,0.35965517,0.3231421,False,False,61090.20731460652,,18,False,False,False,False,False,False,False,False,False,False,False,False,False,False,False,False,False,False,False,False,False,r
2,61090.20618903403,lsst,150.4174713276695,0.7579176988286699,314011777182990477,170028516568989771,0,314011777182990477,-1442.8625,238.93767,0,0,0,5596.7637,243.28496,False,2026021800286,121,,5.1736024e-05,5.295633e-05,1.0512296e-11,2629.9792,0.9546738,357.57935,0.93147427,False,-1897.3108,396.30072,False,False,True,5.9807205,,1743.8917,1681,-1742.3744,4.1430144,150.41746117444933,,0.7579260752082609,,3.0180888,,44.952072,,,0,False,,,,,,,,0,False,False,False,7129.329,7.719686,1.0031208,0.8898357,0.48560265,0.42277098,0.42407474,-0.005197401,False,False,False,False,0.9999999,0.28684208,False,False,61090.208072550915,,23,False,False,False,False,False,False,False,False,False,False,False,False,False,False,False,False,False,False,False,False,False,r
2,61090.20665668342,lsst,150.41752756667938,0.7579681376368117,314011777182990477,170028516681711694,0,314011777182990477,-1452.725,266.11728,0,0,0,6082.6455,269.99857,False,2026021800287,80,,5.7386853e-05,5.3398333e-05,-3.89998e-12,1868.3568,0.9618321,143.99423,1.0328144,False,-736.80426,414.86212,False,False,True,5.620613,,1809.2804,1681,-1517.3748,15.093539,150.41752136964746,,0.7579736647692283,,1.4426769,,57.629913,,,0,False,,,,,,,,0,False,False,False,7606.3926,7.0722356,0.39334962,0.4732578,0.08958595,0.48511276,0.5077706,-0.010387804,False,False,False,False,0.18197167,0.248417,False,False,61090.20859193831,,21,False,False,False,False,False,False,False,False,False,False,False,False,False,False,False,False,False,False,False,False,False,r
2,61090.207120104984,lsst,150.41757741264573,0.7580626233481504,314011777182990477,170028516815405161,0,314011777182990477,-1623.9033,225.15256,0,0,0,5292.8223,228.45984,False,2026021800288,79,,6.0068778e-05,6.6125256e-05,-3.2943804e-11,4008.6133,1.1916964,2237.1091,1.0810426,False,-1616.3302,411.10165,False,False,True,7.3718596,,1723.0771,1681,-1836.7134,2.137903,150.41758788466848,,0.7580653563324418,,1.7484386,,36.1679,,,0,False,,,,,,,,0,False,False,False,7018.4575,8.458166,0.52205455,0.4568805,0.14610028,0.32808524,0.3439186,-0.004354079,False,False,False,False,0.8269569,0.34577432,False,False,61090.20910355273,,23,False,False,False,False,False,False,False,False,False,False,False,False,False,False,False,False,False,False,False,False,False,r
2,61090.20805073771,lsst,150.4174923511964,0.757938317767272,314011777182990477,170028517083840597,0,314011777182990477,-1575.2938,221.128,0,0,0,5513.9746,221.80379,False,2026021800290,79,,9.885112e-05,3.8094982e-05,1.2903558e-09,831.4798,0.6389047,166.1129,1.7973439,False,-2078.1995,405.202,False,False,True,7.041616,,1679.4495,1681,-2152.9683,31.177303,150.41749390526752,,0.7579390530844878,,2.7500355,,-96.8314,,,0,False,,,,,,,,0,False,False,False,7170.0547,8.340542,0.19142288,1.0595644,-0.027086547,0.32031697,0.33321127,0.0015629171,False,False,False,False,0.9989299,0.42956144,False,False,61090.209914588224,,27,False,False,False,False,False,False,False,False,False,False,False,False,False,False,False,False,False,False,False,False,False,r
2,61090.208516529354,lsst,150.41751676087858,0.7579734501216803,314011777182990477,170028517215961172,0,314011777182990477,-1751.0863,215.28922,0,0,0,5676.94,216.53113,False,2026021800291,75,,2.9546001e-05,3.4544828e-05,-6.8374945e-11,3052.9158,0.62665063,1176.2443,0.52771986,False,-1553.9188,419.66373,False,False,True,8.14621,,1716.5232,1681,-1766.8492,6.3165393,150.41752122820856,,0.7579594624667269,,1.3021038,,-40.945297,,,0,False,,,,,,,,0,False,False,False,7459.9385,9.648578,0.3254227,0.23977315,-0.070488036,0.266723,0.2947265,-0.002093292,False,False,False,False,0.00031313606,0.3944469,False,False,61090.21039738014,,20,False,False,False,False,False,False,False,False,False,False,False,False,False,False,False,False,False,False,False,False,False,r
2,61090.208981006566,lsst,150.41752297324956,0.7579531567823836,314011777182990477,170028517348606050,0,314011777182990477,-1926.8635,216.24619,0,0,0,5539.773,218.18956,False,2026021800292,72,,2.7813254e-05,2.886095e-05,-1.6668666e-11,3477.736,0.52186954,3581.457,0.49939966,False,-1528.2125,409.7206,False,False,True,9.022967,,1591.3539,1681,-1876.9657,4.563808,150.41752313775567,,0.7579498253074816,,1.222623,,26.753847,,,0,False,,,,,,,,0,False,False,False,7503.765,10.164833,0.2681443,0.24884605,0.07165073,0.3018826,0.29209635,-0.0083900085,False,False,False,False,0.11752289,0.42062008,False,False,61090.21100479045,,20,False,False,False,False,False,False,False,False,False,False,False,False,False,False,False,False,False,False,False,False,False,r
2,61090.20944350143,lsst,150.41754895823792,0.7579942014909353,314011777182990477,170028517485969524,0,314011777182990477,-1556.2496,179.92477,0,0,0,5794.79,178.32971,False,2026021800293,78,,2.7445807e-05,2.3709707e-05,6.9184936e-11,2837.126,0.41904023,1138.7318,0.5015278,False,-1879.4568,409.14563,False,False,True,8.64663,,1750.666,1681,-1683.9275,12.678428,150.41755408852617,,0.7580027430217657,,1.5014535,,-63.148537,,,0,False,,,,,,,,0,False,False,False,7379.7656,13.947291,0.24306937,0.24490115,-0.119718246,0.19359784,0.1886671,-0.003291399,False,False,False,False,0.3066914,0.47788033,False,False,61090.21124121745,,17,False,False,False,False,False,False,False,False,False,False,False,False,False,False,False,False,False,False,False,False,False,r
2,61090.209911183556,lsst,150.41751431715366,0.7579633615260136,314011777182990477,170028517617565832,0,314011777182990477,-1601.6904,199.71782,0,0,0,5728.422,199.65202,False,2026021800294,73,,3.0311048e-05,2.6036394e-05,1.04949355e-10,633.0824,0.45564926,2146.3594,0.55731785,False,-1580.0001,404.61493,False,False,True,7.9197783,,1785.3538,1681,-1649.5253,1.8681417,150.41751862326552,,0.7579679356910695,,1.544042,,-73.53566,,,0,False,,,,,,,,0,False,False,False,7356.4663,10.382914,0.24156548,0.30939096,-0.11988734,0.24014993,0.25456348,-0.008489674,False,False,False,False,0.07696624,0.4471818,False,False,61090.21196493336,,20,False,False,False,False,False,False,False,False,False,False,False,False,False,False,False,False,False,False,False,False,False,r
2,61090.21037865158,lsst,150.41751616361375,0.7579521594027839,314011777182990477,170028517731336374,0,314011777182990477,-1693.8723,177.28636,0,0,0,5497.111,175.56192,False,2026021800295,34,,2.4481697e-05,2.2448987e-05,5.0662065e-11,1755.8552,0.39581877,2944.3384,0.44879797,False,-1627.4103,398.24362,False,False,True,9.529627,,1677.5166,1681,-1630.849,4.9778085,150.41751168131367,,0.7579517014613067,,0.9988823,,18.024061,,,0,False,,,,,,,,0,False,False,False,7215.2256,14.889815,0.19952665,0.18812294,0.0471092,0.19223225,0.18963134,-0.0008588766,False,False,False,False,0.0010973281,0.48923948,False,False,61090.21232456968,,17,False,False,False,False,False,False,False,False,False,False,False,False,False,False,False,False,False,False,False,False,False,r
2,61090.21084512786,lsst,150.41753056973602,0.7579987850757979,314011777182990477,170028517864505467,0,314011777182990477,-1693.0433,181.81909,0,0,0,5560.292,181.38354,False,2026021800296,32,,2.5158863e-05,2.2224469e-05,9.005563e-11,348.664,0.3821468,2474.9988,0.46865165,False,-2115.9453,392.9716,False,False,True,9.133221,,1644.9946,1681,-1746.0421,5.723732,150.41752843625548,,0.7579975208164209,,1.444376,,-83.70522,,,0,False,,,,,,,,0,False,False,False,7280.105,12.303779,0.20247944,0.29317564,-0.09837548,0.20782492,0.21834815,-0.010408225,False,False,False,False,0.13223715,0.45526904,False,False,61090.21291708418,,21,False,False,False,False,False,False,False,False,False,False,False,False,False,False,False,False,False,False,False,False,False,r
2,61090.211308147875,lsst,150.41751136195234,0.7579679811219218,314011777182990477,170028518019694748,0,314011777182990477,-1782.701,172.29001,0,0,0,5522.647,171.22519,False,2026021800297,72,,1.9764273e-05,1.8579438e-05,3.831562e-11,3707.8713,0.32429546,3049.9062,0.36567387,False,-1768.7936,398.6524,False,False,True,10.255241,,1777.3011,1681,-1737.6292,2.1419945,150.4175106577617,,0.7579656867021951,,1.0293486,,14.15982,,,0,False,,,,,,,,0,False,False,False,7332.2817,17.845524,0.20571434,0.20168781,0.05042323,0.17530565,0.186618,-0.004871766,False,False,False,False,0.0690885,0.49351466,False,False,61090.213178046586,,19,False,False,False,False,False,False,False,False,False,False,False,False,False,False,False,False,False,False,False,False,False,r
2,61090.21177405331,lsst,150.41755462006375,0.7579928891313142,314011777182990477,170028518154961043,0,314011777182990477,-1570.5698,166.82466,0,0,0,5750.689,165.48485,False,2026021800298,74,,2.1797241e-05,1.8030412e-05,1.6517461e-10,804.0586,0.26644865,2296.4294,0.43406242,False,-1108.5367,390.89847,False,False,True,9.39727,,1639.1224,1681,-1627.0824,5.2797966,150.41756408547803,,0.7579908113075499,,1.2832408,,-103.886375,,,0,False,,,,,,,,0,False,False,False,7328.431,17.352377,0.10837891,0.24659702,-0.05373737,0.17370169,0.1727385,-0.00056561973,False,False,False,False,0.0026279055,0.34879097,False,False,61090.2135502091,,20,False,False,False,False,False,False,False,False,False,False,False,False,False,False,False,False,False,False,False,False,False,r
3,61090.21412580824,lsst,150.4175282430401,0.7579559867419315,314011777182990477,170028518406619237,0,314011777182990477,-3403.693,297.87814,0,0,0,12187.179,293.59488,False,2026021800300,42,,1.8242865e-05,1.8608502e-05,-9.1390555e-11,305.28387,0.37400416,226.69078,0.28347075,False,-2790.3794,624.73834,False,False,True,11.271109,,1651.7911,1681,-3296.378,8.69692,150.4175287334406,,0.7579591956102999,,1.1820263,,-73.62338,,,0,False,,,,,,,,0,False,False,False,15605.689,13.73196,0.23165669,0.16513732,-0.06147033,0.23728372,0.21346438,0.005154699,False,False,False,False,0.077619426,0.5788099,False,False,61090.21589340446,,21,False,False,False,False,False,False,False,False,False,False,False,False,False,False,False,False,False,False,False,False,False,i
3,61090.21468858524,lsst,150.41755338003185,0.7579565624562963,314011777182990477,170028518580682889,0,314011777182990477,-3333.5989,254.56793,0,0,0,12246.017,252.38539,False,2026021800301,118,,1.4417379e-05,1.7836444e-05,-6.5200918e-12,1510.2241,0.32179993,1636.2784,0.2594085,False,-4074.3943,635.965,False,False,True,12.880839,,1711.073,1681,-3590.1184,2.7246811,150.41755916833264,,0.7579685409485581,,1.3360981,,-9.578689,,,0,False,,,,,,,,0,False,False,False,15613.649,18.469692,0.35119045,0.17802058,-0.018748682,0.15184455,0.14859107,0.0020656516,False,False,False,False,0.88723683,0.6489333,False,False,61090.21656476544,,22,False,False,False,False,False,False,False,False,False,False,False,False,False,False,False,False,False,False,False,False,False,i
3,61090.21515293899,lsst,150.41757235022163,0.7579998019559318,314011777182990477,170028518693404799,0,314011777182990477,-3264.392,288.79654,0,0,0,12144.456,288.5764,False,2026021800302,77,,1.6328235e-05,2.1172491e-05,-1.9925115e-11,1731.6173,0.3823926,1879.387,0.2927371,False,-3751.9639,638.0189,False,False,True,10.96763,,1634.0712,1681,-3482.2075,13.174575,150.41756733141386,,0.7580018020906708,,1.5635928,,24.389322,,,0,False,,,,,,,,0,False,False,False,15479.85,14.956148,0.29817033,0.16829087,0.117651395,0.20745544,0.19830546,-0.00010337238,False,False,False,False,0.10740758,0.5444201,False,False,61090.21693376405,,19,False,False,False,False,False,False,False,False,False,False,False,False,False,False,False,False,False,False,False,False,False,i
3,61090.215617639304,lsst,150.41755639824834,0.7579358890204712,314011777182990477,170028518827098290,0,314011777182990477,-3249.7573,267.91287,0,0,0,12107.435,263.22983,False,2026021800303,76,,1.44724345e-05,1.5180071e-05,-3.4987913e-12,3633.3875,0.27393833,3714.776,0.26020858,False,-3167.3044,645.61365,False,False,True,12.043847,,1685.5947,1681,-3192.1348,2.5140867,150.41755221046728,,0.7579406285274797,,1.0369204,,-47.3619,,,0,False,,,,,,,,0,False,False,False,15396.35,17.07495,0.1832968,0.15780358,-0.051167026,0.17013437,0.15170902,-0.0008727103,False,False,False,False,0.014321333,0.5988116,False,False,61090.21757210649,,18,False,False,False,False,False,False,False,False,False,False,False,False,False,False,False,False,False,False,False,False,False,i
3,61090.2165484522,lsst,150.41754193736259,0.7579622240804149,314011777182990477,170028519095533680,0,314011777182990477,-3541.1921,274.51025,0,0,0,12145.965,273.1648,False,2026021800305,76,,1.5808057e-05,1.7060878e-05,-1.225754e-11,722.8607,0.30943012,1282.1786,0.28273264,False,-3456.9292,639.60156,False,False,True,12.875523,,1780.5723,1681,-3454.5461,1.0544778,150.4175387099845,,0.7579630394527549,,0.87994665,,10.688015,,,0,False,,,,,,,,0,False,False,False,15745.317,14.854582,0.23352262,0.18992427,0.027911337,0.17784905,0.18497108,0.002428044,False,False,False,False,0.119190685,0.61823547,False,False,61090.21855867938,,19,False,False,False,False,False,False,False,False,False,False,False,False,False,False,False,False,False,False,False,False,False,i
3,61090.217014973474,lsst,150.41755703110184,0.7579750764849567,314011777182990477,170028519227654267,0,314011777182990477,-3251.9863,274.3534,0,0,0,12524.757,270.67944,False,2026021800306,72,,1.5501395e-05,1.4583599e-05,1.0011012e-11,3350.9863,0.26105207,2084.5754,0.28106615,False,-2844.1917,644.80225,False,False,True,11.743759,,1699.0723,1681,-3094.1086,3.7356431,150.417554556306,,0.7579768611530946,,0.72760904,,-71.961754,,,0,False,,,,,,,,0,False,False,False,15809.638,14.527183,0.1304187,0.1450681,-0.023203477,0.17439966,0.18557662,0.0066561857,False,False,False,False,0.22007315,0.5985622,False,False,61090.21905307456,,19,False,False,False,False,False,False,False,False,False,False,False,False,False,False,False,False,False,False,False,False,False,i
3,61090.21748062823,lsst,150.41748307632517,0.7579558703036993,314011777182990477,170028519361871963,0,314011777182990477,-3090.345,312.0256,0,0,0,11726.026,309.53775,False,2026021800307,72,,4.7051773e-05,3.8811297e-05,3.2008843e-10,3972.916,0.670761,321.69113,0.8707139,False,-4065.645,657.24396,False,False,True,9.894096,,1792.3005,1681,-3310.2634,2.6747673,150.4174882119807,,0.7579520747578499,,1.3090028,,-102.74697,,,0,False,,,,,,,,0,False,False,False,14882.459,13.265033,0.29619822,0.44997534,-0.023192754,0.2405054,0.2515012,0.012067642,False,False,False,False,0.8070982,0.49329177,False,False,61090.2192442734,,22,False,False,False,False,False,False,False,False,False,False,False,False,False,False,False,False,False,False,False,False,False,i
3,61090.21794257563,lsst,150.41756428083565,0.7579592685741784,314011777182990477,170028519497662579,0,314011777182990477,-3675.9167,286.43146,0,0,0,12044.183,283.40027,False,2026021800308,75,,1.6490863e-05,1.5965677e-05,9.85335e-12,2638.8662,0.2854728,1993.348,0.29946136,False,-3081.0818,651.857,False,False,True,12.807161,,1634.1633,1681,-3566.3743,3.7369077,150.41756309382885,,0.757959073970455,,0.85168934,,-77.63829,,,0,False,,,,,,,,0,False,False,False,15754.684,15.821985,0.17837813,0.19687189,-0.032050923,0.19742376,0.1977842,-0.00542868,False,False,False,False,0.012554764,0.5222695,False,False,61090.21985013019,,20,False,False,False,False,False,False,False,False,False,False,False,False,False,False,False,False,False,False,False,False,False,i
3,61090.21840949553,lsst,150.4175596706764,0.7579822071761019,314011777182990477,170028519610384534,0,314011777182990477,-3199.4314,289.5652,0,0,0,12537.038,286.5779,False,2026021800309,34,,2.1222022e-05,2.0615027e-05,1.7333218e-11,1280.7115,0.3678788,3300.1125,0.3859271,False,-4724.665,641.1473,False,False,True,10.910581,,1646.1494,1681,-3664.541,5.7587695,150.4175629446355,,0.7579985861752139,,1.8938572,,-19.768486,,,0,False,,,,,,,,0,False,False,False,15766.652,15.761834,0.5842529,0.21981335,0.049479708,0.19883408,0.2198566,0.0043327627,False,False,False,False,0.98825675,0.65587187,False,False,61090.22027579388,,25,False,False,False,False,False,False,False,False,False,False,False,False,False,False,False,False,False,False,False,False,False,i
3,61090.22027472742,lsst,150.41752270683622,0.7579651102913736,314011777182990477,170028520147779673,0,314011777182990477,-3291.0151,339.15982,0,0,0,12302.874,341.55884,False,2026021800313,35,,3.0439462e-05,2.8549297e-05,2.836048e-10,1410.0752,0.43461594,3953.9314,0.613164,False,-3039.0671,646.2685,False,False,True,9.7197695,,1734.4553,1681,-3382.4888,12.611259,150.41752054131268,,0.7579693460604714,,1.4284583,,42.59784,,,0,False,,,,,,,,0,False,False,False,15739.361,11.75293,0.21339685,0.40730685,0.027566826,0.2948531,0.28413466,0.016497018,False,False,False,False,0.036919896,0.39073965,False,False,61090.2221079735,,23,False,False,False,False,False,False,False,False,False,False,False,False,False,False,False,False,False,False,False,False,False,i
4,61090.23098339236,lsst,150.41755955642446,0.757990469904928,314011777182990477,170028522480861275,0,314011777182990477,-4325.571,557.71545,0,0,0,18770.166,563.75464,False,2026021800330,133,,3.327575e-05,3.461373e-05,1.9154134e-10,1675.8835,0.66152984,1920.8948,0.5568354,False,-3884.8723,1071.1874,False,False,True,7.7637315,,1657.5577,1681,-4567.228,9.67311,150.41754400228632,,0.7579816822536631,,1.4730991,,32.156376,,,0,False,,,,,,,,0,False,False,False,23479.785,20.45963,0.46344933,0.2568922,-0.02218017,0.2878909,0.32317144,-0.01802145,False,False,False,False,0.21693285,0.43177387,False,False,61090.232695464176,,22,False,False,False,False,False,False,False,False,False,False,False,False,False,False,False,False,False,False,False,False,False,z
4,61090.23188517154,lsst,150.41753176356943,0.7579731092295969,314011777182990477,170028522747199577,0,314011777182990477,-4960.4067,588.352,0,0,0,18437.354,595.92084,False,2026021800332,129,,2.7316353e-05,3.0406001e-05,2.481623e-10,2706.7861,0.59712905,3384.1516,0.43058133,False,-5292.9053,1106.8684,False,False,True,8.386985,,1635.6385,1681,-5044.424,31.63173,150.41753356635377,,0.7579736177106843,,1.4837136,,18.825592,,,0,False,,,,,,,,0,False,False,False,23578.438,19.967112,0.35005498,0.15562399,-0.06182822,0.30858278,0.35126093,-0.007475016,False,False,False,False,0.36285314,0.5488919,False,False,61090.23372192477,,23,False,False,False,False,False,False,False,False,False,False,False,False,False,False,False,False,False,False,False,False,False,z
4,61090.23235107787,lsst,150.41756959861263,0.7579919976715429,314011777182990477,170028522882990166,0,314011777182990477,-5421.9766,598.14355,0,0,0,18164.854,607.632,False,2026021800333,132,,2.9737525e-05,2.9112569e-05,-3.5361176e-11,2187.6753,0.5177399,2058.476,0.5421674,False,-4143.989,1129.6992,False,False,True,9.141049,,1727.1965,1681,-5199.4077,2.372151,150.4175731383025,,0.7579898945479723,,0.799772,,114.35884,,,0,False,,,,,,,,0,False,False,False,23633.182,20.37017,0.2910947,0.34523353,0.0073152026,0.3142575,0.31701237,-0.017276652,False,False,False,False,0.0005073144,0.2981948,False,False,61090.23410629683,,24,False,False,False,False,False,False,False,False,False,False,False,False,False,False,False,False,False,False,False,False,False,z
4,61090.23328397336,lsst,150.41755252035435,0.7579819698773461,314011777182990477,170028523147755597,0,314011777182990477,-5077.6353,568.7769,0,0,0,18442.39,573.9453,False,2026021800335,125,,2.5145268e-05,2.8659546e-05,1.2328229e-10,2670.8135,0.5352822,2154.044,0.4307211,False,-5817.9014,1097.924,False,False,True,8.698768,,1663.5465,1681,-5749.0796,30.248604,150.4175562255222,,0.7579874212881962,,2.0758812,,-7.709259,,,0,False,,,,,,,,0,False,False,False,23666.727,20.971745,0.48905587,0.30668092,-0.22111891,0.31456602,0.310843,-0.030462652,False,False,False,False,0.44073498,0.6203695,False,False,61090.235105525484,,25,False,False,False,False,False,False,False,False,False,False,False,False,False,False,False,False,False,False,False,False,False,z
4,61090.2337509309,lsst,150.41754268209638,0.7579642616425515,314011777182990477,170028523281449126,0,314011777182990477,-4805.706,563.2659,0,0,0,18455.41,562.39484,False,2026021800336,124,,3.053022e-05,2.4612786e-05,-1.6869578e-10,3431.2092,0.41674438,638.15045,0.57077646,False,-4020.0024,1087.9521,False,False,True,8.443107,,1579.1075,1681,-5044.3267,60.306732,150.41754259253412,,0.7579219863490926,,1.4644153,,75.62264,,,0,False,,,,,,,,0,False,False,False,23512.59,23.24318,0.18760465,0.24760199,0.11188817,0.33058444,0.31980222,-0.057669327,False,False,False,False,0.59025496,0.4558463,False,False,61090.23557887142,,23,False,False,False,False,False,False,False,False,False,False,False,False,False,False,False,False,False,False,False,False,False,z
4,61090.23421961845,lsst,150.41757442576497,0.7579918687664567,314011777182990477,170028523414093920,0,314011777182990477,-4748.4844,570.08813,0,0,0,18618.768,571.8414,False,2026021800337,121,,3.704976e-05,3.4986424e-05,-6.0532156e-11,2729.9683,0.6253228,3131.1978,0.6727162,False,-5129.239,1058.8726,False,False,True,8.28584,,1551.7245,1681,-5394.6924,5.516666,150.41758437973303,,0.7579938017540256,,1.7472583,,-44.60958,,,0,False,,,,,,,,0,False,False,False,23433.398,21.349308,0.37290877,0.5638043,-0.11646781,0.36568388,0.3431939,-0.06955618,False,False,False,False,0.6006144,0.35103092,False,False,61090.23600934017,,24,False,False,False,False,False,False,False,False,False,False,False,False,False,False,False,False,False,False,False,False,False,z
4,61090.23514918928,lsst,150.41756267007176,0.7579576510409406,314011777182990477,170028523682529369,0,314011777182990477,-6174.0776,522.2368,0,0,0,17166.201,520.6714,False,2026021800339,121,,2.1119316e-05,2.497387e-05,4.806433e-11,3049.629,0.45463526,1148.2562,0.3751956,False,-6539.2637,1034.1571,False,False,True,11.682922,,1693.9105,1681,-6404.6084,2.5584328,150.4175584651727,,0.7579563874310885,,1.1867539,,20.327526,,,0,False,,,,,,,,0,False,False,False,23564.291,23.909752,0.46311593,0.3377935,0.013892801,0.31024945,0.27778956,-0.028996162,False,False,False,False,0.6192099,0.7049088,False,False,61090.23689466293,,26,False,False,False,False,False,False,False,False,False,False,False,False,False,False,False,False,False,False,False,False,False,z
4,61090.235619904895,lsst,150.41757515624892,0.7579655592810386,314011777182990477,170028523815174249,0,314011777182990477,-5304.4346,507.44662,0,0,0,17864.473,508.57642,False,2026021800340,118,,3.6967667e-05,4.4655713e-05,1.2949838e-10,2028.5833,0.81030345,1890.0065,0.65946615,False,-5863.4287,1025.6725,False,False,True,10.37237,,1814.957,1681,-6115.584,1.6659528,150.41757940836015,,0.7579607242258055,,1.9016697,,-23.979763,,,0,False,,,,,,,,0,False,False,False,23444.16,22.150345,0.48047104,0.35168937,-0.1778879,0.29149705,0.2641374,-0.016756807,False,False,False,False,0.82164294,0.5696111,False,False,61090.23734265128,,22,False,False,False,False,False,False,False,False,False,False,False,False,False,False,False,False,False,False,False,False,False,z
4,61090.23608541384,lsst,150.41755368108446,0.7579915814010622,314011777182990477,170028523928944745,0,314011777182990477,-4836.191,449.24698,0,0,0,18327.068,444.34372,False,2026021800341,79,,2.322405e-05,3.9173257e-05,1.4836882e-10,1677.0718,0.7112951,653.1937,0.40972543,False,-3213.577,994.2919,False,False,True,10.805477,,1674.4166,1681,-5366.784,23.276878,150.41754978317775,,0.7579979471790842,,1.5573144,,20.302622,,,0,False,,,,,,,,0,False,False,False,23304.08,25.39173,0.37095225,0.13311131,0.052919388,0.24013618,0.20660795,-0.01927615,False,False,False,False,0.088009045,0.5014998,False,False,61090.23795985845,,22,False,False,False,False,False,False,False,False,False,False,False,False,False,False,False,False,False,False,False,False,False,z
4,61090.23654644309,lsst,150.41753046679017,0.7579698234238125,314011777182990477,170028524085182587,0,314011777182990477,-5282.3315,473.29956,0,0,0,17961.498,472.3086,False,2026021800342,121,,1.8939278e-05,2.213595e-05,1.1708112e-11,2617.2405,0.39956674,2547.8462,0.34070393,False,-6087.4927,1039.1925,False,False,True,11.063651,,1637.9916,1681,-5194.9863,6.3315716,150.41752760107795,,0.7579722346871953,,0.92237735,,-13.394636,,,0,False,,,,,,,,0,False,False,False,23204.482,23.760948,0.25617537,0.19335966,-0.023192506,0.23450638,0.22312771,-0.01601987,False,False,False,False,0.0017947335,0.58598685,False,False,61090.23858506707,,21,False,False,False,False,False,False,False,False,False,False,False,False,False,False,False,False,False,False,False,False,False,z
4,61090.237012593454,lsst,150.4175684400869,0.7579725456629464,314011777182990477,170028524218351761,0,314011777182990477,-4800.3687,468.93243,0,0,0,18690.123,467.58603,False,2026021800343,119,,2.8052385e-05,1.9368686e-05,-1.2910587e-11,2537.657,0.34876737,2967.1353,0.5052349,False,-5252.3076,1025.82,False,False,True,10.066713,,1682.2299,1681,-5436.526,15.750575,150.41755483447574,,0.7579743388223452,,1.7900625,,76.26296,,,0,False,,,,,,,,0,False,False,False,23495.271,20.549171,0.19017754,0.48359442,0.08872494,0.21987073,0.23841451,0.0045729647,False,False,False,False,0.71863306,0.5773876,False,False,61090.23896898006,,23,False,False,False,False,False,False,False,False,False,False,False,False,False,False,False,False,False,False,False,False,False,z
2,61090.23933232503,lsst,150.41752433768252,0.757988727575498,314011777182990477,170028524463194212,0,314011777182990477,-1973.5369,195.36009,0,0,0,5438.035,196.12833,False,2026021800345,74,,1.8942223e-05,2.0153604e-05,-2.443175e-11,2168.8594,0.36759034,2965.704,0.33597282,False,-2029.6398,398.61877,False,False,True,9.953342,,1679.7974,1681,-1853.163,1.4438565,150.41752448687367,,0.7579927279397622,,0.8381389,,-27.420935,,,0,False,,,,,,,,0,False,False,False,7461.9,10.383298,0.18840358,0.12353755,-0.0052056136,0.2511356,0.2671754,0.013253381,False,False,False,False,0.6421512,0.45678112,False,False,61090.24113983876,,21,False,False,False,False,False,False,False,False,False,False,False,False,False,False,False,False,False,False,False,False,False,r
2,61090.239840525035,lsst,150.4175197694151,0.757969946226931,314011777182990477,170028524620480649,0,314011777182990477,-1320.7203,188.78085,0,0,0,6031.27,187.92876,False,2026021800346,118,,3.189319e-05,3.0824976e-05,2.4571005e-12,1838.8013,0.55565053,2579.7454,0.5742644,False,-1311.7095,385.86874,False,False,True,6.881134,,1531.9166,1681,-1281.1267,5.420783,150.41752156490716,,0.7579657285825605,,0.98385227,,-62.367844,,,0,False,,,,,,,,0,False,False,False,7350.13,10.781341,0.19300896,0.24098366,-0.0383232,0.27441314,0.24467716,-0.00034021548,False,False,False,False,0.16028397,0.386633,False,False,61090.24169097192,,18,False,False,False,False,False,False,False,False,False,False,False,False,False,False,False,False,False,False,False,False,False,r
2,61090.240308331515,lsst,150.41752102573366,0.758016154400309,314011777182990477,170028524733202557,0,314011777182990477,-1715.3894,199.35635,0,0,0,5495.7046,198.80832,False,2026021800347,77,,2.7518052e-05,3.3365035e-05,-2.5507364e-11,1743.8827,0.6014929,2631.7217,0.4946632,False,-1456.263,398.441,False,False,True,8.557596,,1620.9537,1681,-1940.7677,3.8675141,150.417513504686,,0.7580133652649822,,1.8272557,,36.880306,,,0,False,,,,,,,,0,False,False,False,7237.9,10.214192,0.3920876,0.3421487,0.17483631,0.2852765,0.2650726,0.008260545,False,False,False,False,0.536279,0.39904708,False,False,61090.24211860927,,21,False,False,False,False,False,False,False,False,False,False,False,False,False,False,False,False,False,False,False,False,False,r
2,61090.24077445308,lsst,150.41755879121462,0.7579348366793752,314011777182990477,170028524868468817,0,314011777182990477,-1865.9734,211.22568,0,0,0,5523.9023,209.16681,False,2026021800348,79,,2.5185045e-05,3.199751e-05,-4.9418823e-11,3721.7153,0.57828534,336.65778,0.45111978,False,-1287.5859,406.94504,False,False,True,8.827437,,1618.9801,1681,-1919.9816,5.217623,150.4175606588387,,0.75793908375484,,1.1916472,,4.711967,,,0,False,,,,,,,,0,False,False,False,7383.026,9.603,0.3727967,0.2510235,0.026705625,0.3159199,0.2873975,0.019204352,False,False,False,False,0.0086805485,0.46318397,False,False,61090.24265356628,,23,False,False,False,False,False,False,False,False,False,False,False,False,False,False,False,False,False,False,False,False,False,r
2,61090.241708757756,lsst,150.41755743979851,0.7580046531512193,314011777182990477,170028525135331455,0,314011777182990477,-1850.8463,189.6999,0,0,0,5499.009,188.68674,False,2026021800350,76,,2.1954049e-05,2.2357188e-05,-4.420314e-12,720.01874,0.40350273,2262.9177,0.39484993,False,-1602.1393,398.4818,False,False,True,9.779385,,1649.7284,1681,-1701.1974,0.75120556,150.41755765155233,,0.7580043725237267,,0.55878353,,-34.523823,,,0,False,,,,,,,,0,False,False,False,7341.0796,10.00297,0.214234,0.19433764,-0.009156944,0.24121942,0.22592157,-0.0039870003,False,False,False,False,0.087862894,0.41260695,False,False,61090.243791229004,,21,False,False,False,False,False,False,False,False,False,False,False,False,False,False,False,False,False,False,False,False,False,r
2,61090.24217506204,lsst,150.41757375945284,0.7579895399290589,314011777182990477,170028525267452001,0,314011777182990477,-1775.2925,216.24223,0,0,0,5663.9785,216.22307,False,2026021800351,72,,3.435912e-05,3.0451762e-05,7.8568534e-11,3221.9944,0.5425604,3130.5981,0.6245566,False,-1491.4518,410.55173,False,False,True,8.0322695,,1810.375,1681,-1743.3583,1.8320915,150.41756370412216,,0.7579846088924208,,1.1816229,,-22.682049,,,0,False,,,,,,,,0,False,False,False,7452.9277,10.42808,0.42083675,0.29578528,-0.014830209,0.29328352,0.31495214,-0.019255657,False,False,False,False,0.21495277,0.40736806,False,False,61090.2442215199,,23,False,False,False,False,False,False,False,False,False,False,False,False,False,False,False,False,False,False,False,False,False,r
2,61090.2426417723,lsst,150.41753435089004,0.7580076297523035,314011777182990477,170028525401669727,0,314011777182990477,-1743.8811,238.74773,0,0,0,5792.136,242.26425,False,2026021800352,72,,3.0569452e-05,3.0066964e-05,1.115121e-11,3766.4636,0.54115313,1340.876,0.55153936,False,-1523.1965,418.672,False,False,True,7.2276793,,1661.2635,1681,-1749.1824,5.978598,150.41754143357616,,0.7580145746023211,,1.543986,,-57.801376,,,0,False,,,,,,,,0,False,False,False,7595.2354,9.0732975,0.3024579,0.24876484,-0.12163871,0.3589852,0.3987584,-0.02188826,False,False,False,False,0.5059979,0.35992873,False,False,61090.24467721198,,22,False,False,False,False,False,False,False,False,False,False,False,False,False,False,False,False,False,False,False,False,False,r
2,61090.243106764654,lsst,150.4175293997812,0.7579690358894398,314011777182990477,170028525537460321,0,314011777182990477,-1847.6094,209.97635,0,0,0,5601.7676,210.24161,False,2026021800353,75,,3.0106148e-05,3.052554e-05,-1.2443276e-11,2658.746,0.5521202,3065.656,0.5406323,False,-1969.3029,417.5709,False,False,True,8.75502,,1724.2552,1681,-1797.102,2.3625526,150.41753651243843,,0.7579662555232077,,0.9930181,,55.907036,,,0,False,,,,,,,,0,False,False,False,7472.432,11.267375,0.2924411,0.37367043,0.01767922,0.27526724,0.264117,-0.00041183498,False,False,False,False,0.31142652,0.4098493,False,False,61090.24516229797,,21,False,False,False,False,False,False,False,False,False,False,False,False,False,False,False,False,False,False,False,False,False,r
2,61090.24404098784,lsst,150.4175353900166,0.757947311895412,314011777182990477,170028525784399965,0,314011777182990477,-1675.9415,203.52525,0,0,0,5728.632,204.0286,False,2026021800355,34,,2.9162216e-05,2.4975785e-05,1.6796832e-10,2448.812,0.41675097,902.13184,0.55202764,False,-1696.6505,404.56296,False,False,True,8.003797,,1736.7676,1681,-1677.0907,7.0967517,150.41754757931474,,0.7579484422790042,,1.4548757,,-86.33129,,,0,False,,,,,,,,0,False,False,False,7410.1914,11.847456,0.16372044,0.2655045,-0.102411516,0.2654179,0.2635318,0.003119837,False,False,False,False,0.2097946,0.37952134,False,False,61090.24586820173,,21,False,False,False,False,False,False,False,False,False,False,False,False,False,False,False,False,False,False,False,False,False,r
2,61090.24450589783,lsst,150.41750068679895,0.7580203830036232,314011777182990477,170028525917569094,0,314011777182990477,-1595.9436,221.7596,0,0,0,5531.0884,222.3855,False,2026021800356,32,,3.668959e-05,3.4357894e-05,1.5119836e-10,1419.1313,0.59515435,660.0844,0.6824423,False,-1646.1412,407.58258,False,False,True,7.225206,,1636.1921,1681,-1701.5001,23.264675,150.41748841607668,,0.7580262273790027,,1.6646593,,-85.41581,,,0,False,,,,,,,,0,False,False,False,7104.965,8.4662,0.29872754,0.39146888,-0.13460845,0.3152604,0.3267643,0.012851319,False,False,False,False,0.04424667,0.35476816,False,False,61090.24635862177,,22,False,False,False,False,False,False,False,False,False,False,False,False,False,False,False,False,False,False,False,False,False,r
2,61090.24543668023,lsst,150.41754560509204,0.7579853233170483,314011777182990477,170028526208024653,0,314011777182990477,-1365.6069,203.82457,0,0,0,6097.8857,206.20436,False,2026021800358,74,,3.4394634e-05,3.4670622e-05,-3.7340284e-11,1214.6073,0.63208205,500.05276,0.6114847,False,-1117.6821,400.93167,False,False,True,6.635947,,1729.3542,1681,-1342.455,21.413157,150.41754920875462,,0.7579792520885669,,1.2026137,,9.593149,,,0,False,,,,,,,,0,False,False,False,7521.9087,9.89292,0.21963286,0.22938274,0.071023814,0.2740542,0.26514277,0.013900262,False,False,False,False,0.1719647,0.33831838,False,False,61090.24731665394,,19,False,False,False,False,False,False,False,False,False,False,False,False,False,False,False,False,False,False,False,False,False,r
2,61090.33972556394,lsst,150.41763366564692,0.7579412841860412,314011777182990477,170028539095547969,0,314011777182990477,-1633.3623,294.05252,0,0,0,5666.6353,301.4378,False,2026021800454,79,,4.471971e-05,5.240745e-05,-1.9132396e-10,518.04034,0.9526528,1131.1552,0.79563946,False,-1514.2849,460.87698,False,False,True,5.372884,,1662.2401,1681,-1687.1195,29.825659,150.41763553581725,,0.7579378765539838,,1.9588015,,-69.400826,,,0,False,,,,,,,,0,False,False,False,7290.9595,6.5240726,0.16395114,0.34152833,-0.22422262,0.548615,0.5068234,-0.034772117,False,False,False,False,0.9723353,0.28583482,False,False,61090.34159999771,,22,False,False,False,False,False,False,False,False,False,False,False,False,False,False,False,False,False,False,False,False,False,r
2,61090.34019544802,lsst,150.41755881763626,0.7580149120671446,314011777182990477,170028539227144268,0,314011777182990477,-1856.1688,280.42395,0,0,0,5486.3086,285.96118,False,2026021800455,74,,4.794711e-05,3.3257187e-05,3.8964554e-10,2135.6594,0.56663,2167.7969,0.8843119,False,-1949.1003,451.69577,False,False,True,6.4413657,,1803.7727,1681,-2235.7385,22.46395,150.41757921302448,,0.7580197042173596,,3.2695632,,-88.50853,,,0,False,,,,,,,,0,False,False,False,7497.21,6.574201,0.22787629,1.2805045,-0.3857344,0.4813355,0.50298494,-0.021333022,False,False,False,False,0.96944803,0.30717573,False,False,61090.34215159547,,23,False,False,False,False,False,False,False,False,False,False,False,False,False,False,False,False,False,False,False,False,False,r
4,61090.3421176951,lsst,150.41755814662318,0.7579490400662526,314011777182990477,170028539364507756,0,314011777182990477,-5607.415,707.89087,0,0,0,17923.549,726.80896,False,2026021800456,80,,2.5243255e-05,3.0148514e-05,8.408668e-12,175.91072,0.5433488,3948.3943,0.45426032,False,-5635.5835,1229.3479,False,False,True,7.673988,,1738.8677,1681,-5352.6704,69.45127,150.41754133931903,,0.7579739271194786,,1.2835718,,-26.41532,,,0,False,,,,,,,,0,False,False,False,24066.465,19.594326,0.2815722,0.1902551,-0.06845608,0.43326935,0.4015938,-0.065269716,False,False,False,False,0.86128944,0.113748856,False,False,61090.34383557251,,24,False,False,False,False,False,False,False,False,False,False,False,False,False,False,False,False,False,False,False,False,False,z
3,61091.16261766493,lsst,150.41753983301703,0.757960544840133,314011777182990477,170032899853648010,0,314011777182990477,-3189.1848,225.77766,0,0,0,12330.109,218.5028,True,2026021900176,125,0.0,1.5271426e-05,1.7082684e-05,4.6241386e-11,2357.5886,0.32096803,58.094643,0.2596649,False,-4222.674,534.53107,False,False,True,14.092405,,1681.9784,1681,-3269.176,1.0322156,150.41754026841377,,0.7579669804733532,,0.9824054,,3.8158123,,,0,False,,,,,,,,0,False,False,False,15548.357,14.37492,0.22971484,0.17083514,-0.034697965,0.1717466,0.17273206,0.004234052,False,False,False,False,0.10801193,0.67477465,False,False,61091.1645049151,,19,False,False,False,False,False,False,False,False,False,False,False,False,False,False,False,False,False,False,False,False,False,i
3,61091.163548739874,lsst,150.41756379699308,0.7579694909986991,314011777182990477,170032900124180633,0,314011777182990477,-3311.5947,223.28804,0,0,0,12358.136,216.78098,True,2026021900178,129,0.0,1.7002661e-05,1.4500034e-05,-3.8844317e-11,2344.1343,0.251065,3636.5178,0.3145232,False,-3284.967,522.69385,False,False,True,14.820717,,1709.1399,1681,-3258.873,0.5839193,150.41755755216775,,0.7579727324344205,,0.7845881,,-41.677925,,,0,False,,,,,,,,0,False,False,False,15629.868,18.117273,0.16533016,0.19987027,-0.021972587,0.1495275,0.1942284,-0.012267691,False,False,False,False,0.016600829,0.7200089,False,False,61091.16553842313,,20,False,False,False,False,False,False,False,False,False,False,False,False,False,False,False,False,False,False,False,False,False,i
3,61091.16547073807,lsst,150.4175633930997,0.7579977701540315,314011777182990477,170032900655284382,0,314011777182990477,-3138.5154,222.51839,0,0,0,12232.953,216.7318,True,2026021900182,118,0.0,1.492214e-05,1.296124e-05,5.6420446e-12,363.54233,0.23334938,1406.5686,0.26910615,False,-2844.278,533.61145,False,False,True,14.028359,,1688.8893,1681,-2862.7651,2.368599,150.41756312489775,,0.7580019080980581,,0.3842362,,81.03112,,,0,False,,,,,,,,0,False,False,False,15358.878,19.719435,0.17361361,0.18608919,0.000724073,0.14249071,0.17486899,-0.005633969,False,False,False,False,0.06834919,0.6591423,False,False,61091.16733500556,,20,False,False,False,False,False,False,False,False,False,False,False,False,False,False,False,False,False,False,False,False,False,i
3,61091.1659358117,lsst,150.41757390667644,0.7579908537438937,314011777182990477,170032900769579178,0,314011777182990477,-3112.46,220.7702,0,0,0,12368.014,214.04718,True,2026021900183,80,0.0,1.45080985e-05,1.3546772e-05,4.1493705e-12,1585.6703,0.2436764,1552.8188,0.26156402,False,-3520.7192,530.0197,False,False,True,14.147026,,1686.2905,1681,-2990.8708,0.24606593,150.41757218152924,,0.7579942359061339,,0.6596298,,-22.627504,,,0,False,,,,,,,,0,False,False,False,15500.218,21.29944,0.19958217,0.16574349,-0.009195608,0.14689563,0.17464595,-0.00246844,False,False,False,False,0.071895465,0.6712245,False,False,61091.16779480189,,20,False,False,False,False,False,False,False,False,False,False,False,False,False,False,False,False,False,False,False,False,False,i
3,61091.16640296892,lsst,150.41756418958923,0.7579589891754656,314011777182990477,170032900901699777,0,314011777182990477,-3508.678,220.35265,0,0,0,12142.731,215.00487,False,2026021900184,76,,1.1529747e-05,1.1793942e-05,-1.2844245e-12,222.51498,0.21289195,2564.0383,0.20742793,False,-3319.907,535.3819,False,False,True,15.735708,,1677.5779,1681,-3263.653,2.5236907,150.41756139319128,,0.7579590636368939,,0.6044099,,-38.119488,,,0,False,,,,,,,,0,False,False,False,15649.526,22.541733,0.15883043,0.13944447,-0.0129747465,0.15203515,0.147362,-0.0067318203,False,False,False,False,5.270406e-05,0.6942104,False,False,61094.221238332095,,19,False,False,False,False,False,False,False,False,False,False,False,False,False,False,False,False,False,False,False,False,False,i
3,61091.16733538685,lsst,150.41754649441074,0.7579584006963452,314011777182990477,170032901169086619,0,314011777182990477,-3177.9175,225.78758,0,0,0,12541.218,219.72206,True,2026021900186,74,0.0,1.2933739e-05,1.4301402e-05,-1.2893679e-11,2323.1453,0.26019016,363.28033,0.2300269,False,-3555.5994,528.6186,False,False,True,13.805913,,1587.2517,1681,-3197.6365,0.63257724,150.41754234543265,,0.757958781306306,,1.0232562,,16.918045,,,0,False,,,,,,,,0,False,False,False,15749.221,15.781869,0.23052329,0.19391783,0.04601016,0.17717277,0.1705982,0.019486463,False,False,False,False,0.19064593,0.6990085,False,False,61091.16926911437,,20,False,False,False,False,False,False,False,False,False,False,False,False,False,False,False,False,False,False,False,False,False,i
3,61091.167800000585,lsst,150.41756155530342,0.7579455249602183,314011777182990477,170032901282332868,0,314011777182990477,-3350.321,231.09267,0,0,0,12272.288,225.72908,True,2026021900187,34,0.0,1.3161577e-05,1.5804479e-05,-3.3219802e-11,261.31726,0.2920464,2179.7449,0.22842392,False,-2790.3928,538.1251,False,False,True,14.490279,,1635.1572,1681,-3437.4875,2.7985284,150.41755891629785,,0.7579473337676876,,1.0467577,,-29.264389,,,0,False,,,,,,,,0,False,False,False,15586.167,14.344956,0.22174932,0.11902771,-0.01640728,0.18401885,0.17921749,-0.008482469,False,False,False,False,0.017254781,0.6513316,False,False,61091.16985235781,,20,False,False,False,False,False,False,False,False,False,False,False,False,False,False,False,False,False,False,False,False,False,i
3,61091.16826449189,lsst,150.41759326530817,0.7579803251722451,314011777182990477,170032901436997779,0,314011777182990477,-3158.17,220.27678,0,0,0,12139.123,214.89987,True,2026021900188,73,0.0,1.5594625e-05,1.3245462e-05,3.603834e-11,1745.0144,0.22796738,1488.2634,0.28968003,False,-2286.9795,531.371,False,False,True,14.2764845,,1687.1724,1681,-3256.9705,0.9618512,150.41759113166327,,0.7579811600506551,,1.0462803,,64.78286,,,0,False,,,,,,,,0,False,False,False,15285.259,18.18693,0.14300694,0.24817201,0.0032949,0.14888301,0.17358243,0.010825694,False,False,False,False,0.16757488,0.6580421,False,False,61091.17017815533,,20,False,False,False,False,False,False,False,False,False,False,False,False,False,False,False,False,False,False,False,False,False,i
3,61091.16873097868,lsst,150.41757096817204,0.757986974283128,314011777182990477,170032901549195422,0,314011777182990477,-3081.0762,234.02222,0,0,0,12467.211,227.26358,True,2026021900189,31,0.0,1.6896394e-05,1.6229747e-05,1.3887421e-11,539.73236,0.28898057,3826.5627,0.3079282,False,-2490.7703,537.4832,False,False,True,13.048819,,1612.5449,1681,-3071.8467,4.4720473,150.41756642027462,,0.7579866253453931,,0.72892094,,-67.44992,,,0,False,,,,,,,,0,False,False,False,15507.374,14.546838,0.19492258,0.18855853,-0.023537047,0.18669915,0.20503508,-0.0068469658,False,False,False,False,0.0021772368,0.5948534,False,False,61091.17076396254,,19,False,False,False,False,False,False,False,False,False,False,False,False,False,False,False,False,False,False,False,False,False,i
3,61091.16919300548,lsst,150.41755643467818,0.757953005392886,314011777182990477,170032901704908933,0,314011777182990477,-3513.695,241.76277,0,0,0,12173.517,236.15942,True,2026021900190,72,0.0,1.6888835e-05,1.4718652e-05,5.7368527e-11,707.0543,0.2448863,2281.9675,0.32110307,False,-3710.6406,533.8367,False,False,True,14.67606,,1661.919,1681,-3604.4714,5.2398973,150.41756039475592,,0.7579547718668835,,0.998729,,-115.3358,,,0,False,,,,,,,,0,False,False,False,15683.422,27.872356,0.16234162,0.25525427,-0.0069781574,0.20967552,0.2039657,-0.0070849936,False,False,False,False,0.00047412099,0.6746977,False,False,61091.17102262347,,21,False,False,False,False,False,False,False,False,False,False,False,False,False,False,False,False,False,False,False,False,False,i
1,61091.171631250385,lsst,150.4176211423116,0.7580119870526385,314011777182990477,170032901952897163,0,314011777182990477,-662.2694,122.178246,0,0,0,1158.8225,121.68002,True,2026021900192,33,0.0,2.9705225e-05,3.9455015e-05,-3.819309e-10,1436.5989,0.75004315,3284.0706,0.47981855,False,-468.0342,297.293,False,False,True,5.430742,,1544.6112,1681,,,,,,,,,,,,0,False,,,,,,,,0,False,False,False,1819.6575,13.567824,,,,0.19693215,0.18814024,0.009162162,True,False,False,False,,0.17854506,False,False,61091.17340042174,,14,False,False,False,False,False,False,False,False,False,False,False,False,False,False,False,False,False,False,False,False,False,g
1,61091.17302648314,lsst,150.417593545779,0.7579914607733955,314011777182990477,170032902356074681,0,314011777182990477,-577.8407,114.24907,0,0,0,1362.4397,113.76576,True,2026021900195,34,0.0,5.4485776e-05,5.7653368e-05,-4.2224332e-10,474.48752,1.0823001,2795.3699,0.9333439,False,-546.7952,284.70407,False,False,True,5.065881,,1702.9028,1681,-649.42694,5.5925746,150.4175767590806,,0.758015477592624,,1.6031269,,-3.520122,,,0,False,,,,,,,,0,False,False,False,1950.5603,20.202099,0.26640785,0.11095863,0.13340218,0.16866347,0.18026713,0.0008060765,False,False,False,False,0.028596658,0.2890703,False,False,61091.17488953246,,12,False,False,False,False,False,False,False,False,False,False,False,False,False,False,False,False,False,False,False,False,False,g
1,61091.17682879486,lsst,150.4175523625308,0.7579974352443728,314011777182990477,170032903450263714,0,314011777182990477,-647.1938,121.05362,0,0,0,1305.5868,120.91233,True,2026021900203,73,0.0,4.701753e-05,4.001578e-05,2.757326e-10,1617.1448,0.69684017,2524.0037,0.8663364,False,-876.6948,291.82062,False,False,True,5.3487706,,2477.244,1681,-683.47864,2.5537462,150.41754641631422,,0.757993975151048,,1.2354414,,60.96932,,,0,False,,,,,,,,0,False,False,False,1987.8223,19.875767,0.16784635,0.31206933,0.02049544,0.17969804,0.20476188,0.030973537,False,False,False,False,0.25665388,0.37975645,False,False,61091.17870801913,,13,False,False,False,False,False,False,False,False,False,False,False,False,False,False,False,False,False,False,False,False,False,g
4,61091.1796888747,lsst,150.4175715411652,0.7579735333564743,314011777182990477,170032903878082703,0,314011777182990477,-4506.654,370.9088,0,0,0,18412.656,364.86948,True,2026021900206,121,0.0,1.6721418e-05,1.6286673e-05,8.027236e-14,2121.2654,0.29370794,1701.09,0.3012401,False,-3778.0347,931.16516,False,False,True,12.303928,,1695.7444,1681,-4716.355,12.250808,150.41757052186932,,0.7579773382728539,,0.90298826,,72.76296,,,0,False,,,,,,,,0,False,False,False,22977.633,77.8005,0.13488486,0.19664839,0.023067407,0.19892134,0.14651287,0.02733948,False,False,False,False,0.0069869976,0.43258113,False,False,61091.18137223421,,19,False,False,False,False,False,False,False,False,False,False,False,False,False,False,False,False,False,False,False,False,False,z
4,61091.18015591653,lsst,150.41753561388782,0.7579722824431832,314011777182990477,170032903989756066,0,314011777182990477,-5079.783,363.9869,0,0,0,17934.021,358.26526,True,2026021900207,78,0.0,1.1157799e-05,1.4766561e-05,-2.6287774e-12,1000.76117,0.26655337,2772.346,0.20095664,False,-3566.8005,919.47406,False,False,True,13.793414,,1721.9391,1681,-5115.219,3.0963092,150.41753140155214,,0.7579650403346545,,0.8168834,,17.573172,,,0,False,,,,,,,,0,False,False,False,23128.408,70.96223,0.18877566,0.14044648,0.019158538,0.180311,0.14344998,0.023845013,False,False,False,False,0.0011549101,0.7205456,False,False,61091.18205406124,,18,False,False,False,False,False,False,False,False,False,False,False,False,False,False,False,False,False,False,False,False,False,z
4,61091.1806274742,lsst,150.41757391862686,0.7579601681823122,314011777182990477,170032904122400939,0,314011777182990477,-4752.4023,380.2256,0,0,0,18284.494,373.43417,True,2026021900208,75,0.0,3.1041098e-05,2.0986321e-05,4.106012e-11,3481.3523,0.3771981,1653.9565,0.56001484,False,-4518.594,925.50354,False,False,True,12.465252,,1610.7715,1681,-5339.8696,1.643907,150.41755466280495,,0.7579543316496696,,1.3000629,,57.575882,,,0,False,,,,,,,,0,False,False,False,23173.96,47.73294,0.20186779,0.29579857,0.06962037,0.19989055,0.18056655,0.02851134,False,False,False,False,0.36404642,0.7843259,False,False,61091.182546689306,,20,False,False,False,False,False,False,False,False,False,False,False,False,False,False,False,False,False,False,False,False,False,z
4,61091.1810921207,lsst,150.41753756957078,0.7579435061528759,314011777182990477,170032904258715825,0,314011777182990477,-5631.03,372.79898,0,0,0,17137.107,363.02994,True,2026021900209,79,0.0,1.1640269e-05,1.5710364e-05,-1.5152497e-11,3338.2256,0.2843567,3026.3809,0.20804104,False,-5038.6094,905.5836,False,False,True,15.019071,,1752.5132,1681,-5869.0234,7.760847,150.4175393152721,,0.7579438489126598,,0.93883514,,9.990349,,,0,False,,,,,,,,0,False,False,False,22835.951,51.48071,0.23116063,0.16393107,0.023769567,0.22824606,0.15604627,0.02490573,False,False,False,False,0.0037934436,0.8019352,False,False,61091.18312695688,,19,False,False,False,False,False,False,False,False,False,False,False,False,False,False,False,False,False,False,False,False,False,z
4,61091.18155855101,lsst,150.4175465917902,0.7579318264814484,314011777182990477,170032904392409274,0,314011777182990477,-5082.8496,369.64084,0,0,0,17743.104,364.56445,True,2026021900210,78,0.0,1.8279708e-05,1.5639058e-05,1.7746186e-11,3814.8772,0.28013375,1082.672,0.33089912,False,-5939.556,916.0774,False,False,True,13.866148,,1789.4766,1681,-4874.653,5.2045846,150.41754486377474,,0.7579358192890739,,0.531871,,-86.08679,,,0,False,,,,,,,,0,False,False,False,22897.33,59.55412,0.18255134,0.20386754,-0.005997962,0.18224724,0.1686068,0.026732825,False,False,False,False,0.04417991,0.7498532,False,False,61091.183417289976,,20,False,False,False,False,False,False,False,False,False,False,False,False,False,False,False,False,False,False,False,False,False,z
4,61091.18199043727,lsst,150.41757328501902,0.7579908307143061,314011777182990477,170032904525578394,0,314011777182990477,-4986.224,384.54596,0,0,0,18030.662,378.78946,True,2026021900211,76,0.0,1.7897559e-05,1.6071433e-05,8.239444e-12,1768.3859,0.28917187,1900.3408,0.32283464,False,-5474.244,912.4045,False,False,True,12.85111,,1703.5948,1681,-4926.321,1.525123,150.41757209705634,,0.7579800127497812,,0.68892944,,59.18946,,,0,False,,,,,,,,0,False,False,False,23039.227,38.877476,0.18643595,0.21516138,0.015314271,0.1763662,0.22035666,0.022487683,False,False,False,False,0.0007499582,0.74179775,False,False,61091.18391835272,,20,False,False,False,False,False,False,False,False,False,False,False,False,False,False,False,False,False,False,False,False,False,z
4,61091.18245382497,lsst,150.41752854093738,0.7579376086449858,314011777182990477,170032904660844694,0,314011777182990477,-5514.3086,408.82776,0,0,0,17578.842,403.4744,True,2026021900212,78,0.0,1.6721595e-05,1.2943802e-05,2.2179108e-11,3990.9026,0.23049298,3224.2388,0.3034477,False,-4160.9136,917.25397,False,False,True,13.345772,,1688.5842,1681,-5724.1597,16.053453,150.41754070499806,,0.7579324862008678,,1.1584061,,46.56533,,,0,False,,,,,,,,0,False,False,False,23145.398,65.50869,0.17136383,0.22661941,0.060587175,0.23388243,0.25716984,0.03132307,False,False,False,False,0.19834436,0.77151114,False,False,61091.18427488097,,21,False,False,False,False,False,False,False,False,False,False,False,False,False,False,False,False,False,False,False,False,False,z
4,61091.1829249,lsst,150.41756095594857,0.7579322293619755,314011777182990477,170032904794538135,0,314011777182990477,-4924.667,394.9661,0,0,0,17931.328,386.64108,True,2026021900213,77,0.0,2.3764542e-05,1.693329e-05,7.1122115e-11,1329.5658,0.2958712,3853.9846,0.43427533,False,-4660.0903,906.6503,False,False,True,12.331868,,1676.7701,1681,-5437.107,10.71828,150.41755738941458,,0.7579350872611446,,1.3055525,,-103.02324,,,0,False,,,,,,,,0,False,False,False,22891.045,35.6165,0.18116604,0.34889042,-0.0015056385,0.21616918,0.22868137,0.011804692,False,False,False,False,0.18474787,0.7832325,False,False,61091.184844411706,,23,False,False,False,False,False,False,False,False,False,False,False,False,False,False,False,False,False,False,False,False,False,z
4,61091.183393621,lsst,150.41756223103977,0.7579336902646463,314011777182990477,170032904928231552,0,314011777182990477,-5031.282,361.3622,0,0,0,17202.916,358.0666,True,2026021900214,76,0.0,1.774516e-05,1.3629743e-05,4.1997253e-11,275.90744,0.23744097,172.74768,0.32585326,False,-6273.0664,919.4749,False,False,True,13.868381,,1694.9373,1681,-5421.9004,3.7704086,150.41756045374552,,0.7579389858967756,,0.9863218,,-87.707146,,,0,False,,,,,,,,0,False,False,False,22358.598,54.917175,0.16577128,0.23834026,-0.028050473,0.15691677,0.18043932,0.01692144,False,False,False,False,0.15256564,0.59188014,False,False,61091.185371689135,,20,False,False,False,False,False,False,False,False,False,False,False,False,False,False,False,False,False,False,False,False,False,z
4,61091.1843288749,lsst,150.41757748849935,0.7579775139340327,314011777182990477,170032905175171254,0,314011777182990477,-4849.75,363.41885,0,0,0,18133.615,356.77744,True,2026021900216,35,0.0,1.5820877e-05,1.1605984e-05,5.6814525e-11,2926.9932,0.19021484,2803.2935,0.29778856,False,-3929.645,923.9105,False,False,True,13.107122,,1704.0208,1681,-5038.133,17.162355,150.41757308796596,,0.7579761300081902,,1.1474308,,-104.49076,,,0,False,,,,,,,,0,False,False,False,23065.365,52.925694,0.08198433,0.21527858,-0.018588498,0.14927547,0.16731344,-0.012140119,False,False,False,False,0.014656947,0.7236668,False,False,61091.186138175646,,19,False,False,False,False,False,False,False,False,False,False,False,False,False,False,False,False,False,False,False,False,False,z
4,61091.185262266954,lsst,150.4175528961871,0.7579677366440786,314011777182990477,170032905443082479,0,314011777182990477,-5090.6855,342.94064,0,0,0,17960.738,336.7632,True,2026021900218,34,0.0,1.5183077e-05,1.3648579e-05,3.3986657e-11,2253.692,0.23359808,3492.7104,0.2841615,False,-4898.7485,920.6902,False,False,True,14.833798,,1704.4176,1681,-4984.88,3.5091527,150.41755460798862,,0.7579674497879193,,0.6825819,,-98.81888,,,0,False,,,,,,,,0,False,False,False,23127.596,77.06446,0.16277424,0.19477367,-0.013195541,0.12744763,0.13192488,-0.004267956,False,False,False,False,0.3722023,0.78228545,False,False,61091.18715634149,,17,False,False,False,False,False,False,False,False,False,False,False,False,False,False,False,False,False,False,False,False,False,z
4,61091.185729386816,lsst,150.4175601401907,0.7579686997163659,314011777182990477,170032905575727267,0,314011777182990477,-4459.5244,332.0916,0,0,0,18759.057,330.6539,True,2026021900219,31,0.0,1.2563525e-05,1.194418e-05,1.4203975e-11,1602.8363,0.20889482,1518.1345,0.23238981,False,-2474.4878,932.8801,False,False,True,13.54604,,1658.7028,1681,-4241.1353,2.3108652,150.41755956925726,,0.7579692323942979,,0.56463647,,27.065884,,,0,False,,,,,,,,0,False,False,False,23366.83,91.74106,0.107597694,0.12039148,0.012745788,0.10462264,0.12208013,0.00399112,False,False,False,False,9.151113e-05,0.6686926,False,False,61091.187513887926,,15,False,False,False,False,False,False,False,False,False,False,False,False,False,False,False,False,False,False,False,False,False,z
4,61091.18619452471,lsst,150.4175451787447,0.757968690837452,314011777182990477,170032905710993683,0,314011777182990477,-4558.614,331.45462,0,0,0,18398.236,328.05704,True,2026021900220,33,0.0,1.3821222e-05,1.424637e-05,-1.6278853e-11,1186.4899,0.26422974,3818.7593,0.24147049,False,-5360.778,944.4881,False,False,True,13.655965,,1684.8304,1681,-4333.7803,0.43739676,150.4175450719456,,0.757966498986597,,0.5664875,,-22.31836,,,0,False,,,,,,,,0,False,False,False,23041.637,85.40444,0.13793285,0.112008765,0.0059689768,0.09923755,0.1216712,0.01520414,False,False,False,False,0.046737354,0.81762254,False,False,61091.18798688328,,17,False,False,False,False,False,False,False,False,False,False,False,False,False,False,False,False,False,False,False,False,False,z
2,61091.18811639339,lsst,150.41754487878228,0.7579728032762839,314011777182990477,170032905920708728,0,314011777182990477,-1916.3143,156.90224,0,0,0,5463.67,155.19814,True,2026021900221,177,0.0,1.4437582e-05,1.3005545e-05,5.2703352e-11,1404.9686,0.28186965,159.39838,0.20762725,False,-1759.456,397.624,False,False,True,12.043664,,1699.8501,1681,-1844.9641,5.5078244,150.41754475685448,,0.757973954703945,,0.67178506,,75.12852,,,0,False,,,,,,,,0,False,False,False,7385.7607,38.526134,0.14349338,0.111940995,0.013208057,0.17115594,0.14246336,-0.0018513598,False,False,False,False,0.12649553,0.512329,False,False,61091.189842487875,,18,False,False,False,False,False,False,False,False,False,False,False,False,False,False,False,False,False,False,False,False,False,r
2,61091.18904850815,lsst,150.41753188450477,0.7579688620432978,314011777182990477,170032906181279944,0,314011777182990477,-1773.4531,146.94144,0,0,0,5475.5913,145.67476,True,2026021900223,162,0.0,1.4695428e-05,1.3881617e-05,7.087549e-11,2140.8977,0.29938507,3427.612,0.20748349,False,-1897.0449,391.81607,False,False,True,11.805363,,1712.4431,1681,-1740.9547,1.0274426,150.41753437543116,,0.7579691431222705,,0.8126459,,56.757805,,,0,False,,,,,,,,0,False,False,False,7301.215,35.9607,0.15571125,0.09465702,0.007824256,0.15750189,0.11370115,0.008704519,False,False,False,False,0.019853033,0.5084459,False,False,61091.19093338733,,15,False,False,False,False,False,False,False,False,False,False,False,False,False,False,False,False,False,False,False,False,False,r
2,61091.18951318039,lsst,150.41756259709837,0.7579759815331018,314011777182990477,170032906316546236,0,314011777182990477,-1808.0111,144.4191,0,0,0,5496.467,141.7813,True,2026021900224,164,0.0,1.4375502e-05,1.4211175e-05,4.683196e-11,597.6205,0.28535786,3414.5195,0.22609308,False,-2522.3772,389.1868,False,False,True,12.138383,,1688.1005,1681,-1761.2267,1.2958143,150.417560342969,,0.7579714111295499,,0.8474451,,55.30809,,,0,False,,,,,,,,0,False,False,False,7321.203,35.05378,0.18103927,0.11659647,0.010427649,0.13602509,0.112955496,0.0028030048,False,False,False,False,0.11220593,0.49199927,False,False,61091.19136337939,,16,False,False,False,False,False,False,False,False,False,False,False,False,False,False,False,False,False,False,False,False,False,r
2,61091.18997895213,lsst,150.41752504167923,0.7579736820977351,314011777182990477,170032906451812470,0,314011777182990477,-1709.6437,146.85191,0,0,0,5501.926,145.21088,True,2026021900225,166,0.0,1.30538265e-05,1.3403105e-05,8.241146e-11,1059.2211,0.28905943,1059.1692,0.17337593,False,-1564.2025,397.8668,False,False,True,11.329666,,1886.8025,1681,-1708.2363,7.7625732,150.41752413618337,,0.7579794995726464,,1.0592877,,28.691778,,,0,False,,,,,,,,0,False,False,False,7272.177,50.246155,0.15848735,0.05012297,-0.030452345,0.13686986,0.10517496,-0.0018857975,False,False,False,False,0.056216102,0.5105625,False,False,61091.191724471166,,16,False,False,False,False,False,False,False,False,False,False,False,False,False,False,False,False,False,False,False,False,False,r
2,61091.19055007529,lsst,150.41751891511686,0.7579820745262734,314011777182990477,170032906560864421,0,314011777182990477,-1844.1096,139.48438,0,0,0,5267.0054,137.89014,True,2026021900226,118,0.0,1.0643138e-05,1.1853027e-05,6.115256e-12,3202.1052,0.21462178,1912.6102,0.19050744,False,-2023.0742,379.4204,False,False,True,12.741362,,1689.253,1681,-1809.7246,5.3367233,150.41752261779985,,0.7579806216273498,,0.9542864,,51.86216,,,0,False,,,,,,,,0,False,False,False,7179.647,45.624554,0.10217133,0.084923565,0.048263077,0.12967756,0.11266664,0.009540635,False,False,False,False,0.14587909,0.5706779,False,False,61091.192375423045,,17,False,False,False,False,False,False,False,False,False,False,False,False,False,False,False,False,False,False,False,False,False,r
2,61091.19101204362,lsst,150.41751081741455,0.757958074549103,314011777182990477,170032906696655046,0,314011777182990477,-1940.3418,142.62636,0,0,0,5106.699,140.72766,True,2026021900227,121,0.0,1.0292688e-05,1.2025686e-05,6.1898373e-12,3147.9724,0.21750723,3579.3557,0.18454605,False,-2219.2708,384.66983,False,False,True,13.462924,,1690.323,1681,-1767.7251,2.5054295,150.4175120058695,,0.7579569074973372,,0.62637246,,-19.196918,,,0,False,,,,,,,,0,False,False,False,7093.31,38.589855,0.10908784,0.08866057,-0.014931884,0.12846516,0.11666031,0.0018183289,False,False,False,False,0.10837413,0.5068041,False,False,61091.19280859077,,15,False,False,False,False,False,False,False,False,False,False,False,False,False,False,False,False,False,False,False,False,False,r
2,61091.19147756044,lsst,150.41752962649846,0.7579676398083509,314011777182990477,170032906829824205,0,314011777182990477,-1811.6764,135.6284,0,0,0,5470.197,134.80644,True,2026021900228,119,0.0,8.838802e-06,1.4832369e-05,1.4662214e-11,3203.5237,0.26805383,2482.558,0.15756567,False,-1267.5176,378.5288,False,False,True,12.796499,,1795.9652,1681,-1808.6693,2.424942,150.4175317608271,,0.7579621963644624,,0.9927537,,13.338437,,,0,False,,,,,,,,0,False,False,False,7349.729,45.43031,0.15846923,0.057711888,0.013533025,0.1110894,0.11078005,-0.0025113113,False,False,False,False,0.0018224465,0.53099346,False,False,61091.193379537915,,16,False,False,False,False,False,False,False,False,False,False,False,False,False,False,False,False,False,False,False,False,False,r
2,61091.19194334913,lsst,150.4175198743095,0.7579676979592712,314011777182990477,170032906963517603,0,314011777182990477,-1948.8402,135.49297,0,0,0,5219.345,134.8084,True,2026021900229,118,0.0,8.569126e-06,1.0331128e-05,1.6894053e-12,1227.898,0.18632261,762.0786,0.15419655,False,-1889.3383,383.66794,False,False,True,14.17923,,1847.0352,1681,-1799.6057,4.249438,150.41751940472082,,0.7579667228738735,,0.6851936,,26.143927,,,0,False,,,,,,,,0,False,False,False,7227.523,69.97126,0.1142773,0.0839577,0.016064456,0.11081146,0.098005064,0.004855281,False,False,False,False,0.006692277,0.53239036,False,False,61091.19366083941,,16,False,False,False,False,False,False,False,False,False,False,False,False,False,False,False,False,False,False,False,False,False,r
2,61091.19288017563,lsst,150.41751926742202,0.7579705489933211,314011777182990477,170032907210457249,0,314011777182990477,-1622.4816,141.18465,0,0,0,5521.997,140.82617,True,2026021900231,77,0.0,1.085265e-05,9.237426e-06,1.6901078e-12,1537.7024,0.16631629,1445.2505,0.19539909,False,-829.09937,390.3543,False,False,True,11.152305,,1742.4941,1681,-1485.5422,9.963729,150.41751566105305,,0.757975175697083,,0.7350297,,60.42854,,,0,False,,,,,,,,0,False,False,False,7199.8184,50.88827,0.047029793,0.08064992,0.022501308,0.10979061,0.12388018,0.0023247858,False,False,False,False,0.4519319,0.43669114,False,False,61091.1947328979,,14,False,False,False,False,False,False,False,False,False,False,False,False,False,False,False,False,False,False,False,False,False,r
2,61091.193343182604,lsst,150.4175521100681,0.7580014507022788,314011777182990477,170032907343626377,0,314011777182990477,-1912.2943,157.4348,0,0,0,5240.2993,154.93109,True,2026021900232,75,0.0,1.4216e-05,1.2243953e-05,5.5344167e-12,3291.3933,0.220384,662.3135,0.25633788,False,-2450.038,412.6597,False,False,True,11.792846,,1621.3088,1681,-1865.7882,3.6478112,150.41755467144054,,0.7580004298264155,,0.75364596,,58.680878,,,0,False,,,,,,,,0,False,False,False,7161.2554,65.79385,0.099610284,0.13359194,0.020747056,0.13311815,0.14215545,0.007786786,False,False,False,False,0.077394985,0.5327817,False,False,61091.195133168185,,18,False,False,False,False,False,False,False,False,False,False,False,False,False,False,False,False,False,False,False,False,False,r
2,61091.193806567084,lsst,150.41753105070788,0.7579743156310715,314011777182990477,170032907478368475,0,314011777182990477,-1462.4246,142.83989,0,0,0,5765.642,140.97305,True,2026021900233,76,0.0,1.29295795e-05,1.2146664e-05,3.3170567e-12,1374.5664,0.21856306,3721.1277,0.23315138,False,-1291.6954,397.77036,False,False,True,10.006923,,1719.0424,1681,-1353.3518,2.2689042,150.41753417321897,,0.7579742342929984,,0.6069522,,37.630733,,,0,False,,,,,,,,0,False,False,False,7273.3315,59.88885,0.061316144,0.06357993,0.01783689,0.106405556,0.1138071,-0.00130263,False,False,False,False,0.4034372,0.43734154,False,False,61091.19565374883,,14,False,False,False,False,False,False,False,False,False,False,False,False,False,False,False,False,False,False,False,False,False,r
2,61091.19427260785,lsst,150.41754430192415,0.7579821711431536,314011777182990477,170032907610489025,0,314011777182990477,-1831.6362,148.011,0,0,0,5563.1167,147.3858,True,2026021900234,72,0.0,1.110453e-05,1.0602823e-05,2.3614838e-12,2926.0193,0.19081832,2325.2976,0.20035423,False,-1067.9241,402.99707,False,False,True,12.290824,,1673.4338,1681,-1691.4182,3.0221255,150.41754785887997,,0.757977995429858,,0.5359331,,67.636024,,,0,False,,,,,,,,0,False,False,False,7448.2847,77.41132,0.067442745,0.09196174,0.0046700975,0.12025537,0.12020803,-0.0120262,False,False,False,False,0.28991807,0.46326223,False,False,61091.19611634154,,15,False,False,False,False,False,False,False,False,False,False,False,False,False,False,False,False,False,False,False,False,False,r
2,61091.19473536946,lsst,150.41751239962528,0.7579592193863105,314011777182990477,170032907747852467,0,314011777182990477,-1659.7188,163.20927,0,0,0,5381.496,160.57668,True,2026021900235,78,0.0,1.34469765e-05,1.7663167e-05,-3.9187712e-11,685.1965,0.32421133,1565.4069,0.23482408,False,-1779.759,412.48352,False,False,True,9.652987,,1724.03,1681,-1643.2458,9.248755,150.41750936425706,,0.7579617107340639,,1.1184263,,-39.947655,,,0,False,,,,,,,,0,False,False,False,7040.679,81.57134,0.17888585,0.091460675,-0.050055817,0.17164457,0.14563751,-0.035353977,False,False,False,False,0.08337341,0.4870087,False,False,61091.196625062476,,18,False,False,False,False,False,False,False,False,False,False,False,False,False,False,False,False,False,False,False,False,False,r
3,61091.1965565696,lsst,150.41756264565834,0.7579486830102901,314011777182990477,170032907928207520,0,314011777182990477,-3169.62,215.44371,0,0,0,12218.762,209.62634,True,2026021900236,166,0.0,1.1967103e-05,1.2666756e-05,3.4808677e-11,1832.9944,0.24678293,1696.2094,0.19419567,False,-3376.5112,556.91205,False,False,True,14.603359,,1679.4954,1681,-3210.777,1.7156774,150.4175650731374,,0.7579508219901674,,0.93723726,,46.316753,,,0,False,,,,,,,,0,False,False,False,15449.515,21.757378,0.1904071,0.108875155,0.012309886,0.12839714,0.13123064,0.016012553,False,False,False,False,0.07309441,0.62107223,False,False,61091.19838959216,,17,False,False,False,False,False,False,False,False,False,False,False,False,False,False,False,False,False,False,False,False,False,i
3,61091.197490183404,lsst,150.41754354079887,0.7579711768112949,314011777182990477,170032908175147168,0,314011777182990477,-3241.1052,204.27309,0,0,0,12064.412,199.74045,True,2026021900238,125,0.0,1.12782e-05,1.1145499e-05,-2.699606e-12,422.9155,0.19962443,1685.5582,0.20447247,False,-3373.493,550.84625,False,False,True,15.682295,,1768.41,1681,-3014.0447,2.4874256,150.41754325301054,,0.757972574852914,,0.4900036,,-25.752066,,,0,False,,,,,,,,0,False,False,False,15344.7705,33.561398,0.13803092,0.14723462,-0.009369149,0.11963916,0.1036885,-0.0010238356,False,False,False,False,0.19366068,0.76823914,False,False,61091.199328523435,,17,False,False,False,False,False,False,False,False,False,False,False,False,False,False,False,False,False,False,False,False,False,i
3,61091.19795575959,lsst,150.41754519931143,0.7579663728179837,314011777182990477,170032908313034936,0,314011777182990477,-3624.7131,208.30049,0,0,0,12133.318,204.14264,True,2026021900239,132,0.0,9.091856e-06,1.0127357e-05,1.6090906e-11,2758.4377,0.19021398,3702.0542,0.15465699,False,-3195.4128,543.76807,False,False,True,17.339705,,1728.9304,1681,-3570.9072,0.8379423,150.4175457824898,,0.7579666576021487,,0.83176047,,4.176368,,,0,False,,,,,,,,0,False,False,False,15770.093,29.890667,0.15120496,0.108375855,-0.025189271,0.13325556,0.11507627,0.0047208285,False,False,False,False,0.0063587753,0.7977176,False,False,61091.19980940047,,18,False,False,False,False,False,False,False,False,False,False,False,False,False,False,False,False,False,False,False,False,False,i
3,61091.19938135061,lsst,150.4175644844798,0.7579660797118144,314011777182990477,170032908712018066,0,314011777182990477,-3370.495,206.01701,0,0,0,12314.415,199.61024,True,2026021900242,125,0.0,8.545125e-06,1.0445612e-05,9.724913e-12,322.38495,0.19040115,1538.8593,0.15135671,False,-3360.067,551.4579,False,False,True,16.158285,,1677.9144,1681,-3225.0781,4.775257,150.4175638764054,,0.7579677102907566,,0.7683396,,-11.560524,,,0,False,,,,,,,,0,False,False,False,15698.022,38.460873,0.12767161,0.092187,-0.021973137,0.12310053,0.10385755,-0.0025896542,False,False,False,False,0.002778925,0.7564044,False,False,61091.20124924298,,16,False,False,False,False,False,False,False,False,False,False,False,False,False,False,False,False,False,False,False,False,False,i
3,61091.20031271612,lsst,150.41755782888063,0.7579734521857682,314011777182990477,170032908976783530,0,314011777182990477,-2959.2515,203.50339,0,0,0,12477.284,197.86356,True,2026021900244,118,0.0,1.2336311e-05,1.2536334e-05,8.846734e-13,1993.4133,0.22612645,3140.4326,0.2220577,False,-3753.679,545.40784,False,False,True,14.143393,,1773.8146,1681,-2715.1724,5.530122,150.4175567315597,,0.7579813982005208,,0.41576302,,-2.4540005,,,0,False,,,,,,,,0,False,False,False,15477.684,34.087486,0.16916595,0.15535721,-0.0026570028,0.11808481,0.1098192,-0.0063338354,False,False,False,False,0.40136725,0.6853488,False,False,61091.2022091571,,16,False,False,False,False,False,False,False,False,False,False,False,False,False,False,False,False,False,False,False,False,False,i
3,61091.20124584455,lsst,150.41755534963116,0.7579622906034864,314011777182990477,170032909223723194,0,314011777182990477,-3240.5347,198.30322,0,0,0,12245.243,193.14188,True,2026021900246,77,0.0,8.426681e-06,1.0486771e-05,1.5722874e-12,1578.2606,0.1889986,3424.5908,0.15162323,False,-2695.3586,543.5242,False,False,True,16.054316,,1690.067,1681,-3099.9573,1.2912296,150.417555547856,,0.7579640938037691,,0.65207326,,1.9933547,,,0,False,,,,,,,,0,False,False,False,15543.952,37.68758,0.13782945,0.099002965,-0.00020385234,0.11250421,0.10491754,-0.0031363594,False,False,False,False,0.021450523,0.7167416,False,False,61091.20305947242,,16,False,False,False,False,False,False,False,False,False,False,False,False,False,False,False,False,False,False,False,False,False,i
3,61091.201710601716,lsst,150.41755699608956,0.757984879979298,314011777182990477,170032909356892352,0,314011777182990477,-3288.3716,215.59517,0,0,0,12284.141,211.38731,True,2026021900247,75,0.0,1.1607784e-05,1.1605418e-05,1.9283601e-14,3295.6482,0.20933187,3268.5847,0.20904201,False,-3305.3672,564.8953,False,False,True,15.056431,,1743.6813,1681,-3102.1614,1.0600519,150.41755858603472,,0.7579802402534503,,0.49961495,,-19.667576,,,0,False,,,,,,,,0,False,False,False,15597.786,40.87758,0.16486044,0.14775603,-0.0066411323,0.12360478,0.12334379,0.001051209,False,False,False,False,0.19654849,0.6664525,False,False,61091.20356927015,,18,False,False,False,False,False,False,False,False,False,False,False,False,False,False,False,False,False,False,False,False,False,i
3,61091.20217559941,lsst,150.41755185802282,0.7579718158765388,314011777182990477,170032909493207210,0,314011777182990477,-3639.6785,212.80301,0,0,0,12176.174,207.49124,True,2026021900248,79,0.0,9.423949e-06,9.245313e-06,2.670163e-13,1655.7377,0.16666739,1875.0625,0.16971138,False,-3314.992,551.0493,False,False,True,17.168976,,1696.827,1681,-3454.977,4.0557046,150.41755168323687,,0.757970560331366,,0.61059874,,17.367002,,,0,False,,,,,,,,0,False,False,False,15835.136,35.69187,0.12795417,0.1030798,0.01138858,0.120486595,0.14215676,-0.009009293,False,False,False,False,0.046530172,0.7318592,False,False,61091.2039984616,,17,False,False,False,False,False,False,False,False,False,False,False,False,False,False,False,False,False,False,False,False,False,i
3,61091.20264292219,lsst,150.41753810925331,0.7579632375456264,314011777182990477,170032909625327775,0,314011777182990477,-3236.9956,230.19261,0,0,0,12249.354,224.1196,True,2026021900249,75,0.0,1.3715514e-05,1.2423071e-05,4.025323e-12,2685.3506,0.22377151,752.7174,0.24733277,False,-3250.6035,566.01886,False,False,True,13.890436,,1802.8503,1681,-3211.0686,3.0067575,150.41753623318624,,0.7579696778921422,,0.676079,,12.451134,,,0,False,,,,,,,,0,False,False,False,15545.538,18.654325,0.18220977,0.1501806,0.012671555,0.1410836,0.16530274,-0.005313267,False,False,False,False,0.027286649,0.6730559,False,False,61091.204540293984,,20,False,False,False,False,False,False,False,False,False,False,False,False,False,False,False,False,False,False,False,False,False,i
3,61091.20310534898,lsst,150.41756380753876,0.7579662233734029,314011777182990477,170032909781565620,0,314011777182990477,-3460.7478,229.0695,0,0,0,12212.044,222.4,True,2026021900250,117,0.0,1.3490791e-05,1.3988481e-05,-2.3913465e-12,1196.1124,0.25271702,147.0602,0.24274927,False,-4482.7593,559.8663,False,False,True,14.937209,,1561.2305,1681,-3488.737,1.152442,150.41755087463795,,0.7579797150459963,,0.9835076,,-49.271404,,,0,False,,,,,,,,0,False,False,False,15626.67,31.164083,0.21571706,0.19661862,-0.044439916,0.16342078,0.14905499,-0.031290032,False,False,False,False,0.32985923,0.76819783,False,False,61091.2049849147,,21,False,False,False,False,False,False,False,False,False,False,False,False,False,False,False,False,False,False,False,False,False,i
1,61091.205870378675,lsst,150.41756613047005,0.75796966973321,314011777182990477,170032910163771491,0,314011777182990477,-716.83167,140.45824,0,0,0,1311.6985,140.04718,True,2026021900253,78,0.0,3.4351608e-05,4.664107e-05,1.6034294e-11,3586.2324,0.840898,69.44939,0.6182427,False,-469.55203,333.16324,False,False,True,5.101316,,1670.1477,1681,-883.2916,15.876817,150.41762257495998,,0.7578978532114544,,1.9465213,,-41.137722,,,0,False,,,,,,,,0,False,False,False,2046.6588,15.986109,0.30119136,0.25339824,-0.22664662,0.18469137,0.20714088,0.008077912,False,False,False,False,0.5710258,0.24149278,False,False,61091.20768138684,,12,False,False,False,False,False,False,False,False,False,False,False,False,False,False,False,False,False,False,False,False,False,g
4,61091.213358145265,lsst,150.4175608270373,0.7579305475239281,314011777182990477,170032911932719381,0,314011777182990477,-4407.913,527.0872,0,0,0,18317.44,530.3867,True,2026021900266,124,0.0,2.046812e-05,1.9606423e-05,-4.768979e-12,3965.6047,0.3531753,660.4526,0.3690706,False,-3994.229,1305.6677,False,False,True,8.049193,,1636.6907,1681,-4326.1646,43.266697,150.4175581150113,,0.7579357543025806,,1.0352516,,64.93043,,,0,False,,,,,,,,0,False,False,False,22937.018,45.979347,0.10307348,0.14595553,0.051665414,0.17185868,0.16004646,0.014736068,False,False,False,False,0.22843684,0.6521944,False,False,61091.215069493366,,16,False,False,False,False,False,False,False,False,False,False,False,False,False,False,False,False,False,False,False,False,False,z
4,61091.21382564063,lsst,150.41749723055108,0.7579894589626508,314011777182990477,170032912063266966,0,314011777182990477,-5547.763,827.64716,0,0,0,15993.36,843.1163,True,2026021900267,117,0.0,2.4177227e-05,2.8121001e-05,2.193324e-11,1941.638,0.50820774,2514.6562,0.4347107,False,-7288.4507,2113.6826,False,False,True,6.5584693,,1673.1957,1681,,,,,,,,,,,,0,False,,,,,,,,0,False,False,False,21620.436,46.510628,,,,0.17194788,0.15534733,0.01493731,True,False,False,False,,0.11817793,False,False,61091.21547827149,,14,False,False,False,False,False,False,False,False,False,False,False,False,False,False,False,False,False,False,False,False,False,z
4,61091.21579302594,lsst,150.41757402832798,0.7579694292126063,314011777182990477,170032912608002156,0,314011777182990477,-5947.633,850.29266,0,0,0,17766.094,866.59265,True,2026021900271,132,0.0,2.0832973e-05,2.1447137e-05,6.1414e-11,1115.9006,0.40681666,3540.5693,0.35318878,False,-6565.385,2081.0728,False,False,True,6.8955383,,1722.7329,1681,-5395.4287,6.9895835,150.4175729049466,,0.7579735290075418,,0.50189626,,0.19995953,,,0,False,,,,,,,,0,False,False,False,23715.42,41.657257,0.11205087,0.10709225,-0.010844844,0.19852775,0.17087612,0.00921208,False,False,False,False,0.53492844,0.13723943,False,False,61091.21757048581,,15,False,False,False,False,False,False,False,False,False,False,False,False,False,False,False,False,False,False,False,False,False,z
4,61091.21812550025,lsst,150.41755088607167,0.7579324637159162,314011777182990477,170032913272275094,0,314011777182990477,-4872.8525,669.33246,0,0,0,17884.852,680.7095,True,2026021900276,119,0.0,2.905012e-05,3.422151e-05,1.8149031e-10,3631.5254,0.6373991,2798.5403,0.49737328,False,-3021.8574,1709.8109,False,False,True,7.3431406,,1607.7136,1681,-5832.83,51.880306,150.4175584348408,,0.7579328468315332,,1.6205955,,64.12057,,,0,False,,,,,,,,0,False,False,False,22920.092,43.941296,0.27213907,0.22381991,0.14276844,0.16279764,0.16996907,0.0026723512,False,False,False,False,0.63265556,0.12089921,False,False,61091.219817886515,,16,False,False,False,False,False,False,False,False,False,False,False,False,False,False,False,False,False,False,False,False,False,z
4,61091.218591459605,lsst,150.4175763214933,0.7579458006716043,314011777182990477,170032913407541333,0,314011777182990477,-4900.934,552.9325,0,0,0,18266.46,557.5163,True,2026021900277,121,0.0,2.2582133e-05,1.9295385e-05,-6.080987e-11,1543.3618,0.33704916,934.10144,0.41586107,False,-5419.3706,1252.9982,False,False,True,8.7458,,1638.511,1681,-4771.95,46.85787,150.41757316710104,,0.7579339228849988,,1.0419004,,-67.4754,,,0,False,,,,,,,,0,False,False,False,23229.232,25.434286,0.10496048,0.21277367,-0.0031414947,0.21621037,0.2119373,-0.0006342993,False,False,False,False,0.30013648,0.65437955,False,False,61091.2205621254,,19,False,False,False,False,False,False,False,False,False,False,False,False,False,False,False,False,False,False,False,False,False,z
2,61091.22184939298,lsst,150.4175315790203,0.7580007534732136,314011777182990477,170032913944412250,0,314011777182990477,-2044.891,245.63121,0,0,0,5165.3022,247.61903,True,2026021900281,121,0.0,1.9657356e-05,3.546994e-05,6.02515e-11,2732.0835,0.6404541,2873.0134,0.3521457,False,-1870.6661,546.2903,False,False,True,8.202007,,1706.2155,1681,-2177.811,13.430641,150.41753138465376,,0.757998435002486,,1.3468623,,-11.040629,,,0,False,,,,,,,,0,False,False,False,7300.975,14.3589325,0.2969921,0.1335592,-0.04688953,0.27798164,0.1740431,0.0010682825,False,False,False,False,0.012696607,0.4336007,False,False,61091.22369141309,,21,False,False,False,False,False,False,False,False,False,False,False,False,False,False,False,False,False,False,False,False,False,r
2,61091.22278103921,lsst,150.41752087963613,0.7579421381193706,314011777182990477,170032914188730467,0,314011777182990477,-2070.0073,231.12015,0,0,0,5318.456,230.7826,True,2026021900283,75,0.0,2.2328464e-05,3.3175726e-05,-1.7840635e-11,3490.306,0.5984322,3004.7717,0.40181884,False,-2737.7031,519.94885,False,False,True,8.790345,,1671.5061,1681,-2450.288,7.5214205,150.41752190679938,,0.7579366468276173,,1.7465686,,24.510588,,,0,False,,,,,,,,0,False,False,False,7364.0117,13.050606,0.41562212,0.21537533,0.12980266,0.24472506,0.19106588,0.013352549,False,False,False,False,0.66558963,0.5246196,False,False,61091.224702466265,,21,False,False,False,False,False,False,False,False,False,False,False,False,False,False,False,False,False,False,False,False,False,r
2,61091.22429989655,lsst,150.41754446463628,0.7579674960701425,314011777182990477,170032914621268071,0,314011777182990477,-1784.9799,266.7167,0,0,0,5506.512,268.8467,True,2026021900286,132,0.0,3.5115358e-05,3.55667e-05,8.235372e-11,1162.3392,0.6576138,3600.765,0.6148555,False,-1933.007,609.3577,False,False,True,6.6654816,,1722.4099,1681,-2032.359,8.281427,150.41752832793944,,0.7579873730592757,,1.6137915,,-27.328949,,,0,False,,,,,,,,0,False,False,False,7320.9233,16.86866,0.2163812,0.39921987,-0.09985819,0.24189736,0.20555598,0.01736344,False,False,False,False,0.546586,0.26511985,False,False,61091.22621093627,,18,False,False,False,False,False,False,False,False,False,False,False,False,False,False,False,False,False,False,False,False,False,r
2,61091.22476381732,lsst,150.41751401485317,0.7579450609093328,314011777182990477,170032914772787276,0,314011777182990477,-2216.0127,355.2213,0,0,0,4933.3125,361.24805,True,2026021900287,165,0.0,3.4371442e-05,3.5517107e-05,1.2509989e-10,3802.4995,0.6625399,391.83432,0.59516686,False,-1342.7687,789.13226,False,False,True,6.164761,,1751.0048,1681,-2344.433,13.026466,150.41751300290278,,0.7579469937911726,,1.2324232,,44.024708,,,0,False,,,,,,,,0,False,False,False,7226.798,41.70039,0.32087013,0.17888387,0.021027097,0.27981552,0.22107066,0.0066705113,False,False,False,False,3.2059914e-05,0.25608212,False,False,61091.226657602805,,18,False,False,False,False,False,False,False,False,False,False,False,False,False,False,False,False,False,False,False,False,False,r
2,61091.22522944204,lsst,150.417601345762,0.7579996262928487,314011777182990477,170032914890227825,0,314011777182990477,-1707.6571,238.80621,0,0,0,5436.3403,241.2211,True,2026021900288,133,0.0,5.4691784e-05,5.069664e-05,-4.553549e-10,947.53076,0.8594393,2150.8127,1.0316279,False,-2301.8926,546.32355,False,False,True,7.1753316,,1637.3268,1681,-1927.1938,4.5603375,150.41759026754818,,0.7579987692529021,,1.3132347,,-45.228973,,,0,False,,,,,,,,0,False,False,False,7138.038,18.451742,0.27576354,0.4246109,-0.033312812,0.24959089,0.20657729,0.009366602,False,False,False,False,0.80505496,0.4136533,False,False,61091.227324716274,,19,False,False,False,False,False,False,False,False,False,False,False,False,False,False,False,False,False,False,False,False,False,r
2,61091.2256952425,lsst,150.41756301935143,0.7579718317093916,314011777182990477,170032915020251242,0,314011777182990477,-1884.6609,255.6343,0,0,0,5547.059,256.8381,True,2026021900289,125,0.0,2.7042854e-05,3.1518957e-05,2.2883118e-10,3154.5474,0.60461706,3466.2349,0.44078806,False,-1686.0464,570.0742,False,False,True,7.2577667,,1489.0099,1681,-1923.546,4.273455,150.41756222611122,,0.757965445934699,,1.0179133,,54.65925,,,0,False,,,,,,,,0,False,False,False,7497.2373,15.871804,0.25601357,0.19267984,0.03686244,0.2538655,0.23180357,0.008501198,False,False,False,False,0.03463803,0.39147,False,False,61091.22775072066,,20,False,False,False,False,False,False,False,False,False,False,False,False,False,False,False,False,False,False,False,False,False,r
2,61091.227095847906,lsst,150.41760154324922,0.7579693038831431,314011777182990477,170032915420807255,0,314011777182990477,-2472.4768,406.66937,0,0,0,4609.7383,413.31372,True,2026021900292,121,0.0,2.7679202e-05,3.3784163e-05,1.7147102e-10,1582.9185,0.6266128,1023.35425,0.47632593,False,-1979.4114,1036.1333,False,False,True,6.0934596,,1626.6685,1681,-2464.0134,39.72454,150.4175939436271,,0.7579779291453385,,0.91345996,,-32.392704,,,0,False,,,,,,,,0,False,False,False,7142.9683,33.095333,0.09164347,0.116504066,-0.04101307,0.20857434,0.16076386,-0.0014386341,False,False,False,False,0.5857227,0.20591928,False,False,61091.2287799185,,13,False,False,False,False,False,False,False,False,False,False,False,False,False,False,False,False,False,False,False,False,False,r
2,61091.22802527272,lsst,150.41752719160445,0.7579832446160882,314011777182990477,170032915687669903,0,314011777182990477,-1813.2435,177.8367,0,0,0,5425.5903,176.9057,True,2026021900294,118,0.0,1.539982e-05,1.6854528e-05,1.3901708e-11,80.83849,0.30597284,3130.9622,0.27509102,False,-1805.5946,452.35144,False,False,True,10.13297,,1771.5536,1681,-1687.09,3.565131,150.41753039592965,,0.7579821324105084,,0.5183276,,51.260006,,,0,False,,,,,,,,0,False,False,False,7260.6313,56.57335,0.13882054,0.13169032,0.011217584,0.18918945,0.13677551,-0.014638482,False,False,False,False,0.11148037,0.45259014,False,False,61091.229905373315,,17,False,False,False,False,False,False,False,False,False,False,False,False,False,False,False,False,False,False,False,False,False,r
2,61091.228487750166,lsst,150.41754390847967,0.7580104922399511,314011777182990477,170032915825033335,0,314011777182990477,-1893.6448,210.64136,0,0,0,5125.4688,210.09354,True,2026021900295,124,0.0,1.6242426e-05,2.3384222e-05,6.202119e-11,1611.5668,0.42666605,2553.2495,0.28537682,False,-1573.0464,534.2387,False,False,True,8.703536,,1714.0591,1681,-1999.266,16.12855,150.41754566809993,,0.7580088510502744,,1.2598894,,3.647268,,,0,False,,,,,,,,0,False,False,False,7116.9067,70.39619,0.26178014,0.10214431,-0.023161795,0.20347397,0.1444441,-0.025213277,False,False,False,False,0.009189097,0.40888807,False,False,61091.23020981623,,18,False,False,False,False,False,False,False,False,False,False,False,False,False,False,False,False,False,False,False,False,False,r
3,61091.28458085817,lsst,150.41758321784485,0.7579774551143474,314011777182990477,170032928262717573,0,314011777182990477,-2932.5398,317.7893,0,0,0,12799.665,317.22815,True,2026021900388,39,0.0,2.2064822e-05,2.1869851e-05,-2.0173804e-11,394.44446,0.40398636,3055.2896,0.38698336,False,-2094.2188,771.52893,False,False,True,9.056223,,1636.6012,1681,-3275.0227,12.164872,150.4175777189967,,0.7579889158323948,,1.4790068,,-9.930638,,,0,False,,,,,,,,0,False,False,False,15719.24,14.983066,0.2657548,0.22964953,0.11344428,0.17820956,0.19066855,0.018108524,False,False,False,False,0.41895083,0.42253637,False,False,61091.2864959163,,18,False,False,False,False,False,False,False,False,False,False,False,False,False,False,False,False,False,False,False,False,False,i
3,61091.28504779168,lsst,150.417592489933,0.7579893820822646,314011777182990477,170032928391692374,0,314011777182990477,-3121.3142,427.23163,0,0,0,12075.668,429.70242,True,2026021900389,29,0.0,5.7705292e-05,5.6322504e-05,-2.4849484e-10,2572.3594,1.0679237,1208.6627,0.98537225,False,-4470.026,960.9473,False,False,True,7.4913187,,1751.279,1681,-3474.382,23.612835,150.41756739628173,,0.7580012749642536,,1.3358176,,-40.897785,,,0,False,,,,,,,,0,False,False,False,15244.096,15.625132,0.49544063,0.3449836,0.034779504,0.22014934,0.24038926,0.027002499,False,False,False,False,0.98027235,0.5037032,False,False,61091.28662945286,,20,False,False,False,False,False,False,False,False,False,False,False,False,False,False,False,False,False,False,False,False,False,i
3,61094.12090321916,lsst,150.4175346194965,0.7579861763409371,314011777182990477,170046089988145278,0,314011777182990477,-3516.83,260.21365,0,0,0,12000.213,254.70572,True,2026022200146,166,0.0,1.9409172e-05,1.6898233e-05,5.7538044e-11,1001.852,0.3623496,2831.2244,0.28955942,False,-3237.9424,561.94946,False,False,True,13.42917,,1707.2731,1681,-3786.5679,0.9022239,150.41753369011627,,0.7579852753717355,,1.1480548,,68.0887,,,0,False,,,,,,,,0,False,False,False,15538.538,21.757639,0.3701017,0.2488477,0.008625595,0.26738515,0.23640335,0.0018424022,False,False,False,False,0.281086,0.6302877,False,False,61094.122790278605,,23,False,False,False,False,False,False,False,False,False,False,False,False,False,False,False,False,False,False,False,False,False,i
3,61094.12183275723,lsst,150.41750830226266,0.7579646025755937,314011777182990477,170046090256580725,0,314011777182990477,-2898.544,265.1874,0,0,0,12374.866,260.61038,True,2026022200148,166,0.0,1.75918e-05,1.6205368e-05,4.7762197e-11,3891.4136,0.33172518,2540.9832,0.27518776,False,-2032.4081,561.81757,False,False,True,10.427916,,1597.389,1681,-3343.23,11.285301,150.41751913811518,,0.7579751909977228,,1.7628071,,68.089485,,,0,False,,,,,,,,0,False,False,False,15330.706,20.087662,0.48269522,0.17095602,0.057835735,0.3036283,0.23804034,0.024351386,False,False,False,False,0.251814,0.43254584,False,False,61094.12361985701,,24,False,False,False,False,False,False,False,False,False,False,False,False,False,False,False,False,False,False,False,False,False,i
3,61094.12229982676,lsst,150.4175541043864,0.7579587122921203,314011777182990477,170046090391322800,0,314011777182990477,-3257.7197,255.94635,0,0,0,12345.033,250.79677,True,2026022200149,167,0.0,1.9914538e-05,1.8303243e-05,8.565967e-11,2361.6667,0.38484505,1291.3048,0.2988511,False,-3228.512,556.79553,False,False,True,12.6955385,,1696.0065,1681,-3502.6611,3.4188995,150.4175443363453,,0.7579586677409178,,1.0749933,,38.6699,,,0,False,,,,,,,,0,False,False,False,15624.369,22.604242,0.31462938,0.22381276,-0.028738411,0.28296775,0.21510744,0.024331331,False,False,False,False,0.040145256,0.62343746,False,False,61094.12421017532,,23,False,False,False,False,False,False,False,False,False,False,False,False,False,False,False,False,False,False,False,False,False,i
3,61094.122763854,lsst,150.41754428999067,0.7579701476867157,314011777182990477,170046090527113322,0,314011777182990477,-3550.882,287.65393,0,0,0,12059.385,283.17914,True,2026022200150,170,0.0,2.2192236e-05,2.2925991e-05,-7.169678e-11,2670.6943,0.37586275,2390.0835,0.43566105,False,-3749.1143,570.67096,False,False,True,12.328001,,1672.0254,1681,-3909.8774,17.83494,150.4175386836381,,0.757968330954534,,1.5619951,,-1.8157862,,,0,False,,,,,,,,0,False,False,False,15663.081,11.74665,0.27611566,0.34931943,-0.11908064,0.30182147,0.27359238,0.013949456,False,False,False,False,0.05307732,0.57483613,False,False,61094.12483809809,,24,False,False,False,False,False,False,False,False,False,False,False,False,False,False,False,False,False,False,False,False,False,i
3,61094.123229918376,lsst,150.41756102944345,0.7579753958837396,314011777182990477,170046090657136810,0,314011777182990477,-3337.8552,239.69595,0,0,0,12509.2295,233.17873,True,2026022200151,162,0.0,1.383562e-05,1.3808102e-05,7.7107293e-13,3648.3926,0.24949645,2696.1687,0.24859533,False,-2072.2288,553.65265,False,False,True,14.163907,,1707.021,1681,-3469.1084,14.049629,150.41754746707116,,0.7579735700380237,,1.141357,,-27.780743,,,0,False,,,,,,,,0,False,False,False,15818.584,15.690633,0.08139082,0.204579,-0.030958682,0.20652512,0.17454502,0.006100015,False,False,False,False,0.2571572,0.66071343,False,False,61094.125235893574,,19,False,False,False,False,False,False,False,False,False,False,False,False,False,False,False,False,False,False,False,False,False,i
3,61094.12369408317,lsst,150.41754746224785,0.7579539411186309,314011777182990477,170046090793975969,0,314011777182990477,-3283.5803,232.00778,0,0,0,12024.129,224.37767,True,2026022200152,167,0.0,1.5221807e-05,1.5218057e-05,-8.978125e-12,289.39844,0.2687699,3945.2402,0.27982312,False,-3250.2546,555.4943,False,False,True,14.236962,,1776.0935,1681,-3283.5354,3.3741875,150.41754277749266,,0.7579553678229862,,0.72591263,,-41.785007,,,0,False,,,,,,,,0,False,False,False,15250.429,17.736515,0.14145298,0.18888135,-0.0021538588,0.16990487,0.17107746,0.0077085104,False,False,False,False,0.004159405,0.6538216,False,False,61094.12563516036,,19,False,False,False,False,False,False,False,False,False,False,False,False,False,False,False,False,False,False,False,False,False,i
3,61094.124630810795,lsst,150.41754269070603,0.757996704494741,314011777182990477,170046091040391359,0,314011777182990477,-3714.7727,239.09026,0,0,0,11754.619,234.39612,True,2026022200154,125,0.0,1.4417065e-05,1.4404083e-05,1.0099081e-12,1500.7499,0.26028562,3079.2954,0.25906375,False,-4116.3467,550.81494,False,False,True,15.572756,,1624.576,1681,-3718.7283,2.038988,150.41754332171737,,0.7580087215111329,,0.9196009,,-8.280825,,,0,False,,,,,,,,0,False,False,False,15472.399,14.165959,0.20414943,0.21319133,-0.03881726,0.18951994,0.19649538,-0.012782572,False,False,False,False,0.0313442,0.71258694,False,False,61094.12691361639,,21,False,False,False,False,False,False,False,False,False,False,False,False,False,False,False,False,False,False,False,False,False,i
3,61094.125095146046,lsst,150.41753422017237,0.7579490566398891,314011777182990477,170046091194007709,0,314011777182990477,-2886.9817,234.93701,0,0,0,12555.592,227.22539,True,2026022200155,162,0.0,1.7766648e-05,1.819309e-05,2.7975693e-11,1644.55,0.33813792,891.38153,0.30917305,False,-2642.3262,551.423,False,False,True,12.319208,,1756.7322,1681,-3118.3145,7.3589907,150.41753811383202,,0.7579560288198629,,1.2235694,,-5.0537467,,,0,False,,,,,,,,0,False,False,False,15435.928,15.594439,0.20678277,0.19043845,-0.075457655,0.16174482,0.1933785,0.011435325,False,False,False,False,0.06059277,0.6263552,False,False,61094.12713936927,,21,False,False,False,False,False,False,False,False,False,False,False,False,False,False,False,False,False,False,False,False,False,i
3,61094.125563195266,lsst,150.4175569935841,0.757987509796287,314011777182990477,170046091328225461,0,314011777182990477,-3042.4067,244.83434,0,0,0,12597.386,238.72383,True,2026022200156,162,0.0,1.6269552e-05,1.4354457e-05,-6.954093e-11,1935.812,0.22782199,3684.0337,0.31785884,False,-2654.1084,555.5176,False,False,True,12.377479,,1659.2699,1681,-3207.5664,11.722726,150.41754842568596,,0.757986405790261,,1.2209026,,100.82609,,,0,False,,,,,,,,0,False,False,False,15598.187,15.918315,0.13786684,0.24419549,0.054467574,0.18474573,0.20334475,0.025085596,False,False,False,False,0.0011726656,0.51450336,False,False,61094.12811669169,,20,False,False,False,False,False,False,False,False,False,False,False,False,False,False,False,False,False,False,False,False,False,i
3,61094.12696521153,lsst,150.41754535015403,0.7579358802016802,314011777182990477,170046091710955628,0,314011777182990477,-3372.8213,256.88098,0,0,0,12097.328,249.76596,False,2026022200159,124,,1.9940433e-05,1.7629896e-05,-5.034108e-11,1933.0181,0.30588037,457.7689,0.3695561,False,-3872.7449,556.39087,False,False,True,13.049997,,1725.2582,1681,-3772.107,1.9567754,150.4175473296435,,0.757937709762009,,1.59701,,-53.948647,,,0,False,,,,,,,,0,False,False,False,15460.85,18.604515,0.20567735,0.4465331,-0.049734704,0.20551643,0.22209065,0.019103246,False,False,False,False,0.7720812,0.63553303,False,False,61102.646898802326,,21,False,False,False,False,False,False,False,False,False,False,False,False,False,False,False,False,False,False,False,False,False,i
3,61094.12758052115,lsst,150.417530750202,0.7579447589698395,314011777182990477,170046091872960637,0,314011777182990477,-3063.3674,252.14305,0,0,0,12182.896,244.9763,False,2026022200160,177,,3.828476e-05,3.9654216e-05,-2.04831e-11,208.56978,0.68860745,1356.4363,0.71628594,False,-3562.2378,555.50793,False,False,True,12.026142,,1664.3053,1681,-3641.3906,11.9021635,150.41753001024847,,0.7579573233843807,,1.6121626,,18.741964,,,0,False,,,,,,,,0,False,False,False,15293.087,27.873009,0.26322806,0.4053466,-0.11196699,0.24847816,0.2146718,0.006845531,False,False,False,False,0.68087435,0.6347485,False,False,61102.604998031486,,23,False,False,False,False,False,False,False,False,False,False,False,False,False,False,False,False,False,False,False,False,False,i
1,61094.14008999893,lsst,150.41750652150185,0.7579284794070479,314011777182990477,170046093854769349,0,314011777182990477,-639.41077,108.06266,0,0,0,1254.2151,106.60117,True,2026022200175,117,0.0,4.2458843e-05,3.3425225e-05,-9.477054e-11,2546.9453,0.59924126,783.8976,0.76709193,False,-293.54837,239.04103,False,False,True,6.05753,,1705.3641,1681,-805.7642,5.477287,150.41751397463545,,0.7579268765057972,,2.2656069,,-32.642815,,,0,False,,,,,,,,0,False,False,False,1943.8489,7.308421,0.46758825,0.37379655,-0.29237545,0.2527871,0.21289368,0.015465928,False,False,False,False,0.97754335,0.2883509,False,False,61094.14228195067,,17,False,False,False,False,False,False,False,False,False,False,False,False,False,False,False,False,False,False,False,False,False,g
1,61094.14056508511,lsst,150.4175829608051,0.7579977054170384,314011777182990477,170046093989511314,0,314011777182990477,-648.2885,103.97845,0,0,0,1328.299,102.626366,True,2026022200176,118,0.0,3.068822e-05,3.1141957e-05,3.2692323e-12,232.88162,0.56145275,517.84454,0.552285,False,-675.4917,237.72264,False,False,True,6.1187367,,1699.7583,1681,-688.59015,3.3776286,150.41757181215243,,0.7579991488539097,,1.543903,,52.57838,,,0,False,,,,,,,,0,False,False,False,1987.163,12.3657675,0.19060935,0.2154537,0.13515633,0.21369357,0.20566823,0.0182298,False,False,False,False,0.005265175,0.32139307,False,False,61094.14260305108,,15,False,False,False,False,False,False,False,False,False,False,False,False,False,False,False,False,False,False,False,False,False,g
4,61094.14239668088,lsst,150.41756791350943,0.75799450964743,314011777182990477,170046094149419146,0,314011777182990477,-4452.01,411.31,0,0,0,18464.854,405.69174,True,2026022200177,167,0.0,2.1957916e-05,2.2833166e-05,-4.42515e-11,3394.3198,0.38339478,1588.7955,0.42290887,False,-6127.704,972.72845,False,False,True,10.715977,,1726.4833,1681,-4479.872,1.039424,150.41756237140459,,0.7579866727711105,,0.91077125,,133.53749,,,0,False,,,,,,,,0,False,False,False,22995.291,49.247593,0.20590682,0.27308887,0.017224593,0.22197545,0.1685372,0.0108136,False,False,False,False,0.2220722,0.67789906,False,False,61094.14419635649,,19,False,False,False,False,False,False,False,False,False,False,False,False,False,False,False,False,False,False,False,False,False,z
4,61094.14285959945,lsst,150.41757166430068,0.7579654001676059,314011777182990477,170046094285209768,0,314011777182990477,-4499.016,423.27838,0,0,0,18661.783,415.91736,True,2026022200178,170,0.0,2.4772466e-05,2.3395107e-05,1.00762954e-10,3910.4119,0.47201917,2671.029,0.39312991,False,-5285.669,1000.29175,False,False,True,10.685996,,1767.092,1681,-4367.906,1.2487545,150.41757016739697,,0.7579635268269359,,0.70596397,,119.230515,,,0,False,,,,,,,,0,False,False,False,23084.043,44.304928,0.18280654,0.2116083,0.016815694,0.21610013,0.17804554,0.005582518,False,False,False,False,2.3057785e-06,0.66986555,False,False,61094.144748631494,,18,False,False,False,False,False,False,False,False,False,False,False,False,False,False,False,False,False,False,False,False,False,z
4,61094.143329136816,lsst,150.4175869692508,0.7579789326716269,314011777182990477,170046094415757488,0,314011777182990477,-4318.4023,415.42624,0,0,0,18942.285,408.81134,True,2026022200179,163,0.0,2.3676168e-05,2.2496592e-05,1.1649991e-10,371.46466,0.4603064,3318.7388,0.36667234,False,-4995.1074,996.1783,False,False,True,10.413998,,1659.8044,1681,-4485.0864,20.875454,150.41758110352447,,0.7579770238656828,,1.1871852,,114.801895,,,0,False,,,,,,,,0,False,False,False,23266.031,60.155453,0.1304618,0.21751826,0.058042765,0.21995355,0.15976995,0.008697656,False,False,False,False,0.032700054,0.7186619,False,False,61094.14518648604,,18,False,False,False,False,False,False,False,False,False,False,False,False,False,False,False,False,False,False,False,False,False,z
4,61094.143800157864,lsst,150.4175747449666,0.7579304770845707,314011777182990477,170046094553645192,0,314011777182990477,-5249.085,396.8761,0,0,0,17140.383,391.2643,True,2026022200180,170,0.0,1.6916467e-05,1.599743e-05,1.3946432e-10,1429.5885,0.36532214,118.06962,0.2062945,False,-5981.8433,986.03925,False,False,True,13.006902,,1652.7542,1681,-5201.3525,9.274763,150.41756314132937,,0.7579220450094737,,0.7755729,,80.441284,,,0,False,,,,,,,,0,False,False,False,22395.953,57.310314,0.12667358,0.10229042,0.02596865,0.2118222,0.14918965,0.009085611,False,False,False,False,0.45421806,0.7421381,False,False,61094.14554507528,,19,False,False,False,False,False,False,False,False,False,False,False,False,False,False,False,False,False,False,False,False,False,z
4,61094.14523830141,lsst,150.41755817602802,0.7580022295644462,314011777182990477,170046094952104101,0,314011777182990477,-4574.121,392.76248,0,0,0,18214.375,386.7499,False,2026022200183,162,,3.482565e-05,4.0004015e-05,9.54431e-10,2503.4724,0.8789885,1605.9933,0.37493435,False,-5564.5415,972.6395,False,False,True,11.4989605,,1610.1893,1681,-4680.816,6.5678415,150.4175509087051,,0.7580032354599939,,0.9693423,,15.96714,,,0,False,,,,,,,,0,False,False,False,22898.285,62.987186,0.2150855,0.15370145,-0.03239643,0.19770898,0.14336121,0.025622241,False,False,False,False,0.027823944,0.7664207,False,False,61102.68566364555,,20,False,False,False,False,False,False,False,False,False,False,False,False,False,False,False,False,False,False,False,False,False,z
4,61094.14570226861,lsst,150.41757880059333,0.7579519951862506,314011777182990477,170046095087894786,0,314011777182990477,-5475.834,385.43436,0,0,0,17514.035,379.53397,False,2026022200184,165,,1.1025425e-05,1.1155531e-05,5.0868346e-12,2885.695,0.20408821,156.99593,0.19562262,False,-5690.33,982.68176,False,False,True,13.902861,,1658.486,1681,-5459.6826,15.251946,150.41757918615232,,0.7579473305889722,,0.84432536,,66.978874,,,0,False,,,,,,,,0,False,False,False,23018.365,62.08547,0.12620194,0.09288004,0.03095356,0.15431283,0.16402498,0.011853237,False,False,False,False,0.3215151,0.6537425,False,False,61102.59119026177,,19,False,False,False,False,False,False,False,False,False,False,False,False,False,False,False,False,False,False,False,False,False,z
4,61094.146191109,lsst,150.41753934113635,0.757941656629613,314011777182990477,170046095220539541,0,314011777182990477,-4659.7344,391.91052,0,0,0,18097.086,382.2598,False,2026022200185,162,,2.9160903e-05,3.2696724e-05,2.5305405e-10,1772.6735,0.63321966,544.61395,0.47134942,False,-5789.7974,977.36804,False,False,True,11.794908,,1650.4384,1681,-4881.5464,5.7410793,150.41752457099668,,0.7579401423565815,,1.0740651,,27.409739,,,0,False,,,,,,,,0,False,False,False,22737.91,51.38061,0.26381692,0.15530649,-0.011133429,0.17652366,0.1504481,0.020656517,False,False,False,False,0.27770576,0.75421554,False,False,61102.57750385036,,19,False,False,False,False,False,False,False,False,False,False,False,False,False,False,False,False,False,False,False,False,False,z
4,61094.14714432492,lsst,150.41754390410526,0.7579584510500139,314011777182990477,170046095469052082,0,314011777182990477,-5243.3853,407.78275,0,0,0,17968.977,405.37875,False,2026022200187,124,,1.4852911e-05,1.7334934e-05,5.683885e-11,2615.2234,0.32756403,1525.7089,0.24911502,False,-4376.8433,1004.4985,False,False,True,12.8433485,,1653.5757,1681,-5331.2173,1.2150685,150.41754272684898,,0.7579640691632465,,0.8996231,,15.142104,,,0,False,,,,,,,,0,False,False,False,23306.432,41.222103,0.21940817,0.15067482,-0.015536436,0.19182223,0.1513434,0.006543392,False,False,False,False,0.026121741,0.8053622,False,False,61102.596004526364,,19,False,False,False,False,False,False,False,False,False,False,False,False,False,False,False,False,False,False,False,False,False,z
4,61094.1481691792,lsst,150.41752783683407,0.7580002872042882,314011777182990477,170046095758983332,0,314011777182990477,-4493.964,406.84082,0,0,0,17741.428,398.9968,False,2026022200189,165,,3.866662e-05,2.9928327e-05,7.1090067e-10,1863.7506,0.79928964,743.62695,0.3713069,False,-5512.1533,989.552,False,False,True,10.649712,,1675.0492,1681,-4834.901,9.89382,150.41752084579113,,0.7579980230674107,,1.3427618,,53.73772,,,0,False,,,,,,,,0,False,False,False,22312.898,44.028767,0.2868513,0.09511929,-0.0089535,0.20081683,0.15888645,0.00645671,False,False,False,False,0.017136253,0.72517437,False,False,61102.591874415986,,19,False,False,False,False,False,False,False,False,False,False,False,False,False,False,False,False,False,False,False,False,False,z
4,61094.14863428971,lsst,150.41755955875922,0.7579930590869479,314011777182990477,170046095893201061,0,314011777182990477,-6048.903,437.33334,0,0,0,17007.613,434.56873,False,2026022200190,165,,1.3835284e-05,1.2368937e-05,6.424795e-11,3593.024,0.2787246,2377.6667,0.18493891,False,-4414.857,999.9355,False,False,True,13.614826,,1705.0762,1681,-5976.119,9.992467,150.4175593648758,,0.7579874357219866,,0.9622487,,75.061745,,,0,False,,,,,,,,0,False,False,False,23169.021,25.948467,0.17244755,0.10615194,0.031645387,0.25494757,0.1848754,0.0071414383,False,False,False,False,0.52336335,0.6830598,False,False,61102.652499916105,,21,False,False,False,False,False,False,False,False,False,False,False,False,False,False,False,False,False,False,False,False,False,z
4,61094.14911882104,lsst,150.41755876220776,0.7579729832048565,314011777182990477,170046096027943061,0,314011777182990477,-4875.463,432.2942,0,0,0,18683.502,428.30896,False,2026022200191,166,,1.6236905e-05,1.6105518e-05,9.6856655e-12,524.17755,0.29679975,834.2903,0.2860433,False,-4530.756,999.1463,False,False,True,11.17391,,1740.4619,1681,-4732.5703,24.832848,150.41755613881125,,0.7579659083974839,,0.83963376,,96.44701,,,0,False,,,,,,,,0,False,False,False,23642.57,29.832195,0.11717317,0.120283686,0.034202706,0.21195766,0.19604819,0.0018671465,False,False,False,False,0.59079397,0.60077506,False,False,61102.6510291733,,18,False,False,False,False,False,False,False,False,False,False,False,False,False,False,False,False,False,False,False,False,False,z
2,61094.154117818856,lsst,150.4175273952647,0.7579692343166721,314011777182990477,170046097078091907,0,314011777182990477,-1826.7716,157.6044,0,0,0,5506.3447,155.10976,False,2026022200199,121,,1.6966242e-05,2.4950694e-05,4.4030002e-11,2006.1614,0.4518599,2199.852,0.30253264,False,-2004.4758,346.69818,False,False,True,11.690041,,1796.4807,1681,-1975.2855,4.643849,150.41752304421976,,0.7579670111022037,,1.3454549,,-1.5420884,,,0,False,,,,,,,,0,False,False,False,7364.187,14.282528,0.3390294,0.16586772,-0.027580876,0.19927236,0.21914664,0.007458246,False,False,False,False,0.20059736,0.54195386,False,False,61102.65294824599,,21,False,False,False,False,False,False,False,False,False,False,False,False,False,False,False,False,False,False,False,False,False,r
2,61094.154635999774,lsst,150.417550728942,0.7579466637394832,314011777182990477,170046097210736787,0,314011777182990477,-1894.2383,158.9107,0,0,0,5508.3613,155.8333,False,2026022200200,118,,2.0765183e-05,1.641662e-05,-1.200948e-11,2876.2976,0.29537943,2529.1482,0.37422624,False,-1739.9532,348.14572,False,False,True,11.821171,,1605.9016,1681,-1936.1176,1.2547522,150.41754582356523,,0.7579502294615722,,1.1622094,,69.93491,,,0,False,,,,,,,,0,False,False,False,7418.5996,13.040226,0.19969618,0.2852347,0.048897333,0.20827283,0.21844842,0.007913492,False,False,False,False,0.09461719,0.51996535,False,False,61102.6275410087,,23,False,False,False,False,False,False,False,False,False,False,False,False,False,False,False,False,False,False,False,False,False,r
3,61094.15980859818,lsst,150.41755725579145,0.757958606035227,314011777182990477,170046098283954411,0,314011777182990477,-2881.3496,276.8779,0,0,0,12907.434,273.3054,False,2026022200208,117,,2.3850227e-05,2.1551688e-05,1.23326176e-11,2101.9724,0.38824996,2914.088,0.43013835,False,-2764.6953,584.53815,False,False,True,10.411704,,1717.3866,1681,-2992.1704,0.75477946,150.41755388697607,,0.7579593045375661,,1.2796065,,-38.34575,,,0,False,,,,,,,,0,False,False,False,15846.765,13.187359,0.3056769,0.23595159,-0.07172727,0.21251012,0.23281167,0.0052518174,False,False,False,False,0.22982752,0.5339821,False,False,61102.666877140706,,22,False,False,False,False,False,False,False,False,False,False,False,False,False,False,False,False,False,False,False,False,False,i
3,61094.16027609083,lsst,150.417551085536,0.7579340406995055,314011777182990477,170046098396676232,0,314011777182990477,-3228.9858,267.99188,0,0,0,12225.7295,261.8507,False,2026022200209,76,,1.7702612e-05,1.9455663e-05,-1.0369732e-11,769.34607,0.3515657,776.40356,0.31793895,False,-2420.5085,584.9003,False,False,True,11.92785,,1681.7535,1681,-3309.581,0.61522925,150.41755390548627,,0.7579427548494151,,1.1754323,,26.799786,,,0,False,,,,,,,,0,False,False,False,15475.203,15.723189,0.26833272,0.22534542,0.0629266,0.20857996,0.21257316,0.018214675,False,False,False,False,0.1448224,0.6340217,False,False,61102.58752690964,,22,False,False,False,False,False,False,False,False,False,False,False,False,False,False,False,False,False,False,False,False,False,i
3,61094.1607550099,lsst,150.41753952310026,0.7579841563830659,314011777182990477,170046098531942565,0,314011777182990477,-3789.6191,266.93222,0,0,0,11858.586,262.3469,False,2026022200210,78,,1.6387918e-05,1.1853378e-05,2.9083201e-11,3068.966,0.20897557,3731.2156,0.29859036,False,-3170.134,596.06,False,False,True,14.109719,,1802.1832,1681,-3763.991,4.8616776,150.41753984715177,,0.7579850423187683,,1.0736638,,-102.16272,,,0,False,,,,,,,,0,False,False,False,15656.93,18.32495,0.123858586,0.23717351,-8.650505e-06,0.18665887,0.23146507,0.0010924161,False,False,False,False,0.09308761,0.62863296,False,False,61102.623601445,,20,False,False,False,False,False,False,False,False,False,False,False,False,False,False,False,False,False,False,False,False,False,i
3,61094.16169978562,lsst,150.4175728078709,0.7579553003025828,314011777182990477,170046098777309353,0,314011777182990477,-3335.0793,288.95944,0,0,0,12303.977,287.36807,False,2026022200212,34,,2.3059158e-05,2.4982613e-05,-3.3644917e-11,586.1633,0.45447686,1774.4224,0.41104755,False,-2974.7485,598.51306,False,False,True,11.536531,,1688.6307,1681,-3348.2312,1.8053288,150.417570244255,,0.7579581044639657,,1.0830116,,-6.427972,,,0,False,,,,,,,,0,False,False,False,15725.3955,13.644331,0.3570888,0.25768855,0.020778174,0.24404028,0.23664561,0.011714695,False,False,False,False,0.37423566,0.589232,False,False,61102.67291399035,,22,False,False,False,False,False,False,False,False,False,False,False,False,False,False,False,False,False,False,False,False,False,i
3,61094.162175523525,lsst,150.41754779396567,0.7579780660321248,314011777182990477,170046098931974288,0,314011777182990477,-3370.907,287.58527,0,0,0,12335.237,284.75464,False,2026022200213,73,,1.9569196e-05,1.7745233e-05,3.0264354e-11,1208.047,0.31403354,2322.1313,0.3575797,False,-3027.3145,597.2661,False,False,True,11.694979,,1715.5284,1681,-3276.7437,5.8516016,150.41754765401177,,0.757974368961075,,0.9929388,,26.39146,,,0,False,,,,,,,,0,False,False,False,15750.563,13.478317,0.22473548,0.2319324,0.045736995,0.21545263,0.2551885,0.008912001,False,False,False,False,0.0051819235,0.5393536,False,False,61102.59355204264,,23,False,False,False,False,False,False,False,False,False,False,False,False,False,False,False,False,False,False,False,False,False,i
3,61094.16312844226,lsst,150.4175522209537,0.7579590142614386,314011777182990477,170046099200409767,0,314011777182990477,-3348.2947,277.18457,0,0,0,12387.254,274.6195,False,2026022200215,73,,1.8040802e-05,2.0032296e-05,-5.225306e-11,1762.5983,0.37295112,1150.0343,0.31123787,False,-2695.3774,592.14386,False,False,True,12.056913,,1711.0251,1681,-3430.5376,7.842377,150.41755758675527,,0.7579564291903912,,1.2721293,,2.9913337,,,0,False,,,,,,,,0,False,False,False,15775.52,15.368627,0.28469735,0.20420705,0.0691861,0.20091812,0.23977172,0.012195415,False,False,False,False,0.06392453,0.5067068,False,False,61102.61834292223,,22,False,False,False,False,False,False,False,False,False,False,False,False,False,False,False,False,False,False,False,False,False,i
3,61094.164086521356,lsst,150.41757250206174,0.7579432163979047,314011777182990477,170046099446825108,0,314011777182990477,-3666.3289,263.2079,0,0,0,11846.033,258.69,False,2026022200217,31,,1.4242702e-05,1.3316697e-05,2.7450557e-11,791.1753,0.22802062,1380.7704,0.2674815,False,-3532.1543,587.7641,False,False,True,13.874534,,1752.2921,1681,-3436.661,7.9229846,150.41757248497103,,0.7579466459756868,,0.74911505,,4.473823,,,0,False,,,,,,,,0,False,False,False,15549.906,13.265829,0.17205565,0.15838602,0.024560727,0.19069459,0.2124756,-0.010017344,False,False,False,False,0.151681,0.6913265,False,False,61102.58861508186,,20,False,False,False,False,False,False,False,False,False,False,False,False,False,False,False,False,False,False,False,False,False,i
3,61094.16512870941,lsst,150.41752374619875,0.757969366863881,314011777182990477,170046099738329267,0,314011777182990477,-3186.5022,311.17853,0,0,0,12485.546,308.25024,False,2026022200219,75,,2.1296086e-05,3.094629e-05,3.060005e-11,2090.5623,0.5588529,2954.0156,0.38276112,False,-2179.0413,612.54315,False,False,True,10.380165,,1671.2306,1681,-3450.3127,12.620413,150.4175184434571,,0.7579821146791825,,1.5793847,,8.925546,,,0,False,,,,,,,,0,False,False,False,15723.018,11.468936,0.44472232,0.19458263,0.024116764,0.26625848,0.2814224,0.021747554,False,False,False,False,0.17481752,0.51283264,False,False,61102.66989047514,,23,False,False,False,False,False,False,False,False,False,False,False,False,False,False,False,False,False,False,False,False,False,i
3,61094.16559286466,lsst,150.41754101805867,0.7579790622482642,314011777182990477,170046099874119837,0,314011777182990477,-3556.2837,298.08755,0,0,0,12164.96,298.59232,False,2026022200220,78,,1.7395987e-05,2.1242651e-05,9.445127e-13,1831.3381,0.38328046,1084.8331,0.31326997,False,-2949.373,606.93225,False,False,True,12.087003,,1651.9917,1681,-3597.7002,12.500295,150.41753889050824,,0.7579703254764271,,1.1137084,,-18.050526,,,0,False,,,,,,,,0,False,False,False,15804.415,12.646182,0.2744005,0.17886801,-0.035476048,0.24561912,0.27111268,0.024677508,False,False,False,False,0.093085065,0.5567576,False,False,61102.61656029748,,22,False,False,False,False,False,False,False,False,False,False,False,False,False,False,False,False,False,False,False,False,False,i
3,61094.166068138584,lsst,150.41760086322964,0.7579637528555317,314011777182990477,170046100008337550,0,314011777182990477,-3806.7903,293.35718,0,0,0,11848.273,289.6373,False,2026022200221,78,,1.7472315e-05,1.9252919e-05,-3.067876e-12,3758.7153,0.3473128,1065.1345,0.31455243,False,-2609.119,605.53015,False,False,True,12.969468,,1662.3298,1681,-4199.356,6.0575733,150.41759773823804,,0.7579621689480034,,1.6328274,,37.535225,,,0,False,,,,,,,,0,False,False,False,15695.304,16.474026,0.33146945,0.28555462,0.13737975,0.23775701,0.2411867,0.018921945,False,False,False,False,0.39274302,0.57145596,False,False,61102.58140434546,,23,False,False,False,False,False,False,False,False,False,False,False,False,False,False,False,False,False,False,False,False,False,i
1,61094.17029384519,lsst,150.4174647249628,0.7579549627367521,314011777182990477,170046100789002386,0,314011777182990477,-569.28186,112.023895,0,0,0,1236.0094,109.853485,True,2026022200227,31,0.0,3.0316129e-05,3.8759717e-05,-2.8520927e-10,1369.9612,0.72510004,3936.039,0.5101047,False,-187.85901,246.80647,False,False,True,5.180029,,1707.0217,1681,-591.1395,6.7872124,150.41746208936794,,0.7579492273421435,,1.2896866,,-21.831577,,,0,False,,,,,,,,0,False,False,False,1826.8535,8.509667,0.25120032,0.06880032,0.000917248,0.2203339,0.22918116,0.030697605,False,False,False,False,0.37320638,0.26910162,False,False,61094.17231122652,,13,False,False,False,False,False,False,False,False,False,False,False,False,False,False,False,False,False,False,False,False,False,g
1,61094.171229547865,lsst,150.41757865140917,0.7580068122015657,314011777182990477,170046101078933646,0,314011777182990477,-721.6174,111.05481,0,0,0,1255.6914,109.87692,True,2026022200229,72,0.0,5.859554e-05,4.5437613e-05,1.0474396e-09,3503.2896,0.69765776,1793.6766,1.138245,False,-497.47122,249.66876,False,False,True,6.5663824,,1679.3517,1681,-831.8104,10.554281,150.41757219192164,,0.7580007084705881,,1.8356723,,48.117752,,,0,False,,,,,,,,0,False,False,False,1986.0999,9.158006,0.13626443,0.47206926,0.085312374,0.2147212,0.21504721,0.007525287,False,False,False,False,0.6048998,0.29545888,False,False,61094.17325263616,,16,False,False,False,False,False,False,False,False,False,False,False,False,False,False,False,False,False,False,False,False,False,g
4,61094.17683683049,lsst,150.4175628507488,0.7579749012146297,314011777182990477,170046102202482819,0,314011777182990477,-5149.9062,401.98077,0,0,0,18029.059,395.32382,True,2026022200237,167,0.0,1.5723268e-05,1.3943368e-05,8.900396e-11,1687.9869,0.3189361,1046.412,0.20396172,False,-3853.1,956.5799,False,False,True,12.593479,,1649.9874,1681,-5232.436,9.277413,150.41756099080544,,0.7579720345604117,,1.0972048,,69.026985,,,0,False,,,,,,,,0,False,False,False,23263.166,35.933422,0.21489066,0.11141819,0.031878643,0.20915064,0.1669391,-0.012634261,False,False,False,False,0.079222746,0.678573,False,False,61094.17849728602,,19,False,False,False,False,False,False,False,False,False,False,False,False,False,False,False,False,False,False,False,False,False,z
4,61094.17729944256,lsst,150.41752253928107,0.7579689862042858,314011777182990477,170046102338273450,0,314011777182990477,-5737.0093,394.14587,0,0,0,16818.691,387.99973,True,2026022200238,170,0.0,1.2552765e-05,1.2053249e-05,3.3709105e-11,1832.779,0.24548963,2148.1448,0.19532976,False,-5768.393,966.2793,False,False,True,14.394764,,1616.3257,1681,-5527.7217,20.964422,150.41752111412308,,0.7579693028040226,,0.7104723,,63.212387,,,0,False,,,,,,,,0,False,False,False,22589.795,62.662487,0.16614938,0.12496753,0.010189336,0.20420234,0.1605337,-0.0026747282,False,False,False,False,0.17003529,0.8771441,False,False,61094.17908833244,,19,False,False,False,False,False,False,False,False,False,False,False,False,False,False,False,False,False,False,False,False,False,z
4,61094.1777676326,lsst,150.41753839789098,0.7579879185040795,314011777182990477,170046102468296848,0,314011777182990477,-5526.542,400.94672,0,0,0,17324.729,393.24667,True,2026022200239,162,0.0,1.484746e-05,1.4304006e-05,9.054802e-11,3097.0305,0.31382057,2286.5117,0.19879499,False,-3860.1497,953.41864,False,False,True,13.393308,,1782.8645,1681,-5903.9263,8.331995,150.41753971405964,,0.7579861901252946,,1.2800097,,68.24412,,,0,False,,,,,,,,0,False,False,False,22948.754,44.273544,0.26027873,0.13343428,0.05637018,0.22976445,0.16329452,-0.000874356,False,False,False,False,1.3635418e-05,0.7213739,False,False,61094.179656092194,,19,False,False,False,False,False,False,False,False,False,False,False,False,False,False,False,False,False,False,False,False,False,z
4,61094.178238169516,lsst,150.4175454440616,0.7579291650956075,314011777182990477,170046102604611768,0,314011777182990477,-4846.351,388.59622,0,0,0,17752.004,381.67365,True,2026022200240,166,0.0,1.5207383e-05,1.5374017e-05,8.796595e-11,3761.543,0.32314777,3647.9111,0.21781164,False,-3853.8965,951.8135,False,False,True,12.298508,,1674.473,1681,-4764.3643,1.2181132,150.41754516150363,,0.7579299079686131,,0.8304855,,60.669247,,,0,False,,,,,,,,0,False,False,False,22591.143,71.23805,0.1805155,0.12653492,0.017635887,0.2285929,0.14546107,0.012803244,False,False,False,False,0.13968521,0.598808,False,False,61094.180125737184,,18,False,False,False,False,False,False,False,False,False,False,False,False,False,False,False,False,False,False,False,False,False,z
4,61094.17921948373,lsst,150.4175668783723,0.7579755399012463,314011777182990477,170046102851551400,0,314011777182990477,-5423.737,382.8356,0,0,0,17474.578,376.16418,True,2026022200242,125,0.0,1.4711423e-05,1.6208916e-05,1.0385717e-10,1067.4655,0.33528998,2547.529,0.20794491,False,-5603.479,963.5009,False,False,True,13.8782,,1663.5771,1681,-5346.3945,11.827976,150.41756206321514,,0.7579708804170507,,0.8849164,,48.58587,,,0,False,,,,,,,,0,False,False,False,22996.928,78.01071,0.18186653,0.111448824,0.012707078,0.18893488,0.13722806,-0.006109402,False,False,False,False,0.04060713,0.8844582,False,False,61094.18113682082,,20,False,False,False,False,False,False,False,False,False,False,False,False,False,False,False,False,False,False,False,False,False,z
4,61094.18015813851,lsst,150.41754332807764,0.7579727707448426,314011777182990477,170046103139385519,0,314011777182990477,-4991.4653,386.5304,0,0,0,18150.922,377.82953,True,2026022200244,162,0.0,1.3150695e-05,1.4246571e-05,3.1821847e-11,1310.0902,0.2691803,3217.4912,0.22283414,False,-4232.185,955.9492,False,False,True,12.682251,,1711.0538,1681,-4742.629,6.4746776,150.41754579005615,,0.7579755334236565,,0.79369015,,45.53876,,,0,False,,,,,,,,0,False,False,False,23241.656,57.92331,0.17986186,0.12782271,0.013125682,0.18388195,0.14699136,0.011266415,False,False,False,False,0.020163443,0.69545823,False,False,61094.182049124734,,18,False,False,False,False,False,False,False,False,False,False,False,False,False,False,False,False,False,False,False,False,False,z
4,61094.18064885397,lsst,150.41756984679333,0.7579417694254212,314011777182990477,170046103257874633,0,314011777182990477,-5985.313,391.52954,0,0,0,16827.756,382.62347,True,2026022200245,132,0.0,1.1038302e-05,1.31510005e-05,4.1927677e-11,456.1101,0.25256327,3570.7537,0.17863943,False,-5959.984,967.8172,False,False,True,14.969025,,1702.9396,1681,-6261.6685,15.061356,150.41757094826804,,0.7579444825199174,,1.1887035,,59.102467,,,0,False,,,,,,,,0,False,False,False,22905.332,69.38586,0.21931565,0.14680362,0.062190082,0.2014677,0.15309916,0.012627039,False,False,False,False,0.004703177,0.8905413,False,False,61094.18266890664,,20,False,False,False,False,False,False,False,False,False,False,False,False,False,False,False,False,False,False,False,False,False,z
4,61094.182685305794,lsst,150.41754993504597,0.7579639289030861,314011777182990477,170046103742841026,0,314011777182990477,-5356.3296,392.59995,0,0,0,18097.719,385.97797,True,2026022200249,33,0.0,1.6097702e-05,1.1214432e-05,3.6008415e-11,3207.702,0.19486974,2342.4158,0.2950397,False,-5224.22,960.5077,False,False,True,13.3980665,,1554.9103,1681,-5102.842,6.090237,150.41754790837598,,0.7579609010184202,,0.8944681,,-101.799995,,,0,False,,,,,,,,0,False,False,False,23533.451,96.39251,0.109121144,0.18551883,-0.0032484485,0.14983228,0.16336216,0.016253104,False,False,False,False,0.013688578,0.8323685,False,False,61094.18450859121,,19,False,False,False,False,False,False,False,False,False,False,False,False,False,False,False,False,False,False,False,False,False,z
4,61094.18314971552,lsst,150.41755209519778,0.7579715059240739,314011777182990477,170046103897505919,0,314011777182990477,-4559.5444,380.42838,0,0,0,18206.22,373.32138,True,2026022200250,72,0.0,3.2215878e-05,2.4066389e-05,1.590823e-10,2237.9146,0.4151679,252.28159,0.59405094,False,-6123.0063,961.07263,False,False,True,12.313492,,1704.8109,1681,-4944.113,8.619843,150.4175449407956,,0.757974603738057,,1.1371949,,67.95961,,,0,False,,,,,,,,0,False,False,False,22821.36,94.86262,0.1730941,0.29568788,0.010006673,0.13917421,0.15783978,0.008204892,False,False,False,False,0.7122321,0.7301844,False,False,61094.184930092815,,20,False,False,False,False,False,False,False,False,False,False,False,False,False,False,False,False,False,False,False,False,False,z
2,61094.18548147687,lsst,150.41755055667144,0.7579709624329618,314011777182990477,170046104213651669,0,314011777182990477,-1713.368,150.56244,0,0,0,5758.4385,147.41905,True,2026022200252,163,0.0,1.3299493e-05,1.3254288e-05,2.1413999e-11,2691.4438,0.25317135,3849.7483,0.22425452,False,-1258.6915,354.2973,False,False,True,11.137136,,1635.1185,1681,-1621.1099,1.4888352,150.41754952943916,,0.7579705685147966,,0.53985023,,21.35856,,,0,False,,,,,,,,0,False,False,False,7459.679,28.182417,0.115375,0.098123826,-0.009744999,0.19630356,0.17030576,-0.00020053177,False,False,False,False,0.550898,0.45775253,False,False,61094.18728136634,,18,False,False,False,False,False,False,False,False,False,False,False,False,False,False,False,False,False,False,False,False,False,r
2,61094.1868908294,lsst,150.41752779832984,0.7579688847260655,314011777182990477,170046104617877660,0,314011777182990477,-1573.9138,154.2098,0,0,0,5686.4355,150.39635,True,2026022200255,166,0.0,1.4716644e-05,1.6030184e-05,6.57125e-11,196.81105,0.3148556,1913.7015,0.23373255,False,-1665.1661,364.95828,False,False,True,10.03743,,1702.407,1681,-1538.4469,5.236911,150.41752872152875,,0.7579651293664834,,1.1166388,,71.35612,,,0,False,,,,,,,,0,False,False,False,7265.3423,37.156315,0.1325728,0.08464176,0.06628111,0.171328,0.1685587,0.006269936,False,False,False,False,0.4258183,0.5099086,False,False,61094.18883487853,,17,False,False,False,False,False,False,False,False,False,False,False,False,False,False,False,False,False,False,False,False,False,r
2,61094.18783389365,lsst,150.41754578859064,0.7579843201800176,314011777182990477,170046104862720163,0,314011777182990477,-1993.2478,148.93637,0,0,0,5428.113,146.1674,True,2026022200257,121,0.0,1.6301503e-05,1.6593462e-05,9.701938e-12,3136.0137,0.30233955,3610.639,0.29025644,False,-2835.0005,350.72607,False,False,True,13.101628,,1698.5006,1681,-2035.5367,0.26823616,150.41754541721915,,0.7579860398841478,,1.1205076,,72.91219,,,0,False,,,,,,,,0,False,False,False,7406.169,27.096344,0.24382713,0.23167402,0.059613887,0.19602786,0.16060266,0.00081728376,False,False,False,False,0.39118138,0.50666034,False,False,61094.18975183352,,20,False,False,False,False,False,False,False,False,False,False,False,False,False,False,False,False,False,False,False,False,False,r
2,61094.18831357907,lsst,150.41755448489783,0.7579632064027318,314011777182990477,170046104999035027,0,314011777182990477,-1970.4662,147.80156,0,0,0,5469.6113,144.17667,True,2026022200258,125,0.0,1.606475e-05,1.5497508e-05,-1.2265414e-11,2885.4138,0.27554598,2088.5464,0.2928214,False,-2023.5533,348.32217,False,False,True,13.227158,,1659.2896,1681,-2019.8995,1.1918813,150.41755351474265,,0.7579683234135961,,0.9955529,,86.850555,,,0,False,,,,,,,,0,False,False,False,7461.7017,26.055597,0.1779172,0.22265351,0.041211173,0.19886647,0.15224753,0.0041388907,False,False,False,False,0.083513476,0.51030004,False,False,61094.1902967386,,20,False,False,False,False,False,False,False,False,False,False,False,False,False,False,False,False,False,False,False,False,False,r
2,61094.18926931967,lsst,150.41753440874066,0.7579888926528908,314011777182990477,170046105267470525,0,314011777182990477,-1768.3698,142.35118,0,0,0,5530.692,138.67574,True,2026022200260,125,0.0,1.4872218e-05,1.8130842e-05,5.085744e-11,2377.4456,0.33653313,896.61475,0.25527918,False,-2094.6416,346.6144,False,False,True,11.975066,,1590.3265,1681,-1884.4357,2.4735062,150.41753769391988,,0.7579854632307539,,1.2746173,,54.67696,,,0,False,,,,,,,,0,False,False,False,7303.178,37.667522,0.25330204,0.18708745,0.07502941,0.18159918,0.1473577,0.014397702,False,False,False,False,0.37653357,0.52793163,False,False,61094.1911809772,,19,False,False,False,False,False,False,False,False,False,False,False,False,False,False,False,False,False,False,False,False,False,r
2,61094.18973357497,lsst,150.41752845629077,0.7579815605815846,314011777182990477,170046105401163917,0,314011777182990477,-1680.0692,149.10484,0,0,0,5583.553,145.54462,True,2026022200261,124,0.0,1.4027827e-05,1.7931368e-05,4.764535e-11,482.04065,0.33137798,914.70233,0.24215338,False,-1536.399,356.5876,False,False,True,11.089654,,1719.8296,1681,-1700.5338,4.1073585,150.41753100598325,,0.7579942623298985,,0.988282,,3.903292,,,0,False,,,,,,,,0,False,False,False,7259.7524,41.33178,0.19932143,0.116010934,-0.023363728,0.20734647,0.1515996,-0.009306161,False,False,False,False,0.06426615,0.50512195,False,False,61094.191620492886,,18,False,False,False,False,False,False,False,False,False,False,False,False,False,False,False,False,False,False,False,False,False,r
2,61094.19130889702,lsst,150.41753793027019,0.7579711621804597,314011777182990477,170046105755058358,0,314011777182990477,-1809.6794,166.98543,0,0,0,5620.632,162.67307,True,2026022200264,31,0.0,1.7116674e-05,1.4438352e-05,6.0127375e-11,1635.6425,0.24004361,229.7446,0.32436556,False,-2051.485,367.00677,False,False,True,10.556212,,1599.7772,1681,-1594.6511,3.4460077,150.41754103740465,,0.757973752472594,,0.3571008,,-100.91492,,,0,False,,,,,,,,0,False,False,False,7389.99,26.776352,0.1604903,0.16954249,-0.002977138,0.19089186,0.2242725,0.024571754,False,False,False,False,0.19648382,0.48125845,False,False,61094.193225527706,,18,False,False,False,False,False,False,False,False,False,False,False,False,False,False,False,False,False,False,False,False,False,r
2,61094.19177344709,lsst,150.41753938410133,0.757976459733539,314011777182990477,170046105889276034,0,314011777182990477,-1674.2229,161.44998,0,0,0,5795.7524,156.90254,True,2026022200265,31,0.0,2.2303748e-05,1.669737e-05,2.0062517e-10,199.46915,0.22787403,2107.3958,0.4472854,False,-1272.7151,366.44937,False,False,True,9.947013,,1762.3948,1681,-1572.1774,17.840826,150.4175416467454,,0.7579739874406736,,0.90517193,,42.374554,,,0,False,,,,,,,,0,False,False,False,7431.616,43.020107,0.07539981,0.14428337,0.023060713,0.17347461,0.2140947,0.006014331,False,False,False,False,0.5980611,0.43403652,False,False,61094.19363312162,,18,False,False,False,False,False,False,False,False,False,False,False,False,False,False,False,False,False,False,False,False,False,r
2,61094.19223963185,lsst,150.41753550817708,0.7579902188902221,314011777182990477,170046106023493770,0,314011777182990477,-1914.7122,164.79134,0,0,0,5484.5854,161.70372,True,2026022200266,31,0.0,1.4974788e-05,1.3451789e-05,5.2069345e-11,1869.4725,0.21798645,3070.0864,0.28983593,False,-1510.5348,363.86496,False,False,True,11.432814,,1737.8151,1681,-1837.3132,6.004076,150.41754046167065,,0.7579884251417446,,0.85519975,,-98.11686,,,0,False,,,,,,,,0,False,False,False,7431.676,20.05194,0.12015873,0.16352434,-0.02720792,0.20671828,0.2157134,0.007879342,False,False,False,False,0.4349559,0.51681584,False,False,61094.194133074576,,21,False,False,False,False,False,False,False,False,False,False,False,False,False,False,False,False,False,False,False,False,False,r
2,61094.26523756652,lsst,150.4175964270399,0.7579229496665751,314011777182990477,170046118356320398,0,314011777182990477,-1760.3986,173.00227,0,0,0,5236.37,167.37773,True,2026022200358,2,0.0,4.2346357e-05,3.4556444e-05,-1.6747377e-10,3853.8,0.7716996,2814.952,0.61186147,False,-1123.7777,377.5092,False,False,True,10.26093,,1658.4738,1681,-2009.451,2.8620503,150.41758528665315,,0.7579265636437615,,1.4569366,,-103.331116,,,0,False,,,,,,,,0,False,False,False,6971.337,9.893564,0.37507185,0.25773898,-0.08736394,0.23896323,0.23299435,-0.0018338037,False,False,False,False,0.49690434,0.458234,False,False,61094.267222809074,,21,False,False,False,False,False,False,False,False,False,False,False,False,False,False,False,False,False,False,False,False,False,r
2,61094.26615295804,lsst,150.41753048785853,0.7579413001082266,314011777182990477,170046118490538123,0,314011777182990477,-1610.3096,165.37672,0,0,0,5627.2456,161.89528,True,2026022200359,2,0.0,2.2333834e-05,2.1558055e-05,-6.79474e-12,1466.0276,0.40274692,3025.6038,0.38834447,False,-1341.0314,375.6802,False,False,True,9.704746,,1616.3586,1681,-1536.6735,0.76743424,150.41753002063177,,0.7579414568565717,,0.43871656,,-78.87974,,,0,False,,,,,,,,0,False,False,False,7293.816,13.795675,0.21042113,0.19399558,-0.00012974186,0.19850639,0.20813821,0.0013495783,False,False,False,False,0.00015297662,0.41370493,False,False,61094.26804515494,,18,False,False,False,False,False,False,False,False,False,False,False,False,False,False,False,False,False,False,False,False,False,r
4,61094.27258301657,lsst,150.41754985305124,0.7579757531736372,314011777182990477,170046119067779194,0,314011777182990477,-5935.5493,391.47623,0,0,0,17349.943,383.26953,True,2026022200363,79,0.0,1.3790801e-05,1.3110428e-05,1.8007458e-13,888.3271,0.23640434,332.74008,0.24832076,False,-5171.965,963.83575,False,False,True,15.159499,,1783.2136,1681,-6044.9907,1.5381844,150.41755043380414,,0.7579796815385194,,0.7472324,,-47.396244,,,0,False,,,,,,,,0,False,False,False,23292.22,64.52522,0.16368707,0.16695929,-0.025300592,0.19194236,0.19331037,-0.010290502,False,False,False,False,0.09240279,0.7772729,False,False,61094.27437839186,,19,False,False,False,False,False,False,False,False,False,False,False,False,False,False,False,False,False,False,False,False,False,z
3,61095.09799276355,lsst,150.4175529866493,0.7579515379183988,314011777182990477,170050487635673247,0,314011777182990477,-3671.9087,271.65637,0,0,0,11993.579,268.7908,True,2026022300143,173,0.0,2.0201578e-05,1.3097851e-05,2.8431655e-11,1213.4752,0.36516756,3946.8767,0.23372646,False,-4718.4185,651.87836,False,False,True,13.306124,,1700.6671,1681,-4059.54,6.4711413,150.41755972125213,,0.7579483783656753,,1.3005157,,89.8177,,,0,False,,,,,,,,0,False,False,False,15625.772,40.367046,0.30058706,0.1323216,0.019612385,0.23908888,0.17334962,-0.0009374429,False,False,False,False,0.012636484,0.6705308,False,False,61095.09981179389,,20,False,False,False,False,False,False,False,False,False,False,False,False,False,False,False,False,False,False,False,False,False,i
3,61095.09845906275,lsst,150.41755839441154,0.7579556704915034,314011777182990477,170050487772512475,0,314011777182990477,-2816.6353,281.51053,0,0,0,12784.161,278.16217,True,2026022300144,178,0.0,2.2786091e-05,1.8226034e-05,3.2889476e-11,463.69815,0.41254914,1694.4348,0.32605532,False,-1807.9982,665.67303,False,False,True,9.916564,,1654.8027,1681,-2926.1057,55.836304,150.4175482211947,,0.7579410958706748,,1.067045,,97.94518,,,0,False,,,,,,,,0,False,False,False,15633.494,29.023148,0.19923186,0.105182596,0.033319715,0.2270033,0.18396454,0.015516992,False,False,False,False,0.29270563,0.30420133,False,False,61095.10015428447,,21,False,False,False,False,False,False,False,False,False,False,False,False,False,False,False,False,False,False,False,False,False,i
3,61095.09892506567,lsst,150.41750654587787,0.7579581893160163,314011777182990477,170050487907254382,0,314011777182990477,-2920.9102,285.48447,0,0,0,12227.71,282.55127,True,2026022300145,179,0.0,4.7259677e-05,3.2257834e-05,2.883122e-10,104.54121,0.8636255,1625.0602,0.5633056,False,-3469.4253,661.9182,False,False,True,10.403498,,1691.3955,1681,-3523.0576,5.705691,150.41753350239813,,0.7579633834514091,,1.5673364,,55.991467,,,0,False,,,,,,,,0,False,False,False,15215.598,30.875109,0.39034468,0.20244849,-0.08560664,0.24095204,0.19056904,0.00040828733,False,False,False,False,0.53030556,0.4987321,False,False,61095.10066756944,,21,False,False,False,False,False,False,False,False,False,False,False,False,False,False,False,False,False,False,False,False,False,i
3,61095.09939221444,lsst,150.41755060871728,0.7579299520933519,314011777182990477,170050488037802109,0,314011777182990477,-3329.5408,284.53717,0,0,0,11968.134,280.7562,True,2026022300146,172,0.0,2.4348608e-05,1.7610939e-05,8.60647e-11,3472.806,0.4470655,2604.4658,0.30472353,False,-3293.295,646.6848,False,False,True,11.483759,,1692.3257,1681,-3601.7664,12.241058,150.4175418140493,,0.757934386030714,,1.3503125,,92.68422,,,0,False,,,,,,,,0,False,False,False,15352.626,17.309103,0.31747228,0.16945998,0.055183016,0.21637158,0.20123759,0.010423503,False,False,False,False,0.13409439,0.5391645,False,False,61095.10117511472,,20,False,False,False,False,False,False,False,False,False,False,False,False,False,False,False,False,False,False,False,False,False,i
3,61095.09985955096,lsst,150.417563516429,0.7579447903636455,314011777182990477,170050488173592717,0,314011777182990477,-3003.2656,276.46188,0,0,0,12452.236,270.711,True,2026022300147,175,0.0,1.50961705e-05,2.4369852e-05,-1.4030284e-10,886.7277,0.2417467,2706.281,0.45672467,False,-1981.0392,647.37524,False,False,True,11.13948,,1760.6631,1681,-3247.2466,25.03021,150.41757136669608,,0.7579539235923723,,1.1944205,,-10.383735,,,0,False,,,,,,,,0,False,False,False,15491.268,14.938505,0.119534366,0.25815666,-0.020776505,0.21357143,0.16925578,0.011344052,False,False,False,False,0.00086274586,0.5149859,False,False,61095.10190266677,,19,False,False,False,False,False,False,False,False,False,False,False,False,False,False,False,False,False,False,False,False,False,i
3,61095.10032654812,lsst,150.41753532515972,0.757954334298902,314011777182990477,170050488307810435,0,314011777182990477,-3299.5242,262.3551,0,0,0,12215.002,259.0046,True,2026022300148,175,0.0,1.9264146e-05,1.9821427e-05,-1.0243296e-11,2098.4292,0.34490708,465.0619,0.3591349,False,-2939.9854,647.8347,False,False,True,12.755359,,1765.8123,1681,-3397.6123,2.0261757,150.41753618709762,,0.7579512097228513,,0.6920545,,112.77932,,,0,False,,,,,,,,0,False,False,False,15571.803,14.764234,0.217283,0.21660252,0.02109925,0.19842395,0.15005314,0.009324354,False,False,False,False,0.23054568,0.6649981,False,False,61095.102341390935,,19,False,False,False,False,False,False,False,False,False,False,False,False,False,False,False,False,False,False,False,False,False,i
3,61095.10079480152,lsst,150.4175538226288,0.7579361471413826,314011777182990477,170050488443076747,0,314011777182990477,-3233.0496,268.7684,0,0,0,12227.94,266.55252,True,2026022300149,177,0.0,1.882818e-05,1.6389835e-05,5.0460223e-11,2862.8948,0.35004684,1899.5269,0.2826358,False,-3603.8025,658.40717,False,False,True,11.850935,,1662.902,1681,-3309.1135,5.707474,150.41755133192927,,0.7579376972294124,,0.9484221,,73.71123,,,0,False,,,,,,,,0,False,False,False,15499.114,15.161739,0.21883628,0.13727288,0.012558718,0.18193512,0.17737071,-0.006101403,False,False,False,False,0.0003565121,0.66040635,False,False,61095.10280739557,,19,False,False,False,False,False,False,False,False,False,False,False,False,False,False,False,False,False,False,False,False,False,i
3,61095.1017368813,lsst,150.41755631950082,0.757968051563765,314011777182990477,170050488704696496,0,314011777182990477,-3306.7156,261.2403,0,0,0,12205.864,255.9101,True,2026022300151,164,0.0,1.7071328e-05,1.461157e-05,7.076802e-11,469.01813,0.32867086,3174.24,0.23614536,False,-2323.9492,643.9973,False,False,True,12.677515,,1715.9058,1681,-3383.2063,1.2237717,150.41755434116715,,0.7579663827773917,,0.8865434,,67.577965,,,0,False,,,,,,,,0,False,False,False,15554.579,15.770147,0.21549724,0.14526698,0.01035747,0.19238429,0.14950442,0.0064926287,False,False,False,False,0.012961224,0.5499698,False,False,61095.10368484243,,19,False,False,False,False,False,False,False,False,False,False,False,False,False,False,False,False,False,False,False,False,False,i
3,61095.102202338916,lsst,150.41754960925005,0.7579812464260973,314011777182990477,170050488839438484,0,314011777182990477,-3344.5876,282.22958,0,0,0,12320.871,277.5615,True,2026022300152,165,0.0,1.490297e-05,1.5490232e-05,-2.254179e-11,1791.9833,0.25911877,2417.1033,0.28821033,False,-3332.4233,658.315,False,False,True,12.02978,,1643.6277,1681,-3330.4358,8.956598,150.41754094924818,,0.7579842587892913,,0.8184221,,106.47883,,,0,False,,,,,,,,0,False,False,False,15688.678,14.676879,0.14134203,0.15269585,0.030845577,0.22002225,0.18244989,-0.006839603,False,False,False,False,0.3067539,0.5249485,False,False,61095.104318735495,,18,False,False,False,False,False,False,False,False,False,False,False,False,False,False,False,False,False,False,False,False,False,i
3,61095.10267165185,lsst,150.41755556696683,0.7579586103407661,314011777182990477,170050488973656229,0,314011777182990477,-3495.5356,276.59113,0,0,0,12193.734,272.99887,True,2026022300153,165,0.0,1.7158663e-05,1.549843e-05,8.977287e-11,3059.6882,0.34237862,2829.796,0.23763646,False,-2404.8567,660.54443,False,False,True,12.649068,,1588.8623,1681,-3706.8533,1.7483765,150.4175574107377,,0.7579622666625125,,1.1105863,,13.029665,,,0,False,,,,,,,,0,False,False,False,15637.367,15.830368,0.2082551,0.18840852,-0.05953001,0.20216921,0.1775354,-0.007815818,False,False,False,False,0.00945324,0.6330494,False,False,61095.10471978014,,19,False,False,False,False,False,False,False,False,False,False,False,False,False,False,False,False,False,False,False,False,False,i
3,61095.10313983078,lsst,150.41757631842847,0.7579673949419155,314011777182990477,170050489106301064,0,314011777182990477,-3596.1138,271.6009,0,0,0,12002.538,267.25623,True,2026022300154,162,0.0,1.6035752e-05,1.5173986e-05,6.968233e-11,1565.0193,0.31956306,1358.7374,0.23688225,False,-3478.7368,645.87494,False,False,True,13.162029,,1736.2078,1681,-3659.0835,3.1268492,150.4175760401494,,0.7579709431817722,,0.9477619,,38.87165,,,0,False,,,,,,,,0,False,False,False,15635.143,14.128972,0.22073615,0.14249347,-0.016589588,0.20938486,0.1779571,-0.0052530235,False,False,False,False,0.018627476,0.66615707,False,False,61095.105209651316,,19,False,False,False,False,False,False,False,False,False,False,False,False,False,False,False,False,False,False,False,False,False,i
3,61095.10360786973,lsst,150.41753953186648,0.7579610368733419,314011777182990477,170050489242615949,0,314011777182990477,-3326.3147,272.52695,0,0,0,12472.967,269.82065,True,2026022300155,166,0.0,1.7839873e-05,1.732765e-05,1.0950988e-10,2001.555,0.36871848,334.49365,0.25458312,False,-2241.305,651.16455,False,False,True,12.074862,,1696.2126,1681,-3658.9707,10.43682,150.4175400437323,,0.7579609235844389,,1.2679163,,34.757023,,,0,False,,,,,,,,0,False,False,False,15807.212,24.844835,0.2858574,0.13802113,-0.034575004,0.19320568,0.17750137,-0.0030572836,False,False,False,False,0.091121964,0.5492269,False,False,61095.10549799832,,20,False,False,False,False,False,False,False,False,False,False,False,False,False,False,False,False,False,False,False,False,False,i
3,61095.1046373645,lsst,150.41756299941218,0.7579941805648789,314011777182990477,170050489487458426,0,314011777182990477,-3044.707,286.31485,0,0,0,12269.704,281.27423,True,2026022300157,121,0.0,2.2808897e-05,2.4368206e-05,2.3811566e-11,337.98157,0.4420888,591.77576,0.40808272,False,-3428.6987,647.6423,False,False,True,10.742635,,1668.9276,1681,-2950.7188,3.0098531,150.41756401928342,,0.7580051388634614,,0.5650896,,-8.540252,,,0,False,,,,,,,,0,False,False,False,15370.961,20.384218,0.28203648,0.2640377,-0.010332981,0.21469781,0.22105126,-0.02689889,False,False,False,False,0.2953903,0.5306654,False,False,61095.10640230526,,19,False,False,False,False,False,False,False,False,False,False,False,False,False,False,False,False,False,False,False,False,False,i
4,61095.114964837936,lsst,150.4175579745385,0.7579802534807086,314011777182990477,170050491658010784,0,314011777182990477,-6012.882,407.9548,0,0,0,17121.531,403.58505,True,2026022300173,165,0.0,1.2948577e-05,1.25960205e-05,-1.8393162e-11,2482.4197,0.21640046,871.1952,0.24336345,False,-6991.161,1064.4567,False,False,True,14.58698,,1597.1334,1681,-5813.6597,8.987024,150.41755909201643,,0.757985125201391,,0.30601406,,66.74627,,,0,False,,,,,,,,0,False,False,False,23318.777,69.9047,0.1323325,0.12793837,0.0033101887,0.15116149,0.16613638,-0.0017543891,False,False,False,False,0.12058467,0.85486656,False,False,61095.11667262957,,20,False,False,False,False,False,False,False,False,False,False,False,False,False,False,False,False,False,False,False,False,False,z
4,61095.115437835935,lsst,150.41754944958168,0.7579438209198487,314011777182990477,170050491775451329,0,314011777182990477,-5618.9175,399.76547,0,0,0,17081.066,395.3878,True,2026022300174,133,0.0,1.5025083e-05,1.4510697e-05,-2.1775455e-11,2262.7124,0.25148842,2984.3782,0.27976346,False,-5359.022,1067.9122,False,False,True,13.951394,,1636.0251,1681,-5549.176,1.2068998,150.41755055299618,,0.7579476477201436,,0.6918373,,96.64362,,,0,False,,,,,,,,0,False,False,False,22777.588,74.21895,0.16783682,0.19052805,0.018075358,0.15311016,0.14115328,0.006403008,False,False,False,False,0.16030867,0.7806508,False,False,61095.11723765686,,19,False,False,False,False,False,False,False,False,False,False,False,False,False,False,False,False,False,False,False,False,False,z
4,61095.11590358395,lsst,150.417541658406,0.7579664602915063,314011777182990477,170050491924873338,0,314011777182990477,-5443.5596,413.94516,0,0,0,17382.756,408.40353,True,2026022300175,162,0.0,1.4741721e-05,1.524207e-05,1.6932082e-11,1763.6292,0.28104347,501.16003,0.25887015,False,-5510.7,1061.3019,False,False,True,13.025633,,1685.2136,1681,-5435.076,20.838858,150.41754128983618,,0.7579694399703113,,0.6894345,,56.857655,,,0,False,,,,,,,,0,False,False,False,22916.62,42.014046,0.16790487,0.13955443,0.016064191,0.16410673,0.16510774,0.0025331038,False,False,False,False,0.01784867,0.7577214,False,False,61095.11781796404,,19,False,False,False,False,False,False,False,False,False,False,False,False,False,False,False,False,False,False,False,False,False,z
4,61095.11824617551,lsst,150.41755799833194,0.7579591573413259,314011777182990477,170050492572369204,0,314011777182990477,-4610.549,371.70807,0,0,0,18231.113,368.2837,True,2026022300180,117,0.0,1.1305891e-05,1.1777057e-05,4.039432e-12,2131.4875,0.21352434,3020.6113,0.20262432,False,-3844.5818,1092.4082,False,False,True,12.167735,,1722.7239,1681,-4740.7734,12.879227,150.41755705344664,,0.7579546137299827,,0.89919007,,60.792316,,,0,False,,,,,,,,0,False,False,False,22919.264,95.72842,0.118344866,0.11328403,0.0403,0.1270853,0.10286042,0.0029350922,False,False,False,False,0.00015451216,0.65572226,False,False,61095.119972381755,,14,False,False,False,False,False,False,False,False,False,False,False,False,False,False,False,False,False,False,False,False,False,z
4,61095.119184208655,lsst,150.41753943820234,0.757965069957954,314011777182990477,170050492820881588,0,314011777182990477,-5184.887,359.59384,0,0,0,17607.893,355.91132,True,2026022300182,79,0.0,9.801432e-06,1.1596197e-05,8.434088e-12,1019.3133,0.21047635,3005.4514,0.17488326,False,-5644.6226,1037.5265,False,False,True,14.08056,,1738.4185,1681,-4904.2896,1.188447,150.4175397658775,,0.7579668879548934,,0.6113692,,-23.786762,,,0,False,,,,,,,,0,False,False,False,22897.297,81.56205,0.12138239,0.11038707,-0.015986426,0.12504159,0.11010314,0.0053792805,False,False,False,False,0.00060682016,0.7489341,False,False,61095.12110029861,,16,False,False,False,False,False,False,False,False,False,False,False,False,False,False,False,False,False,False,False,False,False,z
4,61095.12011995214,lsst,150.41754443773377,0.7579502818386878,314011777182990477,170050493088792781,0,314011777182990477,-4494.292,385.6659,0,0,0,18089.475,376.55063,True,2026022300184,78,0.0,1.7079994e-05,1.4244566e-05,-8.506159e-12,318.42783,0.25661042,3391.3152,0.3081295,False,-4501.5537,1082.2053,False,False,True,11.340573,,1576.5186,1681,-4445.2207,3.229054,150.4175459389516,,0.7579492312519055,,0.91091967,,-74.00636,,,0,False,,,,,,,,0,False,False,False,22544.627,55.321598,0.12436248,0.19806951,-0.014110941,0.12739964,0.124673426,0.006281354,False,False,False,False,0.21837825,0.77757585,False,False,61095.12204063553,,16,False,False,False,False,False,False,False,False,False,False,False,False,False,False,False,False,False,False,False,False,False,z
4,61095.12104436464,lsst,150.41755745055545,0.7579418603335597,314011777182990477,170050493378724083,0,314011777182990477,-4784.9243,357.8777,0,0,0,17755.805,354.13995,True,2026022300186,119,0.0,1.262538e-05,1.0880494e-05,-8.435481e-12,2285.486,0.19465964,3939.2798,0.22854246,False,-4462.361,1057.8619,False,False,True,13.131164,,1632.7388,1681,-4565.645,2.2227647,150.41755803607398,,0.7579407312292723,,0.6201418,,75.99071,,,0,False,,,,,,,,0,False,False,False,22637.762,98.225716,0.09763904,0.119838126,0.0135746505,0.10769826,0.1113648,0.007938157,False,False,False,False,0.00014370763,0.82904696,False,False,61095.12279953675,,15,False,False,False,False,False,False,False,False,False,False,False,False,False,False,False,False,False,False,False,False,False,z
4,61095.1215101234,lsst,150.417563506473,0.7579747737080473,314011777182990477,170050493511893262,0,314011777182990477,-5238.1274,362.8096,0,0,0,18051.041,359.79688,True,2026022300187,117,0.0,1.0600291e-05,1.1102642e-05,1.7290329e-12,3300.3196,0.20049055,1141.3955,0.19070013,False,-4509.4805,1074.128,False,False,True,14.212928,,1752.1853,1681,-5081.9126,4.3205495,150.41756321667958,,0.7579746593302557,,0.6210059,,-35.497955,,,0,False,,,,,,,,0,False,False,False,23416.775,101.423035,0.0997413,0.098054245,-0.017730366,0.11047139,0.10576385,0.005297097,False,False,False,False,0.019517345,0.78402895,False,False,61095.12319854094,,15,False,False,False,False,False,False,False,False,False,False,False,False,False,False,False,False,False,False,False,False,False,z
2,61095.12338987329,lsst,150.41753849835763,0.7579662887974902,314011777182990477,170050493669703889,0,314011777182990477,-1799.1776,157.31248,0,0,0,5424.8906,155.03763,True,2026022300188,162,0.0,1.4164208e-05,1.3817311e-05,-1.08805924e-11,571.9495,0.24432684,3702.9062,0.2598085,False,-1747.1737,411.3415,False,False,True,11.373624,,1746.4739,1681,-1709.4645,7.0536876,150.41754091095547,,0.7579703553282412,,0.52956736,,108.24161,,,0,False,,,,,,,,0,False,False,False,7257.102,28.385515,0.09556264,0.116974294,0.0064403038,0.14771985,0.1384262,0.0038748009,False,False,False,False,0.21125557,0.45729628,False,False,61095.12528198502,,18,False,False,False,False,False,False,False,False,False,False,False,False,False,False,False,False,False,False,False,False,False,r
2,61095.12385543584,lsst,150.4175257982763,0.7579650846814431,314011777182990477,170050493788717241,0,314011777182990477,-1777.0563,146.85472,0,0,0,5510.5176,144.52608,True,2026022300189,133,0.0,1.3885045e-05,1.3226361e-05,-1.6332024e-11,847.65643,0.2314049,1937.179,0.25623932,False,-1532.0012,392.73453,False,False,True,12.01478,,1702.0443,1681,-1694.6519,4.40183,150.41752873545158,,0.7579667677117147,,0.5599005,,-46.911007,,,0,False,,,,,,,,0,False,False,False,7321.044,28.090601,0.09899364,0.12455834,-0.0057730847,0.14672871,0.12993255,0.008315246,False,False,False,False,0.11970715,0.5146712,False,False,61095.12564811129,,16,False,False,False,False,False,False,False,False,False,False,False,False,False,False,False,False,False,False,False,False,False,r
2,61095.124320700954,lsst,150.41753510911934,0.7579563773024363,314011777182990477,170050493922410690,0,314011777182990477,-1668.5192,147.47841,0,0,0,5595.137,145.42397,True,2026022300190,132,0.0,1.4744659e-05,1.8645289e-05,9.637589e-11,222.27525,0.3597376,3318.105,0.2322427,False,-796.2905,396.08572,False,False,True,11.429195,,1723.8362,1681,-1781.0763,1.5794948,150.4175389919164,,0.757956473887035,,1.0816746,,33.935658,,,0,False,,,,,,,,0,False,False,False,7293.149,28.637844,0.20484386,0.08733038,0.012533545,0.13728201,0.13327883,0.003836325,False,False,False,False,0.02138251,0.40472472,False,False,61095.126136141735,,15,False,False,False,False,False,False,False,False,False,False,False,False,False,False,False,False,False,False,False,False,False,r
2,61095.12478742591,lsst,150.41753866349475,0.7579846147494335,314011777182990477,170050494056628422,0,314011777182990477,-1729.5591,141.81487,0,0,0,5549.5693,138.96251,True,2026022300191,132,0.0,1.0623478e-05,1.2327685e-05,2.3377095e-11,2635.0708,0.22981587,2520.9973,0.1818412,False,-1558.8257,389.46332,False,False,True,12.076028,,1621.9824,1681,-1655.1941,6.8577833,150.41754278044993,,0.7579827497150136,,0.70103234,,39.028053,,,0,False,,,,,,,,0,False,False,False,7317.5815,27.112581,0.10325674,0.06115441,0.011301788,0.12800193,0.12254102,0.008792685,False,False,False,False,0.30959752,0.49474207,False,False,61095.126556580915,,17,False,False,False,False,False,False,False,False,False,False,False,False,False,False,False,False,False,False,False,False,False,r
2,61095.12572255821,lsst,150.41751771874843,0.7579542577197356,314011777182990477,170050494321393849,0,314011777182990477,-1529.2268,141.7983,0,0,0,5467.795,139.39572,True,2026022300193,125,0.0,1.2648727e-05,1.6043214e-05,3.8282676e-11,1491.9719,0.2964488,2621.5457,0.21823776,False,-1240.8989,391.99518,False,False,True,10.412632,,1735.9224,1681,-1522.1512,9.640717,150.417510286706,,0.7579526708862662,,0.8936125,,33.30655,,,0,False,,,,,,,,0,False,False,False,7028.4917,38.47187,0.12423201,0.049965035,0.020309633,0.13058719,0.12574364,0.0020271784,False,False,False,False,0.28080556,0.44953373,False,False,61095.127578172396,,15,False,False,False,False,False,False,False,False,False,False,False,False,False,False,False,False,False,False,False,False,False,r
2,61095.12619548972,lsst,150.41751861018304,0.75797119456064,314011777182990477,170050494452465886,0,314011777182990477,-1625.5559,139.06085,0,0,0,5442.087,136.1134,True,2026022300194,119,0.0,1.398815e-05,1.5508165e-05,1.43667985e-11,579.15466,0.28182325,2958.2476,0.24909535,False,-1762.1316,386.44675,False,False,True,11.592501,,1564.2092,1681,-1764.4966,4.905749,150.41751589819086,,0.7579690198812439,,1.1725546,,54.268723,,,0,False,,,,,,,,0,False,False,False,7108.1455,34.676865,0.16013643,0.12517692,0.07172219,0.12904774,0.12510076,0.010500404,False,False,False,False,0.04669198,0.5082492,False,False,61095.12815582352,,15,False,False,False,False,False,False,False,False,False,False,False,False,False,False,False,False,False,False,False,False,False,r
2,61095.12666042595,lsst,150.4175379250179,0.7579785801233532,314011777182990477,170050494585635131,0,314011777182990477,-1632.6952,148.59892,0,0,0,5666.463,146.4214,True,2026022300195,117,0.0,1.2942581e-05,2.001446e-05,5.671323e-11,1471.6469,0.3669366,610.6043,0.22381513,False,-1805.9692,400.38602,False,False,True,10.649777,,1706.7788,1681,-1897.4595,1.4333737,150.41753746587074,,0.7579817214578041,,1.4441011,,17.539047,,,0,False,,,,,,,,0,False,False,False,7317.447,36.726334,0.3193606,0.095762484,0.018070484,0.14404324,0.134245,0.011977839,False,False,False,False,0.5697649,0.4798541,False,False,61095.12852510523,,17,False,False,False,False,False,False,False,False,False,False,False,False,False,False,False,False,False,False,False,False,False,r
2,61095.127127925145,lsst,150.41752650979544,0.7579693781867604,314011777182990477,170050494719852804,0,314011777182990477,-1923.8927,153.45291,0,0,0,5329.8276,151.24661,True,2026022300196,117,0.0,1.1960434e-05,1.3757959e-05,8.467293e-12,2104.2202,0.24917875,1769.8828,0.21428083,False,-2163.8857,398.23328,False,False,True,12.43967,,1655.1123,1681,-1903.099,9.342007,150.41752745078526,,0.75797430616728,,0.7906311,,51.069492,,,0,False,,,,,,,,0,False,False,False,7270.5435,34.1864,0.11237749,0.10433684,0.029953612,0.15952009,0.15480518,0.013505676,False,False,False,False,0.31611952,0.46108186,False,False,61095.12898065662,,17,False,False,False,False,False,False,False,False,False,False,False,False,False,False,False,False,False,False,False,False,False,r
2,61095.12759611469,lsst,150.41754387654478,0.7579924724639815,314011777182990477,170050494834147492,0,314011777182990477,-1638.7474,148.0071,0,0,0,5579.211,146.1325,True,2026022300197,79,0.0,1.4747261e-05,1.3464543e-05,-4.498219e-12,689.80023,0.24238001,856.4407,0.26583928,False,-2051.2334,400.71573,False,False,True,10.804387,,1731.5796,1681,-1576.2964,10.571802,150.41754149570195,,0.7579861119354044,,0.6906497,,64.56588,,,0,False,,,,,,,,0,False,False,False,7232.6245,27.124699,0.08475787,0.10376657,0.020541068,0.13066772,0.13481143,0.0057500624,False,False,False,False,0.24371545,0.4637435,False,False,61095.129383285894,,15,False,False,False,False,False,False,False,False,False,False,False,False,False,False,False,False,False,False,False,False,False,r
2,61095.12806316138,lsst,150.41753913639175,0.7579511946236672,314011777182990477,170050494988812468,0,314011777182990477,-1973.5173,141.69008,0,0,0,5261.4917,139.16914,True,2026022300198,118,0.0,1.1076687e-05,1.130626e-05,4.863265e-13,1895.784,0.2038417,2112.074,0.19940421,False,-2300.0403,383.95724,False,False,True,13.700248,,1698.8065,1681,-1972.9497,1.3022158,150.41753890055438,,0.7579525841328929,,0.8659596,,46.52296,,,0,False,,,,,,,,0,False,False,False,7286.926,30.343987,0.12748595,0.12133606,0.03637605,0.12791994,0.1391358,0.013364833,False,False,False,False,0.015468041,0.53732187,False,False,61095.12983793799,,15,False,False,False,False,False,False,False,False,False,False,False,False,False,False,False,False,False,False,False,False,False,r
2,61095.129633617296,lsst,150.41751908019953,0.7579893981898442,314011777182990477,170050495419252915,0,314011777182990477,-1604.2816,152.77135,0,0,0,5543.3174,149.27252,True,2026022300201,171,0.0,1.4535261e-05,1.46470165e-05,-3.0889297e-12,170.99959,0.2604746,3376.3206,0.2650665,False,-1628.5221,384.8604,False,False,True,10.378816,,1756.7625,1681,-1581.5214,8.587782,150.41752411910835,,0.7579922684824846,,0.9268422,,117.896965,,,0,False,,,,,,,,0,False,False,False,7157.012,27.50285,0.09221326,0.13102809,0.03919533,0.16477615,0.15493956,0.00901055,False,False,False,False,0.30529377,0.4254632,False,False,61095.13135801886,,17,False,False,False,False,False,False,False,False,False,False,False,False,False,False,False,False,False,False,False,False,False,r
2,61095.13009929539,lsst,150.41753259637045,0.7579664222925487,314011777182990477,170050495550849206,0,314011777182990477,-1687.7051,154.31686,0,0,0,5552.0786,152.24998,True,2026022300202,166,0.0,1.836173e-05,1.6458127e-05,7.4937175e-11,1632.0331,0.35382178,2865.5935,0.26873365,False,-1324.2358,402.24637,False,False,True,10.833542,,1604.8545,1681,-1731.8223,1.5717138,150.4175363026903,,0.7579711654561645,,0.90903413,,51.267212,,,0,False,,,,,,,,0,False,False,False,7248.873,23.805851,0.20713341,0.13052443,-0.007536184,0.14630954,0.14619462,0.0044854656,False,False,False,False,0.083634414,0.5190521,False,False,61095.131854967454,,18,False,False,False,False,False,False,False,False,False,False,False,False,False,False,False,False,False,False,False,False,False,r
3,61095.132372913096,lsst,150.41756545936664,0.7579666389726993,314011777182990477,170050495818236047,0,314011777182990477,-3151.5571,235.26408,0,0,0,12476.625,230.08359,True,2026022300204,164,0.0,1.2634987e-05,1.2516526e-05,1.06928095e-11,2411.2468,0.23396748,1102.5703,0.21870172,False,-2825.887,591.5183,False,False,True,13.219434,,1831.7881,1681,-2965.008,7.622451,150.41756253827128,,0.7579652515902462,,0.49680656,,22.941364,,,0,False,,,,,,,,0,False,False,False,15657.087,17.794409,0.14666684,0.13331334,-0.008427664,0.15948275,0.14489058,0.0034577467,False,False,False,False,0.024162263,0.6276999,False,False,61095.13432508382,,20,False,False,False,False,False,False,False,False,False,False,False,False,False,False,False,False,False,False,False,False,False,i
3,61095.132840946884,lsst,150.41755365393573,0.7579624763762114,314011777182990477,170050495951929552,0,314011777182990477,-3174.5764,224.71754,0,0,0,12440.489,219.29189,True,2026022300205,163,0.0,1.1905007e-05,1.1882864e-05,3.976445e-12,2441.2163,0.21719728,3887.1055,0.211369,False,-2571.5552,587.9791,False,False,True,14.186885,,1731.688,1681,-3021.4822,5.5359974,150.41755733355274,,0.7579637791392532,,0.59020907,,14.967188,,,0,False,,,,,,,,0,False,False,False,15620.629,20.817924,0.1303454,0.11549523,-0.013716124,0.13250473,0.13688087,-0.001530735,False,False,False,False,0.02544595,0.64661086,False,False,61095.13482823169,,15,False,False,False,False,False,False,False,False,False,False,False,False,False,False,False,False,False,False,False,False,False,i
3,61095.1333076001,lsst,150.417553362923,0.7579482783923266,314011777182990477,170050496086671550,0,314011777182990477,-3278.7515,226.4831,0,0,0,12194.775,220.8178,True,2026022300206,164,0.0,1.3107403e-05,1.3136738e-05,6.4516808e-12,258.2135,0.2406571,2391.4863,0.2319985,False,-3749.544,586.6888,False,False,True,14.208633,,1602.2845,1681,-3104.351,1.9951428,150.41755504834487,,0.7579509987657903,,0.57735544,,-6.3470464,,,0,False,,,,,,,,0,False,False,False,15475.563,20.331568,0.16697298,0.1710416,-0.014456351,0.14144225,0.13762519,0.0039813947,False,False,False,False,0.14433067,0.6827227,False,False,61095.13524149069,,16,False,False,False,False,False,False,False,False,False,False,False,False,False,False,False,False,False,False,False,False,False,i
3,61095.13377287988,lsst,150.4175389908744,0.7579910277133192,314011777182990477,170050496221413556,0,314011777182990477,-3281.28,237.68211,0,0,0,12174.707,233.7373,True,2026022300207,165,0.0,1.4058856e-05,1.4673375e-05,4.7539746e-11,3134.8086,0.28763142,1766.823,0.2267923,False,-3505.5884,595.72797,False,False,True,13.829219,,1686.6932,1681,-3486.168,3.5804949,150.41753606860382,,0.7579871313235095,,1.0942832,,40.41706,,,0,False,,,,,,,,0,False,False,False,15529.974,17.280426,0.23770367,0.11900566,0.0017182953,0.14582181,0.16113137,0.00065380405,False,False,False,False,0.09617193,0.5620694,False,False,61095.135916643,,20,False,False,False,False,False,False,False,False,False,False,False,False,False,False,False,False,False,False,False,False,False,i
3,61095.13470496947,lsst,150.4175681653094,0.757946295902619,314011777182990477,170050496472547504,0,314011777182990477,-3489.6086,223.44357,0,0,0,11889.785,217.21721,True,2026022300209,132,0.0,1.3578939e-05,1.2757492e-05,-2.5497516e-11,266.82388,0.21757434,916.9884,0.25554568,False,-3718.742,577.3893,False,False,True,15.565923,,1538.684,1681,-3545.963,0.44411546,150.4175667120198,,0.7579452935217442,,0.9084922,,-41.437016,,,0,False,,,,,,,,0,False,False,False,15418.733,18.1893,0.15867954,0.22533098,-0.019051747,0.1414511,0.13678242,0.0077919727,False,False,False,False,0.3955461,0.6943563,False,False,61095.136577394944,,17,False,False,False,False,False,False,False,False,False,False,False,False,False,False,False,False,False,False,False,False,False,i
3,61095.135169875066,lsst,150.41754776746183,0.7579593895924537,314011777182990477,170050496602570911,0,314011777182990477,-3120.952,235.95044,0,0,0,12456.767,232.09813,True,2026022300210,124,0.0,1.7135351e-05,1.6628572e-05,-1.467967e-11,836.046,0.29530478,987.7688,0.3131825,False,-3023.2795,591.42194,False,False,True,13.347351,,1642.5751,1681,-3035.4001,2.3730428,150.4175518702029,,0.7579603248544454,,0.58363247,,-9.940832,,,0,False,,,,,,,,0,False,False,False,15610.237,18.682001,0.19971697,0.19526471,-0.014655977,0.16061771,0.14073108,-0.0043695387,False,False,False,False,0.30566138,0.6782494,False,False,61095.13713384368,,19,False,False,False,False,False,False,False,False,False,False,False,False,False,False,False,False,False,False,False,False,False,i
3,61095.13563587865,lsst,150.41756080034517,0.7579646073354578,314011777182990477,170050496736788638,0,314011777182990477,-3561.4192,238.36557,0,0,0,12035.36,233.89218,True,2026022300211,124,0.0,1.3796022e-05,1.4931153e-05,2.4276005e-11,1794.5911,0.27695635,1898.9021,0.24002606,False,-3725.4863,586.58215,False,False,True,14.745422,,1684.4001,1681,-3847.7559,3.4290507,150.41756131949856,,0.7579766003227485,,1.2524049,,-8.60179,,,0,False,,,,,,,,0,False,False,False,15613.851,16.411617,0.24129249,0.1940457,-0.07518457,0.1570223,0.16886227,-0.013391861,False,False,False,False,0.3692938,0.6973818,False,False,61095.137627960765,,20,False,False,False,False,False,False,False,False,False,False,False,False,False,False,False,False,False,False,False,False,False,i
3,61095.13610608895,lsst,150.41756769453457,0.757932118531506,314011777182990477,170050496869433511,0,314011777182990477,-3272.8293,222.95093,0,0,0,11942.343,218.18121,True,2026022300212,121,0.0,1.3344106e-05,1.3872207e-05,8.803712e-12,2902.5376,0.2527753,356.52228,0.2375008,False,-3401.175,578.09186,False,False,True,14.277333,,1840.3798,1681,-3394.556,3.1011384,150.4175665861255,,0.7579387768998368,,0.9197647,,-13.621355,,,0,False,,,,,,,,0,False,False,False,15235.262,18.824617,0.17795363,0.15971737,-0.039037522,0.13381125,0.14688803,0.0060353735,False,False,False,False,0.13484223,0.6816955,False,False,61095.138000652514,,20,False,False,False,False,False,False,False,False,False,False,False,False,False,False,False,False,False,False,False,False,False,i
3,61095.13657048374,lsst,150.41754892701576,0.7579693121034571,314011777182990477,170050497005748410,0,314011777182990477,-3319.7312,220.61092,0,0,0,12239.183,215.45522,True,2026022300213,125,0.0,9.75942e-06,1.30675935e-05,3.5972794e-11,1490.6791,0.24520874,1009.95703,0.16198833,False,-2623.0266,576.7123,False,False,True,15.169909,,1666.3033,1681,-3410.3618,3.7027802,150.41755240592673,,0.7579699281296648,,0.92348474,,15.376639,,,0,False,,,,,,,,0,False,False,False,15623.088,22.913874,0.17079525,0.08860283,-0.009271893,0.12797469,0.13677238,-0.002012611,False,False,False,False,0.0013526602,0.67550975,False,False,61095.13848897896,,16,False,False,False,False,False,False,False,False,False,False,False,False,False,False,False,False,False,False,False,False,False,i
3,61095.138529601354,lsst,150.41756790830803,0.7579845766296518,314011777182990477,170050497514832058,0,314011777182990477,-3352.0947,214.83759,0,0,0,12042.497,209.50737,True,2026022300217,72,0.0,1.10291785e-05,1.2709462e-05,-1.1601005e-11,2633.1501,0.23150481,1948.5021,0.19605245,False,-3867.246,580.0922,False,False,True,15.379522,,1664.0563,1681,-3380.058,0.787929,150.41756456986275,,0.7579900459295866,,0.79028296,,-35.865593,,,0,False,,,,,,,,0,False,False,False,15428.962,34.282967,0.1685699,0.1251921,-0.019269036,0.11419719,0.12812558,0.011414184,False,False,False,False,0.12791806,0.77605736,False,False,61095.14038616458,,16,False,False,False,False,False,False,False,False,False,False,False,False,False,False,False,False,False,False,False,False,False,i
1,61095.14133967445,lsst,150.41751703090327,0.757957128181911,314011777182990477,170050497964671160,0,314011777182990477,-512.0747,97.3115,0,0,0,1401.9467,95.94803,True,2026022300220,162,0.0,4.2202602e-05,4.284966e-05,1.11587246e-10,3516.949,0.78959954,1904.4476,0.74136096,False,-637.18524,259.59326,False,False,True,5.1903048,,1642.0062,1681,,,,,,,,,,,,0,False,,,,,,,,0,False,False,False,1931.6279,20.27131,,,,0.17681941,0.13565847,0.0076834755,True,False,False,False,,0.3028516,False,False,61095.14340108054,,12,False,False,False,False,False,False,False,False,False,False,False,False,False,False,False,False,False,False,False,False,False,g
1,61095.141805133,lsst,150.4175820437032,0.7579854760286007,314011777182990477,170050498099413285,0,314011777182990477,-747.42914,95.0921,0,0,0,1198.4906,93.76066,True,2026022300221,163,0.0,1.7964596e-05,1.873899e-05,3.831126e-11,1527.6879,0.34982854,718.6183,0.30989292,False,-703.8881,260.22537,False,False,True,7.6922197,,1827.457,1681,-754.0001,1.7158164,150.41758736255133,,0.7579934173688894,,1.0809313,,110.17285,,,0,False,,,,,,,,0,False,False,False,1959.9904,21.099033,0.054834645,0.16756143,0.030880941,0.16752852,0.13273154,0.007232951,False,False,False,False,0.22314988,0.2738654,False,False,61095.1439331067,,16,False,False,False,False,False,False,False,False,False,False,False,False,False,False,False,False,False,False,False,False,False,g
1,61095.14273707614,lsst,150.41754896312327,0.7579350499776544,314011777182990477,170050498367324358,0,314011777182990477,-554.51117,94.89207,0,0,0,1400.2415,93.57437,True,2026022300223,162,0.0,2.358905e-05,2.1242551e-05,-7.8610694e-11,443.80234,0.36436528,1698.6729,0.4407196,False,-314.74564,259.6678,False,False,True,5.8188815,,1628.0275,1681,-547.70844,3.5988898,150.41754857314442,,0.7579310962555926,,0.8739556,,94.047035,,,0,False,,,,,,,,0,False,False,False,1963.693,19.12499,0.04537674,0.10089699,0.031435005,0.15260501,0.13417313,0.00675015,False,False,False,False,0.5775869,0.26278633,False,False,61095.144772048996,,13,False,False,False,False,False,False,False,False,False,False,False,False,False,False,False,False,False,False,False,False,False,g
1,61095.144604067595,lsst,150.41753939526393,0.7579765132413679,314011777182990477,170050498881126577,0,314011777182990477,-625.9356,86.097015,0,0,0,1324.9169,84.19828,True,2026022300227,118,0.0,1.6987626e-05,2.1423284e-05,5.645432e-11,1587.0964,0.3931437,1010.5322,0.29660803,False,-693.12756,249.58621,False,False,True,7.1916203,,1670.8673,1681,,,,,,,,,,,,0,False,,,,,,,,0,False,False,False,1986.4287,24.865295,,,,0.13760963,0.11046447,0.002234464,True,False,False,False,,0.29432118,False,False,61095.146531092265,,13,False,False,False,False,False,False,False,False,False,False,False,False,False,False,False,False,False,False,False,False,False,g
4,61095.14884484888,lsst,150.4175444634738,0.7579631159279274,314011777182990477,170050499711074479,0,314011777182990477,-5156.4277,325.21768,0,0,0,17800.766,318.84982,True,2026022300233,165,0.0,9.7666725e-06,1.0095176e-05,1.7465621e-11,2881.9377,0.19442561,1155.8984,0.16219667,False,-4631.5146,948.4223,False,False,True,15.807485,,1710.6157,1681,-5196.8633,9.092854,150.41754589106623,,0.7579609479227509,,0.7506359,,68.61571,,,0,False,,,,,,,,0,False,False,False,23098.201,57.73048,0.123989046,0.09585278,0.022789624,0.117189534,0.10802303,0.008220736,False,False,False,False,0.0016045388,0.81008464,False,False,61095.15061905243,,15,False,False,False,False,False,False,False,False,False,False,False,False,False,False,False,False,False,False,False,False,False,z
4,61095.14931093139,lsst,150.41753392662133,0.757950779767218,314011777182990477,170050499828515061,0,314011777182990477,-4770.64,320.2379,0,0,0,17612.979,314.42126,True,2026022300234,133,0.0,1.0716465e-05,1.1608219e-05,3.3024562e-11,2552.599,0.22724959,3202.6208,0.17118965,False,-5065.423,954.69806,False,False,True,14.405007,,1691.377,1681,-4921.0664,4.044154,150.4175358162832,,0.7579528119565633,,0.8980972,,61.71937,,,0,False,,,,,,,,0,False,False,False,22503.877,70.96404,0.14966047,0.098959446,0.030619785,0.10807322,0.101952545,0.0052611446,False,False,False,False,0.08492571,0.7296107,False,False,61095.151161973474,,16,False,False,False,False,False,False,False,False,False,False,False,False,False,False,False,False,False,False,False,False,False,z
4,61095.14977643661,lsst,150.41756257525822,0.7579589920263992,314011777182990477,170050499977937090,0,314011777182990477,-4890.693,323.17908,0,0,0,17913.676,317.70877,True,2026022300235,162,0.0,1.0761519e-05,1.1642571e-05,2.36606e-11,2085.0044,0.22161934,798.8794,0.18026862,False,-4854.8857,930.91705,False,False,True,15.199897,,1708.8363,1681,-4719.682,0.1154764,150.41756101342875,,0.7579612047789812,,0.61404824,,-0.96350807,,,0,False,,,,,,,,0,False,False,False,22948.594,80.99074,0.13371499,0.12154301,-0.015803423,0.12367083,0.09979892,0.0054212,False,False,False,False,0.05507159,0.80345786,False,False,61095.151644292826,,17,False,False,False,False,False,False,False,False,False,False,False,False,False,False,False,False,False,False,False,False,False,z
4,61095.15210396373,lsst,150.4175328237528,0.7579819800757865,314011777182990477,170050500625432921,0,314011777182990477,-4608.154,338.83142,0,0,0,17640.64,331.65863,True,2026022300240,117,0.0,1.2453602e-05,1.4942991e-05,2.6106738e-11,2309.1123,0.2749208,3541.7598,0.21787758,False,-4359.6885,981.60657,False,False,True,13.5147295,,1611.4218,1681,-4583.78,0.6635883,150.41753565807298,,0.7579814626356386,,0.75291467,,17.701376,,,0,False,,,,,,,,0,False,False,False,22367.137,89.45349,0.16834526,0.11606848,-0.0008189087,0.11931264,0.101375215,0.005094282,False,False,False,False,0.20609605,0.7276371,False,False,61095.15396675054,,16,False,False,False,False,False,False,False,False,False,False,False,False,False,False,False,False,False,False,False,False,False,z
4,61095.15304193804,lsst,150.41753516750128,0.757946115551098,314011777182990477,170050500873945305,0,314011777182990477,-5043.8447,332.94757,0,0,0,17414.326,327.19977,True,2026022300242,79,0.0,1.2795481e-05,9.941724e-06,-1.5395346e-11,1119.91,0.17609645,3470.905,0.23287003,False,-5495.209,929.2044,False,False,True,15.203845,,1734.3802,1681,-5100.027,5.401126,150.41753577072498,,0.7579479536500503,,0.7862233,,98.9636,,,0,False,,,,,,,,0,False,False,False,22516.576,82.98702,0.09649524,0.15444137,0.0038502242,0.11994349,0.12704977,0.0026140793,False,False,False,False,0.0007884764,0.8351869,False,False,61095.15493649909,,16,False,False,False,False,False,False,False,False,False,False,False,False,False,False,False,False,False,False,False,False,False,z
4,61095.15350438159,lsst,150.41753766437859,0.7579555073980576,314011777182990477,170050501030183030,0,314011777182990477,-4591.193,343.89856,0,0,0,18478.465,337.87064,True,2026022300243,121,0.0,1.2017926e-05,1.0736563e-05,-4.867211e-12,2840.0808,0.19291213,334.09018,0.21705256,False,-3951.471,961.26733,False,False,True,13.385774,,1739.168,1681,-4492.92,5.44672,150.41753994955334,,0.7579563127497388,,0.6814601,,79.1837,,,0,False,,,,,,,,0,False,False,False,22995.166,86.06194,0.09400725,0.12669958,0.014039163,0.117080234,0.12018693,0.00545769,False,False,False,False,0.014376835,0.7709059,False,False,61095.15530546475,,16,False,False,False,False,False,False,False,False,False,False,False,False,False,False,False,False,False,False,False,False,False,z
4,61095.153971139516,lsst,150.41757471461315,0.7579278386222678,314011777182990477,170050501141856487,0,314011777182990477,-4773.6445,339.30997,0,0,0,15396.387,316.3657,True,2026022300244,78,0.0,1.3604514e-05,1.1462244e-05,-6.1281345e-12,425.29758,0.20635179,3945.4377,0.24556392,False,-4807.1777,975.7665,False,False,True,13.911477,,1778.8606,1681,-4721.4673,4.8874793,150.41757163939235,,0.757928789988694,,0.63688534,,40.68927,,,0,False,,,,,,,,0,False,False,False,19964.947,90.78062,0.13474481,0.12110176,0.017002659,0.116663404,0.111168206,0.00668996,False,False,False,False,0.042299524,0.84546936,False,False,61095.15592054093,,16,False,False,False,False,False,False,False,False,False,False,False,False,False,False,False,False,False,False,False,False,False,z
4,61095.155550065974,lsst,150.41757845342715,0.7579755470592529,314011777182990477,170050501592744102,0,314011777182990477,-5486.318,357.27374,0,0,0,17668.023,352.18817,True,2026022300247,170,0.0,1.394203e-05,1.0624068e-05,4.9906964e-11,1056.3947,0.26599848,188.86665,0.17037854,False,-5829.628,967.59247,False,False,True,15.316207,,1572.3115,1681,-5795.3364,5.205293,150.41757392996115,,0.7579766347632694,,1.0150224,,53.748856,,,0,False,,,,,,,,0,False,False,False,23215.03,80.19636,0.17994955,0.08201334,-0.019471025,0.13395399,0.13535006,0.004024982,False,False,False,False,0.0025058126,0.7493839,False,False,61095.15726304307,,17,False,False,False,False,False,False,False,False,False,False,False,False,False,False,False,False,False,False,False,False,False,z
2,61095.15743160785,lsst,150.417538400211,0.7579610900687976,314011777182990477,170050501699174825,0,314011777182990477,-1818.71,131.76959,0,0,0,5528.4585,130.11453,True,2026022300248,117,0.0,1.132819e-05,1.1205419e-05,1.7649415e-13,3541.8193,0.20208782,1904.4979,0.2040128,False,-1829.1825,361.39038,False,False,True,13.43061,,1789.4918,1681,-1778.5795,0.7625094,150.4175387415365,,0.7579594910522165,,0.66774464,,45.401676,,,0,False,,,,,,,,0,False,False,False,7392.3716,39.4989,0.11145738,0.11328915,0.02053908,0.11802953,0.118066885,-0.0009282945,False,False,False,False,0.00681372,0.5180015,False,False,61095.159165912715,,16,False,False,False,False,False,False,False,False,False,False,False,False,False,False,False,False,False,False,False,False,False,r
2,61095.15789888926,lsst,150.41754833803634,0.7579648992816158,314011777182990477,170050501813993674,0,314011777182990477,-1607.4567,130.84258,0,0,0,5693.815,128.50262,True,2026022300249,80,0.0,1.3504097e-05,1.594768e-05,-4.432991e-12,2197.5657,0.28740963,3748.2615,0.24286741,False,-1681.5472,362.26263,False,False,True,12.041108,,1689.2006,1681,-1588.1991,1.5076729,150.41755345538618,,0.7579576943441696,,0.7478368,,20.665264,,,0,False,,,,,,,,0,False,False,False,7333.068,41.326893,0.17202489,0.13817602,0.019134564,0.1125266,0.11273323,0.004353197,False,False,False,False,0.33008537,0.48689118,False,False,61095.15972063301,,16,False,False,False,False,False,False,False,False,False,False,False,False,False,False,False,False,False,False,False,False,False,r
2,61095.15836536857,lsst,150.41753068591643,0.7579857356113819,314011777182990477,170050501947687090,0,314011777182990477,-1898.7787,137.25342,0,0,0,5361.39,134.69879,True,2026022300250,79,0.0,1.09906805e-05,1.2719146e-05,-4.8063953e-12,1660.897,0.22967033,2132.9167,0.19741222,False,-2613.8481,365.1374,False,False,True,13.680878,,1693.375,1681,-1895.505,0.351063,150.41753150102443,,0.7579827640349994,,0.9551012,,18.382505,,,0,False,,,,,,,,0,False,False,False,7285.013,45.700733,0.16948012,0.11179549,0.034483988,0.123050965,0.12265423,0.00043639573,False,False,False,False,0.062439114,0.55289567,False,False,61095.16025319061,,16,False,False,False,False,False,False,False,False,False,False,False,False,False,False,False,False,False,False,False,False,False,r
2,61095.159295887075,lsst,150.41753110835657,0.7579711019524772,314011777182990477,170050502215598215,0,314011777182990477,-1732.222,140.5134,0,0,0,5561.565,137.59306,True,2026022300252,78,0.0,1.1604974e-05,1.2442856e-05,-4.7812136e-12,2055.8162,0.2252397,639.89557,0.2081365,False,-1241.465,381.69797,False,False,True,12.196967,,1662.8344,1681,-1747.0449,4.9584675,150.41752730809668,,0.7579699053026617,,0.95394105,,27.558928,,,0,False,,,,,,,,0,False,False,False,7323.5923,46.463028,0.12080034,0.10570291,0.04614717,0.12225191,0.12186189,0.013992727,False,False,False,False,0.015795507,0.48050344,False,False,61095.161092160124,,15,False,False,False,False,False,False,False,False,False,False,False,False,False,False,False,False,False,False,False,False,False,r
2,61095.16022970482,lsst,150.41753233113226,0.7579828692830547,314011777182990477,170050502481412252,0,314011777182990477,-1639.5107,142.79443,0,0,0,5694.158,139.53915,True,2026022300254,73,0.0,1.2568594e-05,1.320509e-05,-6.30548e-12,3461.542,0.23942335,1129.8048,0.2247087,False,-1729.8121,373.87186,False,False,True,11.081994,,1742.9385,1681,-1633.0969,11.397312,150.41753020431764,,0.7579885370093808,,1.009702,,16.69268,,,0,False,,,,,,,,0,False,False,False,7363.182,34.54425,0.1367981,0.10118742,0.050082143,0.12935543,0.13408208,0.015232472,False,False,False,False,0.030306613,0.4243311,False,False,61095.16201333543,,16,False,False,False,False,False,False,False,False,False,False,False,False,False,False,False,False,False,False,False,False,False,r
2,61095.1611634656,lsst,150.41756010665674,0.7579701113463292,314011777182990477,170050502728876194,0,314011777182990477,-2070.5027,151.19202,0,0,0,5312.956,149.59161,True,2026022300256,33,0.0,1.4529572e-05,1.18556245e-05,4.0342476e-11,2654.1018,0.1994544,486.1198,0.27281293,False,-1725.134,376.61942,False,False,True,13.655786,,1748.184,1681,-2028.1674,1.8653591,150.41756001155557,,0.7579725431106439,,0.9276661,,51.09836,,,0,False,,,,,,,,0,False,False,False,7419.243,28.179943,0.11379352,0.18659781,0.020059517,0.14399701,0.14821422,0.012532605,False,False,False,False,0.0028664474,0.5575038,False,False,61095.16298557019,,19,False,False,False,False,False,False,False,False,False,False,False,False,False,False,False,False,False,False,False,False,False,r
2,61095.16163103953,lsst,150.41753196870695,0.7579643001414328,314011777182990477,170050502862045360,0,314011777182990477,-1926.8429,146.9812,0,0,0,5445.6685,145.58856,True,2026022300257,31,0.0,1.6369837e-05,1.2744751e-05,7.426051e-11,3675.2847,0.20077604,2061.4966,0.31515682,False,-1810.6716,373.28967,False,False,True,12.873894,,1633.2086,1681,-2018.3658,2.2726448,150.4175328147709,,0.7579632317471461,,1.2188324,,51.492992,,,0,False,,,,,,,,0,False,False,False,7411.941,29.71316,0.098669745,0.24250248,0.0295495,0.14096163,0.15112959,0.01312061,False,False,False,False,0.09811221,0.5074444,False,False,61095.16344435309,,19,False,False,False,False,False,False,False,False,False,False,False,False,False,False,False,False,False,False,False,False,False,r
2,61095.16209735326,lsst,150.41752603177895,0.7579675676735705,314011777182990477,170050502997835987,0,314011777182990477,-1424.9081,143.08539,0,0,0,5852.912,140.73236,True,2026022300258,34,0.0,1.930011e-05,1.8471426e-05,2.8277972e-11,1549.6621,0.324774,3006.46,0.35518944,False,-1779.0765,369.03256,False,False,True,9.557664,,1730.3734,1681,-1554.9888,0.44090137,150.4175323370342,,0.7579740629401776,,1.3645091,,8.417064,,,0,False,,,,,,,,0,False,False,False,7305.157,28.368681,0.23812531,0.19886023,0.094941,0.13034734,0.13957167,0.010895425,False,False,False,False,0.7260959,0.43480754,False,False,61095.16398934485,,16,False,False,False,False,False,False,False,False,False,False,False,False,False,False,False,False,False,False,False,False,False,r
2,61095.16411102216,lsst,150.4175309667801,0.7579726111186462,314011777182990477,170050503580319904,0,314011777182990477,-1725.7991,142.59613,0,0,0,5591.911,139.80666,True,2026022300262,121,0.0,1.2176569e-05,1.1317899e-05,-5.9505166e-12,308.71478,0.20279637,503.8649,0.22049992,False,-937.7669,360.15457,False,False,True,12.082547,,1662.7974,1681,-1632.5405,4.9027686,150.41753392838407,,0.7579725472113897,,0.6375659,,88.91712,,,0,False,,,,,,,,0,False,False,False,7323.1733,37.837048,0.07867604,0.110185824,0.010455742,0.15893218,0.14363739,0.016339133,False,False,False,False,0.41458246,0.49230105,False,False,61095.165800635245,,17,False,False,False,False,False,False,False,False,False,False,False,False,False,False,False,False,False,False,False,False,False,r
3,61096.124610683495,lsst,150.41757907970998,0.7579355283484204,314011777182990477,170054942052581522,0,314011777182990477,-2930.465,274.3411,0,0,0,12340.835,269.1593,True,2026022400563,171,0.0,3.5109733e-05,5.3111937e-05,-1.2137221e-09,2010.1249,0.43217888,3360.8997,1.0626882,False,-3322.933,639.85614,False,False,True,10.863987,,1622.7091,1681,-3629.5076,9.778492,150.41756580409634,,0.7579789172534636,,1.5353823,,1.1162345,,,0,False,,,,,,,,0,False,False,False,15245.105,48.607094,0.2110816,0.33787152,-0.10537764,0.2485994,0.23946048,0.011183714,False,False,False,False,0.0907087,0.61968786,False,False,61096.126417363106,,22,False,False,False,False,False,False,False,False,False,False,False,False,False,False,False,False,False,False,False,False,False,i
3,61096.12554234835,lsst,150.41753472888445,0.7579702008673617,314011777182990477,170054942318919799,0,314011777182990477,-3564.074,275.10706,0,0,0,11846.368,271.13818,True,2026022400565,167,0.0,1.842919e-05,1.8028604e-05,1.8230799e-11,2152.8433,0.33784488,2332.4119,0.3188845,False,-3477.1611,653.22626,False,False,True,12.786316,,1695.0024,1681,-3786.2117,0.9983309,150.41754481114845,,0.7579593532132238,,0.77258766,,94.45919,,,0,False,,,,,,,,0,False,False,False,15416.748,39.163708,0.24619174,0.23515892,0.025902312,0.2501293,0.21721864,0.031376287,False,False,False,False,0.0052425917,0.6075882,False,False,61096.12739079028,,22,False,False,False,False,False,False,False,False,False,False,False,False,False,False,False,False,False,False,False,False,False,i
3,61096.126009169966,lsst,150.41756200891012,0.7579767957765623,314011777182990477,170054942451040361,0,314011777182990477,-3597.4758,282.69684,0,0,0,12013.667,277.53094,True,2026022400566,163,0.0,1.7380635e-05,1.5521395e-05,1.08794765e-10,3718.0315,0.3530732,1939.1411,0.22686595,False,-3589.2876,641.09955,False,False,True,12.562204,,1698.219,1681,-3914.1584,0.28363752,150.4175650910924,,0.7579824118521435,,0.9828171,,55.447662,,,0,False,,,,,,,,0,False,False,False,15654.032,47.13975,0.34449807,0.25752836,0.0040103453,0.27237934,0.25346705,0.023616666,False,False,False,False,0.12903729,0.6172689,False,False,61096.12797057896,,23,False,False,False,False,False,False,False,False,False,False,False,False,False,False,False,False,False,False,False,False,False,i
3,61096.12741168241,lsst,150.41755938402036,0.7580160501373245,314011777182990477,170054942853693588,0,314011777182990477,-3029.577,261.51477,0,0,0,11781.588,256.6959,True,2026022400569,163,0.0,3.5566747e-05,3.5980363e-05,3.4990566e-10,1790.1453,0.727079,3166.7266,0.54954374,False,-2794.6914,640.47644,False,False,True,11.792221,,1713.9069,1681,-3397.652,0.9144752,150.41754176358805,,0.7579978902067506,,1.047285,,30.983166,,,0,False,,,,,,,,0,False,False,False,14833.2295,56.445164,0.29658893,0.20427035,-0.021968663,0.21388337,0.18526915,0.017960656,False,False,False,False,0.27714282,0.6243992,False,False,61096.12933278463,,19,False,False,False,False,False,False,False,False,False,False,False,False,False,False,False,False,False,False,False,False,False,i
3,61096.12787685516,lsst,150.41754728482954,0.7579553724170697,314011777182990477,170054942988959870,0,314011777182990477,-3536.7288,274.7268,0,0,0,12203.665,271.1306,True,2026022400570,165,0.0,1.4910388e-05,1.4841367e-05,-4.2076277e-12,2616.1272,0.26539814,27.791094,0.27084517,False,-3063.5105,654.61755,False,False,True,12.74284,,1616.1415,1681,-3818.59,7.151644,150.41754418989288,,0.7579593657380905,,1.1419095,,66.0576,,,0,False,,,,,,,,0,False,False,False,15715.593,51.138027,0.26258388,0.18298693,0.049075454,0.22889014,0.20848107,0.010893103,False,False,False,False,0.001924937,0.65296024,False,False,61096.12971400401,,20,False,False,False,False,False,False,False,False,False,False,False,False,False,False,False,False,False,False,False,False,False,i
3,61096.12880940353,lsst,150.41756575513168,0.7579537292015691,314011777182990477,170054943255822511,0,314011777182990477,-3663.9587,254.91794,0,0,0,11775.151,251.57169,True,2026022400572,162,0.0,1.1588746e-05,1.1726233e-05,4.8331005e-12,784.1001,0.21397537,3787.8586,0.2062217,False,-3533.652,641.5516,False,False,True,14.418284,,1708.5697,1681,-3756.524,10.126688,150.4175659911042,,0.7579521853988348,,0.7477794,,45.68101,,,0,False,,,,,,,,0,False,False,False,15472.404,31.857447,0.15681383,0.10882833,0.009878451,0.19423512,0.19321354,0.024021875,False,False,False,False,0.38123608,0.70126665,False,False,61096.13086708376,,19,False,False,False,False,False,False,False,False,False,False,False,False,False,False,False,False,False,False,False,False,False,i
3,61096.12927893826,lsst,150.41755532441607,0.7579696208676149,314011777182990477,170054943370117282,0,314011777182990477,-3023.2524,252.69858,0,0,0,12521.087,249.89143,True,2026022400573,124,0.0,1.6901404e-05,1.8030662e-05,4.0556766e-11,1744.5066,0.3376573,3227.0903,0.29082564,False,-2942.2686,650.61975,False,False,True,12.043503,,1768.2133,1681,-3338.658,2.7930589,150.41756335588394,,0.7579778740034497,,1.083211,,2.1780398,,,0,False,,,,,,,,0,False,False,False,15559.001,35.11672,0.22543322,0.16655008,-0.04887611,0.16850495,0.17753597,0.015556276,False,False,False,False,0.073656514,0.580756,False,False,61096.131390518,,19,False,False,False,False,False,False,False,False,False,False,False,False,False,False,False,False,False,False,False,False,False,i
3,61096.129745841055,lsst,150.41755572575673,0.757944734281074,314011777182990477,170054943504335015,0,314011777182990477,-3282.6792,253.33926,0,0,0,11928.686,249.38347,True,2026022400574,124,0.0,1.535923e-05,1.4682006e-05,-1.494995e-11,2477.553,0.25987324,2870.014,0.28144413,False,-1735.3241,651.31287,False,False,True,12.810457,,1610.545,1681,-3232.009,15.720935,150.41756024302614,,0.7579467839081785,,0.6368101,,76.46301,,,0,False,,,,,,,,0,False,False,False,15231.365,31.131096,0.11991849,0.123578906,0.018300418,0.15731242,0.18638125,0.015399321,False,False,False,False,0.3067141,0.5600997,False,False,61096.13177818246,,19,False,False,False,False,False,False,False,False,False,False,False,False,False,False,False,False,False,False,False,False,False,i
3,61096.130194937294,lsst,150.41757561183493,0.7579514489970797,314011777182990477,170054943643271345,0,314011777182990477,-3392.7258,249.55382,0,0,0,11890.142,246.76544,True,2026022400575,133,0.0,1.856392e-05,1.7760483e-05,-3.756031e-11,738.3354,0.3064858,3204.1533,0.34663203,False,-3563.2158,626.34204,False,False,True,13.623848,,1701.8171,1681,-3768.0254,0.26429936,150.41757391066696,,0.7579552391427671,,1.0242486,,79.12877,,,0,False,,,,,,,,0,False,False,False,15328.601,25.17982,0.24359205,0.24195175,0.048814666,0.19687843,0.19189087,0.021849837,False,False,False,False,0.26024023,0.6083724,False,False,61096.13227303358,,21,False,False,False,False,False,False,False,False,False,False,False,False,False,False,False,False,False,False,False,False,False,i
3,61096.130662687276,lsst,150.41756400156453,0.7579882676529608,314011777182990477,170054943793217668,0,314011777182990477,-3188.8691,249.30356,0,0,0,12185.509,243.84769,True,2026022400576,163,0.0,1.3730149e-05,1.4645709e-05,2.634717e-11,568.8686,0.27366474,1556.4938,0.23645082,False,-2951.7148,632.47253,False,False,True,12.56262,,1717.1527,1681,-3239.1655,0.98557115,150.41755889100082,,0.7579814359166634,,0.8122973,,19.640556,,,0,False,,,,,,,,0,False,False,False,15377.599,24.062706,0.21427514,0.15934734,-0.012272879,0.181552,0.16998677,0.019497065,False,False,False,False,0.017222747,0.5748334,False,False,61096.132655459696,,20,False,False,False,False,False,False,False,False,False,False,False,False,False,False,False,False,False,False,False,False,False,i
3,61096.13346012001,lsst,150.41758420002986,0.757964980362765,314011777182990477,170054944576503964,0,314011777182990477,-3213.8965,244.20172,0,0,0,12026.942,239.96094,True,2026022400582,121,0.0,1.6937709e-05,1.5885713e-05,-8.390091e-12,2278.1155,0.28533074,2793.0806,0.3061497,False,-3010.1343,629.7862,False,False,True,13.172087,,1702.195,1681,-3505.057,5.8392425,150.41756566614674,,0.7579625548784877,,0.9941153,,82.40993,,,0,False,,,,,,,,0,False,False,False,15278.995,34.76396,0.14144784,0.21180017,0.032010738,0.16530909,0.18011442,0.032037377,False,False,False,False,0.0022185945,0.6771833,False,False,61096.135388622824,,19,False,False,False,False,False,False,False,False,False,False,False,False,False,False,False,False,False,False,False,False,False,i
3,61096.13392627618,lsst,150.4175390988449,0.7579758336001226,314011777182990477,170054944708624671,0,314011777182990477,-3069.9526,246.76352,0,0,0,12304.835,244.19362,True,2026022400583,117,0.0,1.907405e-05,1.5613416e-05,-2.2528894e-11,1559.0403,0.27941418,3723.5637,0.3455728,False,-3327.9116,647.5608,False,False,True,12.567623,,1677.1615,1681,-3247.1006,2.420646,150.41753915662537,,0.7579868358828538,,0.8409665,,-51.391495,,,0,False,,,,,,,,0,False,False,False,15440.399,34.7557,0.14927569,0.18562141,-0.027339378,0.13532603,0.17252785,0.004000439,False,False,False,False,0.029361317,0.6772863,False,False,61096.13583243406,,18,False,False,False,False,False,False,False,False,False,False,False,False,False,False,False,False,False,False,False,False,False,i
3,61096.134391801985,lsst,150.41754178720663,0.7579597542976675,314011777182990477,170054944844939416,0,314011777182990477,-3350.406,238.35329,0,0,0,12230.68,233.60818,True,2026022400584,121,0.0,1.5823838e-05,1.5203778e-05,-2.2256812e-12,838.82947,0.27405894,1558.31,0.28519383,False,-2674.7012,635.48663,False,False,True,14.251986,,1515.698,1681,-3692.0308,1.528558,150.4175438348754,,0.7579665927977546,,1.0483361,,-42.550373,,,0,False,,,,,,,,0,False,False,False,15617.782,38.914062,0.17332032,0.19203013,-0.05266113,0.15059724,0.14607908,0.0048940675,False,False,False,False,0.1806586,0.6797297,False,False,61096.13627478722,,19,False,False,False,False,False,False,False,False,False,False,False,False,False,False,False,False,False,False,False,False,False,i
3,61096.134860793696,lsst,150.41752940037034,0.7579568712930137,314011777182990477,170054944956612769,0,314011777182990477,-3025.01,242.4178,0,0,0,12124.099,236.90099,True,2026022400585,78,0.0,1.685044e-05,1.3777381e-05,-7.529883e-12,525.2486,0.24828593,2341.8018,0.3038608,False,-3835.6404,648.4195,False,False,True,12.271663,,1724.6866,1681,-3168.0083,1.7491076,150.41754097932966,,0.7579664769906473,,0.85838974,,-3.4756432,,,0,False,,,,,,,,0,False,False,False,15080.481,60.69337,0.23908119,0.17453088,-0.009410153,0.1399787,0.1647461,0.011826586,False,False,False,False,0.3861946,0.6698618,False,False,61096.13684586329,,20,False,False,False,False,False,False,False,False,False,False,False,False,False,False,False,False,False,False,False,False,False,i
3,61096.13532441521,lsst,150.41755067577085,0.7579732277958606,314011777182990477,170054945090830497,0,314011777182990477,-3511.2,239.5809,0,0,0,12039.956,235.18007,True,2026022400586,78,0.0,1.2224709e-05,8.168176e-06,-2.257251e-12,1332.6631,0.14733018,2356.9175,0.22023456,False,-4345.9043,643.86005,False,False,True,14.246769,,1742.8569,1681,-3527.392,9.742678,150.41755205814874,,0.7579675494604291,,0.7770785,,76.276985,,,0,False,,,,,,,,0,False,False,False,15591.462,38.65504,0.0918038,0.14124103,0.014671678,0.12661053,0.17206363,0.016260033,False,False,False,False,0.16542885,0.73439133,False,False,61096.137242281024,,18,False,False,False,False,False,False,False,False,False,False,False,False,False,False,False,False,False,False,False,False,False,i
3,61096.13578916609,lsst,150.41758278085723,0.7579817754128941,314011777182990477,170054945245495566,0,314011777182990477,-2673.5317,245.82982,0,0,0,12570.989,240.32593,True,2026022400587,117,0.0,2.0447602e-05,3.227965e-05,-1.6992224e-11,3456.1362,0.58245254,3392.1553,0.3681284,False,-2198.8423,638.6948,False,False,True,11.210024,,1648.0845,1681,-3142.4153,11.16686,150.41758070815212,,0.7579725615939127,,1.2007656,,4.57825,,,0,False,,,,,,,,0,False,False,False,15265.702,30.751148,0.26451743,0.12201485,0.015618147,0.15217003,0.19370194,0.017046997,False,False,False,False,0.058166813,0.56302214,False,False,61096.137751423725,,19,False,False,False,False,False,False,False,False,False,False,False,False,False,False,False,False,False,False,False,False,False,i
3,61096.136261047184,lsst,150.41756044759052,0.7579616815686426,314011777182990477,170054945357693084,0,314011777182990477,-3130.986,236.8359,0,0,0,12430.048,232.16423,True,2026022400588,75,0.0,1.803618e-05,1.5607291e-05,6.2665424e-12,2513.8306,0.28129086,3057.419,0.32506305,False,-3062.157,637.2892,False,False,True,13.330531,,1650.7319,1681,-3438.8,5.547238,150.41756510350166,,0.7579687358886135,,0.996608,,41.565666,,,0,False,,,,,,,,0,False,False,False,15591.93,64.79972,0.1432603,0.14614426,0.049425304,0.13085558,0.16333266,0.017125593,False,False,False,False,0.0009745665,0.61116326,False,False,61096.13811863691,,18,False,False,False,False,False,False,False,False,False,False,False,False,False,False,False,False,False,False,False,False,False,i
3,61096.1367257582,lsst,150.41754600231218,0.7579585365075473,314011777182990477,170054945513930927,0,314011777182990477,-3579.6343,257.83228,0,0,0,11916.527,253.3633,True,2026022400589,117,0.0,1.8435569e-05,1.1902613e-05,2.7451041e-11,1525.5148,0.21195382,315.68787,0.33388692,False,-3243.0417,642.69006,False,False,True,13.423269,,1730.438,1681,-3962.6765,17.280329,150.41753792565132,,0.7579544453073201,,1.301802,,74.98401,,,0,False,,,,,,,,0,False,False,False,15521.038,15.0397625,0.09702364,0.27101687,0.022756867,0.17054412,0.19890626,0.028195908,False,False,False,False,6.7471236e-05,0.66491306,False,False,61096.138683677666,,20,False,False,False,False,False,False,False,False,False,False,False,False,False,False,False,False,False,False,False,False,False,i
3,61096.13744282487,lsst,150.41754212801945,0.7579890773222221,314011777182990477,170054945677508746,0,314011777182990477,-3374.7322,257.07104,0,0,0,12093.12,251.95544,True,2026022400590,173,0.0,2.157778e-05,2.240372e-05,-7.570557e-12,265.3595,0.3878097,3654.4707,0.4043115,False,-3244.751,629.45636,False,False,True,12.976207,,1583.3749,1681,-3369.4888,4.62297,150.4175543955269,,0.7579788766899643,,0.31786767,,105.10105,,,0,False,,,,,,,,0,False,False,False,15455.951,51.613747,0.22428519,0.21920945,0.0034194589,0.2167877,0.19904299,-0.0026708292,False,False,False,False,0.022769116,0.6862278,False,False,61096.139161569445,,20,False,False,False,False,False,False,False,False,False,False,False,False,False,False,False,False,False,False,False,False,False,i
3,61096.13790677693,lsst,150.41755225441693,0.7579869743115653,314011777182990477,170054945813299316,0,314011777182990477,-3104.4438,254.48495,0,0,0,12389.634,251.69093,True,2026022400591,176,0.0,2.0747664e-05,1.52738e-05,5.5922402e-11,1918.5374,0.37990516,1411.4542,0.26649547,False,-3480.0679,629.71094,False,False,True,12.10071,,1577.5931,1681,-3569.9487,1.3996701,150.41754868626782,,0.7579839385431827,,1.1394681,,39.80423,,,0,False,,,,,,,,0,False,False,False,15507.723,59.549137,0.28614393,0.2461674,-0.05796367,0.22228098,0.18670154,0.0018267388,False,False,False,False,0.37230548,0.6467517,False,False,61096.13965404649,,20,False,False,False,False,False,False,False,False,False,False,False,False,False,False,False,False,False,False,False,False,False,i
3,61096.138373226306,lsst,150.41755813665804,0.7579754256162704,314011777182990477,170054945946992780,0,314011777182990477,-3082.0352,247.78455,0,0,0,12376.455,243.7428,True,2026022400592,175,0.0,3.056675e-05,2.1696658e-05,1.637563e-10,1475.292,0.5655192,3668.1929,0.369063,False,-3966.7437,625.31885,False,False,True,12.334323,,1706.6545,1681,-3672.6323,1.9061716,150.41756391969466,,0.757971597606156,,1.3364694,,110.49211,,,0,False,,,,,,,,0,False,False,False,15501.966,23.518692,0.28026128,0.23813546,0.0864569,0.20562121,0.17059198,0.044077635,False,False,False,False,0.48996684,0.6822527,False,False,61096.14035060095,,20,False,False,False,False,False,False,False,False,False,False,False,False,False,False,False,False,False,False,False,False,False,i
4,61096.155801245564,lsst,150.41758314257189,0.7579585183803517,314011777182990477,170054950105645237,0,314011777182990477,-5216.458,374.62195,0,0,0,17371.734,362.94525,True,2026022400623,171,0.0,1.4134398e-05,1.1383818e-05,3.9029103e-11,362.16287,0.265333,3906.0476,0.190927,False,-4532.7446,965.1096,False,False,True,13.83825,,1756.6566,1681,-5241.2183,16.368559,150.4175787127904,,0.7579526846786361,,0.97804075,,71.71717,,,0,False,,,,,,,,0,False,False,False,22640.852,127.36759,0.1725257,0.07718204,0.0097409915,0.17332928,0.1487708,-0.0142209465,False,False,False,False,0.18430403,0.7064856,False,False,61096.15743133545,,19,False,False,False,False,False,False,False,False,False,False,False,False,False,False,False,False,False,False,False,False,False,z
4,61096.156265735975,lsst,150.41755100100164,0.7579926558361676,314011777182990477,170054950237765786,0,314011777182990477,-5144.1177,363.7645,0,0,0,17594.232,358.0159,True,2026022400624,167,0.0,1.4211547e-05,1.2865583e-05,2.5053163e-11,2459.8982,0.26391977,2318.5884,0.22289287,False,-5359.0093,975.93536,False,False,True,13.836268,,1592.3175,1681,-5180.0083,1.1884835,150.41755219344878,,0.757995982774454,,0.80962473,,29.390787,,,0,False,,,,,,,,0,False,False,False,22846.922,84.06158,0.17087047,0.14719722,-0.027942417,0.16154353,0.12880667,-0.012230341,False,False,False,False,0.03261246,0.7602823,False,False,61096.158133205885,,20,False,False,False,False,False,False,False,False,False,False,False,False,False,False,False,False,False,False,False,False,False,z
4,61096.15673287559,lsst,150.4175753545541,0.7579670160815406,314011777182990477,170054950371459226,0,314011777182990477,-4580.05,392.51456,0,0,0,18461.713,383.70596,True,2026022400625,166,0.0,2.9916984e-05,2.275874e-05,3.2349426e-10,82.40062,0.59248257,3695.6829,0.328781,False,-6300.1514,991.42267,False,False,True,11.428396,,1727.1078,1681,-4809.1235,32.216805,150.41756235628944,,0.7579504848743485,,1.2129686,,64.594734,,,0,False,,,,,,,,0,False,False,False,23041.756,80.44377,0.2608334,0.1120974,0.011845129,0.19125386,0.15747282,-0.009448211,False,False,False,False,0.020852746,0.79344857,False,False,61096.15850951081,,19,False,False,False,False,False,False,False,False,False,False,False,False,False,False,False,False,False,False,False,False,False,z
4,61096.157196730135,lsst,150.41754569668004,0.7579729471905019,314011777182990477,170054950506201216,0,314011777182990477,-4581.832,379.162,0,0,0,18498.4,372.18387,True,2026022400626,167,0.0,1.5464893e-05,1.7693656e-05,-8.519213e-11,3016.555,0.24378428,1306.1102,0.34634998,False,-4164.444,979.97156,False,False,True,11.9492445,,1778.0787,1681,-4819.1255,3.82813,150.41754815073918,,0.7579769844332667,,0.99737823,,-26.953074,,,0,False,,,,,,,,0,False,False,False,23114.672,58.127083,0.10465297,0.20044722,-0.010660824,0.16020659,0.1700229,-0.0038248333,False,False,False,False,0.023670882,0.6742865,False,False,61096.15902029793,,19,False,False,False,False,False,False,False,False,False,False,False,False,False,False,False,False,False,False,False,False,False,z
4,61096.15812978723,lsst,150.41756155068822,0.7579337575063252,314011777182990477,170054950773588096,0,314011777182990477,-5508.747,470.3843,0,0,0,16954.123,460.06842,True,2026022400628,165,0.0,2.0630998e-05,1.8393106e-05,2.0570697e-10,2547.851,0.4386456,3829.6045,0.23641835,False,-6097.178,1011.32263,False,False,True,11.336123,,1678.7059,1681,-5903.5366,32.17983,150.4175474831879,,0.7579214381745203,,1.380855,,54.44694,,,0,False,,,,,,,,0,False,False,False,22455.797,59.31492,0.3415178,0.14834052,0.011868232,0.3293031,0.22788744,0.0027655663,False,False,False,False,0.097051546,0.6589637,False,False,61096.16001239132,,23,False,False,False,False,False,False,False,False,False,False,False,False,False,False,False,False,False,False,False,False,False,z
4,61096.15859394354,lsst,150.4175773784293,0.7580092803544777,314011777182990477,170054950908330122,0,314011777182990477,-5694.1265,425.42856,0,0,0,16633.842,418.61804,True,2026022400629,166,0.0,2.7998572e-05,2.63906e-05,4.4173462e-10,2315.7583,0.6199486,3117.2375,0.3105007,False,-5491.711,983.4905,False,False,True,13.505718,,1750.6029,1681,-6029.82,46.02742,150.41754153942912,,0.7579734410029064,,1.1824206,,52.74526,,,0,False,,,,,,,,0,False,False,False,22428.951,50.669346,0.25729942,0.11797968,0.012160903,0.25783578,0.17109656,0.028163113,False,False,False,False,0.08070241,0.7684103,False,False,61096.16067026965,,21,False,False,False,False,False,False,False,False,False,False,False,False,False,False,False,False,False,False,False,False,False,z
4,61096.16092465909,lsst,150.417556125616,0.7579637171544036,314011777182990477,170054951578894477,0,314011777182990477,-5026.6387,383.25012,0,0,0,17787.639,375.2065,True,2026022400634,165,0.0,1.3005993e-05,1.3441425e-05,1.3333255e-11,296.12476,0.24809112,1224.2959,0.22844389,False,-3725.0537,985.42773,False,False,True,12.8669405,,1721.5707,1681,-4878.8184,14.868547,150.41754967897816,,0.7579650141418922,,0.74805105,,78.9818,,,0,False,,,,,,,,0,False,False,False,22882.56,98.73338,0.15189695,0.15426613,0.025565613,0.17997876,0.1442637,0.012561032,False,False,False,False,0.012565737,0.7288985,False,False,61096.16263807402,,19,False,False,False,False,False,False,False,False,False,False,False,False,False,False,False,False,False,False,False,False,False,z
4,61096.16145858102,lsst,150.41755596668008,0.7579805299989827,314011777182990477,170054951716257957,0,314011777182990477,-4788.6157,368.83206,0,0,0,18224.758,363.90466,True,2026022400635,171,0.0,3.420355e-05,2.1742242e-05,4.593568e-10,2774.1035,0.6731049,3504.681,0.28189892,False,-5370.022,957.0039,False,False,True,13.240637,,1622.3099,1681,-4946.468,30.51751,150.41754185798413,,0.7579600176313651,,0.86647797,,52.505577,,,0,False,,,,,,,,0,False,False,False,23072.4,110.86359,0.15901154,0.091386214,-0.013797922,0.1806827,0.14686976,-0.019832198,False,False,False,False,0.20346723,0.74688387,False,False,61096.16327712305,,19,False,False,False,False,False,False,False,False,False,False,False,False,False,False,False,False,False,False,False,False,False,z
4,61096.16192296257,lsst,150.4175350956618,0.7579687092310593,314011777182990477,170054951852048540,0,314011777182990477,-4646.456,363.8048,0,0,0,18045.547,356.7194,True,2026022400636,174,0.0,2.8682674e-05,2.23705e-05,2.6824248e-10,3868.9683,0.56205094,1621.975,0.33665648,False,-3684.5571,941.03894,False,False,True,13.188032,,1758.246,1681,-4783.7812,6.202115,150.41753647903082,,0.7579661651127433,,0.7876388,,29.193253,,,0,False,,,,,,,,0,False,False,False,22726.455,78.229416,0.18216789,0.15609732,-0.025212387,0.16840447,0.12561178,-0.008856665,False,False,False,False,0.08001923,0.7071983,False,False,61096.163763842516,,19,False,False,False,False,False,False,False,False,False,False,False,False,False,False,False,False,False,False,False,False,False,z
4,61096.16238913266,lsst,150.41758971131958,0.7580082990638185,314011777182990477,170054951982596247,0,314011777182990477,-5055.9883,385.617,0,0,0,16785.47,377.13037,True,2026022400637,167,0.0,3.140383e-05,2.5215017e-05,3.7387796e-10,3044.6633,0.6300414,2611.418,0.35983133,False,-6878.1943,969.2194,False,False,True,13.297707,,1740.5774,1681,-5803.3525,15.510921,150.41756047753864,,0.757976815036099,,1.2559009,,38.9338,,,0,False,,,,,,,,0,False,False,False,21868.35,82.48204,0.29857528,0.17418878,-0.047274012,0.20076276,0.16014832,-0.010425802,False,False,False,False,0.35232553,0.7780295,False,False,61096.164288407,,20,False,False,False,False,False,False,False,False,False,False,False,False,False,False,False,False,False,False,False,False,False,z
4,61096.16285639527,lsst,150.4175611441652,0.7579808178820223,314011777182990477,170054952115241124,0,314011777182990477,-4908.4907,373.45917,0,0,0,18081.887,365.0446,True,2026022400638,164,0.0,4.610995e-05,3.8685102e-05,8.852026e-10,234.31015,0.94444835,2317.4622,0.53208786,False,-6114.768,958.49945,False,False,True,13.654884,,1859.4281,1681,-5306.087,2.6634138,150.4175500693914,,0.7579768578668025,,0.6741393,,52.19357,,,0,False,,,,,,,,0,False,False,False,22947.082,120.37609,0.23332357,0.19351774,-0.00179345,0.20206521,0.1583654,-0.016313644,False,False,False,False,0.14203441,0.85158616,False,False,61096.164729505275,,20,False,False,False,False,False,False,False,False,False,False,False,False,False,False,False,False,False,False,False,False,False,z
4,61096.163322469234,lsst,150.41753566934136,0.7579776045223777,314011777182990477,170054952250507408,0,314011777182990477,-4875.4043,374.4738,0,0,0,17968.432,367.2158,True,2026022400639,166,0.0,1.7396547e-05,1.7309761e-05,4.739287e-12,1832.9604,0.31515855,267.42877,0.31029335,False,-4185.9053,959.11304,False,False,True,12.9721155,,1652.8835,1681,-5240.1167,9.916228,150.41753993610624,,0.7579694795756542,,0.96277857,,-19.2806,,,0,False,,,,,,,,0,False,False,False,22945.395,92.25635,0.14384635,0.21334954,-0.027205478,0.19070745,0.1660567,-0.02341409,False,False,False,False,6.547111e-06,0.71150076,False,False,61096.16519652815,,20,False,False,False,False,False,False,False,False,False,False,False,False,False,False,False,False,False,False,False,False,False,z
4,61096.16425733245,lsst,150.41759124328516,0.7580222100091316,314011777182990477,170054952517370020,0,314011777182990477,-5074.9834,385.5124,0,0,0,16384.219,377.51407,True,2026022400641,163,0.0,3.2735654e-05,3.219549e-05,6.96798e-10,2584.9424,0.7536989,3604.7395,0.34062093,False,-4727.3066,963.8163,False,False,True,13.352647,,1690.0824,1681,-5133.7925,49.06121,150.41756364627724,,0.7579798220752072,,0.6423773,,19.32525,,,0,False,,,,,,,,0,False,False,False,21530.857,75.00603,0.14345783,0.120935395,-0.014820613,0.21463858,0.16088182,-0.0048820786,False,False,False,False,0.33762074,0.84551686,False,False,61096.16614393708,,18,False,False,False,False,False,False,False,False,False,False,False,False,False,False,False,False,False,False,False,False,False,z
4,61096.16472291958,lsst,150.41757853582993,0.7579841504529037,314011777182990477,170054952652636353,0,314011777182990477,-5139.5737,380.13474,0,0,0,17533.127,373.00006,True,2026022400642,165,0.0,2.6541475e-05,2.7807106e-05,4.2182854e-10,3470.2375,0.61424553,595.20667,0.32035467,False,-4680.4976,963.9075,False,False,True,13.430961,,1826.2693,1681,-5775.2686,16.426855,150.41755546528498,,0.7579561191124526,,1.1542765,,49.90024,,,0,False,,,,,,,,0,False,False,False,22641.84,107.82002,0.24127026,0.11036173,0.016973225,0.22262846,0.14776431,0.0029033225,False,False,False,False,0.011841269,0.7204218,False,False,61096.166735619554,,19,False,False,False,False,False,False,False,False,False,False,False,False,False,False,False,False,False,False,False,False,False,z
4,61096.16565617308,lsst,150.4175377051023,0.7579533470572462,314011777182990477,170054952921071757,0,314011777182990477,-5254.116,379.5266,1,0,0,17355.725,372.4603,True,2026022400644,165,0.0,,,,1606.0,,197.0,,True,-6235.837,960.49304,True,False,True,14.232891,,1856.2816,1681,,,,,,,,,,,,0,False,,,,,,,,0,True,False,False,22603.006,103.88966,0.21686381,0.13318883,-0.0022686739,0.22332646,0.15876928,0.001707984,True,False,False,False,,0.8417832,False,False,61096.167450235764,,18,False,False,False,False,False,False,False,False,False,False,False,False,False,False,False,False,False,False,False,False,False,z
4,61096.16658926678,lsst,150.41754991058386,0.7579540820883722,314011777182990477,170054953168011447,0,314011777182990477,-4817.653,392.42004,0,0,0,17919.025,389.18924,True,2026022400646,124,0.0,1.3019736e-05,1.5802034e-05,7.431749e-11,3146.644,0.30923256,3780.097,0.20165834,False,-4444.414,1003.0045,False,False,True,11.904146,,1733.5629,1681,-5138.7266,36.420403,150.41756040340303,,0.7579358093612729,,1.0030061,,67.10515,,,0,False,,,,,,,,0,False,False,False,22800.408,118.67108,0.15574881,0.12586091,0.048199695,0.22394381,0.16425171,0.022808623,False,False,False,False,0.30718684,0.6709297,False,False,61096.168507091366,,18,False,False,False,False,False,False,False,False,False,False,False,False,False,False,False,False,False,False,False,False,False,z
4,61096.16752308204,lsst,150.41755748815206,0.7579647566065565,314011777182990477,170054953436446870,0,314011777182990477,-4858.415,401.29407,0,0,0,18344.135,394.11465,True,2026022400648,124,0.0,1.6646505e-05,1.9740197e-05,6.657143e-11,2462.2808,0.36982206,116.01292,0.2827468,False,-4757.0757,1003.5427,False,False,True,12.124641,,1625.8861,1681,-5014.5264,8.95593,150.41755819257338,,0.7579612604337316,,0.64651346,,63.198322,,,0,False,,,,,,,,0,False,False,False,23239.793,83.784065,0.19768281,0.18934359,0.01791481,0.20765169,0.1740993,0.022802632,False,False,False,False,0.00091351604,0.71432114,False,False,61096.16935863062,,20,False,False,False,False,False,False,False,False,False,False,False,False,False,False,False,False,False,False,False,False,False,z
4,61096.16940729026,lsst,150.41756108454067,0.7579821100141049,314011777182990477,170054953971744911,0,314011777182990477,-5589.647,381.96506,0,0,0,17283.355,377.9942,True,2026022400652,121,0.0,1.1893665e-05,1.2941511e-05,4.482147e-12,3038.731,0.23383856,974.8474,0.21364972,False,-6758.135,992.11176,False,False,True,14.327039,,1730.3384,1681,-5956.4043,4.5306544,150.41756090767353,,0.7579813103595066,,1.1356587,,34.51357,,,0,False,,,,,,,,0,False,False,False,22837.85,120.6155,0.22048058,0.13842736,0.050116178,0.1696547,0.1455371,0.027379334,False,False,False,False,0.07314527,0.8511636,False,False,61096.171114814664,,19,False,False,False,False,False,False,False,False,False,False,False,False,False,False,False,False,False,False,False,False,False,z
2,61096.17162974719,lsst,150.41753639140546,0.7579586885442327,314011777182990477,170054954218160308,0,314011777182990477,-1950.6027,160.6025,0,0,0,5352.9644,157.86821,True,2026022400654,79,0.0,1.7900746e-05,1.5178356e-05,-5.150706e-12,1210.1466,0.27346268,3888.1418,0.322437,False,-1937.0459,394.06506,False,False,True,12.144504,,1586.1548,1681,-1992.4789,1.1180633,150.4175432799759,,0.7579609233106315,,1.0555518,,61.80651,,,0,False,,,,,,,,0,False,False,False,7309.161,38.70873,0.16140641,0.21026349,0.048376728,0.15116145,0.1668357,0.010760682,False,False,False,False,0.107244186,0.51550215,False,False,61096.17340482655,,19,False,False,False,False,False,False,False,False,False,False,False,False,False,False,False,False,False,False,False,False,False,r
2,61096.17255968062,lsst,150.41756833968142,0.7580117139719444,314011777182990477,170054954486595753,0,314011777182990477,-1763.02,159.14478,0,0,0,5373.136,157.0565,True,2026022400656,79,0.0,1.8459648e-05,1.2755249e-05,8.6380495e-12,2355.7864,0.22960952,3849.3328,0.3325448,False,-2240.2605,393.52866,False,False,True,10.760503,,1644.2115,1681,-1845.3285,2.557455,150.41756888375042,,0.7580065531912035,,1.1020328,,64.78901,,,0,False,,,,,,,,0,False,False,False,7138.913,27.044813,0.098308794,0.18765512,0.04469233,0.15690932,0.18670091,0.0025518816,False,False,False,False,0.1140344,0.5311679,False,False,61096.17427745137,,18,False,False,False,False,False,False,False,False,False,False,False,False,False,False,False,False,False,False,False,False,False,r
2,61096.17628402815,lsst,150.41753730483512,0.7579718839407404,314011777182990477,170054955556667520,0,314011777182990477,-2033.4333,156.96217,0,0,0,5303.547,154.63536,True,2026022400664,72,0.0,3.0111994e-05,2.1043124e-05,3.143109e-10,979.7833,0.3041476,2648.4268,0.58781147,False,-2326.553,389.10626,False,False,True,12.966048,,1753.4005,1681,-2363.576,2.8858795,150.41754906606806,,0.7579739233041932,,1.3937693,,48.07261,,,0,False,,,,,,,,0,False,False,False,7379.261,56.66304,0.17143683,0.34162846,0.049756274,0.15579171,0.19169924,0.004702143,False,False,False,False,0.62806183,0.52829045,False,False,61096.17812116527,,20,False,False,False,False,False,False,False,False,False,False,False,False,False,False,False,False,False,False,False,False,False,r
2,61096.177933699175,lsst,150.41752677267354,0.7579862824185748,314011777182990477,170054956009128080,0,314011777182990477,-1923.8434,158.70856,0,0,0,5235.1035,155.677,True,2026022400667,167,0.0,1.6310749e-05,1.638271e-05,-5.120002e-12,969.1199,0.29144457,1922.0477,0.29757062,False,-1946.992,378.39233,False,False,True,12.149081,,1617.4724,1681,-2077.029,0.9918586,150.41753706682564,,0.7579880972211592,,0.90220964,,102.10239,,,0,False,,,,,,,,0,False,False,False,7195.974,39.28966,0.22171183,0.23279525,0.036741696,0.2161357,0.2164018,-0.006816336,False,False,False,False,0.0138777755,0.5574924,False,False,61096.17986413477,,22,False,False,False,False,False,False,False,False,False,False,False,False,False,False,False,False,False,False,False,False,False,r
2,61096.17840599372,lsst,150.41753947626216,0.757958420636775,314011777182990477,170054956141248655,0,314011777182990477,-2088.4268,157.66043,0,0,0,5306.3477,154.8402,True,2026022400668,163,0.0,1.1884046e-05,1.2177709e-05,-2.0180838e-11,2758.0935,0.20069952,1411.8923,0.2315812,False,-2416.1594,375.3814,False,False,True,12.846158,,1855.9269,1681,-2175.7312,2.7493856,150.4175408965528,,0.7579632559766769,,1.0770102,,-0.9258649,,,0,False,,,,,,,,0,False,False,False,7364.678,41.409973,0.18858722,0.21226862,-0.054845266,0.20384325,0.21000566,-0.01563926,False,False,False,False,0.0050912322,0.5350013,False,False,61096.18042432383,,20,False,False,False,False,False,False,False,False,False,False,False,False,False,False,False,False,False,False,False,False,False,r
2,61096.18501919047,lsst,150.41753381703415,0.7579723722351746,314011777182990477,170054958021869671,0,314011777182990477,-2195.0955,164.74675,0,0,0,5205.3267,162.26624,True,2026022400682,166,0.0,1.5830383e-05,1.5296577e-05,6.6141814e-11,3243.1716,0.3165145,1105.2908,0.23890409,False,-1846.2389,379.98846,False,False,True,13.15672,,1736.8792,1681,-2326.3013,3.620225,150.41753767991779,,0.7579790318345072,,1.0579098,,34.387775,,,0,False,,,,,,,,0,False,False,False,7423.9795,37.669075,0.27498052,0.18180636,-0.025020428,0.24724655,0.20286229,-0.01250619,False,False,False,False,0.0012400679,0.52718425,False,False,61096.18698483142,,22,False,False,False,False,False,False,False,False,False,False,False,False,False,False,False,False,False,False,False,False,False,r
3,61096.18694860539,lsst,150.41754708976006,0.7579392100559599,314011777182990477,170054958131445904,0,314011777182990477,-3148.6992,226.62578,0,0,0,12064.182,219.62726,True,2026022400683,119,0.0,1.823918e-05,1.526239e-05,-1.3559319e-11,483.1952,0.2739695,659.4768,0.329266,False,-2445.9978,534.8059,False,False,True,14.1574545,,1689.4238,1681,-3291.8813,4.607174,150.41754760233403,,0.7579452717545724,,1.0252368,,87.166664,,,0,False,,,,,,,,0,False,False,False,15241.772,19.089155,0.14272104,0.23697607,0.018164068,0.18961543,0.15941915,0.016300488,False,False,False,False,0.033155,0.68938017,False,False,61096.188855989756,,20,False,False,False,False,False,False,False,False,False,False,False,False,False,False,False,False,False,False,False,False,False,i
3,61096.187414996224,lsst,150.4175664600077,0.7580015871458107,314011777182990477,170054958265139351,0,314011777182990477,-3184.2573,230.7615,0,0,0,11995.639,224.81473,True,2026022400684,118,0.0,2.9470837e-05,3.1131483e-05,8.885702e-12,1335.0802,0.5615314,233.26727,0.5304492,False,-2457.7524,539.4842,False,False,True,14.16062,,1795.155,1681,-3431.9475,6.0180655,150.41755272962504,,0.7579716125859871,,1.0484984,,36.641403,,,0,False,,,,,,,,0,False,False,False,15181.296,17.374454,0.24382557,0.19805153,0.046745494,0.18359534,0.18847573,0.042238213,False,False,False,False,0.15129869,0.6495338,False,False,61096.18939741061,,21,False,False,False,False,False,False,False,False,False,False,False,False,False,False,False,False,False,False,False,False,False,i
3,61096.18788122405,lsst,150.41756976935403,0.7579303175375401,314011777182990477,170054958376812760,0,314011777182990477,-3287.7058,250.40627,0,0,0,11443.774,243.57477,True,2026022400685,75,0.0,2.1432541e-05,1.3233586e-05,-9.046262e-12,898.36383,0.23866045,3845.631,0.38617125,False,-3226.463,555.4218,False,False,True,12.774509,,1700.4349,1681,-3022.0386,13.17075,150.41757358847366,,0.757948130126114,,0.7978728,,52.69102,,,0,False,,,,,,,,0,False,False,False,14688.252,21.60256,0.14840466,0.16025937,0.02887178,0.18434563,0.2123718,0.045001224,False,False,False,False,0.21740155,0.63064027,False,False,61096.1899559669,,22,False,False,False,False,False,False,False,False,False,False,False,False,False,False,False,False,False,False,False,False,False,i
3,61096.18834791236,lsst,150.41757430347346,0.7579589199228609,314011777182990477,170054958533574804,0,314011777182990477,-3335.541,231.14006,0,0,0,12095.489,223.28342,True,2026022400686,118,0.0,1.6557085e-05,1.427923e-05,1.973443e-12,2475.661,0.2573655,158.68878,0.29815707,False,-3371.819,536.4904,False,False,True,14.809751,,1661.4089,1681,-3481.0134,6.7889204,150.4175765408191,,0.7579654965061321,,0.9407967,,45.510597,,,0,False,,,,,,,,0,False,False,False,15444.455,19.15157,0.17170759,0.17743441,0.04191078,0.18174009,0.19554415,0.033750907,False,False,False,False,0.025944157,0.68497366,False,False,61096.19039167596,,19,False,False,False,False,False,False,False,False,False,False,False,False,False,False,False,False,False,False,False,False,False,i
3,61096.188813172645,lsst,150.41754261745646,0.757985393532925,314011777182990477,170054958646821048,0,314011777182990477,-3089.556,232.60922,0,0,0,12218.026,225.31007,True,2026022400687,78,0.0,2.2509377e-05,2.5983602e-05,-1.2873562e-11,3534.2478,0.469045,2807.4001,0.4049865,False,-3770.326,549.6088,False,False,True,14.219109,,1670.0618,1681,-3376.0112,0.55634326,150.41755123949474,,0.7579720579367203,,0.802272,,-8.841167,,,0,False,,,,,,,,0,False,False,False,15274.325,24.358397,0.24245016,0.1852282,-0.0044144914,0.17274508,0.19159453,0.02506852,False,False,False,False,0.1289058,0.66056657,False,False,61096.19100483585,,20,False,False,False,False,False,False,False,False,False,False,False,False,False,False,False,False,False,False,False,False,False,i
3,61096.18974496235,lsst,150.41754901199073,0.7579708338302354,314011777182990477,170054958915256481,0,314011777182990477,-3388.8313,220.97879,0,0,0,12209.59,214.97342,True,2026022400689,78,0.0,1.1598006e-05,1.05665185e-05,4.4615076e-12,2558.799,0.18991216,1172.3032,0.20952684,False,-2987.0142,555.8442,False,False,True,15.275709,,1695.2809,1681,-3352.8806,3.3582413,150.41754672472146,,0.7579852999943437,,0.66667104,,27.740362,,,0,False,,,,,,,,0,False,False,False,15619.929,34.785168,0.1624747,0.15314212,0.0193358,0.14156193,0.17371665,0.01005482,False,False,False,False,4.54916e-06,0.71968,False,False,61096.19166787405,,19,False,False,False,False,False,False,False,False,False,False,False,False,False,False,False,False,False,False,False,False,False,i
3,61096.19021171838,lsst,150.41756348949164,0.7579545200546985,314011777182990477,170054959046328470,0,314011777182990477,-3283.5867,215.21695,0,0,0,11940.908,208.90375,True,2026022400690,72,0.0,1.1729169e-05,1.1311631e-05,2.2707554e-12,628.69696,0.2037476,987.6155,0.21167128,False,-2542.6318,554.3676,False,False,True,14.963773,,1707.6078,1681,-3341.5093,0.20294365,150.41755516737405,,0.757966940100109,,0.766341,,21.326414,,,0,False,,,,,,,,0,False,False,False,15231.207,39.265686,0.18701734,0.16780399,0.024826566,0.13818073,0.16115142,0.019726645,False,False,False,False,0.12104268,0.7215663,False,False,61096.19209653146,,21,False,False,False,False,False,False,False,False,False,False,False,False,False,False,False,False,False,False,False,False,False,i
3,61096.19067612458,lsst,150.4175600721417,0.7579737003514415,314011777182990477,170054959180546219,0,314011777182990477,-3107.1448,215.0206,0,0,0,12465.565,208.76021,True,2026022400691,72,0.0,1.4570947e-05,1.533908e-05,-7.466433e-12,1400.5197,0.27809367,1230.8319,0.26108333,False,-2524.709,553.84906,False,False,True,14.506025,,1690.4691,1681,-3150.1218,1.037851,150.41755990621883,,0.757965620779784,,0.6000021,,37.785736,,,0,False,,,,,,,,0,False,False,False,15561.309,35.094395,0.15320697,0.16296689,0.015122035,0.14575335,0.16107728,0.00759348,False,False,False,False,0.0035613352,0.6680653,False,False,61096.192576575006,,20,False,False,False,False,False,False,False,False,False,False,False,False,False,False,False,False,False,False,False,False,False,i
3,61096.19113848986,lsst,150.41754998323916,0.7579673657018504,314011777182990477,170054959316336827,0,314011777182990477,-2981.64,215.64357,0,0,0,12730.678,211.03925,True,2026022400692,75,0.0,1.3502661e-05,1.1805208e-05,1.751554e-11,1779.3771,0.20818181,2617.4207,0.24730988,False,-2523.9988,562.0294,False,False,True,13.627239,,1648.9878,1681,-2817.1775,0.14593345,150.41754869879804,,0.757966438437092,,0.43812084,,-83.553024,,,0,False,,,,,,,,0,False,False,False,15741.227,57.165676,0.13686347,0.14702044,-0.0065332935,0.11838114,0.15001567,0.0031506177,False,False,False,False,0.011141065,0.657425,False,False,61096.19300648684,,18,False,False,False,False,False,False,False,False,False,False,False,False,False,False,False,False,False,False,False,False,False,i
3,61096.191607831206,lsst,150.417551703007,0.7579907262654065,314011777182990477,170054959428534464,0,314011777182990477,-3345.646,219.14626,0,0,0,12009.643,213.39499,True,2026022400693,33,0.0,1.2597205e-05,1.4027426e-05,-1.8867956e-11,3614.334,0.25799054,2490.8418,0.22128063,False,-2913.4624,561.4713,False,False,True,15.181186,,1752.5323,1681,-3503.6492,2.2343564,150.41755187175934,,0.757996999228007,,0.87851137,,2.8357413,,,0,False,,,,,,,,0,False,False,False,15363.176,34.2399,0.19737665,0.15107882,0.027594924,0.14473341,0.15824392,0.014086525,False,False,False,False,0.08201532,0.7024406,False,False,61096.19360377855,,20,False,False,False,False,False,False,False,False,False,False,False,False,False,False,False,False,False,False,False,False,False,i
3,61096.19207068748,lsst,150.41757903597804,0.7579748418249297,314011777182990477,170054959583199385,0,314011777182990477,-2922.4053,220.93114,0,0,0,12581.283,215.51332,True,2026022400694,72,0.0,1.7349319e-05,1.7001392e-05,7.235439e-12,901.933,0.30499715,3347.387,0.31425065,False,-3002.3606,557.4983,False,False,True,13.338413,,1761.0085,1681,-3039.9385,1.3993025,150.41757390183386,,0.7579850860420708,,0.8760979,,7.2615123,,,0,False,,,,,,,,0,False,False,False,15522.511,41.81291,0.18622251,0.15641724,0.032626137,0.1356752,0.15798452,0.005842055,False,False,False,False,0.097372964,0.68185854,False,False,61096.193879927116,,21,False,False,False,False,False,False,False,False,False,False,False,False,False,False,False,False,False,False,False,False,False,i
3,61096.1926131924,lsst,150.4175548976662,0.7579376886801162,314011777182990477,170054959742058670,0,314011777182990477,-3213.0479,218.83987,0,0,0,12137.212,213.10898,True,2026022400695,119,0.0,9.935483e-06,1.0798812e-05,2.5536806e-12,2488.1882,0.19483447,3349.6228,0.17855278,False,-3090.4395,540.81415,False,False,True,14.345488,,1598.1724,1681,-3298.0684,6.4907336,150.41755013279362,,0.7579532064676973,,0.91959375,,-2.6960475,,,0,False,,,,,,,,0,False,False,False,15373.919,28.367525,0.20756614,0.13273023,-0.014224828,0.17322132,0.15798505,0.012245586,False,False,False,False,0.0031167795,0.725177,False,False,61096.194536275936,,20,False,False,False,False,False,False,False,False,False,False,False,False,False,False,False,False,False,False,False,False,False,i
3,61096.193547905576,lsst,150.41755231454067,0.7580306775907826,314011777182990477,170054960009969822,0,314011777182990477,-3219.1501,216.06985,0,0,0,10932.706,210.82016,True,2026022400697,118,0.0,1.8902752e-05,2.216062e-05,4.2039944e-12,1723.0337,0.39957967,1947.462,0.34033766,False,-3798.3892,547.14465,False,False,True,14.872942,,1744.4845,1681,-3557.4531,2.1871693,150.4175534366529,,0.7579984640646737,,0.8959983,,3.8106701,,,0,False,,,,,,,,0,False,False,False,14178.625,30.438902,0.24958384,0.17613365,0.0027594431,0.18223593,0.17610298,-0.0005366872,False,False,False,False,0.14673717,0.6750249,False,False,61096.19550115941,,21,False,False,False,False,False,False,False,False,False,False,False,False,False,False,False,False,False,False,False,False,False,i
3,61096.19401468306,lsst,150.41759751963536,0.7579828840906137,314011777182990477,170054960123740317,0,314011777182990477,-3543.5332,220.6338,0,0,0,11457.04,214.45671,True,2026022400698,79,0.0,9.779969e-06,1.1507429e-05,-7.190229e-13,3879.6416,0.20738992,1315.9418,0.1760472,False,-3343.5815,548.6744,False,False,True,16.226583,,1751.8171,1681,-3595.093,4.226972,150.41759230424603,,0.7579740010216639,,0.68348575,,-42.64779,,,0,False,,,,,,,,0,False,False,False,15048.755,27.450603,0.15258001,0.14735189,-0.020905845,0.2149457,0.14914736,0.0013780727,False,False,False,False,0.13195907,0.7093734,False,False,61096.19590490071,,20,False,False,False,False,False,False,False,False,False,False,False,False,False,False,False,False,False,False,False,False,False,i
3,61096.194485238964,lsst,150.41758220205634,0.7579528044783984,314011777182990477,170054960257958031,0,314011777182990477,-3276.2527,215.1932,0,0,0,12014.642,209.62625,True,2026022400699,79,0.0,1.38997975e-05,1.2099933e-05,3.4940468e-12,606.0424,0.21798597,379.84912,0.25045538,False,-3391.11,546.0119,False,False,True,15.517763,,1698.0425,1681,-3597.2715,1.7124856,150.41757276767245,,0.7579533977710957,,0.9935359,,73.1666,,,0,False,,,,,,,,0,False,False,False,15324.644,36.950657,0.14479485,0.22995219,0.020126635,0.17458454,0.15491547,0.016023317,False,False,False,False,0.07487897,0.7010283,False,False,61096.19639948736,,20,False,False,False,False,False,False,False,False,False,False,False,False,False,False,False,False,False,False,False,False,False,i
3,61096.194951500016,lsst,150.4175492153347,0.7579627309771936,314011777182990477,170054960388505753,0,314011777182990477,-3627.0173,221.9998,0,0,0,11881.328,215.69673,True,2026022400700,72,0.0,1.205882e-05,1.41065575e-05,-6.704515e-12,994.37994,0.25509897,3322.5183,0.21657926,False,-3637.968,556.4763,False,False,True,16.261248,,1689.6154,1681,-3908.1511,0.8376811,150.4175469684769,,0.7579720210838513,,0.95987815,,-7.5691295,,,0,False,,,,,,,,0,False,False,False,15553.85,25.498644,0.24269797,0.15629068,-0.00090935937,0.16746485,0.17007908,0.027896812,False,False,False,False,0.13086985,0.7501233,False,False,61096.19693739861,,21,False,False,False,False,False,False,False,False,False,False,False,False,False,False,False,False,False,False,False,False,False,i
3,61096.195413750655,lsst,150.41754655235164,0.757960297460067,314011777182990477,170054960526393480,0,314011777182990477,-3029.3787,215.43819,0,0,0,12374.16,208.90265,True,2026022400701,79,0.0,1.3107666e-05,1.43034495e-05,-6.1094307e-12,1752.0613,0.25855762,478.15253,0.23524734,False,-2839.4417,545.51166,False,False,True,14.030836,,1721.911,1681,-3309.373,8.968998,150.41754059127038,,0.7579722544218691,,1.1520202,,2.5522091,,,0,False,,,,,,,,0,False,False,False,15414.091,32.267227,0.24340758,0.12311068,0.02893423,0.16283178,0.14696069,0.013452919,False,False,False,False,0.12197255,0.6483887,False,False,61096.197178494636,,20,False,False,False,False,False,False,False,False,False,False,False,False,False,False,False,False,False,False,False,False,False,i
3,61096.19587903485,lsst,150.417535919429,0.7579646256350917,314011777182990477,170054960658514085,0,314011777182990477,-3075.9578,221.68651,0,0,0,12319.85,214.98932,True,2026022400702,75,0.0,1.2662381e-05,1.7595352e-05,-3.7368157e-11,3097.277,0.32188806,2645.5337,0.22166415,False,-2822.166,562.80115,False,False,True,13.702261,,1670.9457,1681,-3276.9143,8.620849,150.41753768113722,,0.7579729912022232,,1.0076296,,-8.892007,,,0,False,,,,,,,,0,False,False,False,15401.133,38.66793,0.21289188,0.11475895,0.007603516,0.1462412,0.1580551,0.00971707,False,False,False,False,0.022213893,0.6336499,False,False,61096.1977835682,,20,False,False,False,False,False,False,False,False,False,False,False,False,False,False,False,False,False,False,False,False,False,i
3,61096.19634614074,lsst,150.41753531396498,0.7580119202340173,314011777182990477,170054960791158938,0,314011777182990477,-3132.6355,223.1128,0,0,0,10973.678,216.30159,True,2026022400703,72,0.0,1.9283963e-05,2.5397172e-05,-8.64135e-11,188.39664,0.46721992,1757.6277,0.33545795,False,-3133.9763,565.3901,False,False,True,14.525213,,1785.967,1681,-3709.4277,4.9464335,150.41754300412597,,0.7579957027430079,,1.2478411,,13.044113,,,0,False,,,,,,,,0,False,False,False,14135.144,31.298258,0.25719604,0.17477253,0.06650908,0.14850973,0.16494618,0.02278636,False,False,False,False,0.4299521,0.6794643,False,False,61096.198312117536,,21,False,False,False,False,False,False,False,False,False,False,False,False,False,False,False,False,False,False,False,False,False,i
3,61096.19681011718,lsst,150.41754167655628,0.7579656176023148,314011777182990477,170054960926949531,0,314011777182990477,-3291.908,226.98326,0,0,0,12261.364,220.55402,True,2026022400704,75,0.0,1.4118635e-05,1.1731441e-05,2.4717497e-11,2390.2256,0.20486227,881.96747,0.2597361,False,-2776.1667,566.414,False,False,True,14.5064745,,1619.452,1681,-3260.0127,5.1384044,150.41754126066843,,0.7579714836359155,,0.5092526,,34.092175,,,0,False,,,,,,,,0,False,False,False,15554.296,29.869543,0.14361998,0.15015747,0.010814939,0.15247194,0.17546476,0.02862829,False,False,False,False,0.043619793,0.695179,False,False,61096.19872900529,,19,False,False,False,False,False,False,False,False,False,False,False,False,False,False,False,False,False,False,False,False,False,i
3,61096.1972811351,lsst,150.4175572801927,0.7579996911988717,314011777182990477,170054961039147174,0,314011777182990477,-2576.6133,221.68433,0,0,0,12491.529,216.08191,True,2026022400705,33,0.0,2.1000918e-05,2.3465022e-05,-5.3768122e-11,1810.1454,0.4318351,531.1849,0.368826,False,-2910.1597,564.40894,False,False,True,12.036891,,1764.0791,1681,-2647.9324,2.9598799,150.41757012106328,,0.7579802038009454,,0.62666357,,9.312073,,,0,False,,,,,,,,0,False,False,False,15116.185,41.026936,0.19355646,0.17764363,0.015319044,0.13957964,0.15569709,0.025214367,False,False,False,False,0.21720767,0.5884563,False,False,61096.19915103054,,19,False,False,False,False,False,False,False,False,False,False,False,False,False,False,False,False,False,False,False,False,False,i
3,61096.19774598286,lsst,150.4175771696689,0.7579737571583479,314011777182990477,170054961173364895,0,314011777182990477,-2900.0203,235.62169,0,0,0,12577.927,228.59567,True,2026022400706,33,0.0,3.1553725e-05,2.3498365e-05,2.6398192e-10,2535.5227,0.37381622,889.2609,0.6025377,False,-3242.476,565.1406,False,False,True,12.273167,,1672.0945,1681,-2904.356,29.908575,150.41755852580332,,0.7579604135117051,,0.789033,,-103.41204,,,0,False,,,,,,,,0,False,False,False,15511.477,21.806843,0.11662833,0.16989172,-0.011456661,0.15034702,0.20315467,0.008938889,False,False,False,False,0.14715195,0.6916804,False,False,61096.19977513922,,19,False,False,False,False,False,False,False,False,False,False,False,False,False,False,False,False,False,False,False,False,False,i
3,61096.19821011253,lsst,150.41755300135588,0.7579706508950805,314011777182990477,170054961328029863,0,314011777182990477,-3339.4973,227.29466,0,0,0,12399.866,222.09988,True,2026022400707,72,0.0,1.5903723e-05,1.4879037e-05,2.3851162e-11,2062.3894,0.26056334,2244.7883,0.29359946,False,-3230.512,559.46533,False,False,True,14.859021,,1683.7153,1681,-3519.4814,9.175268,150.4175565038912,,0.7579665559892584,,0.9199225,,50.689964,,,0,False,,,,,,,,0,False,False,False,15749.211,26.938656,0.11944338,0.19458999,0.015130701,0.14881346,0.18443346,0.0018639478,False,False,False,False,0.013791589,0.68754727,False,False,61096.20016103078,,20,False,False,False,False,False,False,False,False,False,False,False,False,False,False,False,False,False,False,False,False,False,i
3,61096.198677655935,lsst,150.4175158310906,0.7579808040061333,314011777182990477,170054961440751761,0,314011777182990477,-2989.6226,217.8159,0,0,0,11790.726,213.276,True,2026022400708,31,0.0,1.7283028e-05,2.0280788e-05,-1.0759505e-10,961.2927,0.393652,2501.305,0.27532783,False,-3204.5437,554.39764,False,False,True,14.602068,,1681.3074,1681,-3256.0574,1.9059619,150.41752508189086,,0.7579573403110703,,0.8708724,,-30.748919,,,0,False,,,,,,,,0,False,False,False,14779.151,40.24819,0.2071277,0.13636889,0.00044873188,0.14668635,0.16606796,0.02344293,False,False,False,False,0.037169203,0.6897032,False,False,61096.20061110696,,20,False,False,False,False,False,False,False,False,False,False,False,False,False,False,False,False,False,False,False,False,False,i
3,61096.19914293368,lsst,150.41756823514177,0.7579508519859225,314011777182990477,170054961576018105,0,314011777182990477,-3443.4546,226.20563,0,0,0,11942.506,221.78719,True,2026022400709,33,0.0,1.0631768e-05,9.754596e-06,2.2690376e-11,1716.2358,0.16111344,2897.681,0.20418653,False,-3537.9646,567.72205,False,False,True,14.936237,,1687.6747,1681,-3501.9727,7.634478,150.41756237743897,,0.7579670179690623,,0.8278198,,-48.086304,,,0,False,,,,,,,,0,False,False,False,15412.379,32.58625,0.19058579,0.1340766,-0.014609593,0.12692638,0.20462339,0.016543074,False,False,False,False,0.0017927911,0.7556594,False,False,61096.20113970428,,20,False,False,False,False,False,False,False,False,False,False,False,False,False,False,False,False,False,False,False,False,False,i
3,61096.199605494934,lsst,150.41755518720265,0.7579466862275126,314011777182990477,170054961731731630,0,314011777182990477,-3351.0015,216.11452,0,0,0,12113.608,210.98543,True,2026022400710,74,0.0,2.6885302e-05,2.0371845e-05,1.8342841e-10,456.0982,0.32707012,3351.6855,0.5118214,False,-2984.5488,544.9098,False,False,True,15.800218,,1644.8024,1681,-3763.5452,20.281698,150.41756884850784,,0.7579646988002869,,1.159363,,31.030024,,,0,False,,,,,,,,0,False,False,False,15483.125,28.941086,0.13545284,0.18769045,0.064517215,0.14204791,0.19738697,0.02909262,False,False,False,False,0.009737775,0.69804025,False,False,61096.201448628446,,20,False,False,False,False,False,False,False,False,False,False,False,False,False,False,False,False,False,False,False,False,False,i
3,61096.200070543055,lsst,150.41755130450014,0.7579552555976568,314011777182990477,170054961866997918,0,314011777182990477,-3187.045,221.52165,0,0,0,12263.014,215.2658,True,2026022400711,76,0.0,1.6915677e-05,1.390205e-05,6.929681e-11,2368.2854,0.22535095,284.31186,0.32363066,False,-3247.054,554.2838,False,False,True,14.121578,,1745.8326,1681,-3372.3958,12.421472,150.41754585352624,,0.7579679478297172,,1.0710782,,15.474339,,,0,False,,,,,,,,0,False,False,False,15417.684,34.842175,0.1763011,0.17050566,0.05665901,0.14642152,0.17625946,0.027145209,False,False,False,False,0.022331867,0.7310738,False,False,61096.20195488798,,20,False,False,False,False,False,False,False,False,False,False,False,False,False,False,False,False,False,False,False,False,False,i
3,61096.20053620795,lsst,150.4175765435196,0.7579738753953652,314011777182990477,170054961979195605,0,314011777182990477,-3143.9255,227.6493,0,0,0,12378.411,222.26874,True,2026022400712,34,0.0,2.5389809e-05,2.179875e-05,1.5863592e-10,1230.1545,0.35152054,3729.2998,0.48978874,False,-3668.5212,559.8756,False,False,True,14.051008,,1685.6968,1681,-3340.8162,9.7225485,150.41756023765495,,0.75796912727266,,0.7766495,,33.419216,,,0,False,,,,,,,,0,False,False,False,15491.025,27.467478,0.22194442,0.2555059,0.020889,0.17606603,0.1870905,0.018082611,False,False,False,False,0.36275986,0.6750883,False,False,61096.202454497594,,20,False,False,False,False,False,False,False,False,False,False,False,False,False,False,False,False,False,False,False,False,False,i
4,61096.21831012104,lsst,150.4175455247648,0.7579601649002288,314011777182990477,170054966294610078,0,314011777182990477,-4677.576,360.35742,0,0,0,18087.844,356.50317,True,2026022400744,73,0.0,1.470504e-05,1.943065e-05,-5.7020583e-11,755.7799,0.35871568,2554.5632,0.2534821,False,-5352.953,968.4081,False,False,True,13.097596,,1662.5789,1681,-4975.494,9.325662,150.4175571939556,,0.7579576113573361,,0.84971625,,-53.977325,,,0,False,,,,,,,,0,False,False,False,22858.127,119.235725,0.16657162,0.14641939,-0.032325197,0.17785649,0.1358161,0.018993014,False,False,False,False,1.855599e-05,0.7731748,False,False,61096.220229141356,,18,False,False,False,False,False,False,False,False,False,False,False,False,False,False,False,False,False,False,False,False,False,z
4,61096.21877667205,lsst,150.41754955578077,0.7579458560867232,314011777182990477,170054966407856297,0,314011777182990477,-5163.439,382.5167,0,0,0,17355.285,376.99948,True,2026022400745,33,0.0,1.2146876e-05,1.2895818e-05,-8.30299e-12,2504.1582,0.23490585,564.1288,0.21651322,False,-4929.2656,996.7792,False,False,True,13.286212,,1742.4683,1681,-5389.517,6.8368173,150.41755237550794,,0.7579502242752925,,0.8628134,,-51.775627,,,0,False,,,,,,,,0,False,False,False,22598.139,104.403854,0.20143718,0.17008242,-0.030576926,0.19265062,0.15935598,0.012950076,False,False,False,False,0.013477051,0.76147175,False,False,61096.22056296175,,18,False,False,False,False,False,False,False,False,False,False,False,False,False,False,False,False,False,False,False,False,False,z
4,61096.219240192106,lsst,150.4175146730942,0.7580272484866033,314011777182990477,170054966563045544,0,314011777182990477,-4664.3125,364.45526,0,0,0,15502.58,358.75555,True,2026022400746,73,0.0,2.9357521e-05,4.4327335e-05,-6.0125716e-10,1846.1764,0.8512814,2918.5127,0.44016266,False,-6217.9414,970.77637,False,False,True,13.245751,,1667.279,1681,-5241.2954,3.3650215,150.41752857862448,,0.757984186900918,,0.8283101,,-46.0707,,,0,False,,,,,,,,0,False,False,False,20239.328,117.80804,0.21305183,0.1684661,-0.022015821,0.18159582,0.16093801,0.025507709,False,False,False,False,0.054058336,0.72453517,False,False,61096.22110557763,,20,False,False,False,False,False,False,False,False,False,False,False,False,False,False,False,False,False,False,False,False,False,z
4,61096.219707164586,lsst,150.41753730891185,0.7579613594673114,314011777182990477,170054966696738931,0,314011777182990477,-4361.808,373.9415,0,0,0,18480.574,372.7529,True,2026022400747,72,0.0,1.6493614e-05,1.7864286e-05,-3.17978e-11,3742.5684,0.33023313,265.69067,0.28820023,False,-3798.7627,983.4706,False,False,True,11.642272,,1846.3291,1681,-4729.205,16.10652,150.41753573091896,,0.7579729419358029,,0.97943974,,9.505133,,,0,False,,,,,,,,0,False,False,False,22993.836,135.28246,0.16126846,0.1321731,0.045051455,0.18846187,0.15370154,0.035599157,False,False,False,False,0.08328931,0.63878196,False,False,61096.22152567541,,17,False,False,False,False,False,False,False,False,False,False,False,False,False,False,False,False,False,False,False,False,False,z
4,61096.22063748473,lsst,150.4175571842818,0.7579630728195813,314011777182990477,170054966944727241,0,314011777182990477,-5207.7305,380.07782,0,0,0,18142.797,376.66174,True,2026022400749,33,0.0,1.19964525e-05,1.18667e-05,3.0251474e-12,3457.325,0.21268487,2647.8003,0.21748526,False,-5478.543,1000.1966,False,False,True,13.649711,,1685.2815,1681,-5280.073,19.194519,150.41756058506897,,0.7579650667915886,,0.73673236,,15.485935,,,0,False,,,,,,,,0,False,False,False,23475.148,107.65918,0.120281585,0.12568386,0.025175769,0.14321397,0.1598519,0.017061988,False,False,False,False,0.12619027,0.8481725,False,False,61096.222536174246,,18,False,False,False,False,False,False,False,False,False,False,False,False,False,False,False,False,False,False,False,False,False,z
4,61096.221105722536,lsst,150.41755160605115,0.7579490666768492,314011777182990477,170054967076323512,0,314011777182990477,-5004.199,392.27576,0,0,0,17720.4,384.35748,True,2026022400750,28,0.0,1.4775179e-05,1.571421e-05,-4.300598e-11,693.82007,0.30076715,2370.8525,0.24669625,False,-4885.288,1001.281,False,False,True,12.390778,,1757.737,1681,-5233.8086,14.983667,150.4175506881345,,0.7579620652981659,,1.1491925,,10.344917,,,0,False,,,,,,,,0,False,False,False,22740.707,83.06715,0.196151,0.19997475,0.06537305,0.17226304,0.16574335,0.013384917,False,False,False,False,0.117838934,0.70568997,False,False,61096.22298346498,,19,False,False,False,False,False,False,False,False,False,False,False,False,False,False,False,False,False,False,False,False,False,z
4,61096.22157286631,lsst,150.41752274443564,0.7579927536332138,314011777182990477,170054967210541247,0,314011777182990477,-4794.59,388.9743,0,0,0,17056.477,384.93143,True,2026022400751,28,0.0,1.5812675e-05,1.4519467e-05,8.441262e-11,1317.697,0.21626876,2887.7095,0.32094315,False,-6513.0215,997.3047,False,False,True,11.907916,,1711.063,1681,-4834.8447,1.4477212,150.41753885123973,,0.757999676084388,,0.90262306,,0.3650632,,,0,False,,,,,,,,0,False,False,False,21940.857,87.94714,0.20996676,0.19418493,0.036792837,0.175434,0.16334645,0.0388693,False,False,False,False,0.14632592,0.6396995,False,False,61096.223443484756,,21,False,False,False,False,False,False,False,False,False,False,False,False,False,False,False,False,False,False,False,False,False,z
4,61096.222503448414,lsst,150.4175891037514,0.757958754408904,314011777182990477,170054967479500965,0,314011777182990477,-4148.3564,367.60196,0,0,0,17809.184,360.4529,True,2026022400753,29,0.0,2.7193419e-05,2.6976188e-05,2.852676e-10,268.55582,0.3817235,948.2515,0.57531726,False,-4219.781,989.24396,False,False,True,11.277667,,1718.6191,1681,-4269.7974,18.234163,150.41756566072036,,0.7579451868420644,,0.91363394,,29.88888,,,0,False,,,,,,,,0,False,False,False,21994.434,93.63373,0.10265612,0.17222656,0.021102402,0.13217454,0.1592025,0.023218255,False,False,False,False,0.011637396,0.5635403,False,False,61096.22430105689,,16,False,False,False,False,False,False,False,False,False,False,False,False,False,False,False,False,False,False,False,False,False,z
4,61096.22297164959,lsst,150.41757193437823,0.757968885798224,314011777182990477,170054967614767245,0,314011777182990477,-4954.604,359.40363,0,0,0,17560.979,354.46426,True,2026022400754,31,0.0,1.1593664e-05,1.1695773e-05,1.483403e-11,47.4618,0.19822241,437.03558,0.22106807,False,-4327.215,993.0301,False,False,True,13.619293,,1788.2671,1681,-4719.273,17.332228,150.41756339608543,,0.7579632482264305,,0.588734,,29.82552,,,0,False,,,,,,,,0,False,False,False,22497.273,161.78827,0.07602267,0.10487933,0.0067412043,0.12610605,0.14892253,0.026431218,False,False,False,False,0.3324019,0.6128615,False,False,61096.22490145738,,16,False,False,False,False,False,False,False,False,False,False,False,False,False,False,False,False,False,False,False,False,False,z
4,61096.22454936262,lsst,150.41754708657623,0.7580175035685887,314011777182990477,170054968064606312,0,314011777182990477,-4714.595,358.5303,0,0,0,16601.492,355.25885,True,2026022400757,121,0.0,1.7264103e-05,2.4300194e-05,3.9326833e-11,2720.488,0.44002205,259.01675,0.30821893,False,-4450.5947,996.66003,False,False,True,14.36172,,1699.0791,1681,-5620.575,30.049414,150.41753278295897,,0.7579631970144483,,0.8345053,,17.67762,,,0,False,,,,,,,,0,False,False,False,21285.828,151.04987,0.1637975,0.101546444,0.011577295,0.17603876,0.13600121,0.0040584374,False,False,False,False,0.0838186,0.8094107,False,False,61096.22634088494,,19,False,False,False,False,False,False,False,False,False,False,False,False,False,False,False,False,False,False,False,False,False,z
4,61096.22501853051,lsst,150.4175438715744,0.7579300040310423,314011777182990477,170054968177328307,0,314011777182990477,-5143.3286,349.69815,0,0,0,16948.064,347.91483,True,2026022400758,80,0.0,1.0238948e-05,1.1953575e-05,3.1165157e-12,140.65569,0.21562858,3644.5276,0.18412434,False,-4971.6445,976.7268,False,False,True,14.433538,,1617.5133,1681,-5289.5146,9.621267,150.4175392346544,,0.7579448082284008,,0.70177317,,1.381063,,,0,False,,,,,,,,0,False,False,False,22113.203,127.99691,0.1526375,0.10771913,-0.002512874,0.17053446,0.14146802,0.002079694,False,False,False,False,0.10149633,0.7733542,False,False,61096.22693201734,,19,False,False,False,False,False,False,False,False,False,False,False,False,False,False,False,False,False,False,False,False,False,z
4,61096.225483700924,lsst,150.4175555454113,0.7580028979477138,314011777182990477,170054968311021748,0,314011777182990477,-4630.2354,336.76752,0,0,0,17260.953,338.59384,True,2026022400759,79,0.0,1.998617e-05,2.2598715e-05,3.2552854e-12,1022.3253,0.407555,3055.0928,0.359871,False,-4926.41,958.6271,False,False,True,14.676966,,1633.954,1681,-5150.5303,10.190046,150.41755722092628,,0.7579633747081714,,0.7535168,,25.409466,,,0,False,,,,,,,,0,False,False,False,21896.88,154.96619,0.15600649,0.120587274,0.019409532,0.15899085,0.12493771,0.017811516,False,False,False,False,0.0023710895,0.78076506,False,False,61096.22733126059,,17,False,False,False,False,False,False,False,False,False,False,False,False,False,False,False,False,False,False,False,False,False,z
4,61096.22595019463,lsst,150.41754539753916,0.758011807360886,314011777182990477,170054968443142291,0,314011777182990477,-4545.386,370.5584,0,0,0,17005.494,364.75586,True,2026022400760,75,0.0,2.1162281e-05,4.6965706e-05,-3.8521186e-11,855.67377,0.8477939,2191.4175,0.38083556,False,-5438.074,1002.452,False,False,True,12.476564,,1711.9297,1681,-5287.503,28.68887,150.41755463899577,,0.757979075838279,,1.1250175,,29.500149,,,0,False,,,,,,,,0,False,False,False,21587.889,139.72179,0.21017206,0.14958541,0.055582654,0.21113889,0.12608708,0.033296794,False,False,False,False,0.01870428,0.676498,False,False,61096.2277941278,,20,False,False,False,False,False,False,False,False,False,False,False,False,False,False,False,False,False,False,False,False,False,z
4,61096.22641582776,lsst,150.41753330506978,0.7580334315993059,314011777182990477,170054968579457200,0,314011777182990477,-5002.7905,347.9278,0,0,0,14988.542,344.35434,True,2026022400761,79,0.0,1.4639187e-05,2.8052249e-05,-4.5789792e-11,2161.8328,0.5069037,3033.283,0.26136407,False,-5815.498,971.9682,False,False,True,14.816222,,1526.0616,1681,-5449.795,7.430855,150.41753669810493,,0.7579904320896566,,0.78302073,,9.786171,,,0,False,,,,,,,,0,False,False,False,20084.75,108.14992,0.18827926,0.13894492,0.013477513,0.18563803,0.1198253,0.027649427,False,False,False,False,0.019228762,0.7234921,False,False,61096.228199840465,,20,False,False,False,False,False,False,False,False,False,False,False,False,False,False,False,False,False,False,False,False,False,z
4,61096.22688246795,lsst,150.4175499528002,0.7579671235949365,314011777182990477,170054968713150605,0,314011777182990477,-4522.811,364.6336,0,0,0,18208.816,360.6873,True,2026022400762,78,0.0,1.6461167e-05,1.4773511e-05,7.205561e-12,3312.7368,0.26590878,1285.9595,0.2969918,False,-4945.453,982.8707,False,False,True,12.787581,,1786.3538,1681,-4785.2646,6.388623,150.4175503400267,,0.7579627481738545,,0.64670575,,51.351963,,,0,False,,,,,,,,0,False,False,False,22709.145,146.75592,0.1438595,0.16125467,0.016533056,0.18175374,0.12747581,0.026027933,False,False,False,False,0.0006862416,0.77813745,False,False,61096.22872057966,,18,False,False,False,False,False,False,False,False,False,False,False,False,False,False,False,False,False,False,False,False,False,z
4,61096.2278163914,lsst,150.41751959521724,0.7579860677040896,314011777182990477,170054968980013251,0,314011777182990477,-4580.0605,390.1721,0,0,0,17235.322,382.3689,True,2026022400764,75,0.0,4.5559806e-05,3.9684437e-05,1.288963e-10,2423.0083,0.70888853,3825.8958,0.8267303,False,-5563.7144,999.6279,False,False,True,12.285405,,1706.168,1681,-5310.2163,33.943073,150.41753460650628,,0.7579719269107726,,1.1553302,,-101.555984,,,0,False,,,,,,,,0,False,False,False,21823.559,93.58723,0.20486051,0.3309523,-0.00448292,0.18016326,0.14055401,0.008301337,False,False,False,False,0.8361228,0.7209147,False,False,61096.22962782618,,21,False,False,False,False,False,False,False,False,False,False,False,False,False,False,False,False,False,False,False,False,False,z
4,61096.22828304482,lsst,150.4175011716931,0.7580088521871123,314011777182990477,170054969092210894,0,314011777182990477,-3327.7468,394.17215,0,0,0,16862.664,389.6108,True,2026022400765,33,0.0,4.476963e-05,5.1865878e-05,-2.2042294e-10,964.29114,0.94734806,3569.5862,0.7934402,False,-5713.9634,1017.8859,False,False,True,9.45466,,1851.9775,1681,-4143.4727,45.620743,150.4175373860746,,0.7579329441193536,,1.2256929,,33.60416,,,0,False,,,,,,,,0,False,False,False,20314.97,109.133705,0.19386947,0.21888168,0.07459148,0.1988555,0.1479556,0.020476727,False,False,False,False,0.14554179,0.6264937,False,False,61096.230170190436,,19,False,False,False,False,False,False,False,False,False,False,False,False,False,False,False,False,False,False,False,False,False,z
4,61096.22921741908,lsst,150.41755741004866,0.7579870266556767,314011777182990477,170054969382666369,0,314011777182990477,-5129.957,406.97455,0,0,0,17623.453,400.30283,True,2026022400767,75,0.0,1.637459e-05,2.1000878e-05,-8.745592e-11,1804.4448,0.3942939,1001.74164,0.27411532,False,-3784.9148,1006.234,False,False,True,12.857739,,1735.4558,1681,-5329.09,8.848798,150.4175539654785,,0.7579864503970041,,0.8001135,,-43.245342,,,0,False,,,,,,,,0,False,False,False,22750.623,113.90609,0.18972147,0.14541298,-0.019335603,0.2110225,0.16702214,0.015766582,False,False,False,False,0.059239917,0.68830913,False,False,61096.2310985332,,20,False,False,False,False,False,False,False,False,False,False,False,False,False,False,False,False,False,False,False,False,False,z
4,61096.230147865615,lsst,150.41754993459884,0.7580319811154387,314011777182990477,170054969649528962,0,314011777182990477,-4210.273,401.30646,0,0,0,16653.486,394.6976,True,2026022400769,72,0.0,3.6048707e-05,3.7117847e-05,-6.192964e-11,1118.0695,0.678151,1696.4888,0.64078397,False,-6056.309,1015.16614,False,False,True,11.187416,,1731.5017,1681,-5172.5146,9.707849,150.41755589217564,,0.7579742723864709,,1.4027059,,-85.29167,,,0,False,,,,,,,,0,False,False,False,20910.904,108.31929,0.24726796,0.324974,-0.0899549,0.2031065,0.17443171,0.03314179,False,False,False,False,0.71619254,0.7191611,False,False,61096.232039512106,,21,False,False,False,False,False,False,False,False,False,False,False,False,False,False,False,False,False,False,False,False,False,z
4,61096.23070084871,lsst,150.4175335189288,0.7579647276987233,314011777182990477,170054969808388264,0,314011777182990477,-4095.0862,380.68686,0,0,0,18581.783,378.2266,True,2026022400770,119,0.0,2.4733738e-05,4.7205052e-05,2.1589759e-10,2460.6445,0.8558328,3237.2644,0.43489045,False,-4891.358,1000.9841,False,False,True,10.683575,,1692.7275,1681,-5254.9604,6.8882136,150.41753457426893,,0.7579770089531936,,1.6621786,,21.578423,,,0,False,,,,,,,,0,False,False,False,22747.207,118.30063,0.4273871,0.16859102,0.0694423,0.2029258,0.15454309,0.0062993374,False,False,False,False,0.8635109,0.60865927,False,False,61096.23253150142,,20,False,False,False,False,False,False,False,False,False,False,False,False,False,False,False,False,False,False,False,False,False,z
4,61096.231605078545,lsst,150.41756673228113,0.7579477589436011,314011777182990477,170054970076299402,0,314011777182990477,-5204.604,388.44485,0,0,0,17536.031,382.40063,True,2026022400772,118,0.0,1.5862019e-05,1.2260707e-05,-2.3594592e-12,1713.628,0.2210295,1835.6227,0.28568277,False,-5653.8296,1026.731,False,False,True,13.084624,,1643.673,1681,-5489.1562,6.556253,150.4175640181069,,0.7579456578244232,,0.7975026,,71.06519,,,0,False,,,,,,,,0,False,False,False,22798.535,93.133156,0.1566133,0.20058097,0.018940063,0.18766634,0.1650773,0.0026083041,False,False,False,False,0.0007032171,0.72444713,False,False,61096.23328270632,,19,False,False,False,False,False,False,False,False,False,False,False,False,False,False,False,False,False,False,False,False,False,z
2,61096.233483242395,lsst,150.41753471005973,0.7579929936643491,314011777182990477,170054970211041462,0,314011777182990477,-1827.7432,146.3542,0,0,0,5428.686,144.1101,True,2026022400773,119,0.0,1.3430919e-05,1.403142e-05,4.3127446e-12,1314.4128,0.2534517,2853.946,0.24103715,False,-1226.0468,377.6965,False,False,True,12.229691,,1657.4844,1681,-1820.2985,1.0252448,150.41754215882816,,0.7579921423430057,,0.4686995,,5.578484,,,0,False,,,,,,,,0,False,False,False,7287.627,55.581623,0.17450882,0.15627697,-0.0025452594,0.1818027,0.17291883,-0.023114609,False,False,False,False,0.02000215,0.5546673,False,False,61096.235305142975,,18,False,False,False,False,False,False,False,False,False,False,False,False,False,False,False,False,False,False,False,False,False,r
2,61096.23441988666,lsst,150.41755350705648,0.7579719404415932,314011777182990477,170054970457981061,0,314011777182990477,-1857.7102,162.0103,0,0,0,5481.414,159.28859,True,2026022400775,78,0.0,1.6143309e-05,1.7381853e-05,5.742694e-12,1258.4393,0.31401488,2676.9792,0.29028067,False,-1341.5101,410.97858,False,False,True,11.575545,,1713.9148,1681,-1911.2128,4.9338694,150.41755513483977,,0.7579711979600349,,0.75173795,,-32.763012,,,0,False,,,,,,,,0,False,False,False,7324.2485,48.08675,0.14225592,0.13363878,-0.02578718,0.20422454,0.15749276,-0.016921895,False,False,False,False,0.225279,0.504148,False,False,61096.236253730574,,19,False,False,False,False,False,False,False,False,False,False,False,False,False,False,False,False,False,False,False,False,False,r
2,61096.23814692414,lsst,150.41758076813414,0.7579893343019359,314011777182990477,170054971528577138,0,314011777182990477,-1611.4249,163.58989,0,0,0,5563.775,159.99246,True,2026022400783,72,0.0,2.9939623e-05,2.9853392e-05,8.878711e-13,2980.895,0.53843176,1054.4836,0.5391335,False,-1882.6609,402.957,False,False,True,10.110439,,1702.7147,1681,-1674.4183,2.5723994,150.4175692769999,,0.7579980194889621,,0.80724096,,-16.376753,,,0,False,,,,,,,,0,False,False,False,7163.2637,47.05691,0.24989022,0.19135736,0.0001237402,0.19873896,0.15553086,-0.0012428655,False,False,False,False,0.23476186,0.5204711,False,False,61096.2398381051,,21,False,False,False,False,False,False,False,False,False,False,False,False,False,False,False,False,False,False,False,False,False,r
2,61096.238610585104,lsst,150.4175374815289,0.7580018207941317,314011777182990477,170054971664367761,0,314011777182990477,-1955.3992,170.2491,0,0,0,5153.688,167.42601,True,2026022400784,75,0.0,1.5219781e-05,1.2691174e-05,2.9186167e-11,777.63574,0.22140765,2206.9998,0.28023678,False,-1791.6646,410.7157,False,False,True,11.558077,,1697.5248,1681,-1912.9652,3.1357794,150.41753355724413,,0.7579899927299673,,0.47666985,,16.716537,,,0,False,,,,,,,,0,False,False,False,7151.305,45.563717,0.13855484,0.13275751,0.009440844,0.23319419,0.16519979,0.03426762,False,False,False,False,0.39842674,0.55392045,False,False,61096.24042153721,,18,False,False,False,False,False,False,False,False,False,False,False,False,False,False,False,False,False,False,False,False,False,r
2,61096.2405466043,lsst,150.41753779476093,0.7579941994505807,314011777182990477,170054972180791486,0,314011777182990477,-2004.2828,157.16454,0,0,0,5312.2705,154.13905,True,2026022400788,36,0.0,1.3305609e-05,1.4018097e-05,6.02829e-11,706.74023,0.2019134,3655.2065,0.28347853,False,-2497.3035,380.059,False,False,True,12.4071865,,1750.0437,1681,-2206.7332,6.5053673,150.41754862923062,,0.7579768050189052,,1.4273396,,31.889057,,,0,False,,,,,,,,0,False,False,False,7292.602,33.953274,0.10053567,0.3113385,0.03203943,0.19898136,0.18605739,0.033859346,False,False,False,False,0.023127299,0.5224318,False,False,61096.24240326298,,20,False,False,False,False,False,False,False,False,False,False,False,False,False,False,False,False,False,False,False,False,False,r
2,61096.24475299404,lsst,150.4175391292452,0.7579754767430639,314011777182990477,170054973371449536,0,314011777182990477,-1907.81,155.6077,0,0,0,5444.0996,153.88907,True,2026022400797,3,0.0,1.5429023e-05,1.45456115e-05,-6.1183424e-12,2251.9402,0.27876025,2641.4763,0.26144236,False,-2062.9014,405.59653,False,False,True,12.217182,,1599.0126,1681,-1975.7919,2.498777,150.417539392331,,0.7579767812676352,,0.81049037,,-70.50424,,,0,False,,,,,,,,0,False,False,False,7345.235,41.763535,0.16551942,0.10504999,0.0068537537,0.14974888,0.16931659,0.010119338,False,False,False,False,0.08824482,0.51160365,False,False,61096.246559372914,,18,False,False,False,False,False,False,False,False,False,False,False,False,False,False,False,False,False,False,False,False,False,r
3,61096.248946060485,lsst,150.4175771040595,0.7580019703032013,314011777182990477,170054974213455995,0,314011777182990477,-3493.8982,253.85814,0,0,0,11800.651,248.46027,True,2026022400803,73,0.0,1.5789297e-05,1.547243e-05,3.363524e-12,3852.1692,0.2782298,2959.7886,0.2848346,False,-4331.7974,599.6311,False,False,True,13.612559,,1682.6703,1681,-4096.3384,3.1774528,150.4175656465473,,0.7579921292058819,,1.4830078,,41.698486,,,0,False,,,,,,,,0,False,False,False,15297.896,33.571804,0.25017387,0.35596448,0.09719222,0.209863,0.19823197,0.053945657,False,False,False,False,0.69968724,0.65167814,False,False,61096.25070564216,,22,False,False,False,False,False,False,False,False,False,False,False,False,False,False,False,False,False,False,False,False,False,i
3,61096.25034538996,lsst,150.4175659860753,0.7579718635573938,314011777182990477,170054974616109203,0,314011777182990477,-3706.258,247.7835,0,0,0,11926.663,242.7709,True,2026022400806,73,0.0,1.3410982e-05,1.4677324e-05,-2.4093573e-11,2034.6611,0.27195248,1578.0667,0.23316169,False,-4115.39,592.3166,False,False,True,14.930119,,1672.405,1681,-3870.6304,6.814375,150.41756164233811,,0.7579819045387298,,1.0866978,,-0.5753828,,,0,False,,,,,,,,0,False,False,False,15605.251,18.151644,0.22261246,0.15157962,0.045761075,0.19351843,0.17504764,0.03979526,False,False,False,False,0.0010748229,0.72803295,False,False,61096.252359232756,,20,False,False,False,False,False,False,False,False,False,False,False,False,False,False,False,False,False,False,False,False,False,i
3,61096.251749565956,lsst,150.41754708146763,0.7579671917321796,314011777182990477,170054974997790879,0,314011777182990477,-3655.666,252.53374,0,0,0,11910.521,248.46082,True,2026022400809,33,0.0,1.4601745e-05,1.3777631e-05,3.3458028e-11,3883.0706,0.23246852,1172.4459,0.27728736,False,-3834.919,620.2212,False,False,True,14.737058,,1723.9742,1681,-3727.3943,13.401148,150.41754318028808,,0.7579638556046934,,0.79601216,,15.463582,,,0,False,,,,,,,,0,False,False,False,15612.057,21.186378,0.13923769,0.15146624,0.02887682,0.18623158,0.16570827,0.025145395,False,False,False,False,0.12503538,0.71505594,False,False,61096.25380137598,,19,False,False,False,False,False,False,False,False,False,False,False,False,False,False,False,False,False,False,False,False,False,i
3,61096.25268237113,lsst,150.41754626286973,0.7579701070501744,314011777182990477,170054975263604856,0,314011777182990477,-3394.4556,265.11978,0,0,0,12128.318,259.50992,True,2026022400811,28,0.0,1.6198697e-05,1.6343818e-05,-2.3865299e-11,2186.439,0.30642286,1515.9202,0.2796879,False,-3896.9197,620.1687,False,False,True,12.772333,,1706.0541,1681,-3477.183,2.6079865,150.41755384605642,,0.7579770765566651,,0.82654345,,2.8178968,,,0,False,,,,,,,,0,False,False,False,15554.409,45.537827,0.20424151,0.20288189,0.030996539,0.2231422,0.19242492,0.02029257,False,False,False,False,0.002149106,0.6139437,False,False,61096.25454475608,,19,False,False,False,False,False,False,False,False,False,False,False,False,False,False,False,False,False,False,False,False,False,i
3,61096.25314619129,lsst,150.41755817586179,0.7579295383656924,314011777182990477,170054975399395467,0,314011777182990477,-3398.3015,253.35931,0,0,0,11749.619,247.51399,True,2026022400812,31,0.0,1.3990292e-05,1.3989726e-05,-2.0694875e-11,147.12018,0.26532632,2566.573,0.23835549,False,-3307.972,613.2357,False,False,True,12.9849205,,1600.0594,1681,-3858.0342,9.496694,150.41755278044783,,0.7579461253750465,,1.5341353,,-6.0409913,,,0,False,,,,,,,,0,False,False,False,15166.654,23.833824,0.26093683,0.20398788,0.124880984,0.20558958,0.16872372,0.023651732,False,False,False,False,0.24041525,0.72311264,False,False,61096.255146217234,,20,False,False,False,False,False,False,False,False,False,False,False,False,False,False,False,False,False,False,False,False,False,i
3,61096.25408253727,lsst,150.41756345219753,0.7579149976313095,314011777182990477,170054975666258081,0,314011777182990477,-3324.5256,255.01907,0,0,0,11553.281,250.61505,True,2026022400814,28,0.0,1.4348344e-05,1.4364102e-05,2.9782155e-12,823.9238,0.25707528,3250.108,0.26057252,False,-2107.5088,618.0565,False,False,True,12.990526,,1729.4337,1681,-3381.327,15.125048,150.41756318977457,,0.7579206315629666,,0.79615617,,21.739456,,,0,False,,,,,,,,0,False,False,False,14933.268,20.834517,0.13728714,0.1850943,0.01677119,0.20479776,0.17800015,0.023191705,False,False,False,False,0.11270742,0.6632372,False,False,61096.256223173994,,19,False,False,False,False,False,False,False,False,False,False,False,False,False,False,False,False,False,False,False,False,False,i
3,61096.254517580455,lsst,150.41756589855854,0.7579746966968851,314011777182990477,170054975802572961,0,314011777182990477,-3431.6091,250.93378,0,0,0,12163.234,245.2883,True,2026022400815,32,0.0,1.7706838e-05,1.7580316e-05,-2.2494362e-11,3312.1746,0.32915446,3311.6296,0.3059465,False,-2753.0442,605.79175,False,False,True,13.805094,,1692.8896,1681,-3801.6555,8.33287,150.41755856070193,,0.757975724996837,,1.2304416,,-8.936708,,,0,False,,,,,,,,0,False,False,False,15635.294,19.977991,0.21367393,0.17910698,0.07514837,0.18074608,0.1909127,0.021007381,False,False,False,False,0.014909172,0.6501521,False,False,61096.256526898316,,20,False,False,False,False,False,False,False,False,False,False,False,False,False,False,False,False,False,False,False,False,False,i
3,61096.254984178995,lsst,150.417525177077,0.7579923927728747,314011777182990477,170054975936790673,0,314011777182990477,-3472.065,243.44832,0,0,0,11728.643,239.52538,True,2026022400816,32,0.0,1.4663838e-05,1.5616792e-05,7.4982624e-11,711.0727,0.2229711,3524.411,0.31491965,False,-3762.5872,604.3353,False,False,True,13.970868,,1795.2089,1681,-3676.3757,0.8205458,150.41752580449787,,0.7580031530566748,,1.021386,,10.36495,,,0,False,,,,,,,,0,False,False,False,15220.766,23.596895,0.19086908,0.24259666,0.041829877,0.18004993,0.18308923,0.016221289,False,False,False,False,0.15677059,0.6439268,False,False,61096.256983901374,,20,False,False,False,False,False,False,False,False,False,False,False,False,False,False,False,False,False,False,False,False,False,i
3,61096.255451064106,lsst,150.4175612154616,0.7579634128692448,314011777182990477,170054976069435543,0,314011777182990477,-3121.4575,246.90695,0,0,0,12504.614,242.59987,True,2026022400817,29,0.0,1.9013307e-05,1.7410346e-05,-9.462482e-11,1580.4052,0.37427467,2675.0972,0.27517954,False,-2406.054,611.9511,False,False,True,12.675504,,1798.8953,1681,-3191.982,10.163655,150.4175574797316,,0.7579698204133961,,0.65213203,,-19.812609,,,0,False,,,,,,,,0,False,False,False,15663.878,22.782026,0.17976251,0.16518064,0.017395856,0.17930175,0.18832375,0.01498175,False,False,False,False,0.017377486,0.6420152,False,False,61096.25750366114,,20,False,False,False,False,False,False,False,False,False,False,False,False,False,False,False,False,False,False,False,False,False,i
3,61096.25591708426,lsst,150.41756873541536,0.7579948056602656,314011777182990477,170054976207323251,0,314011777182990477,-3255.0518,246.24352,0,0,0,12080.599,241.63332,True,2026022400818,36,0.0,1.6918948e-05,1.6435848e-05,-1.8430417e-11,2599.0298,0.3110351,1631.769,0.2893663,False,-3780.0095,601.2757,False,False,True,13.438986,,1638.0579,1681,-3444.1614,3.9193022,150.41756229898462,,0.7579885740914873,,0.6664832,,-77.38638,,,0,False,,,,,,,,0,False,False,False,15367.347,47.150723,0.21348514,0.18436292,-0.013096186,0.21341738,0.19367184,0.037058104,False,False,False,False,0.002621849,0.6769693,False,False,61096.25771439642,,19,False,False,False,False,False,False,False,False,False,False,False,False,False,False,False,False,False,False,False,False,False,i
3,61096.25638397259,lsst,150.4175454978281,0.757964362383004,314011777182990477,170054976325812361,0,314011777182990477,-3212.4028,242.33644,0,0,0,12261.625,237.63922,True,2026022400819,6,0.0,1.5494152e-05,1.6129776e-05,1.916613e-11,1465.3644,0.27230263,2680.8142,0.29711068,False,-3655.0122,613.78973,False,False,True,13.318829,,1655.7444,1681,-3318.85,1.2875035,150.41753726133086,,0.7579623542509987,,0.73098165,,-143.35199,,,0,False,,,,,,,,0,False,False,False,15498.44,26.043463,0.16056404,0.2074779,-0.004920175,0.17704369,0.16055124,0.010783501,False,False,False,False,0.033811565,0.7182438,False,False,61096.25830653815,,19,False,False,False,False,False,False,False,False,False,False,False,False,False,False,False,False,False,False,False,False,False,i
3,61096.25685301769,lsst,150.4175653666243,0.7579592284986106,314011777182990477,170054976458457241,0,314011777182990477,-3063.5913,257.2251,0,0,0,12493.578,250.98846,True,2026022400820,3,0.0,2.0051739e-05,1.6501623e-05,-9.385416e-11,3779.4055,0.38276884,602.4448,0.26944193,False,-3271.4973,627.65656,False,False,True,11.730263,,1654.528,1681,-3317.3318,6.0115395,150.417558768244,,0.7579618729846084,,1.034944,,-11.490906,,,0,False,,,,,,,,0,False,False,False,15534.243,80.13792,0.18177547,0.2022204,0.0505011,0.2161048,0.18988685,0.009710637,False,False,False,False,0.014832774,0.59346956,False,False,61096.25863516319,,20,False,False,False,False,False,False,False,False,False,False,False,False,False,False,False,False,False,False,False,False,False,i
3,61096.25732011214,lsst,150.41755663372493,0.7579873982224864,314011777182990477,170054976594247986,0,314011777182990477,-3283.1013,242.56642,0,0,0,12202.862,237.36584,True,2026022400821,6,0.0,2.9256467e-05,2.398554e-05,-1.6086527e-10,2027.0536,0.5490566,3677.8203,0.40378216,False,-3741.632,613.19763,False,False,True,13.474476,,1688.746,1681,-3478.4744,7.9559574,150.4175440848435,,0.7579899038178806,,0.86722845,,-77.00071,,,0,False,,,,,,,,0,False,False,False,15492.802,28.621422,0.2585134,0.19579443,-0.013371857,0.1934401,0.15376726,0.0016682498,False,False,False,False,0.33879328,0.6107966,False,False,61096.259456130836,,21,False,False,False,False,False,False,False,False,False,False,False,False,False,False,False,False,False,False,False,False,False,i
3,61096.257789240815,lsst,150.41752896838196,0.7579516590343002,314011777182990477,170054976728465542,0,314011777182990477,-3017.5757,237.09096,0,0,0,12213.087,231.65903,True,2026022400822,6,0.0,3.698e-05,2.1572532e-05,-4.2256018e-10,2050.9165,0.7057576,152.86172,0.31142512,False,-3605.3054,615.31006,False,False,True,12.69686,,1640.0835,1681,-3452.036,5.0228715,150.41752428573818,,0.7579490659082433,,1.2976892,,-72.74632,,,0,False,,,,,,,,0,False,False,False,15252.035,42.65425,0.31299144,0.14503983,-0.012811514,0.17614214,0.13518688,0.0077727693,False,False,False,False,0.5794934,0.6583677,False,False,61096.25974249098,,20,False,False,False,False,False,False,False,False,False,False,False,False,False,False,False,False,False,False,False,False,False,i
3,61096.258725067244,lsst,150.4175580418721,0.7579605256970953,314011777182990477,170054976995328215,0,314011777182990477,-3664.7053,229.15367,0,0,0,11982.532,224.78296,True,2026022400824,3,0.0,1.289663e-05,1.2068857e-05,-5.9533893e-12,3077.7246,0.2334732,2780.4937,0.21644084,False,-3196.915,625.29626,False,False,True,15.8159275,,1658.1859,1681,-3944.5625,1.6187587,150.4175567842902,,0.757963473765871,,0.8777149,,-21.615671,,,0,False,,,,,,,,0,False,False,False,15675.29,45.783775,0.15895528,0.17845616,0.034740206,0.14213592,0.14346519,0.025282472,False,False,False,False,0.11113684,0.7025846,False,False,61096.26062451987,,20,False,False,False,False,False,False,False,False,False,False,False,False,False,False,False,False,False,False,False,False,False,i
3,61096.25919599859,lsst,150.4175357855418,0.7579549222988022,314011777182990477,170054977129021616,0,314011777182990477,-3509.6807,238.7478,0,0,0,11725.341,234.53737,True,2026022400825,2,0.0,1.4983844e-05,1.5045852e-05,6.8896603e-13,1566.771,0.26980174,1443.4052,0.27167553,False,-4960.4546,631.195,False,False,True,14.477466,,1764.3383,1681,-3451.6042,1.1995248,150.41753828194277,,0.7579637276066111,,0.57128096,,-149.40489,,,0,False,,,,,,,,0,False,False,False,15228.754,43.65761,0.16746765,0.1907058,-0.008230156,0.15743296,0.14632338,-0.0030835639,False,False,False,False,0.115102515,0.67746735,False,False,61096.26102855058,,20,False,False,False,False,False,False,False,False,False,False,False,False,False,False,False,False,False,False,False,False,False,i
3,61096.260131160816,lsst,150.41757243706016,0.7579707151441738,314011777182990477,170054977398505595,0,314011777182990477,-3656.1216,248.4561,0,0,0,11795.719,243.88187,True,2026022400827,4,0.0,1.0569101e-05,1.1450263e-05,2.427289e-12,1023.0394,0.19016236,839.56024,0.20676644,False,-3266.321,620.16016,False,False,True,14.361833,,1748.4498,1681,-3469.858,12.254932,150.4175786846307,,0.7579654973982857,,0.62004036,,-8.417302,,,0,False,,,,,,,,0,False,False,False,15456.7,20.791004,0.12238211,0.15218118,0.008590405,0.15657434,0.19226119,0.010265046,False,False,False,False,0.17984363,0.7121714,False,False,61096.26204318132,,20,False,False,False,False,False,False,False,False,False,False,False,False,False,False,False,False,False,False,False,False,False,i
3,61096.260600284804,lsst,150.41756855042564,0.7579285665151144,314011777182990477,170054977535344804,0,314011777182990477,-3072.1353,248.47523,0,0,0,12008.556,244.33577,True,2026022400828,9,0.0,1.9972791e-05,1.9447582e-05,-1.1980494e-12,1145.5194,0.3597291,2899.7954,0.35081044,False,-2831.2983,623.19025,False,False,True,12.148599,,1690.6177,1681,-2993.6372,2.4565763,150.41754910498182,,0.7579590462325781,,0.6059111,,-175.164,,,0,False,,,,,,,,0,False,False,False,15107.139,23.85967,0.18561794,0.21762897,-0.0005951984,0.16693945,0.17285451,0.0027063617,False,False,False,False,0.13802125,0.54193944,False,False,61096.26251725975,,19,False,False,False,False,False,False,False,False,False,False,False,False,False,False,False,False,False,False,False,False,False,i
3,61096.26231589459,lsst,150.4175469485628,0.7579708154422228,314011777182990477,170054977998815349,0,314011777182990477,-3137.25,251.98901,0,0,0,12411.781,247.10477,True,2026022400831,125,0.0,2.513072e-05,4.212481e-05,2.7793418e-10,3109.5317,0.7724929,174.5948,0.4290412,False,-3447.9692,614.1336,False,False,True,12.354605,,1672.6217,1681,-3528.88,4.5006714,150.4175459441,,0.7579811358715902,,1.1153269,,-1.9243449,,,0,False,,,,,,,,0,False,False,False,15546.626,44.440918,0.2853986,0.1821546,-0.029452747,0.22306807,0.17034712,-0.024286525,False,False,False,False,0.16044721,0.6443461,False,False,61096.26408993297,,20,False,False,False,False,False,False,False,False,False,False,False,False,False,False,False,False,False,False,False,False,False,i
3,61096.26278273766,lsst,150.41757973032372,0.7579364365672805,314011777182990477,170054978130935943,0,314011777182990477,-3564.3057,246.63184,0,0,0,11746.835,242.92932,True,2026022400832,121,0.0,1.2570267e-05,1.588894e-05,1.7342874e-11,3188.9587,0.2881668,1326.0658,0.22415796,False,-3149.8164,613.22406,False,False,True,14.539538,,1637.5527,1681,-3715.3813,1.3880787,150.41757495719207,,0.7579514145856945,,0.79061085,,-15.861822,,,0,False,,,,,,,,0,False,False,False,15323.392,24.205818,0.1814551,0.14581335,-0.022510365,0.20121339,0.1575016,-0.026048835,False,False,False,False,0.033938076,0.68079233,False,False,61096.26469293986,,19,False,False,False,False,False,False,False,False,False,False,False,False,False,False,False,False,False,False,False,False,False,i
4,61096.28110440819,lsst,150.41757774455212,0.7579536174348258,314011777182990477,170054982536003702,0,314011777182990477,-5067.727,516.5043,0,0,0,17717.566,512.7041,True,2026022400865,75,0.0,3.0412695e-05,1.9106612e-05,-1.1815681e-12,865.8752,0.34482077,2895.397,0.5477348,False,-6353.3623,1214.999,False,False,True,9.646016,,1674.8231,1681,-5394.731,30.45172,150.4175722270755,,0.7579477121866472,,1.1581529,,-87.54359,,,0,False,,,,,,,,0,False,False,False,22833.57,63.586945,0.1383841,0.2704151,-0.005414756,0.2205923,0.25850827,0.011854411,False,False,False,False,0.121340275,0.7865222,False,False,61096.283106571005,,21,False,False,False,False,False,False,False,False,False,False,False,False,False,False,False,False,False,False,False,False,False,z
4,61096.28157109341,lsst,150.4175555570103,0.7579315329679869,314011777182990477,170054982672318581,0,314011777182990477,-4974.447,510.01743,0,0,0,17625.25,509.73453,True,2026022400866,79,0.0,1.5098354e-05,2.3328314e-05,-1.7113274e-11,2301.021,0.42091432,3642.2644,0.27130473,False,-4651.343,1178.0413,False,False,True,9.447407,,1648.6144,1681,-5664.664,32.30003,150.41757267901951,,0.7579325312237347,,1.5262368,,11.912214,,,0,False,,,,,,,,0,False,False,False,22726.627,94.06997,0.3623101,0.14879023,0.06165358,0.25835702,0.2516413,0.004469222,False,False,False,False,2.9820618e-05,0.6947538,False,False,61096.283358507426,,21,False,False,False,False,False,False,False,False,False,False,False,False,False,False,False,False,False,False,False,False,False,z
4,61096.28204197519,lsst,150.41753975326952,0.7579900232261195,314011777182990477,170054982806012022,0,314011777182990477,-6066.8975,505.0144,0,0,0,16991.22,503.956,True,2026022400867,78,0.0,1.6427748e-05,2.1683323e-05,-2.1535933e-11,3415.006,0.3920421,1977.7585,0.2945931,False,-7758.0044,1192.4081,False,False,True,11.962153,,1672.1338,1681,-6398.07,1.1164722,150.41752909811547,,0.7579935029131869,,0.8679609,,67.94166,,,0,False,,,,,,,,0,False,False,False,23092.502,87.84114,0.23048383,0.28783467,0.017882429,0.2429192,0.21547866,0.0052026664,False,False,False,False,0.09349355,0.6214409,False,False,61096.28376901246,,24,False,False,False,False,False,False,False,False,False,False,False,False,False,False,False,False,False,False,False,False,False,z
4,61096.28298079457,lsst,150.41752651445887,0.7579604461779849,314011777182990477,170054983074447464,0,314011777182990477,-4960.483,486.8149,0,0,0,17625.004,483.47394,True,2026022400869,78,0.0,2.3072149e-05,2.586432e-05,-3.07518e-11,2486.5156,0.46889234,340.2616,0.41294292,False,-6137.636,1199.0182,False,False,True,10.325138,,1665.6272,1681,-5073.811,0.31368446,150.41752494380418,,0.7579705849329748,,0.5859535,,-70.184975,,,0,False,,,,,,,,0,False,False,False,22776.852,45.037502,0.21598996,0.22904582,-0.013364149,0.22478363,0.17380749,0.0045963097,False,False,False,False,0.06558638,0.6994238,False,False,61096.28488136313,,18,False,False,False,False,False,False,False,False,False,False,False,False,False,False,False,False,False,False,False,False,False,z
4,61096.2834483277,lsst,150.41756422464366,0.7579665790333185,314011777182990477,170054983205519457,0,314011777182990477,-5145.621,504.29507,0,0,0,17897.25,506.11804,True,2026022400870,72,0.0,2.8118273e-05,2.2644725e-05,7.835601e-11,802.9864,0.40038073,51.798286,0.51309025,False,-5481.414,1208.8964,False,False,True,10.217756,,1643.6171,1681,-5366.5845,0.6888674,150.4175623159217,,0.757975551052208,,0.94305646,,74.93405,,,0,False,,,,,,,,0,False,False,False,23255.83,49.921303,0.21304388,0.29407978,0.0003719721,0.23616554,0.19315563,0.0045686723,False,False,False,False,0.16209099,0.6826353,False,False,61096.28532668237,,19,False,False,False,False,False,False,False,False,False,False,False,False,False,False,False,False,False,False,False,False,False,z
4,61096.28391825146,lsst,150.41753890826575,0.7579517239380843,314011777182990477,170054983339737182,0,314011777182990477,-5586.552,505.80322,0,0,0,17205.209,505.3085,True,2026022400871,72,0.0,1.963745e-05,1.9161975e-05,6.1682053e-12,1561.8741,0.34487233,324.14767,0.35459217,False,-5541.755,1205.2974,False,False,True,10.9375515,,1635.8594,1681,-6202.076,8.037565,150.41753831713848,,0.7579583672703756,,1.3439658,,-61.260666,,,0,False,,,,,,,,0,False,False,False,22899.816,49.335266,0.28009814,0.2696786,-0.08906453,0.22604695,0.20298757,-0.004665696,False,False,False,False,0.34694895,0.6385748,False,False,61096.285832590744,,22,False,False,False,False,False,False,False,False,False,False,False,False,False,False,False,False,False,False,False,False,False,z
4,61096.28485862279,lsst,150.41758189278264,0.7579375812620149,314011777182990477,170054983587725470,0,314011777182990477,-4499.2183,515.1255,0,0,0,18706.299,516.97076,True,2026022400873,33,0.0,2.547601e-05,2.3179884e-05,6.0503325e-11,3870.5112,0.40764585,1618.0664,0.46818537,False,-3595.3838,1226.2001,False,False,True,8.526507,,1618.9547,1681,-4818.7773,23.987034,150.4175659532035,,0.7579500295053085,,1.3726705,,-66.35487,,,0,False,,,,,,,,0,False,False,False,23248.943,41.24915,0.19397198,0.1754552,-0.102342926,0.22745526,0.1987793,-0.0225914,False,False,False,False,0.090537995,0.62528384,False,False,61096.28675795834,,19,False,False,False,False,False,False,False,False,False,False,False,False,False,False,False,False,False,False,False,False,False,z
4,61096.285325701705,lsst,150.4174946974071,0.7579997628876406,314011777182990477,170054983742390386,0,314011777182990477,-5384.402,522.6285,0,0,0,16386.262,520.9454,True,2026022400874,72,0.0,2.5039319e-05,2.7818109e-05,-1.0220579e-10,1000.95605,0.51866305,2481.2834,0.43177786,False,-5620.498,1220.3425,False,False,True,10.077117,,1750.6565,1681,-5387.665,44.651054,150.4175309911855,,0.757975010460657,,0.8726462,,20.927763,,,0,False,,,,,,,,0,False,False,False,21776.248,39.8238,0.17150624,0.1787573,0.035277843,0.2660512,0.191225,-0.0066923774,False,False,False,False,0.26950687,0.6403353,False,False,61096.287374365034,,20,False,False,False,False,False,False,False,False,False,False,False,False,False,False,False,False,False,False,False,False,False,z
4,61096.28821227863,lsst,150.41753187250492,0.7579721782912532,314011777182990477,170054984012923021,0,314011777182990477,-5564.7188,466.73676,0,0,0,17467.533,465.85757,True,2026022400876,76,0.0,1.5583566e-05,1.8165741e-05,-5.5385186e-11,2332.9167,0.3405338,1206.2285,0.2645886,False,-7542.3623,1183.762,False,False,True,11.719145,,1714.3254,1681,-5991.4316,11.51062,150.41752758519564,,0.7579790641446942,,1.2584398,,-22.66587,,,0,False,,,,,,,,0,False,False,False,23061.764,88.62014,0.3100982,0.1535461,0.008823442,0.19590724,0.15836683,0.001885441,False,False,False,False,0.3447746,0.8560101,False,False,61096.28995127876,,21,False,False,False,False,False,False,False,False,False,False,False,False,False,False,False,False,False,False,False,False,False,z
4,61096.28867860387,lsst,150.41756007871626,0.7579449136511816,314011777182990477,170054984145567859,0,314011777182990477,-5144.7134,471.518,0,0,0,17596.06,466.47186,True,2026022400877,73,0.0,1.4064963e-05,1.4025146e-05,5.787857e-13,1015.61224,0.25272268,440.3863,0.25343582,False,-4749.152,1196.2833,False,False,True,10.571412,,1662.8727,1681,-5141.0273,11.965786,150.41756642421092,,0.7579433412946779,,0.9000999,,12.797331,,,0,False,,,,,,,,0,False,False,False,22823.383,75.916275,0.13816719,0.12864693,0.039200887,0.18522309,0.16436423,0.0056411144,False,False,False,False,0.21768916,0.7527399,False,False,61096.29043517409,,18,False,False,False,False,False,False,False,False,False,False,False,False,False,False,False,False,False,False,False,False,False,z
4,61096.28914829847,lsst,150.41754069780086,0.757964781301397,314011777182990477,170054984259862658,0,314011777182990477,-5601.3853,473.4353,0,0,0,17321.717,471.7073,True,2026022400878,35,0.0,1.6258906e-05,1.6330423e-05,-2.8929498e-12,1129.945,0.29530728,1527.419,0.29169536,False,-5495.97,1208.5175,False,False,True,11.69744,,1721.8497,1681,-5557.578,7.0636234,150.41754448732573,,0.7579645420211636,,0.8881521,,-68.29706,,,0,False,,,,,,,,0,False,False,False,23081.15,100.6957,0.18164022,0.15999514,-0.03537736,0.17731954,0.16523015,-0.0055060186,False,False,False,False,3.054827e-05,0.7447187,False,False,61096.29091949244,,19,False,False,False,False,False,False,False,False,False,False,False,False,False,False,False,False,False,False,False,False,False,z
4,61096.29008367848,lsst,150.41754914179668,0.7579907605023116,314011777182990477,170054984524628085,0,314011777182990477,-4437.9346,509.4339,0,0,0,18423.271,507.58853,True,2026022400880,28,0.0,3.6079116e-05,4.1033665e-05,-7.405804e-10,2508.1384,0.85676414,822.0613,0.4863428,False,-5073.9287,1221.2126,False,False,True,8.763287,,1735.4292,1681,-4773.0947,23.01586,150.41754738003738,,0.7579793387437639,,1.2620071,,-47.24071,,,0,False,,,,,,,,0,False,False,False,22943.959,43.97326,0.25379768,0.09429477,-0.027544877,0.19600902,0.21303196,0.012172564,False,False,False,False,0.10764035,0.5889184,False,False,61096.29195384313,,17,False,False,False,False,False,False,False,False,False,False,False,False,False,False,False,False,False,False,False,False,False,z
4,61096.29195251325,lsst,150.41754575905816,0.7579460150347515,314011777182990477,170054985061499127,0,314011777182990477,-4597.0947,516.40405,0,0,0,18129.777,516.3291,True,2026022400884,28,0.0,2.841239e-05,2.9575825e-05,2.0554237e-10,2775.089,0.4535143,3141.1177,0.5837417,False,-4405.2905,1203.8237,False,False,True,8.9417925,,1731.145,1681,-5243.531,2.4980588,150.41755643616025,,0.7579647602405164,,1.3294129,,-129.92497,,,0,False,,,,,,,,0,False,False,False,23281.209,68.57315,0.17403024,0.3397086,-0.029761016,0.21625039,0.22896643,0.008561385,False,False,False,False,0.12383052,0.69950366,False,False,61096.29379218597,,20,False,False,False,False,False,False,False,False,False,False,False,False,False,False,False,False,False,False,False,False,False,z
4,61096.3125073761,lsst,150.4175682010078,0.75793468391383,314011777182990477,170054985734684795,0,314011777182990477,-5460.76,533.0859,0,0,0,17535.562,535.8425,True,2026022400889,32,0.0,2.1291415e-05,2.080637e-05,6.7315674e-11,2844.8972,0.34881106,2357.9558,0.4072031,False,-4668.7007,1200.7216,False,False,True,10.300717,,1701.7432,1681,-5473.874,34.672157,150.41756072443795,,0.7579383980541652,,0.75182664,,-125.08255,,,0,False,,,,,,,,0,False,False,False,23050.818,45.61714,0.15914226,0.20903273,-0.005109861,0.2362116,0.23917834,-0.02181347,False,False,False,False,0.2611209,0.6252671,False,False,61096.31431279209,,21,False,False,False,False,False,False,False,False,False,False,False,False,False,False,False,False,False,False,False,False,False,z
4,61096.31297642052,lsst,150.41758105802404,0.7579348806326882,314011777182990477,170054985867329720,0,314011777182990477,-5423.3193,504.08435,0,0,0,17278.193,501.2679,True,2026022400890,29,0.0,1.7972197e-05,1.7904495e-05,1.813638e-11,911.6357,0.31399694,3794.939,0.3322063,False,-6475.704,1228.8206,False,False,True,10.587963,,1648.8796,1681,-5455.311,11.994659,150.41758255153368,,0.7579399862969964,,0.74153054,,35.423325,,,0,False,,,,,,,,0,False,False,False,22698.527,45.83721,0.1524245,0.19860688,0.009075128,0.19176081,0.22539286,-0.013760217,False,False,False,False,0.123035036,0.6738384,False,False,61096.31511264788,,18,False,False,False,False,False,False,False,False,False,False,False,False,False,False,False,False,False,False,False,False,False,z
4,61096.31391493109,lsst,150.4175419246706,0.7580167396015053,314011777182990477,170054986137337959,0,314011777182990477,-5449.422,494.0595,0,0,0,16400.2,493.6045,True,2026022400892,32,0.0,2.1751359e-05,2.2021979e-05,3.8027925e-11,1714.4432,0.37818632,406.45105,0.4098207,False,-4639.359,1209.4495,False,False,True,10.921348,,1744.119,1681,-5603.2314,23.610483,150.41754948133547,,0.7580096180833771,,0.8352987,,32.889404,,,0,False,,,,,,,,0,False,False,False,22034.271,45.324383,0.13348018,0.19622028,0.008083565,0.19829512,0.21390787,-0.008391798,False,False,False,False,0.1868052,0.6955458,False,False,61096.315757954006,,18,False,False,False,False,False,False,False,False,False,False,False,False,False,False,False,False,False,False,False,False,False,z
4,61096.31438308518,lsst,150.41756547742273,0.7579805762415558,314011777182990477,170054986269982830,0,314011777182990477,-5516.1895,517.7822,0,0,0,17605.668,517.17175,True,2026022400893,29,0.0,2.0964488e-05,1.9270257e-05,-1.1775192e-10,803.69604,0.41412333,1230.2858,0.303111,False,-5477.296,1237.5603,False,False,True,10.351175,,1772.3759,1681,-5692.31,50.51404,150.41756388985988,,0.7579545280344852,,1.1395973,,-67.945625,,,0,False,,,,,,,,0,False,False,False,23187.95,43.4614,0.22479248,0.11006659,-0.033103857,0.21409261,0.22763649,0.0031105378,False,False,False,False,0.27675754,0.6067044,False,False,61096.31626315895,,20,False,False,False,False,False,False,False,False,False,False,False,False,False,False,False,False,False,False,False,False,False,z
2,61096.32246304526,lsst,150.41757949996108,0.7578905076420127,314011777182990477,170054987905237097,0,314011777182990477,-1886.3131,234.36783,0,0,0,5076.46,235.0092,True,2026022400905,76,0.0,4.2197655e-05,3.859863e-05,6.598649e-11,524.35455,0.69246763,768.79926,0.76259476,False,-2446.6174,481.26846,False,False,True,8.078624,,1714.1569,1681,-2189.732,3.2588637,150.41758990467608,,0.7578977917037961,,1.6540718,,36.2586,,,0,False,,,,,,,,0,False,False,False,6917.1426,16.282547,0.4299304,0.46304166,0.13251731,0.2953157,0.31088546,-0.03210277,False,False,False,False,0.81700116,0.5074404,False,False,61096.32432645901,,21,False,False,False,False,False,False,False,False,False,False,False,False,False,False,False,False,False,False,False,False,False,r
3,61097.167512494896,lsst,150.41752110105713,0.7580307570065337,314011777182990477,170059277505397033,0,314011777182990477,-3030.9163,288.04254,0,0,0,10278.989,284.0498,True,2026022500097,79,0.0,3.2573982e-05,4.225633e-05,-1.6989084e-11,1861.6929,0.7620034,1552.9376,0.5864565,False,-4266.1714,690.0541,False,False,True,11.91986,,1756.3004,1681,-3840.4753,10.232843,150.41754745599948,,0.7580107666635996,,1.4441056,,6.200183,,,0,False,,,,,,,,0,False,False,False,13364.395,22.256039,0.36111823,0.15388085,0.028040938,0.31563044,0.16783589,-0.05900221,False,False,False,False,0.025433328,0.5392723,False,False,61097.169617280335,,20,False,False,False,False,False,False,False,False,False,False,False,False,False,False,False,False,False,False,False,False,False,i
3,61097.167981702696,lsst,150.4175681037666,0.7579865302086606,314011777182990477,170059277638041956,0,314011777182990477,-3165.617,270.00082,0,0,0,11689.711,266.88977,True,2026022500098,76,0.0,1.6789912e-05,1.364959e-05,7.494535e-12,1531.9185,0.24572803,2649.1895,0.30266827,False,-2700.7148,689.3784,False,False,True,13.618547,,1677.8818,1681,-3071.9927,13.888294,150.41755892324645,,0.7579845782747524,,0.52974385,,-30.108753,,,0,False,,,,,,,,0,False,False,False,14886.26,50.471836,0.10475971,0.0890198,-0.00982087,0.15341364,0.10406802,-0.0015330053,False,False,False,False,0.17916231,0.55265874,False,False,61097.17013401999,,19,False,False,False,False,False,False,False,False,False,False,False,False,False,False,False,False,False,False,False,False,False,i
3,61097.1684463041,lsst,150.41753180523278,0.7579961280006081,314011777182990477,170059277772259641,0,314011777182990477,-3191.1995,282.86853,0,0,0,11620.6875,280.17786,True,2026022500099,76,0.0,1.2438168e-05,1.7008602e-05,-1.7831833e-11,851.06635,0.30796194,3027.0837,0.22230235,False,-2743.6284,685.7275,False,False,True,12.09847,,1688.2489,1681,-3203.1003,17.33237,150.41753601587294,,0.7579986061672691,,0.8625739,,-1.0419189,,,0,False,,,,,,,,0,False,False,False,14857.369,30.601978,0.15542097,0.08443379,0.008035394,0.2913888,0.11949781,-0.011997946,False,False,False,False,0.59016186,0.6034258,False,False,61097.17068297808,,18,False,False,False,False,False,False,False,False,False,False,False,False,False,False,False,False,False,False,False,False,False,i
3,61097.16891244887,lsst,150.41756715618777,0.7580479394035586,314011777182990477,170059277906477328,0,314011777182990477,-2671.9624,285.8011,0,0,0,10450.919,284.14087,True,2026022500100,76,0.0,2.9920295e-05,5.839276e-05,-4.7872256e-10,236.89104,1.066658,3123.9067,0.5116544,False,-3568.6343,689.84454,False,False,True,10.802316,,1812.6729,1681,-4298.344,63.028072,150.41759037902398,,0.7580199692079271,,2.3139567,,5.257823,,,0,False,,,,,,,,0,False,False,False,13152.98,21.096613,0.6775113,0.13481586,0.16513738,0.27645165,0.14476447,-0.00764245,False,False,False,False,0.9894409,0.5336371,False,False,61097.17121860545,,22,False,False,False,False,False,False,False,False,False,False,False,False,False,False,False,False,False,False,False,False,False,i
3,61097.17030755105,lsst,150.4175672926547,0.7579667837387599,314011777182990477,170059278309130396,0,314011777182990477,-3356.3901,246.44179,0,0,0,12024.688,242.19247,True,2026022500103,76,0.0,1.4808296e-05,1.2484818e-05,2.5536786e-11,419.45724,0.21855442,1145.5483,0.27209902,False,-2658.956,688.2944,False,False,True,13.597191,,1725.4219,1681,-3638.6768,6.4243865,150.41756621608573,,0.7579658877969826,,0.8672252,,-95.46375,,,0,False,,,,,,,,0,False,False,False,15364.361,51.745262,0.1079399,0.17151763,-0.016876325,0.14579794,0.13712774,0.020031853,False,False,False,False,0.0005325428,0.6857829,False,False,61097.17224654481,,18,False,False,False,False,False,False,False,False,False,False,False,False,False,False,False,False,False,False,False,False,False,i
3,61097.17123920782,lsst,150.41754583534888,0.7579785601494311,314011777182990477,170059278575468721,0,314011777182990477,-2997.5872,242.41705,0,0,0,12342.576,240.43991,True,2026022500105,72,0.0,1.5268379e-05,1.3413028e-05,3.2292034e-11,3946.8584,0.2314766,2745.6028,0.283821,False,-2819.8362,689.0349,False,False,True,12.303445,,1690.3949,1681,-3332.0437,2.9808059,150.41754329802703,,0.757977573664042,,1.0310549,,24.247221,,,0,False,,,,,,,,0,False,False,False,15357.964,54.07186,0.15465991,0.17112418,0.05179623,0.12481879,0.14225252,0.020128159,False,False,False,False,0.14936446,0.6185009,False,False,61097.173216634576,,16,False,False,False,False,False,False,False,False,False,False,False,False,False,False,False,False,False,False,False,False,False,i
3,61097.17170536211,lsst,150.41755920829507,0.757959246377621,314011777182990477,170059278689239225,0,314011777182990477,-3284.9424,240.89612,0,0,0,12307.55,239.11464,True,2026022500106,33,0.0,1.4428281e-05,1.1766845e-05,5.2583823e-11,2582.8608,0.18945827,2460.523,0.27699238,False,-2962.1125,699.2254,False,False,True,13.680283,,1636.5027,1681,-3539.1477,8.515339,150.41755817719357,,0.7579671442558715,,0.7707039,,11.170263,,,0,False,,,,,,,,0,False,False,False,15605.693,65.144966,0.122134134,0.11125117,0.027676702,0.104368694,0.16355321,0.037448455,False,False,False,False,0.054306705,0.644109,False,False,61097.17355033652,,16,False,False,False,False,False,False,False,False,False,False,False,False,False,False,False,False,False,False,False,False,False,i
3,61097.172170977115,lsst,150.41752070312165,0.7579664587300362,314011777182990477,170059278822408454,0,314011777182990477,-3372.4124,233.23404,0,0,0,11453.404,229.57233,True,2026022500107,31,0.0,1.3339131e-05,1.1270274e-05,4.8870807e-11,661.323,0.17798637,3663.326,0.2595577,False,-4151.9243,688.4349,False,False,True,14.330807,,1741.4296,1681,-3735.67,0.70947737,150.41752475621416,,0.7579684009699901,,0.89116836,,29.007906,,,0,False,,,,,,,,0,False,False,False,14816.729,65.50908,0.15162224,0.18957546,0.032093402,0.10107274,0.15472722,0.021154333,False,False,False,False,0.30051526,0.7560514,False,False,61097.174158921414,,16,False,False,False,False,False,False,False,False,False,False,False,False,False,False,False,False,False,False,False,False,False,i
3,61097.1726387971,lsst,150.41754621711968,0.7579547064354382,314011777182990477,170059278957150423,0,314011777182990477,-3384.894,225.82834,0,0,0,12033.559,223.78357,True,2026022500108,32,0.0,1.3068926e-05,1.2127739e-05,3.01587e-11,748.04645,0.202754,2185.6172,0.2491632,False,-4328.0957,676.42413,False,False,True,14.95288,,1710.7463,1681,-3447.6384,1.36456,150.41754159937386,,0.7579547535732217,,0.5643624,,35.634975,,,0,False,,,,,,,,0,False,False,False,15450.168,48.000824,0.13003781,0.15158297,0.009023993,0.09185849,0.13951764,0.020586384,False,False,False,False,0.12774049,0.7775055,False,False,61097.17462438308,,16,False,False,False,False,False,False,False,False,False,False,False,False,False,False,False,False,False,False,False,False,False,i
3,61097.17310395361,lsst,150.41756564716798,0.7579649887288734,314011777182990477,170059279091368114,0,314011777182990477,-3122.4343,224.0659,0,0,0,12349.9375,221.3712,True,2026022500109,32,0.0,1.3109802e-05,1.1988958e-05,5.125229e-11,965.5174,0.18438908,1604.8079,0.26162282,False,-3658.0876,679.3116,False,False,True,13.632317,,1795.3379,1681,-3319.6162,3.0282938,150.41755958425918,,0.7579630379579202,,0.89481807,,34.07113,,,0,False,,,,,,,,0,False,False,False,15488.964,50.181847,0.10685361,0.16869049,0.023368916,0.087662846,0.12583008,0.017708626,False,False,False,False,0.20220657,0.68732476,False,False,61097.17501806814,,16,False,False,False,False,False,False,False,False,False,False,False,False,False,False,False,False,False,False,False,False,False,i
3,61097.17356939842,lsst,150.41757511637826,0.7579911693331124,314011777182990477,170059279225585798,0,314011777182990477,-2535.193,233.14154,0,0,0,12550.888,229.98203,True,2026022500110,32,0.0,2.5346671e-05,2.612355e-05,-1.2970611e-10,306.556,0.5078495,224.34131,0.41522127,False,-3295.6929,679.8118,False,False,True,11.110262,,1810.1945,1681,-2670.6853,7.1799417,150.41757597629484,,0.7579745771224438,,0.67281437,,-37.66073,,,0,False,,,,,,,,0,False,False,False,15094.202,48.40026,0.19701244,0.15695472,0.0019628853,0.10266712,0.13689248,0.021357678,False,False,False,False,0.49569377,0.6263031,False,False,61097.175409965246,,17,False,False,False,False,False,False,False,False,False,False,False,False,False,False,False,False,False,False,False,False,False,i
3,61097.174216006606,lsst,150.4175466504803,0.7579629663526604,314011777182990477,170059279408038053,0,314011777182990477,-3216.767,246.12184,0,0,0,12438.08,244.48569,True,2026022500111,124,0.0,1.3523618e-05,1.8003682e-05,7.589036e-11,3344.4373,0.34076867,540.83954,0.22056955,False,-3461.6587,684.64716,False,False,True,13.026065,,1659.7632,1681,-3429.6377,2.0079424,150.4175474601589,,0.757972083816001,,0.76667833,,30.595974,,,0,False,,,,,,,,0,False,False,False,15682.744,55.213505,0.18359335,0.13137782,0.0066335695,0.18231851,0.10679505,0.01339798,False,False,False,False,0.028571805,0.6607495,False,False,61097.17617223987,,18,False,False,False,False,False,False,False,False,False,False,False,False,False,False,False,False,False,False,False,False,False,i
3,61097.17514775078,lsst,150.4175553358849,0.7579739527318302,314011777182990477,170059279673327794,0,314011777182990477,-3514.6028,239.9498,0,0,0,11981.7,236.23611,True,2026022500113,118,0.0,2.3018436e-05,2.4264324e-05,2.1091138e-11,3640.672,0.43989423,3738.2756,0.41189298,False,-3177.545,671.77423,False,False,True,14.590245,,1705.1449,1681,-3590.7974,1.4670496,150.417560690752,,0.7579645447410402,,0.664735,,-8.900916,,,0,False,,,,,,,,0,False,False,False,15525.493,59.58861,0.16830862,0.14423418,-0.015697224,0.15815961,0.10695334,0.02296811,False,False,False,False,0.100823715,0.63635653,False,False,61097.17699229061,,16,False,False,False,False,False,False,False,False,False,False,False,False,False,False,False,False,False,False,False,False,False,i
3,61097.175611128274,lsst,150.4175587618097,0.7579723317026504,314011777182990477,170059279809118362,0,314011777182990477,-3391.6675,237.98724,0,0,0,12245.735,235.1282,True,2026022500114,121,0.0,1.1292852e-05,1.3354028e-05,1.414991e-11,3140.8372,0.24321385,111.68849,0.20044495,False,-3747.8257,676.2542,False,False,True,14.337887,,1671.7178,1681,-3458.6125,1.5272907,150.4175579334337,,0.7579719538803658,,0.714743,,38.141438,,,0,False,,,,,,,,0,False,False,False,15654.916,51.210922,0.14779624,0.115991406,0.017298622,0.14310138,0.1144888,0.020569235,False,False,False,False,0.00186615,0.6950098,False,False,61097.17742620089,,17,False,False,False,False,False,False,False,False,False,False,False,False,False,False,False,False,False,False,False,False,False,i
3,61097.17607463674,lsst,150.41757856654453,0.757934204666902,314011777182990477,170059279943336080,0,314011777182990477,-3074.7058,239.13052,0,0,0,11712.713,236.14954,True,2026022500115,121,0.0,1.4177312e-05,1.16822575e-05,-1.33444054e-11,2597.0942,0.20857587,426.03867,0.25703892,False,-3492.4087,672.2956,False,False,True,12.809706,,1783.44,1681,-3163.7095,1.5633334,150.4175703202521,,0.7579410276165643,,0.8089497,,-66.24292,,,0,False,,,,,,,,0,False,False,False,14780.214,50.164318,0.14126666,0.1959251,-0.012629316,0.13328406,0.12321417,0.021157088,False,False,False,False,0.2724438,0.6579818,False,False,61097.17787929955,,17,False,False,False,False,False,False,False,False,False,False,False,False,False,False,False,False,False,False,False,False,False,i
3,61097.17654146222,lsst,150.41756749966723,0.7579295720152632,314011777182990477,170059280075980993,0,314011777182990477,-3153.7876,236.46512,0,0,0,11723.537,233.73834,True,2026022500116,118,0.0,1.1822228e-05,1.0558686e-05,-4.1093986e-12,2923.2222,0.18985792,3865.083,0.21337774,False,-3655.2522,674.4753,False,False,True,12.959274,,1733.3839,1681,-3320.6318,10.6301155,150.41756360024516,,0.7579244629673828,,1.0580497,,59.227238,,,0,False,,,,,,,,0,False,False,False,14941.573,53.83895,0.11373756,0.13759775,0.057691388,0.123315066,0.13565336,0.031284586,False,False,False,False,0.002814581,0.68743676,False,False,61097.17837542741,,17,False,False,False,False,False,False,False,False,False,False,False,False,False,False,False,False,False,False,False,False,False,i
3,61097.17700845662,lsst,150.41755459887483,0.7579630008681325,314011777182990477,170059280209674468,0,314011777182990477,-3190.204,230.81578,0,0,0,12280.302,229.77286,True,2026022500117,117,0.0,1.2710669e-05,1.1620303e-05,-2.3081996e-12,3175.693,0.20950021,2616.8132,0.2291086,False,-3594.6614,685.3075,False,False,True,13.595397,,1608.387,1681,-3184.9224,1.6594114,150.41755186044801,,0.7579665533216445,,0.63496006,,46.90048,,,0,False,,,,,,,,0,False,False,False,15515.724,55.60401,0.14235705,0.13804486,0.017942134,0.10160435,0.120714195,0.018631719,False,False,False,False,0.17326981,0.70660126,False,False,61097.17891557685,,15,False,False,False,False,False,False,False,False,False,False,False,False,False,False,False,False,False,False,False,False,False,i
3,61097.17747138611,lsst,150.417566730198,0.7579502250985195,314011777182990477,170059280344416433,0,314011777182990477,-3416.2444,227.57274,0,0,0,11777.397,225.46466,True,2026022500118,118,0.0,1.5086146e-05,1.0863929e-05,-4.3672015e-12,2036.675,0.19573632,2744.2283,0.27181637,False,-3428.2625,670.2125,False,False,True,14.689737,,1579.7842,1681,-3620.7886,3.256599,150.41756555674093,,0.7579575897283115,,0.9572514,,74.03607,,,0,False,,,,,,,,0,False,False,False,15227.959,60.350815,0.14049727,0.2105569,0.026065907,0.098156944,0.12516941,0.014696301,False,False,False,False,0.59957695,0.70203173,False,False,61097.179421550856,,17,False,False,False,False,False,False,False,False,False,False,False,False,False,False,False,False,False,False,False,False,False,i
3,61097.17793853168,lsst,150.41755663174587,0.757945340917788,314011777182990477,170059280457662643,0,314011777182990477,-3155.3547,232.42276,0,0,0,11834.801,229.61717,True,2026022500119,78,0.0,1.3723857e-05,1.0978405e-05,8.6393663e-13,2963.3264,0.198054,3835.7798,0.2472037,False,-3957.8152,684.83185,False,False,True,13.430823,,1715.7732,1681,-3433.4324,1.6182072,150.41755207578453,,0.7579515840139819,,0.8502959,,62.1241,,,0,False,,,,,,,,0,False,False,False,15008.928,47.02137,0.14952473,0.18851866,0.027374722,0.10218882,0.118413724,0.021646451,False,False,False,False,0.54334736,0.7333601,False,False,61097.179734064135,,16,False,False,False,False,False,False,False,False,False,False,False,False,False,False,False,False,False,False,False,False,False,i
3,61097.17840432565,lsst,150.41755776259922,0.7579543232478263,314011777182990477,170059280612851832,0,314011777182990477,-2896.708,254.13382,0,0,0,12785.877,250.56947,True,2026022500120,118,0.0,1.6451766e-05,1.4446341e-05,4.1446976e-12,415.20825,0.26036638,573.8001,0.29645386,False,-2169.7542,677.8745,False,False,True,11.322552,,1632.1592,1681,-2925.2847,2.538228,150.4175548341342,,0.7579677886347505,,0.8355453,,-37.055622,,,0,False,,,,,,,,0,False,False,False,15724.467,20.532118,0.17084713,0.14517829,-0.029936722,0.13657719,0.14884125,0.018890955,False,False,False,False,0.04029592,0.5759096,False,False,61097.18025245288,,16,False,False,False,False,False,False,False,False,False,False,False,False,False,False,False,False,False,False,False,False,False,i
3,61097.17887073534,lsst,150.41753330363062,0.757954126625461,314011777182990477,170059280726098053,0,314011777182990477,-3750.5767,251.65065,0,0,0,11664.949,248.37997,True,2026022500121,78,0.0,1.2735353e-05,8.478881e-06,1.0694416e-11,1687.0707,0.1516692,1117.3016,0.23028561,False,-3872.251,691.0577,False,False,True,14.824385,,1616.8245,1681,-3747.5767,6.2726097,150.41753596110297,,0.7579507799953342,,0.82637185,,76.958405,,,0,False,,,,,,,,0,False,False,False,15421.486,35.96444,0.075396344,0.14073363,0.0074353972,0.1214908,0.1515939,0.024653323,False,False,False,False,0.13840017,0.63726515,False,False,61097.18076386993,,16,False,False,False,False,False,False,False,False,False,False,False,False,False,False,False,False,False,False,False,False,False,i
3,61097.17933857412,lsst,150.41755716462757,0.7579758710352067,314011777182990477,170059280858742959,0,314011777182990477,-3420.84,247.11958,0,0,0,12258.207,244.39845,True,2026022500122,75,0.0,1.3697311e-05,1.0718909e-05,1.2660847e-11,2699.1016,0.19157848,1683.1544,0.24810539,False,-3472.455,686.46564,False,False,True,13.883647,,1773.0979,1681,-3464.7976,3.489978,150.41755908282613,,0.7579751861987146,,0.7053017,,43.36343,,,0,False,,,,,,,,0,False,False,False,15727.568,41.80701,0.11446079,0.12703083,0.022154113,0.10879444,0.15646137,0.032475863,False,False,False,False,0.026337909,0.67160314,False,False,61097.18107535427,,15,False,False,False,False,False,False,False,False,False,False,False,False,False,False,False,False,False,False,False,False,False,i
3,61097.17980634053,lsst,150.41755507964845,0.7579756531953138,314011777182990477,170059280991912089,0,314011777182990477,-3487.1975,238.0529,0,0,0,12058.11,235.48592,True,2026022500123,73,0.0,1.1554145e-05,1.3886123e-05,-1.40591115e-11,1955.171,0.2524121,2945.7434,0.20557852,False,-3547.3176,671.36633,False,False,True,14.589834,,1628.3763,1681,-3596.1008,1.3843905,150.41754884901044,,0.7579772778515635,,0.8367333,,-7.2156644,,,0,False,,,,,,,,0,False,False,False,15585.268,38.037697,0.19434552,0.13035932,0.006125306,0.11871469,0.1265222,0.019254109,False,False,False,False,0.27570516,0.75787354,False,False,61097.181641815114,,17,False,False,False,False,False,False,False,False,False,False,False,False,False,False,False,False,False,False,False,False,False,i
3,61097.18027161611,lsst,150.41755062530228,0.7579546129937115,314011777182990477,170059281126129820,0,314011777182990477,-3178.656,238.18015,0,0,0,12318.965,235.2866,True,2026022500124,73,0.0,1.241654e-05,1.1737757e-05,4.910989e-12,1939.6011,0.21058302,2332.2063,0.2245728,False,-3756.5247,668.85785,False,False,True,13.068929,,1671.478,1681,-3196.126,3.4591873,150.41755076848654,,0.7579567026000522,,0.83379203,,17.049702,,,0,False,,,,,,,,0,False,False,False,15563.378,35.08114,0.12881732,0.10051056,0.030777749,0.107553534,0.13836324,0.012751962,False,False,False,False,0.0139191635,0.60079,False,False,61097.18215538846,,15,False,True,False,False,False,False,False,True,False,False,False,False,False,False,False,False,False,False,False,False,False,i
3,61097.18073940062,lsst,150.41755370444824,0.7579294434537573,314011777182990477,170059281260347539,0,314011777182990477,-3110.5942,238.82425,0,0,0,11900.488,235.27827,True,2026022500125,73,0.0,1.5145582e-05,1.1640278e-05,3.5597317e-11,814.9293,0.20043682,1295.5151,0.27979398,False,-2951.1477,673.0071,False,False,True,12.838825,,1699.1918,1681,-3158.0715,3.0394552,150.4175516268453,,0.757927100146782,,0.8326284,,62.021614,,,0,False,,,,,,,,0,False,False,False,15052.656,40.00693,0.09853918,0.16129397,0.01065161,0.1116477,0.13915141,0.020153033,False,False,False,False,0.0040693157,0.5957929,False,False,61097.18267398285,,16,False,False,False,False,False,False,False,False,False,False,False,False,False,False,False,False,False,False,False,False,False,i
3,61097.18120792003,lsst,150.41754814770343,0.757949353783701,314011777182990477,170059281395613858,0,314011777182990477,-3524.9785,270.04272,0,0,0,12082.717,267.03467,True,2026022500126,75,0.0,1.5997135e-05,1.302915e-05,1.216585e-11,3039.5884,0.23388377,2701.0366,0.28906578,False,-3335.6438,686.2994,False,False,True,13.049797,,1660.4624,1681,-3555.9072,2.4991422,150.41754494009487,,0.7579496309042798,,0.68931717,,80.85581,,,0,False,,,,,,,,0,False,False,False,15616.004,17.966396,0.13015437,0.17299376,0.0009472512,0.15420766,0.18190749,0.030132726,False,False,False,False,0.03972317,0.5394734,False,False,61097.183186757524,,19,False,False,False,False,False,False,False,False,False,False,False,False,False,False,False,False,False,False,False,False,False,i
3,61097.181673249295,lsst,150.41756210316402,0.7579786196835441,314011777182990477,170059281530355870,0,314011777182990477,-3280.4656,262.97992,0,0,0,12519.335,259.45773,True,2026022500127,76,0.0,1.3238107e-05,1.1865643e-05,6.8959387e-12,1609.1141,0.21293056,1509.9265,0.23927855,False,-1531.772,669.08215,False,False,True,12.478608,,1713.0121,1681,-3217.4998,8.15924,150.41756354037167,,0.7579748384381986,,0.7598893,,29.420628,,,0,False,,,,,,,,0,False,False,False,15856.136,20.147728,0.112325534,0.10330503,0.027242742,0.13836123,0.18246303,0.019049546,False,False,False,False,0.35081458,0.62073153,False,False,61097.18364793171,,17,False,False,False,False,False,False,False,False,False,False,False,False,False,False,False,False,False,False,False,False,False,i
3,61097.18213917282,lsst,150.41755694018397,0.7579565253882857,314011777182990477,170059281663000725,0,314011777182990477,-3355.5686,260.76047,0,0,0,12328.021,258.83316,True,2026022500128,73,0.0,1.5135077e-05,1.4406332e-05,5.59037e-12,1807.1661,0.25889394,2598.0913,0.27336088,False,-2511.792,666.57965,False,False,True,12.984315,,1557.1238,1681,-3287.2185,4.8293467,150.41755381142073,,0.7579587273167777,,0.61347806,,47.468353,,,0,False,,,,,,,,0,False,False,False,15689.063,25.292435,0.14169677,0.15973781,0.014060883,0.14299864,0.17785572,0.029379202,False,False,False,False,0.01461555,0.58462965,False,False,61097.18411919815,,19,False,False,False,False,False,False,False,False,False,False,False,False,False,False,False,False,False,False,False,False,False,i
3,61097.182606956856,lsst,150.41755211701084,0.7579764606158739,314011777182990477,170059281797218470,0,314011777182990477,-3784.921,248.46674,0,0,0,11950.318,244.54846,True,2026022500129,73,0.0,1.3758466e-05,1.0976503e-05,2.2972695e-11,1073.1334,0.19212921,2862.3647,0.25228044,False,-4339.1406,668.4032,False,False,True,15.0489025,,1750.0168,1681,-4104.5327,1.5652993,150.41754813891401,,0.7579735763954691,,1.1668402,,20.995584,,,0,False,,,,,,,,0,False,False,False,15738.644,34.499355,0.20656636,0.17286661,0.066244364,0.119888276,0.16124979,0.016650833,False,False,False,False,0.3498553,0.69734067,False,False,61097.1846231769,,19,False,False,False,False,False,False,False,False,False,False,False,False,False,False,False,False,False,False,False,False,False,i
3,61097.183071945736,lsst,150.41754285829617,0.7579771370594183,314011777182990477,170059281931436184,0,314011777182990477,-3214.6475,258.10196,0,0,0,12399.044,256.5451,True,2026022500130,73,0.0,1.5961501e-05,1.4177439e-05,2.2293856e-11,444.67853,0.25052127,2855.3027,0.29194918,False,-3529.2605,667.9103,False,False,True,12.314926,,1767.6869,1681,-3170.8992,0.33067948,150.41754267246407,,0.7579758022153466,,0.78009963,,50.282303,,,0,False,,,,,,,,0,False,False,False,15661.9795,22.870914,0.15119165,0.1938774,0.017720366,0.13530606,0.16960691,0.017443731,False,False,False,False,0.06411799,0.65493023,False,False,61097.184902974725,,18,False,False,False,False,False,False,False,False,False,False,False,False,False,False,False,False,False,False,False,False,False,i
3,61097.183538375786,lsst,150.4175360088105,0.7579723091903484,314011777182990477,170059282065653916,0,314011777182990477,-3359.7078,236.4784,0,0,0,12037.938,233.24103,True,2026022500131,73,0.0,2.2325683e-05,1.5406207e-05,1.3403262e-10,1127.399,0.24246474,2351.8276,0.42425516,False,-4014.3428,665.7255,False,False,True,14.0005865,,1667.3772,1681,-3585.03,2.1582305,150.41754970519645,,0.75797483852357,,1.0457047,,62.9328,,,0,False,,,,,,,,0,False,False,False,15418.966,44.730747,0.08450716,0.19505061,0.00812997,0.10360411,0.13715063,0.01675344,False,False,False,False,0.07536292,0.7274644,False,False,61097.18553727513,,17,False,False,False,False,False,False,False,False,False,False,False,False,False,False,False,False,False,False,False,False,False,i
3,61097.18400517611,lsst,150.4175552805242,0.7579651451628172,314011777182990477,170059282178900165,0,314011777182990477,-3599.885,241.62704,0,0,0,12076.048,239.18556,True,2026022500132,33,0.0,1.0828033e-05,9.861454e-06,1.2451056e-11,2603.9336,0.17239806,3475.6453,0.19995703,False,-2304.1,676.25946,False,False,True,14.769017,,1652.354,1681,-3470.3948,6.533854,150.4175571065095,,0.757965646679818,,0.41285947,,21.42135,,,0,False,,,,,,,,0,False,False,False,15672.466,34.79763,0.11055769,0.11167066,0.007361201,0.10799761,0.14095603,0.013978626,False,False,False,False,0.035338942,0.6851068,False,False,61097.18589159576,,17,False,False,False,False,False,False,False,False,False,False,False,False,False,False,False,False,False,False,False,False,False,i
3,61097.184471435634,lsst,150.41758398705173,0.7579471643184307,314011777182990477,170059282334089356,0,314011777182990477,-3106.95,227.6524,0,0,0,11883.97,224.2841,True,2026022500133,73,0.0,1.2490329e-05,1.0801443e-05,3.1083813e-11,943.72485,0.1799352,938.25024,0.2369655,False,-3329.9563,667.6915,False,False,True,13.067216,,1645.5652,1681,-3041.4326,18.029875,150.417585282761,,0.7579435178403858,,0.8132289,,38.09874,,,0,False,,,,,,,,0,False,False,False,14985.265,37.622894,0.07623687,0.12168516,0.02360311,0.09563952,0.119437486,0.0016355637,False,False,False,False,0.016998993,0.6947872,False,False,61097.18627516198,,17,False,False,False,False,False,False,False,False,False,False,False,False,False,False,False,False,False,False,False,False,False,i
3,61097.184939978135,lsst,150.4175727380354,0.757969287203758,314011777182990477,170059282447335572,0,314011777182990477,-3198.4797,232.51636,0,0,0,12012.374,227.53242,True,2026022500134,33,0.0,2.0918538e-05,1.7186727e-05,1.4217717e-10,3985.238,0.25987512,776.3754,0.4129407,False,-2893.6758,677.7622,False,False,True,13.812704,,1586.346,1681,-3600.221,1.0640824,150.41756935146506,,0.7579638035909221,,1.0931073,,-120.826454,,,0,False,,,,,,,,0,False,False,False,15213.086,42.186966,0.09430956,0.21593969,-0.0019812821,0.09751215,0.11260242,0.0069213803,False,False,False,False,0.45026675,0.7289341,False,False,61097.18684355239,,16,False,False,False,False,False,False,False,False,False,False,False,False,False,False,False,False,False,False,False,False,False,i
3,61097.18540514552,lsst,150.41755685122038,0.7579606938845432,314011777182990477,170059282582077634,0,314011777182990477,-3422.3738,239.07487,0,0,0,12218.486,236.57838,True,2026022500135,34,0.0,1.2209597e-05,1.1899153e-05,9.835982e-12,663.96936,0.20940071,2474.723,0.22485599,False,-3551.873,667.1915,False,False,True,14.271952,,1639.0809,1681,-3357.4521,1.4483443,150.4175561438164,,0.7579613875023612,,0.7760384,,18.663366,,,0,False,,,,,,,,0,False,False,False,15705.214,32.45362,0.1271803,0.1437475,0.02687001,0.11054649,0.123482436,-0.0010477526,False,False,False,False,0.07031503,0.74931264,False,False,61097.187240795705,,16,False,False,False,False,False,False,False,False,False,False,False,False,False,False,False,False,False,False,False,False,False,i
3,61097.185871787304,lsst,150.417549181933,0.7579953107516448,314011777182990477,170059282714722451,0,314011777182990477,-3491.8696,247.61172,0,0,0,11781.543,245.82559,True,2026022500136,31,0.0,1.4382328e-05,1.3621929e-05,4.045936e-11,76.95183,0.22413184,2015.0928,0.27800503,False,-3936.226,663.1022,False,False,True,14.018269,,1728.8821,1681,-3504.4854,1.315587,150.41754007198324,,0.7579922080146823,,0.8923889,,41.677082,,,0,False,,,,,,,,0,False,False,False,15312.462,30.90452,0.13776936,0.20744461,0.013454487,0.12706754,0.13373347,0.008085024,False,False,False,False,0.29009983,0.7003124,False,False,61097.18778218351,,17,False,False,False,False,False,False,False,False,False,False,False,False,False,False,False,False,False,False,False,False,False,i
3,61097.18633800522,lsst,150.4175735496932,0.7579633716798865,314011777182990477,170059282847367359,0,314011777182990477,-3565.5063,248.70575,0,0,0,11915.169,247.59961,True,2026022500137,28,0.0,1.2722337e-05,1.2663008e-05,3.5083288e-12,2841.2017,0.22632977,3634.3733,0.2312483,False,-3451.9062,673.292,False,False,True,14.206865,,1645.1455,1681,-3480.2473,2.8632042,150.41757010075202,,0.757967132641523,,0.61903214,,-1.0453416,,,0,False,,,,,,,,0,False,False,False,15576.11,31.299282,0.17714114,0.17119572,0.016616711,0.12009404,0.1339548,0.00072314055,False,False,False,False,0.35513404,0.75952053,False,False,61097.18826513812,,18,False,False,False,False,False,False,False,False,False,False,False,False,False,False,False,False,False,False,False,False,False,i
3,61097.18680598475,lsst,150.41754072944912,0.7579678986624258,314011777182990477,170059282982109403,0,314011777182990477,-3444.6843,265.31757,0,0,0,12208.085,261.8715,True,2026022500138,29,0.0,1.5251007e-05,1.5268788e-05,-1.5535675e-11,3113.015,0.28401834,2894.6055,0.26559564,False,-3421.6794,664.8246,False,False,True,12.907462,,1730.4845,1681,-3355.2124,0.57877517,150.41753898123892,,0.7579673417306633,,0.7960581,,-25.599432,,,0,False,,,,,,,,0,False,False,False,15703.555,21.475525,0.20193294,0.1556025,0.01727998,0.14108635,0.16888553,0.0074793934,False,False,False,False,0.08736243,0.6384248,False,False,61097.188873133986,,19,False,False,False,False,False,False,False,False,False,False,False,False,False,False,False,False,False,False,False,False,False,i
3,61097.18727415457,lsst,150.41754973985226,0.7579736343214193,314011777182990477,170059283116327099,0,314011777182990477,-3480.8901,246.4962,0,0,0,12173.648,243.02016,True,2026022500139,29,0.0,1.5091881e-05,1.4929165e-05,-3.1728353e-11,3422.2498,0.28896582,2363.9832,0.25062,False,-3274.4465,661.6604,False,False,True,14.250796,,1754.6205,1681,-3470.2356,1.1034812,150.41754912523027,,0.7579710221975291,,0.7353489,,-58.454025,,,0,False,,,,,,,,0,False,False,False,15658.296,31.83318,0.20084487,0.15603554,-0.009496163,0.115679264,0.14668792,0.0007207555,False,False,False,False,0.34718084,0.7051899,False,False,61097.18913890592,,17,False,False,False,False,False,False,False,False,False,False,False,False,False,False,False,False,False,False,False,False,False,i
3,61097.18774097097,lsst,150.4175541814027,0.757964214811124,314011777182990477,170059283250544775,0,314011777182990477,-3371.0017,237.5564,0,0,0,12206.54,234.50563,True,2026022500140,29,0.0,1.2020762e-05,1.2433534e-05,3.0317252e-11,3003.3804,0.19644375,890.9877,0.24195156,False,-2800.0957,660.79785,False,False,True,14.034822,,1750.3516,1681,-3305.6716,0.59349674,150.41755366060838,,0.7579649725796587,,0.7283063,,35.150257,,,0,False,,,,,,,,0,False,False,False,15644.547,40.588085,0.124719866,0.17240818,0.0041713454,0.105579294,0.13444293,0.0065467986,False,False,False,False,0.15652981,0.74938005,False,False,61097.18950109268,,17,False,False,False,False,False,False,False,False,False,False,False,False,False,False,False,False,False,False,False,False,False,i
3,61097.188914648075,lsst,150.41757398532476,0.7579891348076809,314011777182990477,170059283569311885,0,314011777182990477,-3493.0515,261.8442,0,0,0,12116.422,258.8804,True,2026022500142,125,0.0,1.4361333e-05,1.6310541e-05,5.0801235e-11,3232.6262,0.3095382,1459.0963,0.2398123,False,-2489.764,661.5798,False,False,True,13.43905,,1730.6923,1681,-3492.661,5.406475,150.4175734319498,,0.7579943756340364,,0.75621766,,17.389868,,,0,False,,,,,,,,0,False,False,False,15635.592,18.191025,0.19480695,0.14759564,-0.010759027,0.1853831,0.14439419,0.019817106,False,False,False,False,0.0060352893,0.6659932,False,False,61097.19083305241,,19,False,False,False,False,False,False,False,False,False,False,False,False,False,False,False,False,False,False,False,False,False,i
3,61097.191708039296,lsst,150.4175473516378,0.7580420020408505,314011777182990477,170059284372521114,0,314011777182990477,-3331.952,247.82425,0,0,0,10687.662,245.45943,True,2026022500148,121,0.0,1.9108287e-05,3.0413457e-05,1.2012961e-10,3838.4556,0.55553454,2444.2056,0.33237416,False,-4254.6685,652.95386,False,False,True,13.642763,,1754.1921,1681,-3889.0247,7.423621,150.4175488505218,,0.7580169311405028,,1.2746466,,10.007963,,,0,False,,,,,,,,0,False,False,False,14056.655,25.900194,0.3324736,0.17280984,-0.00436089,0.17924146,0.12967938,0.01744825,False,False,False,False,0.7906514,0.62566274,False,False,61097.19379872145,,22,False,False,False,False,False,False,False,False,False,False,False,False,False,False,False,False,False,False,False,False,False,i
3,61097.19311101782,lsst,150.41754402171682,0.7579167633727724,314011777182990477,170059284773077152,0,314011777182990477,-3050.323,258.7827,0,0,0,11768.325,255.56424,True,2026022500151,117,0.0,1.4245553e-05,1.554625e-05,1.8492389e-12,2617.5813,0.28056484,1592.6462,0.25655138,False,-3061.777,663.5283,False,False,True,11.509419,,1597.7341,1681,-2934.0654,5.1111794,150.41754387636198,,0.7579146148080391,,0.63148695,,-67.870415,,,0,False,,,,,,,,0,False,False,False,14863.257,19.639055,0.12918583,0.15669136,-0.011354889,0.17862412,0.13360214,0.011712454,False,False,False,False,0.027498191,0.5596223,False,False,61097.194913139436,,18,False,False,False,False,False,False,False,False,False,False,False,False,False,False,False,False,False,False,False,False,False,i
3,61097.19357875838,lsst,150.41753910283506,0.7579763160664137,314011777182990477,170059284886847668,0,314011777182990477,-3715.4436,263.7917,0,0,0,11919.212,259.7054,True,2026022500152,78,0.0,1.4161761e-05,1.360473e-05,2.323347e-13,3029.853,0.2454359,2064.4956,0.25507075,False,-3767.7874,659.4426,False,False,True,13.891688,,1725.0344,1681,-3654.6008,1.500015,150.41753907868934,,0.7579804783569943,,0.78013855,,35.22787,,,0,False,,,,,,,,0,False,False,False,15696.004,18.470644,0.19546464,0.17785682,0.026107678,0.16763276,0.15224871,0.02301243,False,False,False,False,0.1058826,0.6431901,False,False,61097.19562785795,,21,False,False,False,False,False,False,False,False,False,False,False,False,False,False,False,False,False,False,False,False,False,i
3,61097.19404432306,lsst,150.4175545503952,0.757989175433191,314011777182990477,170059285020016826,0,314011777182990477,-3636.7236,246.67351,0,0,0,11900.664,242.60289,True,2026022500153,76,0.0,1.2387346e-05,1.2122067e-05,4.0955705e-13,1760.3035,0.218534,2810.5918,0.22306727,False,-3173.2366,650.9056,False,False,True,14.473309,,1635.5396,1681,-3731.8496,1.8339177,150.41755314579072,,0.7579881829800491,,0.8994547,,51.882168,,,0,False,,,,,,,,0,False,False,False,15605.852,25.100622,0.1421065,0.16937904,0.03602978,0.14872435,0.14421754,0.027291192,False,False,False,False,0.014594443,0.719628,False,False,61097.19596820374,,18,False,False,False,False,False,False,False,False,False,False,False,False,False,False,False,False,False,False,False,False,False,i
3,61097.19450953223,lsst,150.41754936172936,0.7579818849855628,314011777182990477,170059285154234544,0,314011777182990477,-2806.5535,234.52942,0,0,0,12702.608,232.75041,True,2026022500154,76,0.0,1.2591513e-05,1.6966227e-05,-1.4961643e-11,1649.842,0.30681798,2205.6428,0.22551095,False,-3231.0022,649.8419,False,False,True,11.874508,,1741.6624,1681,-2929.709,5.055287,150.41755347911868,,0.7579707703216747,,0.99082786,,-25.721891,,,0,False,,,,,,,,0,False,False,False,15621.889,30.910532,0.17689985,0.09977743,-0.03052604,0.117510356,0.12742434,0.009347908,False,False,False,False,0.050223935,0.6615926,False,False,61097.19642623469,,16,False,False,False,False,False,False,False,False,False,False,False,False,False,False,False,False,False,False,False,False,False,i
3,61097.19497585112,lsst,150.4175497318579,0.7579571260515912,314011777182990477,170059285288452245,0,314011777182990477,-3574.5093,241.02782,0,0,0,12062.205,235.287,True,2026022500155,76,0.0,1.167143e-05,1.0417456e-05,4.7632996e-12,378.22272,0.18717904,1362.2751,0.21079458,False,-2540.9998,652.18445,False,False,True,14.764882,,1580.5747,1681,-3330.1887,1.7460204,150.4175487943269,,0.7579600956409203,,0.2789351,,-34.85893,,,0,False,,,,,,,,0,False,False,False,15650.334,28.31197,0.13138448,0.12720847,-0.0025440154,0.119471245,0.15112472,0.003935433,False,False,False,False,0.0066487845,0.68638694,False,False,61097.196738148006,,16,False,False,False,False,False,False,False,False,False,False,False,False,False,False,False,False,False,False,False,False,False,i
3,61097.195534619364,lsst,150.4175601841389,0.7579687152534667,314011777182990477,170059285448360079,0,314011777182990477,-3274.4307,253.06969,0,0,0,12316.751,250.04997,True,2026022500156,125,0.0,1.2521402e-05,1.341326e-05,1.8239998e-11,564.2194,0.24845682,2576.2766,0.21830441,False,-2513.222,653.59937,False,False,True,12.877459,,1684.9335,1681,-3118.2317,0.81961936,150.41756008242743,,0.7579708113581776,,0.4554461,,80.81516,,,0,False,,,,,,,,0,False,False,False,15596.267,25.370188,0.13276431,0.13733092,0.008689159,0.17425197,0.14004947,0.013265783,False,False,False,False,0.07496804,0.67155766,False,False,61097.197403297614,,18,False,False,False,False,False,False,False,False,False,False,False,False,False,False,False,False,False,False,False,False,False,i
3,61097.19739761518,lsst,150.4175460528287,0.7579675001405101,314011777182990477,170059285983133842,0,314011777182990477,-3340.5,238.29982,0,0,0,12125.246,233.61043,True,2026022500160,121,0.0,1.0630076e-05,1.23725795e-05,1.309405e-11,3673.2588,0.22587188,2538.553,0.1881586,False,-3575.3987,650.79346,False,False,True,13.731668,,1645.646,1681,-3204.672,4.664234,150.4175482034497,,0.7579696502077988,,0.5796074,,11.177576,,,0,False,,,,,,,,0,False,False,False,15466.951,33.605713,0.14054328,0.1110857,-0.0027228321,0.13910407,0.127829,0.0138843795,False,False,False,False,0.010933133,0.76376677,False,False,61097.199369792324,,16,False,False,False,False,False,False,False,False,False,False,False,False,False,False,False,False,False,False,False,False,False,i
3,61097.19786150624,lsst,150.417567512864,0.7579603367760217,314011777182990477,170059286117351565,0,314011777182990477,-3307.6992,267.81317,0,0,0,12412.606,264.6131,True,2026022500161,121,0.0,1.4264528e-05,1.5840651e-05,1.2275675e-11,3922.633,0.287241,1727.9001,0.2550331,False,-2472.152,653.4229,False,False,True,12.325731,,1711.9515,1681,-3126.3757,8.936526,150.41756793041114,,0.7579598614701977,,0.56380504,,49.02509,,,0,False,,,,,,,,0,False,False,False,15740.971,14.989176,0.15193547,0.14292894,0.013242335,0.18480088,0.15925378,0.0030362946,False,False,False,False,0.08432585,0.5896228,False,False,61097.19983402779,,19,False,False,False,False,False,False,False,False,False,False,False,False,False,False,False,False,False,False,False,False,False,i
3,61097.1987902259,lsst,150.41758448604685,0.7579313902379892,314011777182990477,170059286385787022,0,314011777182990477,-3484.622,250.47253,0,0,0,11529.116,247.0661,True,2026022500163,121,0.0,1.1631776e-05,1.5266813e-05,1.3102894e-11,2941.241,0.2762469,694.77856,0.20816398,False,-2953.2632,651.2183,False,False,True,13.8707905,,1703.205,1681,-3534.771,2.32878,150.41758154343893,,0.7579319342560713,,0.931329,,15.405331,,,0,False,,,,,,,,0,False,False,False,15073.229,20.905077,0.20307635,0.123409525,0.011399813,0.15143138,0.14414535,0.010586051,False,False,False,False,0.039682563,0.72487724,False,False,61097.2006241583,,19,False,False,False,False,False,False,False,False,False,False,False,False,False,False,False,False,False,False,False,False,False,i
3,61097.199258814595,lsst,150.41757607572916,0.7579647077527262,314011777182990477,170059286517907643,0,314011777182990477,-3300.483,241.10492,0,0,0,12238.948,238.50752,True,2026022500164,117,0.0,1.1148732e-05,1.5676193e-05,9.281702e-12,3618.9912,0.28322083,2066.6206,0.200242,False,-3342.7407,651.71857,False,False,True,13.550225,,1705.3396,1681,-3474.4531,5.5094504,150.4175799106003,,0.7579663248563795,,1.0243133,,28.206573,,,0,False,,,,,,,,0,False,False,False,15578.004,35.1512,0.17662172,0.105335824,0.03929817,0.13750508,0.12600046,0.008048584,False,False,False,False,0.016068544,0.68866855,False,False,61097.201213202476,,17,False,False,False,False,False,False,False,False,False,False,False,False,False,False,False,False,False,False,False,False,False,i
3,61097.19972096908,lsst,150.4175441427309,0.7579662128227422,314011777182990477,170059286652649640,0,314011777182990477,-3006.4124,245.29944,0,0,0,12471.464,242.21077,True,2026022500165,118,0.0,1.6664528e-05,1.7158556e-05,6.8802266e-13,1137.0193,0.3094281,2896.94,0.30014446,False,-3305.8777,634.85675,False,False,True,12.261273,,1625.9001,1681,-2921.9763,4.6251936,150.41754680996226,,0.7579724254748771,,0.72175044,,23.002161,,,0,False,,,,,,,,0,False,False,False,15542.742,30.111092,0.21491227,0.18110012,0.01589126,0.14547692,0.13232765,0.0043590595,False,False,False,False,0.46755886,0.6896322,False,False,61097.20162208309,,16,False,False,False,False,False,False,False,False,False,False,False,False,False,False,False,False,False,False,False,False,False,i
3,61097.20018784681,lsst,150.4175748763916,0.7579520521448151,314011777182990477,170059286765895839,0,314011777182990477,-3728.4636,247.85364,0,0,0,11716.319,244.25731,True,2026022500166,78,0.0,1.1066473e-05,8.966136e-06,1.2910307e-12,2099.676,0.16175494,3707.5962,0.1993753,False,-4640.3257,658.6479,False,False,True,14.396136,,1739.7955,1681,-3623.3313,19.622234,150.41758040999625,,0.7579445513613521,,0.8865039,,72.40556,,,0,False,,,,,,,,0,False,False,False,15497.945,42.234276,0.06913476,0.13694894,0.021103121,0.13955148,0.13248709,0.004085026,False,False,False,False,0.18170299,0.72652715,False,False,61097.201955566125,,21,False,False,False,False,False,False,False,False,False,False,False,False,False,False,False,False,False,False,False,False,False,i
3,61097.20112021036,lsst,150.4175549709359,0.7579579868939477,314011777182990477,170059287033282692,0,314011777182990477,-3330.493,249.13092,0,0,0,12352.902,245.65657,True,2026022500168,76,0.0,1.5295582e-05,1.4902467e-05,1.5899424e-12,1768.5785,0.26855814,941.85016,0.27554938,False,-3541.0767,637.7622,False,False,True,13.374935,,1691.5065,1681,-3356.0396,2.8777366,150.41754388432477,,0.7579648029647726,,0.850387,,-48.499752,,,0,False,,,,,,,,0,False,False,False,15707.183,22.274797,0.17232524,0.16247529,-0.03329028,0.14546733,0.15425031,0.016304621,False,False,False,False,0.050135624,0.659403,False,False,61097.20301472875,,19,False,False,False,False,False,False,False,False,False,False,False,False,False,False,False,False,False,False,False,False,False,i
3,61097.20158604109,lsst,150.4175414466804,0.7579795561443438,314011777182990477,170059287167500441,0,314011777182990477,-3319.455,239.7156,0,0,0,12227.686,236.28522,True,2026022500169,76,0.0,1.5291003e-05,1.7493649e-05,-1.41608305e-11,1703.617,0.31678557,328.20135,0.27376014,False,-4295.029,633.4743,False,False,True,13.8243,,1762.4219,1681,-3615.4004,0.43660814,150.41753778427602,,0.7579791740499887,,1.1350106,,-9.23604,,,0,False,,,,,,,,0,False,False,False,15562.875,29.090693,0.30306304,0.18008122,0.0030879292,0.13681842,0.13716222,0.009184286,False,False,False,False,0.8646746,0.7168037,False,False,61097.20346349438,,19,False,False,False,False,False,False,False,False,False,False,False,False,False,False,False,False,False,False,False,False,False,i
3,61097.202050535656,lsst,150.41757353276856,0.7579400670538006,314011777182990477,170059287300145330,0,314011777182990477,-3377.4922,227.87682,0,0,0,11808.074,223.47697,True,2026022500170,73,0.0,1.05675945e-05,8.442562e-06,1.0405043e-11,500.48038,0.149534,3619.0217,0.1924408,False,-3512.5183,638.9414,False,False,True,14.36985,,1552.2759,1681,-3355.4546,9.96158,150.41757691985723,,0.7579361369679791,,0.85669917,,55.924976,,,0,False,,,,,,,,0,False,False,False,15181.764,43.34423,0.07831746,0.13364547,0.023960564,0.120931186,0.12450032,0.0122830095,False,False,False,False,0.05557908,0.7064773,False,False,61097.203960898594,,17,False,False,False,False,False,False,False,False,False,False,False,False,False,False,False,False,False,False,False,False,False,i
3,61097.202596270836,lsst,150.4175351507343,0.7579492423601337,314011777182990477,170059287459528841,0,314011777182990477,-2916.9456,251.9226,0,0,0,12413.185,249.08531,True,2026022500171,121,0.0,2.3500916e-05,3.405315e-05,2.5528485e-10,2459.8135,0.6382003,3262.212,0.38608992,False,-3662.2551,641.97675,False,False,True,11.463825,,1659.888,1681,-3153.5527,1.1037879,150.4175375759575,,0.7579609617229417,,1.1551578,,34.13579,,,0,False,,,,,,,,0,False,False,False,15401.527,18.962883,0.2846026,0.17071088,0.030657556,0.1740088,0.13888705,0.0016905464,False,False,False,False,0.5562328,0.5907542,False,False,61097.204514380384,,19,False,False,False,False,False,False,False,False,False,False,False,False,False,False,False,False,False,False,False,False,False,i
3,61097.203531521904,lsst,150.41755448812071,0.7579540593308461,314011777182990477,170059287726391443,0,314011777182990477,-3394.0095,249.0131,0,0,0,12291.369,245.53445,True,2026022500173,118,0.0,1.1799181e-05,1.786846e-05,4.769717e-11,3078.328,0.32802466,2261.392,0.20322706,False,-3522.2307,633.37164,False,False,True,13.299705,,1662.215,1681,-3536.0823,6.24229,150.41755402379235,,0.757961545087319,,1.0630691,,-5.622865,,,0,False,,,,,,,,0,False,False,False,15743.394,19.621538,0.2073262,0.11983495,-0.035485845,0.18510202,0.1366754,-0.0012819921,False,False,False,False,0.0011274331,0.6128125,False,False,61097.20554734838,,19,False,False,False,False,False,False,False,False,False,False,False,False,False,False,False,False,False,False,False,False,False,i
3,61097.20399567136,lsst,150.41756013629674,0.7579954463801954,314011777182990477,170059287860609147,0,314011777182990477,-3081.751,246.06122,0,0,0,12385.315,243.50443,True,2026022500174,118,0.0,1.5780757e-05,1.808332e-05,1.5898647e-11,2554.484,0.32755056,2835.1917,0.28240708,False,-3068.4995,632.24023,False,False,True,12.413504,,1680.1184,1681,-3504.4868,8.386771,150.41756539223192,,0.757981258093771,,1.3524402,,-15.218385,,,0,False,,,,,,,,0,False,False,False,15529.996,19.7676,0.27219307,0.15540367,-0.075351715,0.16770661,0.14023075,0.0054852576,False,False,False,False,0.44144213,0.61114204,False,False,61097.20598114145,,19,False,False,False,False,False,False,False,False,False,False,False,False,False,False,False,False,False,False,False,False,False,i
3,61097.20445988784,lsst,150.41756489945413,0.7579776608001164,314011777182990477,170059287994826894,0,314011777182990477,-3093.8306,252.92484,0,0,0,12481.611,249.61157,True,2026022500175,118,0.0,1.6139986e-05,1.5416479e-05,-2.986463e-12,1997.1866,0.2777409,3120.5789,0.2908957,False,-2888.1584,631.69617,False,False,True,12.2362995,,1604.947,1681,-3101.9219,2.2239757,150.41756844748338,,0.7579754606991435,,0.9163058,,-47.192215,,,0,False,,,,,,,,0,False,False,False,15594.136,18.940504,0.15511568,0.18244766,-0.037326496,0.17054954,0.14696501,0.0011160489,False,False,False,False,0.015734684,0.62836593,False,False,61097.20637604379,,18,False,False,False,False,False,False,False,False,False,False,False,False,False,False,False,False,False,False,False,False,False,i
3,61097.20492424132,lsst,150.4175367366229,0.7579691647814059,314011777182990477,170059288129044592,0,314011777182990477,-3022.0122,261.58093,0,0,0,12551.2295,258.34766,True,2026022500176,118,0.0,1.9522244e-05,1.9724053e-05,1.0321588e-12,2366.3735,0.35566145,2357.3037,0.35151982,False,-3783.8193,632.2116,False,False,True,11.39583,,1664.3876,1681,-2888.324,2.6398284,150.41754104882162,,0.7579690896264092,,0.52079415,,-4.4693384,,,0,False,,,,,,,,0,False,False,False,15592.465,15.526414,0.2761632,0.25420535,-0.0037305604,0.19808356,0.16280991,0.0049600955,False,False,False,False,0.63098544,0.6113813,False,False,61097.2069320279,,20,False,False,False,False,False,False,False,False,False,False,False,False,False,False,False,False,False,False,False,False,False,i
3,61097.20539035074,lsst,150.41754901002378,0.7579485127545164,314011777182990477,170059288262738044,0,314011777182990477,-3479.22,270.8269,0,0,0,12146.486,266.71262,True,2026022500177,117,0.0,1.20823115e-05,1.6378859e-05,4.063342e-12,2701.6946,0.29560593,873.8259,0.21753146,False,-3454.495,644.89856,False,False,True,12.480373,,1801.3412,1681,-3557.1992,1.8965225,150.4175495581801,,0.7579423758594956,,1.0329889,,15.601059,,,0,False,,,,,,,,0,False,False,False,15654.24,15.810844,0.22393563,0.13183893,0.023955168,0.21916673,0.15764968,0.011078137,False,False,False,False,0.014625151,0.65311015,False,False,61097.207429294416,,20,False,False,False,False,False,False,False,False,False,False,False,False,False,False,False,False,False,False,False,False,False,i
3,61097.20585505505,lsst,150.41754877116026,0.7579728777696959,314011777182990477,170059288397480041,0,314011777182990477,-3212.777,253.20233,0,0,0,12433.888,248.60425,True,2026022500178,118,0.0,1.1467454e-05,2.0005109e-05,-4.944613e-12,1547.3097,0.36075214,1189.8914,0.20644468,False,-2990.3955,628.7062,False,False,True,12.459132,,1788.5503,1681,-3388.8943,9.05547,150.41754914525467,,0.7579714851043611,,1.1690902,,-3.707314,,,0,False,,,,,,,,0,False,False,False,15667.961,18.807194,0.24731356,0.10879764,-0.0063690925,0.18940286,0.1477111,0.0027624157,False,False,False,False,0.013321883,0.6936834,False,False,61097.20777133867,,20,False,False,False,False,False,False,False,False,False,False,False,False,False,False,False,False,False,False,False,False,False,i
3,61097.20632217654,lsst,150.417550625348,0.7579661037988344,314011777182990477,170059288510726277,0,314011777182990477,-3551.602,260.07217,0,0,0,12186.825,256.33405,True,2026022500179,78,0.0,1.638053e-05,1.3890529e-05,5.549457e-12,2666.7014,0.25034314,2087.3738,0.29526454,False,-2615.377,641.84515,False,False,True,13.75981,,1617.552,1681,-3551.9624,5.422435,150.41753834635765,,0.7579654928428767,,0.7982384,,-64.360794,,,0,False,,,,,,,,0,False,False,False,15743.911,20.87278,0.15952633,0.18904446,-0.025129084,0.18700553,0.15061794,0.01645723,False,False,False,False,0.0044402885,0.6431406,False,False,61097.20829509603,,19,False,False,False,False,False,False,False,False,False,False,False,False,False,False,False,False,False,False,False,False,False,i
3,61097.20678684965,lsst,150.41755510879688,0.7579415631739495,314011777182990477,170059288645468315,0,314011777182990477,-4001.8926,238.69144,0,0,0,11233.676,234.50652,True,2026022500180,79,0.0,9.087637e-06,1.0352777e-05,-3.0349074e-12,51.329197,0.18704285,3168.8047,0.16330627,False,-4189.2676,623.9438,False,False,True,16.461956,,1714.0826,1681,-3934.139,5.7559752,150.41755360956583,,0.7579413660061888,,0.71543854,,25.427458,,,0,False,,,,,,,,0,False,False,False,15240.668,36.319805,0.15476005,0.13495855,0.021131687,0.1635809,0.1349226,0.02422321,False,False,False,False,0.0032348018,0.736198,False,False,61097.20862943759,,20,False,False,False,False,False,False,False,False,False,False,False,False,False,False,False,False,False,False,False,False,False,i
3,61097.20725462068,lsst,150.4175476565656,0.7579448301914018,314011777182990477,170059288777588908,0,314011777182990477,-3297.2705,250.0985,0,0,0,12282.33,247.47205,True,2026022500181,75,0.0,1.7042654e-05,1.3791363e-05,1.8424621e-11,1551.5258,0.24672592,3519.4353,0.3087066,False,-3477.2178,642.221,False,False,True,13.005693,,1662.885,1681,-3180.4595,0.8552799,150.4175401558364,,0.7579529348003903,,0.49142644,,52.19603,,,0,False,,,,,,,,0,False,False,False,15618.986,26.432705,0.1603912,0.17220014,0.008606885,0.16236158,0.14441773,0.013909381,False,False,False,False,0.02686813,0.7101733,False,False,61097.20916423923,,19,False,False,False,False,False,False,False,False,False,False,False,False,False,False,False,False,False,False,False,False,False,i
3,61097.208192560196,lsst,150.41756706692476,0.7579593748673326,314011777182990477,170059289044975753,0,314011777182990477,-3145.3115,233.42467,0,0,0,12420.231,229.39525,True,2026022500183,73,0.0,1.4330865e-05,1.4398294e-05,-7.3144317e-13,2209.696,0.25973168,1404.5961,0.25790676,False,-4030.0132,621.1196,False,False,True,13.214761,,1635.1349,1681,-3306.4753,0.2958769,150.41756660986664,,0.7579609024010369,,1.0228589,,16.570204,,,0,False,,,,,,,,0,False,False,False,15595.395,26.96698,0.20304054,0.16079028,0.045935124,0.13085122,0.14332537,0.011011661,False,False,False,False,0.30731732,0.70240545,False,False,61097.20997996828,,17,False,False,False,False,False,False,False,False,False,False,False,False,False,False,False,False,False,False,False,False,False,i
3,61097.2086584045,lsst,150.41755787995712,0.7579768072366518,314011777182990477,170059289179193466,0,314011777182990477,-3041.2622,244.52295,0,0,0,12576.37,240.00673,True,2026022500184,73,0.0,1.3500264e-05,1.5001073e-05,-1.698183e-11,2234.5076,0.27398792,791.39734,0.23912963,False,-2414.6934,622.731,False,False,True,12.1917095,,1674.6022,1681,-3024.6028,4.1175,150.41755847573722,,0.7579756921310372,,0.8200495,,-20.445004,,,0,False,,,,,,,,0,False,False,False,15669.829,19.82921,0.17723626,0.11422974,-0.0014553497,0.15239954,0.15544015,0.015115506,False,False,False,False,0.010849217,0.59828955,False,False,61097.2105443054,,18,False,False,False,False,False,False,False,False,False,False,False,False,False,False,False,False,False,False,False,False,False,i
3,61097.209127841736,lsst,150.41757592128235,0.7579591098452982,314011777182990477,170059289292964052,0,314011777182990477,-3180.3723,231.49715,0,0,0,12418.873,228.21638,True,2026022500185,34,0.0,1.2817994e-05,1.38292835e-05,-1.3339951e-11,1165.4716,0.25292724,3937.4075,0.22695735,False,-2252.2053,622.17706,False,False,True,13.58663,,1637.3395,1681,-3356.8352,2.376095,150.41757073196035,,0.7579645689608266,,0.96275723,,-10.136761,,,0,False,,,,,,,,0,False,False,False,15633.778,35.882626,0.21150507,0.13040666,0.018094692,0.12483514,0.13739096,0.0129592195,False,False,False,False,0.2616896,0.68965095,False,False,61097.211005343495,,18,False,False,False,False,False,False,False,False,False,False,False,False,False,False,False,False,False,False,False,False,False,i
3,61097.20960994065,lsst,150.41754443020096,0.757978993994874,314011777182990477,170059289448677540,0,314011777182990477,-3519.6594,237.2253,0,0,0,12226.126,233.13907,True,2026022500186,75,0.0,1.0773803e-05,1.1901434e-05,-3.5108732e-12,3053.2915,0.21505949,2786.4773,0.19364761,False,-3221.1501,632.72754,False,False,True,14.5867605,,1674.0409,1681,-3532.0312,1.5954388,150.41754262305054,,0.7579814485067276,,0.7068498,,18.241785,,,0,False,,,,,,,,0,False,False,False,15734.956,27.817303,0.15386744,0.12565838,0.017918428,0.14442602,0.13726358,0.017823204,False,False,False,False,0.00020832621,0.6913037,False,False,61097.21151283804,,20,False,False,False,False,False,False,False,False,False,False,False,False,False,False,False,False,False,False,False,False,False,i
3,61097.21007610484,lsst,150.41755921133927,0.7580046262432991,314011777182990477,170059289583419550,0,314011777182990477,-3424.0627,228.75237,0,0,0,11868.025,224.34074,True,2026022500187,76,0.0,1.0293915e-05,1.2902035e-05,-1.1902315e-11,1620.2303,0.2341981,1587.942,0.18337436,False,-3228.069,617.5635,False,False,True,14.897347,,1559.9395,1681,-3535.783,2.210106,150.41755828356037,,0.7580054069033155,,0.9549979,,-0.16789265,,,0,False,,,,,,,,0,False,False,False,15294.774,29.406914,0.17923498,0.094999194,0.016253702,0.13216946,0.13529311,0.013129056,False,False,False,False,0.0021451402,0.6673994,False,False,61097.212024343346,,17,False,False,False,False,False,False,False,False,False,False,False,False,False,False,False,False,False,False,False,False,False,i
3,61097.21054139579,lsst,150.4175563454108,0.7579708023253442,314011777182990477,170059289716064393,0,314011777182990477,-3562.2085,229.98573,0,0,0,12046.539,227.10645,True,2026022500188,73,0.0,1.1099638e-05,1.2946853e-05,-1.1603404e-11,1808.8175,0.2353996,2676.6328,0.19755521,False,-3568.0437,616.1342,False,False,True,15.427007,,1669.633,1681,-3503.762,0.12015453,150.4175551313617,,0.7579716444992874,,0.717042,,-35.257065,,,0,False,,,,,,,,0,False,False,False,15674.701,31.204351,0.17396052,0.13990293,-0.015881265,0.13522191,0.12783302,0.010315433,False,False,False,False,0.115668245,0.73936725,False,False,61097.21237147732,,17,False,False,False,False,False,False,False,False,False,False,False,False,False,False,False,False,False,False,False,False,False,i
3,61097.21100478902,lsst,150.4175585902188,0.757975542424862,314011777182990477,170059289850282154,0,314011777182990477,-3417.1978,222.8253,0,0,0,12241.548,219.74326,True,2026022500189,73,0.0,8.751497e-06,1.0281186e-05,-9.654358e-12,1073.8716,0.18792433,2942.3594,0.15457751,False,-3179.8032,617.96875,False,False,True,14.867566,,1681.2018,1681,-3391.521,18.942747,150.41756323725852,,0.7579723188095875,,0.8965908,,19.500713,,,0,False,,,,,,,,0,False,False,False,15703.73,38.638374,0.11210686,0.08707229,0.039408106,0.124162905,0.11650887,0.0055158082,False,False,False,False,0.085720524,0.69760996,False,False,61097.21289797323,,17,False,False,False,False,False,False,False,False,False,False,False,False,False,False,False,False,False,False,False,False,False,i
3,61097.21146852921,lsst,150.41755808245986,0.7579677725899264,314011777182990477,170059289984499883,0,314011777182990477,-3430.4968,217.35323,0,0,0,12275.481,216.13823,True,2026022500190,73,0.0,9.4035595e-06,1.0086615e-05,-5.5190748e-12,446.50592,0.18367293,2934.2583,0.1674322,False,-2970.3076,615.1973,False,False,True,15.480693,,1719.7815,1681,-3361.091,2.2427945,150.41755746127893,,0.7579676195382622,,0.7037384,,-29.424448,,,0,False,,,,,,,,0,False,False,False,15776.957,31.658936,0.12856565,0.08470908,-0.007707566,0.11357717,0.1181242,0.0086555965,False,False,False,False,0.018194081,0.68204415,False,False,61097.213287332175,,16,False,False,False,False,False,False,False,False,False,False,False,False,False,False,False,False,False,False,False,False,False,i
3,61097.21193425188,lsst,150.41754442351655,0.7579799024697097,314011777182990477,170059290118717609,0,314011777182990477,-3138.219,217.02399,0,0,0,12353.142,214.47508,True,2026022500191,73,0.0,1.2181387e-05,1.178838e-05,4.6899364e-12,1129.3018,0.21108611,2429.8262,0.22079268,False,-3556.9805,613.9781,False,False,True,14.325255,,1575.3168,1681,-3106.977,0.5979462,150.4175463400161,,0.7579811184079207,,0.70398414,,35.88484,,,0,False,,,,,,,,0,False,False,False,15565.388,36.91206,0.12204035,0.14275625,0.020219665,0.105689675,0.12257746,0.006505286,False,False,False,False,0.07061993,0.6711922,False,False,61097.21378790552,,16,False,False,False,False,False,False,False,False,False,False,False,False,False,False,False,False,False,False,False,False,False,i
3,61097.21240431454,lsst,150.41754524387204,0.7579414103674412,314011777182990477,170059290231963841,0,314011777182990477,-3194.4355,229.47711,0,0,0,12129.613,226.33311,True,2026022500192,33,0.0,2.1755464e-05,1.7059894e-05,1.1289628e-10,2597.5725,0.27781534,3564.5251,0.41363484,False,-3189.7903,622.3812,False,False,True,13.549971,,1655.813,1681,-3504.888,2.72102,150.417553743899,,0.7579419487580615,,1.1009072,,60.01117,,,0,False,,,,,,,,0,False,False,False,15377.627,29.717503,0.11720092,0.23641899,0.009251017,0.1223794,0.13117449,0.013571995,False,False,False,False,0.39055035,0.6517165,False,False,61097.214261517074,,18,False,False,False,False,False,False,False,False,False,False,False,False,False,False,False,False,False,False,False,False,False,i
3,61097.21286825037,lsst,150.41756639905972,0.7579680062323355,314011777182990477,170059290387153035,0,314011777182990477,-3544.3247,219.6393,0,0,0,12146.879,215.0496,True,2026022500193,73,0.0,9.2458195e-06,9.693671e-06,-6.727974e-12,947.0752,0.17822252,1022.7792,0.16285937,False,-3949.2695,615.78674,False,False,True,16.007101,,1751.8994,1681,-3464.4526,4.386578,150.41756514650336,,0.7579701549453467,,0.74639475,,-25.558931,,,0,False,,,,,,,,0,False,False,False,15716.906,29.208157,0.14463931,0.092593595,0.0028880206,0.11083064,0.119592965,0.0042535826,False,False,False,False,0.0025180543,0.7860392,False,False,61097.21472092881,,18,False,False,False,False,False,False,False,False,False,False,False,False,False,False,False,False,False,False,False,False,False,i
3,61097.213335869965,lsst,150.41753605648694,0.757957333546469,314011777182990477,170059290500399268,0,314011777182990477,-2819.4028,217.43384,0,0,0,12447.604,211.61855,True,2026022500194,33,0.0,2.2320819e-05,1.9079851e-05,1.3180283e-10,3977.882,0.30359426,871.9487,0.43347335,False,-2545.3345,618.8275,False,False,True,13.133835,,1652.8395,1681,-3224.3008,4.9835033,150.41754483181916,,0.7579634800859804,,1.0848441,,39.311325,,,0,False,,,,,,,,0,False,False,False,15237.301,41.014423,0.13998775,0.23073378,0.03578558,0.099677674,0.11269739,0.0100745,False,False,False,False,0.7724015,0.6302604,False,False,61097.21528617953,,17,False,False,False,False,False,False,False,False,False,False,False,False,False,False,False,False,False,False,False,False,False,i
3,61097.21379879501,lsst,150.4175629807938,0.7579588536026766,314011777182990477,170059290635141340,0,314011777182990477,-3305.5288,216.10811,0,0,0,12210.644,213.06076,True,2026022500195,34,0.0,1.0589272e-05,1.03024995e-05,7.750197e-12,664.7006,0.1810918,2571.3645,0.19519632,False,-3965.9194,609.55273,False,False,True,14.9397955,,1706.1029,1681,-3319.819,3.349352,150.4175605152825,,0.7579646251664764,,0.87234586,,-5.8452435,,,0,False,,,,,,,,0,False,False,False,15573.132,48.14102,0.15207314,0.112890214,0.031113667,0.10343009,0.12140813,0.0062216516,False,False,False,False,0.08583163,0.7280325,False,False,61097.21566499374,,17,False,False,False,False,False,False,False,False,False,False,False,False,False,False,False,False,False,False,False,False,False,i
3,61097.2142658738,lsst,150.41756130411855,0.7579711427896467,314011777182990477,170059290767786152,0,314011777182990477,-3076.8774,223.83383,0,0,0,12367.735,219.97401,True,2026022500196,31,0.0,1.2756385e-05,1.2098699e-05,3.0210136e-11,59.425102,0.20026912,2119.1187,0.24563602,False,-3310.196,613.14545,False,False,True,13.472107,,1599.0593,1681,-2925.49,0.936155,150.41755877824923,,0.7579735918594199,,0.66568345,,38.19802,,,0,False,,,,,,,,0,False,False,False,15483.901,34.86056,0.1259757,0.16109508,0.009513209,0.11303292,0.12472135,0.0058081644,False,False,False,False,0.12038922,0.67004204,False,False,61097.216175752685,,16,False,False,False,False,False,False,False,False,False,False,False,False,False,False,False,False,False,False,False,False,False,i
3,61097.21473328705,lsst,150.41755608295315,0.7579777321029735,314011777182990477,170059290900431038,0,314011777182990477,-3496.416,216.97845,0,0,0,12103.19,212.5209,True,2026022500197,28,0.0,9.65936e-06,9.617225e-06,1.7520595e-12,2811.313,0.17211325,3732.521,0.17534435,False,-3879.1394,614.3501,False,False,True,15.591703,,1631.3643,1681,-3452.461,2.5136127,150.41755537915975,,0.7579789021902127,,0.6783606,,-11.2029,,,0,False,,,,,,,,0,False,False,False,15655.736,33.017673,0.12652306,0.10479447,0.018233007,0.104015924,0.12495926,0.009496809,False,False,False,False,0.0003003317,0.77277493,False,False,61097.216604898196,,16,False,False,False,False,False,False,False,False,False,False,False,False,False,False,False,False,False,False,False,False,False,i
3,61097.21519835226,lsst,150.41757117979122,0.7579828269132155,314011777182990477,170059291035173122,0,314011777182990477,-2857.572,214.0309,0,0,0,12476.428,209.42294,True,2026022500198,29,0.0,1.2527273e-05,1.2340869e-05,4.858166e-11,3079.2349,0.1855089,2982.1443,0.25684294,False,-3049.101,597.49524,False,False,True,13.183576,,1786.376,1681,-2945.531,4.4185777,150.41757319601956,,0.7579835021041416,,0.94227815,,38.179646,,,0,False,,,,,,,,0,False,False,False,15372.258,26.523172,0.09424961,0.17834523,0.012227583,0.112269394,0.1185628,0.0035015433,False,False,False,False,0.09029519,0.662929,False,False,61097.21708566988,,16,False,False,False,False,False,False,False,False,False,False,False,False,False,False,False,False,False,False,False,False,False,i
3,61097.21566382402,lsst,150.41755817620626,0.7579743565463384,314011777182990477,170059291169390780,0,314011777182990477,-3468.513,214.49562,0,0,0,12047.025,209.76175,True,2026022500199,29,0.0,9.5794e-06,9.557349e-06,-1.4511743e-12,3381.5042,0.17379005,2449.0366,0.17100847,False,-3816.5063,595.33636,False,False,True,15.872531,,1671.1333,1681,-3294.1123,2.1459088,150.4175561193109,,0.7579732215387649,,0.62859803,,-9.582962,,,0,False,,,,,,,,0,False,False,False,15554.762,28.185785,0.11514839,0.10541128,0.017368557,0.11406498,0.12183976,0.002716725,False,False,False,False,0.012424396,0.6897756,False,False,61097.21753103196,,16,False,False,False,False,False,False,False,False,False,False,False,False,False,False,False,False,False,False,False,False,False,i
3,61097.216130944274,lsst,150.417549633064,0.7579812132981876,314011777182990477,170059291303608476,0,314011777182990477,-3512.9473,208.27962,0,0,0,11968.115,203.38289,True,2026022500200,29,0.0,9.333815e-06,9.496817e-06,9.961856e-12,2953.7095,0.15975668,977.87494,0.17905708,False,-3999.6614,595.37744,False,False,True,16.76076,,1693.9851,1681,-3243.6697,0.5512418,150.41755011248006,,0.7579802906228043,,0.42767546,,11.41735,,,0,False,,,,,,,,0,False,False,False,15527.354,33.638996,0.11230445,0.120772585,0.006703497,0.1027379,0.11004311,-0.0010618921,False,False,False,False,0.023964627,0.7718936,False,False,61097.21789315622,,17,False,False,False,False,False,False,False,False,False,False,False,False,False,False,False,False,False,False,False,False,False,i
3,61097.21669196607,lsst,150.4175565574332,0.7579857187661333,314011777182990477,170059291461943454,0,314011777182990477,-3163.7363,217.86578,0,0,0,12133.746,214.29428,True,2026022500201,75,0.0,1.4011179e-05,1.5729485e-05,-1.0708582e-11,3061.8237,0.2849835,986.5078,0.25096098,False,-3350.5798,603.1546,False,False,True,14.482672,,1646.7065,1681,-3350.1465,2.1390584,150.4175481113074,,0.7579906030093791,,0.9317655,,19.884148,,,0,False,,,,,,,,0,False,False,False,15334.529,47.705708,0.2136267,0.17600676,0.035919182,0.11599852,0.12133227,0.014451597,False,False,False,False,0.7062753,0.773351,False,False,61097.21847256259,,17,False,False,False,False,False,False,False,False,False,False,False,False,False,False,False,False,False,False,False,False,False,i
3,61097.21762425937,lsst,150.417567754365,0.7579539149649281,314011777182990477,170059291729330334,0,314011777182990477,-3560.2168,201.43529,0,0,0,11798.318,196.45377,True,2026022500203,73,0.0,8.249822e-06,7.810254e-06,2.404659e-12,2084.672,0.13995782,1069.6766,0.14936723,False,-3285.2368,593.12054,False,False,True,17.30485,,1619.616,1681,-3410.4343,2.2196996,150.41756703727563,,0.7579528720693726,,0.60958236,,41.26008,,,0,False,,,,,,,,0,False,False,False,15399.975,54.469246,0.090557344,0.10613127,0.015167442,0.09583994,0.101352535,0.0066364068,False,False,False,False,1.6126349e-05,0.7963011,False,False,61097.21945275978,,16,False,False,False,False,False,False,False,False,False,False,False,False,False,False,False,False,False,False,False,False,False,i
3,61097.21808878737,lsst,150.417555503438,0.7579643402410366,314011777182990477,170059291863548069,0,314011777182990477,-3033.204,208.17505,0,0,0,12544.8545,203.31982,True,2026022500204,73,0.0,1.2451364e-05,1.2297035e-05,1.534004e-12,1334.4707,0.22133923,1283.9534,0.22462393,False,-2904.0398,597.1168,False,False,True,14.558328,,1690.018,1681,-2945.5532,0.8032887,150.41755246281062,,0.757962753470918,,0.6086121,,-92.391624,,,0,False,,,,,,,,0,False,False,False,15618.213,47.64458,0.10863024,0.13561617,-0.009789445,0.10773736,0.09766606,0.011791299,False,False,False,False,0.087916814,0.7335027,False,False,61097.219966953955,,16,False,False,False,False,False,False,False,False,False,False,False,False,False,False,False,False,False,False,False,False,False,i
3,61097.218553489554,lsst,150.41756974667246,0.7579600481623857,314011777182990477,170059291997765806,0,314011777182990477,-3318.324,200.71518,0,0,0,12019.137,196.52798,True,2026022500205,73,0.0,8.240578e-06,9.637747e-06,-1.3326847e-11,709.9739,0.17911932,1236.216,0.14195353,False,-3437.2346,593.1567,False,False,True,16.299728,,1776.707,1681,-3302.335,5.2579985,150.41756637965153,,0.7579599910977014,,0.76856947,,-6.8324904,,,0,False,,,,,,,,0,False,False,False,15399.715,49.88496,0.12404882,0.07599347,0.015628546,0.100108474,0.09648206,0.00914655,False,False,False,False,0.0007590614,0.6560329,False,False,61097.220463900725,,17,False,False,False,False,False,False,False,False,False,False,False,False,False,False,False,False,False,False,False,False,False,i
3,61097.219018876756,lsst,150.41755577355008,0.7579614071404004,314011777182990477,170059292131983507,0,314011777182990477,-3385.2935,214.71715,0,0,0,12272.685,212.64502,True,2026022500206,73,0.0,9.862615e-06,1.0325433e-05,-6.242454e-12,1423.6573,0.18888794,775.0122,0.17473559,False,-2642.12,588.6985,False,False,True,15.46275,,1702.8014,1681,-3310.887,5.2112045,150.41755598208348,,0.7579603399459357,,0.757128,,11.960404,,,0,False,,,,,,,,0,False,False,False,15734.547,35.893684,0.12440643,0.11184955,0.026313156,0.12638545,0.11237762,0.013633119,False,False,False,False,0.00032974326,0.6912938,False,False,61097.220870242876,,17,False,False,False,False,False,False,False,False,False,False,False,False,False,False,False,False,False,False,False,False,False,i
3,61097.21948633953,lsst,150.41755378483998,0.7579835647039654,314011777182990477,170059292245229732,0,314011777182990477,-3629.9136,222.91762,0,0,0,11959.31,218.0433,True,2026022500207,33,0.0,1.0678908e-05,1.1050803e-05,-6.8333243e-12,3092.4058,0.20253634,1736.6842,0.18906239,False,-2796.738,597.1895,False,False,True,16.142702,,1634.8063,1681,-3505.689,0.8888803,150.41755255624645,,0.7579813177430706,,0.61619586,,15.18065,,,0,False,,,,,,,,0,False,False,False,15601.047,38.84566,0.13240945,0.13168415,0.017014967,0.13174066,0.117525905,0.007314896,False,False,False,False,0.010998343,0.7550985,False,False,61097.22131013952,,17,False,False,False,False,False,False,False,False,False,False,False,False,False,False,False,False,False,False,False,False,False,i
3,61097.219950059705,lsst,150.41754594476302,0.7579867362206364,314011777182990477,170059292379971799,0,314011777182990477,-3420.4578,217.19806,0,0,0,12083.616,213.65938,True,2026022500208,34,0.0,1.0843727e-05,1.0877452e-05,-9.963385e-13,1322.2198,0.19670792,3599.62,0.19471262,False,-2983.6577,583.1124,False,False,True,15.495488,,1679.5378,1681,-3492.7341,2.0737,150.41754529137,,0.7579854704716241,,0.9212568,,6.95513,,,0,False,,,,,,,,0,False,False,False,15511.758,33.177433,0.15229109,0.13611752,0.04035883,0.12277393,0.13035423,0.0027816503,False,False,False,False,0.059746116,0.69949895,False,False,61097.221779438725,,17,False,False,False,False,False,False,False,False,False,False,False,False,False,False,False,False,False,False,False,False,False,i
3,61097.220416401804,lsst,150.41754316492194,0.7579673199370321,314011777182990477,170059292512616601,0,314011777182990477,-3737.6099,221.53986,0,0,0,12058.336,218.02164,True,2026022500209,31,0.0,1.03637585e-05,9.543649e-06,2.2742733e-11,425.5466,0.15628612,3370.4302,0.20014147,False,-2877.9111,587.3186,False,False,True,16.578732,,1724.0468,1681,-3612.3145,0.4146239,150.4175422506381,,0.7579686237743055,,0.74281096,,31.221584,,,0,False,,,,,,,,0,False,False,False,15797.687,47.517826,0.11077218,0.14571145,0.018801982,0.1207839,0.13346198,0.013880473,False,False,False,False,0.0002468864,0.67290103,False,False,61097.22235018926,,16,False,False,False,False,False,False,False,False,False,False,False,False,False,False,False,False,False,False,False,False,False,i
3,61097.22088130318,lsst,150.41756518954932,0.7579560626183188,314011777182990477,170059292648407236,0,314011777182990477,-3692.9338,213.46321,0,0,0,11825.855,208.01205,True,2026022500210,34,0.0,9.860087e-06,9.6057865e-06,1.0139275e-11,1224.8536,0.16558616,895.7765,0.18474069,False,-4370.929,584.91846,False,False,True,17.303791,,1803.7476,1681,-3478.824,0.66349304,150.41756175062972,,0.7579558067544018,,0.5279203,,-26.290773,,,0,False,,,,,,,,0,False,False,False,15557.547,43.61356,0.13515776,0.112744085,0.0050504827,0.1016432,0.13182595,-0.0010877847,False,False,False,False,0.011119382,0.777731,False,False,61097.222798532166,,17,False,False,False,False,False,False,False,False,False,False,False,False,False,False,False,False,False,False,False,False,False,i
3,61097.22134912446,lsst,150.41754576142662,0.7579455497704063,314011777182990477,170059292781052030,0,314011777182990477,-3198.3083,228.11021,0,0,0,12168.373,222.85515,True,2026022500211,31,0.0,1.3104645e-05,1.28793035e-05,2.0310215e-11,914.4461,0.2196476,411.09048,0.2479477,False,-3739.5383,587.84937,False,False,True,13.79506,,1680.2753,1681,-3126.6667,2.0432513,150.41754836649335,,0.7579469351107464,,0.85706925,,22.996387,,,0,False,,,,,,,,0,False,False,False,15376.746,32.386196,0.13079585,0.17386039,0.027130999,0.13358583,0.14795597,0.013968308,False,False,False,False,0.023516264,0.65533483,False,False,61097.22310443671,,18,False,False,False,False,False,False,False,False,False,False,False,False,False,False,False,False,False,False,False,False,False,i
3,61097.221816379926,lsst,150.41753766339912,0.7579846843109873,314011777182990477,170059292913696958,0,314011777182990477,-3109.6487,221.3653,0,0,0,12239.327,215.71811,True,2026022500212,28,0.0,1.40912125e-05,1.40338925e-05,2.4503686e-11,3834.1995,0.2373072,2208.4106,0.26868072,False,-2877.5496,587.9363,False,False,True,13.9181385,,1641.4302,1681,-3090.9778,3.8906946,150.41753220543694,,0.7579882261165406,,0.71719736,,-124.879265,,,0,False,,,,,,,,0,False,False,False,15384.204,29.147146,0.15737419,0.20095386,-0.0075248308,0.1052762,0.15111396,-0.001511296,False,False,False,False,0.39833885,0.61869746,False,False,61097.22369965997,,17,False,False,False,False,False,False,False,False,False,False,False,False,False,False,False,False,False,False,False,False,False,i
3,61097.22274881901,lsst,150.41755659766687,0.7579664811577651,314011777182990477,170059293186326680,0,314011777182990477,-3182.748,208.69434,0,0,0,12294.449,203.58496,True,2026022500214,36,0.0,1.1968094e-05,1.25281185e-05,3.7057964e-11,239.5071,0.19102044,1237.4398,0.24690008,False,-4110.649,562.96497,False,False,True,14.956831,,1593.8508,1681,-3160.7878,0.39084384,150.41755334864328,,0.7579643158791878,,0.7086518,,-119.57736,,,0,False,,,,,,,,0,False,False,False,15494.357,32.01488,0.12920858,0.16337626,-0.015152983,0.114982456,0.12762816,0.0034656704,False,False,False,False,0.12095679,0.7279012,False,False,61097.22470605324,,18,False,False,False,False,False,False,False,False,False,False,False,False,False,False,False,False,False,False,False,False,False,i
3,61097.22380676943,lsst,150.417570284542,0.7579482220009235,314011777182990477,170059293475209382,0,314011777182990477,-3395.0571,226.34155,0,0,0,11981.999,221.85374,True,2026022500216,75,0.0,1.2884332e-05,1.1454225e-05,3.3605794e-12,3126.74,0.20637752,3933.848,0.23227529,False,-2411.6035,588.3675,False,False,True,15.00663,,1671.6212,1681,-3366.0288,0.8062693,150.41757129548463,,0.7579462864046311,,0.56250614,,39.80394,,,0,False,,,,,,,,0,False,False,False,15432.112,26.285263,0.15476245,0.15494455,0.013882337,0.13361134,0.15184511,0.018936457,False,False,False,False,0.025493149,0.7031558,False,False,61097.22569629654,,19,False,False,False,False,False,False,False,False,False,False,False,False,False,False,False,False,False,False,False,False,False,i
3,61097.22427089328,lsst,150.41756078980873,0.7579617445945835,314011777182990477,170059293609951413,0,314011777182990477,-3463.241,224.43405,0,0,0,12174.961,219.13828,True,2026022500217,76,0.0,1.4183434e-05,1.4232072e-05,-2.1252194e-13,1638.9222,0.25661674,2619.1392,0.255366,False,-3852.2246,571.5783,False,False,True,15.464159,,1623.4479,1681,-3514.0032,2.3116395,150.417556773751,,0.7579713349242602,,0.8591996,,19.373636,,,0,False,,,,,,,,0,False,False,False,15647.652,25.67471,0.21387206,0.17561226,0.027965592,0.1364213,0.1527039,0.020828856,False,False,False,False,0.35358033,0.68920934,False,False,61097.2261713879,,21,False,False,False,False,False,False,False,False,False,False,False,False,False,False,False,False,False,False,False,False,False,i
3,61097.22473727929,lsst,150.41754537568826,0.7579715112144935,314011777182990477,170059293742596263,0,314011777182990477,-3400.9873,223.35783,0,0,0,12180.5205,219.25157,True,2026022500218,73,0.0,1.2233765e-05,1.29636355e-05,-3.9494115e-12,1702.5355,0.23429061,3701.1875,0.2196906,False,-3433.1768,576.2431,False,False,True,15.038921,,1650.5013,1681,-3438.349,1.2023056,150.41754404950672,,0.7579749358282143,,0.8187322,,26.536266,,,0,False,,,,,,,,0,False,False,False,15620.5625,21.615637,0.17525762,0.16022533,0.03000403,0.14570741,0.14436701,0.019971848,False,False,False,False,0.08518344,0.68015647,False,False,61097.2265842856,,19,False,False,False,False,False,False,False,False,False,False,False,False,False,False,False,False,False,False,False,False,False,i
3,61097.22613228146,lsst,150.41756120455608,0.7579755284462343,314011777182990477,170059294145249455,0,314011777182990477,-3480.707,217.1465,0,0,0,12240.98,212.81383,True,2026022500221,73,0.0,1.0547775e-05,1.0081811e-05,4.1201847e-12,1007.051,0.18041992,3476.8774,0.19123784,False,-3163.2153,576.5227,False,False,True,15.9932785,,1667.7424,1681,-3424.9248,2.3382819,150.41756050484383,,0.757974063030244,,0.74082947,,21.18588,,,0,False,,,,,,,,0,False,False,False,15747.477,36.074177,0.13594195,0.12994254,0.025234781,0.119760014,0.13977729,0.019380689,False,False,False,False,0.0019426416,0.71372056,False,False,61097.2280916533,,17,False,False,False,False,False,False,False,False,False,False,False,False,False,False,False,False,False,False,False,False,False,i
3,61097.226604194584,lsst,150.41756353982012,0.7579666699404038,314011777182990477,170059294278942857,0,314011777182990477,-3455.4412,224.7544,0,0,0,12111.254,219.59283,True,2026022500222,72,0.0,1.1492457e-05,1.2584263e-05,-1.4114569e-11,2352.1394,0.2314185,465.9717,0.20214431,False,-3343.87,580.81366,False,False,True,15.307753,,1736.048,1681,-3669.4795,3.2375135,150.41755979937787,,0.7579700022137102,,1.0464469,,0.5338518,,,0,False,,,,,,,,0,False,False,False,15617.281,40.23209,0.21064095,0.13848248,0.03971938,0.1446323,0.1341205,0.029961925,False,False,False,False,0.19968855,0.7555496,False,False,61097.22842563283,,18,False,False,False,False,False,False,False,False,False,False,False,False,False,False,False,False,False,False,False,False,False,i
3,61097.22706884726,lsst,150.41754433723682,0.7579708182326216,314011777182990477,170059294413684893,0,314011777182990477,-3517.2932,221.75305,0,0,0,12014.073,217.62135,True,2026022500223,73,0.0,1.0350435e-05,1.0760125e-05,-5.81124e-12,768.38165,0.19646889,2068.1348,0.18384066,False,-3779.8809,579.5623,False,False,True,15.698647,,1683.6938,1681,-3488.3928,4.405323,150.4175417105151,,0.7579696575464276,,0.8558196,,-27.810669,,,0,False,,,,,,,,0,False,False,False,15576.308,33.78093,0.17600569,0.10633975,-0.0016252646,0.121507086,0.14919218,0.016280564,False,False,False,False,0.00625797,0.7722297,False,False,61097.2289124355,,18,False,False,False,False,False,False,False,False,False,False,False,False,False,False,False,False,False,False,False,False,False,i
3,61097.227535715414,lsst,150.4175586512945,0.7579726480156607,314011777182990477,170059294526931141,0,314011777182990477,-3702.8433,227.89449,0,0,0,12228.01,223.51152,True,2026022500224,33,0.0,1.2142356e-05,1.1334031e-05,1.5330376e-11,3627.7922,0.19755852,1964.3456,0.2249845,False,-3215.909,590.21344,False,False,True,16.035696,,1624.9904,1681,-3916.1948,1.7537065,150.4175561303517,,0.7579714268900435,,1.0186877,,6.1221147,,,0,False,,,,,,,,0,False,False,False,15997.229,27.070076,0.19739357,0.16458073,0.047364008,0.13374151,0.15071753,0.023845756,False,False,False,False,0.23267525,0.64645886,False,False,61097.229461483796,,20,False,False,False,False,False,False,False,False,False,False,False,False,False,False,False,False,False,False,False,False,False,i
3,61097.22799929998,lsst,150.41755916061177,0.7579494242650546,314011777182990477,170059294661673195,0,314011777182990477,-3281.046,228.13081,0,0,0,12283.022,222.29982,True,2026022500225,34,0.0,1.1668143e-05,1.0724684e-05,2.2419133e-11,380.50467,0.18106546,3624.3838,0.22085327,False,-3610.9028,580.4053,False,False,True,13.988461,,1609.2559,1681,-3253.4976,10.01189,150.41756160188726,,0.7579480945466126,,0.9025788,,26.014614,,,0,False,,,,,,,,0,False,False,False,15591.515,29.303682,0.10510755,0.14162517,0.035896774,0.1323483,0.15998982,0.016031874,False,False,False,False,0.08529686,0.7116926,False,False,61097.229854471036,,19,False,False,False,False,False,False,False,False,False,False,False,False,False,False,False,False,False,False,False,False,False,i
3,61097.228933777384,lsst,150.41755332566473,0.7579676324207604,314011777182990477,170059294928535679,0,314011777182990477,-2972.4333,234.69061,0,0,0,12626.206,229.83536,True,2026022500227,31,0.0,1.5974649e-05,1.6790511e-05,-5.857077e-11,2248.6711,0.32688627,479.1035,0.26016444,False,-2621.2449,584.5001,False,False,True,12.73589,,1687.089,1681,-3172.1428,2.733879,150.41755007575756,,0.7579678278643808,,1.1277368,,-35.997215,,,0,False,,,,,,,,0,False,False,False,15599.12,17.677797,0.25326985,0.12772869,0.0053209234,0.14758007,0.16703823,0.017170126,False,False,False,False,0.1610101,0.5666066,False,False,61097.23088249769,,19,False,False,False,False,False,False,False,False,False,False,False,False,False,False,False,False,False,False,False,False,False,i
3,61097.229400538534,lsst,150.41756717059144,0.7579934241791426,314011777182990477,170059295061704874,0,314011777182990477,-3340.079,232.66231,0,0,0,12006.653,226.71848,True,2026022500228,29,0.0,1.4151007e-05,1.41173605e-05,1.7794683e-12,2486.4211,0.25353324,3775.1257,0.25578624,False,-2870.0466,577.80524,False,False,True,14.220883,,1773.67,1681,-3319.0088,0.09258186,150.41756937176464,,0.7579959183858633,,0.78578097,,-1.878971,,,0,False,,,,,,,,0,False,False,False,15390.29,16.218527,0.19839832,0.18796903,0.027414057,0.15667447,0.17140391,0.006386972,False,False,False,False,0.12164338,0.653808,False,False,61097.2314287378,,20,False,False,False,False,False,False,False,False,False,False,False,False,False,False,False,False,False,False,False,False,False,i
3,61097.22986895565,lsst,150.41755711531462,0.7579842294094039,314011777182990477,170059295195922693,0,314011777182990477,-3350.787,234.6384,0,0,0,12324.745,228.74384,True,2026022500229,29,0.0,1.40858565e-05,1.4038738e-05,2.2563635e-11,2770.8228,0.23850048,3235.0212,0.26741427,False,-3050.4727,576.14087,False,False,True,14.191167,,1672.0095,1681,-3430.4438,5.118113,150.41755786300587,,0.7579904974502085,,0.9434525,,18.511784,,,0,False,,,,,,,,0,False,False,False,15688.062,16.824568,0.15850912,0.20784336,0.03400788,0.16537023,0.1755841,0.018263951,False,False,False,False,0.023417799,0.6276535,False,False,61097.23191738713,,20,False,False,False,False,False,False,False,False,False,False,False,False,False,False,False,False,False,False,False,False,False,i
3,61097.230335483975,lsst,150.4175664662242,0.7579633304281279,314011777182990477,170059295330140293,0,314011777182990477,-3504.4187,229.01543,0,0,0,11981.005,224.07692,True,2026022500230,29,0.0,1.23032005e-05,1.2489409e-05,2.9050139e-11,2283.1152,0.20112625,1789.0616,0.2436384,False,-3850.209,573.781,False,False,True,15.189167,,1590.5344,1681,-3415.1616,0.8293728,150.41756714639195,,0.7579667571955759,,0.7158407,,11.967277,,,0,False,,,,,,,,0,False,False,False,15505.674,17.631624,0.15717469,0.17944908,0.020201923,0.1464695,0.16340536,0.0034948485,False,False,False,False,0.028515551,0.72650707,False,False,61097.2322991955,,19,False,False,False,False,False,False,False,False,False,False,False,False,False,False,False,False,False,False,False,False,False,i
3,61097.230964319504,lsst,150.4175608918125,0.7579571353482881,314011777182990477,170059295511019673,0,314011777182990477,-3862.686,244.43016,0,0,0,11769.53,238.99971,True,2026022500231,118,0.0,1.3472516e-05,1.5864058e-05,1.5111521e-11,706.69543,0.2878587,3690.294,0.24056578,False,-3474.679,575.66565,False,False,True,15.650483,,1693.918,1681,-3875.5332,0.95447916,150.41755545630167,,0.7579651772470891,,0.8163872,,25.436872,,,0,False,,,,,,,,0,False,False,False,15670.213,14.9612055,0.25420737,0.20129165,0.013955235,0.20171525,0.17429562,0.013192754,False,False,False,False,0.18988203,0.66292167,False,False,61097.23300390095,,21,False,False,False,False,False,False,False,False,False,False,False,False,False,False,False,False,False,False,False,False,False,i
3,61097.23143014299,lsst,150.41757687723864,0.7579702901017564,314011777182990477,170059295645237386,0,314011777182990477,-3509.632,228.35257,0,0,0,12059.231,222.8376,True,2026022500232,118,0.0,1.0977145e-05,1.181268e-05,3.0078197e-12,2938.9136,0.213286,1634.9055,0.19727854,False,-3386.593,570.98236,False,False,True,15.233246,,1662.0245,1681,-3674.917,2.0375268,150.41757485449193,,0.7579713598225928,,1.0294336,,47.91539,,,0,False,,,,,,,,0,False,False,False,15622.98,21.527693,0.1721354,0.1517894,0.051306274,0.1817437,0.1491226,0.019504484,False,False,False,False,0.0018219847,0.7326134,False,False,61097.23333446543,,19,False,False,False,False,False,False,False,False,False,False,False,False,False,False,False,False,False,False,False,False,False,i
3,61097.23189604493,lsst,150.41756299151285,0.7579745275925627,314011777182990477,170059295759007902,0,314011777182990477,-3645.1,231.52829,0,0,0,12130.596,226.2241,True,2026022500233,79,0.0,1.1500254e-05,1.1778586e-05,6.941283e-13,2079.2126,0.21240547,2852.8225,0.20702149,False,-2666.3674,575.2732,False,False,True,15.814995,,1699.6561,1681,-3576.3682,4.2242026,150.41756362278085,,0.7579721002842812,,0.4786826,,4.4636807,,,0,False,,,,,,,,0,False,False,False,15829.918,16.40439,0.15467162,0.13481319,-0.00037115824,0.17097172,0.171608,0.030293461,False,False,False,False,0.0979283,0.6545624,False,False,61097.23384298958,,18,False,False,False,False,False,False,False,False,False,False,False,False,False,False,False,False,False,False,False,False,False,i
3,61097.232364983254,lsst,150.4175409370979,0.7580028168695446,314011777182990477,170059295893225657,0,314011777182990477,-3265.5686,227.48819,0,0,0,11990.909,222.3434,True,2026022500234,79,0.0,1.2152988e-05,1.234815e-05,2.9090275e-13,1473.2789,0.22266918,3343.4368,0.21883667,False,-2356.5586,575.0964,False,False,True,14.279402,,1724.4244,1681,-3271.2817,5.3976035,150.41754042599615,,0.7579983631680047,,0.7028133,,48.785194,,,0,False,,,,,,,,0,False,False,False,15290.315,19.279694,0.13973138,0.14165385,0.022485984,0.16235983,0.15634917,0.023298291,False,False,False,False,0.05328465,0.6156188,False,False,61097.23448295459,,18,False,False,False,False,False,False,False,False,False,False,False,False,False,False,False,False,False,False,False,False,False,i
3,61097.23283055525,lsst,150.4175436596935,0.7579602665589628,314011777182990477,170059296027443350,0,314011777182990477,-3349.4497,229.22049,0,0,0,12265.46,223.88002,True,2026022500235,79,0.0,1.5767713e-05,1.2915403e-05,7.9211724e-13,877.5044,0.23289114,3543.5247,0.28395963,False,-3155.1248,573.4257,False,False,True,14.404193,,1690.4716,1681,-3494.9297,2.4616153,150.4175473085839,,0.7579646941804977,,1.0014443,,62.87165,,,0,False,,,,,,,,0,False,False,False,15648.388,19.735537,0.15162554,0.20919403,0.038684364,0.1601914,0.15493672,0.0150114605,False,False,False,False,0.07964987,0.61388963,False,False,61097.23478688838,,19,False,False,False,False,False,False,False,False,False,False,False,False,False,False,False,False,False,False,False,False,False,i
3,61097.233296507584,lsst,150.41753126665103,0.757974636725796,314011777182990477,170059296161661085,0,314011777182990477,-2868.7307,229.4311,0,0,0,12475.084,224.53146,True,2026022500236,79,0.0,2.608967e-05,2.9657962e-05,-1.1767282e-11,1354.8967,0.5349747,2842.1414,0.46957803,False,-3417.0488,573.0223,False,False,True,12.342967,,1685.2151,1681,-3388.9124,0.5441664,150.41753695171462,,0.7579723419129168,,1.3555496,,36.833862,,,0,False,,,,,,,,0,False,False,False,15409.996,20.874022,0.2647402,0.23427255,0.091460034,0.18183972,0.14615962,0.016491095,False,False,False,False,0.67272353,0.5741802,False,False,61097.235271821584,,19,False,False,False,False,False,False,False,False,False,False,False,False,False,False,False,False,False,False,False,False,False,i
3,61097.2337657407,lsst,150.41754951871755,0.7579740651056359,314011777182990477,170059296295354481,0,314011777182990477,-3328.8718,238.6324,0,0,0,12250.429,231.0242,True,2026022500237,78,0.0,1.4420145e-05,1.3646046e-05,2.5752764e-12,1940.516,0.24603035,806.41064,0.25991598,False,-4076.1,592.25684,False,False,True,13.590308,,1721.178,1681,-3459.7302,3.3528116,150.41755396650743,,0.7579758501467933,,0.9438177,,58.24475,,,0,False,,,,,,,,0,False,False,False,15585.826,19.78518,0.16569732,0.21880552,0.032276254,0.18687317,0.15650295,0.018837256,False,False,False,False,0.059893943,0.6560989,False,False,61097.23566165619,,20,False,False,False,False,False,False,False,False,False,False,False,False,False,False,False,False,False,False,False,False,False,i
3,61097.23423172835,lsst,150.41755506724664,0.7579343683746399,314011777182990477,170059296430096507,0,314011777182990477,-3618.9434,232.0006,0,0,0,11721.026,226.88089,True,2026022500238,79,0.0,9.996878e-06,1.2720349e-05,-1.0579703e-11,713.51337,0.23063159,1570.7863,0.17842636,False,-2665.9204,577.3582,False,False,True,15.326856,,1707.6434,1681,-3534.1614,5.63,150.41755165088034,,0.7579410125828058,,0.6809602,,-7.664687,,,0,False,,,,,,,,0,False,False,False,15370.24,20.435932,0.1640869,0.12220878,0.0013188818,0.17955983,0.15417615,0.024042275,False,False,False,False,0.081014514,0.72919154,False,False,61097.236146870935,,19,False,False,False,False,False,False,False,False,False,False,False,False,False,False,False,False,False,False,False,False,False,i
3,61097.23469754694,lsst,150.4175511516069,0.7579791916921763,314011777182990477,170059296562217102,0,314011777182990477,-3936.867,241.6537,0,0,0,11671.204,235.83038,True,2026022500239,75,0.0,1.2662955e-05,1.26102295e-05,3.000066e-13,2354.5632,0.22747038,2029.0706,0.22811298,False,-3809.4353,589.52576,False,False,True,16.198965,,1709.0381,1681,-3948.3826,0.32231417,150.41755266043356,,0.7579871125901164,,0.81276923,,11.626655,,,0,False,,,,,,,,0,False,False,False,15676.565,20.674105,0.21942227,0.1794676,0.022307357,0.186011,0.16025545,0.035154246,False,False,False,False,0.095398344,0.7113471,False,False,61097.236636147485,,21,False,False,False,False,False,False,False,False,False,False,False,False,False,False,False,False,False,False,False,False,False,i
3,61097.23516563969,lsst,150.4175800404698,0.7579435314123113,314011777182990477,170059296696434838,0,314011777182990477,-3887.7734,233.9803,0,0,0,11424.97,228.18242,True,2026022500240,75,0.0,1.0257385e-05,8.940161e-06,7.60116e-12,3776.8787,0.15911229,3330.123,0.18656656,False,-3273.3237,587.4807,False,False,True,16.169342,,1712.8992,1681,-3941.6533,8.891495,150.4175849689473,,0.7579456121726533,,1.0416546,,37.535664,,,0,False,,,,,,,,0,False,False,False,15303.322,30.464167,0.10985979,0.14103608,0.05451191,0.15996544,0.14753635,0.02146684,False,False,False,False,0.122418255,0.76326615,False,False,61097.237150530505,,19,False,False,False,False,False,False,False,False,False,False,False,False,False,False,False,False,False,False,False,False,False,i
3,61097.23563217152,lsst,150.4175532274356,0.7579814849642653,314011777182990477,170059296829079681,0,314011777182990477,-3724.7268,241.4696,0,0,0,12000.072,236.45569,True,2026022500241,72,0.0,1.3052401e-05,1.3943585e-05,-9.114209e-12,1666.6443,0.25358194,3326.5063,0.23297016,False,-3924.9946,586.3866,False,False,True,15.209609,,1680.261,1681,-3982.0605,2.240386,150.4175490325941,,0.7579910690997891,,1.1125796,,20.251762,,,0,False,,,,,,,,0,False,False,False,15743.029,22.471333,0.2254979,0.1990184,0.058466494,0.18000399,0.1703101,0.035522446,False,False,False,False,0.17887422,0.73190075,False,False,61097.23768309941,,21,False,False,False,False,False,False,False,False,False,False,False,False,False,False,False,False,False,False,False,False,False,i
3,61097.23656441576,lsst,150.41756981468077,0.7579855663026354,314011777182990477,170059297077592237,0,314011777182990477,-3125.5054,237.44098,0,0,0,12428.246,230.32167,True,2026022500243,34,0.0,1.6151549e-05,1.46268985e-05,2.6807005e-11,3180.0156,0.25605288,2005.9065,0.2975669,False,-2466.8079,571.33636,False,False,True,13.32061,,1714.6317,1681,-3111.2776,1.9458758,150.41756777520735,,0.7579840788463708,,0.71294254,,-114.457695,,,0,False,,,,,,,,0,False,False,False,15569.711,22.98192,0.1585402,0.20402096,-7.472435e-05,0.15555134,0.18384072,0.030549685,False,False,False,False,0.019613208,0.61940694,False,False,61097.23859135789,,19,False,False,False,False,False,False,False,False,False,False,False,False,False,False,False,False,False,False,False,False,False,i
3,61097.23703187594,lsst,150.41755980265526,0.757990741306193,314011777182990477,170059297211809952,0,314011777182990477,-2919.5376,238.6329,0,0,0,12602.088,231.7752,True,2026022500244,34,0.0,1.6251124e-05,1.5868185e-05,8.410005e-12,3296.4453,0.28361058,1400.3021,0.29502243,False,-2698.1978,575.40704,False,False,True,12.028236,,1734.2047,1681,-3156.0178,6.354374,150.41755747099828,,0.757984909066752,,1.1682569,,15.173025,,,0,False,,,,,,,,0,False,False,False,15525.988,15.443243,0.19044873,0.17952092,0.06867631,0.1550596,0.20554897,0.029111963,False,False,False,False,0.0030389065,0.6269899,False,False,61097.23909365847,,19,False,False,False,False,False,False,False,False,False,False,False,False,False,False,False,False,False,False,False,False,False,i
3,61097.23749753804,lsst,150.41757750257705,0.7579473013383891,314011777182990477,170059297346027693,0,314011777182990477,-2888.8457,230.01877,0,0,0,12248.631,223.79105,True,2026022500245,34,0.0,1.8786952e-05,1.5360709e-05,1.0552049e-10,2412.0144,0.23768884,152.18477,0.36697447,False,-2472.5112,573.45953,False,False,True,12.320532,,1671.8358,1681,-3377.9287,5.6894617,150.41758499397906,,0.7579519382869857,,1.4785373,,36.857174,,,0,False,,,,,,,,0,False,False,False,15162.843,16.551804,0.14908168,0.3135859,0.08288335,0.14400552,0.19048584,0.016606683,False,False,False,False,0.45956078,0.6706623,False,False,61097.23951473407,,20,False,False,False,False,False,False,False,False,False,False,False,False,False,False,False,False,False,False,False,False,False,i
3,61097.23795917646,lsst,150.41756483188865,0.7579799006982771,314011777182990477,170059297478672542,0,314011777182990477,-3342.543,229.78459,0,0,0,12340.039,224.13757,True,2026022500246,31,0.0,1.3326981e-05,1.2336086e-05,2.6382316e-11,1129.5511,0.21000314,3457.49,0.25103518,False,-2864.2595,576.7403,False,False,True,14.172672,,1676.5585,1681,-3576.0713,9.275452,150.41756671366315,,0.7579849297601029,,1.1062807,,14.618095,,,0,False,,,,,,,,0,False,False,False,15712.076,20.99456,0.16451317,0.17276256,0.0614383,0.14526623,0.18396918,0.032351878,False,False,False,False,0.0024580273,0.64092034,False,False,61097.23997410992,,19,False,False,False,False,False,False,False,False,False,False,False,False,False,False,False,False,False,False,False,False,False,i
3,61097.238893193,lsst,150.41755559025003,0.7579626783299075,314011777182990477,170059297747632269,0,314011777182990477,-3700.1482,220.29454,0,0,0,11894.732,215.13058,True,2026022500248,32,0.0,1.3280389e-05,1.2629133e-05,3.5166148e-11,1407.7252,0.20686987,750.44507,0.25734448,False,-3740.342,571.32306,False,False,True,16.770386,,1710.121,1681,-3614.997,1.8701128,150.41755286650843,,0.7579609213600784,,0.4136252,,-30.182005,,,0,False,,,,,,,,0,False,False,False,15594.467,18.516317,0.18363509,0.16963135,0.0020797767,0.12718633,0.17710161,0.010859045,False,False,False,False,0.09401931,0.6592903,False,False,61097.24099098111,,20,False,False,False,False,False,False,False,False,False,False,False,False,False,False,False,False,False,False,False,False,False,i
3,61097.23935848136,lsst,150.41755479250085,0.7579712805570517,314011777182990477,170059297881850005,0,314011777182990477,-3220.346,214.20297,0,0,0,12180.729,207.96545,True,2026022500249,32,0.0,1.31468905e-05,1.2629794e-05,5.131952e-11,633.4696,0.19280083,687.3291,0.26593834,False,-3657.245,572.01245,False,False,True,14.824919,,1769.3254,1681,-3348.6594,1.786007,150.417551400908,,0.7579685068418784,,0.8920832,,13.168644,,,0,False,,,,,,,,0,False,False,False,15392.375,26.743513,0.13735606,0.16226128,0.03591549,0.12928605,0.1416681,0.015953746,False,False,False,False,0.037270796,0.7556652,False,False,61097.24125020072,,16,False,False,False,False,False,False,False,False,False,False,False,False,False,False,False,False,False,False,False,False,False,i
3,61097.23982355084,lsst,150.4175821549213,0.7579411582182568,314011777182990477,170059298016067724,0,314011777182990477,-3232.492,213.67181,0,0,0,11827.842,208.4535,True,2026022500250,32,0.0,1.1880723e-05,1.1885846e-05,-1.2461773e-11,64.79613,0.22345713,422.9942,0.2044174,False,-3622.722,570.31494,False,False,True,14.996747,,1685.5131,1681,-3230.9116,2.063002,150.41757981961248,,0.7579412403460538,,0.7420332,,-66.13557,,,0,False,,,,,,,,0,False,False,False,15040.026,20.824736,0.16253237,0.1257574,-0.01736454,0.13604596,0.13664044,0.004441837,False,False,False,False,0.011123671,0.65180504,False,False,61097.241742351944,,17,False,False,False,False,False,False,False,False,False,False,False,False,False,False,False,False,False,False,False,False,False,i
3,61097.24029005452,lsst,150.41755340317408,0.7579689190448812,314011777182990477,170059298150285442,0,314011777182990477,-3225.1016,213.49141,0,0,0,12241.879,208.39543,True,2026022500251,32,0.0,1.209777e-05,1.2039828e-05,-6.006705e-12,891.92554,0.2219897,253.52795,0.21285827,False,-2982.4976,574.2368,False,False,True,14.877649,,1738.4777,1681,-3010.3237,2.708133,150.417549951111,,0.7579723944740618,,0.34708622,,-76.447334,,,0,False,,,,,,,,0,False,False,False,15515.287,24.18952,0.15439568,0.1489694,-0.004342775,0.13224225,0.13017194,0.004746923,False,False,False,False,0.07693159,0.69627625,False,False,61097.2421417963,,17,False,False,False,False,False,False,False,False,False,False,False,False,False,False,False,False,False,False,False,False,False,i
3,61097.24075844562,lsst,150.41758497964952,0.7579236897942594,314011777182990477,170059298282406040,0,314011777182990477,-3330.3762,215.90019,0,0,0,11387.297,211.55403,True,2026022500252,28,0.0,1.2329483e-05,1.1693959e-05,-3.795035e-11,3920.8,0.24396834,502.29474,0.18528922,False,-2793.028,592.6214,False,False,True,15.313852,,1646.2517,1681,-3373.1062,0.62025046,150.41758128060692,,0.7579261911636159,,0.79101974,,-49.14472,,,0,False,,,,,,,,0,False,False,False,14749.714,31.713371,0.16515024,0.10654648,0.0014352795,0.12986472,0.13198449,0.0004857759,False,False,False,False,0.0046326057,0.716968,False,False,61097.242537593076,,16,False,False,False,False,False,False,False,False,False,False,False,False,False,False,False,False,False,False,False,False,False,i
3,61097.24122591873,lsst,150.41755628155937,0.7579609030580016,314011777182990477,170059298417148076,0,314011777182990477,-3360.505,208.03023,0,0,0,12138.659,203.72002,True,2026022500253,29,0.0,1.06896705e-05,1.0614307e-05,-2.0926691e-12,1308.2782,0.19387202,3126.4658,0.19002143,False,-3329.341,584.0951,False,False,True,15.906684,,1746.475,1681,-3160.1484,0.16548064,150.41755700998345,,0.7579630768781326,,0.40981263,,-103.9106,,,0,False,,,,,,,,0,False,False,False,15536.084,32.00684,0.12110606,0.1238556,-0.0071119824,0.122150876,0.10558425,-0.0023224147,False,False,False,False,0.016192961,0.750005,False,False,61097.24330215635,,16,False,False,False,False,False,False,False,False,False,False,False,False,False,False,False,False,False,False,False,False,False,i
3,61097.24215983966,lsst,150.417557709584,0.7579609779038468,314011777182990477,170059298685583518,0,314011777182990477,-3657.5469,205.21437,0,0,0,11976.576,203.36923,True,2026022500255,29,0.0,9.53153e-06,1.02056865e-05,1.2386086e-11,2185.1355,0.16463476,557.51227,0.19035059,False,-3965.7349,578.5378,False,False,True,17.497293,,1629.153,1681,-3536.5178,0.7841276,150.41755469959742,,0.757958714846558,,0.682774,,-136.96973,,,0,False,,,,,,,,0,False,False,False,15725.517,35.807274,0.11689043,0.15535285,-0.008907623,0.11679945,0.106500484,-0.0056411764,False,False,False,False,0.1257826,0.8049171,False,False,61097.24395177829,,18,False,False,False,False,False,False,False,False,False,False,False,False,False,False,False,False,False,False,False,False,False,i
3,61097.24309586386,lsst,150.41756310587442,0.7579695612102367,314011777182990477,170059298940387579,0,314011777182990477,-3382.8694,217.23788,0,0,0,12375.709,211.65938,True,2026022500257,3,0.0,9.6152235e-06,9.52506e-06,-7.8507903e-13,2934.555,0.17351906,3298.4011,0.17148095,False,-2824.6,594.08276,False,False,True,15.17302,,1680.4608,1681,-3271.8728,3.732495,150.4175622481775,,0.7579674718753062,,0.67246866,,-103.6209,,,0,False,,,,,,,,0,False,False,False,15790.402,23.047756,0.10971053,0.09976761,-0.020447046,0.1211785,0.123177364,-0.0059953877,False,False,False,False,0.060493805,0.6373822,False,False,61097.24492575547,,16,False,False,False,False,False,False,False,False,False,False,False,False,False,False,False,False,False,False,False,False,False,i
3,61097.243565053366,lsst,150.41756646600325,0.7579641001856443,314011777182990477,170059299076702353,0,314011777182990477,-3716.4185,206.2698,0,0,0,11946.88,199.71362,True,2026022500258,7,0.0,8.481969e-06,8.305964e-06,-1.2988005e-12,3119.6855,0.1532729,266.27872,0.14919767,False,-2805.726,579.50244,False,False,True,17.817984,,1549.3491,1681,-3447.7107,2.5857797,150.41756679495816,,0.7579652550395516,,0.42621294,,-26.886864,,,0,False,,,,,,,,0,False,False,False,15684.098,23.933605,0.100025155,0.098067984,0.007867147,0.11578127,0.10953964,-0.0007432674,False,False,False,False,0.04037238,0.7340576,False,False,61097.24538703428,,16,False,False,False,False,False,False,False,False,False,False,False,False,False,False,False,False,False,False,False,False,False,i
3,61097.244500359084,lsst,150.41756372611505,0.7579486850813268,314011777182990477,170059299343565002,0,314011777182990477,-3627.205,208.5831,0,0,0,11958.599,202.85167,True,2026022500260,4,0.0,1.1141857e-05,1.05577465e-05,-3.6953383e-12,3841.6765,0.20148116,2617.8628,0.18951428,False,-4589.468,580.91376,False,False,True,17.183147,,1776.7401,1681,-3536.088,1.7718791,150.4175609911222,,0.757950724459498,,0.6683645,,-47.71884,,,0,False,,,,,,,,0,False,False,False,15598.938,25.962645,0.16912852,0.1453277,0.016080227,0.114246696,0.11619379,-0.00029501144,False,False,False,False,0.318723,0.76250905,False,False,61097.246363731785,,17,False,False,False,False,False,False,False,False,False,False,False,False,False,False,False,False,False,False,False,False,False,i
3,61097.245062407645,lsst,150.41755301154168,0.7579950857856398,314011777182990477,170059299491938440,0,314011777182990477,-3622.6726,226.34528,0,0,0,11875.805,221.88629,True,2026022500261,31,0.0,1.0831783e-05,1.0823755e-05,-2.4696578e-13,1710.7285,0.19542259,2198.1797,0.19490644,False,-3121.391,582.44464,False,False,True,15.770246,,1690.8943,1681,-3777.6838,10.668952,150.41755628054995,,0.7579930964515836,,1.0839856,,-6.0327168,,,0,False,,,,,,,,0,False,False,False,15549.491,22.551102,0.17623687,0.11254404,0.05149555,0.13712907,0.16215074,0.030577177,False,False,False,False,0.004605714,0.7203778,False,False,61097.24695519873,,21,False,False,False,False,False,False,False,False,False,False,False,False,False,False,False,False,False,False,False,False,False,i
3,61097.245525949475,lsst,150.41754866036518,0.7579577249275257,314011777182990477,170059299626680486,0,314011777182990477,-3321.5295,214.50777,0,0,0,12182.379,210.39732,True,2026022500262,32,0.0,1.0184875e-05,1.0678224e-05,-2.1992123e-11,500.42453,0.20664686,2413.6765,0.16731596,False,-3752.4763,567.19525,False,False,True,15.08525,,1652.018,1681,-3386.2937,1.0475998,150.4175493725229,,0.7579565016467752,,0.9651166,,-10.514843,,,0,False,,,,,,,,0,False,False,False,15522.404,26.137365,0.15459844,0.10146328,0.03863383,0.12770249,0.13701852,0.013283892,False,False,False,False,0.0035411692,0.71197844,False,False,61097.24740241101,,17,False,False,False,False,False,False,False,False,False,False,False,False,False,False,False,False,False,False,False,False,False,i
3,61097.245992478274,lsst,150.41756702653024,0.7579655729210378,314011777182990477,170059299759325359,0,314011777182990477,-3129.352,215.15639,0,0,0,12172.046,209.28714,True,2026022500263,29,0.0,1.1970832e-05,1.1972283e-05,-1.5579399e-12,2114.3733,0.21689466,3941.665,0.21449931,False,-2607.3662,573.48663,False,False,True,14.267703,,1781.7188,1681,-3308.8838,2.5647714,150.41756491490014,,0.7579644640928492,,0.9823801,,-3.85173,,,0,False,,,,,,,,0,False,False,False,15320.429,21.894842,0.16788784,0.14324047,0.045565464,0.12635902,0.13382338,0.013302108,False,False,False,False,0.11745097,0.65758467,False,False,61097.24786918974,,17,False,False,False,False,False,False,False,False,False,False,False,False,False,False,False,False,False,False,False,False,False,i
3,61097.24645790426,lsst,150.4175656587144,0.7579633775067812,314011777182990477,170059299893543088,0,314011777182990477,-3291.3396,209.18318,0,0,0,12164.727,203.7075,True,2026022500264,29,0.0,1.0575348e-05,1.0575304e-05,-6.065416e-12,1345.356,0.19569077,3838.1877,0.18528703,False,-2515.088,575.04724,False,False,True,15.676337,,1690.891,1681,-3428.9292,2.8037817,150.41756352236914,,0.7579628931632632,,0.8986437,,-13.046227,,,0,False,,,,,,,,0,False,False,False,15496.391,36.0176,0.15346749,0.117201984,0.034810808,0.12204451,0.11361979,0.010000219,False,False,False,False,0.06305744,0.66119725,False,False,61097.24831849089,,16,False,False,False,False,False,False,False,False,False,False,False,False,False,False,False,False,False,False,False,False,False,i
3,61097.24692304268,lsst,150.41755139335663,0.7579628354503292,314011777182990477,170059300027760844,0,314011777182990477,-3266.9558,219.2647,0,0,0,12356.045,213.85234,True,2026022500265,29,0.0,1.2675139e-05,1.2844251e-05,3.0058976e-11,794.6401,0.20762095,3545.1477,0.25027233,False,-4304.241,575.66895,False,False,True,14.720202,,1646.0791,1681,-3540.1191,6.329029,150.41755506906705,,0.7579606663869438,,1.1598972,,1.4496138,,,0,False,,,,,,,,0,False,False,False,15720.525,23.878284,0.16579321,0.18348363,0.06793855,0.13213342,0.13545428,0.011406534,False,False,False,False,0.26834828,0.67847675,False,False,61097.24882313232,,18,False,False,False,False,False,False,False,False,False,False,False,False,False,False,False,False,False,False,False,False,False,i
3,61097.24739162343,lsst,150.41756227141116,0.7579767408679536,314011777182990477,170059300161978540,0,314011777182990477,-3575.4326,214.95317,0,0,0,11985.119,209.69984,True,2026022500266,29,0.0,1.0119843e-05,1.0280414e-05,9.56741e-12,1634.1569,0.1750472,3417.172,0.19215403,False,-3315.1033,575.68774,False,False,True,16.508636,,1709.401,1681,-3434.6643,0.06406562,150.41756166131472,,0.757979057094341,,0.5771514,,28.95307,,,0,False,,,,,,,,0,False,False,False,15559.872,26.779917,0.13133022,0.15868007,0.0054208795,0.123912275,0.1318408,0.0049158814,False,False,False,False,0.055858754,0.7128256,False,False,61097.24924033139,,18,False,False,False,False,False,False,False,False,False,False,False,False,False,False,False,False,False,False,False,False,False,i
3,61097.248322646155,lsst,150.41753432403922,0.7579767772453806,314011777182990477,170059300430413983,0,314011777182990477,-3524.0752,211.8301,0,0,0,11705.295,206.1915,True,2026022500268,29,0.0,1.0090834e-05,1.0404325e-05,8.1313714e-12,2122.3823,0.1768459,2084.257,0.19219121,False,-4218.927,575.82996,False,False,True,16.291746,,1617.9196,1681,-3427.39,0.9807818,150.41753693103465,,0.7579753912401918,,0.7418416,,6.7852125,,,0,False,,,,,,,,0,False,False,False,15277.7705,37.090923,0.11679056,0.14682385,0.020625796,0.10695102,0.1339069,0.0068851374,False,False,False,False,0.026574986,0.725707,False,False,61097.250192971,,16,False,False,False,False,False,False,False,False,False,False,False,False,False,False,False,False,False,False,False,False,False,i
3,61097.249726887734,lsst,150.41755139707962,0.757975283272531,314011777182990477,170059300819435735,0,314011777182990477,-3268.6926,224.1777,0,0,0,12302.631,219.20746,True,2026022500271,3,0.0,1.05350855e-05,1.1131892e-05,7.860225e-12,496.24246,0.1866683,3597.9695,0.20373493,False,-3512.3413,591.06,False,False,True,14.425279,,1705.0054,1681,-3210.4849,5.7322183,150.4175523143256,,0.7579763442810329,,0.7446675,,-8.411668,,,0,False,,,,,,,,0,False,False,False,15612.904,23.284899,0.110453546,0.13139705,0.023782386,0.12725675,0.13501853,0.0075617307,False,False,False,False,0.019746995,0.7013636,False,False,61097.251639340255,,17,False,False,False,False,False,False,False,False,False,False,False,False,False,False,False,False,False,False,False,False,False,i
3,61097.25066211226,lsst,150.41756778086028,0.7579452091148137,314011777182990477,170059301088919843,0,314011777182990477,-3591.074,213.43103,0,0,0,12009.172,207.60669,True,2026022500273,5,0.0,8.727952e-06,9.483427e-06,5.375474e-12,33.833538,0.15525883,3970.346,0.17270781,False,-3344.921,579.6721,False,False,True,16.643112,,1704.7451,1681,-3415.3655,1.2196838,150.41756985647163,,0.7579457382217804,,0.73887944,,-157.21387,,,0,False,,,,,,,,0,False,False,False,15617.651,27.564077,0.082783535,0.13405679,-0.00359745,0.12537068,0.12393969,-0.0015581757,False,False,False,False,0.05158795,0.72220194,False,False,61097.25248685766,,16,False,False,False,False,False,False,False,False,False,False,False,False,False,False,False,False,False,False,False,False,False,i
3,61097.251131012905,lsst,150.41756065594785,0.7579577609826369,314011777182990477,170059301223137502,0,314011777182990477,-3512.7368,216.64706,0,0,0,12093.195,210.28082,True,2026022500274,5,0.0,1.0966553e-05,1.083416e-05,-7.638321e-13,553.82263,0.19764799,3636.5405,0.19515687,False,-3472.541,582.14014,False,False,True,15.838982,,1623.482,1681,-3239.1628,1.2004389,150.41756005384875,,0.7579578053209983,,0.38182858,,-45.871605,,,0,False,,,,,,,,0,False,False,False,15612.683,27.831654,0.14398836,0.13716073,0.005217598,0.12895276,0.12667884,0.0035507814,False,False,False,False,0.031400494,0.7297335,False,False,61097.25294390172,,17,False,False,False,False,False,False,False,False,False,False,False,False,False,False,False,False,False,False,False,False,False,i
3,61097.25159683409,lsst,150.41758248650007,0.7579637713215239,314011777182990477,170059301357355161,0,314011777182990477,-2828.2283,216.69342,0,0,0,12393.948,211.38109,True,2026022500275,5,0.0,1.2915645e-05,1.4152479e-05,8.170445e-12,854.8372,0.23129287,2133.868,0.25640145,False,-2504.0723,581.14374,False,False,True,13.029001,,1675.4646,1681,-2675.589,0.47574332,150.41758075472146,,0.7579648412150584,,0.49541372,,-161.55513,,,0,False,,,,,,,,0,False,False,False,15249.054,24.966442,0.12348268,0.1444889,-0.002097415,0.12702565,0.1283852,-0.0034494905,False,False,False,False,0.0077098263,0.6325002,False,False,61097.25338391849,,15,False,False,False,False,False,False,False,False,False,False,False,False,False,False,False,False,False,False,False,False,False,i
3,61097.252134011025,lsst,150.4175876052841,0.7579431022525891,314011777182990477,170059301504155785,0,314011777182990477,-3609.8503,235.14995,0,0,0,11561.497,230.53383,True,2026022500276,29,0.0,1.19060205e-05,1.1964645e-05,2.6314324e-11,267.49365,0.19426338,1861.7856,0.23411688,False,-3046.5134,587.49243,False,False,True,14.962163,,1695.6919,1681,-3388.7666,1.9255817,150.41758242186734,,0.7579436538822093,,0.49113792,,7.4149966,,,0,False,,,,,,,,0,False,False,False,15197.54,21.258543,0.15076208,0.1568146,0.010008565,0.13871016,0.18557803,0.018923203,False,False,False,False,0.010735423,0.7198374,False,False,61097.25411952165,,20,False,False,False,False,False,False,False,False,False,False,False,False,False,False,False,False,False,False,False,False,False,i
3,61097.2525999111,lsst,150.41755115609743,0.7579740854688989,314011777182990477,170059301638373563,0,314011777182990477,-3229.6912,218.02231,0,0,0,12352.262,212.90385,True,2026022500277,29,0.0,1.4252318e-05,1.4700731e-05,4.7945158e-11,3199.4004,0.22880204,2641.0178,0.2893906,False,-3270.6104,583.784,False,False,True,14.797969,,1699.9689,1681,-3313.4812,1.414963,150.41754414164174,,0.7579771418772936,,0.8246866,,11.892568,,,0,False,,,,,,,,0,False,False,False,15593.259,26.696638,0.14302285,0.17630525,0.026862415,0.111985795,0.15298773,0.0050156983,False,False,False,False,0.13033547,0.6485091,False,False,61097.254472045104,,17,False,False,False,False,False,False,False,False,False,False,False,False,False,False,False,False,False,False,False,False,False,i
3,61097.25306716746,lsst,150.41755680989309,0.7579754794658747,314011777182990477,170059301776261251,0,314011777182990477,-3166.3784,223.37717,0,0,0,12377.734,218.53569,True,2026022500278,36,0.0,1.2284321e-05,1.30110175e-05,3.7663473e-11,1050.269,0.19842267,292.03586,0.2540874,False,-2345.7268,580.6145,False,False,True,14.154631,,1695.2893,1681,-3056.88,1.3166784,150.41755139657508,,0.7579747218517036,,0.5955192,,-115.06173,,,0,False,,,,,,,,0,False,False,False,15583.044,26.876736,0.1389864,0.15750399,-0.012678791,0.11925432,0.16142203,0.0054711103,False,False,False,False,0.01109535,0.6957954,False,False,61097.254916812,,17,False,False,False,False,False,False,False,False,False,False,False,False,False,False,False,False,False,False,False,False,False,i
3,61097.253532410716,lsst,150.4175702475574,0.7579803956830733,314011777182990477,170059301910478978,0,314011777182990477,-3273.7048,217.51741,0,0,0,11984.033,214.15045,True,2026022500279,36,0.0,1.2156561e-05,1.39855365e-05,6.627229e-11,310.36487,0.18127306,45.048927,0.2803941,False,-3805.3684,570.9681,False,False,True,14.71332,,1565.4799,1681,-3420.9985,0.56856465,150.41756355665896,,0.7579813104821527,,1.0177711,,17.045872,,,0,False,,,,,,,,0,False,False,False,15331.458,22.738075,0.14885329,0.22933152,0.029164756,0.13195702,0.15207651,0.0074365726,False,False,False,False,0.32354134,0.7123586,False,False,61097.25540668257,,17,False,False,False,False,False,False,False,False,False,False,False,False,False,False,False,False,False,False,False,False,False,i
3,61097.254470066066,lsst,150.41754314201745,0.7579557040959465,314011777182990477,170059302163185805,0,314011777182990477,-3245.001,229.21658,0,0,0,12196.742,223.0956,True,2026022500281,6,0.0,1.2439244e-05,1.3628789e-05,2.5273674e-11,655.30115,0.21362957,3923.807,0.2547858,False,-3261.622,586.427,False,False,True,14.110391,,1623.8918,1681,-3194.8445,2.1978648,150.41754225207697,,0.7579551525509318,,0.6416723,,-136.1032,,,0,False,,,,,,,,0,False,False,False,15449.476,18.674578,0.13151807,0.16350834,-0.0091255,0.14787479,0.15789357,0.01173109,False,False,False,False,0.004716049,0.6448722,False,False,61097.25640932092,,19,False,False,False,False,False,False,False,False,False,False,False,False,False,False,False,False,False,False,False,False,False,i
3,61097.25540403944,lsst,150.41753537524926,0.7579735882956212,314011777182990477,170059302431621267,0,314011777182990477,-3221.676,229.07384,0,0,0,12210.253,225.39552,True,2026022500283,6,0.0,1.287227e-05,1.5286292e-05,3.5623685e-11,1376.9624,0.22098301,2693.586,0.2843554,False,-3069.4404,591.2315,False,False,True,13.973135,,1780.6472,1681,-3333.058,2.2230048,150.41753160328443,,0.7579760387547907,,0.9333661,,-6.4943604,,,0,False,,,,,,,,0,False,False,False,15537.202,26.000927,0.13886046,0.1818262,0.03579417,0.12213619,0.16999573,0.013551462,False,False,False,False,0.034361474,0.61134696,False,False,61097.25731288247,,19,False,False,False,False,False,False,False,False,False,False,False,False,False,False,False,False,False,False,False,False,False,i
3,61097.25587181971,lsst,150.41756910428234,0.7579605718903679,314011777182990477,170059302564266199,0,314011777182990477,-3424.465,227.34145,0,0,0,12259.907,222.3048,True,2026022500284,3,0.0,1.0832722e-05,1.177986e-05,9.203644e-12,3159.725,0.19232167,2723.8208,0.21503124,False,-2268.1643,605.0733,False,False,True,15.091211,,1674.455,1681,-3325.3167,0.33516458,150.41756868706483,,0.7579593823681066,,0.48754722,,-21.409376,,,0,False,,,,,,,,0,False,False,False,15747.092,29.54735,0.12921949,0.1318545,0.010286149,0.11578183,0.1573482,0.011153505,False,False,False,False,0.0066487854,0.6533481,False,False,61097.25776749966,,16,False,False,False,False,False,False,False,False,False,False,False,False,False,False,False,False,False,False,False,False,False,i
3,61097.25633477936,lsst,150.41756945119036,0.757967921384181,314011777182990477,170059302700056713,0,314011777182990477,-3327.9226,225.3114,0,0,0,12292.876,220.25641,True,2026022500285,6,0.0,1.3112757e-05,1.2231251e-05,-7.2607983e-12,2831.512,0.237709,397.94196,0.21892507,False,-2829.7136,597.0426,False,False,True,14.750158,,1748.2771,1681,-3160.0469,2.2205603,150.41756369495,,0.7579676993334584,,0.53160983,,-91.05764,,,0,False,,,,,,,,0,False,False,False,15620.457,21.291279,0.14081529,0.120716274,-0.0073269326,0.12220548,0.14388035,3.628107e-05,False,False,False,False,0.0009763111,0.6678862,False,False,61097.25814000162,,17,False,False,False,False,False,False,False,False,False,False,False,False,False,False,False,False,False,False,False,False,False,i
3,61097.25680099358,lsst,150.41753357240867,0.7579565490403998,314011777182990477,170059302833225938,0,314011777182990477,-3638.6467,227.85315,0,0,0,11664.996,223.09468,True,2026022500286,4,0.0,1.0005515e-05,1.35124355e-05,2.2158091e-11,1030.2954,0.17517938,555.2223,0.2474546,False,-3996.4739,603.3689,False,False,True,15.7232065,,1683.4701,1681,-3698.3245,0.64940333,150.41753462889486,,0.7579578759439763,,0.8936487,,3.6540306,,,0,False,,,,,,,,0,False,False,False,15358.441,24.225758,0.13244393,0.20276554,0.013321966,0.11482606,0.16334261,0.004341811,False,False,False,False,0.13642241,0.665194,False,False,61097.25878350045,,18,False,False,False,False,False,False,False,False,False,False,False,False,False,False,False,False,False,False,False,False,False,i
3,61097.257268807545,lsst,150.4175623520622,0.7579544654240185,314011777182990477,170059302967967890,0,314011777182990477,-3324.2407,217.56226,0,0,0,12235.577,212.28053,True,2026022500287,5,0.0,1.0670659e-05,1.2031407e-05,6.3951878e-12,588.71277,0.1911272,215.14703,0.21797638,False,-3963.109,596.4331,False,False,True,15.083199,,1603.6738,1681,-3226.2522,0.39560235,150.4175619214918,,0.7579555151046281,,0.7058766,,-160.7669,,,0,False,,,,,,,,0,False,False,False,15563.634,32.272175,0.12354925,0.1670308,-0.00637178,0.11177078,0.12919942,-0.008034354,False,False,False,False,0.120170355,0.76126695,False,False,61097.25917216594,,16,False,False,False,False,False,False,False,False,False,False,False,False,False,False,False,False,False,False,False,False,False,i
3,61097.257736326705,lsst,150.41755947297705,0.7579580927621343,314011777182990477,170059303105855632,0,314011777182990477,-3440.2273,227.03702,0,0,0,12239.558,221.91478,True,2026022500288,12,0.0,1.0645271e-05,1.2269443e-05,5.446219e-12,355.21997,0.19101061,2411.6426,0.22177804,False,-2642.123,592.41034,False,False,True,15.118724,,1587.9521,1681,-3412.373,1.2691959,150.41755891928284,,0.7579587349533177,,0.7287803,,-131.57335,,,0,False,,,,,,,,0,False,False,False,15719.802,20.570448,0.13272005,0.14067443,-0.024111362,0.12759395,0.15225711,-0.0067322445,False,False,False,False,0.0018638441,0.6953675,False,False,61097.25956057514,,18,False,False,False,False,False,False,False,False,False,False,False,False,False,False,False,False,False,False,False,False,False,i
3,61097.25820279922,lsst,150.41757030343402,0.7579649112850556,314011777182990477,170059303240073359,0,314011777182990477,-3282.1135,220.20146,0,0,0,12354.013,215.45207,True,2026022500289,12,0.0,1.1482089e-05,1.3006923e-05,3.3993394e-12,927.765,0.20650698,2178.1873,0.23472111,False,-4096.083,593.1611,False,False,True,14.723961,,1653.7638,1681,-3203.6277,0.7679423,150.4175669467414,,0.7579664773816064,,0.6722307,,1.922375,,,0,False,,,,,,,,0,False,False,False,15671.584,25.780918,0.13314776,0.17348652,0.0022317385,0.119608186,0.13752687,-0.011036528,False,False,False,False,0.11249842,0.6949175,False,False,61097.26002448653,,17,False,False,False,False,False,False,False,False,False,False,False,False,False,False,False,False,False,False,False,False,False,i
3,61097.258671980075,lsst,150.4175266926304,0.7579796492329062,314011777182990477,170059303374291099,0,314011777182990477,-3404.0466,219.83498,0,0,0,11647.427,215.2802,True,2026022500290,12,0.0,1.0890306e-05,1.14962095e-05,5.3599367e-13,1504.9893,0.19608851,758.8874,0.20733616,False,-3142.6843,592.57745,False,False,True,15.498586,,1660.244,1681,-3193.7512,0.07753551,150.41752551701364,,0.7579811138146116,,0.45906413,,-146.57564,,,0,False,,,,,,,,0,False,False,False,15071.463,23.55564,0.13362959,0.14202455,-0.008103219,0.1222607,0.1344673,-0.011661002,False,False,False,False,0.017328538,0.597349,False,False,61097.26046291859,,17,False,False,False,False,False,False,False,False,False,False,False,False,False,False,False,False,False,False,False,False,False,i
3,61097.26035412487,lsst,150.41754533396335,0.7579718073991959,314011777182990477,170059303812071577,0,314011777182990477,-3775.487,220.03032,0,0,0,11870.54,214.58478,True,2026022500293,79,0.0,9.661921e-06,1.0952085e-05,5.853736e-13,1754.5792,0.19745082,929.48364,0.1739468,False,-3288.894,594.6618,False,False,True,16.889334,,1724.3057,1681,-3685.1677,1.1229036,150.41754329421354,,0.7579730285640186,,0.5921751,,22.00544,,,0,False,,,,,,,,0,False,False,False,15668.545,23.195383,0.15236597,0.12906285,0.010318239,0.1541469,0.11477491,0.012314936,False,False,False,False,0.007257484,0.6704033,False,False,61097.262094518126,,18,False,False,False,False,False,False,False,False,False,False,False,False,False,False,False,False,False,False,False,False,False,i
3,61097.26082036204,lsst,150.41755306438273,0.7579826243555482,314011777182990477,170059303946289298,0,314011777182990477,-3170.971,222.49335,0,0,0,12310.037,217.63116,True,2026022500294,79,0.0,1.2329411e-05,1.4492022e-05,-1.7667628e-12,1116.3486,0.2613394,1371.2528,0.22196864,False,-3044.438,594.50934,False,False,True,14.046362,,1628.6375,1681,-3266.771,1.749849,150.41755312081239,,0.7579833384124198,,0.86949337,,25.14738,,,0,False,,,,,,,,0,False,False,False,15493.824,28.152203,0.18137059,0.1393757,0.028683143,0.15338375,0.11824785,0.01304856,False,False,False,False,0.10527445,0.68774706,False,False,61097.262567588856,,17,False,False,False,False,False,False,False,False,False,False,False,False,False,False,False,False,False,False,False,False,False,i
3,61097.26129263872,lsst,150.41757462617963,0.757945735634914,314011777182990477,170059304080507035,0,314011777182990477,-3588.3916,228.10272,0,0,0,11655.557,223.3541,True,2026022500295,79,0.0,1.0381735e-05,1.122363e-05,-1.5005244e-12,506.24323,0.20247959,1519.2083,0.18682575,False,-3189.5566,596.9007,False,False,True,15.50773,,1681.4974,1681,-3769.6875,9.0230055,150.41757564039435,,0.7579414877763163,,1.0623993,,36.491814,,,0,False,,,,,,,,0,False,False,False,15296.097,21.786476,0.14971742,0.13455386,0.05735039,0.16799103,0.13001066,0.01909676,False,False,False,False,0.007893019,0.6672244,False,False,61097.26321135687,,19,False,False,False,False,False,False,False,False,False,False,False,False,False,False,False,False,False,False,False,False,False,i
3,61097.261759597175,lsst,150.41757086083098,0.7579461531276228,314011777182990477,170059304214724747,0,314011777182990477,-3631.1194,218.29578,0,0,0,11683.054,212.99846,True,2026022500296,79,0.0,8.513118e-06,9.97539e-06,-3.7514575e-12,1035.1105,0.18032368,849.07855,0.1527433,False,-3448.3926,593.6786,False,False,True,16.378792,,1632.7322,1681,-3724.4646,11.372946,150.41757330594115,,0.7579436616146448,,0.95693845,,32.948948,,,0,False,,,,,,,,0,False,False,False,15319.365,28.42733,0.13173352,0.11790459,0.04565157,0.14508907,0.119024105,0.023754762,False,False,False,False,0.009887367,0.72011036,False,False,61097.26356352664,,16,False,False,False,False,False,False,False,False,False,False,False,False,False,False,False,False,False,False,False,False,False,i
3,61097.26222792143,lsst,150.4175411027166,0.7579694383533272,314011777182990477,170059304346845338,0,314011777182990477,-3499.6335,237.31584,0,0,0,12039.382,232.97577,True,2026022500297,75,0.0,1.13145625e-05,1.2624202e-05,-6.209267e-12,1784.3207,0.2286179,2765.2183,0.20283587,False,-3914.4863,613.5711,False,False,True,14.588505,,1752.1431,1681,-3450.501,1.8113954,150.41754447953514,,0.7579740421404859,,0.56824243,,29.296822,,,0,False,,,,,,,,0,False,False,False,15575.234,21.747435,0.15204893,0.14715157,0.013996392,0.17567663,0.13611755,0.035022993,False,False,False,False,0.006356836,0.66830266,False,False,61097.26414651006,,19,False,False,False,False,False,False,False,False,False,False,False,False,False,False,False,False,False,False,False,False,False,i
3,61097.26269423636,lsst,150.41756101436786,0.7579363749778883,314011777182990477,170059304481587385,0,314011777182990477,-3914.1262,229.7271,0,0,0,11601.826,225.25546,True,2026022500298,76,0.0,8.990417e-06,9.064835e-06,-3.485344e-13,490.86652,0.16354506,3747.9001,0.16179992,False,-2491.1355,598.7111,False,False,True,16.947176,,1660.1515,1681,-3907.6694,1.4765345,150.41756202632635,,0.7579366717785148,,0.86222184,,26.337158,,,0,False,,,,,,,,0,False,False,False,15495.301,27.535076,0.11667112,0.10417909,0.036347117,0.14734674,0.15164453,0.020308949,False,False,False,False,0.22572343,0.7071587,False,False,61097.26465110689,,19,False,False,False,False,False,False,False,False,False,False,False,False,False,False,False,False,False,False,False,False,False,i
3,61097.26363394628,lsst,150.41757358278667,0.757985851855728,314011777182990477,170059304749498511,0,314011777182990477,-4183.638,252.54654,0,0,0,11612.887,247.04549,True,2026022500300,75,0.0,1.1745901e-05,1.2736739e-05,-1.0077361e-11,3754.459,0.23226397,1206.4656,0.20870648,False,-5180.4956,623.8727,False,False,True,16.11415,,1631.5771,1681,-4218.246,0.33303642,150.4175725715695,,0.7579866383239808,,0.82034,,13.560778,,,0,False,,,,,,,,0,False,False,False,15833.187,17.301203,0.19672278,0.17231818,0.028249005,0.18069614,0.16102755,0.03092767,False,False,False,False,0.026989633,0.7890764,False,False,61097.26569668993,,21,False,False,False,False,False,False,False,False,False,False,False,False,False,False,False,False,False,False,False,False,False,i
3,61097.2641006628,lsst,150.41753137394477,0.7579919738848039,314011777182990477,170059304882143332,0,314011777182990477,-3139.7334,250.58191,0,0,0,12106.023,245.64642,True,2026022500301,72,0.0,1.6475462e-05,1.8347951e-05,-3.345355e-11,1967.0271,0.33789992,1059.0292,0.2889412,False,-3266.7434,601.6366,False,False,True,12.50813,,1778.696,1681,-3231.023,0.3330786,150.4175350618269,,0.7579978730434517,,0.88390636,,4.235929,,,0,False,,,,,,,,0,False,False,False,15277.34,14.537599,0.24369389,0.20172147,0.028752565,0.19919184,0.16288456,0.029290553,False,False,False,False,0.21376279,0.5792008,False,False,61097.26613065347,,20,False,False,False,False,False,False,False,False,False,False,False,False,False,False,False,False,False,False,False,False,False,i
3,61097.264568081824,lsst,150.41755493190595,0.757969783907907,314011777182990477,170059304995913885,0,314011777182990477,-3345.5461,246.15791,0,0,0,12504.244,240.49966,True,2026022500302,33,0.0,1.7783872e-05,1.6612807e-05,2.4769109e-11,3960.4966,0.293163,2068.2803,0.32624674,False,-2680.0466,618.3932,False,False,True,13.718562,,1667.0107,1681,-3546.338,1.3138063,150.41755136412016,,0.7579728359121914,,0.7286998,,-4.64203,,,0,False,,,,,,,,0,False,False,False,15869.74,15.431976,0.21292493,0.17778364,0.01591143,0.17251894,0.1737877,0.018089898,False,False,False,False,0.06886889,0.71800274,False,False,61097.26672365199,,19,False,False,False,False,False,False,False,False,False,False,False,False,False,False,False,False,False,False,False,False,False,i
3,61097.26503567904,lsst,150.4175393936727,0.7578989990647117,314011777182990477,170059305130655932,0,314011777182990477,-3421.96,229.70802,0,0,0,10909.107,223.48505,True,2026022500303,34,0.0,1.2378655e-05,1.363761e-05,-2.6344905e-11,3884.5532,0.25529078,185.16797,0.21201222,False,-3249.6758,608.1651,False,False,True,14.696389,,1637.315,1681,-3626.9895,1.5144271,150.41753752646918,,0.7578999820492748,,0.9456189,,-32.121197,,,0,False,,,,,,,,0,False,False,False,14324.317,15.880854,0.2179188,0.13352479,-0.0047277254,0.15284303,0.14906253,0.021506276,False,False,False,False,0.09678176,0.6882599,False,False,61097.266922740615,,20,False,False,False,False,False,False,False,False,False,False,False,False,False,False,False,False,False,False,False,False,False,i
3,61097.26596895638,lsst,150.4175518215268,0.7579845979244291,314011777182990477,170059305397518465,0,314011777182990477,-3588.378,248.40662,0,0,0,12046.978,243.47646,True,2026022500305,31,0.0,1.1793469e-05,1.1711861e-05,2.0518157e-12,3265.5728,0.21011978,2507.6467,0.21342313,False,-3423.2043,613.83685,False,False,True,14.216134,,1709.5658,1681,-3526.6106,6.449365,150.41754947993542,,0.7579834162446722,,0.6407924,,21.899399,,,0,False,,,,,,,,0,False,False,False,15663.004,14.087861,0.12737428,0.14196078,0.016987849,0.16699414,0.18829712,0.019817939,False,False,False,False,0.22934122,0.6081302,False,False,61097.26813354507,,18,False,False,False,False,False,False,False,False,False,False,False,False,False,False,False,False,False,False,False,False,False,i
3,61097.26700566449,lsst,150.4175588675916,0.7579600083854646,314011777182990477,170059305691119743,0,314011777182990477,-3670.0764,255.44617,0,0,0,11934.75,251.07535,True,2026022500307,79,0.0,1.6569367e-05,1.3186499e-05,-3.2314036e-12,2136.7622,0.23763962,2965.6223,0.2983954,False,-3314.5886,607.48175,False,False,True,14.358964,,1599.8147,1681,-3677.4048,1.3771015,150.41755276105326,,0.7579615489531141,,0.5470715,,-42.970467,,,0,False,,,,,,,,0,False,False,False,15653.3125,36.485386,0.18516985,0.18500912,-0.01298905,0.19531377,0.21286131,0.0048174495,False,False,False,False,0.043324925,0.5959778,False,False,61097.26888995319,,20,False,False,False,False,False,False,False,False,False,False,False,False,False,False,False,False,False,False,False,False,False,i
3,61097.26793868918,lsst,150.41755609530094,0.7579383135004226,314011777182990477,170059305959555205,0,314011777182990477,-3171.5767,246.53392,0,0,0,12163.941,238.33783,True,2026022500309,79,0.0,1.804399e-05,2.003739e-05,-5.454337e-12,980.3679,0.3614744,276.06863,0.32469508,False,-3459.8293,608.0745,False,False,True,12.693404,,1608.7128,1681,-3470.7908,3.3726287,150.41755835539615,,0.7579519870349135,,1.1380074,,30.336329,,,0,False,,,,,,,,0,False,False,False,15320.873,16.069765,0.24644166,0.20119056,0.05841382,0.17910974,0.18381114,0.0030300985,False,False,False,False,0.21937874,0.65848535,False,False,61097.269951604176,,20,False,False,False,False,False,False,False,False,False,False,False,False,False,False,False,False,False,False,False,False,False,i
3,61097.268406100644,lsst,150.4175517524196,0.7579430968692031,314011777182990477,170059306093772920,0,314011777182990477,-3312.219,248.25746,0,0,0,12061.584,242.61653,True,2026022500310,79,0.0,1.3773765e-05,1.4682304e-05,-3.2506285e-12,369.71017,0.26500985,407.38193,0.24775085,False,-2202.2039,614.7173,False,False,True,13.451431,,1646.0052,1681,-3471.2283,10.951484,150.417549264334,,0.7579399668818136,,0.91777325,,-39.701405,,,0,False,,,,,,,,0,False,False,False,15410.885,15.750536,0.1750045,0.14110759,-0.036509905,0.19342296,0.17025287,0.018362464,False,False,False,False,0.074968204,0.5441583,False,False,61097.27043627573,,19,False,False,False,False,False,False,False,False,False,False,False,False,False,False,False,False,False,False,False,False,False,i
3,61097.269342179185,lsst,150.4175553547269,0.7579855416844311,314011777182990477,170059306360111226,0,314011777182990477,-2872.5034,261.50815,0,0,0,12658.027,257.49094,True,2026022500312,75,0.0,1.3226606e-05,2.0824264e-05,-6.385339e-11,1773.5089,0.38211206,1549.7786,0.22783987,False,-2312.9883,637.0051,False,False,True,10.877531,,1585.8951,1681,-3038.9583,5.92956,150.41755603703766,,0.7579898074158784,,1.0321388,,-3.118956,,,0,False,,,,,,,,0,False,False,False,15595.605,15.076156,0.24491492,0.14902739,0.017435532,0.20720813,0.1723369,0.03472228,False,False,False,False,0.0068230005,0.5132395,False,False,61097.27126070264,,18,False,False,False,False,False,False,False,False,False,False,False,False,False,False,False,False,False,False,False,False,False,i
3,61097.26980762982,lsst,150.41755533291862,0.7579548632935375,314011777182990477,170059306494853280,0,314011777182990477,-3183.1743,250.73454,0,0,0,12329.943,246.18849,True,2026022500313,76,0.0,1.5709007e-05,1.6732207e-05,-1.0527278e-11,438.56873,0.30335125,2654.666,0.2811119,False,-3907.7292,621.6984,False,False,True,12.330507,,1770.287,1681,-3259.9524,5.179185,150.41754489105293,,0.7579607169328739,,0.8452311,,-36.3295,,,0,False,,,,,,,,0,False,False,False,15526.428,19.646494,0.27103922,0.22215714,-0.020716224,0.18664481,0.17696935,0.017528642,False,False,False,False,0.43924856,0.6234729,False,False,61097.27192895372,,20,False,False,False,False,False,False,False,False,False,False,False,False,False,False,False,False,False,False,False,False,False,i
3,61097.27027568612,lsst,150.4175236155236,0.7579511347524591,314011777182990477,170059306626973812,0,314011777182990477,-3184.6282,258.67032,0,0,0,12061.014,255.17896,True,2026022500314,72,0.0,1.6396869e-05,1.6027036e-05,4.523954e-12,2548.7114,0.28826216,2846.0654,0.29613078,False,-2397.754,625.295,False,False,True,12.377489,,1836.0493,1681,-3466.348,5.0172296,150.41752853736577,,0.7579554319312202,,1.1146111,,-64.84588,,,0,False,,,,,,,,0,False,False,False,15275.343,14.622756,0.1964249,0.19958694,-0.060859215,0.19421759,0.19902495,0.018831737,False,False,False,False,0.00024440952,0.6190373,False,False,61097.272234168355,,19,False,False,False,False,False,False,False,False,False,False,False,False,False,False,False,False,False,False,False,False,False,i
3,61097.278837775986,lsst,150.41754862747206,0.7579578802707868,314011777182990477,170059306762764400,0,314011777182990477,-3614.2578,265.6694,0,0,0,12155.05,263.6956,True,2026022500315,75,0.0,1.988383e-05,3.593098e-05,-2.1931555e-10,3098.2622,0.66070586,103.35348,0.33426934,False,-3903.6594,637.448,False,False,True,13.677447,,1693.2418,1681,-4112.0273,5.7204847,150.417553688435,,0.7579487199800883,,1.3057107,,-17.435843,,,0,False,,,,,,,,0,False,False,False,15794.094,28.579082,0.30770558,0.1362064,-0.013250137,0.20548826,0.2020361,-0.015200051,False,False,False,False,0.039896514,0.6384566,False,False,61097.28121559207,,21,False,False,False,False,False,False,False,False,False,False,False,False,False,False,False,False,False,False,False,False,False,i
3,61097.279303805175,lsst,150.41754919768366,0.757990430716596,314011777182990477,170059306895933561,0,314011777182990477,-2985.678,261.3904,0,0,0,12503.75,257.02844,True,2026022500316,73,0.0,1.9919898e-05,1.8276274e-05,1.9477324e-11,1768.7235,0.3267157,3389.189,0.36114618,False,-2690.1802,625.15375,False,False,True,11.471601,,1611.1265,1681,-3072.638,1.8333416,150.41754648955873,,0.7579904406511877,,0.7651315,,-67.455154,,,0,False,,,,,,,,0,False,False,False,15533.796,28.908354,0.19268541,0.20428172,-0.02564282,0.2007848,0.20316559,-0.018815354,False,False,False,False,0.0015105199,0.543353,False,False,61097.281725179695,,19,False,False,False,False,False,False,False,False,False,False,False,False,False,False,False,False,False,False,False,False,False,i
3,61097.27977492055,lsst,150.41753689894315,0.7579533462147349,314011777182990477,170059307030151269,0,314011777182990477,-3765.366,269.0283,0,0,0,11752.449,264.58063,True,2026022500317,73,0.0,1.5689995e-05,1.5999964e-05,-4.1014293e-12,2245.299,0.2892451,280.40915,0.28167248,False,-3417.0308,625.18976,False,False,True,13.8684635,,1653.1395,1681,-3823.6597,0.35828114,150.41752959586844,,0.7579572496122695,,0.7881289,,-51.183876,,,0,False,,,,,,,,0,False,False,False,15577.509,24.25801,0.26060504,0.23658635,-0.024819743,0.20710048,0.23638748,-0.03197107,False,False,False,False,0.07820785,0.6570944,False,False,61097.28176236615,,22,False,False,False,False,False,False,False,False,False,False,False,False,False,False,False,False,False,False,False,False,False,i
4,61097.29432294817,lsst,150.4175596622443,0.7579664556506556,314011777182990477,170059310365147348,0,314011777182990477,-4894.083,472.2621,0,0,0,18426.3,467.93195,True,2026022500342,34,0.0,2.331454e-05,1.9035446e-05,8.006291e-11,2696.4895,0.32847342,3594.028,0.43139434,False,-5877.3374,1143.7117,False,False,True,10.252008,,1636.2448,1681,-5823.956,12.409076,150.41754460950094,,0.7579650122678361,,1.6843749,,58.53769,,,0,False,,,,,,,,0,False,False,False,23365.643,40.413864,0.17894714,0.45719647,0.054313373,0.21118294,0.18829395,-0.0120769795,False,False,False,False,0.82726043,0.5263874,False,False,61097.29615976751,,21,False,False,False,False,False,False,False,False,False,False,False,False,False,False,False,False,False,False,False,False,False,z
4,61097.29478952919,lsst,150.4175436979133,0.7579551345763657,314011777182990477,170059310499365046,0,314011777182990477,-4806.9434,459.11697,0,0,0,18315.16,457.3968,True,2026022500343,34,0.0,1.6493927e-05,1.801969e-05,-2.93409e-11,2772.3533,0.33129734,2984.7542,0.2897949,False,-5355.3765,1145.2595,False,False,True,10.293703,,1682.1981,1681,-4974.0996,13.071588,150.41753625718164,,0.7579625554173869,,1.0854512,,-5.506968,,,0,False,,,,,,,,0,False,False,False,23200.186,53.430378,0.20474066,0.10899448,0.035646968,0.19879606,0.17420286,-0.0071897004,False,False,False,False,0.11123591,0.5219687,False,False,61097.296699700426,,18,False,False,False,False,False,False,False,False,False,False,False,False,False,False,False,False,False,False,False,False,False,z
4,61097.29525534867,lsst,150.41756507881922,0.7579898322678424,314011777182990477,170059310633582763,0,314011777182990477,-5410.621,457.65704,0,0,0,17148.719,455.36154,True,2026022500344,34,0.0,1.5165392e-05,1.6860848e-05,-3.7419304e-11,1810.8507,0.31402376,1800.2926,0.2615783,False,-5443.1265,1149.4037,False,False,True,11.6667185,,1757.9486,1681,-5121.0225,1.3928717,150.41756425989544,,0.757989813397724,,0.53119075,,-38.712433,,,0,False,,,,,,,,0,False,False,False,22677.295,41.92208,0.18834622,0.16592757,-0.0049127373,0.18657778,0.16852222,-0.004212531,False,False,False,False,2.4083714e-05,0.67728436,False,False,61097.29711662111,,19,False,False,False,False,False,False,False,False,False,False,False,False,False,False,False,False,False,False,False,False,False,z
4,61097.295770590354,lsst,150.41755172840067,0.7579583223808851,314011777182990477,170059310766227566,0,314011777182990477,-4301.7334,446.9481,0,0,0,18828.602,444.6306,True,2026022500345,31,0.0,2.1662334e-05,2.052185e-05,1.2743445e-10,2823.5615,0.3202502,126.74052,0.43204308,False,-3628.9263,1162.1097,False,False,True,9.565997,,1666.5388,1681,-4525.1104,12.662885,150.41755600754018,,0.7579587670322785,,1.0879309,,21.75183,,,0,False,,,,,,,,0,False,False,False,23215.936,62.429676,0.15389304,0.2173368,0.04874594,0.15002732,0.15664127,0.01094095,False,False,False,False,0.1566343,0.50061643,False,False,61097.29754339086,,18,False,False,False,False,False,False,False,False,False,False,False,False,False,False,False,False,False,False,False,False,False,z
4,61097.29623998156,lsst,150.41754776058,0.7580171278015646,314011777182990477,170059310900969575,0,314011777182990477,-5610.2876,470.36523,0,0,0,16670.38,467.0915,True,2026022500346,32,0.0,1.6447751e-05,1.6261098e-05,3.6821914e-11,1589.4376,0.27358687,589.57434,0.31431887,False,-4835.2227,1138.3595,False,False,True,11.714796,,1649.9116,1681,-5393.932,11.852877,150.41754658014708,,0.7580162052080811,,0.6792468,,14.13498,,,0,False,,,,,,,,0,False,False,False,22356.355,31.92572,0.16244583,0.17921257,0.018802797,0.16758542,0.21130885,0.02453844,False,False,False,False,0.044794116,0.7733657,False,False,61097.297972702094,,18,False,False,False,False,False,False,False,False,False,False,False,False,False,False,False,False,False,False,False,False,False,z
4,61097.296709667644,lsst,150.41753553502718,0.7579467815749713,314011777182990477,170059311033614483,0,314011777182990477,-5106.8,467.29858,0,0,0,17693.0,466.5189,True,2026022500347,29,0.0,2.1433518e-05,2.1464515e-05,4.079658e-11,3420.4895,0.36891672,2254.0955,0.40324736,False,-5869.0464,1155.2255,False,False,True,11.062453,,1769.8254,1681,-5353.1284,2.2308855,150.41754051652018,,0.7579451745617815,,0.9630077,,-85.230064,,,0,False,,,,,,,,0,False,False,False,23032.092,38.690327,0.22687675,0.20982258,-0.042221937,0.15897687,0.19862075,0.023587948,False,False,False,False,0.19679886,0.683889,False,False,61097.298558096736,,19,False,False,False,False,False,False,False,False,False,False,False,False,False,False,False,False,False,False,False,False,False,z
4,61097.29717545447,lsst,150.4175540612374,0.7579858684724865,314011777182990477,170059311167832202,0,314011777182990477,-6092.616,463.06354,0,0,0,17144.51,460.12546,True,2026022500348,29,0.0,1.40542015e-05,1.4249255e-05,2.2137289e-11,2658.8691,0.24037988,2090.242,0.2688411,False,-6167.7876,1162.9485,False,False,True,13.090042,,1721.1104,1681,-6083.986,15.501347,150.4175536536183,,0.757985853130865,,0.93805844,,4.921156,,,0,False,,,,,,,,0,False,False,False,23369.865,50.81322,0.15809311,0.1835142,0.03987777,0.15309621,0.18773007,0.025840832,False,False,False,False,2.2418704e-05,0.7613771,False,False,61097.29907409268,,18,False,False,False,False,False,False,False,False,False,False,False,False,False,False,False,False,False,False,False,False,False,z
4,61097.29764144857,lsst,150.41753670454315,0.7580017022283909,314011777182990477,170059311302049931,0,314011777182990477,-5381.167,480.24432,0,0,0,17230.445,478.36502,True,2026022500349,29,0.0,1.5161228e-05,1.5774787e-05,3.9952076e-11,2135.193,0.25375876,1755.6877,0.30176565,False,-3283.615,1162.4199,False,False,True,11.314323,,1742.4536,1681,-5288.9946,20.456387,150.4175401257309,,0.7580008977836225,,0.86204886,,-115.814804,,,0,False,,,,,,,,0,False,False,False,22730.252,41.49539,0.11393612,0.15766056,-0.028156117,0.17106102,0.20339687,0.022092417,False,False,False,False,0.29812545,0.5580426,False,False,61097.29948393101,,17,False,False,False,False,False,False,False,False,False,False,False,False,False,False,False,False,False,False,False,False,False,z
4,61097.299046035856,lsst,150.4175700374137,0.7579464481835628,314011777182990477,170059311704703069,0,314011777182990477,-5732.888,500.31476,0,0,0,17090.914,498.1519,True,2026022500352,29,0.0,1.4612753e-05,1.4699879e-05,2.6533806e-12,3578.1257,0.26226664,410.57718,0.26591623,False,-3228.109,1167.8146,False,False,True,11.33648,,1691.8594,1681,-5542.2485,10.468941,150.4175693224094,,0.7579470541289962,,0.83542305,,-55.095425,,,0,False,,,,,,,,0,False,False,False,23006.27,27.69817,0.18218677,0.11803383,0.0066594514,0.19192506,0.22445042,0.02296054,False,False,False,False,0.33363006,0.6667155,False,False,61097.30094804302,,18,False,False,False,False,False,False,False,False,False,False,False,False,False,False,False,False,False,False,False,False,False,z
4,61097.299515857776,lsst,150.4175486115359,0.7579729713445174,314011777182990477,170059311826862202,0,314011777182990477,-4981.569,470.3402,0,0,0,18229.22,468.01624,True,2026022500353,6,0.0,1.7307131e-05,1.9892448e-05,6.291957e-11,668.1516,0.29521453,307.50986,0.37255174,False,-3036.578,1166.6897,False,False,True,10.627359,,1674.6466,1681,-5010.41,17.280157,150.41754924574457,,0.7579703491332462,,0.9489324,,-131.14696,,,0,False,,,,,,,,0,False,False,False,23237.818,41.1824,0.1297898,0.19068168,-0.030878427,0.17390946,0.16744155,0.013397312,False,False,False,False,0.015882557,0.53184843,False,False,61097.30130233122,,18,False,False,False,False,False,False,False,False,False,False,False,False,False,False,False,False,False,False,False,False,False,z
4,61097.29998390832,lsst,150.41753778855139,0.7579836659833072,314011777182990477,170059311961079955,0,314011777182990477,-4712.68,460.51288,0,0,0,18161.416,457.12726,True,2026022500354,6,0.0,1.8481735e-05,1.5541733e-05,-5.156232e-11,534.73193,0.34345323,2244.3333,0.26722783,False,-4845.461,1164.6437,False,False,True,10.1144,,1670.0598,1681,-4604.7954,24.910564,150.41753667333586,,0.7579796077077425,,0.84645945,,-57.537277,,,0,False,,,,,,,,0,False,False,False,22999.543,39.61551,0.17645778,0.112255245,0.010928714,0.1601629,0.16956668,0.008653161,False,False,False,False,0.06193489,0.6095434,False,False,61097.30180449802,,17,False,False,False,False,False,False,False,False,False,False,False,False,False,False,False,False,False,False,False,False,False,z
4,61097.30045417679,lsst,150.41754252293848,0.7579575442564076,314011777182990477,170059312093724830,0,314011777182990477,-5006.603,482.94223,0,0,0,18211.732,479.44882,True,2026022500355,3,0.0,2.1434795e-05,1.6732656e-05,-7.490754e-11,2509.0508,0.3974807,2174.4336,0.28677884,False,-5462.8604,1194.7054,False,False,True,10.28489,,1714.6458,1681,-5073.073,22.278439,150.41753885196496,,0.757957757477939,,0.9872831,,-81.42939,,,0,False,,,,,,,,0,False,False,False,23243.127,34.71985,0.18880442,0.09967172,-0.01884575,0.15931788,0.20073837,0.0122391395,False,False,False,False,0.1634088,0.5462463,False,False,61097.30226567532,,18,False,False,False,False,False,False,False,False,False,False,False,False,False,False,False,False,False,False,False,False,False,z
4,61097.30139265975,lsst,150.41757050010165,0.7579840125302878,314011777182990477,170059312363208880,0,314011777182990477,-6376.2896,484.8181,0,0,0,16804.08,484.6072,True,2026022500357,5,0.0,1.4775515e-05,1.6684791e-05,1.6305754e-11,1981.0924,0.26350665,3196.9338,0.30304188,False,-6999.492,1179.4387,False,False,True,13.202309,,1689.6772,1681,-5997.093,0.5637947,150.41757037775142,,0.7579857647327358,,0.603093,,-163.32344,,,0,False,,,,,,,,0,False,False,False,23274.94,31.230553,0.16648234,0.19823436,-0.0014090748,0.17360449,0.1864398,-0.0032528597,False,False,False,False,0.0007591238,0.8319448,False,False,61097.303215948734,,19,False,False,False,False,False,False,False,False,False,False,False,False,False,False,False,False,False,False,False,False,False,z
4,61097.30233116129,lsst,150.41753439964907,0.7579798023529538,314011777182990477,170059312631644272,0,314011777182990477,-5156.1514,496.40378,0,0,0,17757.088,497.1797,True,2026022500359,5,0.0,1.7638162e-05,2.0490545e-05,1.6048118e-11,2941.3188,0.3164102,1434.4432,0.37053025,False,-5137.1357,1192.7739,False,False,True,10.123158,,1606.158,1681,-4989.643,7.196969,150.4175375358477,,0.7579826448409133,,0.87140083,,2.7655795,,,0,False,,,,,,,,0,False,False,False,23075.32,33.134136,0.16026574,0.22894926,0.0065065455,0.1910396,0.18958287,0.00724127,False,False,False,False,0.0024270606,0.6670159,False,False,61097.30408052764,,18,False,False,False,False,False,False,False,False,False,False,False,False,False,False,False,False,False,False,False,False,False,z
4,61097.30290465482,lsst,150.4175855450354,0.757938763776549,314011777182990477,170059312779493494,0,314011777182990477,-5164.4565,500.05478,0,0,0,17134.879,499.65912,True,2026022500360,31,0.0,2.1472819e-05,2.2558523e-05,-1.2372461e-10,2703.555,0.44562778,344.40372,0.34139073,False,-5775.987,1199.9817,False,False,True,10.103093,,1561.0602,1681,-5309.642,3.392327,150.4175797160323,,0.7579386942796273,,1.1050577,,-38.29899,,,0,False,,,,,,,,0,False,False,False,22520.336,28.634666,0.27982908,0.1626125,0.002258435,0.18675967,0.19877799,0.009765607,False,False,False,False,0.09990814,0.5434327,False,False,61097.30480399687,,18,False,False,False,False,False,False,False,False,False,False,False,False,False,False,False,False,False,False,False,False,False,z
4,61097.303371670445,lsst,150.41756194314283,0.7579796211872032,314011777182990477,170059312914235528,0,314011777182990477,-5198.2705,480.1277,0,0,0,18047.467,480.32492,True,2026022500361,32,0.0,1.710544e-05,1.6851327e-05,4.379543e-11,1471.4629,0.2816384,782.5821,0.3283897,False,-6238.7935,1181.0006,False,False,True,10.534143,,1615.299,1681,-5156.733,12.049806,150.41756069923258,,0.7579806691337484,,1.0107241,,13.252622,,,0,False,,,,,,,,0,False,False,False,23373.814,31.923233,0.12659608,0.16380034,0.047585618,0.16888668,0.19062702,0.007886586,False,False,False,False,0.15331006,0.77400315,False,False,61097.30518618434,,18,False,False,False,False,False,False,False,False,False,False,False,False,False,False,False,False,False,False,False,False,False,z
4,61097.30384665451,lsst,150.4175280512615,0.7579961382836249,314011777182990477,170059313046880419,0,314011777182990477,-5079.894,466.1851,0,0,0,17435.0,464.98624,True,2026022500362,29,0.0,1.9000401e-05,1.8931134e-05,-4.7133603e-11,3280.6943,0.3634286,2432.3936,0.3185495,False,-6079.8467,1199.945,False,False,True,10.60163,,1825.4441,1681,-5067.1367,6.187732,150.417534230677,,0.7580033492362478,,0.9561146,,-80.085464,,,0,False,,,,,,,,0,False,False,False,22606.197,79.756096,0.23990676,0.20987959,-0.03950114,0.16079402,0.16314697,-0.007830184,False,False,False,False,0.45791787,0.6227736,False,False,61097.30563145666,,18,False,False,False,False,False,False,False,False,False,False,False,False,False,False,False,False,False,False,False,False,False,z
2,61097.305671543334,lsst,150.4175437333216,0.7579885107929613,314011777182990477,170059313182670938,0,314011777182990477,-2072.7458,182.3009,0,0,0,5240.0244,180.58942,True,2026022500363,32,0.0,2.197974e-05,2.23465e-05,-9.032136e-11,835.68866,0.43457958,394.87692,0.36047113,False,-2156.3562,419.94907,False,False,True,11.279804,,1624.7507,1681,-2392.206,2.956959,150.41754423732647,,0.7579992383358332,,1.6089133,,0.87816054,,,0,False,,,,,,,,0,False,False,False,7327.5044,12.866149,0.33861944,0.32083493,0.13205111,0.20448655,0.20431298,0.017175533,False,False,False,False,0.8539651,0.54792553,False,False,61097.3075061258,,21,False,False,False,False,False,False,False,False,False,False,False,False,False,False,False,False,False,False,False,False,False,r
2,61097.30754100163,lsst,150.41756121390057,0.7579447792365961,314011777182990477,170059313717969060,0,314011777182990477,-1911.1824,178.82628,0,0,0,5414.574,177.385,True,2026022500367,29,0.0,2.044051e-05,2.1012856e-05,3.7532547e-11,1549.7561,0.35591245,2827.8923,0.3901475,False,-2155.8628,418.95264,False,False,True,10.593945,,1612.4541,1681,-2031.6224,1.8007046,150.41756217923174,,0.7579438473774769,,1.2544605,,8.529227,,,0,False,,,,,,,,0,False,False,False,7329.9004,14.531149,0.19930181,0.2891682,0.06310076,0.20075649,0.19884689,0.017633982,False,False,False,False,0.21920435,0.5437359,False,False,61097.309420879435,,19,False,False,False,False,False,False,False,False,False,False,False,False,False,False,False,False,False,False,False,False,False,r
2,61097.31525257744,lsst,150.41757107171247,0.7579670019057968,314011777182990477,170059315867549800,0,314011777182990477,-1816.9669,203.7826,0,0,0,5652.94,202.23668,True,2026022500383,33,0.0,2.4139677e-05,2.6514872e-05,-8.325089e-11,3306.2366,0.49234366,3168.4177,0.41851297,False,-2392.8748,441.5703,False,False,True,8.90613,,1733.0732,1681,-1863.8065,15.342837,150.41755739222782,,0.7579605829383625,,1.030703,,17.600573,,,0,False,,,,,,,,0,False,False,False,7511.1445,25.300468,0.14204168,0.13983668,0.053845618,0.27166775,0.236791,-0.0131038185,False,False,False,False,0.7176988,0.5310906,False,False,61097.317171226656,,20,False,False,False,False,False,False,False,False,False,False,False,False,False,False,False,False,False,False,False,False,False,r
2,61097.31572252775,lsst,150.41755262351958,0.7579436039728374,314011777182990477,170059316022739026,0,314011777182990477,-1898.1782,208.76614,0,0,0,5357.3813,204.55269,True,2026022500384,73,0.0,2.8837589e-05,2.708317e-05,8.306964e-11,136.63577,0.4721631,539.00073,0.53379554,False,-2181.7007,432.33527,False,False,True,9.044612,,1546.13,1681,-1881.7054,7.171079,150.41755177908024,,0.7579311222858515,,0.7510873,,50.406525,,,0,False,,,,,,,,0,False,False,False,7273.576,18.522512,0.17917323,0.22676891,0.008358549,0.29649034,0.27130884,-0.0019694536,False,False,False,False,0.43881994,0.5090593,False,False,61097.31758702045,,21,False,False,False,False,False,False,False,False,False,False,False,False,False,False,False,False,False,False,False,False,False,r
3,61097.31862808678,lsst,150.41756640486685,0.7579309096733443,314011777182990477,170059316393410670,0,314011777182990477,-3160.699,328.1313,0,0,0,12220.49,326.48047,True,2026022500387,12,0.0,2.3724582e-05,2.7650363e-05,1.9817446e-11,1500.327,0.42633092,2171.946,0.49910405,False,-3872.959,728.91144,False,False,True,9.544312,,1701.9564,1681,-3294.7139,1.0043255,150.41756607299828,,0.7579285685906048,,1.1310138,,-32.738243,,,0,False,,,,,,,,0,False,False,False,15441.788,14.011029,0.28771433,0.3155073,0.05775729,0.24153383,0.22956994,0.00023287263,False,False,False,False,0.37116262,0.54382795,False,False,61097.320450235624,,21,False,False,False,False,False,False,False,False,False,False,False,False,False,False,False,False,False,False,False,False,False,i
3,61097.32017273733,lsst,150.41753974858224,0.7579443380141464,314011777182990477,170059316806025304,0,314011777182990477,-2712.102,356.14764,0,0,0,12936.298,355.81354,True,2026022500390,31,0.0,3.2635828e-05,3.351293e-05,-1.6788192e-10,2805.9724,0.64095587,144.6706,0.5475938,False,-2785.442,742.3769,False,False,True,7.5760674,,1667.5713,1681,-2978.8745,24.392063,150.4175491958434,,0.7579612630313701,,1.4484187,,-19.65078,,,0,False,,,,,,,,0,False,False,False,15674.098,16.784035,0.3872209,0.22808966,0.06746176,0.29907987,0.2668679,0.048489284,False,False,False,False,0.052515,0.52373165,False,False,61097.32189474251,,21,False,False,False,False,False,False,False,False,False,False,False,False,False,False,False,False,False,False,False,False,False,i
3,61097.320640487276,lsst,150.41757210003433,0.7579215823757786,314011777182990477,170059316940767334,0,314011777182990477,-3477.809,338.55627,0,0,0,11774.881,336.09943,True,2026022500391,32,0.0,2.1645214e-05,2.150737e-05,3.0328275e-11,1570.0632,0.3757315,604.21436,0.40114307,False,-3209.8525,731.5858,False,False,True,10.362474,,1708.1304,1681,-3557.427,13.432253,150.4175758383711,,0.7579203769738735,,0.9736896,,-0.682675,,,0,False,,,,,,,,0,False,False,False,15298.491,18.029657,0.2258497,0.21716623,0.043858733,0.23377885,0.2762105,0.029984085,False,False,False,False,0.104249224,0.52013564,False,False,61097.322491038096,,23,False,False,False,False,False,False,False,False,False,False,False,False,False,False,False,False,False,False,False,False,False,i
3,61097.32110981461,lsst,150.4175662287091,0.7579562234038596,314011777182990477,170059317073412251,0,314011777182990477,-3425.185,334.10355,0,0,0,12277.7,333.28998,True,2026022500392,29,0.0,2.5886087e-05,2.609876e-05,2.1098014e-10,3396.4934,0.38821498,2269.795,0.53645706,False,-4295.227,736.49054,False,False,True,10.04831,,1734.05,1681,-4103.622,8.451203,150.4175741827934,,0.7579723073593735,,1.8728788,,35.92396,,,0,False,,,,,,,,0,False,False,False,15833.672,15.131179,0.24313788,0.5922832,0.05156466,0.24071221,0.24488139,0.014266682,False,False,False,False,0.9573627,0.628178,False,False,61097.322914744145,,25,False,False,False,False,False,False,False,False,False,False,False,False,False,False,False,False,False,False,False,False,False,i
3,61097.322050417104,lsst,150.41756668650615,0.7579614945222375,314011777182990477,170059317341847681,0,314011777182990477,-2935.322,318.87726,0,0,0,12703.446,316.94635,True,2026022500394,29,0.0,2.2124703e-05,2.272626e-05,5.8346834e-11,2113.1665,0.37919968,1767.5073,0.42748436,False,-3342.2405,728.8367,False,False,True,8.950344,,1574.995,1681,-2992.6453,19.225508,150.41757562704456,,0.7579588993574387,,1.0570041,,4.5198703,,,0,False,,,,,,,,0,False,False,False,15694.94,20.466125,0.18914983,0.23049079,0.04922095,0.22866206,0.2185883,0.012305442,False,False,False,False,0.0211173,0.50211304,False,False,61097.32387341856,,20,False,False,False,False,False,False,False,False,False,False,False,False,False,False,False,False,False,False,False,False,False,i
3,61097.32251703038,lsst,150.41755875210575,0.7579754820441666,314011777182990477,170059317476065393,0,314011777182990477,-3964.7878,318.80206,0,0,0,11671.117,316.16592,True,2026022500395,29,0.0,1.8245655e-05,2.1098554e-05,1.5786727e-10,2964.7175,0.2680499,1700.5793,0.42506874,False,-4121.401,729.1725,False,False,True,12.35191,,1721.8068,1681,-4235.8384,8.450825,150.41756985456468,,0.7579802871659498,,1.2007492,,30.813831,,,0,False,,,,,,,,0,False,False,False,15694.344,18.713383,0.16945082,0.30825102,0.010606739,0.23385383,0.21266106,0.013600947,False,False,False,False,0.026903765,0.61934423,False,False,61097.324212487976,,23,False,False,False,False,False,False,False,False,False,False,False,False,False,False,False,False,False,False,False,False,False,i
3,61097.32392799105,lsst,150.41754143333532,0.7579563980941212,314011777182990477,170059317866659957,0,314011777182990477,-3911.2615,350.75122,0,0,0,11782.5205,349.6676,True,2026022500398,6,0.0,2.3256734e-05,2.4401408e-05,3.6796767e-11,659.5893,0.41167676,305.34827,0.44674158,False,-3671.663,744.0184,False,False,True,11.012971,,1655.1893,1681,-4035.674,5.889313,150.41754280163255,,0.7579616023162455,,1.119881,,-148.34949,,,0,False,,,,,,,,0,False,False,False,15729.461,13.585778,0.28949216,0.4020548,-0.010846202,0.2820695,0.24856845,-0.0045368,False,False,False,False,0.45738307,0.54464465,False,False,61097.32924895761,,22,False,False,False,False,False,False,False,False,False,False,False,False,False,False,False,False,False,False,False,False,False,i
3,61097.32439551482,lsst,150.41756012158254,0.7579681722325669,314011777182990477,170059318000877666,0,314011777182990477,-3267.3264,345.90204,0,0,0,12498.026,345.54715,True,2026022500399,6,0.0,2.6425667e-05,3.1563686e-05,1.5765629e-10,532.06335,0.45221916,2241.0554,0.58796906,False,-3601.8098,732.6918,False,False,True,9.489935,,1546.9131,1681,-3461.2754,2.207718,150.41756626452604,,0.7579671600267713,,1.2150347,,-134.89955,,,0,False,,,,,,,,0,False,False,False,15824.662,14.5390005,0.24151097,0.34259376,-0.048489492,0.2762303,0.25016755,-0.012726411,False,False,False,False,0.0761736,0.5333928,False,False,61097.33096386508,,21,False,False,False,False,False,False,False,False,False,False,False,False,False,False,False,False,False,False,False,False,False,i
4,61098.275115263685,lsst,150.41751399643675,0.7580093502039715,314011777182990477,170063723832017066,0,314011777182990477,-4831.535,403.46277,0,0,0,16094.88,397.96356,True,2026022600457,6,0.0,2.4525152e-05,2.0453675e-05,-9.862095e-11,679.4331,0.45743293,2513.4053,0.34923664,False,-2827.938,1143.6503,False,False,True,12.325495,,1757.4861,1681,-5159.448,14.750394,150.41753256665478,,0.7579850742933109,,0.83933794,,-44.753304,,,0,False,,,,,,,,0,False,False,False,21018.773,90.051575,0.1524816,0.1030997,0.023126276,0.14751318,0.14047077,0.019970175,False,False,False,False,0.044657968,0.6094914,False,False,61098.27686994068,,17,False,False,False,False,False,False,False,False,False,False,False,False,False,False,False,False,False,False,False,False,False,z
4,61098.27558588278,lsst,150.41750544950656,0.7579901417249444,314011777182990477,170063723964662360,0,314011777182990477,-4972.198,408.66492,0,0,0,16287.702,401.1759,True,2026022600458,3,0.0,2.8621227e-05,1.7917806e-05,-2.1818466e-10,3984.9583,0.5408225,3969.471,0.27874747,False,-5130.78,1163.968,False,False,True,12.467868,,1749.9266,1681,-6097.923,19.424574,150.41753116708213,,0.7579775601160123,,1.3135868,,-72.045815,,,0,False,,,,,,,,0,False,False,False,21368.66,112.34638,0.28054836,0.098793834,-0.00854328,0.15268813,0.1086175,0.0060997256,False,False,False,False,0.48736653,0.75228274,False,False,61098.277240645824,,17,False,False,False,False,False,False,False,False,False,False,False,False,False,False,False,False,False,False,False,False,False,z
3,61105.095800699935,lsst,150.41753481975005,0.7579721211187813,314011777182990477,170094456558583894,0,314011777182990477,-3667.267,410.29807,0,0,0,12039.94,412.30316,True,2026030500057,174,0.0,2.0643854e-05,2.0935662e-05,-7.0267125e-12,1288.0392,0.3702626,1193.8384,0.37881127,False,-3867.381,961.51154,False,False,True,8.79363,,1763.6207,1681,-3490.1553,23.9888,150.41753335941146,,0.7579689700986996,,0.5035226,,5.7796426,,,0,False,,,,,,,,0,False,False,False,15725.844,16.045927,0.1493527,0.16046077,-0.009505457,0.2344218,0.20646271,0.016061861,False,False,False,False,0.38611025,0.69412416,False,False,61105.097415852106,,20,False,False,False,False,False,False,False,False,False,False,False,False,False,False,False,False,False,False,False,False,False,i
4,61106.24814233878,lsst,150.4175472603826,0.7579946827383723,314011777182990477,170098889024077957,0,314011777182990477,-5032.2324,461.3705,0,0,0,17889.902,459.00778,True,2026030600314,31,0.0,1.6174512e-05,1.7397433e-05,-7.5669686e-11,3061.398,0.34233546,1243.321,0.25716463,False,-3594.536,1180.7032,False,False,True,10.452438,,1582.8427,1681,-5110.965,52.695206,150.4175427133623,,0.7579979782635798,,1.1195519,,-43.064365,,,0,False,,,,,,,,0,False,False,False,22929.512,58.13032,0.19786224,0.066543795,-0.013374541,0.18357682,0.15074512,0.0010616384,False,False,False,False,0.1674239,0.6111874,False,False,61106.249824736195,,18,False,False,False,False,False,False,False,False,False,False,False,False,False,False,False,False,False,False,False,False,False,z
4,61106.24860699496,lsst,150.41754576103835,0.7580021101252736,314011777182990477,170098889158819994,0,314011777182990477,-5616.808,445.13428,0,0,0,16934.883,438.91937,True,2026030600315,32,0.0,1.8522069e-05,1.8951636e-05,-5.1296786e-11,2569.2073,0.36169118,3474.2034,0.31150895,False,-6565.812,1144.1205,False,False,True,12.643915,,1743.9854,1681,-5435.9414,16.17429,150.41755595246278,,0.7580091798347645,,0.58879155,,11.5037775,,,0,False,,,,,,,,0,False,False,False,22592.85,65.87116,0.23507556,0.24215743,0.014558945,0.16513021,0.15480718,0.002744721,False,False,False,False,0.6201729,0.7995324,False,False,61106.25039346361,,20,False,False,False,False,False,False,False,False,False,False,False,False,False,False,False,False,False,False,False,False,False,z
4,61108.091155270144,lsst,150.4175750928006,0.7579666660747603,314011777182990477,170107661429768388,0,314011777182990477,-4976.23,449.82635,0,0,0,18237.676,443.95282,True,2026030800137,163,0.0,1.6016984e-05,1.6289201e-05,7.1631645e-11,1625.9064,0.3285603,3700.9434,0.24796472,False,-5396.3003,1087.1062,False,False,True,10.951392,,1640.9315,1681,-4888.0933,8.7239485,150.4175738056537,,0.7579667851113334,,0.93694836,,51.90265,,,0,False,,,,,,,,0,False,False,False,23219.729,31.309498,0.18127199,0.09925841,0.012942281,0.18767706,0.17088597,0.009324515,False,False,False,False,0.1916517,0.7587217,False,False,61108.09302405894,,19,False,False,False,False,False,False,False,False,False,False,False,False,False,False,False,False,False,False,False,False,False,z
4,61135.042434930336,lsst,150.41754994691522,0.7579600777539334,314011777182990477,170226404337123463,0,314011777182990477,-6407.6353,427.17654,0,0,0,16908.645,423.71362,True,2026040400105,61,0.0,1.3361127e-05,1.2692282e-05,5.389152e-12,1589.7517,0.24154653,2281.3628,0.2273586,False,-6328.1235,1050.8268,False,False,True,14.836597,,1701.2079,1681,-6138.961,3.0733085,150.41755130920885,,0.7579609680323842,,0.69407874,,85.76823,,,0,False,,,,,,,,0,False,False,False,23303.703,41.481133,0.2004541,0.16110283,0.00860756,0.17710288,0.17604485,-0.00868612,False,False,False,False,0.0024999096,0.74514383,False,False,61135.043890829074,,20,False,False,False,False,False,False,False,False,False,False,False,False,False,False,False,False,False,False,False,False,False,z
4,61136.023321554516,lsst,150.4175762021697,0.7579672084648503,314011777182990477,170230797316391019,0,314011777182990477,-5835.6436,632.79144,0,0,0,17639.564,641.359,True,2026040500067,124,0.0,3.0113926e-05,2.6387303e-05,-8.241714e-11,2774.2678,0.46598998,1451.5988,0.551161,False,-5823.4067,1330.678,False,False,True,9.120556,,1751.7737,1681,-6208.767,14.345042,150.41755453130165,,0.7579776760590056,,1.4559581,,-42.756344,,,0,False,,,,,,,,0,False,False,False,23541.77,39.385777,0.2656075,0.3828529,-0.08664449,0.2651327,0.23862064,0.01131424,False,False,False,False,0.40616658,0.54965943,False,False,61136.024798248036,,22,False,False,False,False,False,False,False,False,False,False,False,False,False,False,False,False,False,False,False,False,False,z
3,61136.155777554006,lsst,150.41757599070797,0.7579443469283487,314011777182990477,170230831527231586,0,314011777182990477,-3243.557,346.61334,0,0,0,12388.607,346.25342,True,2026040500322,96,0.0,2.7298483e-05,2.7089805e-05,-1.0714471e-11,1772.5133,0.49315318,825.86206,0.48519737,False,-3703.27,768.3359,False,False,True,9.208447,,1699.4473,1681,-3563.3901,9.813841,150.41757466256976,,0.7579555946630891,,1.5330898,,-12.349469,,,0,False,,,,,,,,0,False,False,False,15564.922,13.359746,0.27528155,0.29158282,0.12134902,0.23638026,0.22568542,0.018455002,False,False,False,False,0.25676197,0.62491035,False,False,61136.157243807116,,21,False,False,False,False,False,False,False,False,False,False,False,False,False,False,False,False,False,False,False,False,False,i
3,61137.070780076116,lsst,150.4175511866457,0.7579573129250062,314011777182990477,170235204243292285,0,314011777182990477,-3350.0303,289.7513,0,0,0,12272.622,287.14633,True,2026040600133,166,0.0,2.0454008e-05,2.0360603e-05,9.787382e-12,655.73267,0.37201023,141.44455,0.36350098,False,-4154.7373,670.6195,False,False,True,11.431005,,1646.2643,1681,-3317.696,0.5578999,150.41755284957125,,0.7579673804685005,,0.7988764,,13.45282,,,0,False,,,,,,,,0,False,False,False,15624.912,18.935831,0.2478408,0.22938135,-0.026919793,0.2105563,0.18554549,-0.032272656,False,False,False,False,0.1879355,0.5976502,False,False,61137.07229488947,,19,False,False,False,False,False,False,False,False,False,False,False,False,False,False,False,False,False,False,False,False,False,i
3,61137.07124576173,lsst,150.417533172535,0.7579796356901891,314011777182990477,170235204375412858,0,314011777182990477,-3626.173,286.88046,0,0,0,11962.0625,283.9723,True,2026040600134,162,0.0,1.43761545e-05,1.430851e-05,2.0837354e-11,2166.5159,0.27120158,2985.3306,0.2450893,False,-2450.4941,666.70636,False,False,True,12.379548,,1671.7281,1681,-3643.9712,6.3596835,150.41753538250347,,0.7579799821373417,,1.0317303,,2.1029801,,,0,False,,,,,,,,0,False,False,False,15626.796,16.588024,0.16934721,0.16502684,-0.052247055,0.21577555,0.18881693,-0.024875393,False,False,False,False,0.14162171,0.59878963,False,False,61137.07274870599,,18,False,False,False,False,False,False,False,False,False,False,False,False,False,False,False,False,False,False,False,False,False,i
3,61137.11054508446,lsst,150.41755759978935,0.7579728770517898,314011777182990477,170235208626864235,0,314011777182990477,-3491.8184,300.92368,0,0,0,12242.229,297.5995,True,2026040600166,79,0.0,2.2495837e-05,2.0540914e-05,5.078726e-12,225.17448,0.37027848,1028.4072,0.4052131,False,-4141.373,647.4648,False,False,True,11.510062,,1645.5903,1681,-3764.3474,2.8297281,150.417561050842,,0.757967587051088,,1.4239258,,-55.67853,,,0,False,,,,,,,,0,False,False,False,15743.404,13.735524,0.3035457,0.35327837,-0.09592057,0.2476823,0.2079552,-0.0065064817,False,False,False,False,0.67139846,0.512945,False,False,61137.11202533732,,23,False,False,False,False,False,False,False,False,False,False,False,False,False,False,False,False,False,False,False,False,False,i
3,61137.11101235982,lsst,150.41756394018822,0.7579952897020233,314011777182990477,170235208758984826,0,314011777182990477,-2890.085,295.8402,0,0,0,12818.827,295.03738,True,2026040600167,75,0.0,1.9108853e-05,3.0276167e-05,-6.242767e-11,3863.3154,0.54812914,2258.2468,0.34083053,False,-3350.8333,657.26807,False,False,True,9.614939,,1775.2789,1681,-3025.4263,2.3590424,150.41756353217576,,0.7579977202442297,,1.225163,,17.131363,,,0,False,,,,,,,,0,False,False,False,15719.859,14.289712,0.29679063,0.19690025,0.05348151,0.24103981,0.18637048,0.00049280666,False,False,False,False,0.12085177,0.5311242,False,False,61137.11251090156,,20,False,False,False,False,False,False,False,False,False,False,False,False,False,False,False,False,False,False,False,False,False,i
3,61137.16571833582,lsst,150.41756093049798,0.7579415751907412,314011777182990477,170235219069632604,0,314011777182990477,-3945.4402,389.80496,0,0,0,11888.397,391.72723,True,2026040600244,29,0.0,2.0020723e-05,1.9776071e-05,-7.2686634e-11,1161.6528,0.39019108,2611.6604,0.32388946,False,-2306.478,803.0683,False,False,True,9.98935,,1641.8094,1681,-3860.0947,9.503645,150.4175680000717,,0.7579387583191671,,0.9902244,,-20.766891,,,0,False,,,,,,,,0,False,False,False,15896.108,11.399559,0.20039652,0.14191535,0.037251633,0.2898448,0.2592251,0.011176318,False,False,False,False,0.6229403,0.5639467,False,False,61137.16726996449,,20,False,False,False,False,False,False,False,False,False,False,False,False,False,False,False,False,False,False,False,False,False,i
4,61138.079210125135,lsst,150.41757075374366,0.757947058486706,314011777182990477,170239611122483528,0,314011777182990477,-4697.087,453.06348,0,0,0,18486.076,451.91565,True,2026040700199,117,0.0,1.8777282e-05,2.1724845e-05,-1.3029165e-13,3255.9836,0.39195406,1311.2576,0.3382618,False,-5691.1724,1141.3433,False,False,True,10.219106,,1762.8933,1681,-5105.785,16.295515,150.41757716384973,,0.7579511800411256,,1.2060771,,-17.340643,,,0,False,,,,,,,,0,False,False,False,23295.54,36.83069,0.25914225,0.13783506,-0.041208353,0.16737106,0.177665,-0.008844132,False,False,False,False,0.093391575,0.6688318,False,False,61138.08078305333,,21,False,False,False,False,False,False,False,False,False,False,False,False,False,False,False,False,False,False,False,False,False,z
4,61138.07967692507,lsst,150.41754101584442,0.7579722252490779,314011777182990477,170239611236253811,0,314011777182990477,-5515.871,435.83237,0,0,0,17589.594,431.91684,True,2026040700200,78,0.0,1.8440167e-05,1.3315816e-05,9.089283e-12,2059.2935,0.2399458,669.8617,0.3324361,False,-6745.5215,1111.028,False,False,True,12.448126,,1710.4102,1681,-5728.313,7.3808784,150.41753902057104,,0.757974279515685,,0.9874654,,65.43482,,,0,False,,,,,,,,0,False,False,False,23175.064,56.257187,0.15803859,0.22589104,0.03149395,0.16648656,0.18492147,0.008149147,False,False,False,False,0.037043545,0.76456434,False,False,61138.08114826263,,19,False,False,False,False,False,False,False,False,False,False,False,False,False,False,False,False,False,False,False,False,False,z
3,61139.07326496988,lsst,150.41756412188175,0.7579853600438894,314011777182990477,170244000176930972,0,314011777182990477,-3260.2454,224.79695,0,0,0,12264.763,219.35005,True,2026040800132,118,0.0,1.4727141e-05,1.1385799e-05,-1.4228614e-12,1786.7766,0.20527565,643.5288,0.26523867,False,-3494.709,583.1674,False,False,True,14.308502,,1674.4172,1681,-3319.425,4.817825,150.4175583407208,,0.7579835920931469,,0.9301643,,-81.51191,,,0,False,,,,,,,,0,False,False,False,15557.374,22.36596,0.11408013,0.19454724,-0.01077487,0.14192826,0.13255544,0.0060351617,False,False,False,False,0.051817205,0.70349693,False,False,61139.07476244423,,18,False,False,False,False,False,False,False,False,False,False,False,False,False,False,False,False,False,False,False,False,False,i
3,61139.07372735861,lsst,150.41755131293326,0.7579817011310936,314011777182990477,170244000311148677,0,314011777182990477,-3547.0273,221.66182,0,0,0,12040.459,215.47015,True,2026040800133,118,0.0,1.0327511e-05,1.36815415e-05,-2.6713473e-12,2308.2085,0.2467284,666.4306,0.18590526,False,-3254.0815,583.5162,False,False,True,15.81134,,1675.422,1681,-3543.404,0.082484655,150.41754979740847,,0.757983871593397,,0.8305251,,-0.4653064,,,0,False,,,,,,,,0,False,False,False,15622.534,28.352444,0.20120467,0.13750586,0.0016557501,0.14294808,0.1164942,-0.00019877439,False,False,False,False,0.26167825,0.6696141,False,False,61139.0751681971,,18,False,False,False,False,False,False,False,False,False,False,False,False,False,False,False,False,False,False,False,False,False,i
2,61140.07903673018,lsst,150.41755054581967,0.7579895088830042,314011777182990477,170248393236938874,0,314011777182990477,-2195.2646,192.24158,0,0,0,5210.786,191.5138,True,2026040900095,79,0.0,1.5267271e-05,1.7042641e-05,2.7114465e-13,1906.1685,0.30722132,2927.43,0.2748851,False,-2263.4336,437.67896,False,False,True,11.26524,,1659.8395,1681,-2060.0305,5.530132,150.4175494227696,,0.7579920055435787,,0.5817756,,37.7192,,,0,False,,,,,,,,0,False,False,False,7419.4937,12.639527,0.15415399,0.14647171,0.014426848,0.20728488,0.21335942,0.019437663,False,False,False,False,0.34870774,0.55782974,False,False,61140.08063465612,,18,False,False,False,False,False,False,False,False,False,False,False,False,False,False,False,False,False,False,False,False,False,r
4,61140.0812688649,lsst,150.417530352639,0.7579880278447598,314011777182990477,170248393501704315,0,314011777182990477,-5747.7485,495.60925,0,0,0,17021.326,494.73572,True,2026040900097,72,0.0,1.9506795e-05,1.7434071e-05,3.6015985e-11,1583.0259,0.30715567,2582.1216,0.3579463,False,-5328.41,1201.3804,False,False,True,11.69238,,1634.9103,1681,-6085.158,6.1593456,150.4175338811507,,0.7579869029929264,,1.1686966,,-76.3676,,,0,False,,,,,,,,0,False,False,False,22930.236,35.021534,0.18261844,0.2271576,-0.06386589,0.18709756,0.18579465,0.0036828218,False,False,False,False,0.0447296,0.5997932,False,False,61140.08281714536,,19,False,False,False,False,False,False,False,False,False,False,False,False,False,False,False,False,False,False,False,False,False,z
4,61142.07058216362,lsst,150.41758798968635,0.7579573039028727,314011777182990477,170257200245112983,0,314011777182990477,-6113.0713,518.42065,0,0,0,16698.158,515.1963,True,2026041100176,162,0.0,2.0138936e-05,1.998998e-05,-1.715002e-11,3728.2673,0.35362175,587.14923,0.36936712,False,-7207.901,1175.5951,False,False,True,11.742426,,1641.3407,1681,-6171.331,3.7648923,150.4176035509781,,0.757958556543775,,1.0975233,,105.33543,,,0,False,,,,,,,,0,False,False,False,22891.078,25.953806,0.22688358,0.29772222,0.04396345,0.20824097,0.20756873,-0.008035837,False,False,False,False,0.29998103,0.7429863,False,False,61142.07214988259,,22,False,False,False,False,False,False,False,False,False,False,False,False,False,False,False,False,False,False,False,False,False,z
3,61143.05686062978,lsst,150.41754681199924,0.7579657735983535,314011777182990477,170261592899846234,0,314011777182990477,-3806.0571,349.5502,0,0,0,11944.339,350.95303,True,2026041200136,118,0.0,1.7512544e-05,2.0673007e-05,8.0514085e-12,2416.4023,0.37296468,1472.6691,0.3151367,False,-3326.3442,779.8055,False,False,True,10.704209,,1654.6729,1681,-3796.138,5.913678,150.41754463103683,,0.7579698473930183,,1.1583178,,-4.5016155,,,0,False,,,,,,,,0,False,False,False,15823.444,12.864707,0.28627804,0.1610174,-0.018364042,0.20537801,0.2098863,0.0018477933,False,False,False,False,0.030479072,0.69495624,False,False,61143.05832314023,,20,False,False,False,False,False,False,False,False,False,False,False,False,False,False,False,False,False,False,False,False,False,i
3,61143.05732438691,lsst,150.41752570364568,0.7579899796395396,314011777182990477,170261593013616755,0,314011777182990477,-3942.9683,359.56003,0,0,0,11369.779,363.36203,True,2026041200137,79,0.0,1.9549743e-05,2.2913726e-05,1.9588437e-12,2913.8887,0.4130939,2717.9084,0.35204998,False,-5821.4907,832.8302,False,False,True,10.856276,,1801.0538,1681,-4154.2227,5.9343195,150.4175298311546,,0.7580026117501295,,1.3889152,,6.7696137,,,0,False,,,,,,,,0,False,False,False,15381.587,13.973352,0.3673006,0.1784669,0.020271296,0.19001353,0.1961472,-3.805766e-06,False,False,False,False,0.5623196,0.70112133,False,False,61143.059001801215,,21,False,False,False,False,False,False,False,False,False,False,False,False,False,False,False,False,False,False,False,False,False,i
3,61145.12625996198,lsst,150.41755306241862,0.7579611206944167,314011777182990477,170270398097653900,0,314011777182990477,-3696.491,304.5321,0,0,0,11948.317,302.97617,True,2026041400204,76,0.0,1.7406514e-05,1.8043864e-05,-3.3897705e-12,1107.5546,0.32558462,1740.919,0.3131591,False,-3531.053,708.80756,False,False,True,12.046215,,1640.5575,1681,-3913.7788,3.5123165,150.41754840272208,,0.7579685574890108,,1.2154485,,-19.295013,,,0,False,,,,,,,,0,False,False,False,15703.54,17.622896,0.3104107,0.17696232,-0.027013851,0.20063235,0.20731989,-0.030455925,False,False,False,False,0.17606091,0.61012095,False,False,61145.12786296352,,20,False,False,False,False,False,False,False,False,False,False,False,False,False,False,False,False,False,False,False,False,False,i
3,61145.12672389548,lsst,150.4175567484038,0.757940680862585,314011777182990477,170270398233444454,0,314011777182990477,-3741.8845,305.6516,0,0,0,11686.054,302.6821,True,2026041400205,79,0.0,1.540438e-05,1.8100693e-05,-1.8558424e-11,415.89578,0.32821995,909.4059,0.27522844,False,-2547.111,705.4355,False,False,True,12.14156,,1666.2894,1681,-3710.853,4.505948,150.41755246375052,,0.7579480719377624,,0.88600224,,-23.268759,,,0,False,,,,,,,,0,False,False,False,15469.713,18.541918,0.24789733,0.182361,-0.014657075,0.22312915,0.19697295,-0.02063211,False,False,False,False,0.0030710762,0.51945204,False,False,61145.12820185066,,19,False,False,False,False,False,False,False,False,False,False,False,False,False,False,False,False,False,False,False,False,False,i
2,61146.080820704636,lsst,150.4175169255177,0.7579584740370838,314011777182990477,170274770619203730,0,314011777182990477,-2093.7944,176.20349,0,0,0,5154.4805,174.31534,True,2026041500014,31,0.0,1.5952017e-05,1.5936803e-05,-3.0687201e-13,2009.0438,0.28760874,3509.8215,0.28702947,False,-2172.5159,426.2871,False,False,True,11.791108,,1661.4202,1681,-1978.4375,2.7075858,150.41751285228375,,0.7579593260750487,,0.6907129,,44.47035,,,0,False,,,,,,,,0,False,False,False,7225.9365,22.039724,0.1320134,0.17367108,0.0054105376,0.18538949,0.1714486,0.0011066986,False,False,False,False,0.08777335,0.5067581,False,False,61146.08228808525,,19,False,False,False,False,False,False,False,False,False,False,False,False,False,False,False,False,False,False,False,False,False,r
4,61146.09237953728,lsst,150.41753422246424,0.7579440461156837,314011777182990477,170274770776490112,0,314011777182990477,-4985.8594,534.9489,0,0,0,17624.291,530.08813,True,2026041500015,75,0.0,2.6938675e-05,2.4490104e-05,1.4153573e-11,2710.0417,0.44132024,1621.2183,0.48575842,False,-5371.7227,1145.6876,False,False,True,9.182854,,1639.7906,1681,-5595.198,12.920995,150.41751601847602,,0.7579370140018226,,1.6762506,,45.12145,,,0,False,,,,,,,,0,False,False,False,22579.535,67.38566,0.34135664,0.40453485,0.13888593,0.2666457,0.26339668,-0.029180864,False,False,False,False,0.66786194,0.5740067,False,False,61146.09373403298,,23,False,False,False,False,False,False,False,False,False,False,False,False,False,False,False,False,False,False,False,False,False,z
3,61151.028170667465,lsst,150.4175443372494,0.7579750315439765,314011777182990477,170296772013850776,0,314011777182990477,-3620.3325,260.1034,0,0,0,11977.1875,256.76593,True,2026042000097,73,0.0,1.3292054e-05,1.5091965e-05,-3.5752006e-11,2738.2766,0.28286582,1034.2087,0.22654362,False,-3424.7861,671.27344,False,False,True,13.962629,,1718.5748,1681,-3681.1257,0.9232873,150.41754647303839,,0.7579737049982859,,0.8892158,,-32.43781,,,0,False,,,,,,,,0,False,False,False,15617.434,16.43276,0.19578812,0.12218115,-0.0068354257,0.1406814,0.16208255,-0.013449957,False,False,False,False,0.009518752,0.72268647,False,False,61151.02970248816,,19,False,False,False,False,False,False,False,False,False,False,False,False,False,False,False,False,False,False,False,False,False,i
3,61151.02863626485,lsst,150.41756992583205,0.7579747306480532,314011777182990477,170296772127621329,0,314011777182990477,-3600.7122,260.71405,0,0,0,11862.437,258.08334,True,2026042000098,34,0.0,1.4299213e-05,1.2846721e-05,3.4478205e-11,2889.958,0.21710543,3374.375,0.26978245,False,-3967.1033,678.0183,False,False,True,13.591396,,1632.06,1681,-3740.1985,9.408892,150.41757031131402,,0.7579720848903277,,1.0705054,,25.0269,,,0,False,,,,,,,,0,False,False,False,15503.251,17.379105,0.1377375,0.17792782,0.054048985,0.13427585,0.16123308,0.006365303,False,False,False,False,0.017070802,0.64593226,False,False,61151.03020264902,,19,False,False,False,False,False,False,False,False,False,False,False,False,False,False,False,False,False,False,False,False,False,i
4,61152.085518562744,lsst,150.4175685542905,0.7579542028800087,314011777182990477,170301167488729173,0,314011777182990477,-5642.435,532.2374,0,0,0,17606.8,535.0771,True,2026042100078,32,0.0,2.1049429e-05,2.1123775e-05,9.5574555e-12,706.746,0.37598598,266.39975,0.3840377,False,-5915.524,1142.2678,False,False,True,10.494391,,1664.989,1681,-5456.3345,5.4630895,150.41757121922737,,0.7579586283804679,,0.95098066,,-133.32843,,,0,False,,,,,,,,0,False,False,False,23398.51,28.467249,0.20898893,0.2884323,-0.011458806,0.25793898,0.20866524,-0.005875157,False,False,False,False,0.025182841,0.7002828,False,False,61152.086963305366,,22,False,False,False,False,False,False,False,False,False,False,False,False,False,False,False,False,False,False,False,False,False,z
4,61160.0026105361,lsst,150.4175826929461,0.757949201879855,314011777182990477,170336355232514140,0,314011777182990477,-5693.7427,588.06177,0,0,0,17107.578,593.6813,True,2026042900103,63,0.0,2.1408894e-05,1.715184e-05,4.793145e-11,1040.0707,0.30236942,552.3426,0.39137882,False,-5677.747,1460.2758,False,False,True,9.48274,,1671.533,1681,-5543.216,33.621193,150.41758452482406,,0.7579511243385981,,0.7939567,,60.50587,,,0,False,,,,,,,,0,False,False,False,22932.062,31.380207,0.12784037,0.1788701,0.014146929,0.16374315,0.18898028,0.009852856,False,False,False,False,0.072511956,0.62269634,False,False,61160.00413014995,,17,False,False,False,False,False,False,False,False,False,False,False,False,False,False,False,False,False,False,False,False,False,z
4,61160.006101771694,lsst,150.41754852621705,0.7579446667733845,314011777182990477,170336356156833964,0,314011777182990477,-5599.0093,485.3989,0,0,0,17007.201,487.5125,True,2026042900110,34,0.0,1.41202945e-05,1.2032396e-05,4.025639e-11,3793.8157,0.20035686,250.93222,0.26767558,False,-5493.4927,1384.896,False,False,True,11.425355,,1851.9946,1681,-5696.1445,8.492384,150.41755065929792,,0.75794349168801,,1.1048695,,-100.25526,,,0,False,,,,,,,,0,False,False,False,22745.791,76.29619,0.07416827,0.18068983,-0.038022052,0.12336235,0.1190344,0.0056364173,False,False,False,False,0.007998136,0.5316982,False,False,61160.00752585201,,15,False,False,False,False,False,False,False,False,False,False,False,False,False,False,False,False,False,False,False,False,False,z
4,61160.00657944844,lsst,150.41754242815068,0.7579511540230719,314011777182990477,170336356291051711,0,314011777182990477,-5893.4937,482.11343,0,0,0,17197.203,492.151,True,2026042900111,34,0.0,1.27183885e-05,1.263733e-05,1.5465281e-12,1530.2493,0.22740753,143.81595,0.2297781,False,-5547.355,1391.2423,False,False,True,12.106234,,1645.0629,1681,-5224.601,4.4072156,150.41754020896374,,0.7579505113423097,,0.4325363,,-36.289436,,,0,False,,,,,,,,0,False,False,False,23253.021,91.166794,0.11520961,0.09918799,-0.0014795781,0.1195005,0.11881378,0.007933077,False,False,False,False,0.029658014,0.7371109,False,False,61160.00807907063,,15,False,False,False,False,False,False,False,False,False,False,False,False,False,False,False,False,False,False,False,False,False,z
4,61160.07299779207,lsst,150.41755018810443,0.7579542438869746,314011777182990477,170336360340652231,0,314011777182990477,-5792.747,496.14777,0,0,0,17088.146,495.35834,True,2026042900141,78,0.0,1.3721135e-05,1.4383059e-05,-7.1807035e-13,3775.529,0.2595357,971.6692,0.24718596,False,-7520.2266,1367.2883,False,False,True,11.309102,,1668.1776,1681,-5410.409,6.664419,150.4175488852097,,0.7579527733494448,,0.6195857,,53.636246,,,0,False,,,,,,,,0,False,False,False,22921.324,68.012566,0.10725042,0.120268054,0.016169075,0.15347898,0.13480918,0.01616957,False,False,False,False,0.14841431,0.55381894,False,False,61160.07446539759,,16,False,False,False,False,False,False,False,False,False,False,False,False,False,False,False,False,False,False,False,False,False,z
3,61161.091041859385,lsst,150.41755947394773,0.7579661570915588,314011777182990477,170340759055630460,0,314011777182990477,-4195.252,440.46683,0,0,0,11612.713,448.97186,True,2026043000146,73,0.0,1.7077757e-05,2.1282194e-05,-9.1937805e-11,838.6045,0.40100744,3283.3125,0.28472012,False,-4385.904,1042.9568,False,False,True,9.321424,,1644.1251,1681,-3932.1533,10.836366,150.4175608974941,,0.757967096157262,,0.82290393,,-28.480942,,,0,False,,,,,,,,0,False,False,False,15913.506,15.25954,0.17068675,0.1074072,-0.0045892824,0.2130153,0.17497028,-0.0011806911,False,False,False,False,0.32288018,0.5120635,False,False,61161.092753975216,,17,False,False,False,False,False,False,False,False,False,False,False,False,False,False,False,False,False,False,False,False,False,i
4,61162.07960162722,lsst,150.41754322978477,0.7579474707844723,314011777182990477,170345142478700757,0,314011777182990477,-5853.2354,456.6611,0,0,0,16824.32,456.56485,True,2026050100037,85,0.0,1.4217364e-05,1.1055835e-05,-1.5825704e-11,1950.1368,0.25784242,3949.7144,0.19649318,False,-7247.79,1387.7506,False,False,True,12.549605,,1698.0425,1681,-5693.857,5.905086,150.41754360281797,,0.7579472946727862,,0.81285733,,-73.94195,,,0,False,,,,,,,,0,False,False,False,22764.197,93.48151,0.1605505,0.098850936,0.0057434663,0.10742723,0.10773636,0.00461357,False,False,False,False,0.10745731,0.8420058,False,False,61162.0810863008,,16,False,False,False,False,False,False,False,False,False,False,False,False,False,False,False,False,False,False,False,False,False,z
2,61172.00230775271,lsst,150.41752395043707,0.7579696163923814,314011777182990477,170389126989217952,0,314011777182990477,-2192.5615,140.46994,0,0,0,4884.993,134.37515,True,2026051100067,121,0.0,1.1250503e-05,9.501717e-06,-1.44201005e-11,4028.4602,0.16640528,260.99118,0.20657024,False,-1867.8047,394.87027,False,False,True,15.3884535,,1894.8138,1681,-2049.5356,0.89905304,150.41752676720918,,0.7579668753421961,,0.70491564,,78.245705,,,0,False,,,,,,,,0,False,False,False,7052.166,79.49949,0.103413366,0.12493295,0.020490069,0.10302892,0.10961454,0.0028351645,False,False,False,False,0.014413499,0.5619744,False,False,61172.00379640283,,16,False,False,False,False,False,False,False,False,False,False,False,False,False,False,False,False,False,False,False,False,False,r
4,61172.004651426956,lsst,150.41754399572727,0.7579601081677781,314011777182990477,170389127209418948,0,314011777182990477,-5720.45,370.22778,0,0,0,17586.314,371.9301,True,2026051100069,29,0.0,9.8941855e-06,9.908422e-06,7.488063e-12,1363.8461,0.17154922,2226.4658,0.18512636,False,-5264.3394,1131.1262,False,False,True,15.284172,,1717.2849,1681,-5521.531,4.442399,150.41754521753305,,0.7579615691312842,,0.5072144,,-95.6872,,,0,False,,,,,,,,0,False,False,False,23516.2,100.88811,0.0998941,0.103529684,-0.011283508,0.09912482,0.12474974,-0.00694761,False,False,False,False,0.023144498,0.84812284,False,False,61172.006109143505,,16,False,False,False,False,False,False,False,False,False,False,False,False,False,False,False,False,False,False,False,False,False,z
4,61172.00511728968,lsst,150.41755874524114,0.7579243749331658,314011777182990477,170389127343112577,0,314011777182990477,-5757.2173,352.87384,0,0,0,15340.2,347.52148,True,2026051100070,28,0.0,1.0721273e-05,1.1053847e-05,2.6039896e-11,3875.7493,0.1732111,2848.215,0.21690638,False,-6046.969,1125.0505,False,False,True,16.42333,,1640.0298,1681,-6436.129,4.175093,150.41755593399333,,0.7579249776834716,,0.76919043,,-115.7149,,,0,False,,,,,,,,0,False,False,False,21201.86,81.819565,0.108362176,0.14634688,-0.020258717,0.08547411,0.1097353,-0.006049413,False,False,False,False,0.20337115,0.87037474,False,False,61172.006597168205,,16,False,False,False,False,False,False,False,False,False,False,False,False,False,False,False,False,False,False,False,False,False,z
3,61172.98078983698,lsst,150.41755210588082,0.757968003424692,314011777182990477,170393532639477919,0,314011777182990477,-4052.5212,246.0005,0,0,0,11576.568,244.68442,True,2026051200124,32,0.0,1.1942455e-05,1.20900195e-05,3.0909397e-11,1655.7091,0.19195916,2353.1697,0.23851934,False,-4330.3584,652.1089,False,False,True,16.311813,,1643.4377,1681,-3823.8506,3.884192,150.41754733478456,,0.757972029162649,,0.689271,,36.507065,,,0,False,,,,,,,,0,False,False,False,15695.114,27.65421,0.14764865,0.18900721,0.00495936,0.123872556,0.13983366,0.0034579232,False,False,False,False,0.22333725,0.7895785,False,False,61172.98235508449,,17,False,False,False,False,False,False,False,False,False,False,False,False,False,False,False,False,False,False,False,False,False,i
3,61178.98056354675,lsst,150.4175628990572,0.7579753357735323,314011777182990477,170419911434174628,0,314011777182990477,-4049.098,218.43764,0,0,0,11409.504,215.8304,True,2026051800053,118,0.0,7.215604e-06,1.06683265e-05,1.2615304e-11,638.9397,0.19450699,1945.6871,0.12684457,False,-4305.5396,633.59155,False,False,True,18.484415,,1702.9755,1681,-4122.6216,3.982538,150.41756230100196,,0.7579762695572967,,0.7213465,,-2.4555423,,,0,False,,,,,,,,0,False,False,False,15498.525,56.876816,0.14349562,0.10041245,-0.010984779,0.14159296,0.09119679,-0.01621058,False,False,False,False,0.0066341236,0.81448776,False,False,61178.982060421404,,17,False,False,False,False,False,False,False,False,False,False,False,False,False,False,False,False,False,False,False,False,False,i
3,61178.98119614627,lsst,150.41756733963538,0.7579800402640055,314011777182990477,170419911568392355,0,314011777182990477,-3727.459,218.8446,0,0,0,11584.514,215.25537,True,2026051800054,118,0.0,9.981396e-06,1.3137066e-05,1.0664689e-11,2150.861,0.23795016,2962.7314,0.17841053,False,-4803.8057,622.5797,False,False,True,17.173431,,1780.6885,1681,-3627.9673,2.8752081,150.4175613342136,,0.7579797125309051,,0.43321308,,43.2352,,,0,False,,,,,,,,0,False,False,False,15328.919,47.99283,0.17402948,0.1686079,0.0075672558,0.14517966,0.096612595,-0.016137874,False,False,False,False,0.4096838,0.78832227,False,False,61178.98271989096,,18,False,False,False,False,False,False,False,False,False,False,False,False,False,False,False,False,False,False,False,False,False,i
2,61179.99164476278,lsst,150.4175423279754,0.7579391890557787,314011777182990477,170424318720737404,0,314011777182990477,-1774.431,158.92712,0,0,0,5415.587,156.53864,True,2026051900122,78,0.0,1.6122354e-05,4.0029357e-05,-6.0908376e-11,3384.0115,0.72257596,429.15692,0.2887421,False,-2140.0332,444.60858,False,False,True,11.057275,,1661.0952,1681,-2023.7826,8.645605,150.41753945696726,,0.7579549914346156,,1.1498154,,-5.522665,,,0,False,,,,,,,,0,False,False,False,7212.016,68.56814,0.21349345,0.07395948,-0.007141027,0.15976737,0.12001718,-0.0050644786,False,False,False,False,0.0026296948,0.5096263,False,False,61179.993165344305,,18,False,False,False,False,False,False,False,False,False,False,False,False,False,False,False,False,False,False,False,False,False,r
2,61179.99211116067,lsst,150.4175428103522,0.7579718704025283,314011777182990477,170424318855479448,0,314011777182990477,-2168.503,155.27068,0,0,0,5114.845,152.70872,True,2026051900123,79,0.0,1.0628408e-05,1.296569e-05,-5.3549725e-12,934.97034,0.23411255,2623.9438,0.19092044,False,-1875.0748,425.37784,False,False,True,14.0128975,,1681.826,1681,-2086.3926,3.514817,150.41754695964852,,0.7579644063380832,,0.39774916,,20.60336,,,0,False,,,,,,,,0,False,False,False,7302.5835,68.80835,0.11534596,0.10698267,0.005403364,0.1611158,0.12585336,-0.01795563,False,False,False,False,0.16668168,0.57413715,False,False,61179.99362848063,,17,False,False,False,False,False,False,False,False,False,False,False,False,False,False,False,False,False,False,False,False,False,r
4,61179.999160388994,lsst,150.4175600520933,0.7579574687884675,314011777182990477,170424319769837716,0,314011777182990477,-6144.768,603.0017,0,0,0,17013.879,620.193,True,2026051900130,31,0.0,1.529601e-05,1.6618165e-05,-9.4750076e-11,129.71059,0.338522,2406.791,0.22648539,False,-6519.819,1888.8877,False,False,True,10.145236,,1680.3759,1681,-6172.9956,14.008848,150.41756111384694,,0.7579589249539539,,0.6212178,,-39.283356,,,0,False,,,,,,,,0,False,False,False,23432.504,209.61243,0.11866058,0.08321439,-0.00038701965,0.1538658,0.09756461,0.005956024,False,False,False,False,0.11528008,0.6921929,False,False,61180.000600024236,,14,False,False,False,False,False,False,False,False,False,False,False,False,False,False,False,False,False,False,False,False,False,z
4,61185.97991921424,lsst,150.41755066776255,0.7579803431442157,314011777182990477,170450706865586302,0,314011777182990477,-6514.693,761.4651,0,0,0,16540.748,779.74524,True,2026052500121,78,0.0,2.4819008e-05,1.9929039e-05,-7.909857e-12,3308.5588,0.35945448,3137.5217,0.4472246,False,-6067.713,2035.6796,False,False,True,8.316317,,1689.9053,1681,-6341.925,341.1742,150.4175502321612,,0.7579790236305601,,0.7509403,0.4083777,-81.394,33.216797,,0,False,,,,,,,,0,False,False,False,23324.72,46.717064,0.10814274,0.1586563,-0.006417967,0.15953621,0.15679355,-0.008927133,False,False,False,False,0.09267881,0.69211465,False,False,61185.981484861215,,16,False,False,False,False,False,False,False,False,False,False,False,False,False,False,False,False,False,False,False,False,False,z
3,61189.03585724314,lsst,150.41753263772316,0.7579649475512494,314011777182990477,170463893354709102,0,314011777182990477,-3997.229,399.30576,0,0,0,11458.86,403.7958,True,2026052800064,78,0.0,1.559667e-05,2.4832792e-05,-2.5001109e-11,1782.9683,0.4487624,58.82528,0.2799785,False,-3763.7754,1015.3303,False,False,True,9.905684,,1676.2395,1681,-4192.027,183.7224,150.41753446529873,,0.7579639303104021,,1.2922459,0.25896147,-18.058043,12.122206,,0,False,,,,,,,,0,False,False,False,15493.599,18.494213,0.2703101,0.108827196,-0.045416802,0.17645131,0.1571078,-0.016422033,False,False,False,False,0.07513563,0.66102844,False,False,61189.037267774096,,19,False,False,False,False,False,False,False,False,False,False,False,False,False,False,False,False,False,False,False,False,False,i
3,61189.03634353613,lsst,150.41755407594712,0.7579885535743895,314011777182990477,170463893489451146,0,314011777182990477,-4244.522,411.3804,0,0,0,11229.566,418.57248,True,2026052800065,79,0.0,2.1221334e-05,1.9542631e-05,8.407392e-12,1129.6448,0.35197052,2539.4626,0.38261104,False,-5052.2026,1000.73254,False,False,True,10.088472,,1635.625,1681,-4126.4497,249.76897,150.41755641688655,,0.7579882294079264,,0.9308202,0.39762345,66.10283,26.825104,,0,False,,,,,,,,0,False,False,False,15529.388,16.16624,0.16024323,0.23068592,0.023825197,0.20767336,0.16796319,-0.0113902185,False,False,False,False,0.007770769,0.61600924,False,False,61189.037851504574,,18,False,False,False,False,False,False,False,False,False,False,False,False,False,False,False,False,False,False,False,False,False,i
4,61190.04001816877,lsst,150.41755215819322,0.7579424581619476,314011777182990477,170468305134420204,0,314011777182990477,-6334.3633,584.3715,0,0,0,16198.208,594.3074,True,2026052900166,160,0.0,1.4207968e-05,1.4078161e-05,3.3540455e-11,1427.1847,0.23267913,3710.3357,0.27557757,False,-6488.4272,1914.1334,False,False,True,10.7341,,1696.3347,1681,-6369.086,266.69916,150.4175531437945,,0.7579439153955273,,0.7842457,0.20628583,-110.5874,17.244215,,0,False,,,,,,,,0,False,False,False,22539.766,131.06187,0.077228285,0.118764386,-0.022475291,0.108631685,0.096995436,0.0022871366,False,False,False,False,0.0056471056,0.73554665,False,False,61190.041476626364,,14,False,False,False,False,False,False,False,False,False,False,False,False,False,False,False,False,False,False,False,False,False,z
3,61190.973753421335,lsst,150.41752854186726,0.7579809985086388,314011777182990477,170472689043505240,0,314011777182990477,-4523.951,394.8933,0,0,0,10900.458,395.90942,True,2026053000061,75,0.0,2.098716e-05,1.6737555e-05,5.886652e-11,2143.0454,0.29133317,1171.223,0.38610026,False,-4330.5044,888.7935,False,False,True,11.296585,,1666.0278,1681,-4858.644,,150.4175235404119,,0.7579738178274976,,1.293449,,49.388195,,,0,False,,,,,,,,0,False,False,False,15546.141,14.221885,0.16614862,0.2857024,0.059740767,0.24310495,0.26249927,0.021868117,False,False,False,False,0.06910909,0.5279473,False,False,61190.975240841595,,23,False,False,False,False,False,False,False,False,False,False,False,False,False,False,False,False,False,False,False,False,False,i
3,61190.974228772626,lsst,150.41756864382296,0.7579683927694459,314011777182990477,170472689176674394,0,314011777182990477,-5077.7417,349.2458,0,0,0,10525.166,350.39636,True,2026053000062,73,0.0,1.3719476e-05,1.324011e-05,5.804736e-12,1209.3162,0.23716174,2977.0312,0.24844885,False,-4604.146,864.0807,False,False,True,14.326664,,1741.4553,1681,-5218.622,181.51436,150.41756810784918,,0.7579714401054323,,0.97265345,0.2504959,32.27435,16.556187,,0,False,,,,,,,,0,False,False,False,15635.629,22.098864,0.17379892,0.2015675,0.04610424,0.20094869,0.20493506,0.014536642,False,False,False,False,0.028320884,0.8075164,False,False,61190.97573051695,,20,False,False,False,False,False,False,False,False,False,False,False,False,False,False,False,False,False,False,False,False,False,i
3,61204.973389402636,lsst,150.4175561986201,0.757966047119513,314011777182990477,170534263001186448,0,314011777182990477,-4667.1636,335.97202,0,0,0,10847.213,341.08618,True,2026061300071,7,0.0,1.5215538e-05,1.2577664e-05,-2.5961127e-11,668.0741,0.2789411,1361.0399,0.22073726,False,-3924.551,937.24725,False,False,True,13.930057,,1690.524,1681,-4832.495,235.27342,150.41755405299654,,0.7579667066839145,,1.0298917,0.22772598,-46.744816,14.520597,,0,False,,,,,,,,0,False,False,False,15645.818,21.322031,0.20944792,0.14359418,0.03980529,0.12831208,0.12932286,0.007794729,False,False,False,False,0.35766524,0.79800296,False,False,61204.97489437222,,16,False,False,False,False,False,False,False,False,False,False,False,False,False,False,False,False,False,False,False,False,False,i
3,61204.97390668833,lsst,150.4175677209021,0.7579591295177246,314011777182990477,170534263133831292,0,314011777182990477,-4690.1216,337.63925,0,0,0,10634.625,338.50467,True,2026061300072,4,0.0,1.0139754e-05,1.1528303e-05,8.636748e-12,1905.1544,0.18065763,402.42776,0.20979503,False,-5070.589,979.3637,False,False,True,13.725808,,1762.6044,1681,-4436.445,160.1193,150.41756822034498,,0.7579595593550195,,0.5941863,0.2466402,-158.2323,25.303888,,0,False,,,,,,,,0,False,False,False,15378.451,27.081848,0.083563566,0.11486493,-0.0043790317,0.12455218,0.11977932,0.015613562,False,False,False,False,0.10252682,0.76244366,False,False,61204.975385580896,,16,False,False,False,False,False,False,False,False,False,False,False,False,False,False,False,False,False,False,False,False,False,i
4,61060.29999720072,lsst,150.41751238004156,0.75794041953641,314011777182990477,314011777182990477,0,314011777182990477,-3798.8557,341.7864,0,0,0,17918.879,328.9225,True,2026011900390,73,0.0,1.8423154e-05,1.4693829e-05,4.252483e-11,3962.873,0.25659284,22.112297,0.33814034,False,-4390.31,837.28986,False,False,True,11.0055065,,1743.0531,1681,-4076.0642,21.14887,150.41751753554314,,0.7579439986935533,,1.2407367,,51.75966,,,0,False,,,,,,,,0,False,False,False,21830.406,49.248768,0.13176593,0.249702,0.05284255,0.1437447,0.17878003,0.008567899,False,False,False,False,0.12617648,0.48634383,False,False,61081.877734655915,,20,False,False,False,False,False,False,False,False,False,False,False,False,False,False,False,False,False,False,False,False,False,z
